[2024-09-26T00:00:25.742+0000] {processor.py:186} INFO - Started process (PID=130233) to work on /opt/airflow/dags/create_dag_with_taskflow.py
[2024-09-26T00:00:25.744+0000] {processor.py:914} INFO - Processing file /opt/airflow/dags/create_dag_with_taskflow.py for tasks to queue
[2024-09-26T00:00:25.747+0000] {logging_mixin.py:190} INFO - [2024-09-26T00:00:25.746+0000] {dagbag.py:587} INFO - Filling up the DagBag from /opt/airflow/dags/create_dag_with_taskflow.py
[2024-09-26T00:00:25.853+0000] {processor.py:925} INFO - DAG(s) 'dag_with_taskflow_api_v02' retrieved from /opt/airflow/dags/create_dag_with_taskflow.py
[2024-09-26T00:00:25.880+0000] {logging_mixin.py:190} INFO - [2024-09-26T00:00:25.879+0000] {dag.py:3229} INFO - Sync 1 DAGs
[2024-09-26T00:00:25.900+0000] {logging_mixin.py:190} INFO - [2024-09-26T00:00:25.899+0000] {dag.py:4156} INFO - Setting next_dagrun for dag_with_taskflow_api_v02 to 2024-09-22 00:00:00+00:00, run_after=2024-09-23 00:00:00+00:00
[2024-09-26T00:00:25.925+0000] {processor.py:208} INFO - Processing /opt/airflow/dags/create_dag_with_taskflow.py took 0.191 seconds
[2024-09-26T00:00:56.227+0000] {processor.py:186} INFO - Started process (PID=130276) to work on /opt/airflow/dags/create_dag_with_taskflow.py
[2024-09-26T00:00:56.230+0000] {processor.py:914} INFO - Processing file /opt/airflow/dags/create_dag_with_taskflow.py for tasks to queue
[2024-09-26T00:00:56.233+0000] {logging_mixin.py:190} INFO - [2024-09-26T00:00:56.233+0000] {dagbag.py:587} INFO - Filling up the DagBag from /opt/airflow/dags/create_dag_with_taskflow.py
[2024-09-26T00:00:56.343+0000] {processor.py:925} INFO - DAG(s) 'dag_with_taskflow_api_v02' retrieved from /opt/airflow/dags/create_dag_with_taskflow.py
[2024-09-26T00:00:56.376+0000] {logging_mixin.py:190} INFO - [2024-09-26T00:00:56.376+0000] {dag.py:3229} INFO - Sync 1 DAGs
[2024-09-26T00:00:56.401+0000] {logging_mixin.py:190} INFO - [2024-09-26T00:00:56.401+0000] {dag.py:4156} INFO - Setting next_dagrun for dag_with_taskflow_api_v02 to 2024-09-22 00:00:00+00:00, run_after=2024-09-23 00:00:00+00:00
[2024-09-26T00:00:56.429+0000] {processor.py:208} INFO - Processing /opt/airflow/dags/create_dag_with_taskflow.py took 0.217 seconds
[2024-09-26T00:01:26.855+0000] {processor.py:186} INFO - Started process (PID=130319) to work on /opt/airflow/dags/create_dag_with_taskflow.py
[2024-09-26T00:01:26.857+0000] {processor.py:914} INFO - Processing file /opt/airflow/dags/create_dag_with_taskflow.py for tasks to queue
[2024-09-26T00:01:26.859+0000] {logging_mixin.py:190} INFO - [2024-09-26T00:01:26.859+0000] {dagbag.py:587} INFO - Filling up the DagBag from /opt/airflow/dags/create_dag_with_taskflow.py
[2024-09-26T00:01:26.943+0000] {processor.py:925} INFO - DAG(s) 'dag_with_taskflow_api_v02' retrieved from /opt/airflow/dags/create_dag_with_taskflow.py
[2024-09-26T00:01:26.971+0000] {logging_mixin.py:190} INFO - [2024-09-26T00:01:26.970+0000] {dag.py:3229} INFO - Sync 1 DAGs
[2024-09-26T00:01:26.996+0000] {logging_mixin.py:190} INFO - [2024-09-26T00:01:26.996+0000] {dag.py:4156} INFO - Setting next_dagrun for dag_with_taskflow_api_v02 to 2024-09-22 00:00:00+00:00, run_after=2024-09-23 00:00:00+00:00
[2024-09-26T00:01:27.024+0000] {processor.py:208} INFO - Processing /opt/airflow/dags/create_dag_with_taskflow.py took 0.174 seconds
[2024-09-26T00:01:57.576+0000] {processor.py:186} INFO - Started process (PID=130362) to work on /opt/airflow/dags/create_dag_with_taskflow.py
[2024-09-26T00:01:57.577+0000] {processor.py:914} INFO - Processing file /opt/airflow/dags/create_dag_with_taskflow.py for tasks to queue
[2024-09-26T00:01:57.579+0000] {logging_mixin.py:190} INFO - [2024-09-26T00:01:57.579+0000] {dagbag.py:587} INFO - Filling up the DagBag from /opt/airflow/dags/create_dag_with_taskflow.py
[2024-09-26T00:01:57.698+0000] {processor.py:925} INFO - DAG(s) 'dag_with_taskflow_api_v02' retrieved from /opt/airflow/dags/create_dag_with_taskflow.py
[2024-09-26T00:01:57.723+0000] {logging_mixin.py:190} INFO - [2024-09-26T00:01:57.723+0000] {dag.py:3229} INFO - Sync 1 DAGs
[2024-09-26T00:01:57.745+0000] {logging_mixin.py:190} INFO - [2024-09-26T00:01:57.745+0000] {dag.py:4156} INFO - Setting next_dagrun for dag_with_taskflow_api_v02 to 2024-09-22 00:00:00+00:00, run_after=2024-09-23 00:00:00+00:00
[2024-09-26T00:01:57.773+0000] {processor.py:208} INFO - Processing /opt/airflow/dags/create_dag_with_taskflow.py took 0.203 seconds
[2024-09-26T00:02:28.188+0000] {processor.py:186} INFO - Started process (PID=130405) to work on /opt/airflow/dags/create_dag_with_taskflow.py
[2024-09-26T00:02:28.191+0000] {processor.py:914} INFO - Processing file /opt/airflow/dags/create_dag_with_taskflow.py for tasks to queue
[2024-09-26T00:02:28.193+0000] {logging_mixin.py:190} INFO - [2024-09-26T00:02:28.193+0000] {dagbag.py:587} INFO - Filling up the DagBag from /opt/airflow/dags/create_dag_with_taskflow.py
[2024-09-26T00:02:28.325+0000] {processor.py:925} INFO - DAG(s) 'dag_with_taskflow_api_v02' retrieved from /opt/airflow/dags/create_dag_with_taskflow.py
[2024-09-26T00:02:28.369+0000] {logging_mixin.py:190} INFO - [2024-09-26T00:02:28.369+0000] {dag.py:3229} INFO - Sync 1 DAGs
[2024-09-26T00:02:28.391+0000] {logging_mixin.py:190} INFO - [2024-09-26T00:02:28.391+0000] {dag.py:4156} INFO - Setting next_dagrun for dag_with_taskflow_api_v02 to 2024-09-22 00:00:00+00:00, run_after=2024-09-23 00:00:00+00:00
[2024-09-26T00:02:28.418+0000] {processor.py:208} INFO - Processing /opt/airflow/dags/create_dag_with_taskflow.py took 0.239 seconds
[2024-09-26T00:02:59.051+0000] {processor.py:186} INFO - Started process (PID=130448) to work on /opt/airflow/dags/create_dag_with_taskflow.py
[2024-09-26T00:02:59.053+0000] {processor.py:914} INFO - Processing file /opt/airflow/dags/create_dag_with_taskflow.py for tasks to queue
[2024-09-26T00:02:59.055+0000] {logging_mixin.py:190} INFO - [2024-09-26T00:02:59.055+0000] {dagbag.py:587} INFO - Filling up the DagBag from /opt/airflow/dags/create_dag_with_taskflow.py
[2024-09-26T00:02:59.170+0000] {processor.py:925} INFO - DAG(s) 'dag_with_taskflow_api_v02' retrieved from /opt/airflow/dags/create_dag_with_taskflow.py
[2024-09-26T00:02:59.195+0000] {logging_mixin.py:190} INFO - [2024-09-26T00:02:59.194+0000] {dag.py:3229} INFO - Sync 1 DAGs
[2024-09-26T00:02:59.216+0000] {logging_mixin.py:190} INFO - [2024-09-26T00:02:59.216+0000] {dag.py:4156} INFO - Setting next_dagrun for dag_with_taskflow_api_v02 to 2024-09-22 00:00:00+00:00, run_after=2024-09-23 00:00:00+00:00
[2024-09-26T00:02:59.243+0000] {processor.py:208} INFO - Processing /opt/airflow/dags/create_dag_with_taskflow.py took 0.197 seconds
[2024-09-26T00:03:29.764+0000] {processor.py:186} INFO - Started process (PID=130491) to work on /opt/airflow/dags/create_dag_with_taskflow.py
[2024-09-26T00:03:29.766+0000] {processor.py:914} INFO - Processing file /opt/airflow/dags/create_dag_with_taskflow.py for tasks to queue
[2024-09-26T00:03:29.769+0000] {logging_mixin.py:190} INFO - [2024-09-26T00:03:29.769+0000] {dagbag.py:587} INFO - Filling up the DagBag from /opt/airflow/dags/create_dag_with_taskflow.py
[2024-09-26T00:03:29.853+0000] {processor.py:925} INFO - DAG(s) 'dag_with_taskflow_api_v02' retrieved from /opt/airflow/dags/create_dag_with_taskflow.py
[2024-09-26T00:03:29.881+0000] {logging_mixin.py:190} INFO - [2024-09-26T00:03:29.880+0000] {dag.py:3229} INFO - Sync 1 DAGs
[2024-09-26T00:03:29.903+0000] {logging_mixin.py:190} INFO - [2024-09-26T00:03:29.903+0000] {dag.py:4156} INFO - Setting next_dagrun for dag_with_taskflow_api_v02 to 2024-09-22 00:00:00+00:00, run_after=2024-09-23 00:00:00+00:00
[2024-09-26T00:03:29.927+0000] {processor.py:208} INFO - Processing /opt/airflow/dags/create_dag_with_taskflow.py took 0.169 seconds
[2024-09-26T00:04:00.552+0000] {processor.py:186} INFO - Started process (PID=130534) to work on /opt/airflow/dags/create_dag_with_taskflow.py
[2024-09-26T00:04:00.553+0000] {processor.py:914} INFO - Processing file /opt/airflow/dags/create_dag_with_taskflow.py for tasks to queue
[2024-09-26T00:04:00.556+0000] {logging_mixin.py:190} INFO - [2024-09-26T00:04:00.555+0000] {dagbag.py:587} INFO - Filling up the DagBag from /opt/airflow/dags/create_dag_with_taskflow.py
[2024-09-26T00:04:00.675+0000] {processor.py:925} INFO - DAG(s) 'dag_with_taskflow_api_v02' retrieved from /opt/airflow/dags/create_dag_with_taskflow.py
[2024-09-26T00:04:00.706+0000] {logging_mixin.py:190} INFO - [2024-09-26T00:04:00.706+0000] {dag.py:3229} INFO - Sync 1 DAGs
[2024-09-26T00:04:00.730+0000] {logging_mixin.py:190} INFO - [2024-09-26T00:04:00.730+0000] {dag.py:4156} INFO - Setting next_dagrun for dag_with_taskflow_api_v02 to 2024-09-22 00:00:00+00:00, run_after=2024-09-23 00:00:00+00:00
[2024-09-26T00:04:00.765+0000] {processor.py:208} INFO - Processing /opt/airflow/dags/create_dag_with_taskflow.py took 0.224 seconds
[2024-09-26T00:04:31.204+0000] {processor.py:186} INFO - Started process (PID=130577) to work on /opt/airflow/dags/create_dag_with_taskflow.py
[2024-09-26T00:04:31.207+0000] {processor.py:914} INFO - Processing file /opt/airflow/dags/create_dag_with_taskflow.py for tasks to queue
[2024-09-26T00:04:31.213+0000] {logging_mixin.py:190} INFO - [2024-09-26T00:04:31.211+0000] {dagbag.py:587} INFO - Filling up the DagBag from /opt/airflow/dags/create_dag_with_taskflow.py
[2024-09-26T00:04:31.369+0000] {processor.py:925} INFO - DAG(s) 'dag_with_taskflow_api_v02' retrieved from /opt/airflow/dags/create_dag_with_taskflow.py
[2024-09-26T00:04:31.445+0000] {logging_mixin.py:190} INFO - [2024-09-26T00:04:31.444+0000] {dag.py:3229} INFO - Sync 1 DAGs
[2024-09-26T00:04:31.495+0000] {logging_mixin.py:190} INFO - [2024-09-26T00:04:31.495+0000] {dag.py:4156} INFO - Setting next_dagrun for dag_with_taskflow_api_v02 to 2024-09-22 00:00:00+00:00, run_after=2024-09-23 00:00:00+00:00
[2024-09-26T00:04:31.538+0000] {processor.py:208} INFO - Processing /opt/airflow/dags/create_dag_with_taskflow.py took 0.350 seconds
[2024-09-26T00:05:02.420+0000] {processor.py:186} INFO - Started process (PID=130620) to work on /opt/airflow/dags/create_dag_with_taskflow.py
[2024-09-26T00:05:02.421+0000] {processor.py:914} INFO - Processing file /opt/airflow/dags/create_dag_with_taskflow.py for tasks to queue
[2024-09-26T00:05:02.424+0000] {logging_mixin.py:190} INFO - [2024-09-26T00:05:02.423+0000] {dagbag.py:587} INFO - Filling up the DagBag from /opt/airflow/dags/create_dag_with_taskflow.py
[2024-09-26T00:05:02.506+0000] {processor.py:925} INFO - DAG(s) 'dag_with_taskflow_api_v02' retrieved from /opt/airflow/dags/create_dag_with_taskflow.py
[2024-09-26T00:05:02.533+0000] {logging_mixin.py:190} INFO - [2024-09-26T00:05:02.532+0000] {dag.py:3229} INFO - Sync 1 DAGs
[2024-09-26T00:05:02.560+0000] {logging_mixin.py:190} INFO - [2024-09-26T00:05:02.560+0000] {dag.py:4156} INFO - Setting next_dagrun for dag_with_taskflow_api_v02 to 2024-09-22 00:00:00+00:00, run_after=2024-09-23 00:00:00+00:00
[2024-09-26T00:05:02.588+0000] {processor.py:208} INFO - Processing /opt/airflow/dags/create_dag_with_taskflow.py took 0.174 seconds
[2024-09-26T00:05:33.269+0000] {processor.py:186} INFO - Started process (PID=130663) to work on /opt/airflow/dags/create_dag_with_taskflow.py
[2024-09-26T00:05:33.272+0000] {processor.py:914} INFO - Processing file /opt/airflow/dags/create_dag_with_taskflow.py for tasks to queue
[2024-09-26T00:05:33.274+0000] {logging_mixin.py:190} INFO - [2024-09-26T00:05:33.274+0000] {dagbag.py:587} INFO - Filling up the DagBag from /opt/airflow/dags/create_dag_with_taskflow.py
[2024-09-26T00:05:33.376+0000] {processor.py:925} INFO - DAG(s) 'dag_with_taskflow_api_v02' retrieved from /opt/airflow/dags/create_dag_with_taskflow.py
[2024-09-26T00:05:33.406+0000] {logging_mixin.py:190} INFO - [2024-09-26T00:05:33.405+0000] {dag.py:3229} INFO - Sync 1 DAGs
[2024-09-26T00:05:33.431+0000] {logging_mixin.py:190} INFO - [2024-09-26T00:05:33.430+0000] {dag.py:4156} INFO - Setting next_dagrun for dag_with_taskflow_api_v02 to 2024-09-22 00:00:00+00:00, run_after=2024-09-23 00:00:00+00:00
[2024-09-26T00:05:33.454+0000] {processor.py:208} INFO - Processing /opt/airflow/dags/create_dag_with_taskflow.py took 0.201 seconds
[2024-09-26T00:06:03.866+0000] {processor.py:186} INFO - Started process (PID=130706) to work on /opt/airflow/dags/create_dag_with_taskflow.py
[2024-09-26T00:06:03.868+0000] {processor.py:914} INFO - Processing file /opt/airflow/dags/create_dag_with_taskflow.py for tasks to queue
[2024-09-26T00:06:03.870+0000] {logging_mixin.py:190} INFO - [2024-09-26T00:06:03.869+0000] {dagbag.py:587} INFO - Filling up the DagBag from /opt/airflow/dags/create_dag_with_taskflow.py
[2024-09-26T00:06:03.979+0000] {processor.py:925} INFO - DAG(s) 'dag_with_taskflow_api_v02' retrieved from /opt/airflow/dags/create_dag_with_taskflow.py
[2024-09-26T00:06:04.009+0000] {logging_mixin.py:190} INFO - [2024-09-26T00:06:04.009+0000] {dag.py:3229} INFO - Sync 1 DAGs
[2024-09-26T00:06:04.033+0000] {logging_mixin.py:190} INFO - [2024-09-26T00:06:04.032+0000] {dag.py:4156} INFO - Setting next_dagrun for dag_with_taskflow_api_v02 to 2024-09-22 00:00:00+00:00, run_after=2024-09-23 00:00:00+00:00
[2024-09-26T00:06:04.062+0000] {processor.py:208} INFO - Processing /opt/airflow/dags/create_dag_with_taskflow.py took 0.205 seconds
[2024-09-26T00:06:34.478+0000] {processor.py:186} INFO - Started process (PID=130749) to work on /opt/airflow/dags/create_dag_with_taskflow.py
[2024-09-26T00:06:34.480+0000] {processor.py:914} INFO - Processing file /opt/airflow/dags/create_dag_with_taskflow.py for tasks to queue
[2024-09-26T00:06:34.483+0000] {logging_mixin.py:190} INFO - [2024-09-26T00:06:34.483+0000] {dagbag.py:587} INFO - Filling up the DagBag from /opt/airflow/dags/create_dag_with_taskflow.py
[2024-09-26T00:06:34.585+0000] {processor.py:925} INFO - DAG(s) 'dag_with_taskflow_api_v02' retrieved from /opt/airflow/dags/create_dag_with_taskflow.py
[2024-09-26T00:06:34.610+0000] {logging_mixin.py:190} INFO - [2024-09-26T00:06:34.609+0000] {dag.py:3229} INFO - Sync 1 DAGs
[2024-09-26T00:06:34.630+0000] {logging_mixin.py:190} INFO - [2024-09-26T00:06:34.630+0000] {dag.py:4156} INFO - Setting next_dagrun for dag_with_taskflow_api_v02 to 2024-09-22 00:00:00+00:00, run_after=2024-09-23 00:00:00+00:00
[2024-09-26T00:06:34.659+0000] {processor.py:208} INFO - Processing /opt/airflow/dags/create_dag_with_taskflow.py took 0.194 seconds
[2024-09-26T00:07:05.207+0000] {processor.py:186} INFO - Started process (PID=130792) to work on /opt/airflow/dags/create_dag_with_taskflow.py
[2024-09-26T00:07:05.208+0000] {processor.py:914} INFO - Processing file /opt/airflow/dags/create_dag_with_taskflow.py for tasks to queue
[2024-09-26T00:07:05.212+0000] {logging_mixin.py:190} INFO - [2024-09-26T00:07:05.212+0000] {dagbag.py:587} INFO - Filling up the DagBag from /opt/airflow/dags/create_dag_with_taskflow.py
[2024-09-26T00:07:05.323+0000] {processor.py:925} INFO - DAG(s) 'dag_with_taskflow_api_v02' retrieved from /opt/airflow/dags/create_dag_with_taskflow.py
[2024-09-26T00:07:05.375+0000] {logging_mixin.py:190} INFO - [2024-09-26T00:07:05.375+0000] {dag.py:3229} INFO - Sync 1 DAGs
[2024-09-26T00:07:05.405+0000] {logging_mixin.py:190} INFO - [2024-09-26T00:07:05.404+0000] {dag.py:4156} INFO - Setting next_dagrun for dag_with_taskflow_api_v02 to 2024-09-22 00:00:00+00:00, run_after=2024-09-23 00:00:00+00:00
[2024-09-26T00:07:05.435+0000] {processor.py:208} INFO - Processing /opt/airflow/dags/create_dag_with_taskflow.py took 0.236 seconds
[2024-09-26T00:07:35.927+0000] {processor.py:186} INFO - Started process (PID=130835) to work on /opt/airflow/dags/create_dag_with_taskflow.py
[2024-09-26T00:07:35.930+0000] {processor.py:914} INFO - Processing file /opt/airflow/dags/create_dag_with_taskflow.py for tasks to queue
[2024-09-26T00:07:35.933+0000] {logging_mixin.py:190} INFO - [2024-09-26T00:07:35.933+0000] {dagbag.py:587} INFO - Filling up the DagBag from /opt/airflow/dags/create_dag_with_taskflow.py
[2024-09-26T00:07:36.066+0000] {processor.py:925} INFO - DAG(s) 'dag_with_taskflow_api_v02' retrieved from /opt/airflow/dags/create_dag_with_taskflow.py
[2024-09-26T00:07:36.100+0000] {logging_mixin.py:190} INFO - [2024-09-26T00:07:36.099+0000] {dag.py:3229} INFO - Sync 1 DAGs
[2024-09-26T00:07:36.124+0000] {logging_mixin.py:190} INFO - [2024-09-26T00:07:36.124+0000] {dag.py:4156} INFO - Setting next_dagrun for dag_with_taskflow_api_v02 to 2024-09-22 00:00:00+00:00, run_after=2024-09-23 00:00:00+00:00
[2024-09-26T00:07:36.159+0000] {processor.py:208} INFO - Processing /opt/airflow/dags/create_dag_with_taskflow.py took 0.239 seconds
[2024-09-26T00:08:06.563+0000] {processor.py:186} INFO - Started process (PID=130878) to work on /opt/airflow/dags/create_dag_with_taskflow.py
[2024-09-26T00:08:06.564+0000] {processor.py:914} INFO - Processing file /opt/airflow/dags/create_dag_with_taskflow.py for tasks to queue
[2024-09-26T00:08:06.567+0000] {logging_mixin.py:190} INFO - [2024-09-26T00:08:06.566+0000] {dagbag.py:587} INFO - Filling up the DagBag from /opt/airflow/dags/create_dag_with_taskflow.py
[2024-09-26T00:08:06.642+0000] {processor.py:925} INFO - DAG(s) 'dag_with_taskflow_api_v02' retrieved from /opt/airflow/dags/create_dag_with_taskflow.py
[2024-09-26T00:08:06.666+0000] {logging_mixin.py:190} INFO - [2024-09-26T00:08:06.666+0000] {dag.py:3229} INFO - Sync 1 DAGs
[2024-09-26T00:08:06.691+0000] {logging_mixin.py:190} INFO - [2024-09-26T00:08:06.690+0000] {dag.py:4156} INFO - Setting next_dagrun for dag_with_taskflow_api_v02 to 2024-09-22 00:00:00+00:00, run_after=2024-09-23 00:00:00+00:00
[2024-09-26T00:08:06.714+0000] {processor.py:208} INFO - Processing /opt/airflow/dags/create_dag_with_taskflow.py took 0.157 seconds
[2024-09-26T00:08:37.043+0000] {processor.py:186} INFO - Started process (PID=130921) to work on /opt/airflow/dags/create_dag_with_taskflow.py
[2024-09-26T00:08:37.045+0000] {processor.py:914} INFO - Processing file /opt/airflow/dags/create_dag_with_taskflow.py for tasks to queue
[2024-09-26T00:08:37.047+0000] {logging_mixin.py:190} INFO - [2024-09-26T00:08:37.047+0000] {dagbag.py:587} INFO - Filling up the DagBag from /opt/airflow/dags/create_dag_with_taskflow.py
[2024-09-26T00:08:37.144+0000] {processor.py:925} INFO - DAG(s) 'dag_with_taskflow_api_v02' retrieved from /opt/airflow/dags/create_dag_with_taskflow.py
[2024-09-26T00:08:37.169+0000] {logging_mixin.py:190} INFO - [2024-09-26T00:08:37.168+0000] {dag.py:3229} INFO - Sync 1 DAGs
[2024-09-26T00:08:37.195+0000] {logging_mixin.py:190} INFO - [2024-09-26T00:08:37.194+0000] {dag.py:4156} INFO - Setting next_dagrun for dag_with_taskflow_api_v02 to 2024-09-22 00:00:00+00:00, run_after=2024-09-23 00:00:00+00:00
[2024-09-26T00:08:37.223+0000] {processor.py:208} INFO - Processing /opt/airflow/dags/create_dag_with_taskflow.py took 0.186 seconds
[2024-09-26T00:09:07.656+0000] {processor.py:186} INFO - Started process (PID=130964) to work on /opt/airflow/dags/create_dag_with_taskflow.py
[2024-09-26T00:09:07.659+0000] {processor.py:914} INFO - Processing file /opt/airflow/dags/create_dag_with_taskflow.py for tasks to queue
[2024-09-26T00:09:07.662+0000] {logging_mixin.py:190} INFO - [2024-09-26T00:09:07.661+0000] {dagbag.py:587} INFO - Filling up the DagBag from /opt/airflow/dags/create_dag_with_taskflow.py
[2024-09-26T00:09:07.774+0000] {processor.py:925} INFO - DAG(s) 'dag_with_taskflow_api_v02' retrieved from /opt/airflow/dags/create_dag_with_taskflow.py
[2024-09-26T00:09:07.796+0000] {logging_mixin.py:190} INFO - [2024-09-26T00:09:07.796+0000] {dag.py:3229} INFO - Sync 1 DAGs
[2024-09-26T00:09:07.818+0000] {logging_mixin.py:190} INFO - [2024-09-26T00:09:07.818+0000] {dag.py:4156} INFO - Setting next_dagrun for dag_with_taskflow_api_v02 to 2024-09-22 00:00:00+00:00, run_after=2024-09-23 00:00:00+00:00
[2024-09-26T00:09:07.852+0000] {processor.py:208} INFO - Processing /opt/airflow/dags/create_dag_with_taskflow.py took 0.206 seconds
[2024-09-26T00:09:38.333+0000] {processor.py:186} INFO - Started process (PID=131007) to work on /opt/airflow/dags/create_dag_with_taskflow.py
[2024-09-26T00:09:38.334+0000] {processor.py:914} INFO - Processing file /opt/airflow/dags/create_dag_with_taskflow.py for tasks to queue
[2024-09-26T00:09:38.336+0000] {logging_mixin.py:190} INFO - [2024-09-26T00:09:38.335+0000] {dagbag.py:587} INFO - Filling up the DagBag from /opt/airflow/dags/create_dag_with_taskflow.py
[2024-09-26T00:09:38.412+0000] {processor.py:925} INFO - DAG(s) 'dag_with_taskflow_api_v02' retrieved from /opt/airflow/dags/create_dag_with_taskflow.py
[2024-09-26T00:09:38.436+0000] {logging_mixin.py:190} INFO - [2024-09-26T00:09:38.436+0000] {dag.py:3229} INFO - Sync 1 DAGs
[2024-09-26T00:09:38.459+0000] {logging_mixin.py:190} INFO - [2024-09-26T00:09:38.459+0000] {dag.py:4156} INFO - Setting next_dagrun for dag_with_taskflow_api_v02 to 2024-09-22 00:00:00+00:00, run_after=2024-09-23 00:00:00+00:00
[2024-09-26T00:09:38.485+0000] {processor.py:208} INFO - Processing /opt/airflow/dags/create_dag_with_taskflow.py took 0.159 seconds
[2024-09-26T00:10:09.010+0000] {processor.py:186} INFO - Started process (PID=131050) to work on /opt/airflow/dags/create_dag_with_taskflow.py
[2024-09-26T00:10:09.013+0000] {processor.py:914} INFO - Processing file /opt/airflow/dags/create_dag_with_taskflow.py for tasks to queue
[2024-09-26T00:10:09.016+0000] {logging_mixin.py:190} INFO - [2024-09-26T00:10:09.015+0000] {dagbag.py:587} INFO - Filling up the DagBag from /opt/airflow/dags/create_dag_with_taskflow.py
[2024-09-26T00:10:09.149+0000] {processor.py:925} INFO - DAG(s) 'dag_with_taskflow_api_v02' retrieved from /opt/airflow/dags/create_dag_with_taskflow.py
[2024-09-26T00:10:09.181+0000] {logging_mixin.py:190} INFO - [2024-09-26T00:10:09.180+0000] {dag.py:3229} INFO - Sync 1 DAGs
[2024-09-26T00:10:09.203+0000] {logging_mixin.py:190} INFO - [2024-09-26T00:10:09.203+0000] {dag.py:4156} INFO - Setting next_dagrun for dag_with_taskflow_api_v02 to 2024-09-22 00:00:00+00:00, run_after=2024-09-23 00:00:00+00:00
[2024-09-26T00:10:09.236+0000] {processor.py:208} INFO - Processing /opt/airflow/dags/create_dag_with_taskflow.py took 0.236 seconds
[2024-09-26T00:10:39.545+0000] {processor.py:186} INFO - Started process (PID=131093) to work on /opt/airflow/dags/create_dag_with_taskflow.py
[2024-09-26T00:10:39.548+0000] {processor.py:914} INFO - Processing file /opt/airflow/dags/create_dag_with_taskflow.py for tasks to queue
[2024-09-26T00:10:39.553+0000] {logging_mixin.py:190} INFO - [2024-09-26T00:10:39.552+0000] {dagbag.py:587} INFO - Filling up the DagBag from /opt/airflow/dags/create_dag_with_taskflow.py
[2024-09-26T00:10:39.705+0000] {processor.py:925} INFO - DAG(s) 'dag_with_taskflow_api_v02' retrieved from /opt/airflow/dags/create_dag_with_taskflow.py
[2024-09-26T00:10:39.767+0000] {logging_mixin.py:190} INFO - [2024-09-26T00:10:39.767+0000] {dag.py:3229} INFO - Sync 1 DAGs
[2024-09-26T00:10:39.816+0000] {logging_mixin.py:190} INFO - [2024-09-26T00:10:39.816+0000] {dag.py:4156} INFO - Setting next_dagrun for dag_with_taskflow_api_v02 to 2024-09-22 00:00:00+00:00, run_after=2024-09-23 00:00:00+00:00
[2024-09-26T00:10:39.874+0000] {processor.py:208} INFO - Processing /opt/airflow/dags/create_dag_with_taskflow.py took 0.346 seconds
[2024-09-26T00:11:10.232+0000] {processor.py:186} INFO - Started process (PID=131136) to work on /opt/airflow/dags/create_dag_with_taskflow.py
[2024-09-26T00:11:10.235+0000] {processor.py:914} INFO - Processing file /opt/airflow/dags/create_dag_with_taskflow.py for tasks to queue
[2024-09-26T00:11:10.238+0000] {logging_mixin.py:190} INFO - [2024-09-26T00:11:10.237+0000] {dagbag.py:587} INFO - Filling up the DagBag from /opt/airflow/dags/create_dag_with_taskflow.py
[2024-09-26T00:11:10.361+0000] {processor.py:925} INFO - DAG(s) 'dag_with_taskflow_api_v02' retrieved from /opt/airflow/dags/create_dag_with_taskflow.py
[2024-09-26T00:11:10.385+0000] {logging_mixin.py:190} INFO - [2024-09-26T00:11:10.385+0000] {dag.py:3229} INFO - Sync 1 DAGs
[2024-09-26T00:11:10.406+0000] {logging_mixin.py:190} INFO - [2024-09-26T00:11:10.406+0000] {dag.py:4156} INFO - Setting next_dagrun for dag_with_taskflow_api_v02 to 2024-09-22 00:00:00+00:00, run_after=2024-09-23 00:00:00+00:00
[2024-09-26T00:11:10.441+0000] {processor.py:208} INFO - Processing /opt/airflow/dags/create_dag_with_taskflow.py took 0.220 seconds
[2024-09-26T00:11:40.675+0000] {processor.py:186} INFO - Started process (PID=131179) to work on /opt/airflow/dags/create_dag_with_taskflow.py
[2024-09-26T00:11:40.677+0000] {processor.py:914} INFO - Processing file /opt/airflow/dags/create_dag_with_taskflow.py for tasks to queue
[2024-09-26T00:11:40.680+0000] {logging_mixin.py:190} INFO - [2024-09-26T00:11:40.680+0000] {dagbag.py:587} INFO - Filling up the DagBag from /opt/airflow/dags/create_dag_with_taskflow.py
[2024-09-26T00:11:40.787+0000] {processor.py:925} INFO - DAG(s) 'dag_with_taskflow_api_v02' retrieved from /opt/airflow/dags/create_dag_with_taskflow.py
[2024-09-26T00:11:40.827+0000] {logging_mixin.py:190} INFO - [2024-09-26T00:11:40.827+0000] {dag.py:3229} INFO - Sync 1 DAGs
[2024-09-26T00:11:40.863+0000] {logging_mixin.py:190} INFO - [2024-09-26T00:11:40.862+0000] {dag.py:4156} INFO - Setting next_dagrun for dag_with_taskflow_api_v02 to 2024-09-22 00:00:00+00:00, run_after=2024-09-23 00:00:00+00:00
[2024-09-26T00:11:40.903+0000] {processor.py:208} INFO - Processing /opt/airflow/dags/create_dag_with_taskflow.py took 0.235 seconds
[2024-09-26T00:12:11.394+0000] {processor.py:186} INFO - Started process (PID=131222) to work on /opt/airflow/dags/create_dag_with_taskflow.py
[2024-09-26T00:12:11.396+0000] {processor.py:914} INFO - Processing file /opt/airflow/dags/create_dag_with_taskflow.py for tasks to queue
[2024-09-26T00:12:11.398+0000] {logging_mixin.py:190} INFO - [2024-09-26T00:12:11.398+0000] {dagbag.py:587} INFO - Filling up the DagBag from /opt/airflow/dags/create_dag_with_taskflow.py
[2024-09-26T00:12:11.517+0000] {processor.py:925} INFO - DAG(s) 'dag_with_taskflow_api_v02' retrieved from /opt/airflow/dags/create_dag_with_taskflow.py
[2024-09-26T00:12:11.547+0000] {logging_mixin.py:190} INFO - [2024-09-26T00:12:11.546+0000] {dag.py:3229} INFO - Sync 1 DAGs
[2024-09-26T00:12:11.567+0000] {logging_mixin.py:190} INFO - [2024-09-26T00:12:11.567+0000] {dag.py:4156} INFO - Setting next_dagrun for dag_with_taskflow_api_v02 to 2024-09-22 00:00:00+00:00, run_after=2024-09-23 00:00:00+00:00
[2024-09-26T00:12:11.594+0000] {processor.py:208} INFO - Processing /opt/airflow/dags/create_dag_with_taskflow.py took 0.205 seconds
[2024-09-26T00:12:42.108+0000] {processor.py:186} INFO - Started process (PID=131265) to work on /opt/airflow/dags/create_dag_with_taskflow.py
[2024-09-26T00:12:42.110+0000] {processor.py:914} INFO - Processing file /opt/airflow/dags/create_dag_with_taskflow.py for tasks to queue
[2024-09-26T00:12:42.113+0000] {logging_mixin.py:190} INFO - [2024-09-26T00:12:42.113+0000] {dagbag.py:587} INFO - Filling up the DagBag from /opt/airflow/dags/create_dag_with_taskflow.py
[2024-09-26T00:12:42.206+0000] {processor.py:925} INFO - DAG(s) 'dag_with_taskflow_api_v02' retrieved from /opt/airflow/dags/create_dag_with_taskflow.py
[2024-09-26T00:12:42.234+0000] {logging_mixin.py:190} INFO - [2024-09-26T00:12:42.233+0000] {dag.py:3229} INFO - Sync 1 DAGs
[2024-09-26T00:12:42.254+0000] {logging_mixin.py:190} INFO - [2024-09-26T00:12:42.253+0000] {dag.py:4156} INFO - Setting next_dagrun for dag_with_taskflow_api_v02 to 2024-09-22 00:00:00+00:00, run_after=2024-09-23 00:00:00+00:00
[2024-09-26T00:12:42.278+0000] {processor.py:208} INFO - Processing /opt/airflow/dags/create_dag_with_taskflow.py took 0.178 seconds
[2024-09-26T00:13:12.702+0000] {processor.py:186} INFO - Started process (PID=131308) to work on /opt/airflow/dags/create_dag_with_taskflow.py
[2024-09-26T00:13:12.704+0000] {processor.py:914} INFO - Processing file /opt/airflow/dags/create_dag_with_taskflow.py for tasks to queue
[2024-09-26T00:13:12.705+0000] {logging_mixin.py:190} INFO - [2024-09-26T00:13:12.705+0000] {dagbag.py:587} INFO - Filling up the DagBag from /opt/airflow/dags/create_dag_with_taskflow.py
[2024-09-26T00:13:12.812+0000] {processor.py:925} INFO - DAG(s) 'dag_with_taskflow_api_v02' retrieved from /opt/airflow/dags/create_dag_with_taskflow.py
[2024-09-26T00:13:12.842+0000] {logging_mixin.py:190} INFO - [2024-09-26T00:13:12.842+0000] {dag.py:3229} INFO - Sync 1 DAGs
[2024-09-26T00:13:12.865+0000] {logging_mixin.py:190} INFO - [2024-09-26T00:13:12.865+0000] {dag.py:4156} INFO - Setting next_dagrun for dag_with_taskflow_api_v02 to 2024-09-22 00:00:00+00:00, run_after=2024-09-23 00:00:00+00:00
[2024-09-26T00:13:12.904+0000] {processor.py:208} INFO - Processing /opt/airflow/dags/create_dag_with_taskflow.py took 0.210 seconds
[2024-09-26T00:13:43.078+0000] {processor.py:186} INFO - Started process (PID=131351) to work on /opt/airflow/dags/create_dag_with_taskflow.py
[2024-09-26T00:13:43.079+0000] {processor.py:914} INFO - Processing file /opt/airflow/dags/create_dag_with_taskflow.py for tasks to queue
[2024-09-26T00:13:43.082+0000] {logging_mixin.py:190} INFO - [2024-09-26T00:13:43.081+0000] {dagbag.py:587} INFO - Filling up the DagBag from /opt/airflow/dags/create_dag_with_taskflow.py
[2024-09-26T00:13:43.147+0000] {processor.py:925} INFO - DAG(s) 'dag_with_taskflow_api_v02' retrieved from /opt/airflow/dags/create_dag_with_taskflow.py
[2024-09-26T00:13:43.175+0000] {logging_mixin.py:190} INFO - [2024-09-26T00:13:43.175+0000] {dag.py:3229} INFO - Sync 1 DAGs
[2024-09-26T00:13:43.196+0000] {logging_mixin.py:190} INFO - [2024-09-26T00:13:43.195+0000] {dag.py:4156} INFO - Setting next_dagrun for dag_with_taskflow_api_v02 to 2024-09-22 00:00:00+00:00, run_after=2024-09-23 00:00:00+00:00
[2024-09-26T00:13:43.218+0000] {processor.py:208} INFO - Processing /opt/airflow/dags/create_dag_with_taskflow.py took 0.145 seconds
[2024-09-26T00:14:13.390+0000] {processor.py:186} INFO - Started process (PID=131394) to work on /opt/airflow/dags/create_dag_with_taskflow.py
[2024-09-26T00:14:13.391+0000] {processor.py:914} INFO - Processing file /opt/airflow/dags/create_dag_with_taskflow.py for tasks to queue
[2024-09-26T00:14:13.393+0000] {logging_mixin.py:190} INFO - [2024-09-26T00:14:13.393+0000] {dagbag.py:587} INFO - Filling up the DagBag from /opt/airflow/dags/create_dag_with_taskflow.py
[2024-09-26T00:14:13.446+0000] {processor.py:925} INFO - DAG(s) 'dag_with_taskflow_api_v02' retrieved from /opt/airflow/dags/create_dag_with_taskflow.py
[2024-09-26T00:14:13.467+0000] {logging_mixin.py:190} INFO - [2024-09-26T00:14:13.467+0000] {dag.py:3229} INFO - Sync 1 DAGs
[2024-09-26T00:14:13.488+0000] {logging_mixin.py:190} INFO - [2024-09-26T00:14:13.488+0000] {dag.py:4156} INFO - Setting next_dagrun for dag_with_taskflow_api_v02 to 2024-09-22 00:00:00+00:00, run_after=2024-09-23 00:00:00+00:00
[2024-09-26T00:14:13.509+0000] {processor.py:208} INFO - Processing /opt/airflow/dags/create_dag_with_taskflow.py took 0.124 seconds
[2024-09-26T00:14:46.245+0000] {processor.py:186} INFO - Started process (PID=131435) to work on /opt/airflow/dags/create_dag_with_taskflow.py
[2024-09-26T00:14:46.327+0000] {processor.py:914} INFO - Processing file /opt/airflow/dags/create_dag_with_taskflow.py for tasks to queue
[2024-09-26T00:14:46.390+0000] {logging_mixin.py:190} INFO - [2024-09-26T00:14:46.389+0000] {dagbag.py:587} INFO - Filling up the DagBag from /opt/airflow/dags/create_dag_with_taskflow.py
[2024-09-26T00:14:47.109+0000] {processor.py:925} INFO - DAG(s) 'dag_with_taskflow_api_v02' retrieved from /opt/airflow/dags/create_dag_with_taskflow.py
[2024-09-26T00:14:47.186+0000] {logging_mixin.py:190} INFO - [2024-09-26T00:14:47.185+0000] {dag.py:3229} INFO - Sync 1 DAGs
[2024-09-26T00:14:47.402+0000] {logging_mixin.py:190} INFO - [2024-09-26T00:14:47.402+0000] {dag.py:4156} INFO - Setting next_dagrun for dag_with_taskflow_api_v02 to 2024-09-22 00:00:00+00:00, run_after=2024-09-23 00:00:00+00:00
[2024-09-26T00:14:47.603+0000] {processor.py:208} INFO - Processing /opt/airflow/dags/create_dag_with_taskflow.py took 1.390 seconds
[2024-09-26T00:15:18.557+0000] {processor.py:186} INFO - Started process (PID=131480) to work on /opt/airflow/dags/create_dag_with_taskflow.py
[2024-09-26T00:15:18.565+0000] {processor.py:914} INFO - Processing file /opt/airflow/dags/create_dag_with_taskflow.py for tasks to queue
[2024-09-26T00:15:18.576+0000] {logging_mixin.py:190} INFO - [2024-09-26T00:15:18.575+0000] {dagbag.py:587} INFO - Filling up the DagBag from /opt/airflow/dags/create_dag_with_taskflow.py
[2024-09-26T00:15:18.684+0000] {processor.py:925} INFO - DAG(s) 'dag_with_taskflow_api_v02' retrieved from /opt/airflow/dags/create_dag_with_taskflow.py
[2024-09-26T00:15:18.725+0000] {logging_mixin.py:190} INFO - [2024-09-26T00:15:18.725+0000] {dag.py:3229} INFO - Sync 1 DAGs
[2024-09-26T00:15:18.770+0000] {logging_mixin.py:190} INFO - [2024-09-26T00:15:18.769+0000] {dag.py:4156} INFO - Setting next_dagrun for dag_with_taskflow_api_v02 to 2024-09-22 00:00:00+00:00, run_after=2024-09-23 00:00:00+00:00
[2024-09-26T00:15:18.806+0000] {processor.py:208} INFO - Processing /opt/airflow/dags/create_dag_with_taskflow.py took 0.257 seconds
[2024-09-26T00:15:49.168+0000] {processor.py:186} INFO - Started process (PID=131523) to work on /opt/airflow/dags/create_dag_with_taskflow.py
[2024-09-26T00:15:49.169+0000] {processor.py:914} INFO - Processing file /opt/airflow/dags/create_dag_with_taskflow.py for tasks to queue
[2024-09-26T00:15:49.172+0000] {logging_mixin.py:190} INFO - [2024-09-26T00:15:49.171+0000] {dagbag.py:587} INFO - Filling up the DagBag from /opt/airflow/dags/create_dag_with_taskflow.py
[2024-09-26T00:15:49.268+0000] {processor.py:925} INFO - DAG(s) 'dag_with_taskflow_api_v02' retrieved from /opt/airflow/dags/create_dag_with_taskflow.py
[2024-09-26T00:15:49.302+0000] {logging_mixin.py:190} INFO - [2024-09-26T00:15:49.301+0000] {dag.py:3229} INFO - Sync 1 DAGs
[2024-09-26T00:15:49.336+0000] {logging_mixin.py:190} INFO - [2024-09-26T00:15:49.336+0000] {dag.py:4156} INFO - Setting next_dagrun for dag_with_taskflow_api_v02 to 2024-09-22 00:00:00+00:00, run_after=2024-09-23 00:00:00+00:00
[2024-09-26T00:15:49.371+0000] {processor.py:208} INFO - Processing /opt/airflow/dags/create_dag_with_taskflow.py took 0.210 seconds
[2024-09-26T00:16:19.817+0000] {processor.py:186} INFO - Started process (PID=131566) to work on /opt/airflow/dags/create_dag_with_taskflow.py
[2024-09-26T00:16:19.818+0000] {processor.py:914} INFO - Processing file /opt/airflow/dags/create_dag_with_taskflow.py for tasks to queue
[2024-09-26T00:16:19.821+0000] {logging_mixin.py:190} INFO - [2024-09-26T00:16:19.821+0000] {dagbag.py:587} INFO - Filling up the DagBag from /opt/airflow/dags/create_dag_with_taskflow.py
[2024-09-26T00:16:19.936+0000] {processor.py:925} INFO - DAG(s) 'dag_with_taskflow_api_v02' retrieved from /opt/airflow/dags/create_dag_with_taskflow.py
[2024-09-26T00:16:19.964+0000] {logging_mixin.py:190} INFO - [2024-09-26T00:16:19.964+0000] {dag.py:3229} INFO - Sync 1 DAGs
[2024-09-26T00:16:19.989+0000] {logging_mixin.py:190} INFO - [2024-09-26T00:16:19.988+0000] {dag.py:4156} INFO - Setting next_dagrun for dag_with_taskflow_api_v02 to 2024-09-22 00:00:00+00:00, run_after=2024-09-23 00:00:00+00:00
[2024-09-26T00:16:20.014+0000] {processor.py:208} INFO - Processing /opt/airflow/dags/create_dag_with_taskflow.py took 0.203 seconds
[2024-09-26T00:16:50.636+0000] {processor.py:186} INFO - Started process (PID=131609) to work on /opt/airflow/dags/create_dag_with_taskflow.py
[2024-09-26T00:16:50.638+0000] {processor.py:914} INFO - Processing file /opt/airflow/dags/create_dag_with_taskflow.py for tasks to queue
[2024-09-26T00:16:50.641+0000] {logging_mixin.py:190} INFO - [2024-09-26T00:16:50.641+0000] {dagbag.py:587} INFO - Filling up the DagBag from /opt/airflow/dags/create_dag_with_taskflow.py
[2024-09-26T00:16:50.739+0000] {processor.py:925} INFO - DAG(s) 'dag_with_taskflow_api_v02' retrieved from /opt/airflow/dags/create_dag_with_taskflow.py
[2024-09-26T00:16:50.773+0000] {logging_mixin.py:190} INFO - [2024-09-26T00:16:50.773+0000] {dag.py:3229} INFO - Sync 1 DAGs
[2024-09-26T00:16:50.794+0000] {logging_mixin.py:190} INFO - [2024-09-26T00:16:50.794+0000] {dag.py:4156} INFO - Setting next_dagrun for dag_with_taskflow_api_v02 to 2024-09-22 00:00:00+00:00, run_after=2024-09-23 00:00:00+00:00
[2024-09-26T00:16:50.817+0000] {processor.py:208} INFO - Processing /opt/airflow/dags/create_dag_with_taskflow.py took 0.188 seconds
[2024-09-26T00:17:21.058+0000] {processor.py:186} INFO - Started process (PID=131652) to work on /opt/airflow/dags/create_dag_with_taskflow.py
[2024-09-26T00:17:21.060+0000] {processor.py:914} INFO - Processing file /opt/airflow/dags/create_dag_with_taskflow.py for tasks to queue
[2024-09-26T00:17:21.062+0000] {logging_mixin.py:190} INFO - [2024-09-26T00:17:21.062+0000] {dagbag.py:587} INFO - Filling up the DagBag from /opt/airflow/dags/create_dag_with_taskflow.py
[2024-09-26T00:17:21.173+0000] {processor.py:925} INFO - DAG(s) 'dag_with_taskflow_api_v02' retrieved from /opt/airflow/dags/create_dag_with_taskflow.py
[2024-09-26T00:17:21.194+0000] {logging_mixin.py:190} INFO - [2024-09-26T00:17:21.194+0000] {dag.py:3229} INFO - Sync 1 DAGs
[2024-09-26T00:17:21.215+0000] {logging_mixin.py:190} INFO - [2024-09-26T00:17:21.215+0000] {dag.py:4156} INFO - Setting next_dagrun for dag_with_taskflow_api_v02 to 2024-09-22 00:00:00+00:00, run_after=2024-09-23 00:00:00+00:00
[2024-09-26T00:17:21.251+0000] {processor.py:208} INFO - Processing /opt/airflow/dags/create_dag_with_taskflow.py took 0.201 seconds
[2024-09-26T00:17:51.545+0000] {processor.py:186} INFO - Started process (PID=131695) to work on /opt/airflow/dags/create_dag_with_taskflow.py
[2024-09-26T00:17:51.546+0000] {processor.py:914} INFO - Processing file /opt/airflow/dags/create_dag_with_taskflow.py for tasks to queue
[2024-09-26T00:17:51.549+0000] {logging_mixin.py:190} INFO - [2024-09-26T00:17:51.548+0000] {dagbag.py:587} INFO - Filling up the DagBag from /opt/airflow/dags/create_dag_with_taskflow.py
[2024-09-26T00:17:51.612+0000] {processor.py:925} INFO - DAG(s) 'dag_with_taskflow_api_v02' retrieved from /opt/airflow/dags/create_dag_with_taskflow.py
[2024-09-26T00:17:51.644+0000] {logging_mixin.py:190} INFO - [2024-09-26T00:17:51.644+0000] {dag.py:3229} INFO - Sync 1 DAGs
[2024-09-26T00:17:51.676+0000] {logging_mixin.py:190} INFO - [2024-09-26T00:17:51.676+0000] {dag.py:4156} INFO - Setting next_dagrun for dag_with_taskflow_api_v02 to 2024-09-22 00:00:00+00:00, run_after=2024-09-23 00:00:00+00:00
[2024-09-26T00:17:51.701+0000] {processor.py:208} INFO - Processing /opt/airflow/dags/create_dag_with_taskflow.py took 0.163 seconds
[2024-09-26T00:18:22.008+0000] {processor.py:186} INFO - Started process (PID=131738) to work on /opt/airflow/dags/create_dag_with_taskflow.py
[2024-09-26T00:18:22.011+0000] {processor.py:914} INFO - Processing file /opt/airflow/dags/create_dag_with_taskflow.py for tasks to queue
[2024-09-26T00:18:22.014+0000] {logging_mixin.py:190} INFO - [2024-09-26T00:18:22.014+0000] {dagbag.py:587} INFO - Filling up the DagBag from /opt/airflow/dags/create_dag_with_taskflow.py
[2024-09-26T00:18:22.160+0000] {processor.py:925} INFO - DAG(s) 'dag_with_taskflow_api_v02' retrieved from /opt/airflow/dags/create_dag_with_taskflow.py
[2024-09-26T00:18:22.229+0000] {logging_mixin.py:190} INFO - [2024-09-26T00:18:22.228+0000] {dag.py:3229} INFO - Sync 1 DAGs
[2024-09-26T00:18:22.285+0000] {logging_mixin.py:190} INFO - [2024-09-26T00:18:22.284+0000] {dag.py:4156} INFO - Setting next_dagrun for dag_with_taskflow_api_v02 to 2024-09-22 00:00:00+00:00, run_after=2024-09-23 00:00:00+00:00
[2024-09-26T00:18:22.327+0000] {processor.py:208} INFO - Processing /opt/airflow/dags/create_dag_with_taskflow.py took 0.330 seconds
[2024-09-26T00:18:52.669+0000] {processor.py:186} INFO - Started process (PID=131781) to work on /opt/airflow/dags/create_dag_with_taskflow.py
[2024-09-26T00:18:52.671+0000] {processor.py:914} INFO - Processing file /opt/airflow/dags/create_dag_with_taskflow.py for tasks to queue
[2024-09-26T00:18:52.676+0000] {logging_mixin.py:190} INFO - [2024-09-26T00:18:52.676+0000] {dagbag.py:587} INFO - Filling up the DagBag from /opt/airflow/dags/create_dag_with_taskflow.py
[2024-09-26T00:18:52.758+0000] {processor.py:925} INFO - DAG(s) 'dag_with_taskflow_api_v02' retrieved from /opt/airflow/dags/create_dag_with_taskflow.py
[2024-09-26T00:18:52.786+0000] {logging_mixin.py:190} INFO - [2024-09-26T00:18:52.786+0000] {dag.py:3229} INFO - Sync 1 DAGs
[2024-09-26T00:18:52.811+0000] {logging_mixin.py:190} INFO - [2024-09-26T00:18:52.811+0000] {dag.py:4156} INFO - Setting next_dagrun for dag_with_taskflow_api_v02 to 2024-09-22 00:00:00+00:00, run_after=2024-09-23 00:00:00+00:00
[2024-09-26T00:18:52.837+0000] {processor.py:208} INFO - Processing /opt/airflow/dags/create_dag_with_taskflow.py took 0.176 seconds
[2024-09-26T00:19:23.395+0000] {processor.py:186} INFO - Started process (PID=131824) to work on /opt/airflow/dags/create_dag_with_taskflow.py
[2024-09-26T00:19:23.398+0000] {processor.py:914} INFO - Processing file /opt/airflow/dags/create_dag_with_taskflow.py for tasks to queue
[2024-09-26T00:19:23.401+0000] {logging_mixin.py:190} INFO - [2024-09-26T00:19:23.400+0000] {dagbag.py:587} INFO - Filling up the DagBag from /opt/airflow/dags/create_dag_with_taskflow.py
[2024-09-26T00:19:23.484+0000] {processor.py:925} INFO - DAG(s) 'dag_with_taskflow_api_v02' retrieved from /opt/airflow/dags/create_dag_with_taskflow.py
[2024-09-26T00:19:23.514+0000] {logging_mixin.py:190} INFO - [2024-09-26T00:19:23.514+0000] {dag.py:3229} INFO - Sync 1 DAGs
[2024-09-26T00:19:23.540+0000] {logging_mixin.py:190} INFO - [2024-09-26T00:19:23.539+0000] {dag.py:4156} INFO - Setting next_dagrun for dag_with_taskflow_api_v02 to 2024-09-22 00:00:00+00:00, run_after=2024-09-23 00:00:00+00:00
[2024-09-26T00:19:23.573+0000] {processor.py:208} INFO - Processing /opt/airflow/dags/create_dag_with_taskflow.py took 0.194 seconds
[2024-09-26T00:19:54.406+0000] {processor.py:186} INFO - Started process (PID=131867) to work on /opt/airflow/dags/create_dag_with_taskflow.py
[2024-09-26T00:19:54.409+0000] {processor.py:914} INFO - Processing file /opt/airflow/dags/create_dag_with_taskflow.py for tasks to queue
[2024-09-26T00:19:54.410+0000] {logging_mixin.py:190} INFO - [2024-09-26T00:19:54.410+0000] {dagbag.py:587} INFO - Filling up the DagBag from /opt/airflow/dags/create_dag_with_taskflow.py
[2024-09-26T00:19:54.486+0000] {processor.py:925} INFO - DAG(s) 'dag_with_taskflow_api_v02' retrieved from /opt/airflow/dags/create_dag_with_taskflow.py
[2024-09-26T00:19:54.510+0000] {logging_mixin.py:190} INFO - [2024-09-26T00:19:54.510+0000] {dag.py:3229} INFO - Sync 1 DAGs
[2024-09-26T00:19:54.533+0000] {logging_mixin.py:190} INFO - [2024-09-26T00:19:54.532+0000] {dag.py:4156} INFO - Setting next_dagrun for dag_with_taskflow_api_v02 to 2024-09-22 00:00:00+00:00, run_after=2024-09-23 00:00:00+00:00
[2024-09-26T00:19:54.558+0000] {processor.py:208} INFO - Processing /opt/airflow/dags/create_dag_with_taskflow.py took 0.159 seconds
[2024-09-26T00:20:25.055+0000] {processor.py:186} INFO - Started process (PID=131910) to work on /opt/airflow/dags/create_dag_with_taskflow.py
[2024-09-26T00:20:25.057+0000] {processor.py:914} INFO - Processing file /opt/airflow/dags/create_dag_with_taskflow.py for tasks to queue
[2024-09-26T00:20:25.063+0000] {logging_mixin.py:190} INFO - [2024-09-26T00:20:25.062+0000] {dagbag.py:587} INFO - Filling up the DagBag from /opt/airflow/dags/create_dag_with_taskflow.py
[2024-09-26T00:20:25.179+0000] {processor.py:925} INFO - DAG(s) 'dag_with_taskflow_api_v02' retrieved from /opt/airflow/dags/create_dag_with_taskflow.py
[2024-09-26T00:20:25.269+0000] {logging_mixin.py:190} INFO - [2024-09-26T00:20:25.268+0000] {dag.py:3229} INFO - Sync 1 DAGs
[2024-09-26T00:20:25.345+0000] {logging_mixin.py:190} INFO - [2024-09-26T00:20:25.344+0000] {dag.py:4156} INFO - Setting next_dagrun for dag_with_taskflow_api_v02 to 2024-09-22 00:00:00+00:00, run_after=2024-09-23 00:00:00+00:00
[2024-09-26T00:20:25.398+0000] {processor.py:208} INFO - Processing /opt/airflow/dags/create_dag_with_taskflow.py took 0.356 seconds
[2024-09-26T00:20:55.656+0000] {processor.py:186} INFO - Started process (PID=131953) to work on /opt/airflow/dags/create_dag_with_taskflow.py
[2024-09-26T00:20:55.659+0000] {processor.py:914} INFO - Processing file /opt/airflow/dags/create_dag_with_taskflow.py for tasks to queue
[2024-09-26T00:20:55.663+0000] {logging_mixin.py:190} INFO - [2024-09-26T00:20:55.662+0000] {dagbag.py:587} INFO - Filling up the DagBag from /opt/airflow/dags/create_dag_with_taskflow.py
[2024-09-26T00:20:55.781+0000] {processor.py:925} INFO - DAG(s) 'dag_with_taskflow_api_v02' retrieved from /opt/airflow/dags/create_dag_with_taskflow.py
[2024-09-26T00:20:55.849+0000] {logging_mixin.py:190} INFO - [2024-09-26T00:20:55.848+0000] {dag.py:3229} INFO - Sync 1 DAGs
[2024-09-26T00:20:55.911+0000] {logging_mixin.py:190} INFO - [2024-09-26T00:20:55.911+0000] {dag.py:4156} INFO - Setting next_dagrun for dag_with_taskflow_api_v02 to 2024-09-22 00:00:00+00:00, run_after=2024-09-23 00:00:00+00:00
[2024-09-26T00:20:55.956+0000] {processor.py:208} INFO - Processing /opt/airflow/dags/create_dag_with_taskflow.py took 0.315 seconds
[2024-09-26T00:21:26.205+0000] {processor.py:186} INFO - Started process (PID=131996) to work on /opt/airflow/dags/create_dag_with_taskflow.py
[2024-09-26T00:21:26.207+0000] {processor.py:914} INFO - Processing file /opt/airflow/dags/create_dag_with_taskflow.py for tasks to queue
[2024-09-26T00:21:26.210+0000] {logging_mixin.py:190} INFO - [2024-09-26T00:21:26.209+0000] {dagbag.py:587} INFO - Filling up the DagBag from /opt/airflow/dags/create_dag_with_taskflow.py
[2024-09-26T00:21:26.310+0000] {processor.py:925} INFO - DAG(s) 'dag_with_taskflow_api_v02' retrieved from /opt/airflow/dags/create_dag_with_taskflow.py
[2024-09-26T00:21:26.345+0000] {logging_mixin.py:190} INFO - [2024-09-26T00:21:26.345+0000] {dag.py:3229} INFO - Sync 1 DAGs
[2024-09-26T00:21:26.369+0000] {logging_mixin.py:190} INFO - [2024-09-26T00:21:26.369+0000] {dag.py:4156} INFO - Setting next_dagrun for dag_with_taskflow_api_v02 to 2024-09-22 00:00:00+00:00, run_after=2024-09-23 00:00:00+00:00
[2024-09-26T00:21:26.399+0000] {processor.py:208} INFO - Processing /opt/airflow/dags/create_dag_with_taskflow.py took 0.206 seconds
[2024-09-26T00:21:57.137+0000] {processor.py:186} INFO - Started process (PID=132039) to work on /opt/airflow/dags/create_dag_with_taskflow.py
[2024-09-26T00:21:57.139+0000] {processor.py:914} INFO - Processing file /opt/airflow/dags/create_dag_with_taskflow.py for tasks to queue
[2024-09-26T00:21:57.142+0000] {logging_mixin.py:190} INFO - [2024-09-26T00:21:57.142+0000] {dagbag.py:587} INFO - Filling up the DagBag from /opt/airflow/dags/create_dag_with_taskflow.py
[2024-09-26T00:21:57.267+0000] {processor.py:925} INFO - DAG(s) 'dag_with_taskflow_api_v02' retrieved from /opt/airflow/dags/create_dag_with_taskflow.py
[2024-09-26T00:21:57.297+0000] {logging_mixin.py:190} INFO - [2024-09-26T00:21:57.297+0000] {dag.py:3229} INFO - Sync 1 DAGs
[2024-09-26T00:21:57.320+0000] {logging_mixin.py:190} INFO - [2024-09-26T00:21:57.320+0000] {dag.py:4156} INFO - Setting next_dagrun for dag_with_taskflow_api_v02 to 2024-09-22 00:00:00+00:00, run_after=2024-09-23 00:00:00+00:00
[2024-09-26T00:21:57.347+0000] {processor.py:208} INFO - Processing /opt/airflow/dags/create_dag_with_taskflow.py took 0.217 seconds
[2024-09-26T00:22:27.805+0000] {processor.py:186} INFO - Started process (PID=132082) to work on /opt/airflow/dags/create_dag_with_taskflow.py
[2024-09-26T00:22:27.807+0000] {processor.py:914} INFO - Processing file /opt/airflow/dags/create_dag_with_taskflow.py for tasks to queue
[2024-09-26T00:22:27.811+0000] {logging_mixin.py:190} INFO - [2024-09-26T00:22:27.810+0000] {dagbag.py:587} INFO - Filling up the DagBag from /opt/airflow/dags/create_dag_with_taskflow.py
[2024-09-26T00:22:27.916+0000] {processor.py:925} INFO - DAG(s) 'dag_with_taskflow_api_v02' retrieved from /opt/airflow/dags/create_dag_with_taskflow.py
[2024-09-26T00:22:27.952+0000] {logging_mixin.py:190} INFO - [2024-09-26T00:22:27.951+0000] {dag.py:3229} INFO - Sync 1 DAGs
[2024-09-26T00:22:28.009+0000] {logging_mixin.py:190} INFO - [2024-09-26T00:22:28.009+0000] {dag.py:4156} INFO - Setting next_dagrun for dag_with_taskflow_api_v02 to 2024-09-22 00:00:00+00:00, run_after=2024-09-23 00:00:00+00:00
[2024-09-26T00:22:28.109+0000] {processor.py:208} INFO - Processing /opt/airflow/dags/create_dag_with_taskflow.py took 0.313 seconds
[2024-09-26T00:22:58.495+0000] {processor.py:186} INFO - Started process (PID=132125) to work on /opt/airflow/dags/create_dag_with_taskflow.py
[2024-09-26T00:22:58.498+0000] {processor.py:914} INFO - Processing file /opt/airflow/dags/create_dag_with_taskflow.py for tasks to queue
[2024-09-26T00:22:58.501+0000] {logging_mixin.py:190} INFO - [2024-09-26T00:22:58.501+0000] {dagbag.py:587} INFO - Filling up the DagBag from /opt/airflow/dags/create_dag_with_taskflow.py
[2024-09-26T00:22:58.590+0000] {processor.py:925} INFO - DAG(s) 'dag_with_taskflow_api_v02' retrieved from /opt/airflow/dags/create_dag_with_taskflow.py
[2024-09-26T00:22:58.630+0000] {logging_mixin.py:190} INFO - [2024-09-26T00:22:58.630+0000] {dag.py:3229} INFO - Sync 1 DAGs
[2024-09-26T00:22:58.661+0000] {logging_mixin.py:190} INFO - [2024-09-26T00:22:58.660+0000] {dag.py:4156} INFO - Setting next_dagrun for dag_with_taskflow_api_v02 to 2024-09-22 00:00:00+00:00, run_after=2024-09-23 00:00:00+00:00
[2024-09-26T00:22:58.697+0000] {processor.py:208} INFO - Processing /opt/airflow/dags/create_dag_with_taskflow.py took 0.212 seconds
[2024-09-26T00:23:29.152+0000] {processor.py:186} INFO - Started process (PID=132168) to work on /opt/airflow/dags/create_dag_with_taskflow.py
[2024-09-26T00:23:29.154+0000] {processor.py:914} INFO - Processing file /opt/airflow/dags/create_dag_with_taskflow.py for tasks to queue
[2024-09-26T00:23:29.157+0000] {logging_mixin.py:190} INFO - [2024-09-26T00:23:29.156+0000] {dagbag.py:587} INFO - Filling up the DagBag from /opt/airflow/dags/create_dag_with_taskflow.py
[2024-09-26T00:23:29.259+0000] {processor.py:925} INFO - DAG(s) 'dag_with_taskflow_api_v02' retrieved from /opt/airflow/dags/create_dag_with_taskflow.py
[2024-09-26T00:23:29.306+0000] {logging_mixin.py:190} INFO - [2024-09-26T00:23:29.306+0000] {dag.py:3229} INFO - Sync 1 DAGs
[2024-09-26T00:23:29.335+0000] {logging_mixin.py:190} INFO - [2024-09-26T00:23:29.335+0000] {dag.py:4156} INFO - Setting next_dagrun for dag_with_taskflow_api_v02 to 2024-09-22 00:00:00+00:00, run_after=2024-09-23 00:00:00+00:00
[2024-09-26T00:23:29.370+0000] {processor.py:208} INFO - Processing /opt/airflow/dags/create_dag_with_taskflow.py took 0.228 seconds
[2024-09-26T00:24:00.308+0000] {processor.py:186} INFO - Started process (PID=132216) to work on /opt/airflow/dags/create_dag_with_taskflow.py
[2024-09-26T00:24:00.311+0000] {processor.py:914} INFO - Processing file /opt/airflow/dags/create_dag_with_taskflow.py for tasks to queue
[2024-09-26T00:24:00.315+0000] {logging_mixin.py:190} INFO - [2024-09-26T00:24:00.315+0000] {dagbag.py:587} INFO - Filling up the DagBag from /opt/airflow/dags/create_dag_with_taskflow.py
[2024-09-26T00:24:00.441+0000] {processor.py:925} INFO - DAG(s) 'dag_with_taskflow_api_v02' retrieved from /opt/airflow/dags/create_dag_with_taskflow.py
[2024-09-26T00:24:00.482+0000] {logging_mixin.py:190} INFO - [2024-09-26T00:24:00.481+0000] {dag.py:3229} INFO - Sync 1 DAGs
[2024-09-26T00:24:00.523+0000] {logging_mixin.py:190} INFO - [2024-09-26T00:24:00.523+0000] {dag.py:4156} INFO - Setting next_dagrun for dag_with_taskflow_api_v02 to 2024-09-22 00:00:00+00:00, run_after=2024-09-23 00:00:00+00:00
[2024-09-26T00:24:00.564+0000] {processor.py:208} INFO - Processing /opt/airflow/dags/create_dag_with_taskflow.py took 0.269 seconds
[2024-09-26T00:24:31.418+0000] {processor.py:186} INFO - Started process (PID=132257) to work on /opt/airflow/dags/create_dag_with_taskflow.py
[2024-09-26T00:24:31.420+0000] {processor.py:914} INFO - Processing file /opt/airflow/dags/create_dag_with_taskflow.py for tasks to queue
[2024-09-26T00:24:31.423+0000] {logging_mixin.py:190} INFO - [2024-09-26T00:24:31.422+0000] {dagbag.py:587} INFO - Filling up the DagBag from /opt/airflow/dags/create_dag_with_taskflow.py
[2024-09-26T00:24:31.593+0000] {processor.py:925} INFO - DAG(s) 'dag_with_taskflow_api_v02' retrieved from /opt/airflow/dags/create_dag_with_taskflow.py
[2024-09-26T00:24:31.627+0000] {logging_mixin.py:190} INFO - [2024-09-26T00:24:31.627+0000] {dag.py:3229} INFO - Sync 1 DAGs
[2024-09-26T00:24:31.655+0000] {logging_mixin.py:190} INFO - [2024-09-26T00:24:31.655+0000] {dag.py:4156} INFO - Setting next_dagrun for dag_with_taskflow_api_v02 to 2024-09-22 00:00:00+00:00, run_after=2024-09-23 00:00:00+00:00
[2024-09-26T00:24:31.691+0000] {processor.py:208} INFO - Processing /opt/airflow/dags/create_dag_with_taskflow.py took 0.279 seconds
[2024-09-26T00:25:02.162+0000] {processor.py:186} INFO - Started process (PID=132297) to work on /opt/airflow/dags/create_dag_with_taskflow.py
[2024-09-26T00:25:02.164+0000] {processor.py:914} INFO - Processing file /opt/airflow/dags/create_dag_with_taskflow.py for tasks to queue
[2024-09-26T00:25:02.167+0000] {logging_mixin.py:190} INFO - [2024-09-26T00:25:02.166+0000] {dagbag.py:587} INFO - Filling up the DagBag from /opt/airflow/dags/create_dag_with_taskflow.py
[2024-09-26T00:25:02.277+0000] {processor.py:925} INFO - DAG(s) 'dag_with_taskflow_api_v02' retrieved from /opt/airflow/dags/create_dag_with_taskflow.py
[2024-09-26T00:25:02.339+0000] {logging_mixin.py:190} INFO - [2024-09-26T00:25:02.338+0000] {dag.py:3229} INFO - Sync 1 DAGs
[2024-09-26T00:25:02.386+0000] {logging_mixin.py:190} INFO - [2024-09-26T00:25:02.386+0000] {dag.py:4156} INFO - Setting next_dagrun for dag_with_taskflow_api_v02 to 2024-09-22 00:00:00+00:00, run_after=2024-09-23 00:00:00+00:00
[2024-09-26T00:25:02.433+0000] {processor.py:208} INFO - Processing /opt/airflow/dags/create_dag_with_taskflow.py took 0.286 seconds
[2024-09-26T00:25:32.686+0000] {processor.py:186} INFO - Started process (PID=132340) to work on /opt/airflow/dags/create_dag_with_taskflow.py
[2024-09-26T00:25:32.688+0000] {processor.py:914} INFO - Processing file /opt/airflow/dags/create_dag_with_taskflow.py for tasks to queue
[2024-09-26T00:25:32.691+0000] {logging_mixin.py:190} INFO - [2024-09-26T00:25:32.690+0000] {dagbag.py:587} INFO - Filling up the DagBag from /opt/airflow/dags/create_dag_with_taskflow.py
[2024-09-26T00:25:32.772+0000] {processor.py:925} INFO - DAG(s) 'dag_with_taskflow_api_v02' retrieved from /opt/airflow/dags/create_dag_with_taskflow.py
[2024-09-26T00:25:32.801+0000] {logging_mixin.py:190} INFO - [2024-09-26T00:25:32.801+0000] {dag.py:3229} INFO - Sync 1 DAGs
[2024-09-26T00:25:32.826+0000] {logging_mixin.py:190} INFO - [2024-09-26T00:25:32.826+0000] {dag.py:4156} INFO - Setting next_dagrun for dag_with_taskflow_api_v02 to 2024-09-22 00:00:00+00:00, run_after=2024-09-23 00:00:00+00:00
[2024-09-26T00:25:32.850+0000] {processor.py:208} INFO - Processing /opt/airflow/dags/create_dag_with_taskflow.py took 0.171 seconds
[2024-09-26T00:26:03.277+0000] {processor.py:186} INFO - Started process (PID=132383) to work on /opt/airflow/dags/create_dag_with_taskflow.py
[2024-09-26T00:26:03.279+0000] {processor.py:914} INFO - Processing file /opt/airflow/dags/create_dag_with_taskflow.py for tasks to queue
[2024-09-26T00:26:03.281+0000] {logging_mixin.py:190} INFO - [2024-09-26T00:26:03.280+0000] {dagbag.py:587} INFO - Filling up the DagBag from /opt/airflow/dags/create_dag_with_taskflow.py
[2024-09-26T00:26:03.362+0000] {processor.py:925} INFO - DAG(s) 'dag_with_taskflow_api_v02' retrieved from /opt/airflow/dags/create_dag_with_taskflow.py
[2024-09-26T00:26:03.390+0000] {logging_mixin.py:190} INFO - [2024-09-26T00:26:03.390+0000] {dag.py:3229} INFO - Sync 1 DAGs
[2024-09-26T00:26:03.415+0000] {logging_mixin.py:190} INFO - [2024-09-26T00:26:03.415+0000] {dag.py:4156} INFO - Setting next_dagrun for dag_with_taskflow_api_v02 to 2024-09-22 00:00:00+00:00, run_after=2024-09-23 00:00:00+00:00
[2024-09-26T00:26:03.442+0000] {processor.py:208} INFO - Processing /opt/airflow/dags/create_dag_with_taskflow.py took 0.171 seconds
[2024-09-26T00:26:33.754+0000] {processor.py:186} INFO - Started process (PID=132426) to work on /opt/airflow/dags/create_dag_with_taskflow.py
[2024-09-26T00:26:33.756+0000] {processor.py:914} INFO - Processing file /opt/airflow/dags/create_dag_with_taskflow.py for tasks to queue
[2024-09-26T00:26:33.758+0000] {logging_mixin.py:190} INFO - [2024-09-26T00:26:33.758+0000] {dagbag.py:587} INFO - Filling up the DagBag from /opt/airflow/dags/create_dag_with_taskflow.py
[2024-09-26T00:26:33.877+0000] {processor.py:925} INFO - DAG(s) 'dag_with_taskflow_api_v02' retrieved from /opt/airflow/dags/create_dag_with_taskflow.py
[2024-09-26T00:26:33.927+0000] {logging_mixin.py:190} INFO - [2024-09-26T00:26:33.927+0000] {dag.py:3229} INFO - Sync 1 DAGs
[2024-09-26T00:26:33.955+0000] {logging_mixin.py:190} INFO - [2024-09-26T00:26:33.955+0000] {dag.py:4156} INFO - Setting next_dagrun for dag_with_taskflow_api_v02 to 2024-09-22 00:00:00+00:00, run_after=2024-09-23 00:00:00+00:00
[2024-09-26T00:26:33.984+0000] {processor.py:208} INFO - Processing /opt/airflow/dags/create_dag_with_taskflow.py took 0.238 seconds
[2024-09-26T00:27:04.217+0000] {processor.py:186} INFO - Started process (PID=132469) to work on /opt/airflow/dags/create_dag_with_taskflow.py
[2024-09-26T00:27:04.218+0000] {processor.py:914} INFO - Processing file /opt/airflow/dags/create_dag_with_taskflow.py for tasks to queue
[2024-09-26T00:27:04.219+0000] {logging_mixin.py:190} INFO - [2024-09-26T00:27:04.219+0000] {dagbag.py:587} INFO - Filling up the DagBag from /opt/airflow/dags/create_dag_with_taskflow.py
[2024-09-26T00:27:04.317+0000] {processor.py:925} INFO - DAG(s) 'dag_with_taskflow_api_v02' retrieved from /opt/airflow/dags/create_dag_with_taskflow.py
[2024-09-26T00:27:04.343+0000] {logging_mixin.py:190} INFO - [2024-09-26T00:27:04.343+0000] {dag.py:3229} INFO - Sync 1 DAGs
[2024-09-26T00:27:04.366+0000] {logging_mixin.py:190} INFO - [2024-09-26T00:27:04.366+0000] {dag.py:4156} INFO - Setting next_dagrun for dag_with_taskflow_api_v02 to 2024-09-22 00:00:00+00:00, run_after=2024-09-23 00:00:00+00:00
[2024-09-26T00:27:04.396+0000] {processor.py:208} INFO - Processing /opt/airflow/dags/create_dag_with_taskflow.py took 0.185 seconds
[2024-09-26T00:27:34.773+0000] {processor.py:186} INFO - Started process (PID=132512) to work on /opt/airflow/dags/create_dag_with_taskflow.py
[2024-09-26T00:27:34.776+0000] {processor.py:914} INFO - Processing file /opt/airflow/dags/create_dag_with_taskflow.py for tasks to queue
[2024-09-26T00:27:34.779+0000] {logging_mixin.py:190} INFO - [2024-09-26T00:27:34.778+0000] {dagbag.py:587} INFO - Filling up the DagBag from /opt/airflow/dags/create_dag_with_taskflow.py
[2024-09-26T00:27:34.891+0000] {processor.py:925} INFO - DAG(s) 'dag_with_taskflow_api_v02' retrieved from /opt/airflow/dags/create_dag_with_taskflow.py
[2024-09-26T00:27:34.927+0000] {logging_mixin.py:190} INFO - [2024-09-26T00:27:34.927+0000] {dag.py:3229} INFO - Sync 1 DAGs
[2024-09-26T00:27:34.955+0000] {logging_mixin.py:190} INFO - [2024-09-26T00:27:34.954+0000] {dag.py:4156} INFO - Setting next_dagrun for dag_with_taskflow_api_v02 to 2024-09-22 00:00:00+00:00, run_after=2024-09-23 00:00:00+00:00
[2024-09-26T00:27:34.979+0000] {processor.py:208} INFO - Processing /opt/airflow/dags/create_dag_with_taskflow.py took 0.217 seconds
[2024-09-26T00:28:05.524+0000] {processor.py:186} INFO - Started process (PID=132555) to work on /opt/airflow/dags/create_dag_with_taskflow.py
[2024-09-26T00:28:05.525+0000] {processor.py:914} INFO - Processing file /opt/airflow/dags/create_dag_with_taskflow.py for tasks to queue
[2024-09-26T00:28:05.528+0000] {logging_mixin.py:190} INFO - [2024-09-26T00:28:05.527+0000] {dagbag.py:587} INFO - Filling up the DagBag from /opt/airflow/dags/create_dag_with_taskflow.py
[2024-09-26T00:28:05.643+0000] {processor.py:925} INFO - DAG(s) 'dag_with_taskflow_api_v02' retrieved from /opt/airflow/dags/create_dag_with_taskflow.py
[2024-09-26T00:28:05.694+0000] {logging_mixin.py:190} INFO - [2024-09-26T00:28:05.693+0000] {dag.py:3229} INFO - Sync 1 DAGs
[2024-09-26T00:28:05.722+0000] {logging_mixin.py:190} INFO - [2024-09-26T00:28:05.722+0000] {dag.py:4156} INFO - Setting next_dagrun for dag_with_taskflow_api_v02 to 2024-09-22 00:00:00+00:00, run_after=2024-09-23 00:00:00+00:00
[2024-09-26T00:28:05.753+0000] {processor.py:208} INFO - Processing /opt/airflow/dags/create_dag_with_taskflow.py took 0.234 seconds
[2024-09-26T00:28:35.959+0000] {processor.py:186} INFO - Started process (PID=132598) to work on /opt/airflow/dags/create_dag_with_taskflow.py
[2024-09-26T00:28:35.961+0000] {processor.py:914} INFO - Processing file /opt/airflow/dags/create_dag_with_taskflow.py for tasks to queue
[2024-09-26T00:28:35.963+0000] {logging_mixin.py:190} INFO - [2024-09-26T00:28:35.963+0000] {dagbag.py:587} INFO - Filling up the DagBag from /opt/airflow/dags/create_dag_with_taskflow.py
[2024-09-26T00:28:36.089+0000] {processor.py:925} INFO - DAG(s) 'dag_with_taskflow_api_v02' retrieved from /opt/airflow/dags/create_dag_with_taskflow.py
[2024-09-26T00:28:36.124+0000] {logging_mixin.py:190} INFO - [2024-09-26T00:28:36.123+0000] {dag.py:3229} INFO - Sync 1 DAGs
[2024-09-26T00:28:36.157+0000] {logging_mixin.py:190} INFO - [2024-09-26T00:28:36.157+0000] {dag.py:4156} INFO - Setting next_dagrun for dag_with_taskflow_api_v02 to 2024-09-22 00:00:00+00:00, run_after=2024-09-23 00:00:00+00:00
[2024-09-26T00:28:36.192+0000] {processor.py:208} INFO - Processing /opt/airflow/dags/create_dag_with_taskflow.py took 0.241 seconds
[2024-09-26T00:29:07.010+0000] {processor.py:186} INFO - Started process (PID=132641) to work on /opt/airflow/dags/create_dag_with_taskflow.py
[2024-09-26T00:29:07.014+0000] {processor.py:914} INFO - Processing file /opt/airflow/dags/create_dag_with_taskflow.py for tasks to queue
[2024-09-26T00:29:07.018+0000] {logging_mixin.py:190} INFO - [2024-09-26T00:29:07.017+0000] {dagbag.py:587} INFO - Filling up the DagBag from /opt/airflow/dags/create_dag_with_taskflow.py
[2024-09-26T00:29:07.143+0000] {processor.py:925} INFO - DAG(s) 'dag_with_taskflow_api_v02' retrieved from /opt/airflow/dags/create_dag_with_taskflow.py
[2024-09-26T00:29:07.205+0000] {logging_mixin.py:190} INFO - [2024-09-26T00:29:07.204+0000] {dag.py:3229} INFO - Sync 1 DAGs
[2024-09-26T00:29:07.244+0000] {logging_mixin.py:190} INFO - [2024-09-26T00:29:07.244+0000] {dag.py:4156} INFO - Setting next_dagrun for dag_with_taskflow_api_v02 to 2024-09-22 00:00:00+00:00, run_after=2024-09-23 00:00:00+00:00
[2024-09-26T00:29:07.266+0000] {processor.py:208} INFO - Processing /opt/airflow/dags/create_dag_with_taskflow.py took 0.271 seconds
[2024-09-26T00:29:38.230+0000] {processor.py:186} INFO - Started process (PID=132684) to work on /opt/airflow/dags/create_dag_with_taskflow.py
[2024-09-26T00:29:38.234+0000] {processor.py:914} INFO - Processing file /opt/airflow/dags/create_dag_with_taskflow.py for tasks to queue
[2024-09-26T00:29:38.238+0000] {logging_mixin.py:190} INFO - [2024-09-26T00:29:38.237+0000] {dagbag.py:587} INFO - Filling up the DagBag from /opt/airflow/dags/create_dag_with_taskflow.py
[2024-09-26T00:29:38.355+0000] {processor.py:925} INFO - DAG(s) 'dag_with_taskflow_api_v02' retrieved from /opt/airflow/dags/create_dag_with_taskflow.py
[2024-09-26T00:29:38.402+0000] {logging_mixin.py:190} INFO - [2024-09-26T00:29:38.401+0000] {dag.py:3229} INFO - Sync 1 DAGs
[2024-09-26T00:29:38.449+0000] {logging_mixin.py:190} INFO - [2024-09-26T00:29:38.449+0000] {dag.py:4156} INFO - Setting next_dagrun for dag_with_taskflow_api_v02 to 2024-09-22 00:00:00+00:00, run_after=2024-09-23 00:00:00+00:00
[2024-09-26T00:29:38.481+0000] {processor.py:208} INFO - Processing /opt/airflow/dags/create_dag_with_taskflow.py took 0.262 seconds
[2024-09-26T00:30:08.911+0000] {processor.py:186} INFO - Started process (PID=132727) to work on /opt/airflow/dags/create_dag_with_taskflow.py
[2024-09-26T00:30:08.913+0000] {processor.py:914} INFO - Processing file /opt/airflow/dags/create_dag_with_taskflow.py for tasks to queue
[2024-09-26T00:30:08.916+0000] {logging_mixin.py:190} INFO - [2024-09-26T00:30:08.915+0000] {dagbag.py:587} INFO - Filling up the DagBag from /opt/airflow/dags/create_dag_with_taskflow.py
[2024-09-26T00:30:09.027+0000] {processor.py:925} INFO - DAG(s) 'dag_with_taskflow_api_v02' retrieved from /opt/airflow/dags/create_dag_with_taskflow.py
[2024-09-26T00:30:09.055+0000] {logging_mixin.py:190} INFO - [2024-09-26T00:30:09.054+0000] {dag.py:3229} INFO - Sync 1 DAGs
[2024-09-26T00:30:09.082+0000] {logging_mixin.py:190} INFO - [2024-09-26T00:30:09.082+0000] {dag.py:4156} INFO - Setting next_dagrun for dag_with_taskflow_api_v02 to 2024-09-22 00:00:00+00:00, run_after=2024-09-23 00:00:00+00:00
[2024-09-26T00:30:09.109+0000] {processor.py:208} INFO - Processing /opt/airflow/dags/create_dag_with_taskflow.py took 0.206 seconds
[2024-09-26T00:30:39.694+0000] {processor.py:186} INFO - Started process (PID=132770) to work on /opt/airflow/dags/create_dag_with_taskflow.py
[2024-09-26T00:30:39.696+0000] {processor.py:914} INFO - Processing file /opt/airflow/dags/create_dag_with_taskflow.py for tasks to queue
[2024-09-26T00:30:39.698+0000] {logging_mixin.py:190} INFO - [2024-09-26T00:30:39.698+0000] {dagbag.py:587} INFO - Filling up the DagBag from /opt/airflow/dags/create_dag_with_taskflow.py
[2024-09-26T00:30:39.782+0000] {processor.py:925} INFO - DAG(s) 'dag_with_taskflow_api_v02' retrieved from /opt/airflow/dags/create_dag_with_taskflow.py
[2024-09-26T00:30:39.811+0000] {logging_mixin.py:190} INFO - [2024-09-26T00:30:39.811+0000] {dag.py:3229} INFO - Sync 1 DAGs
[2024-09-26T00:30:39.838+0000] {logging_mixin.py:190} INFO - [2024-09-26T00:30:39.837+0000] {dag.py:4156} INFO - Setting next_dagrun for dag_with_taskflow_api_v02 to 2024-09-22 00:00:00+00:00, run_after=2024-09-23 00:00:00+00:00
[2024-09-26T00:30:39.870+0000] {processor.py:208} INFO - Processing /opt/airflow/dags/create_dag_with_taskflow.py took 0.182 seconds
[2024-09-26T00:31:10.895+0000] {processor.py:186} INFO - Started process (PID=132813) to work on /opt/airflow/dags/create_dag_with_taskflow.py
[2024-09-26T00:31:10.896+0000] {processor.py:914} INFO - Processing file /opt/airflow/dags/create_dag_with_taskflow.py for tasks to queue
[2024-09-26T00:31:10.898+0000] {logging_mixin.py:190} INFO - [2024-09-26T00:31:10.898+0000] {dagbag.py:587} INFO - Filling up the DagBag from /opt/airflow/dags/create_dag_with_taskflow.py
[2024-09-26T00:31:11.016+0000] {processor.py:925} INFO - DAG(s) 'dag_with_taskflow_api_v02' retrieved from /opt/airflow/dags/create_dag_with_taskflow.py
[2024-09-26T00:31:11.041+0000] {logging_mixin.py:190} INFO - [2024-09-26T00:31:11.040+0000] {dag.py:3229} INFO - Sync 1 DAGs
[2024-09-26T00:31:11.064+0000] {logging_mixin.py:190} INFO - [2024-09-26T00:31:11.063+0000] {dag.py:4156} INFO - Setting next_dagrun for dag_with_taskflow_api_v02 to 2024-09-22 00:00:00+00:00, run_after=2024-09-23 00:00:00+00:00
[2024-09-26T00:31:11.091+0000] {processor.py:208} INFO - Processing /opt/airflow/dags/create_dag_with_taskflow.py took 0.202 seconds
[2024-09-26T00:31:41.444+0000] {processor.py:186} INFO - Started process (PID=132856) to work on /opt/airflow/dags/create_dag_with_taskflow.py
[2024-09-26T00:31:41.446+0000] {processor.py:914} INFO - Processing file /opt/airflow/dags/create_dag_with_taskflow.py for tasks to queue
[2024-09-26T00:31:41.449+0000] {logging_mixin.py:190} INFO - [2024-09-26T00:31:41.448+0000] {dagbag.py:587} INFO - Filling up the DagBag from /opt/airflow/dags/create_dag_with_taskflow.py
[2024-09-26T00:31:41.562+0000] {processor.py:925} INFO - DAG(s) 'dag_with_taskflow_api_v02' retrieved from /opt/airflow/dags/create_dag_with_taskflow.py
[2024-09-26T00:31:41.601+0000] {logging_mixin.py:190} INFO - [2024-09-26T00:31:41.600+0000] {dag.py:3229} INFO - Sync 1 DAGs
[2024-09-26T00:31:41.630+0000] {logging_mixin.py:190} INFO - [2024-09-26T00:31:41.630+0000] {dag.py:4156} INFO - Setting next_dagrun for dag_with_taskflow_api_v02 to 2024-09-22 00:00:00+00:00, run_after=2024-09-23 00:00:00+00:00
[2024-09-26T00:31:41.670+0000] {processor.py:208} INFO - Processing /opt/airflow/dags/create_dag_with_taskflow.py took 0.235 seconds
[2024-09-26T00:32:11.938+0000] {processor.py:186} INFO - Started process (PID=132899) to work on /opt/airflow/dags/create_dag_with_taskflow.py
[2024-09-26T00:32:11.941+0000] {processor.py:914} INFO - Processing file /opt/airflow/dags/create_dag_with_taskflow.py for tasks to queue
[2024-09-26T00:32:11.945+0000] {logging_mixin.py:190} INFO - [2024-09-26T00:32:11.945+0000] {dagbag.py:587} INFO - Filling up the DagBag from /opt/airflow/dags/create_dag_with_taskflow.py
[2024-09-26T00:32:12.051+0000] {processor.py:925} INFO - DAG(s) 'dag_with_taskflow_api_v02' retrieved from /opt/airflow/dags/create_dag_with_taskflow.py
[2024-09-26T00:32:12.092+0000] {logging_mixin.py:190} INFO - [2024-09-26T00:32:12.092+0000] {dag.py:3229} INFO - Sync 1 DAGs
[2024-09-26T00:32:12.121+0000] {logging_mixin.py:190} INFO - [2024-09-26T00:32:12.121+0000] {dag.py:4156} INFO - Setting next_dagrun for dag_with_taskflow_api_v02 to 2024-09-22 00:00:00+00:00, run_after=2024-09-23 00:00:00+00:00
[2024-09-26T00:32:12.148+0000] {processor.py:208} INFO - Processing /opt/airflow/dags/create_dag_with_taskflow.py took 0.216 seconds
[2024-09-26T00:32:42.416+0000] {processor.py:186} INFO - Started process (PID=132942) to work on /opt/airflow/dags/create_dag_with_taskflow.py
[2024-09-26T00:32:42.418+0000] {processor.py:914} INFO - Processing file /opt/airflow/dags/create_dag_with_taskflow.py for tasks to queue
[2024-09-26T00:32:42.421+0000] {logging_mixin.py:190} INFO - [2024-09-26T00:32:42.420+0000] {dagbag.py:587} INFO - Filling up the DagBag from /opt/airflow/dags/create_dag_with_taskflow.py
[2024-09-26T00:32:42.488+0000] {processor.py:925} INFO - DAG(s) 'dag_with_taskflow_api_v02' retrieved from /opt/airflow/dags/create_dag_with_taskflow.py
[2024-09-26T00:32:42.516+0000] {logging_mixin.py:190} INFO - [2024-09-26T00:32:42.516+0000] {dag.py:3229} INFO - Sync 1 DAGs
[2024-09-26T00:32:42.543+0000] {logging_mixin.py:190} INFO - [2024-09-26T00:32:42.543+0000] {dag.py:4156} INFO - Setting next_dagrun for dag_with_taskflow_api_v02 to 2024-09-22 00:00:00+00:00, run_after=2024-09-23 00:00:00+00:00
[2024-09-26T00:32:42.570+0000] {processor.py:208} INFO - Processing /opt/airflow/dags/create_dag_with_taskflow.py took 0.160 seconds
[2024-09-26T00:33:12.895+0000] {processor.py:186} INFO - Started process (PID=132985) to work on /opt/airflow/dags/create_dag_with_taskflow.py
[2024-09-26T00:33:12.897+0000] {processor.py:914} INFO - Processing file /opt/airflow/dags/create_dag_with_taskflow.py for tasks to queue
[2024-09-26T00:33:12.900+0000] {logging_mixin.py:190} INFO - [2024-09-26T00:33:12.899+0000] {dagbag.py:587} INFO - Filling up the DagBag from /opt/airflow/dags/create_dag_with_taskflow.py
[2024-09-26T00:33:13.010+0000] {processor.py:925} INFO - DAG(s) 'dag_with_taskflow_api_v02' retrieved from /opt/airflow/dags/create_dag_with_taskflow.py
[2024-09-26T00:33:13.043+0000] {logging_mixin.py:190} INFO - [2024-09-26T00:33:13.043+0000] {dag.py:3229} INFO - Sync 1 DAGs
[2024-09-26T00:33:13.068+0000] {logging_mixin.py:190} INFO - [2024-09-26T00:33:13.067+0000] {dag.py:4156} INFO - Setting next_dagrun for dag_with_taskflow_api_v02 to 2024-09-22 00:00:00+00:00, run_after=2024-09-23 00:00:00+00:00
[2024-09-26T00:33:13.089+0000] {processor.py:208} INFO - Processing /opt/airflow/dags/create_dag_with_taskflow.py took 0.200 seconds
[2024-09-26T00:33:43.637+0000] {processor.py:186} INFO - Started process (PID=133028) to work on /opt/airflow/dags/create_dag_with_taskflow.py
[2024-09-26T00:33:43.638+0000] {processor.py:914} INFO - Processing file /opt/airflow/dags/create_dag_with_taskflow.py for tasks to queue
[2024-09-26T00:33:43.640+0000] {logging_mixin.py:190} INFO - [2024-09-26T00:33:43.640+0000] {dagbag.py:587} INFO - Filling up the DagBag from /opt/airflow/dags/create_dag_with_taskflow.py
[2024-09-26T00:33:43.726+0000] {processor.py:925} INFO - DAG(s) 'dag_with_taskflow_api_v02' retrieved from /opt/airflow/dags/create_dag_with_taskflow.py
[2024-09-26T00:33:43.761+0000] {logging_mixin.py:190} INFO - [2024-09-26T00:33:43.761+0000] {dag.py:3229} INFO - Sync 1 DAGs
[2024-09-26T00:33:43.783+0000] {logging_mixin.py:190} INFO - [2024-09-26T00:33:43.783+0000] {dag.py:4156} INFO - Setting next_dagrun for dag_with_taskflow_api_v02 to 2024-09-22 00:00:00+00:00, run_after=2024-09-23 00:00:00+00:00
[2024-09-26T00:33:43.807+0000] {processor.py:208} INFO - Processing /opt/airflow/dags/create_dag_with_taskflow.py took 0.176 seconds
[2024-09-26T00:34:14.160+0000] {processor.py:186} INFO - Started process (PID=133068) to work on /opt/airflow/dags/create_dag_with_taskflow.py
[2024-09-26T00:34:14.163+0000] {processor.py:914} INFO - Processing file /opt/airflow/dags/create_dag_with_taskflow.py for tasks to queue
[2024-09-26T00:34:14.166+0000] {logging_mixin.py:190} INFO - [2024-09-26T00:34:14.165+0000] {dagbag.py:587} INFO - Filling up the DagBag from /opt/airflow/dags/create_dag_with_taskflow.py
[2024-09-26T00:34:14.254+0000] {processor.py:925} INFO - DAG(s) 'dag_with_taskflow_api_v02' retrieved from /opt/airflow/dags/create_dag_with_taskflow.py
[2024-09-26T00:34:14.281+0000] {logging_mixin.py:190} INFO - [2024-09-26T00:34:14.281+0000] {dag.py:3229} INFO - Sync 1 DAGs
[2024-09-26T00:34:14.309+0000] {logging_mixin.py:190} INFO - [2024-09-26T00:34:14.309+0000] {dag.py:4156} INFO - Setting next_dagrun for dag_with_taskflow_api_v02 to 2024-09-22 00:00:00+00:00, run_after=2024-09-23 00:00:00+00:00
[2024-09-26T00:34:14.352+0000] {processor.py:208} INFO - Processing /opt/airflow/dags/create_dag_with_taskflow.py took 0.200 seconds
[2024-09-26T00:34:44.619+0000] {processor.py:186} INFO - Started process (PID=133111) to work on /opt/airflow/dags/create_dag_with_taskflow.py
[2024-09-26T00:34:44.621+0000] {processor.py:914} INFO - Processing file /opt/airflow/dags/create_dag_with_taskflow.py for tasks to queue
[2024-09-26T00:34:44.626+0000] {logging_mixin.py:190} INFO - [2024-09-26T00:34:44.625+0000] {dagbag.py:587} INFO - Filling up the DagBag from /opt/airflow/dags/create_dag_with_taskflow.py
[2024-09-26T00:34:44.715+0000] {processor.py:925} INFO - DAG(s) 'dag_with_taskflow_api_v02' retrieved from /opt/airflow/dags/create_dag_with_taskflow.py
[2024-09-26T00:34:44.743+0000] {logging_mixin.py:190} INFO - [2024-09-26T00:34:44.742+0000] {dag.py:3229} INFO - Sync 1 DAGs
[2024-09-26T00:34:44.764+0000] {logging_mixin.py:190} INFO - [2024-09-26T00:34:44.764+0000] {dag.py:4156} INFO - Setting next_dagrun for dag_with_taskflow_api_v02 to 2024-09-22 00:00:00+00:00, run_after=2024-09-23 00:00:00+00:00
[2024-09-26T00:34:44.786+0000] {processor.py:208} INFO - Processing /opt/airflow/dags/create_dag_with_taskflow.py took 0.174 seconds
[2024-09-26T00:35:15.296+0000] {processor.py:186} INFO - Started process (PID=133154) to work on /opt/airflow/dags/create_dag_with_taskflow.py
[2024-09-26T00:35:15.298+0000] {processor.py:914} INFO - Processing file /opt/airflow/dags/create_dag_with_taskflow.py for tasks to queue
[2024-09-26T00:35:15.301+0000] {logging_mixin.py:190} INFO - [2024-09-26T00:35:15.301+0000] {dagbag.py:587} INFO - Filling up the DagBag from /opt/airflow/dags/create_dag_with_taskflow.py
[2024-09-26T00:35:15.398+0000] {processor.py:925} INFO - DAG(s) 'dag_with_taskflow_api_v02' retrieved from /opt/airflow/dags/create_dag_with_taskflow.py
[2024-09-26T00:35:15.430+0000] {logging_mixin.py:190} INFO - [2024-09-26T00:35:15.429+0000] {dag.py:3229} INFO - Sync 1 DAGs
[2024-09-26T00:35:15.454+0000] {logging_mixin.py:190} INFO - [2024-09-26T00:35:15.453+0000] {dag.py:4156} INFO - Setting next_dagrun for dag_with_taskflow_api_v02 to 2024-09-22 00:00:00+00:00, run_after=2024-09-23 00:00:00+00:00
[2024-09-26T00:35:15.481+0000] {processor.py:208} INFO - Processing /opt/airflow/dags/create_dag_with_taskflow.py took 0.196 seconds
[2024-09-26T00:35:45.654+0000] {processor.py:186} INFO - Started process (PID=133197) to work on /opt/airflow/dags/create_dag_with_taskflow.py
[2024-09-26T00:35:45.656+0000] {processor.py:914} INFO - Processing file /opt/airflow/dags/create_dag_with_taskflow.py for tasks to queue
[2024-09-26T00:35:45.658+0000] {logging_mixin.py:190} INFO - [2024-09-26T00:35:45.657+0000] {dagbag.py:587} INFO - Filling up the DagBag from /opt/airflow/dags/create_dag_with_taskflow.py
[2024-09-26T00:35:45.739+0000] {processor.py:925} INFO - DAG(s) 'dag_with_taskflow_api_v02' retrieved from /opt/airflow/dags/create_dag_with_taskflow.py
[2024-09-26T00:35:45.768+0000] {logging_mixin.py:190} INFO - [2024-09-26T00:35:45.767+0000] {dag.py:3229} INFO - Sync 1 DAGs
[2024-09-26T00:35:45.793+0000] {logging_mixin.py:190} INFO - [2024-09-26T00:35:45.793+0000] {dag.py:4156} INFO - Setting next_dagrun for dag_with_taskflow_api_v02 to 2024-09-22 00:00:00+00:00, run_after=2024-09-23 00:00:00+00:00
[2024-09-26T00:35:45.822+0000] {processor.py:208} INFO - Processing /opt/airflow/dags/create_dag_with_taskflow.py took 0.173 seconds
[2024-09-26T00:36:16.325+0000] {processor.py:186} INFO - Started process (PID=133240) to work on /opt/airflow/dags/create_dag_with_taskflow.py
[2024-09-26T00:36:16.328+0000] {processor.py:914} INFO - Processing file /opt/airflow/dags/create_dag_with_taskflow.py for tasks to queue
[2024-09-26T00:36:16.331+0000] {logging_mixin.py:190} INFO - [2024-09-26T00:36:16.331+0000] {dagbag.py:587} INFO - Filling up the DagBag from /opt/airflow/dags/create_dag_with_taskflow.py
[2024-09-26T00:36:16.450+0000] {processor.py:925} INFO - DAG(s) 'dag_with_taskflow_api_v02' retrieved from /opt/airflow/dags/create_dag_with_taskflow.py
[2024-09-26T00:36:16.477+0000] {logging_mixin.py:190} INFO - [2024-09-26T00:36:16.477+0000] {dag.py:3229} INFO - Sync 1 DAGs
[2024-09-26T00:36:16.500+0000] {logging_mixin.py:190} INFO - [2024-09-26T00:36:16.499+0000] {dag.py:4156} INFO - Setting next_dagrun for dag_with_taskflow_api_v02 to 2024-09-22 00:00:00+00:00, run_after=2024-09-23 00:00:00+00:00
[2024-09-26T00:36:16.525+0000] {processor.py:208} INFO - Processing /opt/airflow/dags/create_dag_with_taskflow.py took 0.215 seconds
[2024-09-26T00:36:46.935+0000] {processor.py:186} INFO - Started process (PID=133283) to work on /opt/airflow/dags/create_dag_with_taskflow.py
[2024-09-26T00:36:46.938+0000] {processor.py:914} INFO - Processing file /opt/airflow/dags/create_dag_with_taskflow.py for tasks to queue
[2024-09-26T00:36:46.942+0000] {logging_mixin.py:190} INFO - [2024-09-26T00:36:46.941+0000] {dagbag.py:587} INFO - Filling up the DagBag from /opt/airflow/dags/create_dag_with_taskflow.py
[2024-09-26T00:36:47.065+0000] {processor.py:925} INFO - DAG(s) 'dag_with_taskflow_api_v02' retrieved from /opt/airflow/dags/create_dag_with_taskflow.py
[2024-09-26T00:36:47.107+0000] {logging_mixin.py:190} INFO - [2024-09-26T00:36:47.107+0000] {dag.py:3229} INFO - Sync 1 DAGs
[2024-09-26T00:36:47.134+0000] {logging_mixin.py:190} INFO - [2024-09-26T00:36:47.134+0000] {dag.py:4156} INFO - Setting next_dagrun for dag_with_taskflow_api_v02 to 2024-09-22 00:00:00+00:00, run_after=2024-09-23 00:00:00+00:00
[2024-09-26T00:36:47.157+0000] {processor.py:208} INFO - Processing /opt/airflow/dags/create_dag_with_taskflow.py took 0.234 seconds
[2024-09-26T00:37:17.665+0000] {processor.py:186} INFO - Started process (PID=133326) to work on /opt/airflow/dags/create_dag_with_taskflow.py
[2024-09-26T00:37:17.667+0000] {processor.py:914} INFO - Processing file /opt/airflow/dags/create_dag_with_taskflow.py for tasks to queue
[2024-09-26T00:37:17.670+0000] {logging_mixin.py:190} INFO - [2024-09-26T00:37:17.670+0000] {dagbag.py:587} INFO - Filling up the DagBag from /opt/airflow/dags/create_dag_with_taskflow.py
[2024-09-26T00:37:17.779+0000] {processor.py:925} INFO - DAG(s) 'dag_with_taskflow_api_v02' retrieved from /opt/airflow/dags/create_dag_with_taskflow.py
[2024-09-26T00:37:17.817+0000] {logging_mixin.py:190} INFO - [2024-09-26T00:37:17.816+0000] {dag.py:3229} INFO - Sync 1 DAGs
[2024-09-26T00:37:17.843+0000] {logging_mixin.py:190} INFO - [2024-09-26T00:37:17.842+0000] {dag.py:4156} INFO - Setting next_dagrun for dag_with_taskflow_api_v02 to 2024-09-22 00:00:00+00:00, run_after=2024-09-23 00:00:00+00:00
[2024-09-26T00:37:17.877+0000] {processor.py:208} INFO - Processing /opt/airflow/dags/create_dag_with_taskflow.py took 0.226 seconds
[2024-09-26T00:37:48.188+0000] {processor.py:186} INFO - Started process (PID=133369) to work on /opt/airflow/dags/create_dag_with_taskflow.py
[2024-09-26T00:37:48.190+0000] {processor.py:914} INFO - Processing file /opt/airflow/dags/create_dag_with_taskflow.py for tasks to queue
[2024-09-26T00:37:48.192+0000] {logging_mixin.py:190} INFO - [2024-09-26T00:37:48.191+0000] {dagbag.py:587} INFO - Filling up the DagBag from /opt/airflow/dags/create_dag_with_taskflow.py
[2024-09-26T00:37:48.267+0000] {processor.py:925} INFO - DAG(s) 'dag_with_taskflow_api_v02' retrieved from /opt/airflow/dags/create_dag_with_taskflow.py
[2024-09-26T00:37:48.294+0000] {logging_mixin.py:190} INFO - [2024-09-26T00:37:48.294+0000] {dag.py:3229} INFO - Sync 1 DAGs
[2024-09-26T00:37:48.321+0000] {logging_mixin.py:190} INFO - [2024-09-26T00:37:48.321+0000] {dag.py:4156} INFO - Setting next_dagrun for dag_with_taskflow_api_v02 to 2024-09-22 00:00:00+00:00, run_after=2024-09-23 00:00:00+00:00
[2024-09-26T00:37:48.349+0000] {processor.py:208} INFO - Processing /opt/airflow/dags/create_dag_with_taskflow.py took 0.168 seconds
[2024-09-26T00:38:18.803+0000] {processor.py:186} INFO - Started process (PID=133412) to work on /opt/airflow/dags/create_dag_with_taskflow.py
[2024-09-26T00:38:18.806+0000] {processor.py:914} INFO - Processing file /opt/airflow/dags/create_dag_with_taskflow.py for tasks to queue
[2024-09-26T00:38:18.809+0000] {logging_mixin.py:190} INFO - [2024-09-26T00:38:18.809+0000] {dagbag.py:587} INFO - Filling up the DagBag from /opt/airflow/dags/create_dag_with_taskflow.py
[2024-09-26T00:38:18.923+0000] {processor.py:925} INFO - DAG(s) 'dag_with_taskflow_api_v02' retrieved from /opt/airflow/dags/create_dag_with_taskflow.py
[2024-09-26T00:38:18.958+0000] {logging_mixin.py:190} INFO - [2024-09-26T00:38:18.958+0000] {dag.py:3229} INFO - Sync 1 DAGs
[2024-09-26T00:38:18.981+0000] {logging_mixin.py:190} INFO - [2024-09-26T00:38:18.981+0000] {dag.py:4156} INFO - Setting next_dagrun for dag_with_taskflow_api_v02 to 2024-09-22 00:00:00+00:00, run_after=2024-09-23 00:00:00+00:00
[2024-09-26T00:38:19.024+0000] {processor.py:208} INFO - Processing /opt/airflow/dags/create_dag_with_taskflow.py took 0.232 seconds
[2024-09-26T00:38:49.545+0000] {processor.py:186} INFO - Started process (PID=133455) to work on /opt/airflow/dags/create_dag_with_taskflow.py
[2024-09-26T00:38:49.547+0000] {processor.py:914} INFO - Processing file /opt/airflow/dags/create_dag_with_taskflow.py for tasks to queue
[2024-09-26T00:38:49.550+0000] {logging_mixin.py:190} INFO - [2024-09-26T00:38:49.549+0000] {dagbag.py:587} INFO - Filling up the DagBag from /opt/airflow/dags/create_dag_with_taskflow.py
[2024-09-26T00:38:49.623+0000] {processor.py:925} INFO - DAG(s) 'dag_with_taskflow_api_v02' retrieved from /opt/airflow/dags/create_dag_with_taskflow.py
[2024-09-26T00:38:49.651+0000] {logging_mixin.py:190} INFO - [2024-09-26T00:38:49.651+0000] {dag.py:3229} INFO - Sync 1 DAGs
[2024-09-26T00:38:49.672+0000] {logging_mixin.py:190} INFO - [2024-09-26T00:38:49.671+0000] {dag.py:4156} INFO - Setting next_dagrun for dag_with_taskflow_api_v02 to 2024-09-22 00:00:00+00:00, run_after=2024-09-23 00:00:00+00:00
[2024-09-26T00:38:49.697+0000] {processor.py:208} INFO - Processing /opt/airflow/dags/create_dag_with_taskflow.py took 0.169 seconds
[2024-09-26T00:39:20.104+0000] {processor.py:186} INFO - Started process (PID=133498) to work on /opt/airflow/dags/create_dag_with_taskflow.py
[2024-09-26T00:39:20.106+0000] {processor.py:914} INFO - Processing file /opt/airflow/dags/create_dag_with_taskflow.py for tasks to queue
[2024-09-26T00:39:20.108+0000] {logging_mixin.py:190} INFO - [2024-09-26T00:39:20.108+0000] {dagbag.py:587} INFO - Filling up the DagBag from /opt/airflow/dags/create_dag_with_taskflow.py
[2024-09-26T00:39:20.181+0000] {processor.py:925} INFO - DAG(s) 'dag_with_taskflow_api_v02' retrieved from /opt/airflow/dags/create_dag_with_taskflow.py
[2024-09-26T00:39:20.211+0000] {logging_mixin.py:190} INFO - [2024-09-26T00:39:20.210+0000] {dag.py:3229} INFO - Sync 1 DAGs
[2024-09-26T00:39:20.234+0000] {logging_mixin.py:190} INFO - [2024-09-26T00:39:20.234+0000] {dag.py:4156} INFO - Setting next_dagrun for dag_with_taskflow_api_v02 to 2024-09-22 00:00:00+00:00, run_after=2024-09-23 00:00:00+00:00
[2024-09-26T00:39:20.261+0000] {processor.py:208} INFO - Processing /opt/airflow/dags/create_dag_with_taskflow.py took 0.163 seconds
[2024-09-26T00:39:51.692+0000] {processor.py:186} INFO - Started process (PID=133541) to work on /opt/airflow/dags/create_dag_with_taskflow.py
[2024-09-26T00:39:51.696+0000] {processor.py:914} INFO - Processing file /opt/airflow/dags/create_dag_with_taskflow.py for tasks to queue
[2024-09-26T00:39:51.699+0000] {logging_mixin.py:190} INFO - [2024-09-26T00:39:51.699+0000] {dagbag.py:587} INFO - Filling up the DagBag from /opt/airflow/dags/create_dag_with_taskflow.py
[2024-09-26T00:39:51.811+0000] {processor.py:925} INFO - DAG(s) 'dag_with_taskflow_api_v02' retrieved from /opt/airflow/dags/create_dag_with_taskflow.py
[2024-09-26T00:39:51.841+0000] {logging_mixin.py:190} INFO - [2024-09-26T00:39:51.841+0000] {dag.py:3229} INFO - Sync 1 DAGs
[2024-09-26T00:39:51.863+0000] {logging_mixin.py:190} INFO - [2024-09-26T00:39:51.862+0000] {dag.py:4156} INFO - Setting next_dagrun for dag_with_taskflow_api_v02 to 2024-09-22 00:00:00+00:00, run_after=2024-09-23 00:00:00+00:00
[2024-09-26T00:39:51.897+0000] {processor.py:208} INFO - Processing /opt/airflow/dags/create_dag_with_taskflow.py took 0.212 seconds
[2024-09-26T00:40:22.186+0000] {processor.py:186} INFO - Started process (PID=133582) to work on /opt/airflow/dags/create_dag_with_taskflow.py
[2024-09-26T00:40:22.188+0000] {processor.py:914} INFO - Processing file /opt/airflow/dags/create_dag_with_taskflow.py for tasks to queue
[2024-09-26T00:40:22.190+0000] {logging_mixin.py:190} INFO - [2024-09-26T00:40:22.189+0000] {dagbag.py:587} INFO - Filling up the DagBag from /opt/airflow/dags/create_dag_with_taskflow.py
[2024-09-26T00:40:22.283+0000] {processor.py:925} INFO - DAG(s) 'dag_with_taskflow_api_v02' retrieved from /opt/airflow/dags/create_dag_with_taskflow.py
[2024-09-26T00:40:22.314+0000] {logging_mixin.py:190} INFO - [2024-09-26T00:40:22.313+0000] {dag.py:3229} INFO - Sync 1 DAGs
[2024-09-26T00:40:22.334+0000] {logging_mixin.py:190} INFO - [2024-09-26T00:40:22.334+0000] {dag.py:4156} INFO - Setting next_dagrun for dag_with_taskflow_api_v02 to 2024-09-22 00:00:00+00:00, run_after=2024-09-23 00:00:00+00:00
[2024-09-26T00:40:22.357+0000] {processor.py:208} INFO - Processing /opt/airflow/dags/create_dag_with_taskflow.py took 0.180 seconds
[2024-09-26T00:40:52.935+0000] {processor.py:186} INFO - Started process (PID=133627) to work on /opt/airflow/dags/create_dag_with_taskflow.py
[2024-09-26T00:40:52.938+0000] {processor.py:914} INFO - Processing file /opt/airflow/dags/create_dag_with_taskflow.py for tasks to queue
[2024-09-26T00:40:52.939+0000] {logging_mixin.py:190} INFO - [2024-09-26T00:40:52.939+0000] {dagbag.py:587} INFO - Filling up the DagBag from /opt/airflow/dags/create_dag_with_taskflow.py
[2024-09-26T00:40:53.043+0000] {processor.py:925} INFO - DAG(s) 'dag_with_taskflow_api_v02' retrieved from /opt/airflow/dags/create_dag_with_taskflow.py
[2024-09-26T00:40:53.067+0000] {logging_mixin.py:190} INFO - [2024-09-26T00:40:53.067+0000] {dag.py:3229} INFO - Sync 1 DAGs
[2024-09-26T00:40:53.088+0000] {logging_mixin.py:190} INFO - [2024-09-26T00:40:53.087+0000] {dag.py:4156} INFO - Setting next_dagrun for dag_with_taskflow_api_v02 to 2024-09-22 00:00:00+00:00, run_after=2024-09-23 00:00:00+00:00
[2024-09-26T00:40:53.121+0000] {processor.py:208} INFO - Processing /opt/airflow/dags/create_dag_with_taskflow.py took 0.202 seconds
[2024-09-26T00:41:23.289+0000] {processor.py:186} INFO - Started process (PID=133668) to work on /opt/airflow/dags/create_dag_with_taskflow.py
[2024-09-26T00:41:23.290+0000] {processor.py:914} INFO - Processing file /opt/airflow/dags/create_dag_with_taskflow.py for tasks to queue
[2024-09-26T00:41:23.292+0000] {logging_mixin.py:190} INFO - [2024-09-26T00:41:23.292+0000] {dagbag.py:587} INFO - Filling up the DagBag from /opt/airflow/dags/create_dag_with_taskflow.py
[2024-09-26T00:41:23.393+0000] {processor.py:925} INFO - DAG(s) 'dag_with_taskflow_api_v02' retrieved from /opt/airflow/dags/create_dag_with_taskflow.py
[2024-09-26T00:41:23.424+0000] {logging_mixin.py:190} INFO - [2024-09-26T00:41:23.424+0000] {dag.py:3229} INFO - Sync 1 DAGs
[2024-09-26T00:41:23.446+0000] {logging_mixin.py:190} INFO - [2024-09-26T00:41:23.446+0000] {dag.py:4156} INFO - Setting next_dagrun for dag_with_taskflow_api_v02 to 2024-09-22 00:00:00+00:00, run_after=2024-09-23 00:00:00+00:00
[2024-09-26T00:41:23.475+0000] {processor.py:208} INFO - Processing /opt/airflow/dags/create_dag_with_taskflow.py took 0.191 seconds
[2024-09-26T00:41:54.104+0000] {processor.py:186} INFO - Started process (PID=133713) to work on /opt/airflow/dags/create_dag_with_taskflow.py
[2024-09-26T00:41:54.106+0000] {processor.py:914} INFO - Processing file /opt/airflow/dags/create_dag_with_taskflow.py for tasks to queue
[2024-09-26T00:41:54.108+0000] {logging_mixin.py:190} INFO - [2024-09-26T00:41:54.108+0000] {dagbag.py:587} INFO - Filling up the DagBag from /opt/airflow/dags/create_dag_with_taskflow.py
[2024-09-26T00:41:54.186+0000] {processor.py:925} INFO - DAG(s) 'dag_with_taskflow_api_v02' retrieved from /opt/airflow/dags/create_dag_with_taskflow.py
[2024-09-26T00:41:54.211+0000] {logging_mixin.py:190} INFO - [2024-09-26T00:41:54.211+0000] {dag.py:3229} INFO - Sync 1 DAGs
[2024-09-26T00:41:54.232+0000] {logging_mixin.py:190} INFO - [2024-09-26T00:41:54.232+0000] {dag.py:4156} INFO - Setting next_dagrun for dag_with_taskflow_api_v02 to 2024-09-22 00:00:00+00:00, run_after=2024-09-23 00:00:00+00:00
[2024-09-26T00:41:54.259+0000] {processor.py:208} INFO - Processing /opt/airflow/dags/create_dag_with_taskflow.py took 0.160 seconds
[2024-09-26T00:42:24.664+0000] {processor.py:186} INFO - Started process (PID=133754) to work on /opt/airflow/dags/create_dag_with_taskflow.py
[2024-09-26T00:42:24.665+0000] {processor.py:914} INFO - Processing file /opt/airflow/dags/create_dag_with_taskflow.py for tasks to queue
[2024-09-26T00:42:24.668+0000] {logging_mixin.py:190} INFO - [2024-09-26T00:42:24.667+0000] {dagbag.py:587} INFO - Filling up the DagBag from /opt/airflow/dags/create_dag_with_taskflow.py
[2024-09-26T00:42:24.773+0000] {processor.py:925} INFO - DAG(s) 'dag_with_taskflow_api_v02' retrieved from /opt/airflow/dags/create_dag_with_taskflow.py
[2024-09-26T00:42:24.824+0000] {logging_mixin.py:190} INFO - [2024-09-26T00:42:24.824+0000] {dag.py:3229} INFO - Sync 1 DAGs
[2024-09-26T00:42:24.850+0000] {logging_mixin.py:190} INFO - [2024-09-26T00:42:24.850+0000] {dag.py:4156} INFO - Setting next_dagrun for dag_with_taskflow_api_v02 to 2024-09-22 00:00:00+00:00, run_after=2024-09-23 00:00:00+00:00
[2024-09-26T00:42:24.877+0000] {processor.py:208} INFO - Processing /opt/airflow/dags/create_dag_with_taskflow.py took 0.219 seconds
[2024-09-26T00:42:55.079+0000] {processor.py:186} INFO - Started process (PID=133797) to work on /opt/airflow/dags/create_dag_with_taskflow.py
[2024-09-26T00:42:55.081+0000] {processor.py:914} INFO - Processing file /opt/airflow/dags/create_dag_with_taskflow.py for tasks to queue
[2024-09-26T00:42:55.083+0000] {logging_mixin.py:190} INFO - [2024-09-26T00:42:55.082+0000] {dagbag.py:587} INFO - Filling up the DagBag from /opt/airflow/dags/create_dag_with_taskflow.py
[2024-09-26T00:42:55.175+0000] {processor.py:925} INFO - DAG(s) 'dag_with_taskflow_api_v02' retrieved from /opt/airflow/dags/create_dag_with_taskflow.py
[2024-09-26T00:42:55.200+0000] {logging_mixin.py:190} INFO - [2024-09-26T00:42:55.200+0000] {dag.py:3229} INFO - Sync 1 DAGs
[2024-09-26T00:42:55.224+0000] {logging_mixin.py:190} INFO - [2024-09-26T00:42:55.223+0000] {dag.py:4156} INFO - Setting next_dagrun for dag_with_taskflow_api_v02 to 2024-09-22 00:00:00+00:00, run_after=2024-09-23 00:00:00+00:00
[2024-09-26T00:42:55.251+0000] {processor.py:208} INFO - Processing /opt/airflow/dags/create_dag_with_taskflow.py took 0.177 seconds
[2024-09-26T00:43:25.736+0000] {processor.py:186} INFO - Started process (PID=133842) to work on /opt/airflow/dags/create_dag_with_taskflow.py
[2024-09-26T00:43:25.738+0000] {processor.py:914} INFO - Processing file /opt/airflow/dags/create_dag_with_taskflow.py for tasks to queue
[2024-09-26T00:43:25.740+0000] {logging_mixin.py:190} INFO - [2024-09-26T00:43:25.740+0000] {dagbag.py:587} INFO - Filling up the DagBag from /opt/airflow/dags/create_dag_with_taskflow.py
[2024-09-26T00:43:25.858+0000] {processor.py:925} INFO - DAG(s) 'dag_with_taskflow_api_v02' retrieved from /opt/airflow/dags/create_dag_with_taskflow.py
[2024-09-26T00:43:25.891+0000] {logging_mixin.py:190} INFO - [2024-09-26T00:43:25.891+0000] {dag.py:3229} INFO - Sync 1 DAGs
[2024-09-26T00:43:25.916+0000] {logging_mixin.py:190} INFO - [2024-09-26T00:43:25.916+0000] {dag.py:4156} INFO - Setting next_dagrun for dag_with_taskflow_api_v02 to 2024-09-22 00:00:00+00:00, run_after=2024-09-23 00:00:00+00:00
[2024-09-26T00:43:25.941+0000] {processor.py:208} INFO - Processing /opt/airflow/dags/create_dag_with_taskflow.py took 0.213 seconds
[2024-09-26T00:43:56.131+0000] {processor.py:186} INFO - Started process (PID=133883) to work on /opt/airflow/dags/create_dag_with_taskflow.py
[2024-09-26T00:43:56.133+0000] {processor.py:914} INFO - Processing file /opt/airflow/dags/create_dag_with_taskflow.py for tasks to queue
[2024-09-26T00:43:56.135+0000] {logging_mixin.py:190} INFO - [2024-09-26T00:43:56.134+0000] {dagbag.py:587} INFO - Filling up the DagBag from /opt/airflow/dags/create_dag_with_taskflow.py
[2024-09-26T00:43:56.206+0000] {processor.py:925} INFO - DAG(s) 'dag_with_taskflow_api_v02' retrieved from /opt/airflow/dags/create_dag_with_taskflow.py
[2024-09-26T00:43:56.234+0000] {logging_mixin.py:190} INFO - [2024-09-26T00:43:56.234+0000] {dag.py:3229} INFO - Sync 1 DAGs
[2024-09-26T00:43:56.260+0000] {logging_mixin.py:190} INFO - [2024-09-26T00:43:56.260+0000] {dag.py:4156} INFO - Setting next_dagrun for dag_with_taskflow_api_v02 to 2024-09-22 00:00:00+00:00, run_after=2024-09-23 00:00:00+00:00
[2024-09-26T00:43:56.285+0000] {processor.py:208} INFO - Processing /opt/airflow/dags/create_dag_with_taskflow.py took 0.160 seconds
[2024-09-26T00:44:26.744+0000] {processor.py:186} INFO - Started process (PID=133926) to work on /opt/airflow/dags/create_dag_with_taskflow.py
[2024-09-26T00:44:26.746+0000] {processor.py:914} INFO - Processing file /opt/airflow/dags/create_dag_with_taskflow.py for tasks to queue
[2024-09-26T00:44:26.749+0000] {logging_mixin.py:190} INFO - [2024-09-26T00:44:26.749+0000] {dagbag.py:587} INFO - Filling up the DagBag from /opt/airflow/dags/create_dag_with_taskflow.py
[2024-09-26T00:44:26.827+0000] {processor.py:925} INFO - DAG(s) 'dag_with_taskflow_api_v02' retrieved from /opt/airflow/dags/create_dag_with_taskflow.py
[2024-09-26T00:44:26.856+0000] {logging_mixin.py:190} INFO - [2024-09-26T00:44:26.856+0000] {dag.py:3229} INFO - Sync 1 DAGs
[2024-09-26T00:44:26.888+0000] {logging_mixin.py:190} INFO - [2024-09-26T00:44:26.888+0000] {dag.py:4156} INFO - Setting next_dagrun for dag_with_taskflow_api_v02 to 2024-09-22 00:00:00+00:00, run_after=2024-09-23 00:00:00+00:00
[2024-09-26T00:44:26.917+0000] {processor.py:208} INFO - Processing /opt/airflow/dags/create_dag_with_taskflow.py took 0.179 seconds
[2024-09-26T00:44:57.209+0000] {processor.py:186} INFO - Started process (PID=133969) to work on /opt/airflow/dags/create_dag_with_taskflow.py
[2024-09-26T00:44:57.211+0000] {processor.py:914} INFO - Processing file /opt/airflow/dags/create_dag_with_taskflow.py for tasks to queue
[2024-09-26T00:44:57.213+0000] {logging_mixin.py:190} INFO - [2024-09-26T00:44:57.212+0000] {dagbag.py:587} INFO - Filling up the DagBag from /opt/airflow/dags/create_dag_with_taskflow.py
[2024-09-26T00:44:57.295+0000] {processor.py:925} INFO - DAG(s) 'dag_with_taskflow_api_v02' retrieved from /opt/airflow/dags/create_dag_with_taskflow.py
[2024-09-26T00:44:57.320+0000] {logging_mixin.py:190} INFO - [2024-09-26T00:44:57.320+0000] {dag.py:3229} INFO - Sync 1 DAGs
[2024-09-26T00:44:57.344+0000] {logging_mixin.py:190} INFO - [2024-09-26T00:44:57.343+0000] {dag.py:4156} INFO - Setting next_dagrun for dag_with_taskflow_api_v02 to 2024-09-22 00:00:00+00:00, run_after=2024-09-23 00:00:00+00:00
[2024-09-26T00:44:57.368+0000] {processor.py:208} INFO - Processing /opt/airflow/dags/create_dag_with_taskflow.py took 0.165 seconds
[2024-09-26T00:45:28.072+0000] {processor.py:186} INFO - Started process (PID=134014) to work on /opt/airflow/dags/create_dag_with_taskflow.py
[2024-09-26T00:45:28.076+0000] {processor.py:914} INFO - Processing file /opt/airflow/dags/create_dag_with_taskflow.py for tasks to queue
[2024-09-26T00:45:28.080+0000] {logging_mixin.py:190} INFO - [2024-09-26T00:45:28.079+0000] {dagbag.py:587} INFO - Filling up the DagBag from /opt/airflow/dags/create_dag_with_taskflow.py
[2024-09-26T00:45:28.208+0000] {processor.py:925} INFO - DAG(s) 'dag_with_taskflow_api_v02' retrieved from /opt/airflow/dags/create_dag_with_taskflow.py
[2024-09-26T00:45:28.258+0000] {logging_mixin.py:190} INFO - [2024-09-26T00:45:28.258+0000] {dag.py:3229} INFO - Sync 1 DAGs
[2024-09-26T00:45:28.300+0000] {logging_mixin.py:190} INFO - [2024-09-26T00:45:28.300+0000] {dag.py:4156} INFO - Setting next_dagrun for dag_with_taskflow_api_v02 to 2024-09-22 00:00:00+00:00, run_after=2024-09-23 00:00:00+00:00
[2024-09-26T00:45:28.338+0000] {processor.py:208} INFO - Processing /opt/airflow/dags/create_dag_with_taskflow.py took 0.279 seconds
[2024-09-26T00:45:58.549+0000] {processor.py:186} INFO - Started process (PID=134057) to work on /opt/airflow/dags/create_dag_with_taskflow.py
[2024-09-26T00:45:58.551+0000] {processor.py:914} INFO - Processing file /opt/airflow/dags/create_dag_with_taskflow.py for tasks to queue
[2024-09-26T00:45:58.554+0000] {logging_mixin.py:190} INFO - [2024-09-26T00:45:58.554+0000] {dagbag.py:587} INFO - Filling up the DagBag from /opt/airflow/dags/create_dag_with_taskflow.py
[2024-09-26T00:45:58.677+0000] {processor.py:925} INFO - DAG(s) 'dag_with_taskflow_api_v02' retrieved from /opt/airflow/dags/create_dag_with_taskflow.py
[2024-09-26T00:45:58.704+0000] {logging_mixin.py:190} INFO - [2024-09-26T00:45:58.704+0000] {dag.py:3229} INFO - Sync 1 DAGs
[2024-09-26T00:45:58.728+0000] {logging_mixin.py:190} INFO - [2024-09-26T00:45:58.728+0000] {dag.py:4156} INFO - Setting next_dagrun for dag_with_taskflow_api_v02 to 2024-09-22 00:00:00+00:00, run_after=2024-09-23 00:00:00+00:00
[2024-09-26T00:45:58.755+0000] {processor.py:208} INFO - Processing /opt/airflow/dags/create_dag_with_taskflow.py took 0.217 seconds
[2024-09-26T00:46:29.103+0000] {processor.py:186} INFO - Started process (PID=134100) to work on /opt/airflow/dags/create_dag_with_taskflow.py
[2024-09-26T00:46:29.105+0000] {processor.py:914} INFO - Processing file /opt/airflow/dags/create_dag_with_taskflow.py for tasks to queue
[2024-09-26T00:46:29.107+0000] {logging_mixin.py:190} INFO - [2024-09-26T00:46:29.107+0000] {dagbag.py:587} INFO - Filling up the DagBag from /opt/airflow/dags/create_dag_with_taskflow.py
[2024-09-26T00:46:29.183+0000] {processor.py:925} INFO - DAG(s) 'dag_with_taskflow_api_v02' retrieved from /opt/airflow/dags/create_dag_with_taskflow.py
[2024-09-26T00:46:29.209+0000] {logging_mixin.py:190} INFO - [2024-09-26T00:46:29.209+0000] {dag.py:3229} INFO - Sync 1 DAGs
[2024-09-26T00:46:29.239+0000] {logging_mixin.py:190} INFO - [2024-09-26T00:46:29.239+0000] {dag.py:4156} INFO - Setting next_dagrun for dag_with_taskflow_api_v02 to 2024-09-22 00:00:00+00:00, run_after=2024-09-23 00:00:00+00:00
[2024-09-26T00:46:29.263+0000] {processor.py:208} INFO - Processing /opt/airflow/dags/create_dag_with_taskflow.py took 0.166 seconds
[2024-09-26T00:46:59.805+0000] {processor.py:186} INFO - Started process (PID=134143) to work on /opt/airflow/dags/create_dag_with_taskflow.py
[2024-09-26T00:46:59.806+0000] {processor.py:914} INFO - Processing file /opt/airflow/dags/create_dag_with_taskflow.py for tasks to queue
[2024-09-26T00:46:59.809+0000] {logging_mixin.py:190} INFO - [2024-09-26T00:46:59.808+0000] {dagbag.py:587} INFO - Filling up the DagBag from /opt/airflow/dags/create_dag_with_taskflow.py
[2024-09-26T00:46:59.918+0000] {processor.py:925} INFO - DAG(s) 'dag_with_taskflow_api_v02' retrieved from /opt/airflow/dags/create_dag_with_taskflow.py
[2024-09-26T00:46:59.950+0000] {logging_mixin.py:190} INFO - [2024-09-26T00:46:59.950+0000] {dag.py:3229} INFO - Sync 1 DAGs
[2024-09-26T00:46:59.969+0000] {logging_mixin.py:190} INFO - [2024-09-26T00:46:59.969+0000] {dag.py:4156} INFO - Setting next_dagrun for dag_with_taskflow_api_v02 to 2024-09-22 00:00:00+00:00, run_after=2024-09-23 00:00:00+00:00
[2024-09-26T00:46:59.989+0000] {processor.py:208} INFO - Processing /opt/airflow/dags/create_dag_with_taskflow.py took 0.191 seconds
[2024-09-26T00:47:30.336+0000] {processor.py:186} INFO - Started process (PID=134186) to work on /opt/airflow/dags/create_dag_with_taskflow.py
[2024-09-26T00:47:30.338+0000] {processor.py:914} INFO - Processing file /opt/airflow/dags/create_dag_with_taskflow.py for tasks to queue
[2024-09-26T00:47:30.340+0000] {logging_mixin.py:190} INFO - [2024-09-26T00:47:30.339+0000] {dagbag.py:587} INFO - Filling up the DagBag from /opt/airflow/dags/create_dag_with_taskflow.py
[2024-09-26T00:47:30.452+0000] {processor.py:925} INFO - DAG(s) 'dag_with_taskflow_api_v02' retrieved from /opt/airflow/dags/create_dag_with_taskflow.py
[2024-09-26T00:47:30.479+0000] {logging_mixin.py:190} INFO - [2024-09-26T00:47:30.478+0000] {dag.py:3229} INFO - Sync 1 DAGs
[2024-09-26T00:47:30.499+0000] {logging_mixin.py:190} INFO - [2024-09-26T00:47:30.499+0000] {dag.py:4156} INFO - Setting next_dagrun for dag_with_taskflow_api_v02 to 2024-09-22 00:00:00+00:00, run_after=2024-09-23 00:00:00+00:00
[2024-09-26T00:47:30.542+0000] {processor.py:208} INFO - Processing /opt/airflow/dags/create_dag_with_taskflow.py took 0.214 seconds
[2024-09-26T00:48:00.936+0000] {processor.py:186} INFO - Started process (PID=134229) to work on /opt/airflow/dags/create_dag_with_taskflow.py
[2024-09-26T00:48:00.938+0000] {processor.py:914} INFO - Processing file /opt/airflow/dags/create_dag_with_taskflow.py for tasks to queue
[2024-09-26T00:48:00.941+0000] {logging_mixin.py:190} INFO - [2024-09-26T00:48:00.940+0000] {dagbag.py:587} INFO - Filling up the DagBag from /opt/airflow/dags/create_dag_with_taskflow.py
[2024-09-26T00:48:01.056+0000] {processor.py:925} INFO - DAG(s) 'dag_with_taskflow_api_v02' retrieved from /opt/airflow/dags/create_dag_with_taskflow.py
[2024-09-26T00:48:01.092+0000] {logging_mixin.py:190} INFO - [2024-09-26T00:48:01.092+0000] {dag.py:3229} INFO - Sync 1 DAGs
[2024-09-26T00:48:01.114+0000] {logging_mixin.py:190} INFO - [2024-09-26T00:48:01.114+0000] {dag.py:4156} INFO - Setting next_dagrun for dag_with_taskflow_api_v02 to 2024-09-22 00:00:00+00:00, run_after=2024-09-23 00:00:00+00:00
[2024-09-26T00:48:01.149+0000] {processor.py:208} INFO - Processing /opt/airflow/dags/create_dag_with_taskflow.py took 0.225 seconds
[2024-09-26T00:48:31.458+0000] {processor.py:186} INFO - Started process (PID=134272) to work on /opt/airflow/dags/create_dag_with_taskflow.py
[2024-09-26T00:48:31.460+0000] {processor.py:914} INFO - Processing file /opt/airflow/dags/create_dag_with_taskflow.py for tasks to queue
[2024-09-26T00:48:31.462+0000] {logging_mixin.py:190} INFO - [2024-09-26T00:48:31.462+0000] {dagbag.py:587} INFO - Filling up the DagBag from /opt/airflow/dags/create_dag_with_taskflow.py
[2024-09-26T00:48:31.531+0000] {processor.py:925} INFO - DAG(s) 'dag_with_taskflow_api_v02' retrieved from /opt/airflow/dags/create_dag_with_taskflow.py
[2024-09-26T00:48:31.559+0000] {logging_mixin.py:190} INFO - [2024-09-26T00:48:31.559+0000] {dag.py:3229} INFO - Sync 1 DAGs
[2024-09-26T00:48:31.584+0000] {logging_mixin.py:190} INFO - [2024-09-26T00:48:31.584+0000] {dag.py:4156} INFO - Setting next_dagrun for dag_with_taskflow_api_v02 to 2024-09-22 00:00:00+00:00, run_after=2024-09-23 00:00:00+00:00
[2024-09-26T00:48:31.611+0000] {processor.py:208} INFO - Processing /opt/airflow/dags/create_dag_with_taskflow.py took 0.159 seconds
[2024-09-26T00:49:02.059+0000] {processor.py:186} INFO - Started process (PID=134315) to work on /opt/airflow/dags/create_dag_with_taskflow.py
[2024-09-26T00:49:02.061+0000] {processor.py:914} INFO - Processing file /opt/airflow/dags/create_dag_with_taskflow.py for tasks to queue
[2024-09-26T00:49:02.064+0000] {logging_mixin.py:190} INFO - [2024-09-26T00:49:02.064+0000] {dagbag.py:587} INFO - Filling up the DagBag from /opt/airflow/dags/create_dag_with_taskflow.py
[2024-09-26T00:49:02.182+0000] {processor.py:925} INFO - DAG(s) 'dag_with_taskflow_api_v02' retrieved from /opt/airflow/dags/create_dag_with_taskflow.py
[2024-09-26T00:49:02.216+0000] {logging_mixin.py:190} INFO - [2024-09-26T00:49:02.216+0000] {dag.py:3229} INFO - Sync 1 DAGs
[2024-09-26T00:49:02.255+0000] {logging_mixin.py:190} INFO - [2024-09-26T00:49:02.254+0000] {dag.py:4156} INFO - Setting next_dagrun for dag_with_taskflow_api_v02 to 2024-09-22 00:00:00+00:00, run_after=2024-09-23 00:00:00+00:00
[2024-09-26T00:49:02.290+0000] {processor.py:208} INFO - Processing /opt/airflow/dags/create_dag_with_taskflow.py took 0.236 seconds
[2024-09-26T00:49:32.812+0000] {processor.py:186} INFO - Started process (PID=134358) to work on /opt/airflow/dags/create_dag_with_taskflow.py
[2024-09-26T00:49:32.814+0000] {processor.py:914} INFO - Processing file /opt/airflow/dags/create_dag_with_taskflow.py for tasks to queue
[2024-09-26T00:49:32.816+0000] {logging_mixin.py:190} INFO - [2024-09-26T00:49:32.816+0000] {dagbag.py:587} INFO - Filling up the DagBag from /opt/airflow/dags/create_dag_with_taskflow.py
[2024-09-26T00:49:32.911+0000] {processor.py:925} INFO - DAG(s) 'dag_with_taskflow_api_v02' retrieved from /opt/airflow/dags/create_dag_with_taskflow.py
[2024-09-26T00:49:32.937+0000] {logging_mixin.py:190} INFO - [2024-09-26T00:49:32.937+0000] {dag.py:3229} INFO - Sync 1 DAGs
[2024-09-26T00:49:32.959+0000] {logging_mixin.py:190} INFO - [2024-09-26T00:49:32.959+0000] {dag.py:4156} INFO - Setting next_dagrun for dag_with_taskflow_api_v02 to 2024-09-22 00:00:00+00:00, run_after=2024-09-23 00:00:00+00:00
[2024-09-26T00:49:32.983+0000] {processor.py:208} INFO - Processing /opt/airflow/dags/create_dag_with_taskflow.py took 0.176 seconds
[2024-09-26T00:50:03.284+0000] {processor.py:186} INFO - Started process (PID=134399) to work on /opt/airflow/dags/create_dag_with_taskflow.py
[2024-09-26T00:50:03.285+0000] {processor.py:914} INFO - Processing file /opt/airflow/dags/create_dag_with_taskflow.py for tasks to queue
[2024-09-26T00:50:03.287+0000] {logging_mixin.py:190} INFO - [2024-09-26T00:50:03.286+0000] {dagbag.py:587} INFO - Filling up the DagBag from /opt/airflow/dags/create_dag_with_taskflow.py
[2024-09-26T00:50:03.347+0000] {processor.py:925} INFO - DAG(s) 'dag_with_taskflow_api_v02' retrieved from /opt/airflow/dags/create_dag_with_taskflow.py
[2024-09-26T00:50:03.381+0000] {logging_mixin.py:190} INFO - [2024-09-26T00:50:03.381+0000] {dag.py:3229} INFO - Sync 1 DAGs
[2024-09-26T00:50:03.406+0000] {logging_mixin.py:190} INFO - [2024-09-26T00:50:03.406+0000] {dag.py:4156} INFO - Setting next_dagrun for dag_with_taskflow_api_v02 to 2024-09-22 00:00:00+00:00, run_after=2024-09-23 00:00:00+00:00
[2024-09-26T00:50:03.434+0000] {processor.py:208} INFO - Processing /opt/airflow/dags/create_dag_with_taskflow.py took 0.159 seconds
[2024-09-26T00:50:33.751+0000] {processor.py:186} INFO - Started process (PID=134442) to work on /opt/airflow/dags/create_dag_with_taskflow.py
[2024-09-26T00:50:33.752+0000] {processor.py:914} INFO - Processing file /opt/airflow/dags/create_dag_with_taskflow.py for tasks to queue
[2024-09-26T00:50:33.754+0000] {logging_mixin.py:190} INFO - [2024-09-26T00:50:33.754+0000] {dagbag.py:587} INFO - Filling up the DagBag from /opt/airflow/dags/create_dag_with_taskflow.py
[2024-09-26T00:50:33.829+0000] {processor.py:925} INFO - DAG(s) 'dag_with_taskflow_api_v02' retrieved from /opt/airflow/dags/create_dag_with_taskflow.py
[2024-09-26T00:50:33.855+0000] {logging_mixin.py:190} INFO - [2024-09-26T00:50:33.855+0000] {dag.py:3229} INFO - Sync 1 DAGs
[2024-09-26T00:50:33.877+0000] {logging_mixin.py:190} INFO - [2024-09-26T00:50:33.877+0000] {dag.py:4156} INFO - Setting next_dagrun for dag_with_taskflow_api_v02 to 2024-09-22 00:00:00+00:00, run_after=2024-09-23 00:00:00+00:00
[2024-09-26T00:50:33.902+0000] {processor.py:208} INFO - Processing /opt/airflow/dags/create_dag_with_taskflow.py took 0.158 seconds
[2024-09-26T00:51:04.294+0000] {processor.py:186} INFO - Started process (PID=134485) to work on /opt/airflow/dags/create_dag_with_taskflow.py
[2024-09-26T00:51:04.295+0000] {processor.py:914} INFO - Processing file /opt/airflow/dags/create_dag_with_taskflow.py for tasks to queue
[2024-09-26T00:51:04.297+0000] {logging_mixin.py:190} INFO - [2024-09-26T00:51:04.297+0000] {dagbag.py:587} INFO - Filling up the DagBag from /opt/airflow/dags/create_dag_with_taskflow.py
[2024-09-26T00:51:04.392+0000] {processor.py:925} INFO - DAG(s) 'dag_with_taskflow_api_v02' retrieved from /opt/airflow/dags/create_dag_with_taskflow.py
[2024-09-26T00:51:04.423+0000] {logging_mixin.py:190} INFO - [2024-09-26T00:51:04.423+0000] {dag.py:3229} INFO - Sync 1 DAGs
[2024-09-26T00:51:04.458+0000] {logging_mixin.py:190} INFO - [2024-09-26T00:51:04.458+0000] {dag.py:4156} INFO - Setting next_dagrun for dag_with_taskflow_api_v02 to 2024-09-22 00:00:00+00:00, run_after=2024-09-23 00:00:00+00:00
[2024-09-26T00:51:04.504+0000] {processor.py:208} INFO - Processing /opt/airflow/dags/create_dag_with_taskflow.py took 0.216 seconds
[2024-09-26T00:51:34.935+0000] {processor.py:186} INFO - Started process (PID=134530) to work on /opt/airflow/dags/create_dag_with_taskflow.py
[2024-09-26T00:51:34.936+0000] {processor.py:914} INFO - Processing file /opt/airflow/dags/create_dag_with_taskflow.py for tasks to queue
[2024-09-26T00:51:34.938+0000] {logging_mixin.py:190} INFO - [2024-09-26T00:51:34.938+0000] {dagbag.py:587} INFO - Filling up the DagBag from /opt/airflow/dags/create_dag_with_taskflow.py
[2024-09-26T00:51:35.021+0000] {processor.py:925} INFO - DAG(s) 'dag_with_taskflow_api_v02' retrieved from /opt/airflow/dags/create_dag_with_taskflow.py
[2024-09-26T00:51:35.050+0000] {logging_mixin.py:190} INFO - [2024-09-26T00:51:35.050+0000] {dag.py:3229} INFO - Sync 1 DAGs
[2024-09-26T00:51:35.077+0000] {logging_mixin.py:190} INFO - [2024-09-26T00:51:35.077+0000] {dag.py:4156} INFO - Setting next_dagrun for dag_with_taskflow_api_v02 to 2024-09-22 00:00:00+00:00, run_after=2024-09-23 00:00:00+00:00
[2024-09-26T00:51:35.103+0000] {processor.py:208} INFO - Processing /opt/airflow/dags/create_dag_with_taskflow.py took 0.176 seconds
[2024-09-26T00:52:05.598+0000] {processor.py:186} INFO - Started process (PID=134573) to work on /opt/airflow/dags/create_dag_with_taskflow.py
[2024-09-26T00:52:05.601+0000] {processor.py:914} INFO - Processing file /opt/airflow/dags/create_dag_with_taskflow.py for tasks to queue
[2024-09-26T00:52:05.605+0000] {logging_mixin.py:190} INFO - [2024-09-26T00:52:05.604+0000] {dagbag.py:587} INFO - Filling up the DagBag from /opt/airflow/dags/create_dag_with_taskflow.py
[2024-09-26T00:52:05.713+0000] {processor.py:925} INFO - DAG(s) 'dag_with_taskflow_api_v02' retrieved from /opt/airflow/dags/create_dag_with_taskflow.py
[2024-09-26T00:52:05.747+0000] {logging_mixin.py:190} INFO - [2024-09-26T00:52:05.747+0000] {dag.py:3229} INFO - Sync 1 DAGs
[2024-09-26T00:52:05.769+0000] {logging_mixin.py:190} INFO - [2024-09-26T00:52:05.769+0000] {dag.py:4156} INFO - Setting next_dagrun for dag_with_taskflow_api_v02 to 2024-09-22 00:00:00+00:00, run_after=2024-09-23 00:00:00+00:00
[2024-09-26T00:52:05.795+0000] {processor.py:208} INFO - Processing /opt/airflow/dags/create_dag_with_taskflow.py took 0.203 seconds
[2024-09-26T00:52:36.133+0000] {processor.py:186} INFO - Started process (PID=134616) to work on /opt/airflow/dags/create_dag_with_taskflow.py
[2024-09-26T00:52:36.134+0000] {processor.py:914} INFO - Processing file /opt/airflow/dags/create_dag_with_taskflow.py for tasks to queue
[2024-09-26T00:52:36.136+0000] {logging_mixin.py:190} INFO - [2024-09-26T00:52:36.136+0000] {dagbag.py:587} INFO - Filling up the DagBag from /opt/airflow/dags/create_dag_with_taskflow.py
[2024-09-26T00:52:36.232+0000] {processor.py:925} INFO - DAG(s) 'dag_with_taskflow_api_v02' retrieved from /opt/airflow/dags/create_dag_with_taskflow.py
[2024-09-26T00:52:36.256+0000] {logging_mixin.py:190} INFO - [2024-09-26T00:52:36.256+0000] {dag.py:3229} INFO - Sync 1 DAGs
[2024-09-26T00:52:36.276+0000] {logging_mixin.py:190} INFO - [2024-09-26T00:52:36.276+0000] {dag.py:4156} INFO - Setting next_dagrun for dag_with_taskflow_api_v02 to 2024-09-22 00:00:00+00:00, run_after=2024-09-23 00:00:00+00:00
[2024-09-26T00:52:36.303+0000] {processor.py:208} INFO - Processing /opt/airflow/dags/create_dag_with_taskflow.py took 0.178 seconds
[2024-09-26T00:53:06.753+0000] {processor.py:186} INFO - Started process (PID=134659) to work on /opt/airflow/dags/create_dag_with_taskflow.py
[2024-09-26T00:53:06.754+0000] {processor.py:914} INFO - Processing file /opt/airflow/dags/create_dag_with_taskflow.py for tasks to queue
[2024-09-26T00:53:06.757+0000] {logging_mixin.py:190} INFO - [2024-09-26T00:53:06.756+0000] {dagbag.py:587} INFO - Filling up the DagBag from /opt/airflow/dags/create_dag_with_taskflow.py
[2024-09-26T00:53:06.844+0000] {processor.py:925} INFO - DAG(s) 'dag_with_taskflow_api_v02' retrieved from /opt/airflow/dags/create_dag_with_taskflow.py
[2024-09-26T00:53:06.876+0000] {logging_mixin.py:190} INFO - [2024-09-26T00:53:06.876+0000] {dag.py:3229} INFO - Sync 1 DAGs
[2024-09-26T00:53:06.901+0000] {logging_mixin.py:190} INFO - [2024-09-26T00:53:06.901+0000] {dag.py:4156} INFO - Setting next_dagrun for dag_with_taskflow_api_v02 to 2024-09-22 00:00:00+00:00, run_after=2024-09-23 00:00:00+00:00
[2024-09-26T00:53:06.930+0000] {processor.py:208} INFO - Processing /opt/airflow/dags/create_dag_with_taskflow.py took 0.182 seconds
[2024-09-26T00:53:37.294+0000] {processor.py:186} INFO - Started process (PID=134702) to work on /opt/airflow/dags/create_dag_with_taskflow.py
[2024-09-26T00:53:37.296+0000] {processor.py:914} INFO - Processing file /opt/airflow/dags/create_dag_with_taskflow.py for tasks to queue
[2024-09-26T00:53:37.298+0000] {logging_mixin.py:190} INFO - [2024-09-26T00:53:37.297+0000] {dagbag.py:587} INFO - Filling up the DagBag from /opt/airflow/dags/create_dag_with_taskflow.py
[2024-09-26T00:53:37.360+0000] {processor.py:925} INFO - DAG(s) 'dag_with_taskflow_api_v02' retrieved from /opt/airflow/dags/create_dag_with_taskflow.py
[2024-09-26T00:53:37.385+0000] {logging_mixin.py:190} INFO - [2024-09-26T00:53:37.384+0000] {dag.py:3229} INFO - Sync 1 DAGs
[2024-09-26T00:53:37.405+0000] {logging_mixin.py:190} INFO - [2024-09-26T00:53:37.405+0000] {dag.py:4156} INFO - Setting next_dagrun for dag_with_taskflow_api_v02 to 2024-09-22 00:00:00+00:00, run_after=2024-09-23 00:00:00+00:00
[2024-09-26T00:53:37.431+0000] {processor.py:208} INFO - Processing /opt/airflow/dags/create_dag_with_taskflow.py took 0.142 seconds
[2024-09-26T00:54:07.966+0000] {processor.py:186} INFO - Started process (PID=134745) to work on /opt/airflow/dags/create_dag_with_taskflow.py
[2024-09-26T00:54:07.967+0000] {processor.py:914} INFO - Processing file /opt/airflow/dags/create_dag_with_taskflow.py for tasks to queue
[2024-09-26T00:54:07.969+0000] {logging_mixin.py:190} INFO - [2024-09-26T00:54:07.969+0000] {dagbag.py:587} INFO - Filling up the DagBag from /opt/airflow/dags/create_dag_with_taskflow.py
[2024-09-26T00:54:08.072+0000] {processor.py:925} INFO - DAG(s) 'dag_with_taskflow_api_v02' retrieved from /opt/airflow/dags/create_dag_with_taskflow.py
[2024-09-26T00:54:08.098+0000] {logging_mixin.py:190} INFO - [2024-09-26T00:54:08.098+0000] {dag.py:3229} INFO - Sync 1 DAGs
[2024-09-26T00:54:08.122+0000] {logging_mixin.py:190} INFO - [2024-09-26T00:54:08.122+0000] {dag.py:4156} INFO - Setting next_dagrun for dag_with_taskflow_api_v02 to 2024-09-22 00:00:00+00:00, run_after=2024-09-23 00:00:00+00:00
[2024-09-26T00:54:08.145+0000] {processor.py:208} INFO - Processing /opt/airflow/dags/create_dag_with_taskflow.py took 0.187 seconds
[2024-09-26T00:54:38.727+0000] {processor.py:186} INFO - Started process (PID=134788) to work on /opt/airflow/dags/create_dag_with_taskflow.py
[2024-09-26T00:54:38.730+0000] {processor.py:914} INFO - Processing file /opt/airflow/dags/create_dag_with_taskflow.py for tasks to queue
[2024-09-26T00:54:38.734+0000] {logging_mixin.py:190} INFO - [2024-09-26T00:54:38.733+0000] {dagbag.py:587} INFO - Filling up the DagBag from /opt/airflow/dags/create_dag_with_taskflow.py
[2024-09-26T00:54:38.870+0000] {processor.py:925} INFO - DAG(s) 'dag_with_taskflow_api_v02' retrieved from /opt/airflow/dags/create_dag_with_taskflow.py
[2024-09-26T00:54:38.900+0000] {logging_mixin.py:190} INFO - [2024-09-26T00:54:38.900+0000] {dag.py:3229} INFO - Sync 1 DAGs
[2024-09-26T00:54:38.930+0000] {logging_mixin.py:190} INFO - [2024-09-26T00:54:38.930+0000] {dag.py:4156} INFO - Setting next_dagrun for dag_with_taskflow_api_v02 to 2024-09-22 00:00:00+00:00, run_after=2024-09-23 00:00:00+00:00
[2024-09-26T00:54:38.958+0000] {processor.py:208} INFO - Processing /opt/airflow/dags/create_dag_with_taskflow.py took 0.239 seconds
[2024-09-26T00:55:09.221+0000] {processor.py:186} INFO - Started process (PID=134831) to work on /opt/airflow/dags/create_dag_with_taskflow.py
[2024-09-26T00:55:09.223+0000] {processor.py:914} INFO - Processing file /opt/airflow/dags/create_dag_with_taskflow.py for tasks to queue
[2024-09-26T00:55:09.226+0000] {logging_mixin.py:190} INFO - [2024-09-26T00:55:09.226+0000] {dagbag.py:587} INFO - Filling up the DagBag from /opt/airflow/dags/create_dag_with_taskflow.py
[2024-09-26T00:55:09.342+0000] {processor.py:925} INFO - DAG(s) 'dag_with_taskflow_api_v02' retrieved from /opt/airflow/dags/create_dag_with_taskflow.py
[2024-09-26T00:55:09.367+0000] {logging_mixin.py:190} INFO - [2024-09-26T00:55:09.367+0000] {dag.py:3229} INFO - Sync 1 DAGs
[2024-09-26T00:55:09.388+0000] {logging_mixin.py:190} INFO - [2024-09-26T00:55:09.388+0000] {dag.py:4156} INFO - Setting next_dagrun for dag_with_taskflow_api_v02 to 2024-09-22 00:00:00+00:00, run_after=2024-09-23 00:00:00+00:00
[2024-09-26T00:55:09.412+0000] {processor.py:208} INFO - Processing /opt/airflow/dags/create_dag_with_taskflow.py took 0.201 seconds
[2024-09-26T00:55:39.841+0000] {processor.py:186} INFO - Started process (PID=134874) to work on /opt/airflow/dags/create_dag_with_taskflow.py
[2024-09-26T00:55:39.843+0000] {processor.py:914} INFO - Processing file /opt/airflow/dags/create_dag_with_taskflow.py for tasks to queue
[2024-09-26T00:55:39.845+0000] {logging_mixin.py:190} INFO - [2024-09-26T00:55:39.845+0000] {dagbag.py:587} INFO - Filling up the DagBag from /opt/airflow/dags/create_dag_with_taskflow.py
[2024-09-26T00:55:39.939+0000] {processor.py:925} INFO - DAG(s) 'dag_with_taskflow_api_v02' retrieved from /opt/airflow/dags/create_dag_with_taskflow.py
[2024-09-26T00:55:39.973+0000] {logging_mixin.py:190} INFO - [2024-09-26T00:55:39.973+0000] {dag.py:3229} INFO - Sync 1 DAGs
[2024-09-26T00:55:39.998+0000] {logging_mixin.py:190} INFO - [2024-09-26T00:55:39.998+0000] {dag.py:4156} INFO - Setting next_dagrun for dag_with_taskflow_api_v02 to 2024-09-22 00:00:00+00:00, run_after=2024-09-23 00:00:00+00:00
[2024-09-26T00:55:40.026+0000] {processor.py:208} INFO - Processing /opt/airflow/dags/create_dag_with_taskflow.py took 0.195 seconds
[2024-09-26T00:56:10.516+0000] {processor.py:186} INFO - Started process (PID=134917) to work on /opt/airflow/dags/create_dag_with_taskflow.py
[2024-09-26T00:56:10.519+0000] {processor.py:914} INFO - Processing file /opt/airflow/dags/create_dag_with_taskflow.py for tasks to queue
[2024-09-26T00:56:10.522+0000] {logging_mixin.py:190} INFO - [2024-09-26T00:56:10.521+0000] {dagbag.py:587} INFO - Filling up the DagBag from /opt/airflow/dags/create_dag_with_taskflow.py
[2024-09-26T00:56:10.626+0000] {processor.py:925} INFO - DAG(s) 'dag_with_taskflow_api_v02' retrieved from /opt/airflow/dags/create_dag_with_taskflow.py
[2024-09-26T00:56:10.652+0000] {logging_mixin.py:190} INFO - [2024-09-26T00:56:10.652+0000] {dag.py:3229} INFO - Sync 1 DAGs
[2024-09-26T00:56:10.672+0000] {logging_mixin.py:190} INFO - [2024-09-26T00:56:10.671+0000] {dag.py:4156} INFO - Setting next_dagrun for dag_with_taskflow_api_v02 to 2024-09-22 00:00:00+00:00, run_after=2024-09-23 00:00:00+00:00
[2024-09-26T00:56:10.696+0000] {processor.py:208} INFO - Processing /opt/airflow/dags/create_dag_with_taskflow.py took 0.190 seconds
[2024-09-26T00:56:41.151+0000] {processor.py:186} INFO - Started process (PID=134960) to work on /opt/airflow/dags/create_dag_with_taskflow.py
[2024-09-26T00:56:41.154+0000] {processor.py:914} INFO - Processing file /opt/airflow/dags/create_dag_with_taskflow.py for tasks to queue
[2024-09-26T00:56:41.157+0000] {logging_mixin.py:190} INFO - [2024-09-26T00:56:41.157+0000] {dagbag.py:587} INFO - Filling up the DagBag from /opt/airflow/dags/create_dag_with_taskflow.py
[2024-09-26T00:56:41.257+0000] {processor.py:925} INFO - DAG(s) 'dag_with_taskflow_api_v02' retrieved from /opt/airflow/dags/create_dag_with_taskflow.py
[2024-09-26T00:56:41.284+0000] {logging_mixin.py:190} INFO - [2024-09-26T00:56:41.283+0000] {dag.py:3229} INFO - Sync 1 DAGs
[2024-09-26T00:56:41.306+0000] {logging_mixin.py:190} INFO - [2024-09-26T00:56:41.306+0000] {dag.py:4156} INFO - Setting next_dagrun for dag_with_taskflow_api_v02 to 2024-09-22 00:00:00+00:00, run_after=2024-09-23 00:00:00+00:00
[2024-09-26T00:56:41.341+0000] {processor.py:208} INFO - Processing /opt/airflow/dags/create_dag_with_taskflow.py took 0.202 seconds
[2024-09-26T00:57:11.584+0000] {processor.py:186} INFO - Started process (PID=135003) to work on /opt/airflow/dags/create_dag_with_taskflow.py
[2024-09-26T00:57:11.586+0000] {processor.py:914} INFO - Processing file /opt/airflow/dags/create_dag_with_taskflow.py for tasks to queue
[2024-09-26T00:57:11.587+0000] {logging_mixin.py:190} INFO - [2024-09-26T00:57:11.587+0000] {dagbag.py:587} INFO - Filling up the DagBag from /opt/airflow/dags/create_dag_with_taskflow.py
[2024-09-26T00:57:11.690+0000] {processor.py:925} INFO - DAG(s) 'dag_with_taskflow_api_v02' retrieved from /opt/airflow/dags/create_dag_with_taskflow.py
[2024-09-26T00:57:11.717+0000] {logging_mixin.py:190} INFO - [2024-09-26T00:57:11.717+0000] {dag.py:3229} INFO - Sync 1 DAGs
[2024-09-26T00:57:11.740+0000] {logging_mixin.py:190} INFO - [2024-09-26T00:57:11.740+0000] {dag.py:4156} INFO - Setting next_dagrun for dag_with_taskflow_api_v02 to 2024-09-22 00:00:00+00:00, run_after=2024-09-23 00:00:00+00:00
[2024-09-26T00:57:11.768+0000] {processor.py:208} INFO - Processing /opt/airflow/dags/create_dag_with_taskflow.py took 0.194 seconds
[2024-09-26T00:57:42.038+0000] {processor.py:186} INFO - Started process (PID=135046) to work on /opt/airflow/dags/create_dag_with_taskflow.py
[2024-09-26T00:57:42.040+0000] {processor.py:914} INFO - Processing file /opt/airflow/dags/create_dag_with_taskflow.py for tasks to queue
[2024-09-26T00:57:42.043+0000] {logging_mixin.py:190} INFO - [2024-09-26T00:57:42.042+0000] {dagbag.py:587} INFO - Filling up the DagBag from /opt/airflow/dags/create_dag_with_taskflow.py
[2024-09-26T00:57:42.117+0000] {processor.py:925} INFO - DAG(s) 'dag_with_taskflow_api_v02' retrieved from /opt/airflow/dags/create_dag_with_taskflow.py
[2024-09-26T00:57:42.140+0000] {logging_mixin.py:190} INFO - [2024-09-26T00:57:42.140+0000] {dag.py:3229} INFO - Sync 1 DAGs
[2024-09-26T00:57:42.163+0000] {logging_mixin.py:190} INFO - [2024-09-26T00:57:42.162+0000] {dag.py:4156} INFO - Setting next_dagrun for dag_with_taskflow_api_v02 to 2024-09-22 00:00:00+00:00, run_after=2024-09-23 00:00:00+00:00
[2024-09-26T00:57:42.183+0000] {processor.py:208} INFO - Processing /opt/airflow/dags/create_dag_with_taskflow.py took 0.153 seconds
[2024-09-26T00:58:12.689+0000] {processor.py:186} INFO - Started process (PID=135089) to work on /opt/airflow/dags/create_dag_with_taskflow.py
[2024-09-26T00:58:12.691+0000] {processor.py:914} INFO - Processing file /opt/airflow/dags/create_dag_with_taskflow.py for tasks to queue
[2024-09-26T00:58:12.693+0000] {logging_mixin.py:190} INFO - [2024-09-26T00:58:12.692+0000] {dagbag.py:587} INFO - Filling up the DagBag from /opt/airflow/dags/create_dag_with_taskflow.py
[2024-09-26T00:58:12.774+0000] {processor.py:925} INFO - DAG(s) 'dag_with_taskflow_api_v02' retrieved from /opt/airflow/dags/create_dag_with_taskflow.py
[2024-09-26T00:58:12.801+0000] {logging_mixin.py:190} INFO - [2024-09-26T00:58:12.800+0000] {dag.py:3229} INFO - Sync 1 DAGs
[2024-09-26T00:58:12.826+0000] {logging_mixin.py:190} INFO - [2024-09-26T00:58:12.826+0000] {dag.py:4156} INFO - Setting next_dagrun for dag_with_taskflow_api_v02 to 2024-09-22 00:00:00+00:00, run_after=2024-09-23 00:00:00+00:00
[2024-09-26T00:58:12.854+0000] {processor.py:208} INFO - Processing /opt/airflow/dags/create_dag_with_taskflow.py took 0.172 seconds
[2024-09-26T00:58:43.317+0000] {processor.py:186} INFO - Started process (PID=135132) to work on /opt/airflow/dags/create_dag_with_taskflow.py
[2024-09-26T00:58:43.319+0000] {processor.py:914} INFO - Processing file /opt/airflow/dags/create_dag_with_taskflow.py for tasks to queue
[2024-09-26T00:58:43.322+0000] {logging_mixin.py:190} INFO - [2024-09-26T00:58:43.322+0000] {dagbag.py:587} INFO - Filling up the DagBag from /opt/airflow/dags/create_dag_with_taskflow.py
[2024-09-26T00:58:43.407+0000] {processor.py:925} INFO - DAG(s) 'dag_with_taskflow_api_v02' retrieved from /opt/airflow/dags/create_dag_with_taskflow.py
[2024-09-26T00:58:43.434+0000] {logging_mixin.py:190} INFO - [2024-09-26T00:58:43.433+0000] {dag.py:3229} INFO - Sync 1 DAGs
[2024-09-26T00:58:43.456+0000] {logging_mixin.py:190} INFO - [2024-09-26T00:58:43.456+0000] {dag.py:4156} INFO - Setting next_dagrun for dag_with_taskflow_api_v02 to 2024-09-22 00:00:00+00:00, run_after=2024-09-23 00:00:00+00:00
[2024-09-26T00:58:43.483+0000] {processor.py:208} INFO - Processing /opt/airflow/dags/create_dag_with_taskflow.py took 0.177 seconds
[2024-09-26T00:59:13.850+0000] {processor.py:186} INFO - Started process (PID=135175) to work on /opt/airflow/dags/create_dag_with_taskflow.py
[2024-09-26T00:59:13.852+0000] {processor.py:914} INFO - Processing file /opt/airflow/dags/create_dag_with_taskflow.py for tasks to queue
[2024-09-26T00:59:13.855+0000] {logging_mixin.py:190} INFO - [2024-09-26T00:59:13.854+0000] {dagbag.py:587} INFO - Filling up the DagBag from /opt/airflow/dags/create_dag_with_taskflow.py
[2024-09-26T00:59:13.939+0000] {processor.py:925} INFO - DAG(s) 'dag_with_taskflow_api_v02' retrieved from /opt/airflow/dags/create_dag_with_taskflow.py
[2024-09-26T00:59:13.964+0000] {logging_mixin.py:190} INFO - [2024-09-26T00:59:13.964+0000] {dag.py:3229} INFO - Sync 1 DAGs
[2024-09-26T00:59:13.986+0000] {logging_mixin.py:190} INFO - [2024-09-26T00:59:13.986+0000] {dag.py:4156} INFO - Setting next_dagrun for dag_with_taskflow_api_v02 to 2024-09-22 00:00:00+00:00, run_after=2024-09-23 00:00:00+00:00
[2024-09-26T00:59:14.013+0000] {processor.py:208} INFO - Processing /opt/airflow/dags/create_dag_with_taskflow.py took 0.169 seconds
[2024-09-26T00:59:44.431+0000] {processor.py:186} INFO - Started process (PID=135218) to work on /opt/airflow/dags/create_dag_with_taskflow.py
[2024-09-26T00:59:44.434+0000] {processor.py:914} INFO - Processing file /opt/airflow/dags/create_dag_with_taskflow.py for tasks to queue
[2024-09-26T00:59:44.437+0000] {logging_mixin.py:190} INFO - [2024-09-26T00:59:44.436+0000] {dagbag.py:587} INFO - Filling up the DagBag from /opt/airflow/dags/create_dag_with_taskflow.py
[2024-09-26T00:59:44.560+0000] {processor.py:925} INFO - DAG(s) 'dag_with_taskflow_api_v02' retrieved from /opt/airflow/dags/create_dag_with_taskflow.py
[2024-09-26T00:59:44.585+0000] {logging_mixin.py:190} INFO - [2024-09-26T00:59:44.585+0000] {dag.py:3229} INFO - Sync 1 DAGs
[2024-09-26T00:59:44.606+0000] {logging_mixin.py:190} INFO - [2024-09-26T00:59:44.606+0000] {dag.py:4156} INFO - Setting next_dagrun for dag_with_taskflow_api_v02 to 2024-09-22 00:00:00+00:00, run_after=2024-09-23 00:00:00+00:00
[2024-09-26T00:59:44.628+0000] {processor.py:208} INFO - Processing /opt/airflow/dags/create_dag_with_taskflow.py took 0.207 seconds
[2024-09-26T01:00:14.846+0000] {processor.py:186} INFO - Started process (PID=135259) to work on /opt/airflow/dags/create_dag_with_taskflow.py
[2024-09-26T01:00:14.848+0000] {processor.py:914} INFO - Processing file /opt/airflow/dags/create_dag_with_taskflow.py for tasks to queue
[2024-09-26T01:00:14.852+0000] {logging_mixin.py:190} INFO - [2024-09-26T01:00:14.851+0000] {dagbag.py:587} INFO - Filling up the DagBag from /opt/airflow/dags/create_dag_with_taskflow.py
[2024-09-26T01:00:14.939+0000] {processor.py:925} INFO - DAG(s) 'dag_with_taskflow_api_v02' retrieved from /opt/airflow/dags/create_dag_with_taskflow.py
[2024-09-26T01:00:14.970+0000] {logging_mixin.py:190} INFO - [2024-09-26T01:00:14.970+0000] {dag.py:3229} INFO - Sync 1 DAGs
[2024-09-26T01:00:14.999+0000] {logging_mixin.py:190} INFO - [2024-09-26T01:00:14.998+0000] {dag.py:4156} INFO - Setting next_dagrun for dag_with_taskflow_api_v02 to 2024-09-22 00:00:00+00:00, run_after=2024-09-23 00:00:00+00:00
[2024-09-26T01:00:15.021+0000] {processor.py:208} INFO - Processing /opt/airflow/dags/create_dag_with_taskflow.py took 0.183 seconds
[2024-09-26T01:00:45.384+0000] {processor.py:186} INFO - Started process (PID=135302) to work on /opt/airflow/dags/create_dag_with_taskflow.py
[2024-09-26T01:00:45.386+0000] {processor.py:914} INFO - Processing file /opt/airflow/dags/create_dag_with_taskflow.py for tasks to queue
[2024-09-26T01:00:45.387+0000] {logging_mixin.py:190} INFO - [2024-09-26T01:00:45.387+0000] {dagbag.py:587} INFO - Filling up the DagBag from /opt/airflow/dags/create_dag_with_taskflow.py
[2024-09-26T01:00:45.467+0000] {processor.py:925} INFO - DAG(s) 'dag_with_taskflow_api_v02' retrieved from /opt/airflow/dags/create_dag_with_taskflow.py
[2024-09-26T01:00:45.491+0000] {logging_mixin.py:190} INFO - [2024-09-26T01:00:45.491+0000] {dag.py:3229} INFO - Sync 1 DAGs
[2024-09-26T01:00:45.513+0000] {logging_mixin.py:190} INFO - [2024-09-26T01:00:45.513+0000] {dag.py:4156} INFO - Setting next_dagrun for dag_with_taskflow_api_v02 to 2024-09-22 00:00:00+00:00, run_after=2024-09-23 00:00:00+00:00
[2024-09-26T01:00:45.538+0000] {processor.py:208} INFO - Processing /opt/airflow/dags/create_dag_with_taskflow.py took 0.161 seconds
[2024-09-26T01:01:15.981+0000] {processor.py:186} INFO - Started process (PID=135345) to work on /opt/airflow/dags/create_dag_with_taskflow.py
[2024-09-26T01:01:15.983+0000] {processor.py:914} INFO - Processing file /opt/airflow/dags/create_dag_with_taskflow.py for tasks to queue
[2024-09-26T01:01:15.985+0000] {logging_mixin.py:190} INFO - [2024-09-26T01:01:15.985+0000] {dagbag.py:587} INFO - Filling up the DagBag from /opt/airflow/dags/create_dag_with_taskflow.py
[2024-09-26T01:01:16.079+0000] {processor.py:925} INFO - DAG(s) 'dag_with_taskflow_api_v02' retrieved from /opt/airflow/dags/create_dag_with_taskflow.py
[2024-09-26T01:01:16.103+0000] {logging_mixin.py:190} INFO - [2024-09-26T01:01:16.102+0000] {dag.py:3229} INFO - Sync 1 DAGs
[2024-09-26T01:01:16.122+0000] {logging_mixin.py:190} INFO - [2024-09-26T01:01:16.122+0000] {dag.py:4156} INFO - Setting next_dagrun for dag_with_taskflow_api_v02 to 2024-09-22 00:00:00+00:00, run_after=2024-09-23 00:00:00+00:00
[2024-09-26T01:01:16.148+0000] {processor.py:208} INFO - Processing /opt/airflow/dags/create_dag_with_taskflow.py took 0.173 seconds
[2024-09-26T01:01:46.454+0000] {processor.py:186} INFO - Started process (PID=135388) to work on /opt/airflow/dags/create_dag_with_taskflow.py
[2024-09-26T01:01:46.455+0000] {processor.py:914} INFO - Processing file /opt/airflow/dags/create_dag_with_taskflow.py for tasks to queue
[2024-09-26T01:01:46.457+0000] {logging_mixin.py:190} INFO - [2024-09-26T01:01:46.457+0000] {dagbag.py:587} INFO - Filling up the DagBag from /opt/airflow/dags/create_dag_with_taskflow.py
[2024-09-26T01:01:46.549+0000] {processor.py:925} INFO - DAG(s) 'dag_with_taskflow_api_v02' retrieved from /opt/airflow/dags/create_dag_with_taskflow.py
[2024-09-26T01:01:46.573+0000] {logging_mixin.py:190} INFO - [2024-09-26T01:01:46.573+0000] {dag.py:3229} INFO - Sync 1 DAGs
[2024-09-26T01:01:46.593+0000] {logging_mixin.py:190} INFO - [2024-09-26T01:01:46.592+0000] {dag.py:4156} INFO - Setting next_dagrun for dag_with_taskflow_api_v02 to 2024-09-22 00:00:00+00:00, run_after=2024-09-23 00:00:00+00:00
[2024-09-26T01:01:46.619+0000] {processor.py:208} INFO - Processing /opt/airflow/dags/create_dag_with_taskflow.py took 0.170 seconds
[2024-09-26T01:02:17.027+0000] {processor.py:186} INFO - Started process (PID=135431) to work on /opt/airflow/dags/create_dag_with_taskflow.py
[2024-09-26T01:02:17.028+0000] {processor.py:914} INFO - Processing file /opt/airflow/dags/create_dag_with_taskflow.py for tasks to queue
[2024-09-26T01:02:17.030+0000] {logging_mixin.py:190} INFO - [2024-09-26T01:02:17.030+0000] {dagbag.py:587} INFO - Filling up the DagBag from /opt/airflow/dags/create_dag_with_taskflow.py
[2024-09-26T01:02:17.099+0000] {processor.py:925} INFO - DAG(s) 'dag_with_taskflow_api_v02' retrieved from /opt/airflow/dags/create_dag_with_taskflow.py
[2024-09-26T01:02:17.125+0000] {logging_mixin.py:190} INFO - [2024-09-26T01:02:17.124+0000] {dag.py:3229} INFO - Sync 1 DAGs
[2024-09-26T01:02:17.146+0000] {logging_mixin.py:190} INFO - [2024-09-26T01:02:17.146+0000] {dag.py:4156} INFO - Setting next_dagrun for dag_with_taskflow_api_v02 to 2024-09-22 00:00:00+00:00, run_after=2024-09-23 00:00:00+00:00
[2024-09-26T01:02:17.167+0000] {processor.py:208} INFO - Processing /opt/airflow/dags/create_dag_with_taskflow.py took 0.146 seconds
[2024-09-26T01:02:47.910+0000] {processor.py:186} INFO - Started process (PID=135476) to work on /opt/airflow/dags/create_dag_with_taskflow.py
[2024-09-26T01:02:47.911+0000] {processor.py:914} INFO - Processing file /opt/airflow/dags/create_dag_with_taskflow.py for tasks to queue
[2024-09-26T01:02:47.913+0000] {logging_mixin.py:190} INFO - [2024-09-26T01:02:47.913+0000] {dagbag.py:587} INFO - Filling up the DagBag from /opt/airflow/dags/create_dag_with_taskflow.py
[2024-09-26T01:02:47.996+0000] {processor.py:925} INFO - DAG(s) 'dag_with_taskflow_api_v02' retrieved from /opt/airflow/dags/create_dag_with_taskflow.py
[2024-09-26T01:02:48.022+0000] {logging_mixin.py:190} INFO - [2024-09-26T01:02:48.022+0000] {dag.py:3229} INFO - Sync 1 DAGs
[2024-09-26T01:02:48.045+0000] {logging_mixin.py:190} INFO - [2024-09-26T01:02:48.045+0000] {dag.py:4156} INFO - Setting next_dagrun for dag_with_taskflow_api_v02 to 2024-09-22 00:00:00+00:00, run_after=2024-09-23 00:00:00+00:00
[2024-09-26T01:02:48.072+0000] {processor.py:208} INFO - Processing /opt/airflow/dags/create_dag_with_taskflow.py took 0.167 seconds
[2024-09-26T01:03:18.487+0000] {processor.py:186} INFO - Started process (PID=135519) to work on /opt/airflow/dags/create_dag_with_taskflow.py
[2024-09-26T01:03:18.489+0000] {processor.py:914} INFO - Processing file /opt/airflow/dags/create_dag_with_taskflow.py for tasks to queue
[2024-09-26T01:03:18.492+0000] {logging_mixin.py:190} INFO - [2024-09-26T01:03:18.492+0000] {dagbag.py:587} INFO - Filling up the DagBag from /opt/airflow/dags/create_dag_with_taskflow.py
[2024-09-26T01:03:18.615+0000] {processor.py:925} INFO - DAG(s) 'dag_with_taskflow_api_v02' retrieved from /opt/airflow/dags/create_dag_with_taskflow.py
[2024-09-26T01:03:18.651+0000] {logging_mixin.py:190} INFO - [2024-09-26T01:03:18.650+0000] {dag.py:3229} INFO - Sync 1 DAGs
[2024-09-26T01:03:18.676+0000] {logging_mixin.py:190} INFO - [2024-09-26T01:03:18.676+0000] {dag.py:4156} INFO - Setting next_dagrun for dag_with_taskflow_api_v02 to 2024-09-22 00:00:00+00:00, run_after=2024-09-23 00:00:00+00:00
[2024-09-26T01:03:18.711+0000] {processor.py:208} INFO - Processing /opt/airflow/dags/create_dag_with_taskflow.py took 0.236 seconds
[2024-09-26T01:03:49.100+0000] {processor.py:186} INFO - Started process (PID=135562) to work on /opt/airflow/dags/create_dag_with_taskflow.py
[2024-09-26T01:03:49.103+0000] {processor.py:914} INFO - Processing file /opt/airflow/dags/create_dag_with_taskflow.py for tasks to queue
[2024-09-26T01:03:49.105+0000] {logging_mixin.py:190} INFO - [2024-09-26T01:03:49.105+0000] {dagbag.py:587} INFO - Filling up the DagBag from /opt/airflow/dags/create_dag_with_taskflow.py
[2024-09-26T01:03:49.220+0000] {processor.py:925} INFO - DAG(s) 'dag_with_taskflow_api_v02' retrieved from /opt/airflow/dags/create_dag_with_taskflow.py
[2024-09-26T01:03:49.250+0000] {logging_mixin.py:190} INFO - [2024-09-26T01:03:49.250+0000] {dag.py:3229} INFO - Sync 1 DAGs
[2024-09-26T01:03:49.271+0000] {logging_mixin.py:190} INFO - [2024-09-26T01:03:49.271+0000] {dag.py:4156} INFO - Setting next_dagrun for dag_with_taskflow_api_v02 to 2024-09-22 00:00:00+00:00, run_after=2024-09-23 00:00:00+00:00
[2024-09-26T01:03:49.309+0000] {processor.py:208} INFO - Processing /opt/airflow/dags/create_dag_with_taskflow.py took 0.217 seconds
[2024-09-26T01:04:19.592+0000] {processor.py:186} INFO - Started process (PID=135605) to work on /opt/airflow/dags/create_dag_with_taskflow.py
[2024-09-26T01:04:19.593+0000] {processor.py:914} INFO - Processing file /opt/airflow/dags/create_dag_with_taskflow.py for tasks to queue
[2024-09-26T01:04:19.595+0000] {logging_mixin.py:190} INFO - [2024-09-26T01:04:19.595+0000] {dagbag.py:587} INFO - Filling up the DagBag from /opt/airflow/dags/create_dag_with_taskflow.py
[2024-09-26T01:04:19.699+0000] {processor.py:925} INFO - DAG(s) 'dag_with_taskflow_api_v02' retrieved from /opt/airflow/dags/create_dag_with_taskflow.py
[2024-09-26T01:04:19.732+0000] {logging_mixin.py:190} INFO - [2024-09-26T01:04:19.732+0000] {dag.py:3229} INFO - Sync 1 DAGs
[2024-09-26T01:04:19.752+0000] {logging_mixin.py:190} INFO - [2024-09-26T01:04:19.752+0000] {dag.py:4156} INFO - Setting next_dagrun for dag_with_taskflow_api_v02 to 2024-09-22 00:00:00+00:00, run_after=2024-09-23 00:00:00+00:00
[2024-09-26T01:04:19.774+0000] {processor.py:208} INFO - Processing /opt/airflow/dags/create_dag_with_taskflow.py took 0.187 seconds
[2024-09-26T01:04:50.345+0000] {processor.py:186} INFO - Started process (PID=135648) to work on /opt/airflow/dags/create_dag_with_taskflow.py
[2024-09-26T01:04:50.347+0000] {processor.py:914} INFO - Processing file /opt/airflow/dags/create_dag_with_taskflow.py for tasks to queue
[2024-09-26T01:04:50.350+0000] {logging_mixin.py:190} INFO - [2024-09-26T01:04:50.349+0000] {dagbag.py:587} INFO - Filling up the DagBag from /opt/airflow/dags/create_dag_with_taskflow.py
[2024-09-26T01:04:50.470+0000] {processor.py:925} INFO - DAG(s) 'dag_with_taskflow_api_v02' retrieved from /opt/airflow/dags/create_dag_with_taskflow.py
[2024-09-26T01:04:50.498+0000] {logging_mixin.py:190} INFO - [2024-09-26T01:04:50.497+0000] {dag.py:3229} INFO - Sync 1 DAGs
[2024-09-26T01:04:50.519+0000] {logging_mixin.py:190} INFO - [2024-09-26T01:04:50.519+0000] {dag.py:4156} INFO - Setting next_dagrun for dag_with_taskflow_api_v02 to 2024-09-22 00:00:00+00:00, run_after=2024-09-23 00:00:00+00:00
[2024-09-26T01:04:50.553+0000] {processor.py:208} INFO - Processing /opt/airflow/dags/create_dag_with_taskflow.py took 0.220 seconds
[2024-09-26T01:05:20.837+0000] {processor.py:186} INFO - Started process (PID=135691) to work on /opt/airflow/dags/create_dag_with_taskflow.py
[2024-09-26T01:05:20.839+0000] {processor.py:914} INFO - Processing file /opt/airflow/dags/create_dag_with_taskflow.py for tasks to queue
[2024-09-26T01:05:20.842+0000] {logging_mixin.py:190} INFO - [2024-09-26T01:05:20.842+0000] {dagbag.py:587} INFO - Filling up the DagBag from /opt/airflow/dags/create_dag_with_taskflow.py
[2024-09-26T01:05:20.954+0000] {processor.py:925} INFO - DAG(s) 'dag_with_taskflow_api_v02' retrieved from /opt/airflow/dags/create_dag_with_taskflow.py
[2024-09-26T01:05:20.984+0000] {logging_mixin.py:190} INFO - [2024-09-26T01:05:20.984+0000] {dag.py:3229} INFO - Sync 1 DAGs
[2024-09-26T01:05:21.008+0000] {logging_mixin.py:190} INFO - [2024-09-26T01:05:21.008+0000] {dag.py:4156} INFO - Setting next_dagrun for dag_with_taskflow_api_v02 to 2024-09-22 00:00:00+00:00, run_after=2024-09-23 00:00:00+00:00
[2024-09-26T01:05:21.032+0000] {processor.py:208} INFO - Processing /opt/airflow/dags/create_dag_with_taskflow.py took 0.205 seconds
[2024-09-26T01:05:51.388+0000] {processor.py:186} INFO - Started process (PID=135734) to work on /opt/airflow/dags/create_dag_with_taskflow.py
[2024-09-26T01:05:51.391+0000] {processor.py:914} INFO - Processing file /opt/airflow/dags/create_dag_with_taskflow.py for tasks to queue
[2024-09-26T01:05:51.394+0000] {logging_mixin.py:190} INFO - [2024-09-26T01:05:51.394+0000] {dagbag.py:587} INFO - Filling up the DagBag from /opt/airflow/dags/create_dag_with_taskflow.py
[2024-09-26T01:05:51.512+0000] {processor.py:925} INFO - DAG(s) 'dag_with_taskflow_api_v02' retrieved from /opt/airflow/dags/create_dag_with_taskflow.py
[2024-09-26T01:05:51.544+0000] {logging_mixin.py:190} INFO - [2024-09-26T01:05:51.543+0000] {dag.py:3229} INFO - Sync 1 DAGs
[2024-09-26T01:05:51.566+0000] {logging_mixin.py:190} INFO - [2024-09-26T01:05:51.566+0000] {dag.py:4156} INFO - Setting next_dagrun for dag_with_taskflow_api_v02 to 2024-09-22 00:00:00+00:00, run_after=2024-09-23 00:00:00+00:00
[2024-09-26T01:05:51.602+0000] {processor.py:208} INFO - Processing /opt/airflow/dags/create_dag_with_taskflow.py took 0.225 seconds
[2024-09-26T01:06:21.984+0000] {processor.py:186} INFO - Started process (PID=135777) to work on /opt/airflow/dags/create_dag_with_taskflow.py
[2024-09-26T01:06:21.986+0000] {processor.py:914} INFO - Processing file /opt/airflow/dags/create_dag_with_taskflow.py for tasks to queue
[2024-09-26T01:06:21.989+0000] {logging_mixin.py:190} INFO - [2024-09-26T01:06:21.988+0000] {dagbag.py:587} INFO - Filling up the DagBag from /opt/airflow/dags/create_dag_with_taskflow.py
[2024-09-26T01:06:22.109+0000] {processor.py:925} INFO - DAG(s) 'dag_with_taskflow_api_v02' retrieved from /opt/airflow/dags/create_dag_with_taskflow.py
[2024-09-26T01:06:22.149+0000] {logging_mixin.py:190} INFO - [2024-09-26T01:06:22.149+0000] {dag.py:3229} INFO - Sync 1 DAGs
[2024-09-26T01:06:22.169+0000] {logging_mixin.py:190} INFO - [2024-09-26T01:06:22.169+0000] {dag.py:4156} INFO - Setting next_dagrun for dag_with_taskflow_api_v02 to 2024-09-22 00:00:00+00:00, run_after=2024-09-23 00:00:00+00:00
[2024-09-26T01:06:22.198+0000] {processor.py:208} INFO - Processing /opt/airflow/dags/create_dag_with_taskflow.py took 0.224 seconds
[2024-09-26T01:06:52.534+0000] {processor.py:186} INFO - Started process (PID=135820) to work on /opt/airflow/dags/create_dag_with_taskflow.py
[2024-09-26T01:06:52.536+0000] {processor.py:914} INFO - Processing file /opt/airflow/dags/create_dag_with_taskflow.py for tasks to queue
[2024-09-26T01:06:52.538+0000] {logging_mixin.py:190} INFO - [2024-09-26T01:06:52.538+0000] {dagbag.py:587} INFO - Filling up the DagBag from /opt/airflow/dags/create_dag_with_taskflow.py
[2024-09-26T01:06:52.614+0000] {processor.py:925} INFO - DAG(s) 'dag_with_taskflow_api_v02' retrieved from /opt/airflow/dags/create_dag_with_taskflow.py
[2024-09-26T01:06:52.639+0000] {logging_mixin.py:190} INFO - [2024-09-26T01:06:52.639+0000] {dag.py:3229} INFO - Sync 1 DAGs
[2024-09-26T01:06:52.668+0000] {logging_mixin.py:190} INFO - [2024-09-26T01:06:52.668+0000] {dag.py:4156} INFO - Setting next_dagrun for dag_with_taskflow_api_v02 to 2024-09-22 00:00:00+00:00, run_after=2024-09-23 00:00:00+00:00
[2024-09-26T01:06:52.697+0000] {processor.py:208} INFO - Processing /opt/airflow/dags/create_dag_with_taskflow.py took 0.174 seconds
[2024-09-26T01:07:22.854+0000] {processor.py:186} INFO - Started process (PID=135861) to work on /opt/airflow/dags/create_dag_with_taskflow.py
[2024-09-26T01:07:22.855+0000] {processor.py:914} INFO - Processing file /opt/airflow/dags/create_dag_with_taskflow.py for tasks to queue
[2024-09-26T01:07:22.857+0000] {logging_mixin.py:190} INFO - [2024-09-26T01:07:22.857+0000] {dagbag.py:587} INFO - Filling up the DagBag from /opt/airflow/dags/create_dag_with_taskflow.py
[2024-09-26T01:07:22.946+0000] {processor.py:925} INFO - DAG(s) 'dag_with_taskflow_api_v02' retrieved from /opt/airflow/dags/create_dag_with_taskflow.py
[2024-09-26T01:07:22.976+0000] {logging_mixin.py:190} INFO - [2024-09-26T01:07:22.976+0000] {dag.py:3229} INFO - Sync 1 DAGs
[2024-09-26T01:07:23.008+0000] {logging_mixin.py:190} INFO - [2024-09-26T01:07:23.007+0000] {dag.py:4156} INFO - Setting next_dagrun for dag_with_taskflow_api_v02 to 2024-09-22 00:00:00+00:00, run_after=2024-09-23 00:00:00+00:00
[2024-09-26T01:07:23.031+0000] {processor.py:208} INFO - Processing /opt/airflow/dags/create_dag_with_taskflow.py took 0.183 seconds
[2024-09-26T01:07:53.495+0000] {processor.py:186} INFO - Started process (PID=135906) to work on /opt/airflow/dags/create_dag_with_taskflow.py
[2024-09-26T01:07:53.497+0000] {processor.py:914} INFO - Processing file /opt/airflow/dags/create_dag_with_taskflow.py for tasks to queue
[2024-09-26T01:07:53.498+0000] {logging_mixin.py:190} INFO - [2024-09-26T01:07:53.498+0000] {dagbag.py:587} INFO - Filling up the DagBag from /opt/airflow/dags/create_dag_with_taskflow.py
[2024-09-26T01:07:53.604+0000] {processor.py:925} INFO - DAG(s) 'dag_with_taskflow_api_v02' retrieved from /opt/airflow/dags/create_dag_with_taskflow.py
[2024-09-26T01:07:53.637+0000] {logging_mixin.py:190} INFO - [2024-09-26T01:07:53.636+0000] {dag.py:3229} INFO - Sync 1 DAGs
[2024-09-26T01:07:53.658+0000] {logging_mixin.py:190} INFO - [2024-09-26T01:07:53.658+0000] {dag.py:4156} INFO - Setting next_dagrun for dag_with_taskflow_api_v02 to 2024-09-22 00:00:00+00:00, run_after=2024-09-23 00:00:00+00:00
[2024-09-26T01:07:53.684+0000] {processor.py:208} INFO - Processing /opt/airflow/dags/create_dag_with_taskflow.py took 0.194 seconds
[2024-09-26T01:08:23.947+0000] {processor.py:186} INFO - Started process (PID=135947) to work on /opt/airflow/dags/create_dag_with_taskflow.py
[2024-09-26T01:08:23.949+0000] {processor.py:914} INFO - Processing file /opt/airflow/dags/create_dag_with_taskflow.py for tasks to queue
[2024-09-26T01:08:23.950+0000] {logging_mixin.py:190} INFO - [2024-09-26T01:08:23.950+0000] {dagbag.py:587} INFO - Filling up the DagBag from /opt/airflow/dags/create_dag_with_taskflow.py
[2024-09-26T01:08:24.050+0000] {processor.py:925} INFO - DAG(s) 'dag_with_taskflow_api_v02' retrieved from /opt/airflow/dags/create_dag_with_taskflow.py
[2024-09-26T01:08:24.075+0000] {logging_mixin.py:190} INFO - [2024-09-26T01:08:24.075+0000] {dag.py:3229} INFO - Sync 1 DAGs
[2024-09-26T01:08:24.098+0000] {logging_mixin.py:190} INFO - [2024-09-26T01:08:24.098+0000] {dag.py:4156} INFO - Setting next_dagrun for dag_with_taskflow_api_v02 to 2024-09-22 00:00:00+00:00, run_after=2024-09-23 00:00:00+00:00
[2024-09-26T01:08:24.127+0000] {processor.py:208} INFO - Processing /opt/airflow/dags/create_dag_with_taskflow.py took 0.184 seconds
[2024-09-26T01:08:54.429+0000] {processor.py:186} INFO - Started process (PID=135990) to work on /opt/airflow/dags/create_dag_with_taskflow.py
[2024-09-26T01:08:54.431+0000] {processor.py:914} INFO - Processing file /opt/airflow/dags/create_dag_with_taskflow.py for tasks to queue
[2024-09-26T01:08:54.434+0000] {logging_mixin.py:190} INFO - [2024-09-26T01:08:54.433+0000] {dagbag.py:587} INFO - Filling up the DagBag from /opt/airflow/dags/create_dag_with_taskflow.py
[2024-09-26T01:08:54.538+0000] {processor.py:925} INFO - DAG(s) 'dag_with_taskflow_api_v02' retrieved from /opt/airflow/dags/create_dag_with_taskflow.py
[2024-09-26T01:08:54.565+0000] {logging_mixin.py:190} INFO - [2024-09-26T01:08:54.564+0000] {dag.py:3229} INFO - Sync 1 DAGs
[2024-09-26T01:08:54.589+0000] {logging_mixin.py:190} INFO - [2024-09-26T01:08:54.589+0000] {dag.py:4156} INFO - Setting next_dagrun for dag_with_taskflow_api_v02 to 2024-09-22 00:00:00+00:00, run_after=2024-09-23 00:00:00+00:00
[2024-09-26T01:08:54.615+0000] {processor.py:208} INFO - Processing /opt/airflow/dags/create_dag_with_taskflow.py took 0.198 seconds
[2024-09-26T01:09:24.975+0000] {processor.py:186} INFO - Started process (PID=136035) to work on /opt/airflow/dags/create_dag_with_taskflow.py
[2024-09-26T01:09:24.976+0000] {processor.py:914} INFO - Processing file /opt/airflow/dags/create_dag_with_taskflow.py for tasks to queue
[2024-09-26T01:09:24.978+0000] {logging_mixin.py:190} INFO - [2024-09-26T01:09:24.978+0000] {dagbag.py:587} INFO - Filling up the DagBag from /opt/airflow/dags/create_dag_with_taskflow.py
[2024-09-26T01:09:25.067+0000] {processor.py:925} INFO - DAG(s) 'dag_with_taskflow_api_v02' retrieved from /opt/airflow/dags/create_dag_with_taskflow.py
[2024-09-26T01:09:25.099+0000] {logging_mixin.py:190} INFO - [2024-09-26T01:09:25.098+0000] {dag.py:3229} INFO - Sync 1 DAGs
[2024-09-26T01:09:25.123+0000] {logging_mixin.py:190} INFO - [2024-09-26T01:09:25.123+0000] {dag.py:4156} INFO - Setting next_dagrun for dag_with_taskflow_api_v02 to 2024-09-22 00:00:00+00:00, run_after=2024-09-23 00:00:00+00:00
[2024-09-26T01:09:25.149+0000] {processor.py:208} INFO - Processing /opt/airflow/dags/create_dag_with_taskflow.py took 0.179 seconds
[2024-09-26T01:09:55.666+0000] {processor.py:186} INFO - Started process (PID=136078) to work on /opt/airflow/dags/create_dag_with_taskflow.py
[2024-09-26T01:09:55.668+0000] {processor.py:914} INFO - Processing file /opt/airflow/dags/create_dag_with_taskflow.py for tasks to queue
[2024-09-26T01:09:55.671+0000] {logging_mixin.py:190} INFO - [2024-09-26T01:09:55.669+0000] {dagbag.py:587} INFO - Filling up the DagBag from /opt/airflow/dags/create_dag_with_taskflow.py
[2024-09-26T01:09:55.747+0000] {processor.py:925} INFO - DAG(s) 'dag_with_taskflow_api_v02' retrieved from /opt/airflow/dags/create_dag_with_taskflow.py
[2024-09-26T01:09:55.777+0000] {logging_mixin.py:190} INFO - [2024-09-26T01:09:55.776+0000] {dag.py:3229} INFO - Sync 1 DAGs
[2024-09-26T01:09:55.804+0000] {logging_mixin.py:190} INFO - [2024-09-26T01:09:55.804+0000] {dag.py:4156} INFO - Setting next_dagrun for dag_with_taskflow_api_v02 to 2024-09-22 00:00:00+00:00, run_after=2024-09-23 00:00:00+00:00
[2024-09-26T01:09:55.841+0000] {processor.py:208} INFO - Processing /opt/airflow/dags/create_dag_with_taskflow.py took 0.184 seconds
[2024-09-26T01:10:26.179+0000] {processor.py:186} INFO - Started process (PID=136121) to work on /opt/airflow/dags/create_dag_with_taskflow.py
[2024-09-26T01:10:26.180+0000] {processor.py:914} INFO - Processing file /opt/airflow/dags/create_dag_with_taskflow.py for tasks to queue
[2024-09-26T01:10:26.182+0000] {logging_mixin.py:190} INFO - [2024-09-26T01:10:26.182+0000] {dagbag.py:587} INFO - Filling up the DagBag from /opt/airflow/dags/create_dag_with_taskflow.py
[2024-09-26T01:10:26.259+0000] {processor.py:925} INFO - DAG(s) 'dag_with_taskflow_api_v02' retrieved from /opt/airflow/dags/create_dag_with_taskflow.py
[2024-09-26T01:10:26.286+0000] {logging_mixin.py:190} INFO - [2024-09-26T01:10:26.286+0000] {dag.py:3229} INFO - Sync 1 DAGs
[2024-09-26T01:10:26.309+0000] {logging_mixin.py:190} INFO - [2024-09-26T01:10:26.309+0000] {dag.py:4156} INFO - Setting next_dagrun for dag_with_taskflow_api_v02 to 2024-09-22 00:00:00+00:00, run_after=2024-09-23 00:00:00+00:00
[2024-09-26T01:10:26.334+0000] {processor.py:208} INFO - Processing /opt/airflow/dags/create_dag_with_taskflow.py took 0.161 seconds
[2024-09-26T01:10:56.737+0000] {processor.py:186} INFO - Started process (PID=136164) to work on /opt/airflow/dags/create_dag_with_taskflow.py
[2024-09-26T01:10:56.738+0000] {processor.py:914} INFO - Processing file /opt/airflow/dags/create_dag_with_taskflow.py for tasks to queue
[2024-09-26T01:10:56.740+0000] {logging_mixin.py:190} INFO - [2024-09-26T01:10:56.740+0000] {dagbag.py:587} INFO - Filling up the DagBag from /opt/airflow/dags/create_dag_with_taskflow.py
[2024-09-26T01:10:56.822+0000] {processor.py:925} INFO - DAG(s) 'dag_with_taskflow_api_v02' retrieved from /opt/airflow/dags/create_dag_with_taskflow.py
[2024-09-26T01:10:56.848+0000] {logging_mixin.py:190} INFO - [2024-09-26T01:10:56.848+0000] {dag.py:3229} INFO - Sync 1 DAGs
[2024-09-26T01:10:56.870+0000] {logging_mixin.py:190} INFO - [2024-09-26T01:10:56.870+0000] {dag.py:4156} INFO - Setting next_dagrun for dag_with_taskflow_api_v02 to 2024-09-22 00:00:00+00:00, run_after=2024-09-23 00:00:00+00:00
[2024-09-26T01:10:56.895+0000] {processor.py:208} INFO - Processing /opt/airflow/dags/create_dag_with_taskflow.py took 0.164 seconds
[2024-09-26T01:11:27.398+0000] {processor.py:186} INFO - Started process (PID=136207) to work on /opt/airflow/dags/create_dag_with_taskflow.py
[2024-09-26T01:11:27.400+0000] {processor.py:914} INFO - Processing file /opt/airflow/dags/create_dag_with_taskflow.py for tasks to queue
[2024-09-26T01:11:27.403+0000] {logging_mixin.py:190} INFO - [2024-09-26T01:11:27.402+0000] {dagbag.py:587} INFO - Filling up the DagBag from /opt/airflow/dags/create_dag_with_taskflow.py
[2024-09-26T01:11:27.507+0000] {processor.py:925} INFO - DAG(s) 'dag_with_taskflow_api_v02' retrieved from /opt/airflow/dags/create_dag_with_taskflow.py
[2024-09-26T01:11:27.537+0000] {logging_mixin.py:190} INFO - [2024-09-26T01:11:27.537+0000] {dag.py:3229} INFO - Sync 1 DAGs
[2024-09-26T01:11:27.561+0000] {logging_mixin.py:190} INFO - [2024-09-26T01:11:27.560+0000] {dag.py:4156} INFO - Setting next_dagrun for dag_with_taskflow_api_v02 to 2024-09-22 00:00:00+00:00, run_after=2024-09-23 00:00:00+00:00
[2024-09-26T01:11:27.585+0000] {processor.py:208} INFO - Processing /opt/airflow/dags/create_dag_with_taskflow.py took 0.194 seconds
[2024-09-26T01:11:58.017+0000] {processor.py:186} INFO - Started process (PID=136250) to work on /opt/airflow/dags/create_dag_with_taskflow.py
[2024-09-26T01:11:58.019+0000] {processor.py:914} INFO - Processing file /opt/airflow/dags/create_dag_with_taskflow.py for tasks to queue
[2024-09-26T01:11:58.021+0000] {logging_mixin.py:190} INFO - [2024-09-26T01:11:58.020+0000] {dagbag.py:587} INFO - Filling up the DagBag from /opt/airflow/dags/create_dag_with_taskflow.py
[2024-09-26T01:11:58.100+0000] {processor.py:925} INFO - DAG(s) 'dag_with_taskflow_api_v02' retrieved from /opt/airflow/dags/create_dag_with_taskflow.py
[2024-09-26T01:11:58.128+0000] {logging_mixin.py:190} INFO - [2024-09-26T01:11:58.128+0000] {dag.py:3229} INFO - Sync 1 DAGs
[2024-09-26T01:11:58.151+0000] {logging_mixin.py:190} INFO - [2024-09-26T01:11:58.150+0000] {dag.py:4156} INFO - Setting next_dagrun for dag_with_taskflow_api_v02 to 2024-09-22 00:00:00+00:00, run_after=2024-09-23 00:00:00+00:00
[2024-09-26T01:11:58.174+0000] {processor.py:208} INFO - Processing /opt/airflow/dags/create_dag_with_taskflow.py took 0.162 seconds
[2024-09-26T01:12:28.520+0000] {processor.py:186} INFO - Started process (PID=136293) to work on /opt/airflow/dags/create_dag_with_taskflow.py
[2024-09-26T01:12:28.522+0000] {processor.py:914} INFO - Processing file /opt/airflow/dags/create_dag_with_taskflow.py for tasks to queue
[2024-09-26T01:12:28.527+0000] {logging_mixin.py:190} INFO - [2024-09-26T01:12:28.526+0000] {dagbag.py:587} INFO - Filling up the DagBag from /opt/airflow/dags/create_dag_with_taskflow.py
[2024-09-26T01:12:28.632+0000] {processor.py:925} INFO - DAG(s) 'dag_with_taskflow_api_v02' retrieved from /opt/airflow/dags/create_dag_with_taskflow.py
[2024-09-26T01:12:28.663+0000] {logging_mixin.py:190} INFO - [2024-09-26T01:12:28.663+0000] {dag.py:3229} INFO - Sync 1 DAGs
[2024-09-26T01:12:28.686+0000] {logging_mixin.py:190} INFO - [2024-09-26T01:12:28.686+0000] {dag.py:4156} INFO - Setting next_dagrun for dag_with_taskflow_api_v02 to 2024-09-22 00:00:00+00:00, run_after=2024-09-23 00:00:00+00:00
[2024-09-26T01:12:28.718+0000] {processor.py:208} INFO - Processing /opt/airflow/dags/create_dag_with_taskflow.py took 0.207 seconds
[2024-09-26T01:12:59.276+0000] {processor.py:186} INFO - Started process (PID=136336) to work on /opt/airflow/dags/create_dag_with_taskflow.py
[2024-09-26T01:12:59.278+0000] {processor.py:914} INFO - Processing file /opt/airflow/dags/create_dag_with_taskflow.py for tasks to queue
[2024-09-26T01:12:59.281+0000] {logging_mixin.py:190} INFO - [2024-09-26T01:12:59.280+0000] {dagbag.py:587} INFO - Filling up the DagBag from /opt/airflow/dags/create_dag_with_taskflow.py
[2024-09-26T01:12:59.367+0000] {processor.py:925} INFO - DAG(s) 'dag_with_taskflow_api_v02' retrieved from /opt/airflow/dags/create_dag_with_taskflow.py
[2024-09-26T01:12:59.395+0000] {logging_mixin.py:190} INFO - [2024-09-26T01:12:59.395+0000] {dag.py:3229} INFO - Sync 1 DAGs
[2024-09-26T01:12:59.416+0000] {logging_mixin.py:190} INFO - [2024-09-26T01:12:59.416+0000] {dag.py:4156} INFO - Setting next_dagrun for dag_with_taskflow_api_v02 to 2024-09-22 00:00:00+00:00, run_after=2024-09-23 00:00:00+00:00
[2024-09-26T01:12:59.443+0000] {processor.py:208} INFO - Processing /opt/airflow/dags/create_dag_with_taskflow.py took 0.181 seconds
[2024-09-26T01:13:29.648+0000] {processor.py:186} INFO - Started process (PID=136377) to work on /opt/airflow/dags/create_dag_with_taskflow.py
[2024-09-26T01:13:29.649+0000] {processor.py:914} INFO - Processing file /opt/airflow/dags/create_dag_with_taskflow.py for tasks to queue
[2024-09-26T01:13:29.652+0000] {logging_mixin.py:190} INFO - [2024-09-26T01:13:29.651+0000] {dagbag.py:587} INFO - Filling up the DagBag from /opt/airflow/dags/create_dag_with_taskflow.py
[2024-09-26T01:13:29.740+0000] {processor.py:925} INFO - DAG(s) 'dag_with_taskflow_api_v02' retrieved from /opt/airflow/dags/create_dag_with_taskflow.py
[2024-09-26T01:13:29.766+0000] {logging_mixin.py:190} INFO - [2024-09-26T01:13:29.766+0000] {dag.py:3229} INFO - Sync 1 DAGs
[2024-09-26T01:13:29.789+0000] {logging_mixin.py:190} INFO - [2024-09-26T01:13:29.789+0000] {dag.py:4156} INFO - Setting next_dagrun for dag_with_taskflow_api_v02 to 2024-09-22 00:00:00+00:00, run_after=2024-09-23 00:00:00+00:00
[2024-09-26T01:13:29.815+0000] {processor.py:208} INFO - Processing /opt/airflow/dags/create_dag_with_taskflow.py took 0.173 seconds
[2024-09-26T01:14:00.151+0000] {processor.py:186} INFO - Started process (PID=136422) to work on /opt/airflow/dags/create_dag_with_taskflow.py
[2024-09-26T01:14:00.152+0000] {processor.py:914} INFO - Processing file /opt/airflow/dags/create_dag_with_taskflow.py for tasks to queue
[2024-09-26T01:14:00.154+0000] {logging_mixin.py:190} INFO - [2024-09-26T01:14:00.154+0000] {dagbag.py:587} INFO - Filling up the DagBag from /opt/airflow/dags/create_dag_with_taskflow.py
[2024-09-26T01:14:00.239+0000] {processor.py:925} INFO - DAG(s) 'dag_with_taskflow_api_v02' retrieved from /opt/airflow/dags/create_dag_with_taskflow.py
[2024-09-26T01:14:00.268+0000] {logging_mixin.py:190} INFO - [2024-09-26T01:14:00.267+0000] {dag.py:3229} INFO - Sync 1 DAGs
[2024-09-26T01:14:00.289+0000] {logging_mixin.py:190} INFO - [2024-09-26T01:14:00.289+0000] {dag.py:4156} INFO - Setting next_dagrun for dag_with_taskflow_api_v02 to 2024-09-22 00:00:00+00:00, run_after=2024-09-23 00:00:00+00:00
[2024-09-26T01:14:00.316+0000] {processor.py:208} INFO - Processing /opt/airflow/dags/create_dag_with_taskflow.py took 0.171 seconds
[2024-09-26T01:14:30.749+0000] {processor.py:186} INFO - Started process (PID=136465) to work on /opt/airflow/dags/create_dag_with_taskflow.py
[2024-09-26T01:14:30.750+0000] {processor.py:914} INFO - Processing file /opt/airflow/dags/create_dag_with_taskflow.py for tasks to queue
[2024-09-26T01:14:30.752+0000] {logging_mixin.py:190} INFO - [2024-09-26T01:14:30.752+0000] {dagbag.py:587} INFO - Filling up the DagBag from /opt/airflow/dags/create_dag_with_taskflow.py
[2024-09-26T01:14:30.841+0000] {processor.py:925} INFO - DAG(s) 'dag_with_taskflow_api_v02' retrieved from /opt/airflow/dags/create_dag_with_taskflow.py
[2024-09-26T01:14:30.888+0000] {logging_mixin.py:190} INFO - [2024-09-26T01:14:30.888+0000] {dag.py:3229} INFO - Sync 1 DAGs
[2024-09-26T01:14:30.915+0000] {logging_mixin.py:190} INFO - [2024-09-26T01:14:30.915+0000] {dag.py:4156} INFO - Setting next_dagrun for dag_with_taskflow_api_v02 to 2024-09-22 00:00:00+00:00, run_after=2024-09-23 00:00:00+00:00
[2024-09-26T01:14:30.942+0000] {processor.py:208} INFO - Processing /opt/airflow/dags/create_dag_with_taskflow.py took 0.199 seconds
[2024-09-26T01:15:01.448+0000] {processor.py:186} INFO - Started process (PID=136508) to work on /opt/airflow/dags/create_dag_with_taskflow.py
[2024-09-26T01:15:01.451+0000] {processor.py:914} INFO - Processing file /opt/airflow/dags/create_dag_with_taskflow.py for tasks to queue
[2024-09-26T01:15:01.454+0000] {logging_mixin.py:190} INFO - [2024-09-26T01:15:01.453+0000] {dagbag.py:587} INFO - Filling up the DagBag from /opt/airflow/dags/create_dag_with_taskflow.py
[2024-09-26T01:15:01.564+0000] {processor.py:925} INFO - DAG(s) 'dag_with_taskflow_api_v02' retrieved from /opt/airflow/dags/create_dag_with_taskflow.py
[2024-09-26T01:15:01.589+0000] {logging_mixin.py:190} INFO - [2024-09-26T01:15:01.589+0000] {dag.py:3229} INFO - Sync 1 DAGs
[2024-09-26T01:15:01.609+0000] {logging_mixin.py:190} INFO - [2024-09-26T01:15:01.608+0000] {dag.py:4156} INFO - Setting next_dagrun for dag_with_taskflow_api_v02 to 2024-09-22 00:00:00+00:00, run_after=2024-09-23 00:00:00+00:00
[2024-09-26T01:15:01.632+0000] {processor.py:208} INFO - Processing /opt/airflow/dags/create_dag_with_taskflow.py took 0.195 seconds
[2024-09-26T01:15:32.001+0000] {processor.py:186} INFO - Started process (PID=136551) to work on /opt/airflow/dags/create_dag_with_taskflow.py
[2024-09-26T01:15:32.004+0000] {processor.py:914} INFO - Processing file /opt/airflow/dags/create_dag_with_taskflow.py for tasks to queue
[2024-09-26T01:15:32.006+0000] {logging_mixin.py:190} INFO - [2024-09-26T01:15:32.006+0000] {dagbag.py:587} INFO - Filling up the DagBag from /opt/airflow/dags/create_dag_with_taskflow.py
[2024-09-26T01:15:32.113+0000] {processor.py:925} INFO - DAG(s) 'dag_with_taskflow_api_v02' retrieved from /opt/airflow/dags/create_dag_with_taskflow.py
[2024-09-26T01:15:32.140+0000] {logging_mixin.py:190} INFO - [2024-09-26T01:15:32.140+0000] {dag.py:3229} INFO - Sync 1 DAGs
[2024-09-26T01:15:32.164+0000] {logging_mixin.py:190} INFO - [2024-09-26T01:15:32.164+0000] {dag.py:4156} INFO - Setting next_dagrun for dag_with_taskflow_api_v02 to 2024-09-22 00:00:00+00:00, run_after=2024-09-23 00:00:00+00:00
[2024-09-26T01:15:32.194+0000] {processor.py:208} INFO - Processing /opt/airflow/dags/create_dag_with_taskflow.py took 0.203 seconds
[2024-09-26T01:16:02.470+0000] {processor.py:186} INFO - Started process (PID=136594) to work on /opt/airflow/dags/create_dag_with_taskflow.py
[2024-09-26T01:16:02.472+0000] {processor.py:914} INFO - Processing file /opt/airflow/dags/create_dag_with_taskflow.py for tasks to queue
[2024-09-26T01:16:02.474+0000] {logging_mixin.py:190} INFO - [2024-09-26T01:16:02.474+0000] {dagbag.py:587} INFO - Filling up the DagBag from /opt/airflow/dags/create_dag_with_taskflow.py
[2024-09-26T01:16:02.546+0000] {processor.py:925} INFO - DAG(s) 'dag_with_taskflow_api_v02' retrieved from /opt/airflow/dags/create_dag_with_taskflow.py
[2024-09-26T01:16:02.578+0000] {logging_mixin.py:190} INFO - [2024-09-26T01:16:02.578+0000] {dag.py:3229} INFO - Sync 1 DAGs
[2024-09-26T01:16:02.610+0000] {logging_mixin.py:190} INFO - [2024-09-26T01:16:02.610+0000] {dag.py:4156} INFO - Setting next_dagrun for dag_with_taskflow_api_v02 to 2024-09-22 00:00:00+00:00, run_after=2024-09-23 00:00:00+00:00
[2024-09-26T01:16:02.638+0000] {processor.py:208} INFO - Processing /opt/airflow/dags/create_dag_with_taskflow.py took 0.174 seconds
[2024-09-26T01:16:33.211+0000] {processor.py:186} INFO - Started process (PID=136637) to work on /opt/airflow/dags/create_dag_with_taskflow.py
[2024-09-26T01:16:33.213+0000] {processor.py:914} INFO - Processing file /opt/airflow/dags/create_dag_with_taskflow.py for tasks to queue
[2024-09-26T01:16:33.215+0000] {logging_mixin.py:190} INFO - [2024-09-26T01:16:33.214+0000] {dagbag.py:587} INFO - Filling up the DagBag from /opt/airflow/dags/create_dag_with_taskflow.py
[2024-09-26T01:16:33.307+0000] {processor.py:925} INFO - DAG(s) 'dag_with_taskflow_api_v02' retrieved from /opt/airflow/dags/create_dag_with_taskflow.py
[2024-09-26T01:16:33.332+0000] {logging_mixin.py:190} INFO - [2024-09-26T01:16:33.332+0000] {dag.py:3229} INFO - Sync 1 DAGs
[2024-09-26T01:16:33.353+0000] {logging_mixin.py:190} INFO - [2024-09-26T01:16:33.353+0000] {dag.py:4156} INFO - Setting next_dagrun for dag_with_taskflow_api_v02 to 2024-09-22 00:00:00+00:00, run_after=2024-09-23 00:00:00+00:00
[2024-09-26T01:16:33.391+0000] {processor.py:208} INFO - Processing /opt/airflow/dags/create_dag_with_taskflow.py took 0.185 seconds
[2024-09-26T01:17:03.924+0000] {processor.py:186} INFO - Started process (PID=136680) to work on /opt/airflow/dags/create_dag_with_taskflow.py
[2024-09-26T01:17:03.926+0000] {processor.py:914} INFO - Processing file /opt/airflow/dags/create_dag_with_taskflow.py for tasks to queue
[2024-09-26T01:17:03.929+0000] {logging_mixin.py:190} INFO - [2024-09-26T01:17:03.928+0000] {dagbag.py:587} INFO - Filling up the DagBag from /opt/airflow/dags/create_dag_with_taskflow.py
[2024-09-26T01:17:04.045+0000] {processor.py:925} INFO - DAG(s) 'dag_with_taskflow_api_v02' retrieved from /opt/airflow/dags/create_dag_with_taskflow.py
[2024-09-26T01:17:04.075+0000] {logging_mixin.py:190} INFO - [2024-09-26T01:17:04.074+0000] {dag.py:3229} INFO - Sync 1 DAGs
[2024-09-26T01:17:04.104+0000] {logging_mixin.py:190} INFO - [2024-09-26T01:17:04.103+0000] {dag.py:4156} INFO - Setting next_dagrun for dag_with_taskflow_api_v02 to 2024-09-22 00:00:00+00:00, run_after=2024-09-23 00:00:00+00:00
[2024-09-26T01:17:04.134+0000] {processor.py:208} INFO - Processing /opt/airflow/dags/create_dag_with_taskflow.py took 0.221 seconds
[2024-09-26T01:17:34.552+0000] {processor.py:186} INFO - Started process (PID=136723) to work on /opt/airflow/dags/create_dag_with_taskflow.py
[2024-09-26T01:17:34.554+0000] {processor.py:914} INFO - Processing file /opt/airflow/dags/create_dag_with_taskflow.py for tasks to queue
[2024-09-26T01:17:34.555+0000] {logging_mixin.py:190} INFO - [2024-09-26T01:17:34.555+0000] {dagbag.py:587} INFO - Filling up the DagBag from /opt/airflow/dags/create_dag_with_taskflow.py
[2024-09-26T01:17:34.633+0000] {processor.py:925} INFO - DAG(s) 'dag_with_taskflow_api_v02' retrieved from /opt/airflow/dags/create_dag_with_taskflow.py
[2024-09-26T01:17:34.658+0000] {logging_mixin.py:190} INFO - [2024-09-26T01:17:34.658+0000] {dag.py:3229} INFO - Sync 1 DAGs
[2024-09-26T01:17:34.679+0000] {logging_mixin.py:190} INFO - [2024-09-26T01:17:34.679+0000] {dag.py:4156} INFO - Setting next_dagrun for dag_with_taskflow_api_v02 to 2024-09-22 00:00:00+00:00, run_after=2024-09-23 00:00:00+00:00
[2024-09-26T01:17:34.713+0000] {processor.py:208} INFO - Processing /opt/airflow/dags/create_dag_with_taskflow.py took 0.166 seconds
[2024-09-26T01:18:05.013+0000] {processor.py:186} INFO - Started process (PID=136766) to work on /opt/airflow/dags/create_dag_with_taskflow.py
[2024-09-26T01:18:05.016+0000] {processor.py:914} INFO - Processing file /opt/airflow/dags/create_dag_with_taskflow.py for tasks to queue
[2024-09-26T01:18:05.019+0000] {logging_mixin.py:190} INFO - [2024-09-26T01:18:05.018+0000] {dagbag.py:587} INFO - Filling up the DagBag from /opt/airflow/dags/create_dag_with_taskflow.py
[2024-09-26T01:18:05.119+0000] {processor.py:925} INFO - DAG(s) 'dag_with_taskflow_api_v02' retrieved from /opt/airflow/dags/create_dag_with_taskflow.py
[2024-09-26T01:18:05.145+0000] {logging_mixin.py:190} INFO - [2024-09-26T01:18:05.144+0000] {dag.py:3229} INFO - Sync 1 DAGs
[2024-09-26T01:18:05.170+0000] {logging_mixin.py:190} INFO - [2024-09-26T01:18:05.170+0000] {dag.py:4156} INFO - Setting next_dagrun for dag_with_taskflow_api_v02 to 2024-09-22 00:00:00+00:00, run_after=2024-09-23 00:00:00+00:00
[2024-09-26T01:18:05.202+0000] {processor.py:208} INFO - Processing /opt/airflow/dags/create_dag_with_taskflow.py took 0.200 seconds
[2024-09-26T01:18:35.609+0000] {processor.py:186} INFO - Started process (PID=136809) to work on /opt/airflow/dags/create_dag_with_taskflow.py
[2024-09-26T01:18:35.612+0000] {processor.py:914} INFO - Processing file /opt/airflow/dags/create_dag_with_taskflow.py for tasks to queue
[2024-09-26T01:18:35.615+0000] {logging_mixin.py:190} INFO - [2024-09-26T01:18:35.614+0000] {dagbag.py:587} INFO - Filling up the DagBag from /opt/airflow/dags/create_dag_with_taskflow.py
[2024-09-26T01:18:35.728+0000] {processor.py:925} INFO - DAG(s) 'dag_with_taskflow_api_v02' retrieved from /opt/airflow/dags/create_dag_with_taskflow.py
[2024-09-26T01:18:35.755+0000] {logging_mixin.py:190} INFO - [2024-09-26T01:18:35.755+0000] {dag.py:3229} INFO - Sync 1 DAGs
[2024-09-26T01:18:35.775+0000] {logging_mixin.py:190} INFO - [2024-09-26T01:18:35.775+0000] {dag.py:4156} INFO - Setting next_dagrun for dag_with_taskflow_api_v02 to 2024-09-22 00:00:00+00:00, run_after=2024-09-23 00:00:00+00:00
[2024-09-26T01:18:35.809+0000] {processor.py:208} INFO - Processing /opt/airflow/dags/create_dag_with_taskflow.py took 0.208 seconds
[2024-09-26T01:19:06.228+0000] {processor.py:186} INFO - Started process (PID=136852) to work on /opt/airflow/dags/create_dag_with_taskflow.py
[2024-09-26T01:19:06.230+0000] {processor.py:914} INFO - Processing file /opt/airflow/dags/create_dag_with_taskflow.py for tasks to queue
[2024-09-26T01:19:06.233+0000] {logging_mixin.py:190} INFO - [2024-09-26T01:19:06.233+0000] {dagbag.py:587} INFO - Filling up the DagBag from /opt/airflow/dags/create_dag_with_taskflow.py
[2024-09-26T01:19:06.317+0000] {processor.py:925} INFO - DAG(s) 'dag_with_taskflow_api_v02' retrieved from /opt/airflow/dags/create_dag_with_taskflow.py
[2024-09-26T01:19:06.343+0000] {logging_mixin.py:190} INFO - [2024-09-26T01:19:06.343+0000] {dag.py:3229} INFO - Sync 1 DAGs
[2024-09-26T01:19:06.362+0000] {logging_mixin.py:190} INFO - [2024-09-26T01:19:06.362+0000] {dag.py:4156} INFO - Setting next_dagrun for dag_with_taskflow_api_v02 to 2024-09-22 00:00:00+00:00, run_after=2024-09-23 00:00:00+00:00
[2024-09-26T01:19:06.387+0000] {processor.py:208} INFO - Processing /opt/airflow/dags/create_dag_with_taskflow.py took 0.170 seconds
[2024-09-26T01:19:36.725+0000] {processor.py:186} INFO - Started process (PID=136893) to work on /opt/airflow/dags/create_dag_with_taskflow.py
[2024-09-26T01:19:36.727+0000] {processor.py:914} INFO - Processing file /opt/airflow/dags/create_dag_with_taskflow.py for tasks to queue
[2024-09-26T01:19:36.728+0000] {logging_mixin.py:190} INFO - [2024-09-26T01:19:36.728+0000] {dagbag.py:587} INFO - Filling up the DagBag from /opt/airflow/dags/create_dag_with_taskflow.py
[2024-09-26T01:19:36.806+0000] {processor.py:925} INFO - DAG(s) 'dag_with_taskflow_api_v02' retrieved from /opt/airflow/dags/create_dag_with_taskflow.py
[2024-09-26T01:19:36.836+0000] {logging_mixin.py:190} INFO - [2024-09-26T01:19:36.836+0000] {dag.py:3229} INFO - Sync 1 DAGs
[2024-09-26T01:19:36.857+0000] {logging_mixin.py:190} INFO - [2024-09-26T01:19:36.856+0000] {dag.py:4156} INFO - Setting next_dagrun for dag_with_taskflow_api_v02 to 2024-09-22 00:00:00+00:00, run_after=2024-09-23 00:00:00+00:00
[2024-09-26T01:19:36.887+0000] {processor.py:208} INFO - Processing /opt/airflow/dags/create_dag_with_taskflow.py took 0.167 seconds
[2024-09-26T01:20:07.511+0000] {processor.py:186} INFO - Started process (PID=136938) to work on /opt/airflow/dags/create_dag_with_taskflow.py
[2024-09-26T01:20:07.513+0000] {processor.py:914} INFO - Processing file /opt/airflow/dags/create_dag_with_taskflow.py for tasks to queue
[2024-09-26T01:20:07.516+0000] {logging_mixin.py:190} INFO - [2024-09-26T01:20:07.516+0000] {dagbag.py:587} INFO - Filling up the DagBag from /opt/airflow/dags/create_dag_with_taskflow.py
[2024-09-26T01:20:07.622+0000] {processor.py:925} INFO - DAG(s) 'dag_with_taskflow_api_v02' retrieved from /opt/airflow/dags/create_dag_with_taskflow.py
[2024-09-26T01:20:07.650+0000] {logging_mixin.py:190} INFO - [2024-09-26T01:20:07.650+0000] {dag.py:3229} INFO - Sync 1 DAGs
[2024-09-26T01:20:07.672+0000] {logging_mixin.py:190} INFO - [2024-09-26T01:20:07.672+0000] {dag.py:4156} INFO - Setting next_dagrun for dag_with_taskflow_api_v02 to 2024-09-22 00:00:00+00:00, run_after=2024-09-23 00:00:00+00:00
[2024-09-26T01:20:07.707+0000] {processor.py:208} INFO - Processing /opt/airflow/dags/create_dag_with_taskflow.py took 0.207 seconds
[2024-09-26T01:20:37.923+0000] {processor.py:186} INFO - Started process (PID=136979) to work on /opt/airflow/dags/create_dag_with_taskflow.py
[2024-09-26T01:20:37.925+0000] {processor.py:914} INFO - Processing file /opt/airflow/dags/create_dag_with_taskflow.py for tasks to queue
[2024-09-26T01:20:37.927+0000] {logging_mixin.py:190} INFO - [2024-09-26T01:20:37.927+0000] {dagbag.py:587} INFO - Filling up the DagBag from /opt/airflow/dags/create_dag_with_taskflow.py
[2024-09-26T01:20:38.015+0000] {processor.py:925} INFO - DAG(s) 'dag_with_taskflow_api_v02' retrieved from /opt/airflow/dags/create_dag_with_taskflow.py
[2024-09-26T01:20:38.037+0000] {logging_mixin.py:190} INFO - [2024-09-26T01:20:38.037+0000] {dag.py:3229} INFO - Sync 1 DAGs
[2024-09-26T01:20:38.057+0000] {logging_mixin.py:190} INFO - [2024-09-26T01:20:38.057+0000] {dag.py:4156} INFO - Setting next_dagrun for dag_with_taskflow_api_v02 to 2024-09-22 00:00:00+00:00, run_after=2024-09-23 00:00:00+00:00
[2024-09-26T01:20:38.083+0000] {processor.py:208} INFO - Processing /opt/airflow/dags/create_dag_with_taskflow.py took 0.165 seconds
[2024-09-26T01:21:08.290+0000] {processor.py:186} INFO - Started process (PID=137022) to work on /opt/airflow/dags/create_dag_with_taskflow.py
[2024-09-26T01:21:08.292+0000] {processor.py:914} INFO - Processing file /opt/airflow/dags/create_dag_with_taskflow.py for tasks to queue
[2024-09-26T01:21:08.295+0000] {logging_mixin.py:190} INFO - [2024-09-26T01:21:08.294+0000] {dagbag.py:587} INFO - Filling up the DagBag from /opt/airflow/dags/create_dag_with_taskflow.py
[2024-09-26T01:21:08.351+0000] {processor.py:925} INFO - DAG(s) 'dag_with_taskflow_api_v02' retrieved from /opt/airflow/dags/create_dag_with_taskflow.py
[2024-09-26T01:21:08.377+0000] {logging_mixin.py:190} INFO - [2024-09-26T01:21:08.377+0000] {dag.py:3229} INFO - Sync 1 DAGs
[2024-09-26T01:21:08.402+0000] {logging_mixin.py:190} INFO - [2024-09-26T01:21:08.402+0000] {dag.py:4156} INFO - Setting next_dagrun for dag_with_taskflow_api_v02 to 2024-09-22 00:00:00+00:00, run_after=2024-09-23 00:00:00+00:00
[2024-09-26T01:21:08.427+0000] {processor.py:208} INFO - Processing /opt/airflow/dags/create_dag_with_taskflow.py took 0.145 seconds
[2024-09-26T01:21:39.244+0000] {processor.py:186} INFO - Started process (PID=137067) to work on /opt/airflow/dags/create_dag_with_taskflow.py
[2024-09-26T01:21:39.247+0000] {processor.py:914} INFO - Processing file /opt/airflow/dags/create_dag_with_taskflow.py for tasks to queue
[2024-09-26T01:21:39.251+0000] {logging_mixin.py:190} INFO - [2024-09-26T01:21:39.250+0000] {dagbag.py:587} INFO - Filling up the DagBag from /opt/airflow/dags/create_dag_with_taskflow.py
[2024-09-26T01:21:39.359+0000] {processor.py:925} INFO - DAG(s) 'dag_with_taskflow_api_v02' retrieved from /opt/airflow/dags/create_dag_with_taskflow.py
[2024-09-26T01:21:39.386+0000] {logging_mixin.py:190} INFO - [2024-09-26T01:21:39.386+0000] {dag.py:3229} INFO - Sync 1 DAGs
[2024-09-26T01:21:39.408+0000] {logging_mixin.py:190} INFO - [2024-09-26T01:21:39.408+0000] {dag.py:4156} INFO - Setting next_dagrun for dag_with_taskflow_api_v02 to 2024-09-22 00:00:00+00:00, run_after=2024-09-23 00:00:00+00:00
[2024-09-26T01:21:39.435+0000] {processor.py:208} INFO - Processing /opt/airflow/dags/create_dag_with_taskflow.py took 0.202 seconds
[2024-09-26T01:22:09.794+0000] {processor.py:186} INFO - Started process (PID=137108) to work on /opt/airflow/dags/create_dag_with_taskflow.py
[2024-09-26T01:22:09.797+0000] {processor.py:914} INFO - Processing file /opt/airflow/dags/create_dag_with_taskflow.py for tasks to queue
[2024-09-26T01:22:09.802+0000] {logging_mixin.py:190} INFO - [2024-09-26T01:22:09.801+0000] {dagbag.py:587} INFO - Filling up the DagBag from /opt/airflow/dags/create_dag_with_taskflow.py
[2024-09-26T01:22:09.918+0000] {processor.py:925} INFO - DAG(s) 'dag_with_taskflow_api_v02' retrieved from /opt/airflow/dags/create_dag_with_taskflow.py
[2024-09-26T01:22:09.956+0000] {logging_mixin.py:190} INFO - [2024-09-26T01:22:09.955+0000] {dag.py:3229} INFO - Sync 1 DAGs
[2024-09-26T01:22:09.994+0000] {logging_mixin.py:190} INFO - [2024-09-26T01:22:09.993+0000] {dag.py:4156} INFO - Setting next_dagrun for dag_with_taskflow_api_v02 to 2024-09-22 00:00:00+00:00, run_after=2024-09-23 00:00:00+00:00
[2024-09-26T01:22:10.027+0000] {processor.py:208} INFO - Processing /opt/airflow/dags/create_dag_with_taskflow.py took 0.240 seconds
[2024-09-26T01:22:40.571+0000] {processor.py:186} INFO - Started process (PID=137153) to work on /opt/airflow/dags/create_dag_with_taskflow.py
[2024-09-26T01:22:40.573+0000] {processor.py:914} INFO - Processing file /opt/airflow/dags/create_dag_with_taskflow.py for tasks to queue
[2024-09-26T01:22:40.576+0000] {logging_mixin.py:190} INFO - [2024-09-26T01:22:40.575+0000] {dagbag.py:587} INFO - Filling up the DagBag from /opt/airflow/dags/create_dag_with_taskflow.py
[2024-09-26T01:22:40.682+0000] {processor.py:925} INFO - DAG(s) 'dag_with_taskflow_api_v02' retrieved from /opt/airflow/dags/create_dag_with_taskflow.py
[2024-09-26T01:22:40.712+0000] {logging_mixin.py:190} INFO - [2024-09-26T01:22:40.711+0000] {dag.py:3229} INFO - Sync 1 DAGs
[2024-09-26T01:22:40.733+0000] {logging_mixin.py:190} INFO - [2024-09-26T01:22:40.732+0000] {dag.py:4156} INFO - Setting next_dagrun for dag_with_taskflow_api_v02 to 2024-09-22 00:00:00+00:00, run_after=2024-09-23 00:00:00+00:00
[2024-09-26T01:22:40.763+0000] {processor.py:208} INFO - Processing /opt/airflow/dags/create_dag_with_taskflow.py took 0.198 seconds
[2024-09-26T01:23:11.194+0000] {processor.py:186} INFO - Started process (PID=137196) to work on /opt/airflow/dags/create_dag_with_taskflow.py
[2024-09-26T01:23:11.197+0000] {processor.py:914} INFO - Processing file /opt/airflow/dags/create_dag_with_taskflow.py for tasks to queue
[2024-09-26T01:23:11.200+0000] {logging_mixin.py:190} INFO - [2024-09-26T01:23:11.199+0000] {dagbag.py:587} INFO - Filling up the DagBag from /opt/airflow/dags/create_dag_with_taskflow.py
[2024-09-26T01:23:11.321+0000] {processor.py:925} INFO - DAG(s) 'dag_with_taskflow_api_v02' retrieved from /opt/airflow/dags/create_dag_with_taskflow.py
[2024-09-26T01:23:11.347+0000] {logging_mixin.py:190} INFO - [2024-09-26T01:23:11.346+0000] {dag.py:3229} INFO - Sync 1 DAGs
[2024-09-26T01:23:11.367+0000] {logging_mixin.py:190} INFO - [2024-09-26T01:23:11.367+0000] {dag.py:4156} INFO - Setting next_dagrun for dag_with_taskflow_api_v02 to 2024-09-22 00:00:00+00:00, run_after=2024-09-23 00:00:00+00:00
[2024-09-26T01:23:11.392+0000] {processor.py:208} INFO - Processing /opt/airflow/dags/create_dag_with_taskflow.py took 0.207 seconds
[2024-09-26T01:23:41.754+0000] {processor.py:186} INFO - Started process (PID=137239) to work on /opt/airflow/dags/create_dag_with_taskflow.py
[2024-09-26T01:23:41.756+0000] {processor.py:914} INFO - Processing file /opt/airflow/dags/create_dag_with_taskflow.py for tasks to queue
[2024-09-26T01:23:41.758+0000] {logging_mixin.py:190} INFO - [2024-09-26T01:23:41.758+0000] {dagbag.py:587} INFO - Filling up the DagBag from /opt/airflow/dags/create_dag_with_taskflow.py
[2024-09-26T01:23:41.868+0000] {processor.py:925} INFO - DAG(s) 'dag_with_taskflow_api_v02' retrieved from /opt/airflow/dags/create_dag_with_taskflow.py
[2024-09-26T01:23:41.895+0000] {logging_mixin.py:190} INFO - [2024-09-26T01:23:41.894+0000] {dag.py:3229} INFO - Sync 1 DAGs
[2024-09-26T01:23:41.916+0000] {logging_mixin.py:190} INFO - [2024-09-26T01:23:41.916+0000] {dag.py:4156} INFO - Setting next_dagrun for dag_with_taskflow_api_v02 to 2024-09-22 00:00:00+00:00, run_after=2024-09-23 00:00:00+00:00
[2024-09-26T01:23:41.942+0000] {processor.py:208} INFO - Processing /opt/airflow/dags/create_dag_with_taskflow.py took 0.196 seconds
[2024-09-26T01:24:12.219+0000] {processor.py:186} INFO - Started process (PID=137282) to work on /opt/airflow/dags/create_dag_with_taskflow.py
[2024-09-26T01:24:12.220+0000] {processor.py:914} INFO - Processing file /opt/airflow/dags/create_dag_with_taskflow.py for tasks to queue
[2024-09-26T01:24:12.223+0000] {logging_mixin.py:190} INFO - [2024-09-26T01:24:12.222+0000] {dagbag.py:587} INFO - Filling up the DagBag from /opt/airflow/dags/create_dag_with_taskflow.py
[2024-09-26T01:24:12.307+0000] {processor.py:925} INFO - DAG(s) 'dag_with_taskflow_api_v02' retrieved from /opt/airflow/dags/create_dag_with_taskflow.py
[2024-09-26T01:24:12.347+0000] {logging_mixin.py:190} INFO - [2024-09-26T01:24:12.347+0000] {dag.py:3229} INFO - Sync 1 DAGs
[2024-09-26T01:24:12.378+0000] {logging_mixin.py:190} INFO - [2024-09-26T01:24:12.378+0000] {dag.py:4156} INFO - Setting next_dagrun for dag_with_taskflow_api_v02 to 2024-09-22 00:00:00+00:00, run_after=2024-09-23 00:00:00+00:00
[2024-09-26T01:24:12.408+0000] {processor.py:208} INFO - Processing /opt/airflow/dags/create_dag_with_taskflow.py took 0.197 seconds
[2024-09-26T01:24:42.635+0000] {processor.py:186} INFO - Started process (PID=137325) to work on /opt/airflow/dags/create_dag_with_taskflow.py
[2024-09-26T01:24:42.636+0000] {processor.py:914} INFO - Processing file /opt/airflow/dags/create_dag_with_taskflow.py for tasks to queue
[2024-09-26T01:24:42.639+0000] {logging_mixin.py:190} INFO - [2024-09-26T01:24:42.638+0000] {dagbag.py:587} INFO - Filling up the DagBag from /opt/airflow/dags/create_dag_with_taskflow.py
[2024-09-26T01:24:42.725+0000] {processor.py:925} INFO - DAG(s) 'dag_with_taskflow_api_v02' retrieved from /opt/airflow/dags/create_dag_with_taskflow.py
[2024-09-26T01:24:42.751+0000] {logging_mixin.py:190} INFO - [2024-09-26T01:24:42.751+0000] {dag.py:3229} INFO - Sync 1 DAGs
[2024-09-26T01:24:42.774+0000] {logging_mixin.py:190} INFO - [2024-09-26T01:24:42.773+0000] {dag.py:4156} INFO - Setting next_dagrun for dag_with_taskflow_api_v02 to 2024-09-22 00:00:00+00:00, run_after=2024-09-23 00:00:00+00:00
[2024-09-26T01:24:42.809+0000] {processor.py:208} INFO - Processing /opt/airflow/dags/create_dag_with_taskflow.py took 0.181 seconds
[2024-09-26T01:25:13.208+0000] {processor.py:186} INFO - Started process (PID=137368) to work on /opt/airflow/dags/create_dag_with_taskflow.py
[2024-09-26T01:25:13.210+0000] {processor.py:914} INFO - Processing file /opt/airflow/dags/create_dag_with_taskflow.py for tasks to queue
[2024-09-26T01:25:13.212+0000] {logging_mixin.py:190} INFO - [2024-09-26T01:25:13.212+0000] {dagbag.py:587} INFO - Filling up the DagBag from /opt/airflow/dags/create_dag_with_taskflow.py
[2024-09-26T01:25:13.298+0000] {processor.py:925} INFO - DAG(s) 'dag_with_taskflow_api_v02' retrieved from /opt/airflow/dags/create_dag_with_taskflow.py
[2024-09-26T01:25:13.331+0000] {logging_mixin.py:190} INFO - [2024-09-26T01:25:13.331+0000] {dag.py:3229} INFO - Sync 1 DAGs
[2024-09-26T01:25:13.361+0000] {logging_mixin.py:190} INFO - [2024-09-26T01:25:13.361+0000] {dag.py:4156} INFO - Setting next_dagrun for dag_with_taskflow_api_v02 to 2024-09-22 00:00:00+00:00, run_after=2024-09-23 00:00:00+00:00
[2024-09-26T01:25:13.397+0000] {processor.py:208} INFO - Processing /opt/airflow/dags/create_dag_with_taskflow.py took 0.198 seconds
[2024-09-26T01:25:44.011+0000] {processor.py:186} INFO - Started process (PID=137411) to work on /opt/airflow/dags/create_dag_with_taskflow.py
[2024-09-26T01:25:44.013+0000] {processor.py:914} INFO - Processing file /opt/airflow/dags/create_dag_with_taskflow.py for tasks to queue
[2024-09-26T01:25:44.016+0000] {logging_mixin.py:190} INFO - [2024-09-26T01:25:44.016+0000] {dagbag.py:587} INFO - Filling up the DagBag from /opt/airflow/dags/create_dag_with_taskflow.py
[2024-09-26T01:25:44.096+0000] {processor.py:925} INFO - DAG(s) 'dag_with_taskflow_api_v02' retrieved from /opt/airflow/dags/create_dag_with_taskflow.py
[2024-09-26T01:25:44.126+0000] {logging_mixin.py:190} INFO - [2024-09-26T01:25:44.126+0000] {dag.py:3229} INFO - Sync 1 DAGs
[2024-09-26T01:25:44.153+0000] {logging_mixin.py:190} INFO - [2024-09-26T01:25:44.152+0000] {dag.py:4156} INFO - Setting next_dagrun for dag_with_taskflow_api_v02 to 2024-09-22 00:00:00+00:00, run_after=2024-09-23 00:00:00+00:00
[2024-09-26T01:25:44.178+0000] {processor.py:208} INFO - Processing /opt/airflow/dags/create_dag_with_taskflow.py took 0.178 seconds
[2024-09-26T01:26:14.671+0000] {processor.py:186} INFO - Started process (PID=137454) to work on /opt/airflow/dags/create_dag_with_taskflow.py
[2024-09-26T01:26:14.674+0000] {processor.py:914} INFO - Processing file /opt/airflow/dags/create_dag_with_taskflow.py for tasks to queue
[2024-09-26T01:26:14.677+0000] {logging_mixin.py:190} INFO - [2024-09-26T01:26:14.677+0000] {dagbag.py:587} INFO - Filling up the DagBag from /opt/airflow/dags/create_dag_with_taskflow.py
[2024-09-26T01:26:14.792+0000] {processor.py:925} INFO - DAG(s) 'dag_with_taskflow_api_v02' retrieved from /opt/airflow/dags/create_dag_with_taskflow.py
[2024-09-26T01:26:14.835+0000] {logging_mixin.py:190} INFO - [2024-09-26T01:26:14.835+0000] {dag.py:3229} INFO - Sync 1 DAGs
[2024-09-26T01:26:14.865+0000] {logging_mixin.py:190} INFO - [2024-09-26T01:26:14.865+0000] {dag.py:4156} INFO - Setting next_dagrun for dag_with_taskflow_api_v02 to 2024-09-22 00:00:00+00:00, run_after=2024-09-23 00:00:00+00:00
[2024-09-26T01:26:14.900+0000] {processor.py:208} INFO - Processing /opt/airflow/dags/create_dag_with_taskflow.py took 0.240 seconds
[2024-09-26T01:26:45.364+0000] {processor.py:186} INFO - Started process (PID=137497) to work on /opt/airflow/dags/create_dag_with_taskflow.py
[2024-09-26T01:26:45.366+0000] {processor.py:914} INFO - Processing file /opt/airflow/dags/create_dag_with_taskflow.py for tasks to queue
[2024-09-26T01:26:45.370+0000] {logging_mixin.py:190} INFO - [2024-09-26T01:26:45.369+0000] {dagbag.py:587} INFO - Filling up the DagBag from /opt/airflow/dags/create_dag_with_taskflow.py
[2024-09-26T01:26:45.445+0000] {processor.py:925} INFO - DAG(s) 'dag_with_taskflow_api_v02' retrieved from /opt/airflow/dags/create_dag_with_taskflow.py
[2024-09-26T01:26:45.475+0000] {logging_mixin.py:190} INFO - [2024-09-26T01:26:45.475+0000] {dag.py:3229} INFO - Sync 1 DAGs
[2024-09-26T01:26:45.514+0000] {logging_mixin.py:190} INFO - [2024-09-26T01:26:45.514+0000] {dag.py:4156} INFO - Setting next_dagrun for dag_with_taskflow_api_v02 to 2024-09-22 00:00:00+00:00, run_after=2024-09-23 00:00:00+00:00
[2024-09-26T01:26:45.540+0000] {processor.py:208} INFO - Processing /opt/airflow/dags/create_dag_with_taskflow.py took 0.182 seconds
[2024-09-26T01:27:16.057+0000] {processor.py:186} INFO - Started process (PID=137540) to work on /opt/airflow/dags/create_dag_with_taskflow.py
[2024-09-26T01:27:16.060+0000] {processor.py:914} INFO - Processing file /opt/airflow/dags/create_dag_with_taskflow.py for tasks to queue
[2024-09-26T01:27:16.062+0000] {logging_mixin.py:190} INFO - [2024-09-26T01:27:16.062+0000] {dagbag.py:587} INFO - Filling up the DagBag from /opt/airflow/dags/create_dag_with_taskflow.py
[2024-09-26T01:27:16.158+0000] {processor.py:925} INFO - DAG(s) 'dag_with_taskflow_api_v02' retrieved from /opt/airflow/dags/create_dag_with_taskflow.py
[2024-09-26T01:27:16.197+0000] {logging_mixin.py:190} INFO - [2024-09-26T01:27:16.197+0000] {dag.py:3229} INFO - Sync 1 DAGs
[2024-09-26T01:27:16.221+0000] {logging_mixin.py:190} INFO - [2024-09-26T01:27:16.221+0000] {dag.py:4156} INFO - Setting next_dagrun for dag_with_taskflow_api_v02 to 2024-09-22 00:00:00+00:00, run_after=2024-09-23 00:00:00+00:00
[2024-09-26T01:27:16.247+0000] {processor.py:208} INFO - Processing /opt/airflow/dags/create_dag_with_taskflow.py took 0.198 seconds
[2024-09-26T01:27:46.591+0000] {processor.py:186} INFO - Started process (PID=137583) to work on /opt/airflow/dags/create_dag_with_taskflow.py
[2024-09-26T01:27:46.593+0000] {processor.py:914} INFO - Processing file /opt/airflow/dags/create_dag_with_taskflow.py for tasks to queue
[2024-09-26T01:27:46.595+0000] {logging_mixin.py:190} INFO - [2024-09-26T01:27:46.595+0000] {dagbag.py:587} INFO - Filling up the DagBag from /opt/airflow/dags/create_dag_with_taskflow.py
[2024-09-26T01:27:46.676+0000] {processor.py:925} INFO - DAG(s) 'dag_with_taskflow_api_v02' retrieved from /opt/airflow/dags/create_dag_with_taskflow.py
[2024-09-26T01:27:46.701+0000] {logging_mixin.py:190} INFO - [2024-09-26T01:27:46.701+0000] {dag.py:3229} INFO - Sync 1 DAGs
[2024-09-26T01:27:46.723+0000] {logging_mixin.py:190} INFO - [2024-09-26T01:27:46.722+0000] {dag.py:4156} INFO - Setting next_dagrun for dag_with_taskflow_api_v02 to 2024-09-22 00:00:00+00:00, run_after=2024-09-23 00:00:00+00:00
[2024-09-26T01:27:46.758+0000] {processor.py:208} INFO - Processing /opt/airflow/dags/create_dag_with_taskflow.py took 0.172 seconds
[2024-09-26T01:28:17.240+0000] {processor.py:186} INFO - Started process (PID=137626) to work on /opt/airflow/dags/create_dag_with_taskflow.py
[2024-09-26T01:28:17.242+0000] {processor.py:914} INFO - Processing file /opt/airflow/dags/create_dag_with_taskflow.py for tasks to queue
[2024-09-26T01:28:17.246+0000] {logging_mixin.py:190} INFO - [2024-09-26T01:28:17.245+0000] {dagbag.py:587} INFO - Filling up the DagBag from /opt/airflow/dags/create_dag_with_taskflow.py
[2024-09-26T01:28:17.346+0000] {processor.py:925} INFO - DAG(s) 'dag_with_taskflow_api_v02' retrieved from /opt/airflow/dags/create_dag_with_taskflow.py
[2024-09-26T01:28:17.373+0000] {logging_mixin.py:190} INFO - [2024-09-26T01:28:17.373+0000] {dag.py:3229} INFO - Sync 1 DAGs
[2024-09-26T01:28:17.396+0000] {logging_mixin.py:190} INFO - [2024-09-26T01:28:17.396+0000] {dag.py:4156} INFO - Setting next_dagrun for dag_with_taskflow_api_v02 to 2024-09-22 00:00:00+00:00, run_after=2024-09-23 00:00:00+00:00
[2024-09-26T01:28:17.426+0000] {processor.py:208} INFO - Processing /opt/airflow/dags/create_dag_with_taskflow.py took 0.193 seconds
[2024-09-26T01:28:47.879+0000] {processor.py:186} INFO - Started process (PID=137669) to work on /opt/airflow/dags/create_dag_with_taskflow.py
[2024-09-26T01:28:47.881+0000] {processor.py:914} INFO - Processing file /opt/airflow/dags/create_dag_with_taskflow.py for tasks to queue
[2024-09-26T01:28:47.885+0000] {logging_mixin.py:190} INFO - [2024-09-26T01:28:47.884+0000] {dagbag.py:587} INFO - Filling up the DagBag from /opt/airflow/dags/create_dag_with_taskflow.py
[2024-09-26T01:28:48.012+0000] {processor.py:925} INFO - DAG(s) 'dag_with_taskflow_api_v02' retrieved from /opt/airflow/dags/create_dag_with_taskflow.py
[2024-09-26T01:28:48.048+0000] {logging_mixin.py:190} INFO - [2024-09-26T01:28:48.047+0000] {dag.py:3229} INFO - Sync 1 DAGs
[2024-09-26T01:28:48.070+0000] {logging_mixin.py:190} INFO - [2024-09-26T01:28:48.070+0000] {dag.py:4156} INFO - Setting next_dagrun for dag_with_taskflow_api_v02 to 2024-09-22 00:00:00+00:00, run_after=2024-09-23 00:00:00+00:00
[2024-09-26T01:28:48.104+0000] {processor.py:208} INFO - Processing /opt/airflow/dags/create_dag_with_taskflow.py took 0.237 seconds
[2024-09-26T01:29:19.208+0000] {processor.py:186} INFO - Started process (PID=137712) to work on /opt/airflow/dags/create_dag_with_taskflow.py
[2024-09-26T01:29:19.209+0000] {processor.py:914} INFO - Processing file /opt/airflow/dags/create_dag_with_taskflow.py for tasks to queue
[2024-09-26T01:29:19.212+0000] {logging_mixin.py:190} INFO - [2024-09-26T01:29:19.211+0000] {dagbag.py:587} INFO - Filling up the DagBag from /opt/airflow/dags/create_dag_with_taskflow.py
[2024-09-26T01:29:19.302+0000] {processor.py:925} INFO - DAG(s) 'dag_with_taskflow_api_v02' retrieved from /opt/airflow/dags/create_dag_with_taskflow.py
[2024-09-26T01:29:19.330+0000] {logging_mixin.py:190} INFO - [2024-09-26T01:29:19.330+0000] {dag.py:3229} INFO - Sync 1 DAGs
[2024-09-26T01:29:19.359+0000] {logging_mixin.py:190} INFO - [2024-09-26T01:29:19.358+0000] {dag.py:4156} INFO - Setting next_dagrun for dag_with_taskflow_api_v02 to 2024-09-22 00:00:00+00:00, run_after=2024-09-23 00:00:00+00:00
[2024-09-26T01:29:19.395+0000] {processor.py:208} INFO - Processing /opt/airflow/dags/create_dag_with_taskflow.py took 0.194 seconds
[2024-09-26T01:29:49.774+0000] {processor.py:186} INFO - Started process (PID=137755) to work on /opt/airflow/dags/create_dag_with_taskflow.py
[2024-09-26T01:29:49.775+0000] {processor.py:914} INFO - Processing file /opt/airflow/dags/create_dag_with_taskflow.py for tasks to queue
[2024-09-26T01:29:49.778+0000] {logging_mixin.py:190} INFO - [2024-09-26T01:29:49.777+0000] {dagbag.py:587} INFO - Filling up the DagBag from /opt/airflow/dags/create_dag_with_taskflow.py
[2024-09-26T01:29:49.893+0000] {processor.py:925} INFO - DAG(s) 'dag_with_taskflow_api_v02' retrieved from /opt/airflow/dags/create_dag_with_taskflow.py
[2024-09-26T01:29:49.921+0000] {logging_mixin.py:190} INFO - [2024-09-26T01:29:49.921+0000] {dag.py:3229} INFO - Sync 1 DAGs
[2024-09-26T01:29:49.945+0000] {logging_mixin.py:190} INFO - [2024-09-26T01:29:49.945+0000] {dag.py:4156} INFO - Setting next_dagrun for dag_with_taskflow_api_v02 to 2024-09-22 00:00:00+00:00, run_after=2024-09-23 00:00:00+00:00
[2024-09-26T01:29:49.967+0000] {processor.py:208} INFO - Processing /opt/airflow/dags/create_dag_with_taskflow.py took 0.202 seconds
[2024-09-26T01:30:20.264+0000] {processor.py:186} INFO - Started process (PID=137798) to work on /opt/airflow/dags/create_dag_with_taskflow.py
[2024-09-26T01:30:20.266+0000] {processor.py:914} INFO - Processing file /opt/airflow/dags/create_dag_with_taskflow.py for tasks to queue
[2024-09-26T01:30:20.269+0000] {logging_mixin.py:190} INFO - [2024-09-26T01:30:20.268+0000] {dagbag.py:587} INFO - Filling up the DagBag from /opt/airflow/dags/create_dag_with_taskflow.py
[2024-09-26T01:30:20.367+0000] {processor.py:925} INFO - DAG(s) 'dag_with_taskflow_api_v02' retrieved from /opt/airflow/dags/create_dag_with_taskflow.py
[2024-09-26T01:30:20.393+0000] {logging_mixin.py:190} INFO - [2024-09-26T01:30:20.393+0000] {dag.py:3229} INFO - Sync 1 DAGs
[2024-09-26T01:30:20.444+0000] {logging_mixin.py:190} INFO - [2024-09-26T01:30:20.444+0000] {dag.py:4156} INFO - Setting next_dagrun for dag_with_taskflow_api_v02 to 2024-09-22 00:00:00+00:00, run_after=2024-09-23 00:00:00+00:00
[2024-09-26T01:30:20.481+0000] {processor.py:208} INFO - Processing /opt/airflow/dags/create_dag_with_taskflow.py took 0.228 seconds
[2024-09-26T01:30:50.758+0000] {processor.py:186} INFO - Started process (PID=137841) to work on /opt/airflow/dags/create_dag_with_taskflow.py
[2024-09-26T01:30:50.760+0000] {processor.py:914} INFO - Processing file /opt/airflow/dags/create_dag_with_taskflow.py for tasks to queue
[2024-09-26T01:30:50.763+0000] {logging_mixin.py:190} INFO - [2024-09-26T01:30:50.762+0000] {dagbag.py:587} INFO - Filling up the DagBag from /opt/airflow/dags/create_dag_with_taskflow.py
[2024-09-26T01:30:50.843+0000] {processor.py:925} INFO - DAG(s) 'dag_with_taskflow_api_v02' retrieved from /opt/airflow/dags/create_dag_with_taskflow.py
[2024-09-26T01:30:50.875+0000] {logging_mixin.py:190} INFO - [2024-09-26T01:30:50.875+0000] {dag.py:3229} INFO - Sync 1 DAGs
[2024-09-26T01:30:50.902+0000] {logging_mixin.py:190} INFO - [2024-09-26T01:30:50.902+0000] {dag.py:4156} INFO - Setting next_dagrun for dag_with_taskflow_api_v02 to 2024-09-22 00:00:00+00:00, run_after=2024-09-23 00:00:00+00:00
[2024-09-26T01:30:50.925+0000] {processor.py:208} INFO - Processing /opt/airflow/dags/create_dag_with_taskflow.py took 0.172 seconds
[2024-09-26T01:31:21.351+0000] {processor.py:186} INFO - Started process (PID=137884) to work on /opt/airflow/dags/create_dag_with_taskflow.py
[2024-09-26T01:31:21.353+0000] {processor.py:914} INFO - Processing file /opt/airflow/dags/create_dag_with_taskflow.py for tasks to queue
[2024-09-26T01:31:21.356+0000] {logging_mixin.py:190} INFO - [2024-09-26T01:31:21.355+0000] {dagbag.py:587} INFO - Filling up the DagBag from /opt/airflow/dags/create_dag_with_taskflow.py
[2024-09-26T01:31:21.479+0000] {processor.py:925} INFO - DAG(s) 'dag_with_taskflow_api_v02' retrieved from /opt/airflow/dags/create_dag_with_taskflow.py
[2024-09-26T01:31:21.505+0000] {logging_mixin.py:190} INFO - [2024-09-26T01:31:21.504+0000] {dag.py:3229} INFO - Sync 1 DAGs
[2024-09-26T01:31:21.525+0000] {logging_mixin.py:190} INFO - [2024-09-26T01:31:21.524+0000] {dag.py:4156} INFO - Setting next_dagrun for dag_with_taskflow_api_v02 to 2024-09-22 00:00:00+00:00, run_after=2024-09-23 00:00:00+00:00
[2024-09-26T01:31:21.550+0000] {processor.py:208} INFO - Processing /opt/airflow/dags/create_dag_with_taskflow.py took 0.204 seconds
[2024-09-26T01:31:51.876+0000] {processor.py:186} INFO - Started process (PID=137927) to work on /opt/airflow/dags/create_dag_with_taskflow.py
[2024-09-26T01:31:51.880+0000] {processor.py:914} INFO - Processing file /opt/airflow/dags/create_dag_with_taskflow.py for tasks to queue
[2024-09-26T01:31:51.885+0000] {logging_mixin.py:190} INFO - [2024-09-26T01:31:51.884+0000] {dagbag.py:587} INFO - Filling up the DagBag from /opt/airflow/dags/create_dag_with_taskflow.py
[2024-09-26T01:31:52.014+0000] {processor.py:925} INFO - DAG(s) 'dag_with_taskflow_api_v02' retrieved from /opt/airflow/dags/create_dag_with_taskflow.py
[2024-09-26T01:31:52.046+0000] {logging_mixin.py:190} INFO - [2024-09-26T01:31:52.045+0000] {dag.py:3229} INFO - Sync 1 DAGs
[2024-09-26T01:31:52.072+0000] {logging_mixin.py:190} INFO - [2024-09-26T01:31:52.072+0000] {dag.py:4156} INFO - Setting next_dagrun for dag_with_taskflow_api_v02 to 2024-09-22 00:00:00+00:00, run_after=2024-09-23 00:00:00+00:00
[2024-09-26T01:31:52.098+0000] {processor.py:208} INFO - Processing /opt/airflow/dags/create_dag_with_taskflow.py took 0.235 seconds
[2024-09-26T01:32:22.417+0000] {processor.py:186} INFO - Started process (PID=137970) to work on /opt/airflow/dags/create_dag_with_taskflow.py
[2024-09-26T01:32:22.419+0000] {processor.py:914} INFO - Processing file /opt/airflow/dags/create_dag_with_taskflow.py for tasks to queue
[2024-09-26T01:32:22.422+0000] {logging_mixin.py:190} INFO - [2024-09-26T01:32:22.421+0000] {dagbag.py:587} INFO - Filling up the DagBag from /opt/airflow/dags/create_dag_with_taskflow.py
[2024-09-26T01:32:22.534+0000] {processor.py:925} INFO - DAG(s) 'dag_with_taskflow_api_v02' retrieved from /opt/airflow/dags/create_dag_with_taskflow.py
[2024-09-26T01:32:22.559+0000] {logging_mixin.py:190} INFO - [2024-09-26T01:32:22.559+0000] {dag.py:3229} INFO - Sync 1 DAGs
[2024-09-26T01:32:22.579+0000] {logging_mixin.py:190} INFO - [2024-09-26T01:32:22.579+0000] {dag.py:4156} INFO - Setting next_dagrun for dag_with_taskflow_api_v02 to 2024-09-22 00:00:00+00:00, run_after=2024-09-23 00:00:00+00:00
[2024-09-26T01:32:22.602+0000] {processor.py:208} INFO - Processing /opt/airflow/dags/create_dag_with_taskflow.py took 0.194 seconds
[2024-09-26T01:32:53.060+0000] {processor.py:186} INFO - Started process (PID=138013) to work on /opt/airflow/dags/create_dag_with_taskflow.py
[2024-09-26T01:32:53.063+0000] {processor.py:914} INFO - Processing file /opt/airflow/dags/create_dag_with_taskflow.py for tasks to queue
[2024-09-26T01:32:53.066+0000] {logging_mixin.py:190} INFO - [2024-09-26T01:32:53.065+0000] {dagbag.py:587} INFO - Filling up the DagBag from /opt/airflow/dags/create_dag_with_taskflow.py
[2024-09-26T01:32:53.155+0000] {processor.py:925} INFO - DAG(s) 'dag_with_taskflow_api_v02' retrieved from /opt/airflow/dags/create_dag_with_taskflow.py
[2024-09-26T01:32:53.183+0000] {logging_mixin.py:190} INFO - [2024-09-26T01:32:53.182+0000] {dag.py:3229} INFO - Sync 1 DAGs
[2024-09-26T01:32:53.207+0000] {logging_mixin.py:190} INFO - [2024-09-26T01:32:53.206+0000] {dag.py:4156} INFO - Setting next_dagrun for dag_with_taskflow_api_v02 to 2024-09-22 00:00:00+00:00, run_after=2024-09-23 00:00:00+00:00
[2024-09-26T01:32:53.248+0000] {processor.py:208} INFO - Processing /opt/airflow/dags/create_dag_with_taskflow.py took 0.199 seconds
[2024-09-26T01:33:23.467+0000] {processor.py:186} INFO - Started process (PID=138056) to work on /opt/airflow/dags/create_dag_with_taskflow.py
[2024-09-26T01:33:23.469+0000] {processor.py:914} INFO - Processing file /opt/airflow/dags/create_dag_with_taskflow.py for tasks to queue
[2024-09-26T01:33:23.471+0000] {logging_mixin.py:190} INFO - [2024-09-26T01:33:23.471+0000] {dagbag.py:587} INFO - Filling up the DagBag from /opt/airflow/dags/create_dag_with_taskflow.py
[2024-09-26T01:33:23.584+0000] {processor.py:925} INFO - DAG(s) 'dag_with_taskflow_api_v02' retrieved from /opt/airflow/dags/create_dag_with_taskflow.py
[2024-09-26T01:33:23.609+0000] {logging_mixin.py:190} INFO - [2024-09-26T01:33:23.609+0000] {dag.py:3229} INFO - Sync 1 DAGs
[2024-09-26T01:33:23.631+0000] {logging_mixin.py:190} INFO - [2024-09-26T01:33:23.630+0000] {dag.py:4156} INFO - Setting next_dagrun for dag_with_taskflow_api_v02 to 2024-09-22 00:00:00+00:00, run_after=2024-09-23 00:00:00+00:00
[2024-09-26T01:33:23.663+0000] {processor.py:208} INFO - Processing /opt/airflow/dags/create_dag_with_taskflow.py took 0.205 seconds
[2024-09-26T01:33:54.222+0000] {processor.py:186} INFO - Started process (PID=138099) to work on /opt/airflow/dags/create_dag_with_taskflow.py
[2024-09-26T01:33:54.224+0000] {processor.py:914} INFO - Processing file /opt/airflow/dags/create_dag_with_taskflow.py for tasks to queue
[2024-09-26T01:33:54.226+0000] {logging_mixin.py:190} INFO - [2024-09-26T01:33:54.225+0000] {dagbag.py:587} INFO - Filling up the DagBag from /opt/airflow/dags/create_dag_with_taskflow.py
[2024-09-26T01:33:54.331+0000] {processor.py:925} INFO - DAG(s) 'dag_with_taskflow_api_v02' retrieved from /opt/airflow/dags/create_dag_with_taskflow.py
[2024-09-26T01:33:54.356+0000] {logging_mixin.py:190} INFO - [2024-09-26T01:33:54.356+0000] {dag.py:3229} INFO - Sync 1 DAGs
[2024-09-26T01:33:54.377+0000] {logging_mixin.py:190} INFO - [2024-09-26T01:33:54.376+0000] {dag.py:4156} INFO - Setting next_dagrun for dag_with_taskflow_api_v02 to 2024-09-22 00:00:00+00:00, run_after=2024-09-23 00:00:00+00:00
[2024-09-26T01:33:54.401+0000] {processor.py:208} INFO - Processing /opt/airflow/dags/create_dag_with_taskflow.py took 0.184 seconds
[2024-09-26T01:34:24.580+0000] {processor.py:186} INFO - Started process (PID=138142) to work on /opt/airflow/dags/create_dag_with_taskflow.py
[2024-09-26T01:34:24.581+0000] {processor.py:914} INFO - Processing file /opt/airflow/dags/create_dag_with_taskflow.py for tasks to queue
[2024-09-26T01:34:24.583+0000] {logging_mixin.py:190} INFO - [2024-09-26T01:34:24.583+0000] {dagbag.py:587} INFO - Filling up the DagBag from /opt/airflow/dags/create_dag_with_taskflow.py
[2024-09-26T01:34:24.680+0000] {processor.py:925} INFO - DAG(s) 'dag_with_taskflow_api_v02' retrieved from /opt/airflow/dags/create_dag_with_taskflow.py
[2024-09-26T01:34:24.704+0000] {logging_mixin.py:190} INFO - [2024-09-26T01:34:24.704+0000] {dag.py:3229} INFO - Sync 1 DAGs
[2024-09-26T01:34:24.726+0000] {logging_mixin.py:190} INFO - [2024-09-26T01:34:24.726+0000] {dag.py:4156} INFO - Setting next_dagrun for dag_with_taskflow_api_v02 to 2024-09-22 00:00:00+00:00, run_after=2024-09-23 00:00:00+00:00
[2024-09-26T01:34:24.765+0000] {processor.py:208} INFO - Processing /opt/airflow/dags/create_dag_with_taskflow.py took 0.192 seconds
[2024-09-26T01:34:55.265+0000] {processor.py:186} INFO - Started process (PID=138185) to work on /opt/airflow/dags/create_dag_with_taskflow.py
[2024-09-26T01:34:55.267+0000] {processor.py:914} INFO - Processing file /opt/airflow/dags/create_dag_with_taskflow.py for tasks to queue
[2024-09-26T01:34:55.269+0000] {logging_mixin.py:190} INFO - [2024-09-26T01:34:55.269+0000] {dagbag.py:587} INFO - Filling up the DagBag from /opt/airflow/dags/create_dag_with_taskflow.py
[2024-09-26T01:34:55.348+0000] {processor.py:925} INFO - DAG(s) 'dag_with_taskflow_api_v02' retrieved from /opt/airflow/dags/create_dag_with_taskflow.py
[2024-09-26T01:34:55.374+0000] {logging_mixin.py:190} INFO - [2024-09-26T01:34:55.374+0000] {dag.py:3229} INFO - Sync 1 DAGs
[2024-09-26T01:34:55.396+0000] {logging_mixin.py:190} INFO - [2024-09-26T01:34:55.396+0000] {dag.py:4156} INFO - Setting next_dagrun for dag_with_taskflow_api_v02 to 2024-09-22 00:00:00+00:00, run_after=2024-09-23 00:00:00+00:00
[2024-09-26T01:34:55.426+0000] {processor.py:208} INFO - Processing /opt/airflow/dags/create_dag_with_taskflow.py took 0.167 seconds
[2024-09-26T01:35:26.217+0000] {processor.py:186} INFO - Started process (PID=138228) to work on /opt/airflow/dags/create_dag_with_taskflow.py
[2024-09-26T01:35:26.219+0000] {processor.py:914} INFO - Processing file /opt/airflow/dags/create_dag_with_taskflow.py for tasks to queue
[2024-09-26T01:35:26.222+0000] {logging_mixin.py:190} INFO - [2024-09-26T01:35:26.221+0000] {dagbag.py:587} INFO - Filling up the DagBag from /opt/airflow/dags/create_dag_with_taskflow.py
[2024-09-26T01:35:26.345+0000] {processor.py:925} INFO - DAG(s) 'dag_with_taskflow_api_v02' retrieved from /opt/airflow/dags/create_dag_with_taskflow.py
[2024-09-26T01:35:26.378+0000] {logging_mixin.py:190} INFO - [2024-09-26T01:35:26.378+0000] {dag.py:3229} INFO - Sync 1 DAGs
[2024-09-26T01:35:26.406+0000] {logging_mixin.py:190} INFO - [2024-09-26T01:35:26.406+0000] {dag.py:4156} INFO - Setting next_dagrun for dag_with_taskflow_api_v02 to 2024-09-22 00:00:00+00:00, run_after=2024-09-23 00:00:00+00:00
[2024-09-26T01:35:26.442+0000] {processor.py:208} INFO - Processing /opt/airflow/dags/create_dag_with_taskflow.py took 0.236 seconds
[2024-09-26T01:35:56.929+0000] {processor.py:186} INFO - Started process (PID=138271) to work on /opt/airflow/dags/create_dag_with_taskflow.py
[2024-09-26T01:35:56.931+0000] {processor.py:914} INFO - Processing file /opt/airflow/dags/create_dag_with_taskflow.py for tasks to queue
[2024-09-26T01:35:56.934+0000] {logging_mixin.py:190} INFO - [2024-09-26T01:35:56.933+0000] {dagbag.py:587} INFO - Filling up the DagBag from /opt/airflow/dags/create_dag_with_taskflow.py
[2024-09-26T01:35:57.036+0000] {processor.py:925} INFO - DAG(s) 'dag_with_taskflow_api_v02' retrieved from /opt/airflow/dags/create_dag_with_taskflow.py
[2024-09-26T01:35:57.063+0000] {logging_mixin.py:190} INFO - [2024-09-26T01:35:57.063+0000] {dag.py:3229} INFO - Sync 1 DAGs
[2024-09-26T01:35:57.086+0000] {logging_mixin.py:190} INFO - [2024-09-26T01:35:57.085+0000] {dag.py:4156} INFO - Setting next_dagrun for dag_with_taskflow_api_v02 to 2024-09-22 00:00:00+00:00, run_after=2024-09-23 00:00:00+00:00
[2024-09-26T01:35:57.112+0000] {processor.py:208} INFO - Processing /opt/airflow/dags/create_dag_with_taskflow.py took 0.189 seconds
[2024-09-26T01:36:27.568+0000] {processor.py:186} INFO - Started process (PID=138314) to work on /opt/airflow/dags/create_dag_with_taskflow.py
[2024-09-26T01:36:27.570+0000] {processor.py:914} INFO - Processing file /opt/airflow/dags/create_dag_with_taskflow.py for tasks to queue
[2024-09-26T01:36:27.574+0000] {logging_mixin.py:190} INFO - [2024-09-26T01:36:27.573+0000] {dagbag.py:587} INFO - Filling up the DagBag from /opt/airflow/dags/create_dag_with_taskflow.py
[2024-09-26T01:36:27.694+0000] {processor.py:925} INFO - DAG(s) 'dag_with_taskflow_api_v02' retrieved from /opt/airflow/dags/create_dag_with_taskflow.py
[2024-09-26T01:36:27.720+0000] {logging_mixin.py:190} INFO - [2024-09-26T01:36:27.720+0000] {dag.py:3229} INFO - Sync 1 DAGs
[2024-09-26T01:36:27.742+0000] {logging_mixin.py:190} INFO - [2024-09-26T01:36:27.741+0000] {dag.py:4156} INFO - Setting next_dagrun for dag_with_taskflow_api_v02 to 2024-09-22 00:00:00+00:00, run_after=2024-09-23 00:00:00+00:00
[2024-09-26T01:36:27.775+0000] {processor.py:208} INFO - Processing /opt/airflow/dags/create_dag_with_taskflow.py took 0.217 seconds
[2024-09-26T01:36:58.266+0000] {processor.py:186} INFO - Started process (PID=138357) to work on /opt/airflow/dags/create_dag_with_taskflow.py
[2024-09-26T01:36:58.268+0000] {processor.py:914} INFO - Processing file /opt/airflow/dags/create_dag_with_taskflow.py for tasks to queue
[2024-09-26T01:36:58.270+0000] {logging_mixin.py:190} INFO - [2024-09-26T01:36:58.270+0000] {dagbag.py:587} INFO - Filling up the DagBag from /opt/airflow/dags/create_dag_with_taskflow.py
[2024-09-26T01:36:58.390+0000] {processor.py:925} INFO - DAG(s) 'dag_with_taskflow_api_v02' retrieved from /opt/airflow/dags/create_dag_with_taskflow.py
[2024-09-26T01:36:58.423+0000] {logging_mixin.py:190} INFO - [2024-09-26T01:36:58.422+0000] {dag.py:3229} INFO - Sync 1 DAGs
[2024-09-26T01:36:58.452+0000] {logging_mixin.py:190} INFO - [2024-09-26T01:36:58.452+0000] {dag.py:4156} INFO - Setting next_dagrun for dag_with_taskflow_api_v02 to 2024-09-22 00:00:00+00:00, run_after=2024-09-23 00:00:00+00:00
[2024-09-26T01:36:58.508+0000] {processor.py:208} INFO - Processing /opt/airflow/dags/create_dag_with_taskflow.py took 0.250 seconds
[2024-09-26T01:37:28.964+0000] {processor.py:186} INFO - Started process (PID=138400) to work on /opt/airflow/dags/create_dag_with_taskflow.py
[2024-09-26T01:37:28.967+0000] {processor.py:914} INFO - Processing file /opt/airflow/dags/create_dag_with_taskflow.py for tasks to queue
[2024-09-26T01:37:28.969+0000] {logging_mixin.py:190} INFO - [2024-09-26T01:37:28.968+0000] {dagbag.py:587} INFO - Filling up the DagBag from /opt/airflow/dags/create_dag_with_taskflow.py
[2024-09-26T01:37:29.087+0000] {processor.py:925} INFO - DAG(s) 'dag_with_taskflow_api_v02' retrieved from /opt/airflow/dags/create_dag_with_taskflow.py
[2024-09-26T01:37:29.117+0000] {logging_mixin.py:190} INFO - [2024-09-26T01:37:29.116+0000] {dag.py:3229} INFO - Sync 1 DAGs
[2024-09-26T01:37:29.141+0000] {logging_mixin.py:190} INFO - [2024-09-26T01:37:29.140+0000] {dag.py:4156} INFO - Setting next_dagrun for dag_with_taskflow_api_v02 to 2024-09-22 00:00:00+00:00, run_after=2024-09-23 00:00:00+00:00
[2024-09-26T01:37:29.168+0000] {processor.py:208} INFO - Processing /opt/airflow/dags/create_dag_with_taskflow.py took 0.213 seconds
[2024-09-26T01:37:59.513+0000] {processor.py:186} INFO - Started process (PID=138443) to work on /opt/airflow/dags/create_dag_with_taskflow.py
[2024-09-26T01:37:59.515+0000] {processor.py:914} INFO - Processing file /opt/airflow/dags/create_dag_with_taskflow.py for tasks to queue
[2024-09-26T01:37:59.517+0000] {logging_mixin.py:190} INFO - [2024-09-26T01:37:59.517+0000] {dagbag.py:587} INFO - Filling up the DagBag from /opt/airflow/dags/create_dag_with_taskflow.py
[2024-09-26T01:37:59.598+0000] {processor.py:925} INFO - DAG(s) 'dag_with_taskflow_api_v02' retrieved from /opt/airflow/dags/create_dag_with_taskflow.py
[2024-09-26T01:37:59.625+0000] {logging_mixin.py:190} INFO - [2024-09-26T01:37:59.624+0000] {dag.py:3229} INFO - Sync 1 DAGs
[2024-09-26T01:37:59.646+0000] {logging_mixin.py:190} INFO - [2024-09-26T01:37:59.645+0000] {dag.py:4156} INFO - Setting next_dagrun for dag_with_taskflow_api_v02 to 2024-09-22 00:00:00+00:00, run_after=2024-09-23 00:00:00+00:00
[2024-09-26T01:37:59.671+0000] {processor.py:208} INFO - Processing /opt/airflow/dags/create_dag_with_taskflow.py took 0.164 seconds
[2024-09-26T01:38:30.166+0000] {processor.py:186} INFO - Started process (PID=138486) to work on /opt/airflow/dags/create_dag_with_taskflow.py
[2024-09-26T01:38:30.167+0000] {processor.py:914} INFO - Processing file /opt/airflow/dags/create_dag_with_taskflow.py for tasks to queue
[2024-09-26T01:38:30.169+0000] {logging_mixin.py:190} INFO - [2024-09-26T01:38:30.169+0000] {dagbag.py:587} INFO - Filling up the DagBag from /opt/airflow/dags/create_dag_with_taskflow.py
[2024-09-26T01:38:30.265+0000] {processor.py:925} INFO - DAG(s) 'dag_with_taskflow_api_v02' retrieved from /opt/airflow/dags/create_dag_with_taskflow.py
[2024-09-26T01:38:30.290+0000] {logging_mixin.py:190} INFO - [2024-09-26T01:38:30.289+0000] {dag.py:3229} INFO - Sync 1 DAGs
[2024-09-26T01:38:30.309+0000] {logging_mixin.py:190} INFO - [2024-09-26T01:38:30.309+0000] {dag.py:4156} INFO - Setting next_dagrun for dag_with_taskflow_api_v02 to 2024-09-22 00:00:00+00:00, run_after=2024-09-23 00:00:00+00:00
[2024-09-26T01:38:30.331+0000] {processor.py:208} INFO - Processing /opt/airflow/dags/create_dag_with_taskflow.py took 0.171 seconds
[2024-09-26T01:39:00.808+0000] {processor.py:186} INFO - Started process (PID=138529) to work on /opt/airflow/dags/create_dag_with_taskflow.py
[2024-09-26T01:39:00.811+0000] {processor.py:914} INFO - Processing file /opt/airflow/dags/create_dag_with_taskflow.py for tasks to queue
[2024-09-26T01:39:00.814+0000] {logging_mixin.py:190} INFO - [2024-09-26T01:39:00.813+0000] {dagbag.py:587} INFO - Filling up the DagBag from /opt/airflow/dags/create_dag_with_taskflow.py
[2024-09-26T01:39:00.942+0000] {processor.py:925} INFO - DAG(s) 'dag_with_taskflow_api_v02' retrieved from /opt/airflow/dags/create_dag_with_taskflow.py
[2024-09-26T01:39:00.965+0000] {logging_mixin.py:190} INFO - [2024-09-26T01:39:00.965+0000] {dag.py:3229} INFO - Sync 1 DAGs
[2024-09-26T01:39:00.985+0000] {logging_mixin.py:190} INFO - [2024-09-26T01:39:00.984+0000] {dag.py:4156} INFO - Setting next_dagrun for dag_with_taskflow_api_v02 to 2024-09-22 00:00:00+00:00, run_after=2024-09-23 00:00:00+00:00
[2024-09-26T01:39:01.009+0000] {processor.py:208} INFO - Processing /opt/airflow/dags/create_dag_with_taskflow.py took 0.211 seconds
[2024-09-26T01:39:31.455+0000] {processor.py:186} INFO - Started process (PID=138572) to work on /opt/airflow/dags/create_dag_with_taskflow.py
[2024-09-26T01:39:31.458+0000] {processor.py:914} INFO - Processing file /opt/airflow/dags/create_dag_with_taskflow.py for tasks to queue
[2024-09-26T01:39:31.459+0000] {logging_mixin.py:190} INFO - [2024-09-26T01:39:31.459+0000] {dagbag.py:587} INFO - Filling up the DagBag from /opt/airflow/dags/create_dag_with_taskflow.py
[2024-09-26T01:39:31.552+0000] {processor.py:925} INFO - DAG(s) 'dag_with_taskflow_api_v02' retrieved from /opt/airflow/dags/create_dag_with_taskflow.py
[2024-09-26T01:39:31.581+0000] {logging_mixin.py:190} INFO - [2024-09-26T01:39:31.581+0000] {dag.py:3229} INFO - Sync 1 DAGs
[2024-09-26T01:39:31.603+0000] {logging_mixin.py:190} INFO - [2024-09-26T01:39:31.603+0000] {dag.py:4156} INFO - Setting next_dagrun for dag_with_taskflow_api_v02 to 2024-09-22 00:00:00+00:00, run_after=2024-09-23 00:00:00+00:00
[2024-09-26T01:39:31.651+0000] {processor.py:208} INFO - Processing /opt/airflow/dags/create_dag_with_taskflow.py took 0.206 seconds
[2024-09-26T01:40:02.064+0000] {processor.py:186} INFO - Started process (PID=138615) to work on /opt/airflow/dags/create_dag_with_taskflow.py
[2024-09-26T01:40:02.065+0000] {processor.py:914} INFO - Processing file /opt/airflow/dags/create_dag_with_taskflow.py for tasks to queue
[2024-09-26T01:40:02.066+0000] {logging_mixin.py:190} INFO - [2024-09-26T01:40:02.066+0000] {dagbag.py:587} INFO - Filling up the DagBag from /opt/airflow/dags/create_dag_with_taskflow.py
[2024-09-26T01:40:02.152+0000] {processor.py:925} INFO - DAG(s) 'dag_with_taskflow_api_v02' retrieved from /opt/airflow/dags/create_dag_with_taskflow.py
[2024-09-26T01:40:02.179+0000] {logging_mixin.py:190} INFO - [2024-09-26T01:40:02.179+0000] {dag.py:3229} INFO - Sync 1 DAGs
[2024-09-26T01:40:02.201+0000] {logging_mixin.py:190} INFO - [2024-09-26T01:40:02.201+0000] {dag.py:4156} INFO - Setting next_dagrun for dag_with_taskflow_api_v02 to 2024-09-22 00:00:00+00:00, run_after=2024-09-23 00:00:00+00:00
[2024-09-26T01:40:02.235+0000] {processor.py:208} INFO - Processing /opt/airflow/dags/create_dag_with_taskflow.py took 0.177 seconds
[2024-09-26T01:40:32.623+0000] {processor.py:186} INFO - Started process (PID=138658) to work on /opt/airflow/dags/create_dag_with_taskflow.py
[2024-09-26T01:40:32.625+0000] {processor.py:914} INFO - Processing file /opt/airflow/dags/create_dag_with_taskflow.py for tasks to queue
[2024-09-26T01:40:32.627+0000] {logging_mixin.py:190} INFO - [2024-09-26T01:40:32.627+0000] {dagbag.py:587} INFO - Filling up the DagBag from /opt/airflow/dags/create_dag_with_taskflow.py
[2024-09-26T01:40:32.746+0000] {processor.py:925} INFO - DAG(s) 'dag_with_taskflow_api_v02' retrieved from /opt/airflow/dags/create_dag_with_taskflow.py
[2024-09-26T01:40:32.776+0000] {logging_mixin.py:190} INFO - [2024-09-26T01:40:32.776+0000] {dag.py:3229} INFO - Sync 1 DAGs
[2024-09-26T01:40:32.797+0000] {logging_mixin.py:190} INFO - [2024-09-26T01:40:32.797+0000] {dag.py:4156} INFO - Setting next_dagrun for dag_with_taskflow_api_v02 to 2024-09-22 00:00:00+00:00, run_after=2024-09-23 00:00:00+00:00
[2024-09-26T01:40:32.836+0000] {processor.py:208} INFO - Processing /opt/airflow/dags/create_dag_with_taskflow.py took 0.221 seconds
[2024-09-26T01:41:03.347+0000] {processor.py:186} INFO - Started process (PID=138701) to work on /opt/airflow/dags/create_dag_with_taskflow.py
[2024-09-26T01:41:03.348+0000] {processor.py:914} INFO - Processing file /opt/airflow/dags/create_dag_with_taskflow.py for tasks to queue
[2024-09-26T01:41:03.350+0000] {logging_mixin.py:190} INFO - [2024-09-26T01:41:03.350+0000] {dagbag.py:587} INFO - Filling up the DagBag from /opt/airflow/dags/create_dag_with_taskflow.py
[2024-09-26T01:41:03.439+0000] {processor.py:925} INFO - DAG(s) 'dag_with_taskflow_api_v02' retrieved from /opt/airflow/dags/create_dag_with_taskflow.py
[2024-09-26T01:41:03.473+0000] {logging_mixin.py:190} INFO - [2024-09-26T01:41:03.473+0000] {dag.py:3229} INFO - Sync 1 DAGs
[2024-09-26T01:41:03.495+0000] {logging_mixin.py:190} INFO - [2024-09-26T01:41:03.495+0000] {dag.py:4156} INFO - Setting next_dagrun for dag_with_taskflow_api_v02 to 2024-09-22 00:00:00+00:00, run_after=2024-09-23 00:00:00+00:00
[2024-09-26T01:41:03.521+0000] {processor.py:208} INFO - Processing /opt/airflow/dags/create_dag_with_taskflow.py took 0.186 seconds
[2024-09-26T01:41:33.964+0000] {processor.py:186} INFO - Started process (PID=138744) to work on /opt/airflow/dags/create_dag_with_taskflow.py
[2024-09-26T01:41:33.966+0000] {processor.py:914} INFO - Processing file /opt/airflow/dags/create_dag_with_taskflow.py for tasks to queue
[2024-09-26T01:41:33.969+0000] {logging_mixin.py:190} INFO - [2024-09-26T01:41:33.969+0000] {dagbag.py:587} INFO - Filling up the DagBag from /opt/airflow/dags/create_dag_with_taskflow.py
[2024-09-26T01:41:34.087+0000] {processor.py:925} INFO - DAG(s) 'dag_with_taskflow_api_v02' retrieved from /opt/airflow/dags/create_dag_with_taskflow.py
[2024-09-26T01:41:34.113+0000] {logging_mixin.py:190} INFO - [2024-09-26T01:41:34.113+0000] {dag.py:3229} INFO - Sync 1 DAGs
[2024-09-26T01:41:34.133+0000] {logging_mixin.py:190} INFO - [2024-09-26T01:41:34.133+0000] {dag.py:4156} INFO - Setting next_dagrun for dag_with_taskflow_api_v02 to 2024-09-22 00:00:00+00:00, run_after=2024-09-23 00:00:00+00:00
[2024-09-26T01:41:34.170+0000] {processor.py:208} INFO - Processing /opt/airflow/dags/create_dag_with_taskflow.py took 0.216 seconds
[2024-09-26T01:42:04.542+0000] {processor.py:186} INFO - Started process (PID=138787) to work on /opt/airflow/dags/create_dag_with_taskflow.py
[2024-09-26T01:42:04.544+0000] {processor.py:914} INFO - Processing file /opt/airflow/dags/create_dag_with_taskflow.py for tasks to queue
[2024-09-26T01:42:04.546+0000] {logging_mixin.py:190} INFO - [2024-09-26T01:42:04.545+0000] {dagbag.py:587} INFO - Filling up the DagBag from /opt/airflow/dags/create_dag_with_taskflow.py
[2024-09-26T01:42:04.625+0000] {processor.py:925} INFO - DAG(s) 'dag_with_taskflow_api_v02' retrieved from /opt/airflow/dags/create_dag_with_taskflow.py
[2024-09-26T01:42:04.651+0000] {logging_mixin.py:190} INFO - [2024-09-26T01:42:04.650+0000] {dag.py:3229} INFO - Sync 1 DAGs
[2024-09-26T01:42:04.676+0000] {logging_mixin.py:190} INFO - [2024-09-26T01:42:04.676+0000] {dag.py:4156} INFO - Setting next_dagrun for dag_with_taskflow_api_v02 to 2024-09-22 00:00:00+00:00, run_after=2024-09-23 00:00:00+00:00
[2024-09-26T01:42:04.698+0000] {processor.py:208} INFO - Processing /opt/airflow/dags/create_dag_with_taskflow.py took 0.162 seconds
[2024-09-26T01:42:35.003+0000] {processor.py:186} INFO - Started process (PID=138830) to work on /opt/airflow/dags/create_dag_with_taskflow.py
[2024-09-26T01:42:35.005+0000] {processor.py:914} INFO - Processing file /opt/airflow/dags/create_dag_with_taskflow.py for tasks to queue
[2024-09-26T01:42:35.007+0000] {logging_mixin.py:190} INFO - [2024-09-26T01:42:35.007+0000] {dagbag.py:587} INFO - Filling up the DagBag from /opt/airflow/dags/create_dag_with_taskflow.py
[2024-09-26T01:42:35.110+0000] {processor.py:925} INFO - DAG(s) 'dag_with_taskflow_api_v02' retrieved from /opt/airflow/dags/create_dag_with_taskflow.py
[2024-09-26T01:42:35.136+0000] {logging_mixin.py:190} INFO - [2024-09-26T01:42:35.136+0000] {dag.py:3229} INFO - Sync 1 DAGs
[2024-09-26T01:42:35.157+0000] {logging_mixin.py:190} INFO - [2024-09-26T01:42:35.157+0000] {dag.py:4156} INFO - Setting next_dagrun for dag_with_taskflow_api_v02 to 2024-09-22 00:00:00+00:00, run_after=2024-09-23 00:00:00+00:00
[2024-09-26T01:42:35.186+0000] {processor.py:208} INFO - Processing /opt/airflow/dags/create_dag_with_taskflow.py took 0.189 seconds
[2024-09-26T01:43:05.471+0000] {processor.py:186} INFO - Started process (PID=138873) to work on /opt/airflow/dags/create_dag_with_taskflow.py
[2024-09-26T01:43:05.473+0000] {processor.py:914} INFO - Processing file /opt/airflow/dags/create_dag_with_taskflow.py for tasks to queue
[2024-09-26T01:43:05.475+0000] {logging_mixin.py:190} INFO - [2024-09-26T01:43:05.475+0000] {dagbag.py:587} INFO - Filling up the DagBag from /opt/airflow/dags/create_dag_with_taskflow.py
[2024-09-26T01:43:05.595+0000] {processor.py:925} INFO - DAG(s) 'dag_with_taskflow_api_v02' retrieved from /opt/airflow/dags/create_dag_with_taskflow.py
[2024-09-26T01:43:05.622+0000] {logging_mixin.py:190} INFO - [2024-09-26T01:43:05.622+0000] {dag.py:3229} INFO - Sync 1 DAGs
[2024-09-26T01:43:05.649+0000] {logging_mixin.py:190} INFO - [2024-09-26T01:43:05.649+0000] {dag.py:4156} INFO - Setting next_dagrun for dag_with_taskflow_api_v02 to 2024-09-22 00:00:00+00:00, run_after=2024-09-23 00:00:00+00:00
[2024-09-26T01:43:05.678+0000] {processor.py:208} INFO - Processing /opt/airflow/dags/create_dag_with_taskflow.py took 0.213 seconds
[2024-09-26T01:43:35.978+0000] {processor.py:186} INFO - Started process (PID=138916) to work on /opt/airflow/dags/create_dag_with_taskflow.py
[2024-09-26T01:43:35.980+0000] {processor.py:914} INFO - Processing file /opt/airflow/dags/create_dag_with_taskflow.py for tasks to queue
[2024-09-26T01:43:35.982+0000] {logging_mixin.py:190} INFO - [2024-09-26T01:43:35.982+0000] {dagbag.py:587} INFO - Filling up the DagBag from /opt/airflow/dags/create_dag_with_taskflow.py
[2024-09-26T01:43:36.086+0000] {processor.py:925} INFO - DAG(s) 'dag_with_taskflow_api_v02' retrieved from /opt/airflow/dags/create_dag_with_taskflow.py
[2024-09-26T01:43:36.115+0000] {logging_mixin.py:190} INFO - [2024-09-26T01:43:36.114+0000] {dag.py:3229} INFO - Sync 1 DAGs
[2024-09-26T01:43:36.138+0000] {logging_mixin.py:190} INFO - [2024-09-26T01:43:36.138+0000] {dag.py:4156} INFO - Setting next_dagrun for dag_with_taskflow_api_v02 to 2024-09-22 00:00:00+00:00, run_after=2024-09-23 00:00:00+00:00
[2024-09-26T01:43:36.166+0000] {processor.py:208} INFO - Processing /opt/airflow/dags/create_dag_with_taskflow.py took 0.193 seconds
[2024-09-26T01:44:07.081+0000] {processor.py:186} INFO - Started process (PID=138959) to work on /opt/airflow/dags/create_dag_with_taskflow.py
[2024-09-26T01:44:07.083+0000] {processor.py:914} INFO - Processing file /opt/airflow/dags/create_dag_with_taskflow.py for tasks to queue
[2024-09-26T01:44:07.086+0000] {logging_mixin.py:190} INFO - [2024-09-26T01:44:07.086+0000] {dagbag.py:587} INFO - Filling up the DagBag from /opt/airflow/dags/create_dag_with_taskflow.py
[2024-09-26T01:44:07.153+0000] {processor.py:925} INFO - DAG(s) 'dag_with_taskflow_api_v02' retrieved from /opt/airflow/dags/create_dag_with_taskflow.py
[2024-09-26T01:44:07.177+0000] {logging_mixin.py:190} INFO - [2024-09-26T01:44:07.177+0000] {dag.py:3229} INFO - Sync 1 DAGs
[2024-09-26T01:44:07.198+0000] {logging_mixin.py:190} INFO - [2024-09-26T01:44:07.198+0000] {dag.py:4156} INFO - Setting next_dagrun for dag_with_taskflow_api_v02 to 2024-09-22 00:00:00+00:00, run_after=2024-09-23 00:00:00+00:00
[2024-09-26T01:44:07.221+0000] {processor.py:208} INFO - Processing /opt/airflow/dags/create_dag_with_taskflow.py took 0.145 seconds
[2024-09-26T01:44:37.786+0000] {processor.py:186} INFO - Started process (PID=139002) to work on /opt/airflow/dags/create_dag_with_taskflow.py
[2024-09-26T01:44:37.787+0000] {processor.py:914} INFO - Processing file /opt/airflow/dags/create_dag_with_taskflow.py for tasks to queue
[2024-09-26T01:44:37.789+0000] {logging_mixin.py:190} INFO - [2024-09-26T01:44:37.788+0000] {dagbag.py:587} INFO - Filling up the DagBag from /opt/airflow/dags/create_dag_with_taskflow.py
[2024-09-26T01:44:37.873+0000] {processor.py:925} INFO - DAG(s) 'dag_with_taskflow_api_v02' retrieved from /opt/airflow/dags/create_dag_with_taskflow.py
[2024-09-26T01:44:37.908+0000] {logging_mixin.py:190} INFO - [2024-09-26T01:44:37.907+0000] {dag.py:3229} INFO - Sync 1 DAGs
[2024-09-26T01:44:37.934+0000] {logging_mixin.py:190} INFO - [2024-09-26T01:44:37.934+0000] {dag.py:4156} INFO - Setting next_dagrun for dag_with_taskflow_api_v02 to 2024-09-22 00:00:00+00:00, run_after=2024-09-23 00:00:00+00:00
[2024-09-26T01:44:37.968+0000] {processor.py:208} INFO - Processing /opt/airflow/dags/create_dag_with_taskflow.py took 0.187 seconds
[2024-09-26T01:45:08.386+0000] {processor.py:186} INFO - Started process (PID=139045) to work on /opt/airflow/dags/create_dag_with_taskflow.py
[2024-09-26T01:45:08.388+0000] {processor.py:914} INFO - Processing file /opt/airflow/dags/create_dag_with_taskflow.py for tasks to queue
[2024-09-26T01:45:08.390+0000] {logging_mixin.py:190} INFO - [2024-09-26T01:45:08.390+0000] {dagbag.py:587} INFO - Filling up the DagBag from /opt/airflow/dags/create_dag_with_taskflow.py
[2024-09-26T01:45:08.463+0000] {processor.py:925} INFO - DAG(s) 'dag_with_taskflow_api_v02' retrieved from /opt/airflow/dags/create_dag_with_taskflow.py
[2024-09-26T01:45:08.493+0000] {logging_mixin.py:190} INFO - [2024-09-26T01:45:08.493+0000] {dag.py:3229} INFO - Sync 1 DAGs
[2024-09-26T01:45:08.515+0000] {logging_mixin.py:190} INFO - [2024-09-26T01:45:08.515+0000] {dag.py:4156} INFO - Setting next_dagrun for dag_with_taskflow_api_v02 to 2024-09-22 00:00:00+00:00, run_after=2024-09-23 00:00:00+00:00
[2024-09-26T01:45:08.540+0000] {processor.py:208} INFO - Processing /opt/airflow/dags/create_dag_with_taskflow.py took 0.161 seconds
[2024-09-26T01:45:38.942+0000] {processor.py:186} INFO - Started process (PID=139088) to work on /opt/airflow/dags/create_dag_with_taskflow.py
[2024-09-26T01:45:38.944+0000] {processor.py:914} INFO - Processing file /opt/airflow/dags/create_dag_with_taskflow.py for tasks to queue
[2024-09-26T01:45:38.946+0000] {logging_mixin.py:190} INFO - [2024-09-26T01:45:38.945+0000] {dagbag.py:587} INFO - Filling up the DagBag from /opt/airflow/dags/create_dag_with_taskflow.py
[2024-09-26T01:45:39.051+0000] {processor.py:925} INFO - DAG(s) 'dag_with_taskflow_api_v02' retrieved from /opt/airflow/dags/create_dag_with_taskflow.py
[2024-09-26T01:45:39.082+0000] {logging_mixin.py:190} INFO - [2024-09-26T01:45:39.082+0000] {dag.py:3229} INFO - Sync 1 DAGs
[2024-09-26T01:45:39.107+0000] {logging_mixin.py:190} INFO - [2024-09-26T01:45:39.107+0000] {dag.py:4156} INFO - Setting next_dagrun for dag_with_taskflow_api_v02 to 2024-09-22 00:00:00+00:00, run_after=2024-09-23 00:00:00+00:00
[2024-09-26T01:45:39.138+0000] {processor.py:208} INFO - Processing /opt/airflow/dags/create_dag_with_taskflow.py took 0.202 seconds
[2024-09-26T01:46:09.524+0000] {processor.py:186} INFO - Started process (PID=139131) to work on /opt/airflow/dags/create_dag_with_taskflow.py
[2024-09-26T01:46:09.526+0000] {processor.py:914} INFO - Processing file /opt/airflow/dags/create_dag_with_taskflow.py for tasks to queue
[2024-09-26T01:46:09.527+0000] {logging_mixin.py:190} INFO - [2024-09-26T01:46:09.527+0000] {dagbag.py:587} INFO - Filling up the DagBag from /opt/airflow/dags/create_dag_with_taskflow.py
[2024-09-26T01:46:09.646+0000] {processor.py:925} INFO - DAG(s) 'dag_with_taskflow_api_v02' retrieved from /opt/airflow/dags/create_dag_with_taskflow.py
[2024-09-26T01:46:09.673+0000] {logging_mixin.py:190} INFO - [2024-09-26T01:46:09.672+0000] {dag.py:3229} INFO - Sync 1 DAGs
[2024-09-26T01:46:09.698+0000] {logging_mixin.py:190} INFO - [2024-09-26T01:46:09.698+0000] {dag.py:4156} INFO - Setting next_dagrun for dag_with_taskflow_api_v02 to 2024-09-22 00:00:00+00:00, run_after=2024-09-23 00:00:00+00:00
[2024-09-26T01:46:09.743+0000] {processor.py:208} INFO - Processing /opt/airflow/dags/create_dag_with_taskflow.py took 0.225 seconds
[2024-09-26T01:46:40.296+0000] {processor.py:186} INFO - Started process (PID=139174) to work on /opt/airflow/dags/create_dag_with_taskflow.py
[2024-09-26T01:46:40.298+0000] {processor.py:914} INFO - Processing file /opt/airflow/dags/create_dag_with_taskflow.py for tasks to queue
[2024-09-26T01:46:40.300+0000] {logging_mixin.py:190} INFO - [2024-09-26T01:46:40.300+0000] {dagbag.py:587} INFO - Filling up the DagBag from /opt/airflow/dags/create_dag_with_taskflow.py
[2024-09-26T01:46:40.387+0000] {processor.py:925} INFO - DAG(s) 'dag_with_taskflow_api_v02' retrieved from /opt/airflow/dags/create_dag_with_taskflow.py
[2024-09-26T01:46:40.419+0000] {logging_mixin.py:190} INFO - [2024-09-26T01:46:40.419+0000] {dag.py:3229} INFO - Sync 1 DAGs
[2024-09-26T01:46:40.442+0000] {logging_mixin.py:190} INFO - [2024-09-26T01:46:40.442+0000] {dag.py:4156} INFO - Setting next_dagrun for dag_with_taskflow_api_v02 to 2024-09-22 00:00:00+00:00, run_after=2024-09-23 00:00:00+00:00
[2024-09-26T01:46:40.466+0000] {processor.py:208} INFO - Processing /opt/airflow/dags/create_dag_with_taskflow.py took 0.177 seconds
[2024-09-26T01:47:11.052+0000] {processor.py:186} INFO - Started process (PID=139217) to work on /opt/airflow/dags/create_dag_with_taskflow.py
[2024-09-26T01:47:11.055+0000] {processor.py:914} INFO - Processing file /opt/airflow/dags/create_dag_with_taskflow.py for tasks to queue
[2024-09-26T01:47:11.060+0000] {logging_mixin.py:190} INFO - [2024-09-26T01:47:11.059+0000] {dagbag.py:587} INFO - Filling up the DagBag from /opt/airflow/dags/create_dag_with_taskflow.py
[2024-09-26T01:47:11.220+0000] {processor.py:925} INFO - DAG(s) 'dag_with_taskflow_api_v02' retrieved from /opt/airflow/dags/create_dag_with_taskflow.py
[2024-09-26T01:47:11.281+0000] {logging_mixin.py:190} INFO - [2024-09-26T01:47:11.280+0000] {dag.py:3229} INFO - Sync 1 DAGs
[2024-09-26T01:47:11.317+0000] {logging_mixin.py:190} INFO - [2024-09-26T01:47:11.317+0000] {dag.py:4156} INFO - Setting next_dagrun for dag_with_taskflow_api_v02 to 2024-09-22 00:00:00+00:00, run_after=2024-09-23 00:00:00+00:00
[2024-09-26T01:47:11.354+0000] {processor.py:208} INFO - Processing /opt/airflow/dags/create_dag_with_taskflow.py took 0.324 seconds
[2024-09-26T01:47:41.891+0000] {processor.py:186} INFO - Started process (PID=139260) to work on /opt/airflow/dags/create_dag_with_taskflow.py
[2024-09-26T01:47:41.893+0000] {processor.py:914} INFO - Processing file /opt/airflow/dags/create_dag_with_taskflow.py for tasks to queue
[2024-09-26T01:47:41.895+0000] {logging_mixin.py:190} INFO - [2024-09-26T01:47:41.895+0000] {dagbag.py:587} INFO - Filling up the DagBag from /opt/airflow/dags/create_dag_with_taskflow.py
[2024-09-26T01:47:41.955+0000] {processor.py:925} INFO - DAG(s) 'dag_with_taskflow_api_v02' retrieved from /opt/airflow/dags/create_dag_with_taskflow.py
[2024-09-26T01:47:41.996+0000] {logging_mixin.py:190} INFO - [2024-09-26T01:47:41.996+0000] {dag.py:3229} INFO - Sync 1 DAGs
[2024-09-26T01:47:42.030+0000] {logging_mixin.py:190} INFO - [2024-09-26T01:47:42.030+0000] {dag.py:4156} INFO - Setting next_dagrun for dag_with_taskflow_api_v02 to 2024-09-22 00:00:00+00:00, run_after=2024-09-23 00:00:00+00:00
[2024-09-26T01:47:42.062+0000] {processor.py:208} INFO - Processing /opt/airflow/dags/create_dag_with_taskflow.py took 0.182 seconds
[2024-09-26T01:48:13.146+0000] {processor.py:186} INFO - Started process (PID=139303) to work on /opt/airflow/dags/create_dag_with_taskflow.py
[2024-09-26T01:48:13.149+0000] {processor.py:914} INFO - Processing file /opt/airflow/dags/create_dag_with_taskflow.py for tasks to queue
[2024-09-26T01:48:13.153+0000] {logging_mixin.py:190} INFO - [2024-09-26T01:48:13.152+0000] {dagbag.py:587} INFO - Filling up the DagBag from /opt/airflow/dags/create_dag_with_taskflow.py
[2024-09-26T01:48:13.300+0000] {processor.py:925} INFO - DAG(s) 'dag_with_taskflow_api_v02' retrieved from /opt/airflow/dags/create_dag_with_taskflow.py
[2024-09-26T01:48:13.351+0000] {logging_mixin.py:190} INFO - [2024-09-26T01:48:13.350+0000] {dag.py:3229} INFO - Sync 1 DAGs
[2024-09-26T01:48:13.391+0000] {logging_mixin.py:190} INFO - [2024-09-26T01:48:13.391+0000] {dag.py:4156} INFO - Setting next_dagrun for dag_with_taskflow_api_v02 to 2024-09-22 00:00:00+00:00, run_after=2024-09-23 00:00:00+00:00
[2024-09-26T01:48:13.478+0000] {processor.py:208} INFO - Processing /opt/airflow/dags/create_dag_with_taskflow.py took 0.347 seconds
[2024-09-26T01:48:43.897+0000] {processor.py:186} INFO - Started process (PID=139346) to work on /opt/airflow/dags/create_dag_with_taskflow.py
[2024-09-26T01:48:43.899+0000] {processor.py:914} INFO - Processing file /opt/airflow/dags/create_dag_with_taskflow.py for tasks to queue
[2024-09-26T01:48:43.906+0000] {logging_mixin.py:190} INFO - [2024-09-26T01:48:43.905+0000] {dagbag.py:587} INFO - Filling up the DagBag from /opt/airflow/dags/create_dag_with_taskflow.py
[2024-09-26T01:48:44.001+0000] {processor.py:925} INFO - DAG(s) 'dag_with_taskflow_api_v02' retrieved from /opt/airflow/dags/create_dag_with_taskflow.py
[2024-09-26T01:48:44.028+0000] {logging_mixin.py:190} INFO - [2024-09-26T01:48:44.027+0000] {dag.py:3229} INFO - Sync 1 DAGs
[2024-09-26T01:48:44.055+0000] {logging_mixin.py:190} INFO - [2024-09-26T01:48:44.055+0000] {dag.py:4156} INFO - Setting next_dagrun for dag_with_taskflow_api_v02 to 2024-09-22 00:00:00+00:00, run_after=2024-09-23 00:00:00+00:00
[2024-09-26T01:48:44.081+0000] {processor.py:208} INFO - Processing /opt/airflow/dags/create_dag_with_taskflow.py took 0.196 seconds
[2024-09-26T01:49:14.672+0000] {processor.py:186} INFO - Started process (PID=139387) to work on /opt/airflow/dags/create_dag_with_taskflow.py
[2024-09-26T01:49:14.674+0000] {processor.py:914} INFO - Processing file /opt/airflow/dags/create_dag_with_taskflow.py for tasks to queue
[2024-09-26T01:49:14.676+0000] {logging_mixin.py:190} INFO - [2024-09-26T01:49:14.676+0000] {dagbag.py:587} INFO - Filling up the DagBag from /opt/airflow/dags/create_dag_with_taskflow.py
[2024-09-26T01:49:14.750+0000] {processor.py:925} INFO - DAG(s) 'dag_with_taskflow_api_v02' retrieved from /opt/airflow/dags/create_dag_with_taskflow.py
[2024-09-26T01:49:14.779+0000] {logging_mixin.py:190} INFO - [2024-09-26T01:49:14.779+0000] {dag.py:3229} INFO - Sync 1 DAGs
[2024-09-26T01:49:14.805+0000] {logging_mixin.py:190} INFO - [2024-09-26T01:49:14.805+0000] {dag.py:4156} INFO - Setting next_dagrun for dag_with_taskflow_api_v02 to 2024-09-22 00:00:00+00:00, run_after=2024-09-23 00:00:00+00:00
[2024-09-26T01:49:14.831+0000] {processor.py:208} INFO - Processing /opt/airflow/dags/create_dag_with_taskflow.py took 0.165 seconds
[2024-09-26T01:49:45.257+0000] {processor.py:186} INFO - Started process (PID=139430) to work on /opt/airflow/dags/create_dag_with_taskflow.py
[2024-09-26T01:49:45.258+0000] {processor.py:914} INFO - Processing file /opt/airflow/dags/create_dag_with_taskflow.py for tasks to queue
[2024-09-26T01:49:45.261+0000] {logging_mixin.py:190} INFO - [2024-09-26T01:49:45.260+0000] {dagbag.py:587} INFO - Filling up the DagBag from /opt/airflow/dags/create_dag_with_taskflow.py
[2024-09-26T01:49:45.334+0000] {processor.py:925} INFO - DAG(s) 'dag_with_taskflow_api_v02' retrieved from /opt/airflow/dags/create_dag_with_taskflow.py
[2024-09-26T01:49:45.359+0000] {logging_mixin.py:190} INFO - [2024-09-26T01:49:45.359+0000] {dag.py:3229} INFO - Sync 1 DAGs
[2024-09-26T01:49:45.381+0000] {logging_mixin.py:190} INFO - [2024-09-26T01:49:45.381+0000] {dag.py:4156} INFO - Setting next_dagrun for dag_with_taskflow_api_v02 to 2024-09-22 00:00:00+00:00, run_after=2024-09-23 00:00:00+00:00
[2024-09-26T01:49:45.408+0000] {processor.py:208} INFO - Processing /opt/airflow/dags/create_dag_with_taskflow.py took 0.157 seconds
[2024-09-26T01:50:16.041+0000] {processor.py:186} INFO - Started process (PID=139475) to work on /opt/airflow/dags/create_dag_with_taskflow.py
[2024-09-26T01:50:16.042+0000] {processor.py:914} INFO - Processing file /opt/airflow/dags/create_dag_with_taskflow.py for tasks to queue
[2024-09-26T01:50:16.045+0000] {logging_mixin.py:190} INFO - [2024-09-26T01:50:16.044+0000] {dagbag.py:587} INFO - Filling up the DagBag from /opt/airflow/dags/create_dag_with_taskflow.py
[2024-09-26T01:50:16.107+0000] {processor.py:925} INFO - DAG(s) 'dag_with_taskflow_api_v02' retrieved from /opt/airflow/dags/create_dag_with_taskflow.py
[2024-09-26T01:50:16.137+0000] {logging_mixin.py:190} INFO - [2024-09-26T01:50:16.137+0000] {dag.py:3229} INFO - Sync 1 DAGs
[2024-09-26T01:50:16.163+0000] {logging_mixin.py:190} INFO - [2024-09-26T01:50:16.163+0000] {dag.py:4156} INFO - Setting next_dagrun for dag_with_taskflow_api_v02 to 2024-09-22 00:00:00+00:00, run_after=2024-09-23 00:00:00+00:00
[2024-09-26T01:50:16.185+0000] {processor.py:208} INFO - Processing /opt/airflow/dags/create_dag_with_taskflow.py took 0.153 seconds
[2024-09-26T01:50:46.696+0000] {processor.py:186} INFO - Started process (PID=139518) to work on /opt/airflow/dags/create_dag_with_taskflow.py
[2024-09-26T01:50:46.698+0000] {processor.py:914} INFO - Processing file /opt/airflow/dags/create_dag_with_taskflow.py for tasks to queue
[2024-09-26T01:50:46.701+0000] {logging_mixin.py:190} INFO - [2024-09-26T01:50:46.700+0000] {dagbag.py:587} INFO - Filling up the DagBag from /opt/airflow/dags/create_dag_with_taskflow.py
[2024-09-26T01:50:46.805+0000] {processor.py:925} INFO - DAG(s) 'dag_with_taskflow_api_v02' retrieved from /opt/airflow/dags/create_dag_with_taskflow.py
[2024-09-26T01:50:46.837+0000] {logging_mixin.py:190} INFO - [2024-09-26T01:50:46.836+0000] {dag.py:3229} INFO - Sync 1 DAGs
[2024-09-26T01:50:46.857+0000] {logging_mixin.py:190} INFO - [2024-09-26T01:50:46.857+0000] {dag.py:4156} INFO - Setting next_dagrun for dag_with_taskflow_api_v02 to 2024-09-22 00:00:00+00:00, run_after=2024-09-23 00:00:00+00:00
[2024-09-26T01:50:46.881+0000] {processor.py:208} INFO - Processing /opt/airflow/dags/create_dag_with_taskflow.py took 0.192 seconds
[2024-09-26T01:51:17.265+0000] {processor.py:186} INFO - Started process (PID=139561) to work on /opt/airflow/dags/create_dag_with_taskflow.py
[2024-09-26T01:51:17.267+0000] {processor.py:914} INFO - Processing file /opt/airflow/dags/create_dag_with_taskflow.py for tasks to queue
[2024-09-26T01:51:17.270+0000] {logging_mixin.py:190} INFO - [2024-09-26T01:51:17.270+0000] {dagbag.py:587} INFO - Filling up the DagBag from /opt/airflow/dags/create_dag_with_taskflow.py
[2024-09-26T01:51:17.352+0000] {processor.py:925} INFO - DAG(s) 'dag_with_taskflow_api_v02' retrieved from /opt/airflow/dags/create_dag_with_taskflow.py
[2024-09-26T01:51:17.384+0000] {logging_mixin.py:190} INFO - [2024-09-26T01:51:17.383+0000] {dag.py:3229} INFO - Sync 1 DAGs
[2024-09-26T01:51:17.407+0000] {logging_mixin.py:190} INFO - [2024-09-26T01:51:17.407+0000] {dag.py:4156} INFO - Setting next_dagrun for dag_with_taskflow_api_v02 to 2024-09-22 00:00:00+00:00, run_after=2024-09-23 00:00:00+00:00
[2024-09-26T01:51:17.431+0000] {processor.py:208} INFO - Processing /opt/airflow/dags/create_dag_with_taskflow.py took 0.172 seconds
[2024-09-26T01:51:48.112+0000] {processor.py:186} INFO - Started process (PID=139604) to work on /opt/airflow/dags/create_dag_with_taskflow.py
[2024-09-26T01:51:48.115+0000] {processor.py:914} INFO - Processing file /opt/airflow/dags/create_dag_with_taskflow.py for tasks to queue
[2024-09-26T01:51:48.119+0000] {logging_mixin.py:190} INFO - [2024-09-26T01:51:48.118+0000] {dagbag.py:587} INFO - Filling up the DagBag from /opt/airflow/dags/create_dag_with_taskflow.py
[2024-09-26T01:51:48.267+0000] {processor.py:925} INFO - DAG(s) 'dag_with_taskflow_api_v02' retrieved from /opt/airflow/dags/create_dag_with_taskflow.py
[2024-09-26T01:51:48.332+0000] {logging_mixin.py:190} INFO - [2024-09-26T01:51:48.331+0000] {dag.py:3229} INFO - Sync 1 DAGs
[2024-09-26T01:51:48.354+0000] {logging_mixin.py:190} INFO - [2024-09-26T01:51:48.354+0000] {dag.py:4156} INFO - Setting next_dagrun for dag_with_taskflow_api_v02 to 2024-09-22 00:00:00+00:00, run_after=2024-09-23 00:00:00+00:00
[2024-09-26T01:51:48.387+0000] {processor.py:208} INFO - Processing /opt/airflow/dags/create_dag_with_taskflow.py took 0.288 seconds
[2024-09-26T01:52:19.308+0000] {processor.py:186} INFO - Started process (PID=139647) to work on /opt/airflow/dags/create_dag_with_taskflow.py
[2024-09-26T01:52:19.309+0000] {processor.py:914} INFO - Processing file /opt/airflow/dags/create_dag_with_taskflow.py for tasks to queue
[2024-09-26T01:52:19.312+0000] {logging_mixin.py:190} INFO - [2024-09-26T01:52:19.311+0000] {dagbag.py:587} INFO - Filling up the DagBag from /opt/airflow/dags/create_dag_with_taskflow.py
[2024-09-26T01:52:19.398+0000] {processor.py:925} INFO - DAG(s) 'dag_with_taskflow_api_v02' retrieved from /opt/airflow/dags/create_dag_with_taskflow.py
[2024-09-26T01:52:19.423+0000] {logging_mixin.py:190} INFO - [2024-09-26T01:52:19.423+0000] {dag.py:3229} INFO - Sync 1 DAGs
[2024-09-26T01:52:19.446+0000] {logging_mixin.py:190} INFO - [2024-09-26T01:52:19.446+0000] {dag.py:4156} INFO - Setting next_dagrun for dag_with_taskflow_api_v02 to 2024-09-22 00:00:00+00:00, run_after=2024-09-23 00:00:00+00:00
[2024-09-26T01:52:19.468+0000] {processor.py:208} INFO - Processing /opt/airflow/dags/create_dag_with_taskflow.py took 0.167 seconds
[2024-09-26T01:52:49.862+0000] {processor.py:186} INFO - Started process (PID=139690) to work on /opt/airflow/dags/create_dag_with_taskflow.py
[2024-09-26T01:52:49.864+0000] {processor.py:914} INFO - Processing file /opt/airflow/dags/create_dag_with_taskflow.py for tasks to queue
[2024-09-26T01:52:49.869+0000] {logging_mixin.py:190} INFO - [2024-09-26T01:52:49.867+0000] {dagbag.py:587} INFO - Filling up the DagBag from /opt/airflow/dags/create_dag_with_taskflow.py
[2024-09-26T01:52:49.994+0000] {processor.py:925} INFO - DAG(s) 'dag_with_taskflow_api_v02' retrieved from /opt/airflow/dags/create_dag_with_taskflow.py
[2024-09-26T01:52:50.030+0000] {logging_mixin.py:190} INFO - [2024-09-26T01:52:50.030+0000] {dag.py:3229} INFO - Sync 1 DAGs
[2024-09-26T01:52:50.053+0000] {logging_mixin.py:190} INFO - [2024-09-26T01:52:50.052+0000] {dag.py:4156} INFO - Setting next_dagrun for dag_with_taskflow_api_v02 to 2024-09-22 00:00:00+00:00, run_after=2024-09-23 00:00:00+00:00
[2024-09-26T01:52:50.086+0000] {processor.py:208} INFO - Processing /opt/airflow/dags/create_dag_with_taskflow.py took 0.234 seconds
[2024-09-26T01:53:20.566+0000] {processor.py:186} INFO - Started process (PID=139733) to work on /opt/airflow/dags/create_dag_with_taskflow.py
[2024-09-26T01:53:20.569+0000] {processor.py:914} INFO - Processing file /opt/airflow/dags/create_dag_with_taskflow.py for tasks to queue
[2024-09-26T01:53:20.574+0000] {logging_mixin.py:190} INFO - [2024-09-26T01:53:20.573+0000] {dagbag.py:587} INFO - Filling up the DagBag from /opt/airflow/dags/create_dag_with_taskflow.py
[2024-09-26T01:53:20.676+0000] {processor.py:925} INFO - DAG(s) 'dag_with_taskflow_api_v02' retrieved from /opt/airflow/dags/create_dag_with_taskflow.py
[2024-09-26T01:53:20.713+0000] {logging_mixin.py:190} INFO - [2024-09-26T01:53:20.713+0000] {dag.py:3229} INFO - Sync 1 DAGs
[2024-09-26T01:53:20.746+0000] {logging_mixin.py:190} INFO - [2024-09-26T01:53:20.745+0000] {dag.py:4156} INFO - Setting next_dagrun for dag_with_taskflow_api_v02 to 2024-09-22 00:00:00+00:00, run_after=2024-09-23 00:00:00+00:00
[2024-09-26T01:53:20.777+0000] {processor.py:208} INFO - Processing /opt/airflow/dags/create_dag_with_taskflow.py took 0.228 seconds
[2024-09-26T01:53:51.002+0000] {processor.py:186} INFO - Started process (PID=139776) to work on /opt/airflow/dags/create_dag_with_taskflow.py
[2024-09-26T01:53:51.003+0000] {processor.py:914} INFO - Processing file /opt/airflow/dags/create_dag_with_taskflow.py for tasks to queue
[2024-09-26T01:53:51.005+0000] {logging_mixin.py:190} INFO - [2024-09-26T01:53:51.005+0000] {dagbag.py:587} INFO - Filling up the DagBag from /opt/airflow/dags/create_dag_with_taskflow.py
[2024-09-26T01:53:51.098+0000] {processor.py:925} INFO - DAG(s) 'dag_with_taskflow_api_v02' retrieved from /opt/airflow/dags/create_dag_with_taskflow.py
[2024-09-26T01:53:51.128+0000] {logging_mixin.py:190} INFO - [2024-09-26T01:53:51.128+0000] {dag.py:3229} INFO - Sync 1 DAGs
[2024-09-26T01:53:51.150+0000] {logging_mixin.py:190} INFO - [2024-09-26T01:53:51.150+0000] {dag.py:4156} INFO - Setting next_dagrun for dag_with_taskflow_api_v02 to 2024-09-22 00:00:00+00:00, run_after=2024-09-23 00:00:00+00:00
[2024-09-26T01:53:51.179+0000] {processor.py:208} INFO - Processing /opt/airflow/dags/create_dag_with_taskflow.py took 0.182 seconds
[2024-09-26T01:54:21.492+0000] {processor.py:186} INFO - Started process (PID=139819) to work on /opt/airflow/dags/create_dag_with_taskflow.py
[2024-09-26T01:54:21.493+0000] {processor.py:914} INFO - Processing file /opt/airflow/dags/create_dag_with_taskflow.py for tasks to queue
[2024-09-26T01:54:21.496+0000] {logging_mixin.py:190} INFO - [2024-09-26T01:54:21.495+0000] {dagbag.py:587} INFO - Filling up the DagBag from /opt/airflow/dags/create_dag_with_taskflow.py
[2024-09-26T01:54:21.566+0000] {processor.py:925} INFO - DAG(s) 'dag_with_taskflow_api_v02' retrieved from /opt/airflow/dags/create_dag_with_taskflow.py
[2024-09-26T01:54:21.599+0000] {logging_mixin.py:190} INFO - [2024-09-26T01:54:21.598+0000] {dag.py:3229} INFO - Sync 1 DAGs
[2024-09-26T01:54:21.630+0000] {logging_mixin.py:190} INFO - [2024-09-26T01:54:21.630+0000] {dag.py:4156} INFO - Setting next_dagrun for dag_with_taskflow_api_v02 to 2024-09-22 00:00:00+00:00, run_after=2024-09-23 00:00:00+00:00
[2024-09-26T01:54:21.665+0000] {processor.py:208} INFO - Processing /opt/airflow/dags/create_dag_with_taskflow.py took 0.181 seconds
[2024-09-26T01:54:52.027+0000] {processor.py:186} INFO - Started process (PID=139862) to work on /opt/airflow/dags/create_dag_with_taskflow.py
[2024-09-26T01:54:52.029+0000] {processor.py:914} INFO - Processing file /opt/airflow/dags/create_dag_with_taskflow.py for tasks to queue
[2024-09-26T01:54:52.031+0000] {logging_mixin.py:190} INFO - [2024-09-26T01:54:52.031+0000] {dagbag.py:587} INFO - Filling up the DagBag from /opt/airflow/dags/create_dag_with_taskflow.py
[2024-09-26T01:54:52.149+0000] {processor.py:925} INFO - DAG(s) 'dag_with_taskflow_api_v02' retrieved from /opt/airflow/dags/create_dag_with_taskflow.py
[2024-09-26T01:54:52.213+0000] {logging_mixin.py:190} INFO - [2024-09-26T01:54:52.213+0000] {dag.py:3229} INFO - Sync 1 DAGs
[2024-09-26T01:54:52.256+0000] {logging_mixin.py:190} INFO - [2024-09-26T01:54:52.256+0000] {dag.py:4156} INFO - Setting next_dagrun for dag_with_taskflow_api_v02 to 2024-09-22 00:00:00+00:00, run_after=2024-09-23 00:00:00+00:00
[2024-09-26T01:54:52.291+0000] {processor.py:208} INFO - Processing /opt/airflow/dags/create_dag_with_taskflow.py took 0.272 seconds
[2024-09-26T01:55:22.802+0000] {processor.py:186} INFO - Started process (PID=139905) to work on /opt/airflow/dags/create_dag_with_taskflow.py
[2024-09-26T01:55:22.805+0000] {processor.py:914} INFO - Processing file /opt/airflow/dags/create_dag_with_taskflow.py for tasks to queue
[2024-09-26T01:55:22.809+0000] {logging_mixin.py:190} INFO - [2024-09-26T01:55:22.808+0000] {dagbag.py:587} INFO - Filling up the DagBag from /opt/airflow/dags/create_dag_with_taskflow.py
[2024-09-26T01:55:22.891+0000] {processor.py:925} INFO - DAG(s) 'dag_with_taskflow_api_v02' retrieved from /opt/airflow/dags/create_dag_with_taskflow.py
[2024-09-26T01:55:22.927+0000] {logging_mixin.py:190} INFO - [2024-09-26T01:55:22.926+0000] {dag.py:3229} INFO - Sync 1 DAGs
[2024-09-26T01:55:22.961+0000] {logging_mixin.py:190} INFO - [2024-09-26T01:55:22.960+0000] {dag.py:4156} INFO - Setting next_dagrun for dag_with_taskflow_api_v02 to 2024-09-22 00:00:00+00:00, run_after=2024-09-23 00:00:00+00:00
[2024-09-26T01:55:22.989+0000] {processor.py:208} INFO - Processing /opt/airflow/dags/create_dag_with_taskflow.py took 0.193 seconds
[2024-09-26T01:55:53.327+0000] {processor.py:186} INFO - Started process (PID=139948) to work on /opt/airflow/dags/create_dag_with_taskflow.py
[2024-09-26T01:55:53.329+0000] {processor.py:914} INFO - Processing file /opt/airflow/dags/create_dag_with_taskflow.py for tasks to queue
[2024-09-26T01:55:53.333+0000] {logging_mixin.py:190} INFO - [2024-09-26T01:55:53.331+0000] {dagbag.py:587} INFO - Filling up the DagBag from /opt/airflow/dags/create_dag_with_taskflow.py
[2024-09-26T01:55:53.429+0000] {processor.py:925} INFO - DAG(s) 'dag_with_taskflow_api_v02' retrieved from /opt/airflow/dags/create_dag_with_taskflow.py
[2024-09-26T01:55:53.460+0000] {logging_mixin.py:190} INFO - [2024-09-26T01:55:53.460+0000] {dag.py:3229} INFO - Sync 1 DAGs
[2024-09-26T01:55:53.479+0000] {logging_mixin.py:190} INFO - [2024-09-26T01:55:53.479+0000] {dag.py:4156} INFO - Setting next_dagrun for dag_with_taskflow_api_v02 to 2024-09-22 00:00:00+00:00, run_after=2024-09-23 00:00:00+00:00
[2024-09-26T01:55:53.505+0000] {processor.py:208} INFO - Processing /opt/airflow/dags/create_dag_with_taskflow.py took 0.190 seconds
[2024-09-26T01:56:23.826+0000] {processor.py:186} INFO - Started process (PID=139991) to work on /opt/airflow/dags/create_dag_with_taskflow.py
[2024-09-26T01:56:23.829+0000] {processor.py:914} INFO - Processing file /opt/airflow/dags/create_dag_with_taskflow.py for tasks to queue
[2024-09-26T01:56:23.831+0000] {logging_mixin.py:190} INFO - [2024-09-26T01:56:23.831+0000] {dagbag.py:587} INFO - Filling up the DagBag from /opt/airflow/dags/create_dag_with_taskflow.py
[2024-09-26T01:56:23.923+0000] {processor.py:925} INFO - DAG(s) 'dag_with_taskflow_api_v02' retrieved from /opt/airflow/dags/create_dag_with_taskflow.py
[2024-09-26T01:56:23.947+0000] {logging_mixin.py:190} INFO - [2024-09-26T01:56:23.946+0000] {dag.py:3229} INFO - Sync 1 DAGs
[2024-09-26T01:56:23.970+0000] {logging_mixin.py:190} INFO - [2024-09-26T01:56:23.970+0000] {dag.py:4156} INFO - Setting next_dagrun for dag_with_taskflow_api_v02 to 2024-09-22 00:00:00+00:00, run_after=2024-09-23 00:00:00+00:00
[2024-09-26T01:56:24.000+0000] {processor.py:208} INFO - Processing /opt/airflow/dags/create_dag_with_taskflow.py took 0.184 seconds
[2024-09-26T01:56:54.396+0000] {processor.py:186} INFO - Started process (PID=140034) to work on /opt/airflow/dags/create_dag_with_taskflow.py
[2024-09-26T01:56:54.398+0000] {processor.py:914} INFO - Processing file /opt/airflow/dags/create_dag_with_taskflow.py for tasks to queue
[2024-09-26T01:56:54.401+0000] {logging_mixin.py:190} INFO - [2024-09-26T01:56:54.401+0000] {dagbag.py:587} INFO - Filling up the DagBag from /opt/airflow/dags/create_dag_with_taskflow.py
[2024-09-26T01:56:54.512+0000] {processor.py:925} INFO - DAG(s) 'dag_with_taskflow_api_v02' retrieved from /opt/airflow/dags/create_dag_with_taskflow.py
[2024-09-26T01:56:54.546+0000] {logging_mixin.py:190} INFO - [2024-09-26T01:56:54.546+0000] {dag.py:3229} INFO - Sync 1 DAGs
[2024-09-26T01:56:54.580+0000] {logging_mixin.py:190} INFO - [2024-09-26T01:56:54.580+0000] {dag.py:4156} INFO - Setting next_dagrun for dag_with_taskflow_api_v02 to 2024-09-22 00:00:00+00:00, run_after=2024-09-23 00:00:00+00:00
[2024-09-26T01:56:54.607+0000] {processor.py:208} INFO - Processing /opt/airflow/dags/create_dag_with_taskflow.py took 0.219 seconds
[2024-09-26T01:57:25.128+0000] {processor.py:186} INFO - Started process (PID=140077) to work on /opt/airflow/dags/create_dag_with_taskflow.py
[2024-09-26T01:57:25.132+0000] {processor.py:914} INFO - Processing file /opt/airflow/dags/create_dag_with_taskflow.py for tasks to queue
[2024-09-26T01:57:25.137+0000] {logging_mixin.py:190} INFO - [2024-09-26T01:57:25.136+0000] {dagbag.py:587} INFO - Filling up the DagBag from /opt/airflow/dags/create_dag_with_taskflow.py
[2024-09-26T01:57:25.245+0000] {processor.py:925} INFO - DAG(s) 'dag_with_taskflow_api_v02' retrieved from /opt/airflow/dags/create_dag_with_taskflow.py
[2024-09-26T01:57:25.271+0000] {logging_mixin.py:190} INFO - [2024-09-26T01:57:25.270+0000] {dag.py:3229} INFO - Sync 1 DAGs
[2024-09-26T01:57:25.294+0000] {logging_mixin.py:190} INFO - [2024-09-26T01:57:25.293+0000] {dag.py:4156} INFO - Setting next_dagrun for dag_with_taskflow_api_v02 to 2024-09-22 00:00:00+00:00, run_after=2024-09-23 00:00:00+00:00
[2024-09-26T01:57:25.321+0000] {processor.py:208} INFO - Processing /opt/airflow/dags/create_dag_with_taskflow.py took 0.208 seconds
[2024-09-26T01:57:55.673+0000] {processor.py:186} INFO - Started process (PID=140120) to work on /opt/airflow/dags/create_dag_with_taskflow.py
[2024-09-26T01:57:55.675+0000] {processor.py:914} INFO - Processing file /opt/airflow/dags/create_dag_with_taskflow.py for tasks to queue
[2024-09-26T01:57:55.678+0000] {logging_mixin.py:190} INFO - [2024-09-26T01:57:55.678+0000] {dagbag.py:587} INFO - Filling up the DagBag from /opt/airflow/dags/create_dag_with_taskflow.py
[2024-09-26T01:57:55.783+0000] {processor.py:925} INFO - DAG(s) 'dag_with_taskflow_api_v02' retrieved from /opt/airflow/dags/create_dag_with_taskflow.py
[2024-09-26T01:57:55.819+0000] {logging_mixin.py:190} INFO - [2024-09-26T01:57:55.819+0000] {dag.py:3229} INFO - Sync 1 DAGs
[2024-09-26T01:57:55.842+0000] {logging_mixin.py:190} INFO - [2024-09-26T01:57:55.842+0000] {dag.py:4156} INFO - Setting next_dagrun for dag_with_taskflow_api_v02 to 2024-09-22 00:00:00+00:00, run_after=2024-09-23 00:00:00+00:00
[2024-09-26T01:57:55.867+0000] {processor.py:208} INFO - Processing /opt/airflow/dags/create_dag_with_taskflow.py took 0.201 seconds
[2024-09-26T01:58:26.025+0000] {processor.py:186} INFO - Started process (PID=140163) to work on /opt/airflow/dags/create_dag_with_taskflow.py
[2024-09-26T01:58:26.027+0000] {processor.py:914} INFO - Processing file /opt/airflow/dags/create_dag_with_taskflow.py for tasks to queue
[2024-09-26T01:58:26.030+0000] {logging_mixin.py:190} INFO - [2024-09-26T01:58:26.029+0000] {dagbag.py:587} INFO - Filling up the DagBag from /opt/airflow/dags/create_dag_with_taskflow.py
[2024-09-26T01:58:26.097+0000] {processor.py:925} INFO - DAG(s) 'dag_with_taskflow_api_v02' retrieved from /opt/airflow/dags/create_dag_with_taskflow.py
[2024-09-26T01:58:26.121+0000] {logging_mixin.py:190} INFO - [2024-09-26T01:58:26.121+0000] {dag.py:3229} INFO - Sync 1 DAGs
[2024-09-26T01:58:26.144+0000] {logging_mixin.py:190} INFO - [2024-09-26T01:58:26.143+0000] {dag.py:4156} INFO - Setting next_dagrun for dag_with_taskflow_api_v02 to 2024-09-22 00:00:00+00:00, run_after=2024-09-23 00:00:00+00:00
[2024-09-26T01:58:26.169+0000] {processor.py:208} INFO - Processing /opt/airflow/dags/create_dag_with_taskflow.py took 0.151 seconds
[2024-09-26T01:58:56.596+0000] {processor.py:186} INFO - Started process (PID=140206) to work on /opt/airflow/dags/create_dag_with_taskflow.py
[2024-09-26T01:58:56.598+0000] {processor.py:914} INFO - Processing file /opt/airflow/dags/create_dag_with_taskflow.py for tasks to queue
[2024-09-26T01:58:56.600+0000] {logging_mixin.py:190} INFO - [2024-09-26T01:58:56.600+0000] {dagbag.py:587} INFO - Filling up the DagBag from /opt/airflow/dags/create_dag_with_taskflow.py
[2024-09-26T01:58:56.700+0000] {processor.py:925} INFO - DAG(s) 'dag_with_taskflow_api_v02' retrieved from /opt/airflow/dags/create_dag_with_taskflow.py
[2024-09-26T01:58:56.734+0000] {logging_mixin.py:190} INFO - [2024-09-26T01:58:56.734+0000] {dag.py:3229} INFO - Sync 1 DAGs
[2024-09-26T01:58:56.762+0000] {logging_mixin.py:190} INFO - [2024-09-26T01:58:56.762+0000] {dag.py:4156} INFO - Setting next_dagrun for dag_with_taskflow_api_v02 to 2024-09-22 00:00:00+00:00, run_after=2024-09-23 00:00:00+00:00
[2024-09-26T01:58:56.797+0000] {processor.py:208} INFO - Processing /opt/airflow/dags/create_dag_with_taskflow.py took 0.206 seconds
[2024-09-26T01:59:27.174+0000] {processor.py:186} INFO - Started process (PID=140249) to work on /opt/airflow/dags/create_dag_with_taskflow.py
[2024-09-26T01:59:27.177+0000] {processor.py:914} INFO - Processing file /opt/airflow/dags/create_dag_with_taskflow.py for tasks to queue
[2024-09-26T01:59:27.183+0000] {logging_mixin.py:190} INFO - [2024-09-26T01:59:27.182+0000] {dagbag.py:587} INFO - Filling up the DagBag from /opt/airflow/dags/create_dag_with_taskflow.py
[2024-09-26T01:59:27.312+0000] {processor.py:925} INFO - DAG(s) 'dag_with_taskflow_api_v02' retrieved from /opt/airflow/dags/create_dag_with_taskflow.py
[2024-09-26T01:59:27.344+0000] {logging_mixin.py:190} INFO - [2024-09-26T01:59:27.343+0000] {dag.py:3229} INFO - Sync 1 DAGs
[2024-09-26T01:59:27.383+0000] {logging_mixin.py:190} INFO - [2024-09-26T01:59:27.383+0000] {dag.py:4156} INFO - Setting next_dagrun for dag_with_taskflow_api_v02 to 2024-09-22 00:00:00+00:00, run_after=2024-09-23 00:00:00+00:00
[2024-09-26T01:59:27.436+0000] {processor.py:208} INFO - Processing /opt/airflow/dags/create_dag_with_taskflow.py took 0.273 seconds
[2024-09-26T01:59:57.688+0000] {processor.py:186} INFO - Started process (PID=140292) to work on /opt/airflow/dags/create_dag_with_taskflow.py
[2024-09-26T01:59:57.691+0000] {processor.py:914} INFO - Processing file /opt/airflow/dags/create_dag_with_taskflow.py for tasks to queue
[2024-09-26T01:59:57.694+0000] {logging_mixin.py:190} INFO - [2024-09-26T01:59:57.694+0000] {dagbag.py:587} INFO - Filling up the DagBag from /opt/airflow/dags/create_dag_with_taskflow.py
[2024-09-26T01:59:57.804+0000] {processor.py:925} INFO - DAG(s) 'dag_with_taskflow_api_v02' retrieved from /opt/airflow/dags/create_dag_with_taskflow.py
[2024-09-26T01:59:57.831+0000] {logging_mixin.py:190} INFO - [2024-09-26T01:59:57.830+0000] {dag.py:3229} INFO - Sync 1 DAGs
[2024-09-26T01:59:57.851+0000] {logging_mixin.py:190} INFO - [2024-09-26T01:59:57.851+0000] {dag.py:4156} INFO - Setting next_dagrun for dag_with_taskflow_api_v02 to 2024-09-22 00:00:00+00:00, run_after=2024-09-23 00:00:00+00:00
[2024-09-26T01:59:57.874+0000] {processor.py:208} INFO - Processing /opt/airflow/dags/create_dag_with_taskflow.py took 0.203 seconds
[2024-09-26T02:00:28.762+0000] {processor.py:186} INFO - Started process (PID=140333) to work on /opt/airflow/dags/create_dag_with_taskflow.py
[2024-09-26T02:00:28.764+0000] {processor.py:914} INFO - Processing file /opt/airflow/dags/create_dag_with_taskflow.py for tasks to queue
[2024-09-26T02:00:28.766+0000] {logging_mixin.py:190} INFO - [2024-09-26T02:00:28.766+0000] {dagbag.py:587} INFO - Filling up the DagBag from /opt/airflow/dags/create_dag_with_taskflow.py
[2024-09-26T02:00:28.870+0000] {processor.py:925} INFO - DAG(s) 'dag_with_taskflow_api_v02' retrieved from /opt/airflow/dags/create_dag_with_taskflow.py
[2024-09-26T02:00:28.966+0000] {logging_mixin.py:190} INFO - [2024-09-26T02:00:28.966+0000] {dag.py:3229} INFO - Sync 1 DAGs
[2024-09-26T02:00:29.009+0000] {logging_mixin.py:190} INFO - [2024-09-26T02:00:29.008+0000] {dag.py:4156} INFO - Setting next_dagrun for dag_with_taskflow_api_v02 to 2024-09-22 00:00:00+00:00, run_after=2024-09-23 00:00:00+00:00
[2024-09-26T02:00:29.055+0000] {processor.py:208} INFO - Processing /opt/airflow/dags/create_dag_with_taskflow.py took 0.298 seconds
[2024-09-26T02:01:00.328+0000] {processor.py:186} INFO - Started process (PID=140378) to work on /opt/airflow/dags/create_dag_with_taskflow.py
[2024-09-26T02:01:00.330+0000] {processor.py:914} INFO - Processing file /opt/airflow/dags/create_dag_with_taskflow.py for tasks to queue
[2024-09-26T02:01:00.332+0000] {logging_mixin.py:190} INFO - [2024-09-26T02:01:00.331+0000] {dagbag.py:587} INFO - Filling up the DagBag from /opt/airflow/dags/create_dag_with_taskflow.py
[2024-09-26T02:01:00.411+0000] {processor.py:925} INFO - DAG(s) 'dag_with_taskflow_api_v02' retrieved from /opt/airflow/dags/create_dag_with_taskflow.py
[2024-09-26T02:01:00.437+0000] {logging_mixin.py:190} INFO - [2024-09-26T02:01:00.437+0000] {dag.py:3229} INFO - Sync 1 DAGs
[2024-09-26T02:01:00.458+0000] {logging_mixin.py:190} INFO - [2024-09-26T02:01:00.458+0000] {dag.py:4156} INFO - Setting next_dagrun for dag_with_taskflow_api_v02 to 2024-09-22 00:00:00+00:00, run_after=2024-09-23 00:00:00+00:00
[2024-09-26T02:01:00.485+0000] {processor.py:208} INFO - Processing /opt/airflow/dags/create_dag_with_taskflow.py took 0.164 seconds
[2024-09-26T02:01:31.289+0000] {processor.py:186} INFO - Started process (PID=140421) to work on /opt/airflow/dags/create_dag_with_taskflow.py
[2024-09-26T02:01:31.291+0000] {processor.py:914} INFO - Processing file /opt/airflow/dags/create_dag_with_taskflow.py for tasks to queue
[2024-09-26T02:01:31.294+0000] {logging_mixin.py:190} INFO - [2024-09-26T02:01:31.293+0000] {dagbag.py:587} INFO - Filling up the DagBag from /opt/airflow/dags/create_dag_with_taskflow.py
[2024-09-26T02:01:31.416+0000] {processor.py:925} INFO - DAG(s) 'dag_with_taskflow_api_v02' retrieved from /opt/airflow/dags/create_dag_with_taskflow.py
[2024-09-26T02:01:31.456+0000] {logging_mixin.py:190} INFO - [2024-09-26T02:01:31.456+0000] {dag.py:3229} INFO - Sync 1 DAGs
[2024-09-26T02:01:31.492+0000] {logging_mixin.py:190} INFO - [2024-09-26T02:01:31.492+0000] {dag.py:4156} INFO - Setting next_dagrun for dag_with_taskflow_api_v02 to 2024-09-22 00:00:00+00:00, run_after=2024-09-23 00:00:00+00:00
[2024-09-26T02:01:31.521+0000] {processor.py:208} INFO - Processing /opt/airflow/dags/create_dag_with_taskflow.py took 0.239 seconds
[2024-09-26T02:02:01.903+0000] {processor.py:186} INFO - Started process (PID=140464) to work on /opt/airflow/dags/create_dag_with_taskflow.py
[2024-09-26T02:02:01.905+0000] {processor.py:914} INFO - Processing file /opt/airflow/dags/create_dag_with_taskflow.py for tasks to queue
[2024-09-26T02:02:01.907+0000] {logging_mixin.py:190} INFO - [2024-09-26T02:02:01.907+0000] {dagbag.py:587} INFO - Filling up the DagBag from /opt/airflow/dags/create_dag_with_taskflow.py
[2024-09-26T02:02:02.029+0000] {processor.py:925} INFO - DAG(s) 'dag_with_taskflow_api_v02' retrieved from /opt/airflow/dags/create_dag_with_taskflow.py
[2024-09-26T02:02:02.052+0000] {logging_mixin.py:190} INFO - [2024-09-26T02:02:02.052+0000] {dag.py:3229} INFO - Sync 1 DAGs
[2024-09-26T02:02:02.076+0000] {logging_mixin.py:190} INFO - [2024-09-26T02:02:02.076+0000] {dag.py:4156} INFO - Setting next_dagrun for dag_with_taskflow_api_v02 to 2024-09-22 00:00:00+00:00, run_after=2024-09-23 00:00:00+00:00
[2024-09-26T02:02:02.104+0000] {processor.py:208} INFO - Processing /opt/airflow/dags/create_dag_with_taskflow.py took 0.209 seconds
[2024-09-26T02:02:32.537+0000] {processor.py:186} INFO - Started process (PID=140507) to work on /opt/airflow/dags/create_dag_with_taskflow.py
[2024-09-26T02:02:32.540+0000] {processor.py:914} INFO - Processing file /opt/airflow/dags/create_dag_with_taskflow.py for tasks to queue
[2024-09-26T02:02:32.542+0000] {logging_mixin.py:190} INFO - [2024-09-26T02:02:32.542+0000] {dagbag.py:587} INFO - Filling up the DagBag from /opt/airflow/dags/create_dag_with_taskflow.py
[2024-09-26T02:02:32.664+0000] {processor.py:925} INFO - DAG(s) 'dag_with_taskflow_api_v02' retrieved from /opt/airflow/dags/create_dag_with_taskflow.py
[2024-09-26T02:02:32.690+0000] {logging_mixin.py:190} INFO - [2024-09-26T02:02:32.690+0000] {dag.py:3229} INFO - Sync 1 DAGs
[2024-09-26T02:02:32.712+0000] {logging_mixin.py:190} INFO - [2024-09-26T02:02:32.712+0000] {dag.py:4156} INFO - Setting next_dagrun for dag_with_taskflow_api_v02 to 2024-09-22 00:00:00+00:00, run_after=2024-09-23 00:00:00+00:00
[2024-09-26T02:02:32.740+0000] {processor.py:208} INFO - Processing /opt/airflow/dags/create_dag_with_taskflow.py took 0.213 seconds
[2024-09-26T02:03:03.078+0000] {processor.py:186} INFO - Started process (PID=140550) to work on /opt/airflow/dags/create_dag_with_taskflow.py
[2024-09-26T02:03:03.080+0000] {processor.py:914} INFO - Processing file /opt/airflow/dags/create_dag_with_taskflow.py for tasks to queue
[2024-09-26T02:03:03.083+0000] {logging_mixin.py:190} INFO - [2024-09-26T02:03:03.083+0000] {dagbag.py:587} INFO - Filling up the DagBag from /opt/airflow/dags/create_dag_with_taskflow.py
[2024-09-26T02:03:03.203+0000] {processor.py:925} INFO - DAG(s) 'dag_with_taskflow_api_v02' retrieved from /opt/airflow/dags/create_dag_with_taskflow.py
[2024-09-26T02:03:03.227+0000] {logging_mixin.py:190} INFO - [2024-09-26T02:03:03.227+0000] {dag.py:3229} INFO - Sync 1 DAGs
[2024-09-26T02:03:03.249+0000] {logging_mixin.py:190} INFO - [2024-09-26T02:03:03.249+0000] {dag.py:4156} INFO - Setting next_dagrun for dag_with_taskflow_api_v02 to 2024-09-22 00:00:00+00:00, run_after=2024-09-23 00:00:00+00:00
[2024-09-26T02:03:03.271+0000] {processor.py:208} INFO - Processing /opt/airflow/dags/create_dag_with_taskflow.py took 0.204 seconds
[2024-09-26T02:03:34.041+0000] {processor.py:186} INFO - Started process (PID=140593) to work on /opt/airflow/dags/create_dag_with_taskflow.py
[2024-09-26T02:03:34.043+0000] {processor.py:914} INFO - Processing file /opt/airflow/dags/create_dag_with_taskflow.py for tasks to queue
[2024-09-26T02:03:34.047+0000] {logging_mixin.py:190} INFO - [2024-09-26T02:03:34.046+0000] {dagbag.py:587} INFO - Filling up the DagBag from /opt/airflow/dags/create_dag_with_taskflow.py
[2024-09-26T02:03:34.153+0000] {processor.py:925} INFO - DAG(s) 'dag_with_taskflow_api_v02' retrieved from /opt/airflow/dags/create_dag_with_taskflow.py
[2024-09-26T02:03:34.177+0000] {logging_mixin.py:190} INFO - [2024-09-26T02:03:34.177+0000] {dag.py:3229} INFO - Sync 1 DAGs
[2024-09-26T02:03:34.200+0000] {logging_mixin.py:190} INFO - [2024-09-26T02:03:34.199+0000] {dag.py:4156} INFO - Setting next_dagrun for dag_with_taskflow_api_v02 to 2024-09-22 00:00:00+00:00, run_after=2024-09-23 00:00:00+00:00
[2024-09-26T02:03:34.229+0000] {processor.py:208} INFO - Processing /opt/airflow/dags/create_dag_with_taskflow.py took 0.199 seconds
[2024-09-26T02:04:04.611+0000] {processor.py:186} INFO - Started process (PID=140636) to work on /opt/airflow/dags/create_dag_with_taskflow.py
[2024-09-26T02:04:04.612+0000] {processor.py:914} INFO - Processing file /opt/airflow/dags/create_dag_with_taskflow.py for tasks to queue
[2024-09-26T02:04:04.614+0000] {logging_mixin.py:190} INFO - [2024-09-26T02:04:04.614+0000] {dagbag.py:587} INFO - Filling up the DagBag from /opt/airflow/dags/create_dag_with_taskflow.py
[2024-09-26T02:04:04.698+0000] {processor.py:925} INFO - DAG(s) 'dag_with_taskflow_api_v02' retrieved from /opt/airflow/dags/create_dag_with_taskflow.py
[2024-09-26T02:04:04.740+0000] {logging_mixin.py:190} INFO - [2024-09-26T02:04:04.740+0000] {dag.py:3229} INFO - Sync 1 DAGs
[2024-09-26T02:04:04.770+0000] {logging_mixin.py:190} INFO - [2024-09-26T02:04:04.770+0000] {dag.py:4156} INFO - Setting next_dagrun for dag_with_taskflow_api_v02 to 2024-09-22 00:00:00+00:00, run_after=2024-09-23 00:00:00+00:00
[2024-09-26T02:04:04.808+0000] {processor.py:208} INFO - Processing /opt/airflow/dags/create_dag_with_taskflow.py took 0.205 seconds
[2024-09-26T02:04:35.286+0000] {processor.py:186} INFO - Started process (PID=140679) to work on /opt/airflow/dags/create_dag_with_taskflow.py
[2024-09-26T02:04:35.287+0000] {processor.py:914} INFO - Processing file /opt/airflow/dags/create_dag_with_taskflow.py for tasks to queue
[2024-09-26T02:04:35.289+0000] {logging_mixin.py:190} INFO - [2024-09-26T02:04:35.289+0000] {dagbag.py:587} INFO - Filling up the DagBag from /opt/airflow/dags/create_dag_with_taskflow.py
[2024-09-26T02:04:35.361+0000] {processor.py:925} INFO - DAG(s) 'dag_with_taskflow_api_v02' retrieved from /opt/airflow/dags/create_dag_with_taskflow.py
[2024-09-26T02:04:35.390+0000] {logging_mixin.py:190} INFO - [2024-09-26T02:04:35.389+0000] {dag.py:3229} INFO - Sync 1 DAGs
[2024-09-26T02:04:35.418+0000] {logging_mixin.py:190} INFO - [2024-09-26T02:04:35.417+0000] {dag.py:4156} INFO - Setting next_dagrun for dag_with_taskflow_api_v02 to 2024-09-22 00:00:00+00:00, run_after=2024-09-23 00:00:00+00:00
[2024-09-26T02:04:35.437+0000] {processor.py:208} INFO - Processing /opt/airflow/dags/create_dag_with_taskflow.py took 0.159 seconds
[2024-09-26T02:05:05.649+0000] {processor.py:186} INFO - Started process (PID=140722) to work on /opt/airflow/dags/create_dag_with_taskflow.py
[2024-09-26T02:05:05.650+0000] {processor.py:914} INFO - Processing file /opt/airflow/dags/create_dag_with_taskflow.py for tasks to queue
[2024-09-26T02:05:05.652+0000] {logging_mixin.py:190} INFO - [2024-09-26T02:05:05.651+0000] {dagbag.py:587} INFO - Filling up the DagBag from /opt/airflow/dags/create_dag_with_taskflow.py
[2024-09-26T02:05:05.727+0000] {processor.py:925} INFO - DAG(s) 'dag_with_taskflow_api_v02' retrieved from /opt/airflow/dags/create_dag_with_taskflow.py
[2024-09-26T02:05:05.768+0000] {logging_mixin.py:190} INFO - [2024-09-26T02:05:05.767+0000] {dag.py:3229} INFO - Sync 1 DAGs
[2024-09-26T02:05:05.800+0000] {logging_mixin.py:190} INFO - [2024-09-26T02:05:05.799+0000] {dag.py:4156} INFO - Setting next_dagrun for dag_with_taskflow_api_v02 to 2024-09-22 00:00:00+00:00, run_after=2024-09-23 00:00:00+00:00
[2024-09-26T02:05:05.831+0000] {processor.py:208} INFO - Processing /opt/airflow/dags/create_dag_with_taskflow.py took 0.187 seconds
[2024-09-26T02:05:37.041+0000] {processor.py:186} INFO - Started process (PID=140763) to work on /opt/airflow/dags/create_dag_with_taskflow.py
[2024-09-26T02:05:37.042+0000] {processor.py:914} INFO - Processing file /opt/airflow/dags/create_dag_with_taskflow.py for tasks to queue
[2024-09-26T02:05:37.045+0000] {logging_mixin.py:190} INFO - [2024-09-26T02:05:37.045+0000] {dagbag.py:587} INFO - Filling up the DagBag from /opt/airflow/dags/create_dag_with_taskflow.py
[2024-09-26T02:05:37.143+0000] {processor.py:925} INFO - DAG(s) 'dag_with_taskflow_api_v02' retrieved from /opt/airflow/dags/create_dag_with_taskflow.py
[2024-09-26T02:05:37.165+0000] {logging_mixin.py:190} INFO - [2024-09-26T02:05:37.164+0000] {dag.py:3229} INFO - Sync 1 DAGs
[2024-09-26T02:05:37.184+0000] {logging_mixin.py:190} INFO - [2024-09-26T02:05:37.184+0000] {dag.py:4156} INFO - Setting next_dagrun for dag_with_taskflow_api_v02 to 2024-09-22 00:00:00+00:00, run_after=2024-09-23 00:00:00+00:00
[2024-09-26T02:05:37.217+0000] {processor.py:208} INFO - Processing /opt/airflow/dags/create_dag_with_taskflow.py took 0.186 seconds
[2024-09-26T02:06:07.642+0000] {processor.py:186} INFO - Started process (PID=140806) to work on /opt/airflow/dags/create_dag_with_taskflow.py
[2024-09-26T02:06:07.644+0000] {processor.py:914} INFO - Processing file /opt/airflow/dags/create_dag_with_taskflow.py for tasks to queue
[2024-09-26T02:06:07.646+0000] {logging_mixin.py:190} INFO - [2024-09-26T02:06:07.646+0000] {dagbag.py:587} INFO - Filling up the DagBag from /opt/airflow/dags/create_dag_with_taskflow.py
[2024-09-26T02:06:07.727+0000] {processor.py:925} INFO - DAG(s) 'dag_with_taskflow_api_v02' retrieved from /opt/airflow/dags/create_dag_with_taskflow.py
[2024-09-26T02:06:07.754+0000] {logging_mixin.py:190} INFO - [2024-09-26T02:06:07.754+0000] {dag.py:3229} INFO - Sync 1 DAGs
[2024-09-26T02:06:07.778+0000] {logging_mixin.py:190} INFO - [2024-09-26T02:06:07.778+0000] {dag.py:4156} INFO - Setting next_dagrun for dag_with_taskflow_api_v02 to 2024-09-22 00:00:00+00:00, run_after=2024-09-23 00:00:00+00:00
[2024-09-26T02:06:07.801+0000] {processor.py:208} INFO - Processing /opt/airflow/dags/create_dag_with_taskflow.py took 0.165 seconds
[2024-09-26T02:06:38.278+0000] {processor.py:186} INFO - Started process (PID=140846) to work on /opt/airflow/dags/create_dag_with_taskflow.py
[2024-09-26T02:06:38.281+0000] {processor.py:914} INFO - Processing file /opt/airflow/dags/create_dag_with_taskflow.py for tasks to queue
[2024-09-26T02:06:38.286+0000] {logging_mixin.py:190} INFO - [2024-09-26T02:06:38.285+0000] {dagbag.py:587} INFO - Filling up the DagBag from /opt/airflow/dags/create_dag_with_taskflow.py
[2024-09-26T02:06:38.375+0000] {processor.py:925} INFO - DAG(s) 'dag_with_taskflow_api_v02' retrieved from /opt/airflow/dags/create_dag_with_taskflow.py
[2024-09-26T02:06:38.403+0000] {logging_mixin.py:190} INFO - [2024-09-26T02:06:38.403+0000] {dag.py:3229} INFO - Sync 1 DAGs
[2024-09-26T02:06:38.425+0000] {logging_mixin.py:190} INFO - [2024-09-26T02:06:38.425+0000] {dag.py:4156} INFO - Setting next_dagrun for dag_with_taskflow_api_v02 to 2024-09-22 00:00:00+00:00, run_after=2024-09-23 00:00:00+00:00
[2024-09-26T02:06:38.450+0000] {processor.py:208} INFO - Processing /opt/airflow/dags/create_dag_with_taskflow.py took 0.186 seconds
[2024-09-26T02:07:08.920+0000] {processor.py:186} INFO - Started process (PID=140889) to work on /opt/airflow/dags/create_dag_with_taskflow.py
[2024-09-26T02:07:08.924+0000] {processor.py:914} INFO - Processing file /opt/airflow/dags/create_dag_with_taskflow.py for tasks to queue
[2024-09-26T02:07:08.929+0000] {logging_mixin.py:190} INFO - [2024-09-26T02:07:08.928+0000] {dagbag.py:587} INFO - Filling up the DagBag from /opt/airflow/dags/create_dag_with_taskflow.py
[2024-09-26T02:07:09.079+0000] {processor.py:925} INFO - DAG(s) 'dag_with_taskflow_api_v02' retrieved from /opt/airflow/dags/create_dag_with_taskflow.py
[2024-09-26T02:07:09.136+0000] {logging_mixin.py:190} INFO - [2024-09-26T02:07:09.135+0000] {dag.py:3229} INFO - Sync 1 DAGs
[2024-09-26T02:07:09.176+0000] {logging_mixin.py:190} INFO - [2024-09-26T02:07:09.175+0000] {dag.py:4156} INFO - Setting next_dagrun for dag_with_taskflow_api_v02 to 2024-09-22 00:00:00+00:00, run_after=2024-09-23 00:00:00+00:00
[2024-09-26T02:07:09.213+0000] {processor.py:208} INFO - Processing /opt/airflow/dags/create_dag_with_taskflow.py took 0.308 seconds
[2024-09-26T02:07:39.565+0000] {processor.py:186} INFO - Started process (PID=140932) to work on /opt/airflow/dags/create_dag_with_taskflow.py
[2024-09-26T02:07:39.567+0000] {processor.py:914} INFO - Processing file /opt/airflow/dags/create_dag_with_taskflow.py for tasks to queue
[2024-09-26T02:07:39.569+0000] {logging_mixin.py:190} INFO - [2024-09-26T02:07:39.569+0000] {dagbag.py:587} INFO - Filling up the DagBag from /opt/airflow/dags/create_dag_with_taskflow.py
[2024-09-26T02:07:39.648+0000] {processor.py:925} INFO - DAG(s) 'dag_with_taskflow_api_v02' retrieved from /opt/airflow/dags/create_dag_with_taskflow.py
[2024-09-26T02:07:39.678+0000] {logging_mixin.py:190} INFO - [2024-09-26T02:07:39.677+0000] {dag.py:3229} INFO - Sync 1 DAGs
[2024-09-26T02:07:39.711+0000] {logging_mixin.py:190} INFO - [2024-09-26T02:07:39.710+0000] {dag.py:4156} INFO - Setting next_dagrun for dag_with_taskflow_api_v02 to 2024-09-22 00:00:00+00:00, run_after=2024-09-23 00:00:00+00:00
[2024-09-26T02:07:39.742+0000] {processor.py:208} INFO - Processing /opt/airflow/dags/create_dag_with_taskflow.py took 0.183 seconds
[2024-09-26T02:08:10.346+0000] {processor.py:186} INFO - Started process (PID=140975) to work on /opt/airflow/dags/create_dag_with_taskflow.py
[2024-09-26T02:08:10.348+0000] {processor.py:914} INFO - Processing file /opt/airflow/dags/create_dag_with_taskflow.py for tasks to queue
[2024-09-26T02:08:10.351+0000] {logging_mixin.py:190} INFO - [2024-09-26T02:08:10.351+0000] {dagbag.py:587} INFO - Filling up the DagBag from /opt/airflow/dags/create_dag_with_taskflow.py
[2024-09-26T02:08:10.448+0000] {processor.py:925} INFO - DAG(s) 'dag_with_taskflow_api_v02' retrieved from /opt/airflow/dags/create_dag_with_taskflow.py
[2024-09-26T02:08:10.477+0000] {logging_mixin.py:190} INFO - [2024-09-26T02:08:10.477+0000] {dag.py:3229} INFO - Sync 1 DAGs
[2024-09-26T02:08:10.501+0000] {logging_mixin.py:190} INFO - [2024-09-26T02:08:10.501+0000] {dag.py:4156} INFO - Setting next_dagrun for dag_with_taskflow_api_v02 to 2024-09-22 00:00:00+00:00, run_after=2024-09-23 00:00:00+00:00
[2024-09-26T02:08:10.526+0000] {processor.py:208} INFO - Processing /opt/airflow/dags/create_dag_with_taskflow.py took 0.190 seconds
[2024-09-26T02:08:40.822+0000] {processor.py:186} INFO - Started process (PID=141018) to work on /opt/airflow/dags/create_dag_with_taskflow.py
[2024-09-26T02:08:40.823+0000] {processor.py:914} INFO - Processing file /opt/airflow/dags/create_dag_with_taskflow.py for tasks to queue
[2024-09-26T02:08:40.825+0000] {logging_mixin.py:190} INFO - [2024-09-26T02:08:40.825+0000] {dagbag.py:587} INFO - Filling up the DagBag from /opt/airflow/dags/create_dag_with_taskflow.py
[2024-09-26T02:08:40.918+0000] {processor.py:925} INFO - DAG(s) 'dag_with_taskflow_api_v02' retrieved from /opt/airflow/dags/create_dag_with_taskflow.py
[2024-09-26T02:08:40.946+0000] {logging_mixin.py:190} INFO - [2024-09-26T02:08:40.945+0000] {dag.py:3229} INFO - Sync 1 DAGs
[2024-09-26T02:08:40.973+0000] {logging_mixin.py:190} INFO - [2024-09-26T02:08:40.972+0000] {dag.py:4156} INFO - Setting next_dagrun for dag_with_taskflow_api_v02 to 2024-09-22 00:00:00+00:00, run_after=2024-09-23 00:00:00+00:00
[2024-09-26T02:08:40.996+0000] {processor.py:208} INFO - Processing /opt/airflow/dags/create_dag_with_taskflow.py took 0.183 seconds
[2024-09-26T02:09:11.972+0000] {processor.py:186} INFO - Started process (PID=141061) to work on /opt/airflow/dags/create_dag_with_taskflow.py
[2024-09-26T02:09:11.974+0000] {processor.py:914} INFO - Processing file /opt/airflow/dags/create_dag_with_taskflow.py for tasks to queue
[2024-09-26T02:09:11.975+0000] {logging_mixin.py:190} INFO - [2024-09-26T02:09:11.975+0000] {dagbag.py:587} INFO - Filling up the DagBag from /opt/airflow/dags/create_dag_with_taskflow.py
[2024-09-26T02:09:12.072+0000] {processor.py:925} INFO - DAG(s) 'dag_with_taskflow_api_v02' retrieved from /opt/airflow/dags/create_dag_with_taskflow.py
[2024-09-26T02:09:12.101+0000] {logging_mixin.py:190} INFO - [2024-09-26T02:09:12.101+0000] {dag.py:3229} INFO - Sync 1 DAGs
[2024-09-26T02:09:12.124+0000] {logging_mixin.py:190} INFO - [2024-09-26T02:09:12.123+0000] {dag.py:4156} INFO - Setting next_dagrun for dag_with_taskflow_api_v02 to 2024-09-22 00:00:00+00:00, run_after=2024-09-23 00:00:00+00:00
[2024-09-26T02:09:12.152+0000] {processor.py:208} INFO - Processing /opt/airflow/dags/create_dag_with_taskflow.py took 0.186 seconds
[2024-09-26T02:09:42.623+0000] {processor.py:186} INFO - Started process (PID=141104) to work on /opt/airflow/dags/create_dag_with_taskflow.py
[2024-09-26T02:09:42.625+0000] {processor.py:914} INFO - Processing file /opt/airflow/dags/create_dag_with_taskflow.py for tasks to queue
[2024-09-26T02:09:42.627+0000] {logging_mixin.py:190} INFO - [2024-09-26T02:09:42.627+0000] {dagbag.py:587} INFO - Filling up the DagBag from /opt/airflow/dags/create_dag_with_taskflow.py
[2024-09-26T02:09:42.721+0000] {processor.py:925} INFO - DAG(s) 'dag_with_taskflow_api_v02' retrieved from /opt/airflow/dags/create_dag_with_taskflow.py
[2024-09-26T02:09:42.747+0000] {logging_mixin.py:190} INFO - [2024-09-26T02:09:42.747+0000] {dag.py:3229} INFO - Sync 1 DAGs
[2024-09-26T02:09:42.769+0000] {logging_mixin.py:190} INFO - [2024-09-26T02:09:42.769+0000] {dag.py:4156} INFO - Setting next_dagrun for dag_with_taskflow_api_v02 to 2024-09-22 00:00:00+00:00, run_after=2024-09-23 00:00:00+00:00
[2024-09-26T02:09:42.791+0000] {processor.py:208} INFO - Processing /opt/airflow/dags/create_dag_with_taskflow.py took 0.183 seconds
[2024-09-26T02:10:13.271+0000] {processor.py:186} INFO - Started process (PID=141147) to work on /opt/airflow/dags/create_dag_with_taskflow.py
[2024-09-26T02:10:13.273+0000] {processor.py:914} INFO - Processing file /opt/airflow/dags/create_dag_with_taskflow.py for tasks to queue
[2024-09-26T02:10:13.275+0000] {logging_mixin.py:190} INFO - [2024-09-26T02:10:13.274+0000] {dagbag.py:587} INFO - Filling up the DagBag from /opt/airflow/dags/create_dag_with_taskflow.py
[2024-09-26T02:10:13.365+0000] {processor.py:925} INFO - DAG(s) 'dag_with_taskflow_api_v02' retrieved from /opt/airflow/dags/create_dag_with_taskflow.py
[2024-09-26T02:10:13.390+0000] {logging_mixin.py:190} INFO - [2024-09-26T02:10:13.390+0000] {dag.py:3229} INFO - Sync 1 DAGs
[2024-09-26T02:10:13.411+0000] {logging_mixin.py:190} INFO - [2024-09-26T02:10:13.410+0000] {dag.py:4156} INFO - Setting next_dagrun for dag_with_taskflow_api_v02 to 2024-09-22 00:00:00+00:00, run_after=2024-09-23 00:00:00+00:00
[2024-09-26T02:10:13.432+0000] {processor.py:208} INFO - Processing /opt/airflow/dags/create_dag_with_taskflow.py took 0.171 seconds
[2024-09-26T02:10:43.877+0000] {processor.py:186} INFO - Started process (PID=141190) to work on /opt/airflow/dags/create_dag_with_taskflow.py
[2024-09-26T02:10:43.878+0000] {processor.py:914} INFO - Processing file /opt/airflow/dags/create_dag_with_taskflow.py for tasks to queue
[2024-09-26T02:10:43.881+0000] {logging_mixin.py:190} INFO - [2024-09-26T02:10:43.880+0000] {dagbag.py:587} INFO - Filling up the DagBag from /opt/airflow/dags/create_dag_with_taskflow.py
[2024-09-26T02:10:43.993+0000] {processor.py:925} INFO - DAG(s) 'dag_with_taskflow_api_v02' retrieved from /opt/airflow/dags/create_dag_with_taskflow.py
[2024-09-26T02:10:44.020+0000] {logging_mixin.py:190} INFO - [2024-09-26T02:10:44.020+0000] {dag.py:3229} INFO - Sync 1 DAGs
[2024-09-26T02:10:44.042+0000] {logging_mixin.py:190} INFO - [2024-09-26T02:10:44.041+0000] {dag.py:4156} INFO - Setting next_dagrun for dag_with_taskflow_api_v02 to 2024-09-22 00:00:00+00:00, run_after=2024-09-23 00:00:00+00:00
[2024-09-26T02:10:44.062+0000] {processor.py:208} INFO - Processing /opt/airflow/dags/create_dag_with_taskflow.py took 0.195 seconds
[2024-09-26T02:11:14.477+0000] {processor.py:186} INFO - Started process (PID=141233) to work on /opt/airflow/dags/create_dag_with_taskflow.py
[2024-09-26T02:11:14.478+0000] {processor.py:914} INFO - Processing file /opt/airflow/dags/create_dag_with_taskflow.py for tasks to queue
[2024-09-26T02:11:14.480+0000] {logging_mixin.py:190} INFO - [2024-09-26T02:11:14.480+0000] {dagbag.py:587} INFO - Filling up the DagBag from /opt/airflow/dags/create_dag_with_taskflow.py
[2024-09-26T02:11:14.597+0000] {processor.py:925} INFO - DAG(s) 'dag_with_taskflow_api_v02' retrieved from /opt/airflow/dags/create_dag_with_taskflow.py
[2024-09-26T02:11:14.627+0000] {logging_mixin.py:190} INFO - [2024-09-26T02:11:14.627+0000] {dag.py:3229} INFO - Sync 1 DAGs
[2024-09-26T02:11:14.649+0000] {logging_mixin.py:190} INFO - [2024-09-26T02:11:14.649+0000] {dag.py:4156} INFO - Setting next_dagrun for dag_with_taskflow_api_v02 to 2024-09-22 00:00:00+00:00, run_after=2024-09-23 00:00:00+00:00
[2024-09-26T02:11:14.679+0000] {processor.py:208} INFO - Processing /opt/airflow/dags/create_dag_with_taskflow.py took 0.209 seconds
[2024-09-26T02:11:45.106+0000] {processor.py:186} INFO - Started process (PID=141276) to work on /opt/airflow/dags/create_dag_with_taskflow.py
[2024-09-26T02:11:45.108+0000] {processor.py:914} INFO - Processing file /opt/airflow/dags/create_dag_with_taskflow.py for tasks to queue
[2024-09-26T02:11:45.111+0000] {logging_mixin.py:190} INFO - [2024-09-26T02:11:45.111+0000] {dagbag.py:587} INFO - Filling up the DagBag from /opt/airflow/dags/create_dag_with_taskflow.py
[2024-09-26T02:11:45.216+0000] {processor.py:925} INFO - DAG(s) 'dag_with_taskflow_api_v02' retrieved from /opt/airflow/dags/create_dag_with_taskflow.py
[2024-09-26T02:11:45.244+0000] {logging_mixin.py:190} INFO - [2024-09-26T02:11:45.244+0000] {dag.py:3229} INFO - Sync 1 DAGs
[2024-09-26T02:11:45.271+0000] {logging_mixin.py:190} INFO - [2024-09-26T02:11:45.270+0000] {dag.py:4156} INFO - Setting next_dagrun for dag_with_taskflow_api_v02 to 2024-09-22 00:00:00+00:00, run_after=2024-09-23 00:00:00+00:00
[2024-09-26T02:11:45.300+0000] {processor.py:208} INFO - Processing /opt/airflow/dags/create_dag_with_taskflow.py took 0.202 seconds
[2024-09-26T02:12:15.716+0000] {processor.py:186} INFO - Started process (PID=141319) to work on /opt/airflow/dags/create_dag_with_taskflow.py
[2024-09-26T02:12:15.718+0000] {processor.py:914} INFO - Processing file /opt/airflow/dags/create_dag_with_taskflow.py for tasks to queue
[2024-09-26T02:12:15.720+0000] {logging_mixin.py:190} INFO - [2024-09-26T02:12:15.720+0000] {dagbag.py:587} INFO - Filling up the DagBag from /opt/airflow/dags/create_dag_with_taskflow.py
[2024-09-26T02:12:15.827+0000] {processor.py:925} INFO - DAG(s) 'dag_with_taskflow_api_v02' retrieved from /opt/airflow/dags/create_dag_with_taskflow.py
[2024-09-26T02:12:15.855+0000] {logging_mixin.py:190} INFO - [2024-09-26T02:12:15.854+0000] {dag.py:3229} INFO - Sync 1 DAGs
[2024-09-26T02:12:15.877+0000] {logging_mixin.py:190} INFO - [2024-09-26T02:12:15.876+0000] {dag.py:4156} INFO - Setting next_dagrun for dag_with_taskflow_api_v02 to 2024-09-22 00:00:00+00:00, run_after=2024-09-23 00:00:00+00:00
[2024-09-26T02:12:15.900+0000] {processor.py:208} INFO - Processing /opt/airflow/dags/create_dag_with_taskflow.py took 0.193 seconds
[2024-09-26T02:12:46.194+0000] {processor.py:186} INFO - Started process (PID=141362) to work on /opt/airflow/dags/create_dag_with_taskflow.py
[2024-09-26T02:12:46.195+0000] {processor.py:914} INFO - Processing file /opt/airflow/dags/create_dag_with_taskflow.py for tasks to queue
[2024-09-26T02:12:46.197+0000] {logging_mixin.py:190} INFO - [2024-09-26T02:12:46.197+0000] {dagbag.py:587} INFO - Filling up the DagBag from /opt/airflow/dags/create_dag_with_taskflow.py
[2024-09-26T02:12:46.274+0000] {processor.py:925} INFO - DAG(s) 'dag_with_taskflow_api_v02' retrieved from /opt/airflow/dags/create_dag_with_taskflow.py
[2024-09-26T02:12:46.311+0000] {logging_mixin.py:190} INFO - [2024-09-26T02:12:46.311+0000] {dag.py:3229} INFO - Sync 1 DAGs
[2024-09-26T02:12:46.341+0000] {logging_mixin.py:190} INFO - [2024-09-26T02:12:46.341+0000] {dag.py:4156} INFO - Setting next_dagrun for dag_with_taskflow_api_v02 to 2024-09-22 00:00:00+00:00, run_after=2024-09-23 00:00:00+00:00
[2024-09-26T02:12:46.373+0000] {processor.py:208} INFO - Processing /opt/airflow/dags/create_dag_with_taskflow.py took 0.185 seconds
[2024-09-26T02:13:16.725+0000] {processor.py:186} INFO - Started process (PID=141405) to work on /opt/airflow/dags/create_dag_with_taskflow.py
[2024-09-26T02:13:16.727+0000] {processor.py:914} INFO - Processing file /opt/airflow/dags/create_dag_with_taskflow.py for tasks to queue
[2024-09-26T02:13:16.729+0000] {logging_mixin.py:190} INFO - [2024-09-26T02:13:16.729+0000] {dagbag.py:587} INFO - Filling up the DagBag from /opt/airflow/dags/create_dag_with_taskflow.py
[2024-09-26T02:13:16.824+0000] {processor.py:925} INFO - DAG(s) 'dag_with_taskflow_api_v02' retrieved from /opt/airflow/dags/create_dag_with_taskflow.py
[2024-09-26T02:13:16.850+0000] {logging_mixin.py:190} INFO - [2024-09-26T02:13:16.850+0000] {dag.py:3229} INFO - Sync 1 DAGs
[2024-09-26T02:13:16.875+0000] {logging_mixin.py:190} INFO - [2024-09-26T02:13:16.875+0000] {dag.py:4156} INFO - Setting next_dagrun for dag_with_taskflow_api_v02 to 2024-09-22 00:00:00+00:00, run_after=2024-09-23 00:00:00+00:00
[2024-09-26T02:13:16.898+0000] {processor.py:208} INFO - Processing /opt/airflow/dags/create_dag_with_taskflow.py took 0.179 seconds
[2024-09-26T02:13:47.224+0000] {processor.py:186} INFO - Started process (PID=141448) to work on /opt/airflow/dags/create_dag_with_taskflow.py
[2024-09-26T02:13:47.225+0000] {processor.py:914} INFO - Processing file /opt/airflow/dags/create_dag_with_taskflow.py for tasks to queue
[2024-09-26T02:13:47.228+0000] {logging_mixin.py:190} INFO - [2024-09-26T02:13:47.228+0000] {dagbag.py:587} INFO - Filling up the DagBag from /opt/airflow/dags/create_dag_with_taskflow.py
[2024-09-26T02:13:47.320+0000] {processor.py:925} INFO - DAG(s) 'dag_with_taskflow_api_v02' retrieved from /opt/airflow/dags/create_dag_with_taskflow.py
[2024-09-26T02:13:47.354+0000] {logging_mixin.py:190} INFO - [2024-09-26T02:13:47.353+0000] {dag.py:3229} INFO - Sync 1 DAGs
[2024-09-26T02:13:47.386+0000] {logging_mixin.py:190} INFO - [2024-09-26T02:13:47.386+0000] {dag.py:4156} INFO - Setting next_dagrun for dag_with_taskflow_api_v02 to 2024-09-22 00:00:00+00:00, run_after=2024-09-23 00:00:00+00:00
[2024-09-26T02:13:47.416+0000] {processor.py:208} INFO - Processing /opt/airflow/dags/create_dag_with_taskflow.py took 0.200 seconds
[2024-09-26T02:14:17.688+0000] {processor.py:186} INFO - Started process (PID=141491) to work on /opt/airflow/dags/create_dag_with_taskflow.py
[2024-09-26T02:14:17.689+0000] {processor.py:914} INFO - Processing file /opt/airflow/dags/create_dag_with_taskflow.py for tasks to queue
[2024-09-26T02:14:17.691+0000] {logging_mixin.py:190} INFO - [2024-09-26T02:14:17.691+0000] {dagbag.py:587} INFO - Filling up the DagBag from /opt/airflow/dags/create_dag_with_taskflow.py
[2024-09-26T02:14:17.770+0000] {processor.py:925} INFO - DAG(s) 'dag_with_taskflow_api_v02' retrieved from /opt/airflow/dags/create_dag_with_taskflow.py
[2024-09-26T02:14:17.797+0000] {logging_mixin.py:190} INFO - [2024-09-26T02:14:17.796+0000] {dag.py:3229} INFO - Sync 1 DAGs
[2024-09-26T02:14:17.820+0000] {logging_mixin.py:190} INFO - [2024-09-26T02:14:17.820+0000] {dag.py:4156} INFO - Setting next_dagrun for dag_with_taskflow_api_v02 to 2024-09-22 00:00:00+00:00, run_after=2024-09-23 00:00:00+00:00
[2024-09-26T02:14:17.843+0000] {processor.py:208} INFO - Processing /opt/airflow/dags/create_dag_with_taskflow.py took 0.161 seconds
[2024-09-26T02:14:48.211+0000] {processor.py:186} INFO - Started process (PID=141534) to work on /opt/airflow/dags/create_dag_with_taskflow.py
[2024-09-26T02:14:48.212+0000] {processor.py:914} INFO - Processing file /opt/airflow/dags/create_dag_with_taskflow.py for tasks to queue
[2024-09-26T02:14:48.216+0000] {logging_mixin.py:190} INFO - [2024-09-26T02:14:48.215+0000] {dagbag.py:587} INFO - Filling up the DagBag from /opt/airflow/dags/create_dag_with_taskflow.py
[2024-09-26T02:14:48.290+0000] {processor.py:925} INFO - DAG(s) 'dag_with_taskflow_api_v02' retrieved from /opt/airflow/dags/create_dag_with_taskflow.py
[2024-09-26T02:14:48.330+0000] {logging_mixin.py:190} INFO - [2024-09-26T02:14:48.329+0000] {dag.py:3229} INFO - Sync 1 DAGs
[2024-09-26T02:14:48.368+0000] {logging_mixin.py:190} INFO - [2024-09-26T02:14:48.368+0000] {dag.py:4156} INFO - Setting next_dagrun for dag_with_taskflow_api_v02 to 2024-09-22 00:00:00+00:00, run_after=2024-09-23 00:00:00+00:00
[2024-09-26T02:14:48.396+0000] {processor.py:208} INFO - Processing /opt/airflow/dags/create_dag_with_taskflow.py took 0.195 seconds
[2024-09-26T02:15:18.944+0000] {processor.py:186} INFO - Started process (PID=141577) to work on /opt/airflow/dags/create_dag_with_taskflow.py
[2024-09-26T02:15:18.946+0000] {processor.py:914} INFO - Processing file /opt/airflow/dags/create_dag_with_taskflow.py for tasks to queue
[2024-09-26T02:15:18.948+0000] {logging_mixin.py:190} INFO - [2024-09-26T02:15:18.948+0000] {dagbag.py:587} INFO - Filling up the DagBag from /opt/airflow/dags/create_dag_with_taskflow.py
[2024-09-26T02:15:19.025+0000] {processor.py:925} INFO - DAG(s) 'dag_with_taskflow_api_v02' retrieved from /opt/airflow/dags/create_dag_with_taskflow.py
[2024-09-26T02:15:19.058+0000] {logging_mixin.py:190} INFO - [2024-09-26T02:15:19.058+0000] {dag.py:3229} INFO - Sync 1 DAGs
[2024-09-26T02:15:19.090+0000] {logging_mixin.py:190} INFO - [2024-09-26T02:15:19.090+0000] {dag.py:4156} INFO - Setting next_dagrun for dag_with_taskflow_api_v02 to 2024-09-22 00:00:00+00:00, run_after=2024-09-23 00:00:00+00:00
[2024-09-26T02:15:19.115+0000] {processor.py:208} INFO - Processing /opt/airflow/dags/create_dag_with_taskflow.py took 0.178 seconds
[2024-09-26T02:15:49.684+0000] {processor.py:186} INFO - Started process (PID=141620) to work on /opt/airflow/dags/create_dag_with_taskflow.py
[2024-09-26T02:15:49.687+0000] {processor.py:914} INFO - Processing file /opt/airflow/dags/create_dag_with_taskflow.py for tasks to queue
[2024-09-26T02:15:49.691+0000] {logging_mixin.py:190} INFO - [2024-09-26T02:15:49.690+0000] {dagbag.py:587} INFO - Filling up the DagBag from /opt/airflow/dags/create_dag_with_taskflow.py
[2024-09-26T02:15:49.805+0000] {processor.py:925} INFO - DAG(s) 'dag_with_taskflow_api_v02' retrieved from /opt/airflow/dags/create_dag_with_taskflow.py
[2024-09-26T02:15:49.830+0000] {logging_mixin.py:190} INFO - [2024-09-26T02:15:49.830+0000] {dag.py:3229} INFO - Sync 1 DAGs
[2024-09-26T02:15:49.854+0000] {logging_mixin.py:190} INFO - [2024-09-26T02:15:49.854+0000] {dag.py:4156} INFO - Setting next_dagrun for dag_with_taskflow_api_v02 to 2024-09-22 00:00:00+00:00, run_after=2024-09-23 00:00:00+00:00
[2024-09-26T02:15:49.878+0000] {processor.py:208} INFO - Processing /opt/airflow/dags/create_dag_with_taskflow.py took 0.208 seconds
[2024-09-26T02:16:20.213+0000] {processor.py:186} INFO - Started process (PID=141663) to work on /opt/airflow/dags/create_dag_with_taskflow.py
[2024-09-26T02:16:20.217+0000] {processor.py:914} INFO - Processing file /opt/airflow/dags/create_dag_with_taskflow.py for tasks to queue
[2024-09-26T02:16:20.221+0000] {logging_mixin.py:190} INFO - [2024-09-26T02:16:20.220+0000] {dagbag.py:587} INFO - Filling up the DagBag from /opt/airflow/dags/create_dag_with_taskflow.py
[2024-09-26T02:16:20.292+0000] {processor.py:925} INFO - DAG(s) 'dag_with_taskflow_api_v02' retrieved from /opt/airflow/dags/create_dag_with_taskflow.py
[2024-09-26T02:16:20.321+0000] {logging_mixin.py:190} INFO - [2024-09-26T02:16:20.321+0000] {dag.py:3229} INFO - Sync 1 DAGs
[2024-09-26T02:16:20.349+0000] {logging_mixin.py:190} INFO - [2024-09-26T02:16:20.348+0000] {dag.py:4156} INFO - Setting next_dagrun for dag_with_taskflow_api_v02 to 2024-09-22 00:00:00+00:00, run_after=2024-09-23 00:00:00+00:00
[2024-09-26T02:16:20.371+0000] {processor.py:208} INFO - Processing /opt/airflow/dags/create_dag_with_taskflow.py took 0.169 seconds
[2024-09-26T02:16:50.726+0000] {processor.py:186} INFO - Started process (PID=141706) to work on /opt/airflow/dags/create_dag_with_taskflow.py
[2024-09-26T02:16:50.727+0000] {processor.py:914} INFO - Processing file /opt/airflow/dags/create_dag_with_taskflow.py for tasks to queue
[2024-09-26T02:16:50.729+0000] {logging_mixin.py:190} INFO - [2024-09-26T02:16:50.728+0000] {dagbag.py:587} INFO - Filling up the DagBag from /opt/airflow/dags/create_dag_with_taskflow.py
[2024-09-26T02:16:50.835+0000] {processor.py:925} INFO - DAG(s) 'dag_with_taskflow_api_v02' retrieved from /opt/airflow/dags/create_dag_with_taskflow.py
[2024-09-26T02:16:50.861+0000] {logging_mixin.py:190} INFO - [2024-09-26T02:16:50.861+0000] {dag.py:3229} INFO - Sync 1 DAGs
[2024-09-26T02:16:50.881+0000] {logging_mixin.py:190} INFO - [2024-09-26T02:16:50.880+0000] {dag.py:4156} INFO - Setting next_dagrun for dag_with_taskflow_api_v02 to 2024-09-22 00:00:00+00:00, run_after=2024-09-23 00:00:00+00:00
[2024-09-26T02:16:50.905+0000] {processor.py:208} INFO - Processing /opt/airflow/dags/create_dag_with_taskflow.py took 0.187 seconds
[2024-09-26T02:17:21.210+0000] {processor.py:186} INFO - Started process (PID=141749) to work on /opt/airflow/dags/create_dag_with_taskflow.py
[2024-09-26T02:17:21.213+0000] {processor.py:914} INFO - Processing file /opt/airflow/dags/create_dag_with_taskflow.py for tasks to queue
[2024-09-26T02:17:21.217+0000] {logging_mixin.py:190} INFO - [2024-09-26T02:17:21.216+0000] {dagbag.py:587} INFO - Filling up the DagBag from /opt/airflow/dags/create_dag_with_taskflow.py
[2024-09-26T02:17:21.287+0000] {processor.py:925} INFO - DAG(s) 'dag_with_taskflow_api_v02' retrieved from /opt/airflow/dags/create_dag_with_taskflow.py
[2024-09-26T02:17:21.313+0000] {logging_mixin.py:190} INFO - [2024-09-26T02:17:21.312+0000] {dag.py:3229} INFO - Sync 1 DAGs
[2024-09-26T02:17:21.336+0000] {logging_mixin.py:190} INFO - [2024-09-26T02:17:21.336+0000] {dag.py:4156} INFO - Setting next_dagrun for dag_with_taskflow_api_v02 to 2024-09-22 00:00:00+00:00, run_after=2024-09-23 00:00:00+00:00
[2024-09-26T02:17:21.359+0000] {processor.py:208} INFO - Processing /opt/airflow/dags/create_dag_with_taskflow.py took 0.158 seconds
[2024-09-26T02:17:51.672+0000] {processor.py:186} INFO - Started process (PID=141792) to work on /opt/airflow/dags/create_dag_with_taskflow.py
[2024-09-26T02:17:51.673+0000] {processor.py:914} INFO - Processing file /opt/airflow/dags/create_dag_with_taskflow.py for tasks to queue
[2024-09-26T02:17:51.675+0000] {logging_mixin.py:190} INFO - [2024-09-26T02:17:51.675+0000] {dagbag.py:587} INFO - Filling up the DagBag from /opt/airflow/dags/create_dag_with_taskflow.py
[2024-09-26T02:17:51.775+0000] {processor.py:925} INFO - DAG(s) 'dag_with_taskflow_api_v02' retrieved from /opt/airflow/dags/create_dag_with_taskflow.py
[2024-09-26T02:17:51.806+0000] {logging_mixin.py:190} INFO - [2024-09-26T02:17:51.806+0000] {dag.py:3229} INFO - Sync 1 DAGs
[2024-09-26T02:17:51.829+0000] {logging_mixin.py:190} INFO - [2024-09-26T02:17:51.829+0000] {dag.py:4156} INFO - Setting next_dagrun for dag_with_taskflow_api_v02 to 2024-09-22 00:00:00+00:00, run_after=2024-09-23 00:00:00+00:00
[2024-09-26T02:17:51.855+0000] {processor.py:208} INFO - Processing /opt/airflow/dags/create_dag_with_taskflow.py took 0.189 seconds
[2024-09-26T02:18:22.266+0000] {processor.py:186} INFO - Started process (PID=141835) to work on /opt/airflow/dags/create_dag_with_taskflow.py
[2024-09-26T02:18:22.268+0000] {processor.py:914} INFO - Processing file /opt/airflow/dags/create_dag_with_taskflow.py for tasks to queue
[2024-09-26T02:18:22.270+0000] {logging_mixin.py:190} INFO - [2024-09-26T02:18:22.269+0000] {dagbag.py:587} INFO - Filling up the DagBag from /opt/airflow/dags/create_dag_with_taskflow.py
[2024-09-26T02:18:22.367+0000] {processor.py:925} INFO - DAG(s) 'dag_with_taskflow_api_v02' retrieved from /opt/airflow/dags/create_dag_with_taskflow.py
[2024-09-26T02:18:22.392+0000] {logging_mixin.py:190} INFO - [2024-09-26T02:18:22.392+0000] {dag.py:3229} INFO - Sync 1 DAGs
[2024-09-26T02:18:22.412+0000] {logging_mixin.py:190} INFO - [2024-09-26T02:18:22.412+0000] {dag.py:4156} INFO - Setting next_dagrun for dag_with_taskflow_api_v02 to 2024-09-22 00:00:00+00:00, run_after=2024-09-23 00:00:00+00:00
[2024-09-26T02:18:22.438+0000] {processor.py:208} INFO - Processing /opt/airflow/dags/create_dag_with_taskflow.py took 0.177 seconds
[2024-09-26T02:18:52.808+0000] {processor.py:186} INFO - Started process (PID=141878) to work on /opt/airflow/dags/create_dag_with_taskflow.py
[2024-09-26T02:18:52.810+0000] {processor.py:914} INFO - Processing file /opt/airflow/dags/create_dag_with_taskflow.py for tasks to queue
[2024-09-26T02:18:52.811+0000] {logging_mixin.py:190} INFO - [2024-09-26T02:18:52.811+0000] {dagbag.py:587} INFO - Filling up the DagBag from /opt/airflow/dags/create_dag_with_taskflow.py
[2024-09-26T02:18:52.914+0000] {processor.py:925} INFO - DAG(s) 'dag_with_taskflow_api_v02' retrieved from /opt/airflow/dags/create_dag_with_taskflow.py
[2024-09-26T02:18:52.941+0000] {logging_mixin.py:190} INFO - [2024-09-26T02:18:52.940+0000] {dag.py:3229} INFO - Sync 1 DAGs
[2024-09-26T02:18:52.962+0000] {logging_mixin.py:190} INFO - [2024-09-26T02:18:52.962+0000] {dag.py:4156} INFO - Setting next_dagrun for dag_with_taskflow_api_v02 to 2024-09-22 00:00:00+00:00, run_after=2024-09-23 00:00:00+00:00
[2024-09-26T02:18:52.984+0000] {processor.py:208} INFO - Processing /opt/airflow/dags/create_dag_with_taskflow.py took 0.181 seconds
[2024-09-26T02:19:23.532+0000] {processor.py:186} INFO - Started process (PID=141921) to work on /opt/airflow/dags/create_dag_with_taskflow.py
[2024-09-26T02:19:23.533+0000] {processor.py:914} INFO - Processing file /opt/airflow/dags/create_dag_with_taskflow.py for tasks to queue
[2024-09-26T02:19:23.535+0000] {logging_mixin.py:190} INFO - [2024-09-26T02:19:23.535+0000] {dagbag.py:587} INFO - Filling up the DagBag from /opt/airflow/dags/create_dag_with_taskflow.py
[2024-09-26T02:19:23.636+0000] {processor.py:925} INFO - DAG(s) 'dag_with_taskflow_api_v02' retrieved from /opt/airflow/dags/create_dag_with_taskflow.py
[2024-09-26T02:19:23.669+0000] {logging_mixin.py:190} INFO - [2024-09-26T02:19:23.669+0000] {dag.py:3229} INFO - Sync 1 DAGs
[2024-09-26T02:19:23.693+0000] {logging_mixin.py:190} INFO - [2024-09-26T02:19:23.693+0000] {dag.py:4156} INFO - Setting next_dagrun for dag_with_taskflow_api_v02 to 2024-09-22 00:00:00+00:00, run_after=2024-09-23 00:00:00+00:00
[2024-09-26T02:19:23.723+0000] {processor.py:208} INFO - Processing /opt/airflow/dags/create_dag_with_taskflow.py took 0.197 seconds
[2024-09-26T02:19:54.473+0000] {processor.py:186} INFO - Started process (PID=141964) to work on /opt/airflow/dags/create_dag_with_taskflow.py
[2024-09-26T02:19:54.474+0000] {processor.py:914} INFO - Processing file /opt/airflow/dags/create_dag_with_taskflow.py for tasks to queue
[2024-09-26T02:19:54.477+0000] {logging_mixin.py:190} INFO - [2024-09-26T02:19:54.477+0000] {dagbag.py:587} INFO - Filling up the DagBag from /opt/airflow/dags/create_dag_with_taskflow.py
[2024-09-26T02:19:54.563+0000] {processor.py:925} INFO - DAG(s) 'dag_with_taskflow_api_v02' retrieved from /opt/airflow/dags/create_dag_with_taskflow.py
[2024-09-26T02:19:54.589+0000] {logging_mixin.py:190} INFO - [2024-09-26T02:19:54.588+0000] {dag.py:3229} INFO - Sync 1 DAGs
[2024-09-26T02:19:54.609+0000] {logging_mixin.py:190} INFO - [2024-09-26T02:19:54.609+0000] {dag.py:4156} INFO - Setting next_dagrun for dag_with_taskflow_api_v02 to 2024-09-22 00:00:00+00:00, run_after=2024-09-23 00:00:00+00:00
[2024-09-26T02:19:54.633+0000] {processor.py:208} INFO - Processing /opt/airflow/dags/create_dag_with_taskflow.py took 0.165 seconds
[2024-09-26T02:20:24.964+0000] {processor.py:186} INFO - Started process (PID=142007) to work on /opt/airflow/dags/create_dag_with_taskflow.py
[2024-09-26T02:20:24.966+0000] {processor.py:914} INFO - Processing file /opt/airflow/dags/create_dag_with_taskflow.py for tasks to queue
[2024-09-26T02:20:24.968+0000] {logging_mixin.py:190} INFO - [2024-09-26T02:20:24.968+0000] {dagbag.py:587} INFO - Filling up the DagBag from /opt/airflow/dags/create_dag_with_taskflow.py
[2024-09-26T02:20:25.069+0000] {processor.py:925} INFO - DAG(s) 'dag_with_taskflow_api_v02' retrieved from /opt/airflow/dags/create_dag_with_taskflow.py
[2024-09-26T02:20:25.093+0000] {logging_mixin.py:190} INFO - [2024-09-26T02:20:25.093+0000] {dag.py:3229} INFO - Sync 1 DAGs
[2024-09-26T02:20:25.116+0000] {logging_mixin.py:190} INFO - [2024-09-26T02:20:25.116+0000] {dag.py:4156} INFO - Setting next_dagrun for dag_with_taskflow_api_v02 to 2024-09-22 00:00:00+00:00, run_after=2024-09-23 00:00:00+00:00
[2024-09-26T02:20:25.143+0000] {processor.py:208} INFO - Processing /opt/airflow/dags/create_dag_with_taskflow.py took 0.185 seconds
[2024-09-26T02:20:55.449+0000] {processor.py:186} INFO - Started process (PID=142050) to work on /opt/airflow/dags/create_dag_with_taskflow.py
[2024-09-26T02:20:55.450+0000] {processor.py:914} INFO - Processing file /opt/airflow/dags/create_dag_with_taskflow.py for tasks to queue
[2024-09-26T02:20:55.453+0000] {logging_mixin.py:190} INFO - [2024-09-26T02:20:55.452+0000] {dagbag.py:587} INFO - Filling up the DagBag from /opt/airflow/dags/create_dag_with_taskflow.py
[2024-09-26T02:20:55.531+0000] {processor.py:925} INFO - DAG(s) 'dag_with_taskflow_api_v02' retrieved from /opt/airflow/dags/create_dag_with_taskflow.py
[2024-09-26T02:20:55.563+0000] {logging_mixin.py:190} INFO - [2024-09-26T02:20:55.563+0000] {dag.py:3229} INFO - Sync 1 DAGs
[2024-09-26T02:20:55.593+0000] {logging_mixin.py:190} INFO - [2024-09-26T02:20:55.593+0000] {dag.py:4156} INFO - Setting next_dagrun for dag_with_taskflow_api_v02 to 2024-09-22 00:00:00+00:00, run_after=2024-09-23 00:00:00+00:00
[2024-09-26T02:20:55.619+0000] {processor.py:208} INFO - Processing /opt/airflow/dags/create_dag_with_taskflow.py took 0.178 seconds
[2024-09-26T02:21:25.840+0000] {processor.py:186} INFO - Started process (PID=142093) to work on /opt/airflow/dags/create_dag_with_taskflow.py
[2024-09-26T02:21:25.843+0000] {processor.py:914} INFO - Processing file /opt/airflow/dags/create_dag_with_taskflow.py for tasks to queue
[2024-09-26T02:21:25.845+0000] {logging_mixin.py:190} INFO - [2024-09-26T02:21:25.844+0000] {dagbag.py:587} INFO - Filling up the DagBag from /opt/airflow/dags/create_dag_with_taskflow.py
[2024-09-26T02:21:25.918+0000] {processor.py:925} INFO - DAG(s) 'dag_with_taskflow_api_v02' retrieved from /opt/airflow/dags/create_dag_with_taskflow.py
[2024-09-26T02:21:25.948+0000] {logging_mixin.py:190} INFO - [2024-09-26T02:21:25.947+0000] {dag.py:3229} INFO - Sync 1 DAGs
[2024-09-26T02:21:25.971+0000] {logging_mixin.py:190} INFO - [2024-09-26T02:21:25.971+0000] {dag.py:4156} INFO - Setting next_dagrun for dag_with_taskflow_api_v02 to 2024-09-22 00:00:00+00:00, run_after=2024-09-23 00:00:00+00:00
[2024-09-26T02:21:25.996+0000] {processor.py:208} INFO - Processing /opt/airflow/dags/create_dag_with_taskflow.py took 0.165 seconds
[2024-09-26T02:21:56.455+0000] {processor.py:186} INFO - Started process (PID=142136) to work on /opt/airflow/dags/create_dag_with_taskflow.py
[2024-09-26T02:21:56.457+0000] {processor.py:914} INFO - Processing file /opt/airflow/dags/create_dag_with_taskflow.py for tasks to queue
[2024-09-26T02:21:56.460+0000] {logging_mixin.py:190} INFO - [2024-09-26T02:21:56.459+0000] {dagbag.py:587} INFO - Filling up the DagBag from /opt/airflow/dags/create_dag_with_taskflow.py
[2024-09-26T02:21:56.519+0000] {processor.py:925} INFO - DAG(s) 'dag_with_taskflow_api_v02' retrieved from /opt/airflow/dags/create_dag_with_taskflow.py
[2024-09-26T02:21:56.549+0000] {logging_mixin.py:190} INFO - [2024-09-26T02:21:56.549+0000] {dag.py:3229} INFO - Sync 1 DAGs
[2024-09-26T02:21:56.579+0000] {logging_mixin.py:190} INFO - [2024-09-26T02:21:56.579+0000] {dag.py:4156} INFO - Setting next_dagrun for dag_with_taskflow_api_v02 to 2024-09-22 00:00:00+00:00, run_after=2024-09-23 00:00:00+00:00
[2024-09-26T02:21:56.603+0000] {processor.py:208} INFO - Processing /opt/airflow/dags/create_dag_with_taskflow.py took 0.154 seconds
[2024-09-26T02:22:27.156+0000] {processor.py:186} INFO - Started process (PID=142179) to work on /opt/airflow/dags/create_dag_with_taskflow.py
[2024-09-26T02:22:27.158+0000] {processor.py:914} INFO - Processing file /opt/airflow/dags/create_dag_with_taskflow.py for tasks to queue
[2024-09-26T02:22:27.160+0000] {logging_mixin.py:190} INFO - [2024-09-26T02:22:27.160+0000] {dagbag.py:587} INFO - Filling up the DagBag from /opt/airflow/dags/create_dag_with_taskflow.py
[2024-09-26T02:22:27.262+0000] {processor.py:925} INFO - DAG(s) 'dag_with_taskflow_api_v02' retrieved from /opt/airflow/dags/create_dag_with_taskflow.py
[2024-09-26T02:22:27.288+0000] {logging_mixin.py:190} INFO - [2024-09-26T02:22:27.288+0000] {dag.py:3229} INFO - Sync 1 DAGs
[2024-09-26T02:22:27.311+0000] {logging_mixin.py:190} INFO - [2024-09-26T02:22:27.311+0000] {dag.py:4156} INFO - Setting next_dagrun for dag_with_taskflow_api_v02 to 2024-09-22 00:00:00+00:00, run_after=2024-09-23 00:00:00+00:00
[2024-09-26T02:22:27.336+0000] {processor.py:208} INFO - Processing /opt/airflow/dags/create_dag_with_taskflow.py took 0.190 seconds
[2024-09-26T02:22:57.816+0000] {processor.py:186} INFO - Started process (PID=142222) to work on /opt/airflow/dags/create_dag_with_taskflow.py
[2024-09-26T02:22:57.817+0000] {processor.py:914} INFO - Processing file /opt/airflow/dags/create_dag_with_taskflow.py for tasks to queue
[2024-09-26T02:22:57.820+0000] {logging_mixin.py:190} INFO - [2024-09-26T02:22:57.819+0000] {dagbag.py:587} INFO - Filling up the DagBag from /opt/airflow/dags/create_dag_with_taskflow.py
[2024-09-26T02:22:57.920+0000] {processor.py:925} INFO - DAG(s) 'dag_with_taskflow_api_v02' retrieved from /opt/airflow/dags/create_dag_with_taskflow.py
[2024-09-26T02:22:57.947+0000] {logging_mixin.py:190} INFO - [2024-09-26T02:22:57.947+0000] {dag.py:3229} INFO - Sync 1 DAGs
[2024-09-26T02:22:57.968+0000] {logging_mixin.py:190} INFO - [2024-09-26T02:22:57.968+0000] {dag.py:4156} INFO - Setting next_dagrun for dag_with_taskflow_api_v02 to 2024-09-22 00:00:00+00:00, run_after=2024-09-23 00:00:00+00:00
[2024-09-26T02:22:57.990+0000] {processor.py:208} INFO - Processing /opt/airflow/dags/create_dag_with_taskflow.py took 0.180 seconds
[2024-09-26T02:23:28.452+0000] {processor.py:186} INFO - Started process (PID=142267) to work on /opt/airflow/dags/create_dag_with_taskflow.py
[2024-09-26T02:23:28.454+0000] {processor.py:914} INFO - Processing file /opt/airflow/dags/create_dag_with_taskflow.py for tasks to queue
[2024-09-26T02:23:28.457+0000] {logging_mixin.py:190} INFO - [2024-09-26T02:23:28.456+0000] {dagbag.py:587} INFO - Filling up the DagBag from /opt/airflow/dags/create_dag_with_taskflow.py
[2024-09-26T02:23:28.537+0000] {processor.py:925} INFO - DAG(s) 'dag_with_taskflow_api_v02' retrieved from /opt/airflow/dags/create_dag_with_taskflow.py
[2024-09-26T02:23:28.565+0000] {logging_mixin.py:190} INFO - [2024-09-26T02:23:28.565+0000] {dag.py:3229} INFO - Sync 1 DAGs
[2024-09-26T02:23:28.589+0000] {logging_mixin.py:190} INFO - [2024-09-26T02:23:28.589+0000] {dag.py:4156} INFO - Setting next_dagrun for dag_with_taskflow_api_v02 to 2024-09-22 00:00:00+00:00, run_after=2024-09-23 00:00:00+00:00
[2024-09-26T02:23:28.619+0000] {processor.py:208} INFO - Processing /opt/airflow/dags/create_dag_with_taskflow.py took 0.172 seconds
[2024-09-26T02:23:59.004+0000] {processor.py:186} INFO - Started process (PID=142310) to work on /opt/airflow/dags/create_dag_with_taskflow.py
[2024-09-26T02:23:59.005+0000] {processor.py:914} INFO - Processing file /opt/airflow/dags/create_dag_with_taskflow.py for tasks to queue
[2024-09-26T02:23:59.007+0000] {logging_mixin.py:190} INFO - [2024-09-26T02:23:59.007+0000] {dagbag.py:587} INFO - Filling up the DagBag from /opt/airflow/dags/create_dag_with_taskflow.py
[2024-09-26T02:23:59.106+0000] {processor.py:925} INFO - DAG(s) 'dag_with_taskflow_api_v02' retrieved from /opt/airflow/dags/create_dag_with_taskflow.py
[2024-09-26T02:23:59.128+0000] {logging_mixin.py:190} INFO - [2024-09-26T02:23:59.128+0000] {dag.py:3229} INFO - Sync 1 DAGs
[2024-09-26T02:23:59.149+0000] {logging_mixin.py:190} INFO - [2024-09-26T02:23:59.149+0000] {dag.py:4156} INFO - Setting next_dagrun for dag_with_taskflow_api_v02 to 2024-09-22 00:00:00+00:00, run_after=2024-09-23 00:00:00+00:00
[2024-09-26T02:23:59.176+0000] {processor.py:208} INFO - Processing /opt/airflow/dags/create_dag_with_taskflow.py took 0.182 seconds
[2024-09-26T02:24:29.622+0000] {processor.py:186} INFO - Started process (PID=142353) to work on /opt/airflow/dags/create_dag_with_taskflow.py
[2024-09-26T02:24:29.624+0000] {processor.py:914} INFO - Processing file /opt/airflow/dags/create_dag_with_taskflow.py for tasks to queue
[2024-09-26T02:24:29.626+0000] {logging_mixin.py:190} INFO - [2024-09-26T02:24:29.626+0000] {dagbag.py:587} INFO - Filling up the DagBag from /opt/airflow/dags/create_dag_with_taskflow.py
[2024-09-26T02:24:29.720+0000] {processor.py:925} INFO - DAG(s) 'dag_with_taskflow_api_v02' retrieved from /opt/airflow/dags/create_dag_with_taskflow.py
[2024-09-26T02:24:29.753+0000] {logging_mixin.py:190} INFO - [2024-09-26T02:24:29.752+0000] {dag.py:3229} INFO - Sync 1 DAGs
[2024-09-26T02:24:29.777+0000] {logging_mixin.py:190} INFO - [2024-09-26T02:24:29.777+0000] {dag.py:4156} INFO - Setting next_dagrun for dag_with_taskflow_api_v02 to 2024-09-22 00:00:00+00:00, run_after=2024-09-23 00:00:00+00:00
[2024-09-26T02:24:29.803+0000] {processor.py:208} INFO - Processing /opt/airflow/dags/create_dag_with_taskflow.py took 0.189 seconds
[2024-09-26T02:25:00.297+0000] {processor.py:186} INFO - Started process (PID=142394) to work on /opt/airflow/dags/create_dag_with_taskflow.py
[2024-09-26T02:25:00.301+0000] {processor.py:914} INFO - Processing file /opt/airflow/dags/create_dag_with_taskflow.py for tasks to queue
[2024-09-26T02:25:00.306+0000] {logging_mixin.py:190} INFO - [2024-09-26T02:25:00.305+0000] {dagbag.py:587} INFO - Filling up the DagBag from /opt/airflow/dags/create_dag_with_taskflow.py
[2024-09-26T02:25:00.395+0000] {processor.py:925} INFO - DAG(s) 'dag_with_taskflow_api_v02' retrieved from /opt/airflow/dags/create_dag_with_taskflow.py
[2024-09-26T02:25:00.421+0000] {logging_mixin.py:190} INFO - [2024-09-26T02:25:00.421+0000] {dag.py:3229} INFO - Sync 1 DAGs
[2024-09-26T02:25:00.443+0000] {logging_mixin.py:190} INFO - [2024-09-26T02:25:00.443+0000] {dag.py:4156} INFO - Setting next_dagrun for dag_with_taskflow_api_v02 to 2024-09-22 00:00:00+00:00, run_after=2024-09-23 00:00:00+00:00
[2024-09-26T02:25:00.471+0000] {processor.py:208} INFO - Processing /opt/airflow/dags/create_dag_with_taskflow.py took 0.186 seconds
[2024-09-26T02:25:31.592+0000] {processor.py:186} INFO - Started process (PID=142437) to work on /opt/airflow/dags/create_dag_with_taskflow.py
[2024-09-26T02:25:31.593+0000] {processor.py:914} INFO - Processing file /opt/airflow/dags/create_dag_with_taskflow.py for tasks to queue
[2024-09-26T02:25:31.596+0000] {logging_mixin.py:190} INFO - [2024-09-26T02:25:31.595+0000] {dagbag.py:587} INFO - Filling up the DagBag from /opt/airflow/dags/create_dag_with_taskflow.py
[2024-09-26T02:25:31.708+0000] {processor.py:925} INFO - DAG(s) 'dag_with_taskflow_api_v02' retrieved from /opt/airflow/dags/create_dag_with_taskflow.py
[2024-09-26T02:25:31.732+0000] {logging_mixin.py:190} INFO - [2024-09-26T02:25:31.732+0000] {dag.py:3229} INFO - Sync 1 DAGs
[2024-09-26T02:25:31.752+0000] {logging_mixin.py:190} INFO - [2024-09-26T02:25:31.752+0000] {dag.py:4156} INFO - Setting next_dagrun for dag_with_taskflow_api_v02 to 2024-09-22 00:00:00+00:00, run_after=2024-09-23 00:00:00+00:00
[2024-09-26T02:25:31.775+0000] {processor.py:208} INFO - Processing /opt/airflow/dags/create_dag_with_taskflow.py took 0.192 seconds
[2024-09-26T02:26:02.188+0000] {processor.py:186} INFO - Started process (PID=142480) to work on /opt/airflow/dags/create_dag_with_taskflow.py
[2024-09-26T02:26:02.190+0000] {processor.py:914} INFO - Processing file /opt/airflow/dags/create_dag_with_taskflow.py for tasks to queue
[2024-09-26T02:26:02.193+0000] {logging_mixin.py:190} INFO - [2024-09-26T02:26:02.192+0000] {dagbag.py:587} INFO - Filling up the DagBag from /opt/airflow/dags/create_dag_with_taskflow.py
[2024-09-26T02:26:02.299+0000] {processor.py:925} INFO - DAG(s) 'dag_with_taskflow_api_v02' retrieved from /opt/airflow/dags/create_dag_with_taskflow.py
[2024-09-26T02:26:02.329+0000] {logging_mixin.py:190} INFO - [2024-09-26T02:26:02.329+0000] {dag.py:3229} INFO - Sync 1 DAGs
[2024-09-26T02:26:02.354+0000] {logging_mixin.py:190} INFO - [2024-09-26T02:26:02.353+0000] {dag.py:4156} INFO - Setting next_dagrun for dag_with_taskflow_api_v02 to 2024-09-22 00:00:00+00:00, run_after=2024-09-23 00:00:00+00:00
[2024-09-26T02:26:02.373+0000] {processor.py:208} INFO - Processing /opt/airflow/dags/create_dag_with_taskflow.py took 0.201 seconds
[2024-09-26T02:26:32.931+0000] {processor.py:186} INFO - Started process (PID=142523) to work on /opt/airflow/dags/create_dag_with_taskflow.py
[2024-09-26T02:26:32.933+0000] {processor.py:914} INFO - Processing file /opt/airflow/dags/create_dag_with_taskflow.py for tasks to queue
[2024-09-26T02:26:32.935+0000] {logging_mixin.py:190} INFO - [2024-09-26T02:26:32.935+0000] {dagbag.py:587} INFO - Filling up the DagBag from /opt/airflow/dags/create_dag_with_taskflow.py
[2024-09-26T02:26:33.038+0000] {processor.py:925} INFO - DAG(s) 'dag_with_taskflow_api_v02' retrieved from /opt/airflow/dags/create_dag_with_taskflow.py
[2024-09-26T02:26:33.065+0000] {logging_mixin.py:190} INFO - [2024-09-26T02:26:33.064+0000] {dag.py:3229} INFO - Sync 1 DAGs
[2024-09-26T02:26:33.089+0000] {logging_mixin.py:190} INFO - [2024-09-26T02:26:33.089+0000] {dag.py:4156} INFO - Setting next_dagrun for dag_with_taskflow_api_v02 to 2024-09-22 00:00:00+00:00, run_after=2024-09-23 00:00:00+00:00
[2024-09-26T02:26:33.115+0000] {processor.py:208} INFO - Processing /opt/airflow/dags/create_dag_with_taskflow.py took 0.189 seconds
[2024-09-26T02:27:03.504+0000] {processor.py:186} INFO - Started process (PID=142566) to work on /opt/airflow/dags/create_dag_with_taskflow.py
[2024-09-26T02:27:03.506+0000] {processor.py:914} INFO - Processing file /opt/airflow/dags/create_dag_with_taskflow.py for tasks to queue
[2024-09-26T02:27:03.509+0000] {logging_mixin.py:190} INFO - [2024-09-26T02:27:03.508+0000] {dagbag.py:587} INFO - Filling up the DagBag from /opt/airflow/dags/create_dag_with_taskflow.py
[2024-09-26T02:27:03.616+0000] {processor.py:925} INFO - DAG(s) 'dag_with_taskflow_api_v02' retrieved from /opt/airflow/dags/create_dag_with_taskflow.py
[2024-09-26T02:27:03.642+0000] {logging_mixin.py:190} INFO - [2024-09-26T02:27:03.642+0000] {dag.py:3229} INFO - Sync 1 DAGs
[2024-09-26T02:27:03.666+0000] {logging_mixin.py:190} INFO - [2024-09-26T02:27:03.666+0000] {dag.py:4156} INFO - Setting next_dagrun for dag_with_taskflow_api_v02 to 2024-09-22 00:00:00+00:00, run_after=2024-09-23 00:00:00+00:00
[2024-09-26T02:27:03.691+0000] {processor.py:208} INFO - Processing /opt/airflow/dags/create_dag_with_taskflow.py took 0.194 seconds
[2024-09-26T02:27:34.136+0000] {processor.py:186} INFO - Started process (PID=142609) to work on /opt/airflow/dags/create_dag_with_taskflow.py
[2024-09-26T02:27:34.138+0000] {processor.py:914} INFO - Processing file /opt/airflow/dags/create_dag_with_taskflow.py for tasks to queue
[2024-09-26T02:27:34.141+0000] {logging_mixin.py:190} INFO - [2024-09-26T02:27:34.141+0000] {dagbag.py:587} INFO - Filling up the DagBag from /opt/airflow/dags/create_dag_with_taskflow.py
[2024-09-26T02:27:34.253+0000] {processor.py:925} INFO - DAG(s) 'dag_with_taskflow_api_v02' retrieved from /opt/airflow/dags/create_dag_with_taskflow.py
[2024-09-26T02:27:34.279+0000] {logging_mixin.py:190} INFO - [2024-09-26T02:27:34.279+0000] {dag.py:3229} INFO - Sync 1 DAGs
[2024-09-26T02:27:34.300+0000] {logging_mixin.py:190} INFO - [2024-09-26T02:27:34.300+0000] {dag.py:4156} INFO - Setting next_dagrun for dag_with_taskflow_api_v02 to 2024-09-22 00:00:00+00:00, run_after=2024-09-23 00:00:00+00:00
[2024-09-26T02:27:34.323+0000] {processor.py:208} INFO - Processing /opt/airflow/dags/create_dag_with_taskflow.py took 0.195 seconds
[2024-09-26T02:28:04.752+0000] {processor.py:186} INFO - Started process (PID=142652) to work on /opt/airflow/dags/create_dag_with_taskflow.py
[2024-09-26T02:28:04.755+0000] {processor.py:914} INFO - Processing file /opt/airflow/dags/create_dag_with_taskflow.py for tasks to queue
[2024-09-26T02:28:04.757+0000] {logging_mixin.py:190} INFO - [2024-09-26T02:28:04.757+0000] {dagbag.py:587} INFO - Filling up the DagBag from /opt/airflow/dags/create_dag_with_taskflow.py
[2024-09-26T02:28:04.847+0000] {processor.py:925} INFO - DAG(s) 'dag_with_taskflow_api_v02' retrieved from /opt/airflow/dags/create_dag_with_taskflow.py
[2024-09-26T02:28:04.879+0000] {logging_mixin.py:190} INFO - [2024-09-26T02:28:04.879+0000] {dag.py:3229} INFO - Sync 1 DAGs
[2024-09-26T02:28:04.914+0000] {logging_mixin.py:190} INFO - [2024-09-26T02:28:04.913+0000] {dag.py:4156} INFO - Setting next_dagrun for dag_with_taskflow_api_v02 to 2024-09-22 00:00:00+00:00, run_after=2024-09-23 00:00:00+00:00
[2024-09-26T02:28:04.942+0000] {processor.py:208} INFO - Processing /opt/airflow/dags/create_dag_with_taskflow.py took 0.198 seconds
[2024-09-26T02:28:35.213+0000] {processor.py:186} INFO - Started process (PID=142695) to work on /opt/airflow/dags/create_dag_with_taskflow.py
[2024-09-26T02:28:35.214+0000] {processor.py:914} INFO - Processing file /opt/airflow/dags/create_dag_with_taskflow.py for tasks to queue
[2024-09-26T02:28:35.216+0000] {logging_mixin.py:190} INFO - [2024-09-26T02:28:35.216+0000] {dagbag.py:587} INFO - Filling up the DagBag from /opt/airflow/dags/create_dag_with_taskflow.py
[2024-09-26T02:28:35.293+0000] {processor.py:925} INFO - DAG(s) 'dag_with_taskflow_api_v02' retrieved from /opt/airflow/dags/create_dag_with_taskflow.py
[2024-09-26T02:28:35.322+0000] {logging_mixin.py:190} INFO - [2024-09-26T02:28:35.322+0000] {dag.py:3229} INFO - Sync 1 DAGs
[2024-09-26T02:28:35.350+0000] {logging_mixin.py:190} INFO - [2024-09-26T02:28:35.349+0000] {dag.py:4156} INFO - Setting next_dagrun for dag_with_taskflow_api_v02 to 2024-09-22 00:00:00+00:00, run_after=2024-09-23 00:00:00+00:00
[2024-09-26T02:28:35.375+0000] {processor.py:208} INFO - Processing /opt/airflow/dags/create_dag_with_taskflow.py took 0.168 seconds
[2024-09-26T02:29:06.072+0000] {processor.py:186} INFO - Started process (PID=142738) to work on /opt/airflow/dags/create_dag_with_taskflow.py
[2024-09-26T02:29:06.075+0000] {processor.py:914} INFO - Processing file /opt/airflow/dags/create_dag_with_taskflow.py for tasks to queue
[2024-09-26T02:29:06.079+0000] {logging_mixin.py:190} INFO - [2024-09-26T02:29:06.079+0000] {dagbag.py:587} INFO - Filling up the DagBag from /opt/airflow/dags/create_dag_with_taskflow.py
[2024-09-26T02:29:06.194+0000] {processor.py:925} INFO - DAG(s) 'dag_with_taskflow_api_v02' retrieved from /opt/airflow/dags/create_dag_with_taskflow.py
[2024-09-26T02:29:06.238+0000] {logging_mixin.py:190} INFO - [2024-09-26T02:29:06.238+0000] {dag.py:3229} INFO - Sync 1 DAGs
[2024-09-26T02:29:06.295+0000] {logging_mixin.py:190} INFO - [2024-09-26T02:29:06.295+0000] {dag.py:4156} INFO - Setting next_dagrun for dag_with_taskflow_api_v02 to 2024-09-22 00:00:00+00:00, run_after=2024-09-23 00:00:00+00:00
[2024-09-26T02:29:06.336+0000] {processor.py:208} INFO - Processing /opt/airflow/dags/create_dag_with_taskflow.py took 0.282 seconds
[2024-09-26T02:29:36.618+0000] {processor.py:186} INFO - Started process (PID=142781) to work on /opt/airflow/dags/create_dag_with_taskflow.py
[2024-09-26T02:29:36.619+0000] {processor.py:914} INFO - Processing file /opt/airflow/dags/create_dag_with_taskflow.py for tasks to queue
[2024-09-26T02:29:36.622+0000] {logging_mixin.py:190} INFO - [2024-09-26T02:29:36.621+0000] {dagbag.py:587} INFO - Filling up the DagBag from /opt/airflow/dags/create_dag_with_taskflow.py
[2024-09-26T02:29:36.692+0000] {processor.py:925} INFO - DAG(s) 'dag_with_taskflow_api_v02' retrieved from /opt/airflow/dags/create_dag_with_taskflow.py
[2024-09-26T02:29:36.720+0000] {logging_mixin.py:190} INFO - [2024-09-26T02:29:36.720+0000] {dag.py:3229} INFO - Sync 1 DAGs
[2024-09-26T02:29:36.747+0000] {logging_mixin.py:190} INFO - [2024-09-26T02:29:36.746+0000] {dag.py:4156} INFO - Setting next_dagrun for dag_with_taskflow_api_v02 to 2024-09-22 00:00:00+00:00, run_after=2024-09-23 00:00:00+00:00
[2024-09-26T02:29:36.770+0000] {processor.py:208} INFO - Processing /opt/airflow/dags/create_dag_with_taskflow.py took 0.160 seconds
[2024-09-26T02:30:07.430+0000] {processor.py:186} INFO - Started process (PID=142826) to work on /opt/airflow/dags/create_dag_with_taskflow.py
[2024-09-26T02:30:07.432+0000] {processor.py:914} INFO - Processing file /opt/airflow/dags/create_dag_with_taskflow.py for tasks to queue
[2024-09-26T02:30:07.435+0000] {logging_mixin.py:190} INFO - [2024-09-26T02:30:07.434+0000] {dagbag.py:587} INFO - Filling up the DagBag from /opt/airflow/dags/create_dag_with_taskflow.py
[2024-09-26T02:30:07.575+0000] {processor.py:925} INFO - DAG(s) 'dag_with_taskflow_api_v02' retrieved from /opt/airflow/dags/create_dag_with_taskflow.py
[2024-09-26T02:30:07.633+0000] {logging_mixin.py:190} INFO - [2024-09-26T02:30:07.632+0000] {dag.py:3229} INFO - Sync 1 DAGs
[2024-09-26T02:30:07.663+0000] {logging_mixin.py:190} INFO - [2024-09-26T02:30:07.663+0000] {dag.py:4156} INFO - Setting next_dagrun for dag_with_taskflow_api_v02 to 2024-09-22 00:00:00+00:00, run_after=2024-09-23 00:00:00+00:00
[2024-09-26T02:30:07.689+0000] {processor.py:208} INFO - Processing /opt/airflow/dags/create_dag_with_taskflow.py took 0.266 seconds
[2024-09-26T02:30:38.575+0000] {processor.py:186} INFO - Started process (PID=142869) to work on /opt/airflow/dags/create_dag_with_taskflow.py
[2024-09-26T02:30:38.577+0000] {processor.py:914} INFO - Processing file /opt/airflow/dags/create_dag_with_taskflow.py for tasks to queue
[2024-09-26T02:30:38.579+0000] {logging_mixin.py:190} INFO - [2024-09-26T02:30:38.578+0000] {dagbag.py:587} INFO - Filling up the DagBag from /opt/airflow/dags/create_dag_with_taskflow.py
[2024-09-26T02:30:38.658+0000] {processor.py:925} INFO - DAG(s) 'dag_with_taskflow_api_v02' retrieved from /opt/airflow/dags/create_dag_with_taskflow.py
[2024-09-26T02:30:38.685+0000] {logging_mixin.py:190} INFO - [2024-09-26T02:30:38.685+0000] {dag.py:3229} INFO - Sync 1 DAGs
[2024-09-26T02:30:38.708+0000] {logging_mixin.py:190} INFO - [2024-09-26T02:30:38.708+0000] {dag.py:4156} INFO - Setting next_dagrun for dag_with_taskflow_api_v02 to 2024-09-22 00:00:00+00:00, run_after=2024-09-23 00:00:00+00:00
[2024-09-26T02:30:38.736+0000] {processor.py:208} INFO - Processing /opt/airflow/dags/create_dag_with_taskflow.py took 0.166 seconds
[2024-09-26T02:31:09.643+0000] {processor.py:186} INFO - Started process (PID=142912) to work on /opt/airflow/dags/create_dag_with_taskflow.py
[2024-09-26T02:31:09.645+0000] {processor.py:914} INFO - Processing file /opt/airflow/dags/create_dag_with_taskflow.py for tasks to queue
[2024-09-26T02:31:09.647+0000] {logging_mixin.py:190} INFO - [2024-09-26T02:31:09.646+0000] {dagbag.py:587} INFO - Filling up the DagBag from /opt/airflow/dags/create_dag_with_taskflow.py
[2024-09-26T02:31:09.776+0000] {processor.py:925} INFO - DAG(s) 'dag_with_taskflow_api_v02' retrieved from /opt/airflow/dags/create_dag_with_taskflow.py
[2024-09-26T02:31:09.857+0000] {logging_mixin.py:190} INFO - [2024-09-26T02:31:09.856+0000] {dag.py:3229} INFO - Sync 1 DAGs
[2024-09-26T02:31:09.925+0000] {logging_mixin.py:190} INFO - [2024-09-26T02:31:09.925+0000] {dag.py:4156} INFO - Setting next_dagrun for dag_with_taskflow_api_v02 to 2024-09-22 00:00:00+00:00, run_after=2024-09-23 00:00:00+00:00
[2024-09-26T02:31:09.995+0000] {processor.py:208} INFO - Processing /opt/airflow/dags/create_dag_with_taskflow.py took 0.360 seconds
[2024-09-26T02:31:40.773+0000] {processor.py:186} INFO - Started process (PID=142955) to work on /opt/airflow/dags/create_dag_with_taskflow.py
[2024-09-26T02:31:40.775+0000] {processor.py:914} INFO - Processing file /opt/airflow/dags/create_dag_with_taskflow.py for tasks to queue
[2024-09-26T02:31:40.778+0000] {logging_mixin.py:190} INFO - [2024-09-26T02:31:40.777+0000] {dagbag.py:587} INFO - Filling up the DagBag from /opt/airflow/dags/create_dag_with_taskflow.py
[2024-09-26T02:31:40.857+0000] {processor.py:925} INFO - DAG(s) 'dag_with_taskflow_api_v02' retrieved from /opt/airflow/dags/create_dag_with_taskflow.py
[2024-09-26T02:31:40.886+0000] {logging_mixin.py:190} INFO - [2024-09-26T02:31:40.886+0000] {dag.py:3229} INFO - Sync 1 DAGs
[2024-09-26T02:31:40.910+0000] {logging_mixin.py:190} INFO - [2024-09-26T02:31:40.910+0000] {dag.py:4156} INFO - Setting next_dagrun for dag_with_taskflow_api_v02 to 2024-09-22 00:00:00+00:00, run_after=2024-09-23 00:00:00+00:00
[2024-09-26T02:31:40.938+0000] {processor.py:208} INFO - Processing /opt/airflow/dags/create_dag_with_taskflow.py took 0.173 seconds
[2024-09-26T02:32:11.218+0000] {processor.py:186} INFO - Started process (PID=142998) to work on /opt/airflow/dags/create_dag_with_taskflow.py
[2024-09-26T02:32:11.219+0000] {processor.py:914} INFO - Processing file /opt/airflow/dags/create_dag_with_taskflow.py for tasks to queue
[2024-09-26T02:32:11.221+0000] {logging_mixin.py:190} INFO - [2024-09-26T02:32:11.221+0000] {dagbag.py:587} INFO - Filling up the DagBag from /opt/airflow/dags/create_dag_with_taskflow.py
[2024-09-26T02:32:11.321+0000] {processor.py:925} INFO - DAG(s) 'dag_with_taskflow_api_v02' retrieved from /opt/airflow/dags/create_dag_with_taskflow.py
[2024-09-26T02:32:11.356+0000] {logging_mixin.py:190} INFO - [2024-09-26T02:32:11.355+0000] {dag.py:3229} INFO - Sync 1 DAGs
[2024-09-26T02:32:11.387+0000] {logging_mixin.py:190} INFO - [2024-09-26T02:32:11.386+0000] {dag.py:4156} INFO - Setting next_dagrun for dag_with_taskflow_api_v02 to 2024-09-22 00:00:00+00:00, run_after=2024-09-23 00:00:00+00:00
[2024-09-26T02:32:11.413+0000] {processor.py:208} INFO - Processing /opt/airflow/dags/create_dag_with_taskflow.py took 0.201 seconds
[2024-09-26T02:32:41.809+0000] {processor.py:186} INFO - Started process (PID=143041) to work on /opt/airflow/dags/create_dag_with_taskflow.py
[2024-09-26T02:32:41.813+0000] {processor.py:914} INFO - Processing file /opt/airflow/dags/create_dag_with_taskflow.py for tasks to queue
[2024-09-26T02:32:41.817+0000] {logging_mixin.py:190} INFO - [2024-09-26T02:32:41.816+0000] {dagbag.py:587} INFO - Filling up the DagBag from /opt/airflow/dags/create_dag_with_taskflow.py
[2024-09-26T02:32:41.929+0000] {processor.py:925} INFO - DAG(s) 'dag_with_taskflow_api_v02' retrieved from /opt/airflow/dags/create_dag_with_taskflow.py
[2024-09-26T02:32:41.969+0000] {logging_mixin.py:190} INFO - [2024-09-26T02:32:41.968+0000] {dag.py:3229} INFO - Sync 1 DAGs
[2024-09-26T02:32:41.993+0000] {logging_mixin.py:190} INFO - [2024-09-26T02:32:41.992+0000] {dag.py:4156} INFO - Setting next_dagrun for dag_with_taskflow_api_v02 to 2024-09-22 00:00:00+00:00, run_after=2024-09-23 00:00:00+00:00
[2024-09-26T02:32:42.020+0000] {processor.py:208} INFO - Processing /opt/airflow/dags/create_dag_with_taskflow.py took 0.225 seconds
[2024-09-26T02:33:12.336+0000] {processor.py:186} INFO - Started process (PID=143084) to work on /opt/airflow/dags/create_dag_with_taskflow.py
[2024-09-26T02:33:12.338+0000] {processor.py:914} INFO - Processing file /opt/airflow/dags/create_dag_with_taskflow.py for tasks to queue
[2024-09-26T02:33:12.341+0000] {logging_mixin.py:190} INFO - [2024-09-26T02:33:12.340+0000] {dagbag.py:587} INFO - Filling up the DagBag from /opt/airflow/dags/create_dag_with_taskflow.py
[2024-09-26T02:33:12.434+0000] {processor.py:925} INFO - DAG(s) 'dag_with_taskflow_api_v02' retrieved from /opt/airflow/dags/create_dag_with_taskflow.py
[2024-09-26T02:33:12.463+0000] {logging_mixin.py:190} INFO - [2024-09-26T02:33:12.463+0000] {dag.py:3229} INFO - Sync 1 DAGs
[2024-09-26T02:33:12.494+0000] {logging_mixin.py:190} INFO - [2024-09-26T02:33:12.494+0000] {dag.py:4156} INFO - Setting next_dagrun for dag_with_taskflow_api_v02 to 2024-09-22 00:00:00+00:00, run_after=2024-09-23 00:00:00+00:00
[2024-09-26T02:33:12.519+0000] {processor.py:208} INFO - Processing /opt/airflow/dags/create_dag_with_taskflow.py took 0.191 seconds
[2024-09-26T02:33:43.003+0000] {processor.py:186} INFO - Started process (PID=143127) to work on /opt/airflow/dags/create_dag_with_taskflow.py
[2024-09-26T02:33:43.007+0000] {processor.py:914} INFO - Processing file /opt/airflow/dags/create_dag_with_taskflow.py for tasks to queue
[2024-09-26T02:33:43.012+0000] {logging_mixin.py:190} INFO - [2024-09-26T02:33:43.011+0000] {dagbag.py:587} INFO - Filling up the DagBag from /opt/airflow/dags/create_dag_with_taskflow.py
[2024-09-26T02:33:43.145+0000] {processor.py:925} INFO - DAG(s) 'dag_with_taskflow_api_v02' retrieved from /opt/airflow/dags/create_dag_with_taskflow.py
[2024-09-26T02:33:43.180+0000] {logging_mixin.py:190} INFO - [2024-09-26T02:33:43.180+0000] {dag.py:3229} INFO - Sync 1 DAGs
[2024-09-26T02:33:43.216+0000] {logging_mixin.py:190} INFO - [2024-09-26T02:33:43.215+0000] {dag.py:4156} INFO - Setting next_dagrun for dag_with_taskflow_api_v02 to 2024-09-22 00:00:00+00:00, run_after=2024-09-23 00:00:00+00:00
[2024-09-26T02:33:43.252+0000] {processor.py:208} INFO - Processing /opt/airflow/dags/create_dag_with_taskflow.py took 0.256 seconds
[2024-09-26T02:34:13.454+0000] {processor.py:186} INFO - Started process (PID=143170) to work on /opt/airflow/dags/create_dag_with_taskflow.py
[2024-09-26T02:34:13.456+0000] {processor.py:914} INFO - Processing file /opt/airflow/dags/create_dag_with_taskflow.py for tasks to queue
[2024-09-26T02:34:13.459+0000] {logging_mixin.py:190} INFO - [2024-09-26T02:34:13.458+0000] {dagbag.py:587} INFO - Filling up the DagBag from /opt/airflow/dags/create_dag_with_taskflow.py
[2024-09-26T02:34:13.561+0000] {processor.py:925} INFO - DAG(s) 'dag_with_taskflow_api_v02' retrieved from /opt/airflow/dags/create_dag_with_taskflow.py
[2024-09-26T02:34:13.598+0000] {logging_mixin.py:190} INFO - [2024-09-26T02:34:13.597+0000] {dag.py:3229} INFO - Sync 1 DAGs
[2024-09-26T02:34:13.619+0000] {logging_mixin.py:190} INFO - [2024-09-26T02:34:13.619+0000] {dag.py:4156} INFO - Setting next_dagrun for dag_with_taskflow_api_v02 to 2024-09-22 00:00:00+00:00, run_after=2024-09-23 00:00:00+00:00
[2024-09-26T02:34:13.645+0000] {processor.py:208} INFO - Processing /opt/airflow/dags/create_dag_with_taskflow.py took 0.199 seconds
[2024-09-26T02:34:44.148+0000] {processor.py:186} INFO - Started process (PID=143213) to work on /opt/airflow/dags/create_dag_with_taskflow.py
[2024-09-26T02:34:44.150+0000] {processor.py:914} INFO - Processing file /opt/airflow/dags/create_dag_with_taskflow.py for tasks to queue
[2024-09-26T02:34:44.153+0000] {logging_mixin.py:190} INFO - [2024-09-26T02:34:44.152+0000] {dagbag.py:587} INFO - Filling up the DagBag from /opt/airflow/dags/create_dag_with_taskflow.py
[2024-09-26T02:34:44.223+0000] {processor.py:925} INFO - DAG(s) 'dag_with_taskflow_api_v02' retrieved from /opt/airflow/dags/create_dag_with_taskflow.py
[2024-09-26T02:34:44.252+0000] {logging_mixin.py:190} INFO - [2024-09-26T02:34:44.252+0000] {dag.py:3229} INFO - Sync 1 DAGs
[2024-09-26T02:34:44.276+0000] {logging_mixin.py:190} INFO - [2024-09-26T02:34:44.276+0000] {dag.py:4156} INFO - Setting next_dagrun for dag_with_taskflow_api_v02 to 2024-09-22 00:00:00+00:00, run_after=2024-09-23 00:00:00+00:00
[2024-09-26T02:34:44.303+0000] {processor.py:208} INFO - Processing /opt/airflow/dags/create_dag_with_taskflow.py took 0.162 seconds
[2024-09-26T02:35:14.876+0000] {processor.py:186} INFO - Started process (PID=143254) to work on /opt/airflow/dags/create_dag_with_taskflow.py
[2024-09-26T02:35:14.878+0000] {processor.py:914} INFO - Processing file /opt/airflow/dags/create_dag_with_taskflow.py for tasks to queue
[2024-09-26T02:35:14.881+0000] {logging_mixin.py:190} INFO - [2024-09-26T02:35:14.880+0000] {dagbag.py:587} INFO - Filling up the DagBag from /opt/airflow/dags/create_dag_with_taskflow.py
[2024-09-26T02:35:14.970+0000] {processor.py:925} INFO - DAG(s) 'dag_with_taskflow_api_v02' retrieved from /opt/airflow/dags/create_dag_with_taskflow.py
[2024-09-26T02:35:14.999+0000] {logging_mixin.py:190} INFO - [2024-09-26T02:35:14.999+0000] {dag.py:3229} INFO - Sync 1 DAGs
[2024-09-26T02:35:15.030+0000] {logging_mixin.py:190} INFO - [2024-09-26T02:35:15.030+0000] {dag.py:4156} INFO - Setting next_dagrun for dag_with_taskflow_api_v02 to 2024-09-22 00:00:00+00:00, run_after=2024-09-23 00:00:00+00:00
[2024-09-26T02:35:15.060+0000] {processor.py:208} INFO - Processing /opt/airflow/dags/create_dag_with_taskflow.py took 0.191 seconds
[2024-09-26T02:35:45.859+0000] {processor.py:186} INFO - Started process (PID=143299) to work on /opt/airflow/dags/create_dag_with_taskflow.py
[2024-09-26T02:35:45.861+0000] {processor.py:914} INFO - Processing file /opt/airflow/dags/create_dag_with_taskflow.py for tasks to queue
[2024-09-26T02:35:45.865+0000] {logging_mixin.py:190} INFO - [2024-09-26T02:35:45.864+0000] {dagbag.py:587} INFO - Filling up the DagBag from /opt/airflow/dags/create_dag_with_taskflow.py
[2024-09-26T02:35:45.947+0000] {processor.py:925} INFO - DAG(s) 'dag_with_taskflow_api_v02' retrieved from /opt/airflow/dags/create_dag_with_taskflow.py
[2024-09-26T02:35:45.977+0000] {logging_mixin.py:190} INFO - [2024-09-26T02:35:45.976+0000] {dag.py:3229} INFO - Sync 1 DAGs
[2024-09-26T02:35:46.002+0000] {logging_mixin.py:190} INFO - [2024-09-26T02:35:46.002+0000] {dag.py:4156} INFO - Setting next_dagrun for dag_with_taskflow_api_v02 to 2024-09-22 00:00:00+00:00, run_after=2024-09-23 00:00:00+00:00
[2024-09-26T02:35:46.040+0000] {processor.py:208} INFO - Processing /opt/airflow/dags/create_dag_with_taskflow.py took 0.189 seconds
[2024-09-26T02:36:16.672+0000] {processor.py:186} INFO - Started process (PID=143342) to work on /opt/airflow/dags/create_dag_with_taskflow.py
[2024-09-26T02:36:16.674+0000] {processor.py:914} INFO - Processing file /opt/airflow/dags/create_dag_with_taskflow.py for tasks to queue
[2024-09-26T02:36:16.676+0000] {logging_mixin.py:190} INFO - [2024-09-26T02:36:16.675+0000] {dagbag.py:587} INFO - Filling up the DagBag from /opt/airflow/dags/create_dag_with_taskflow.py
[2024-09-26T02:36:16.793+0000] {processor.py:925} INFO - DAG(s) 'dag_with_taskflow_api_v02' retrieved from /opt/airflow/dags/create_dag_with_taskflow.py
[2024-09-26T02:36:16.824+0000] {logging_mixin.py:190} INFO - [2024-09-26T02:36:16.824+0000] {dag.py:3229} INFO - Sync 1 DAGs
[2024-09-26T02:36:16.848+0000] {logging_mixin.py:190} INFO - [2024-09-26T02:36:16.848+0000] {dag.py:4156} INFO - Setting next_dagrun for dag_with_taskflow_api_v02 to 2024-09-22 00:00:00+00:00, run_after=2024-09-23 00:00:00+00:00
[2024-09-26T02:36:16.883+0000] {processor.py:208} INFO - Processing /opt/airflow/dags/create_dag_with_taskflow.py took 0.219 seconds
[2024-09-26T02:36:47.513+0000] {processor.py:186} INFO - Started process (PID=143385) to work on /opt/airflow/dags/create_dag_with_taskflow.py
[2024-09-26T02:36:47.516+0000] {processor.py:914} INFO - Processing file /opt/airflow/dags/create_dag_with_taskflow.py for tasks to queue
[2024-09-26T02:36:47.522+0000] {logging_mixin.py:190} INFO - [2024-09-26T02:36:47.520+0000] {dagbag.py:587} INFO - Filling up the DagBag from /opt/airflow/dags/create_dag_with_taskflow.py
[2024-09-26T02:36:47.653+0000] {processor.py:925} INFO - DAG(s) 'dag_with_taskflow_api_v02' retrieved from /opt/airflow/dags/create_dag_with_taskflow.py
[2024-09-26T02:36:47.699+0000] {logging_mixin.py:190} INFO - [2024-09-26T02:36:47.699+0000] {dag.py:3229} INFO - Sync 1 DAGs
[2024-09-26T02:36:47.723+0000] {logging_mixin.py:190} INFO - [2024-09-26T02:36:47.723+0000] {dag.py:4156} INFO - Setting next_dagrun for dag_with_taskflow_api_v02 to 2024-09-22 00:00:00+00:00, run_after=2024-09-23 00:00:00+00:00
[2024-09-26T02:36:47.753+0000] {processor.py:208} INFO - Processing /opt/airflow/dags/create_dag_with_taskflow.py took 0.254 seconds
[2024-09-26T02:37:18.022+0000] {processor.py:186} INFO - Started process (PID=143428) to work on /opt/airflow/dags/create_dag_with_taskflow.py
[2024-09-26T02:37:18.023+0000] {processor.py:914} INFO - Processing file /opt/airflow/dags/create_dag_with_taskflow.py for tasks to queue
[2024-09-26T02:37:18.025+0000] {logging_mixin.py:190} INFO - [2024-09-26T02:37:18.025+0000] {dagbag.py:587} INFO - Filling up the DagBag from /opt/airflow/dags/create_dag_with_taskflow.py
[2024-09-26T02:37:18.111+0000] {processor.py:925} INFO - DAG(s) 'dag_with_taskflow_api_v02' retrieved from /opt/airflow/dags/create_dag_with_taskflow.py
[2024-09-26T02:37:18.136+0000] {logging_mixin.py:190} INFO - [2024-09-26T02:37:18.136+0000] {dag.py:3229} INFO - Sync 1 DAGs
[2024-09-26T02:37:18.159+0000] {logging_mixin.py:190} INFO - [2024-09-26T02:37:18.159+0000] {dag.py:4156} INFO - Setting next_dagrun for dag_with_taskflow_api_v02 to 2024-09-22 00:00:00+00:00, run_after=2024-09-23 00:00:00+00:00
[2024-09-26T02:37:18.183+0000] {processor.py:208} INFO - Processing /opt/airflow/dags/create_dag_with_taskflow.py took 0.167 seconds
[2024-09-26T02:37:48.550+0000] {processor.py:186} INFO - Started process (PID=143471) to work on /opt/airflow/dags/create_dag_with_taskflow.py
[2024-09-26T02:37:48.553+0000] {processor.py:914} INFO - Processing file /opt/airflow/dags/create_dag_with_taskflow.py for tasks to queue
[2024-09-26T02:37:48.556+0000] {logging_mixin.py:190} INFO - [2024-09-26T02:37:48.556+0000] {dagbag.py:587} INFO - Filling up the DagBag from /opt/airflow/dags/create_dag_with_taskflow.py
[2024-09-26T02:37:48.676+0000] {processor.py:925} INFO - DAG(s) 'dag_with_taskflow_api_v02' retrieved from /opt/airflow/dags/create_dag_with_taskflow.py
[2024-09-26T02:37:48.709+0000] {logging_mixin.py:190} INFO - [2024-09-26T02:37:48.708+0000] {dag.py:3229} INFO - Sync 1 DAGs
[2024-09-26T02:37:48.731+0000] {logging_mixin.py:190} INFO - [2024-09-26T02:37:48.731+0000] {dag.py:4156} INFO - Setting next_dagrun for dag_with_taskflow_api_v02 to 2024-09-22 00:00:00+00:00, run_after=2024-09-23 00:00:00+00:00
[2024-09-26T02:37:48.766+0000] {processor.py:208} INFO - Processing /opt/airflow/dags/create_dag_with_taskflow.py took 0.225 seconds
[2024-09-26T02:38:19.187+0000] {processor.py:186} INFO - Started process (PID=143514) to work on /opt/airflow/dags/create_dag_with_taskflow.py
[2024-09-26T02:38:19.189+0000] {processor.py:914} INFO - Processing file /opt/airflow/dags/create_dag_with_taskflow.py for tasks to queue
[2024-09-26T02:38:19.192+0000] {logging_mixin.py:190} INFO - [2024-09-26T02:38:19.192+0000] {dagbag.py:587} INFO - Filling up the DagBag from /opt/airflow/dags/create_dag_with_taskflow.py
[2024-09-26T02:38:19.290+0000] {processor.py:925} INFO - DAG(s) 'dag_with_taskflow_api_v02' retrieved from /opt/airflow/dags/create_dag_with_taskflow.py
[2024-09-26T02:38:19.313+0000] {logging_mixin.py:190} INFO - [2024-09-26T02:38:19.313+0000] {dag.py:3229} INFO - Sync 1 DAGs
[2024-09-26T02:38:19.335+0000] {logging_mixin.py:190} INFO - [2024-09-26T02:38:19.335+0000] {dag.py:4156} INFO - Setting next_dagrun for dag_with_taskflow_api_v02 to 2024-09-22 00:00:00+00:00, run_after=2024-09-23 00:00:00+00:00
[2024-09-26T02:38:19.364+0000] {processor.py:208} INFO - Processing /opt/airflow/dags/create_dag_with_taskflow.py took 0.191 seconds
[2024-09-26T02:38:49.826+0000] {processor.py:186} INFO - Started process (PID=143557) to work on /opt/airflow/dags/create_dag_with_taskflow.py
[2024-09-26T02:38:49.828+0000] {processor.py:914} INFO - Processing file /opt/airflow/dags/create_dag_with_taskflow.py for tasks to queue
[2024-09-26T02:38:49.831+0000] {logging_mixin.py:190} INFO - [2024-09-26T02:38:49.831+0000] {dagbag.py:587} INFO - Filling up the DagBag from /opt/airflow/dags/create_dag_with_taskflow.py
[2024-09-26T02:38:49.921+0000] {processor.py:925} INFO - DAG(s) 'dag_with_taskflow_api_v02' retrieved from /opt/airflow/dags/create_dag_with_taskflow.py
[2024-09-26T02:38:49.946+0000] {logging_mixin.py:190} INFO - [2024-09-26T02:38:49.946+0000] {dag.py:3229} INFO - Sync 1 DAGs
[2024-09-26T02:38:49.967+0000] {logging_mixin.py:190} INFO - [2024-09-26T02:38:49.967+0000] {dag.py:4156} INFO - Setting next_dagrun for dag_with_taskflow_api_v02 to 2024-09-22 00:00:00+00:00, run_after=2024-09-23 00:00:00+00:00
[2024-09-26T02:38:49.993+0000] {processor.py:208} INFO - Processing /opt/airflow/dags/create_dag_with_taskflow.py took 0.177 seconds
[2024-09-26T02:39:20.445+0000] {processor.py:186} INFO - Started process (PID=143600) to work on /opt/airflow/dags/create_dag_with_taskflow.py
[2024-09-26T02:39:20.447+0000] {processor.py:914} INFO - Processing file /opt/airflow/dags/create_dag_with_taskflow.py for tasks to queue
[2024-09-26T02:39:20.449+0000] {logging_mixin.py:190} INFO - [2024-09-26T02:39:20.449+0000] {dagbag.py:587} INFO - Filling up the DagBag from /opt/airflow/dags/create_dag_with_taskflow.py
[2024-09-26T02:39:20.559+0000] {processor.py:925} INFO - DAG(s) 'dag_with_taskflow_api_v02' retrieved from /opt/airflow/dags/create_dag_with_taskflow.py
[2024-09-26T02:39:20.582+0000] {logging_mixin.py:190} INFO - [2024-09-26T02:39:20.582+0000] {dag.py:3229} INFO - Sync 1 DAGs
[2024-09-26T02:39:20.603+0000] {logging_mixin.py:190} INFO - [2024-09-26T02:39:20.602+0000] {dag.py:4156} INFO - Setting next_dagrun for dag_with_taskflow_api_v02 to 2024-09-22 00:00:00+00:00, run_after=2024-09-23 00:00:00+00:00
[2024-09-26T02:39:20.629+0000] {processor.py:208} INFO - Processing /opt/airflow/dags/create_dag_with_taskflow.py took 0.195 seconds
[2024-09-26T02:39:51.238+0000] {processor.py:186} INFO - Started process (PID=143643) to work on /opt/airflow/dags/create_dag_with_taskflow.py
[2024-09-26T02:39:51.240+0000] {processor.py:914} INFO - Processing file /opt/airflow/dags/create_dag_with_taskflow.py for tasks to queue
[2024-09-26T02:39:51.242+0000] {logging_mixin.py:190} INFO - [2024-09-26T02:39:51.242+0000] {dagbag.py:587} INFO - Filling up the DagBag from /opt/airflow/dags/create_dag_with_taskflow.py
[2024-09-26T02:39:51.328+0000] {processor.py:925} INFO - DAG(s) 'dag_with_taskflow_api_v02' retrieved from /opt/airflow/dags/create_dag_with_taskflow.py
[2024-09-26T02:39:51.356+0000] {logging_mixin.py:190} INFO - [2024-09-26T02:39:51.355+0000] {dag.py:3229} INFO - Sync 1 DAGs
[2024-09-26T02:39:51.378+0000] {logging_mixin.py:190} INFO - [2024-09-26T02:39:51.378+0000] {dag.py:4156} INFO - Setting next_dagrun for dag_with_taskflow_api_v02 to 2024-09-22 00:00:00+00:00, run_after=2024-09-23 00:00:00+00:00
[2024-09-26T02:39:51.413+0000] {processor.py:208} INFO - Processing /opt/airflow/dags/create_dag_with_taskflow.py took 0.190 seconds
[2024-09-26T02:40:22.556+0000] {processor.py:186} INFO - Started process (PID=143686) to work on /opt/airflow/dags/create_dag_with_taskflow.py
[2024-09-26T02:40:22.558+0000] {processor.py:914} INFO - Processing file /opt/airflow/dags/create_dag_with_taskflow.py for tasks to queue
[2024-09-26T02:40:22.560+0000] {logging_mixin.py:190} INFO - [2024-09-26T02:40:22.560+0000] {dagbag.py:587} INFO - Filling up the DagBag from /opt/airflow/dags/create_dag_with_taskflow.py
[2024-09-26T02:40:22.664+0000] {processor.py:925} INFO - DAG(s) 'dag_with_taskflow_api_v02' retrieved from /opt/airflow/dags/create_dag_with_taskflow.py
[2024-09-26T02:40:22.690+0000] {logging_mixin.py:190} INFO - [2024-09-26T02:40:22.690+0000] {dag.py:3229} INFO - Sync 1 DAGs
[2024-09-26T02:40:22.712+0000] {logging_mixin.py:190} INFO - [2024-09-26T02:40:22.712+0000] {dag.py:4156} INFO - Setting next_dagrun for dag_with_taskflow_api_v02 to 2024-09-22 00:00:00+00:00, run_after=2024-09-23 00:00:00+00:00
[2024-09-26T02:40:22.739+0000] {processor.py:208} INFO - Processing /opt/airflow/dags/create_dag_with_taskflow.py took 0.189 seconds
[2024-09-26T02:40:53.298+0000] {processor.py:186} INFO - Started process (PID=143729) to work on /opt/airflow/dags/create_dag_with_taskflow.py
[2024-09-26T02:40:53.300+0000] {processor.py:914} INFO - Processing file /opt/airflow/dags/create_dag_with_taskflow.py for tasks to queue
[2024-09-26T02:40:53.304+0000] {logging_mixin.py:190} INFO - [2024-09-26T02:40:53.303+0000] {dagbag.py:587} INFO - Filling up the DagBag from /opt/airflow/dags/create_dag_with_taskflow.py
[2024-09-26T02:40:53.413+0000] {processor.py:925} INFO - DAG(s) 'dag_with_taskflow_api_v02' retrieved from /opt/airflow/dags/create_dag_with_taskflow.py
[2024-09-26T02:40:53.438+0000] {logging_mixin.py:190} INFO - [2024-09-26T02:40:53.438+0000] {dag.py:3229} INFO - Sync 1 DAGs
[2024-09-26T02:40:53.466+0000] {logging_mixin.py:190} INFO - [2024-09-26T02:40:53.465+0000] {dag.py:4156} INFO - Setting next_dagrun for dag_with_taskflow_api_v02 to 2024-09-22 00:00:00+00:00, run_after=2024-09-23 00:00:00+00:00
[2024-09-26T02:40:53.497+0000] {processor.py:208} INFO - Processing /opt/airflow/dags/create_dag_with_taskflow.py took 0.207 seconds
[2024-09-26T02:41:24.047+0000] {processor.py:186} INFO - Started process (PID=143772) to work on /opt/airflow/dags/create_dag_with_taskflow.py
[2024-09-26T02:41:24.049+0000] {processor.py:914} INFO - Processing file /opt/airflow/dags/create_dag_with_taskflow.py for tasks to queue
[2024-09-26T02:41:24.052+0000] {logging_mixin.py:190} INFO - [2024-09-26T02:41:24.051+0000] {dagbag.py:587} INFO - Filling up the DagBag from /opt/airflow/dags/create_dag_with_taskflow.py
[2024-09-26T02:41:24.152+0000] {processor.py:925} INFO - DAG(s) 'dag_with_taskflow_api_v02' retrieved from /opt/airflow/dags/create_dag_with_taskflow.py
[2024-09-26T02:41:24.181+0000] {logging_mixin.py:190} INFO - [2024-09-26T02:41:24.180+0000] {dag.py:3229} INFO - Sync 1 DAGs
[2024-09-26T02:41:24.207+0000] {logging_mixin.py:190} INFO - [2024-09-26T02:41:24.207+0000] {dag.py:4156} INFO - Setting next_dagrun for dag_with_taskflow_api_v02 to 2024-09-22 00:00:00+00:00, run_after=2024-09-23 00:00:00+00:00
[2024-09-26T02:41:24.235+0000] {processor.py:208} INFO - Processing /opt/airflow/dags/create_dag_with_taskflow.py took 0.194 seconds
[2024-09-26T02:41:54.554+0000] {processor.py:186} INFO - Started process (PID=143815) to work on /opt/airflow/dags/create_dag_with_taskflow.py
[2024-09-26T02:41:54.556+0000] {processor.py:914} INFO - Processing file /opt/airflow/dags/create_dag_with_taskflow.py for tasks to queue
[2024-09-26T02:41:54.558+0000] {logging_mixin.py:190} INFO - [2024-09-26T02:41:54.558+0000] {dagbag.py:587} INFO - Filling up the DagBag from /opt/airflow/dags/create_dag_with_taskflow.py
[2024-09-26T02:41:54.667+0000] {processor.py:925} INFO - DAG(s) 'dag_with_taskflow_api_v02' retrieved from /opt/airflow/dags/create_dag_with_taskflow.py
[2024-09-26T02:41:54.706+0000] {logging_mixin.py:190} INFO - [2024-09-26T02:41:54.706+0000] {dag.py:3229} INFO - Sync 1 DAGs
[2024-09-26T02:41:54.731+0000] {logging_mixin.py:190} INFO - [2024-09-26T02:41:54.731+0000] {dag.py:4156} INFO - Setting next_dagrun for dag_with_taskflow_api_v02 to 2024-09-22 00:00:00+00:00, run_after=2024-09-23 00:00:00+00:00
[2024-09-26T02:41:54.765+0000] {processor.py:208} INFO - Processing /opt/airflow/dags/create_dag_with_taskflow.py took 0.218 seconds
[2024-09-26T02:42:25.328+0000] {processor.py:186} INFO - Started process (PID=143858) to work on /opt/airflow/dags/create_dag_with_taskflow.py
[2024-09-26T02:42:25.330+0000] {processor.py:914} INFO - Processing file /opt/airflow/dags/create_dag_with_taskflow.py for tasks to queue
[2024-09-26T02:42:25.333+0000] {logging_mixin.py:190} INFO - [2024-09-26T02:42:25.333+0000] {dagbag.py:587} INFO - Filling up the DagBag from /opt/airflow/dags/create_dag_with_taskflow.py
[2024-09-26T02:42:25.439+0000] {processor.py:925} INFO - DAG(s) 'dag_with_taskflow_api_v02' retrieved from /opt/airflow/dags/create_dag_with_taskflow.py
[2024-09-26T02:42:25.465+0000] {logging_mixin.py:190} INFO - [2024-09-26T02:42:25.465+0000] {dag.py:3229} INFO - Sync 1 DAGs
[2024-09-26T02:42:25.497+0000] {logging_mixin.py:190} INFO - [2024-09-26T02:42:25.497+0000] {dag.py:4156} INFO - Setting next_dagrun for dag_with_taskflow_api_v02 to 2024-09-22 00:00:00+00:00, run_after=2024-09-23 00:00:00+00:00
[2024-09-26T02:42:25.529+0000] {processor.py:208} INFO - Processing /opt/airflow/dags/create_dag_with_taskflow.py took 0.208 seconds
[2024-09-26T02:42:55.937+0000] {processor.py:186} INFO - Started process (PID=143901) to work on /opt/airflow/dags/create_dag_with_taskflow.py
[2024-09-26T02:42:55.938+0000] {processor.py:914} INFO - Processing file /opt/airflow/dags/create_dag_with_taskflow.py for tasks to queue
[2024-09-26T02:42:55.940+0000] {logging_mixin.py:190} INFO - [2024-09-26T02:42:55.940+0000] {dagbag.py:587} INFO - Filling up the DagBag from /opt/airflow/dags/create_dag_with_taskflow.py
[2024-09-26T02:42:56.018+0000] {processor.py:925} INFO - DAG(s) 'dag_with_taskflow_api_v02' retrieved from /opt/airflow/dags/create_dag_with_taskflow.py
[2024-09-26T02:42:56.046+0000] {logging_mixin.py:190} INFO - [2024-09-26T02:42:56.045+0000] {dag.py:3229} INFO - Sync 1 DAGs
[2024-09-26T02:42:56.084+0000] {logging_mixin.py:190} INFO - [2024-09-26T02:42:56.083+0000] {dag.py:4156} INFO - Setting next_dagrun for dag_with_taskflow_api_v02 to 2024-09-22 00:00:00+00:00, run_after=2024-09-23 00:00:00+00:00
[2024-09-26T02:42:56.137+0000] {processor.py:208} INFO - Processing /opt/airflow/dags/create_dag_with_taskflow.py took 0.204 seconds
[2024-09-26T02:43:26.657+0000] {processor.py:186} INFO - Started process (PID=143944) to work on /opt/airflow/dags/create_dag_with_taskflow.py
[2024-09-26T02:43:26.658+0000] {processor.py:914} INFO - Processing file /opt/airflow/dags/create_dag_with_taskflow.py for tasks to queue
[2024-09-26T02:43:26.661+0000] {logging_mixin.py:190} INFO - [2024-09-26T02:43:26.660+0000] {dagbag.py:587} INFO - Filling up the DagBag from /opt/airflow/dags/create_dag_with_taskflow.py
[2024-09-26T02:43:26.759+0000] {processor.py:925} INFO - DAG(s) 'dag_with_taskflow_api_v02' retrieved from /opt/airflow/dags/create_dag_with_taskflow.py
[2024-09-26T02:43:26.797+0000] {logging_mixin.py:190} INFO - [2024-09-26T02:43:26.797+0000] {dag.py:3229} INFO - Sync 1 DAGs
[2024-09-26T02:43:26.819+0000] {logging_mixin.py:190} INFO - [2024-09-26T02:43:26.819+0000] {dag.py:4156} INFO - Setting next_dagrun for dag_with_taskflow_api_v02 to 2024-09-22 00:00:00+00:00, run_after=2024-09-23 00:00:00+00:00
[2024-09-26T02:43:26.844+0000] {processor.py:208} INFO - Processing /opt/airflow/dags/create_dag_with_taskflow.py took 0.192 seconds
[2024-09-26T02:43:57.404+0000] {processor.py:186} INFO - Started process (PID=143987) to work on /opt/airflow/dags/create_dag_with_taskflow.py
[2024-09-26T02:43:57.406+0000] {processor.py:914} INFO - Processing file /opt/airflow/dags/create_dag_with_taskflow.py for tasks to queue
[2024-09-26T02:43:57.409+0000] {logging_mixin.py:190} INFO - [2024-09-26T02:43:57.409+0000] {dagbag.py:587} INFO - Filling up the DagBag from /opt/airflow/dags/create_dag_with_taskflow.py
[2024-09-26T02:43:57.543+0000] {processor.py:925} INFO - DAG(s) 'dag_with_taskflow_api_v02' retrieved from /opt/airflow/dags/create_dag_with_taskflow.py
[2024-09-26T02:43:57.589+0000] {logging_mixin.py:190} INFO - [2024-09-26T02:43:57.589+0000] {dag.py:3229} INFO - Sync 1 DAGs
[2024-09-26T02:43:57.614+0000] {logging_mixin.py:190} INFO - [2024-09-26T02:43:57.613+0000] {dag.py:4156} INFO - Setting next_dagrun for dag_with_taskflow_api_v02 to 2024-09-22 00:00:00+00:00, run_after=2024-09-23 00:00:00+00:00
[2024-09-26T02:43:57.639+0000] {processor.py:208} INFO - Processing /opt/airflow/dags/create_dag_with_taskflow.py took 0.242 seconds
[2024-09-26T02:44:28.087+0000] {processor.py:186} INFO - Started process (PID=144030) to work on /opt/airflow/dags/create_dag_with_taskflow.py
[2024-09-26T02:44:28.089+0000] {processor.py:914} INFO - Processing file /opt/airflow/dags/create_dag_with_taskflow.py for tasks to queue
[2024-09-26T02:44:28.092+0000] {logging_mixin.py:190} INFO - [2024-09-26T02:44:28.092+0000] {dagbag.py:587} INFO - Filling up the DagBag from /opt/airflow/dags/create_dag_with_taskflow.py
[2024-09-26T02:44:28.196+0000] {processor.py:925} INFO - DAG(s) 'dag_with_taskflow_api_v02' retrieved from /opt/airflow/dags/create_dag_with_taskflow.py
[2024-09-26T02:44:28.225+0000] {logging_mixin.py:190} INFO - [2024-09-26T02:44:28.225+0000] {dag.py:3229} INFO - Sync 1 DAGs
[2024-09-26T02:44:28.245+0000] {logging_mixin.py:190} INFO - [2024-09-26T02:44:28.245+0000] {dag.py:4156} INFO - Setting next_dagrun for dag_with_taskflow_api_v02 to 2024-09-22 00:00:00+00:00, run_after=2024-09-23 00:00:00+00:00
[2024-09-26T02:44:28.266+0000] {processor.py:208} INFO - Processing /opt/airflow/dags/create_dag_with_taskflow.py took 0.184 seconds
[2024-09-26T02:44:59.571+0000] {processor.py:186} INFO - Started process (PID=144073) to work on /opt/airflow/dags/create_dag_with_taskflow.py
[2024-09-26T02:44:59.573+0000] {processor.py:914} INFO - Processing file /opt/airflow/dags/create_dag_with_taskflow.py for tasks to queue
[2024-09-26T02:44:59.577+0000] {logging_mixin.py:190} INFO - [2024-09-26T02:44:59.576+0000] {dagbag.py:587} INFO - Filling up the DagBag from /opt/airflow/dags/create_dag_with_taskflow.py
[2024-09-26T02:44:59.666+0000] {processor.py:925} INFO - DAG(s) 'dag_with_taskflow_api_v02' retrieved from /opt/airflow/dags/create_dag_with_taskflow.py
[2024-09-26T02:44:59.693+0000] {logging_mixin.py:190} INFO - [2024-09-26T02:44:59.693+0000] {dag.py:3229} INFO - Sync 1 DAGs
[2024-09-26T02:44:59.720+0000] {logging_mixin.py:190} INFO - [2024-09-26T02:44:59.719+0000] {dag.py:4156} INFO - Setting next_dagrun for dag_with_taskflow_api_v02 to 2024-09-22 00:00:00+00:00, run_after=2024-09-23 00:00:00+00:00
[2024-09-26T02:44:59.752+0000] {processor.py:208} INFO - Processing /opt/airflow/dags/create_dag_with_taskflow.py took 0.187 seconds
[2024-09-26T02:45:30.662+0000] {processor.py:186} INFO - Started process (PID=144119) to work on /opt/airflow/dags/create_dag_with_taskflow.py
[2024-09-26T02:45:30.664+0000] {processor.py:914} INFO - Processing file /opt/airflow/dags/create_dag_with_taskflow.py for tasks to queue
[2024-09-26T02:45:30.666+0000] {logging_mixin.py:190} INFO - [2024-09-26T02:45:30.666+0000] {dagbag.py:587} INFO - Filling up the DagBag from /opt/airflow/dags/create_dag_with_taskflow.py
[2024-09-26T02:45:30.769+0000] {processor.py:925} INFO - DAG(s) 'dag_with_taskflow_api_v02' retrieved from /opt/airflow/dags/create_dag_with_taskflow.py
[2024-09-26T02:45:30.794+0000] {logging_mixin.py:190} INFO - [2024-09-26T02:45:30.794+0000] {dag.py:3229} INFO - Sync 1 DAGs
[2024-09-26T02:45:30.815+0000] {logging_mixin.py:190} INFO - [2024-09-26T02:45:30.815+0000] {dag.py:4156} INFO - Setting next_dagrun for dag_with_taskflow_api_v02 to 2024-09-22 00:00:00+00:00, run_after=2024-09-23 00:00:00+00:00
[2024-09-26T02:45:30.839+0000] {processor.py:208} INFO - Processing /opt/airflow/dags/create_dag_with_taskflow.py took 0.188 seconds
[2024-09-26T02:46:01.386+0000] {processor.py:186} INFO - Started process (PID=144162) to work on /opt/airflow/dags/create_dag_with_taskflow.py
[2024-09-26T02:46:01.388+0000] {processor.py:914} INFO - Processing file /opt/airflow/dags/create_dag_with_taskflow.py for tasks to queue
[2024-09-26T02:46:01.391+0000] {logging_mixin.py:190} INFO - [2024-09-26T02:46:01.391+0000] {dagbag.py:587} INFO - Filling up the DagBag from /opt/airflow/dags/create_dag_with_taskflow.py
[2024-09-26T02:46:01.495+0000] {processor.py:925} INFO - DAG(s) 'dag_with_taskflow_api_v02' retrieved from /opt/airflow/dags/create_dag_with_taskflow.py
[2024-09-26T02:46:01.520+0000] {logging_mixin.py:190} INFO - [2024-09-26T02:46:01.520+0000] {dag.py:3229} INFO - Sync 1 DAGs
[2024-09-26T02:46:01.541+0000] {logging_mixin.py:190} INFO - [2024-09-26T02:46:01.540+0000] {dag.py:4156} INFO - Setting next_dagrun for dag_with_taskflow_api_v02 to 2024-09-22 00:00:00+00:00, run_after=2024-09-23 00:00:00+00:00
[2024-09-26T02:46:01.564+0000] {processor.py:208} INFO - Processing /opt/airflow/dags/create_dag_with_taskflow.py took 0.183 seconds
[2024-09-26T02:46:32.313+0000] {processor.py:186} INFO - Started process (PID=144205) to work on /opt/airflow/dags/create_dag_with_taskflow.py
[2024-09-26T02:46:32.314+0000] {processor.py:914} INFO - Processing file /opt/airflow/dags/create_dag_with_taskflow.py for tasks to queue
[2024-09-26T02:46:32.318+0000] {logging_mixin.py:190} INFO - [2024-09-26T02:46:32.317+0000] {dagbag.py:587} INFO - Filling up the DagBag from /opt/airflow/dags/create_dag_with_taskflow.py
[2024-09-26T02:46:32.397+0000] {processor.py:925} INFO - DAG(s) 'dag_with_taskflow_api_v02' retrieved from /opt/airflow/dags/create_dag_with_taskflow.py
[2024-09-26T02:46:32.427+0000] {logging_mixin.py:190} INFO - [2024-09-26T02:46:32.427+0000] {dag.py:3229} INFO - Sync 1 DAGs
[2024-09-26T02:46:32.451+0000] {logging_mixin.py:190} INFO - [2024-09-26T02:46:32.450+0000] {dag.py:4156} INFO - Setting next_dagrun for dag_with_taskflow_api_v02 to 2024-09-22 00:00:00+00:00, run_after=2024-09-23 00:00:00+00:00
[2024-09-26T02:46:32.478+0000] {processor.py:208} INFO - Processing /opt/airflow/dags/create_dag_with_taskflow.py took 0.175 seconds
[2024-09-26T02:47:02.941+0000] {processor.py:186} INFO - Started process (PID=144248) to work on /opt/airflow/dags/create_dag_with_taskflow.py
[2024-09-26T02:47:02.943+0000] {processor.py:914} INFO - Processing file /opt/airflow/dags/create_dag_with_taskflow.py for tasks to queue
[2024-09-26T02:47:02.945+0000] {logging_mixin.py:190} INFO - [2024-09-26T02:47:02.944+0000] {dagbag.py:587} INFO - Filling up the DagBag from /opt/airflow/dags/create_dag_with_taskflow.py
[2024-09-26T02:47:03.039+0000] {processor.py:925} INFO - DAG(s) 'dag_with_taskflow_api_v02' retrieved from /opt/airflow/dags/create_dag_with_taskflow.py
[2024-09-26T02:47:03.068+0000] {logging_mixin.py:190} INFO - [2024-09-26T02:47:03.068+0000] {dag.py:3229} INFO - Sync 1 DAGs
[2024-09-26T02:47:03.089+0000] {logging_mixin.py:190} INFO - [2024-09-26T02:47:03.089+0000] {dag.py:4156} INFO - Setting next_dagrun for dag_with_taskflow_api_v02 to 2024-09-22 00:00:00+00:00, run_after=2024-09-23 00:00:00+00:00
[2024-09-26T02:47:03.113+0000] {processor.py:208} INFO - Processing /opt/airflow/dags/create_dag_with_taskflow.py took 0.182 seconds
[2024-09-26T02:47:34.213+0000] {processor.py:186} INFO - Started process (PID=144298) to work on /opt/airflow/dags/create_dag_with_taskflow.py
[2024-09-26T02:47:34.215+0000] {processor.py:914} INFO - Processing file /opt/airflow/dags/create_dag_with_taskflow.py for tasks to queue
[2024-09-26T02:47:34.217+0000] {logging_mixin.py:190} INFO - [2024-09-26T02:47:34.217+0000] {dagbag.py:587} INFO - Filling up the DagBag from /opt/airflow/dags/create_dag_with_taskflow.py
[2024-09-26T02:47:34.299+0000] {processor.py:925} INFO - DAG(s) 'dag_with_taskflow_api_v02' retrieved from /opt/airflow/dags/create_dag_with_taskflow.py
[2024-09-26T02:47:34.329+0000] {logging_mixin.py:190} INFO - [2024-09-26T02:47:34.329+0000] {dag.py:3229} INFO - Sync 1 DAGs
[2024-09-26T02:47:34.352+0000] {logging_mixin.py:190} INFO - [2024-09-26T02:47:34.352+0000] {dag.py:4156} INFO - Setting next_dagrun for dag_with_taskflow_api_v02 to 2024-09-22 00:00:00+00:00, run_after=2024-09-23 00:00:00+00:00
[2024-09-26T02:47:34.376+0000] {processor.py:208} INFO - Processing /opt/airflow/dags/create_dag_with_taskflow.py took 0.170 seconds
[2024-09-26T02:48:05.191+0000] {processor.py:186} INFO - Started process (PID=144341) to work on /opt/airflow/dags/create_dag_with_taskflow.py
[2024-09-26T02:48:05.194+0000] {processor.py:914} INFO - Processing file /opt/airflow/dags/create_dag_with_taskflow.py for tasks to queue
[2024-09-26T02:48:05.196+0000] {logging_mixin.py:190} INFO - [2024-09-26T02:48:05.196+0000] {dagbag.py:587} INFO - Filling up the DagBag from /opt/airflow/dags/create_dag_with_taskflow.py
[2024-09-26T02:48:05.306+0000] {processor.py:925} INFO - DAG(s) 'dag_with_taskflow_api_v02' retrieved from /opt/airflow/dags/create_dag_with_taskflow.py
[2024-09-26T02:48:05.334+0000] {logging_mixin.py:190} INFO - [2024-09-26T02:48:05.334+0000] {dag.py:3229} INFO - Sync 1 DAGs
[2024-09-26T02:48:05.357+0000] {logging_mixin.py:190} INFO - [2024-09-26T02:48:05.356+0000] {dag.py:4156} INFO - Setting next_dagrun for dag_with_taskflow_api_v02 to 2024-09-22 00:00:00+00:00, run_after=2024-09-23 00:00:00+00:00
[2024-09-26T02:48:05.388+0000] {processor.py:208} INFO - Processing /opt/airflow/dags/create_dag_with_taskflow.py took 0.208 seconds
[2024-09-26T02:48:36.249+0000] {processor.py:186} INFO - Started process (PID=144384) to work on /opt/airflow/dags/create_dag_with_taskflow.py
[2024-09-26T02:48:36.251+0000] {processor.py:914} INFO - Processing file /opt/airflow/dags/create_dag_with_taskflow.py for tasks to queue
[2024-09-26T02:48:36.254+0000] {logging_mixin.py:190} INFO - [2024-09-26T02:48:36.253+0000] {dagbag.py:587} INFO - Filling up the DagBag from /opt/airflow/dags/create_dag_with_taskflow.py
[2024-09-26T02:48:36.363+0000] {processor.py:925} INFO - DAG(s) 'dag_with_taskflow_api_v02' retrieved from /opt/airflow/dags/create_dag_with_taskflow.py
[2024-09-26T02:48:36.387+0000] {logging_mixin.py:190} INFO - [2024-09-26T02:48:36.387+0000] {dag.py:3229} INFO - Sync 1 DAGs
[2024-09-26T02:48:36.409+0000] {logging_mixin.py:190} INFO - [2024-09-26T02:48:36.409+0000] {dag.py:4156} INFO - Setting next_dagrun for dag_with_taskflow_api_v02 to 2024-09-22 00:00:00+00:00, run_after=2024-09-23 00:00:00+00:00
[2024-09-26T02:48:36.436+0000] {processor.py:208} INFO - Processing /opt/airflow/dags/create_dag_with_taskflow.py took 0.193 seconds
[2024-09-26T02:49:07.206+0000] {processor.py:186} INFO - Started process (PID=144427) to work on /opt/airflow/dags/create_dag_with_taskflow.py
[2024-09-26T02:49:07.208+0000] {processor.py:914} INFO - Processing file /opt/airflow/dags/create_dag_with_taskflow.py for tasks to queue
[2024-09-26T02:49:07.212+0000] {logging_mixin.py:190} INFO - [2024-09-26T02:49:07.211+0000] {dagbag.py:587} INFO - Filling up the DagBag from /opt/airflow/dags/create_dag_with_taskflow.py
[2024-09-26T02:49:07.335+0000] {processor.py:925} INFO - DAG(s) 'dag_with_taskflow_api_v02' retrieved from /opt/airflow/dags/create_dag_with_taskflow.py
[2024-09-26T02:49:07.364+0000] {logging_mixin.py:190} INFO - [2024-09-26T02:49:07.364+0000] {dag.py:3229} INFO - Sync 1 DAGs
[2024-09-26T02:49:07.388+0000] {logging_mixin.py:190} INFO - [2024-09-26T02:49:07.387+0000] {dag.py:4156} INFO - Setting next_dagrun for dag_with_taskflow_api_v02 to 2024-09-22 00:00:00+00:00, run_after=2024-09-23 00:00:00+00:00
[2024-09-26T02:49:07.419+0000] {processor.py:208} INFO - Processing /opt/airflow/dags/create_dag_with_taskflow.py took 0.221 seconds
[2024-09-26T02:49:38.224+0000] {processor.py:186} INFO - Started process (PID=144470) to work on /opt/airflow/dags/create_dag_with_taskflow.py
[2024-09-26T02:49:38.226+0000] {processor.py:914} INFO - Processing file /opt/airflow/dags/create_dag_with_taskflow.py for tasks to queue
[2024-09-26T02:49:38.230+0000] {logging_mixin.py:190} INFO - [2024-09-26T02:49:38.230+0000] {dagbag.py:587} INFO - Filling up the DagBag from /opt/airflow/dags/create_dag_with_taskflow.py
[2024-09-26T02:49:38.341+0000] {processor.py:925} INFO - DAG(s) 'dag_with_taskflow_api_v02' retrieved from /opt/airflow/dags/create_dag_with_taskflow.py
[2024-09-26T02:49:38.375+0000] {logging_mixin.py:190} INFO - [2024-09-26T02:49:38.374+0000] {dag.py:3229} INFO - Sync 1 DAGs
[2024-09-26T02:49:38.404+0000] {logging_mixin.py:190} INFO - [2024-09-26T02:49:38.404+0000] {dag.py:4156} INFO - Setting next_dagrun for dag_with_taskflow_api_v02 to 2024-09-22 00:00:00+00:00, run_after=2024-09-23 00:00:00+00:00
[2024-09-26T02:49:38.436+0000] {processor.py:208} INFO - Processing /opt/airflow/dags/create_dag_with_taskflow.py took 0.224 seconds
[2024-09-26T02:50:08.891+0000] {processor.py:186} INFO - Started process (PID=144513) to work on /opt/airflow/dags/create_dag_with_taskflow.py
[2024-09-26T02:50:08.894+0000] {processor.py:914} INFO - Processing file /opt/airflow/dags/create_dag_with_taskflow.py for tasks to queue
[2024-09-26T02:50:08.898+0000] {logging_mixin.py:190} INFO - [2024-09-26T02:50:08.897+0000] {dagbag.py:587} INFO - Filling up the DagBag from /opt/airflow/dags/create_dag_with_taskflow.py
[2024-09-26T02:50:09.010+0000] {processor.py:925} INFO - DAG(s) 'dag_with_taskflow_api_v02' retrieved from /opt/airflow/dags/create_dag_with_taskflow.py
[2024-09-26T02:50:09.035+0000] {logging_mixin.py:190} INFO - [2024-09-26T02:50:09.034+0000] {dag.py:3229} INFO - Sync 1 DAGs
[2024-09-26T02:50:09.055+0000] {logging_mixin.py:190} INFO - [2024-09-26T02:50:09.054+0000] {dag.py:4156} INFO - Setting next_dagrun for dag_with_taskflow_api_v02 to 2024-09-22 00:00:00+00:00, run_after=2024-09-23 00:00:00+00:00
[2024-09-26T02:50:09.081+0000] {processor.py:208} INFO - Processing /opt/airflow/dags/create_dag_with_taskflow.py took 0.199 seconds
[2024-09-26T02:50:39.560+0000] {processor.py:186} INFO - Started process (PID=144556) to work on /opt/airflow/dags/create_dag_with_taskflow.py
[2024-09-26T02:50:39.563+0000] {processor.py:914} INFO - Processing file /opt/airflow/dags/create_dag_with_taskflow.py for tasks to queue
[2024-09-26T02:50:39.566+0000] {logging_mixin.py:190} INFO - [2024-09-26T02:50:39.565+0000] {dagbag.py:587} INFO - Filling up the DagBag from /opt/airflow/dags/create_dag_with_taskflow.py
[2024-09-26T02:50:39.673+0000] {processor.py:925} INFO - DAG(s) 'dag_with_taskflow_api_v02' retrieved from /opt/airflow/dags/create_dag_with_taskflow.py
[2024-09-26T02:50:39.718+0000] {logging_mixin.py:190} INFO - [2024-09-26T02:50:39.718+0000] {dag.py:3229} INFO - Sync 1 DAGs
[2024-09-26T02:50:39.749+0000] {logging_mixin.py:190} INFO - [2024-09-26T02:50:39.749+0000] {dag.py:4156} INFO - Setting next_dagrun for dag_with_taskflow_api_v02 to 2024-09-22 00:00:00+00:00, run_after=2024-09-23 00:00:00+00:00
[2024-09-26T02:50:39.798+0000] {processor.py:208} INFO - Processing /opt/airflow/dags/create_dag_with_taskflow.py took 0.246 seconds
[2024-09-26T02:51:10.492+0000] {processor.py:186} INFO - Started process (PID=144599) to work on /opt/airflow/dags/create_dag_with_taskflow.py
[2024-09-26T02:51:10.494+0000] {processor.py:914} INFO - Processing file /opt/airflow/dags/create_dag_with_taskflow.py for tasks to queue
[2024-09-26T02:51:10.497+0000] {logging_mixin.py:190} INFO - [2024-09-26T02:51:10.497+0000] {dagbag.py:587} INFO - Filling up the DagBag from /opt/airflow/dags/create_dag_with_taskflow.py
[2024-09-26T02:51:10.599+0000] {processor.py:925} INFO - DAG(s) 'dag_with_taskflow_api_v02' retrieved from /opt/airflow/dags/create_dag_with_taskflow.py
[2024-09-26T02:51:10.623+0000] {logging_mixin.py:190} INFO - [2024-09-26T02:51:10.623+0000] {dag.py:3229} INFO - Sync 1 DAGs
[2024-09-26T02:51:10.645+0000] {logging_mixin.py:190} INFO - [2024-09-26T02:51:10.645+0000] {dag.py:4156} INFO - Setting next_dagrun for dag_with_taskflow_api_v02 to 2024-09-22 00:00:00+00:00, run_after=2024-09-23 00:00:00+00:00
[2024-09-26T02:51:10.670+0000] {processor.py:208} INFO - Processing /opt/airflow/dags/create_dag_with_taskflow.py took 0.190 seconds
[2024-09-26T02:51:41.030+0000] {processor.py:186} INFO - Started process (PID=144642) to work on /opt/airflow/dags/create_dag_with_taskflow.py
[2024-09-26T02:51:41.032+0000] {processor.py:914} INFO - Processing file /opt/airflow/dags/create_dag_with_taskflow.py for tasks to queue
[2024-09-26T02:51:41.034+0000] {logging_mixin.py:190} INFO - [2024-09-26T02:51:41.033+0000] {dagbag.py:587} INFO - Filling up the DagBag from /opt/airflow/dags/create_dag_with_taskflow.py
[2024-09-26T02:51:41.157+0000] {processor.py:925} INFO - DAG(s) 'dag_with_taskflow_api_v02' retrieved from /opt/airflow/dags/create_dag_with_taskflow.py
[2024-09-26T02:51:41.184+0000] {logging_mixin.py:190} INFO - [2024-09-26T02:51:41.183+0000] {dag.py:3229} INFO - Sync 1 DAGs
[2024-09-26T02:51:41.205+0000] {logging_mixin.py:190} INFO - [2024-09-26T02:51:41.204+0000] {dag.py:4156} INFO - Setting next_dagrun for dag_with_taskflow_api_v02 to 2024-09-22 00:00:00+00:00, run_after=2024-09-23 00:00:00+00:00
[2024-09-26T02:51:41.229+0000] {processor.py:208} INFO - Processing /opt/airflow/dags/create_dag_with_taskflow.py took 0.205 seconds
[2024-09-26T02:52:11.812+0000] {processor.py:186} INFO - Started process (PID=144685) to work on /opt/airflow/dags/create_dag_with_taskflow.py
[2024-09-26T02:52:11.814+0000] {processor.py:914} INFO - Processing file /opt/airflow/dags/create_dag_with_taskflow.py for tasks to queue
[2024-09-26T02:52:11.816+0000] {logging_mixin.py:190} INFO - [2024-09-26T02:52:11.815+0000] {dagbag.py:587} INFO - Filling up the DagBag from /opt/airflow/dags/create_dag_with_taskflow.py
[2024-09-26T02:52:11.897+0000] {processor.py:925} INFO - DAG(s) 'dag_with_taskflow_api_v02' retrieved from /opt/airflow/dags/create_dag_with_taskflow.py
[2024-09-26T02:52:11.923+0000] {logging_mixin.py:190} INFO - [2024-09-26T02:52:11.923+0000] {dag.py:3229} INFO - Sync 1 DAGs
[2024-09-26T02:52:11.948+0000] {logging_mixin.py:190} INFO - [2024-09-26T02:52:11.947+0000] {dag.py:4156} INFO - Setting next_dagrun for dag_with_taskflow_api_v02 to 2024-09-22 00:00:00+00:00, run_after=2024-09-23 00:00:00+00:00
[2024-09-26T02:52:11.974+0000] {processor.py:208} INFO - Processing /opt/airflow/dags/create_dag_with_taskflow.py took 0.169 seconds
[2024-09-26T02:52:42.529+0000] {processor.py:186} INFO - Started process (PID=144726) to work on /opt/airflow/dags/create_dag_with_taskflow.py
[2024-09-26T02:52:42.531+0000] {processor.py:914} INFO - Processing file /opt/airflow/dags/create_dag_with_taskflow.py for tasks to queue
[2024-09-26T02:52:42.533+0000] {logging_mixin.py:190} INFO - [2024-09-26T02:52:42.533+0000] {dagbag.py:587} INFO - Filling up the DagBag from /opt/airflow/dags/create_dag_with_taskflow.py
[2024-09-26T02:52:42.650+0000] {processor.py:925} INFO - DAG(s) 'dag_with_taskflow_api_v02' retrieved from /opt/airflow/dags/create_dag_with_taskflow.py
[2024-09-26T02:52:42.678+0000] {logging_mixin.py:190} INFO - [2024-09-26T02:52:42.678+0000] {dag.py:3229} INFO - Sync 1 DAGs
[2024-09-26T02:52:42.698+0000] {logging_mixin.py:190} INFO - [2024-09-26T02:52:42.698+0000] {dag.py:4156} INFO - Setting next_dagrun for dag_with_taskflow_api_v02 to 2024-09-22 00:00:00+00:00, run_after=2024-09-23 00:00:00+00:00
[2024-09-26T02:52:42.721+0000] {processor.py:208} INFO - Processing /opt/airflow/dags/create_dag_with_taskflow.py took 0.199 seconds
[2024-09-26T02:53:13.468+0000] {processor.py:186} INFO - Started process (PID=144771) to work on /opt/airflow/dags/create_dag_with_taskflow.py
[2024-09-26T02:53:13.470+0000] {processor.py:914} INFO - Processing file /opt/airflow/dags/create_dag_with_taskflow.py for tasks to queue
[2024-09-26T02:53:13.473+0000] {logging_mixin.py:190} INFO - [2024-09-26T02:53:13.472+0000] {dagbag.py:587} INFO - Filling up the DagBag from /opt/airflow/dags/create_dag_with_taskflow.py
[2024-09-26T02:53:13.589+0000] {processor.py:925} INFO - DAG(s) 'dag_with_taskflow_api_v02' retrieved from /opt/airflow/dags/create_dag_with_taskflow.py
[2024-09-26T02:53:13.618+0000] {logging_mixin.py:190} INFO - [2024-09-26T02:53:13.618+0000] {dag.py:3229} INFO - Sync 1 DAGs
[2024-09-26T02:53:13.638+0000] {logging_mixin.py:190} INFO - [2024-09-26T02:53:13.638+0000] {dag.py:4156} INFO - Setting next_dagrun for dag_with_taskflow_api_v02 to 2024-09-22 00:00:00+00:00, run_after=2024-09-23 00:00:00+00:00
[2024-09-26T02:53:13.675+0000] {processor.py:208} INFO - Processing /opt/airflow/dags/create_dag_with_taskflow.py took 0.218 seconds
[2024-09-26T02:53:44.469+0000] {processor.py:186} INFO - Started process (PID=144814) to work on /opt/airflow/dags/create_dag_with_taskflow.py
[2024-09-26T02:53:44.471+0000] {processor.py:914} INFO - Processing file /opt/airflow/dags/create_dag_with_taskflow.py for tasks to queue
[2024-09-26T02:53:44.474+0000] {logging_mixin.py:190} INFO - [2024-09-26T02:53:44.473+0000] {dagbag.py:587} INFO - Filling up the DagBag from /opt/airflow/dags/create_dag_with_taskflow.py
[2024-09-26T02:53:44.582+0000] {processor.py:925} INFO - DAG(s) 'dag_with_taskflow_api_v02' retrieved from /opt/airflow/dags/create_dag_with_taskflow.py
[2024-09-26T02:53:44.608+0000] {logging_mixin.py:190} INFO - [2024-09-26T02:53:44.608+0000] {dag.py:3229} INFO - Sync 1 DAGs
[2024-09-26T02:53:44.633+0000] {logging_mixin.py:190} INFO - [2024-09-26T02:53:44.632+0000] {dag.py:4156} INFO - Setting next_dagrun for dag_with_taskflow_api_v02 to 2024-09-22 00:00:00+00:00, run_after=2024-09-23 00:00:00+00:00
[2024-09-26T02:53:44.667+0000] {processor.py:208} INFO - Processing /opt/airflow/dags/create_dag_with_taskflow.py took 0.206 seconds
[2024-09-26T02:54:15.316+0000] {processor.py:186} INFO - Started process (PID=144857) to work on /opt/airflow/dags/create_dag_with_taskflow.py
[2024-09-26T02:54:15.318+0000] {processor.py:914} INFO - Processing file /opt/airflow/dags/create_dag_with_taskflow.py for tasks to queue
[2024-09-26T02:54:15.320+0000] {logging_mixin.py:190} INFO - [2024-09-26T02:54:15.319+0000] {dagbag.py:587} INFO - Filling up the DagBag from /opt/airflow/dags/create_dag_with_taskflow.py
[2024-09-26T02:54:15.412+0000] {processor.py:925} INFO - DAG(s) 'dag_with_taskflow_api_v02' retrieved from /opt/airflow/dags/create_dag_with_taskflow.py
[2024-09-26T02:54:15.446+0000] {logging_mixin.py:190} INFO - [2024-09-26T02:54:15.446+0000] {dag.py:3229} INFO - Sync 1 DAGs
[2024-09-26T02:54:15.472+0000] {logging_mixin.py:190} INFO - [2024-09-26T02:54:15.472+0000] {dag.py:4156} INFO - Setting next_dagrun for dag_with_taskflow_api_v02 to 2024-09-22 00:00:00+00:00, run_after=2024-09-23 00:00:00+00:00
[2024-09-26T02:54:15.497+0000] {processor.py:208} INFO - Processing /opt/airflow/dags/create_dag_with_taskflow.py took 0.186 seconds
[2024-09-26T02:54:46.445+0000] {processor.py:186} INFO - Started process (PID=144900) to work on /opt/airflow/dags/create_dag_with_taskflow.py
[2024-09-26T02:54:46.447+0000] {processor.py:914} INFO - Processing file /opt/airflow/dags/create_dag_with_taskflow.py for tasks to queue
[2024-09-26T02:54:46.451+0000] {logging_mixin.py:190} INFO - [2024-09-26T02:54:46.450+0000] {dagbag.py:587} INFO - Filling up the DagBag from /opt/airflow/dags/create_dag_with_taskflow.py
[2024-09-26T02:54:46.524+0000] {processor.py:925} INFO - DAG(s) 'dag_with_taskflow_api_v02' retrieved from /opt/airflow/dags/create_dag_with_taskflow.py
[2024-09-26T02:54:46.551+0000] {logging_mixin.py:190} INFO - [2024-09-26T02:54:46.550+0000] {dag.py:3229} INFO - Sync 1 DAGs
[2024-09-26T02:54:46.572+0000] {logging_mixin.py:190} INFO - [2024-09-26T02:54:46.572+0000] {dag.py:4156} INFO - Setting next_dagrun for dag_with_taskflow_api_v02 to 2024-09-22 00:00:00+00:00, run_after=2024-09-23 00:00:00+00:00
[2024-09-26T02:54:46.606+0000] {processor.py:208} INFO - Processing /opt/airflow/dags/create_dag_with_taskflow.py took 0.175 seconds
[2024-09-26T02:55:17.238+0000] {processor.py:186} INFO - Started process (PID=144943) to work on /opt/airflow/dags/create_dag_with_taskflow.py
[2024-09-26T02:55:17.240+0000] {processor.py:914} INFO - Processing file /opt/airflow/dags/create_dag_with_taskflow.py for tasks to queue
[2024-09-26T02:55:17.242+0000] {logging_mixin.py:190} INFO - [2024-09-26T02:55:17.242+0000] {dagbag.py:587} INFO - Filling up the DagBag from /opt/airflow/dags/create_dag_with_taskflow.py
[2024-09-26T02:55:17.352+0000] {processor.py:925} INFO - DAG(s) 'dag_with_taskflow_api_v02' retrieved from /opt/airflow/dags/create_dag_with_taskflow.py
[2024-09-26T02:55:17.379+0000] {logging_mixin.py:190} INFO - [2024-09-26T02:55:17.379+0000] {dag.py:3229} INFO - Sync 1 DAGs
[2024-09-26T02:55:17.400+0000] {logging_mixin.py:190} INFO - [2024-09-26T02:55:17.400+0000] {dag.py:4156} INFO - Setting next_dagrun for dag_with_taskflow_api_v02 to 2024-09-22 00:00:00+00:00, run_after=2024-09-23 00:00:00+00:00
[2024-09-26T02:55:17.427+0000] {processor.py:208} INFO - Processing /opt/airflow/dags/create_dag_with_taskflow.py took 0.196 seconds
[2024-09-26T02:55:48.066+0000] {processor.py:186} INFO - Started process (PID=144986) to work on /opt/airflow/dags/create_dag_with_taskflow.py
[2024-09-26T02:55:48.068+0000] {processor.py:914} INFO - Processing file /opt/airflow/dags/create_dag_with_taskflow.py for tasks to queue
[2024-09-26T02:55:48.070+0000] {logging_mixin.py:190} INFO - [2024-09-26T02:55:48.070+0000] {dagbag.py:587} INFO - Filling up the DagBag from /opt/airflow/dags/create_dag_with_taskflow.py
[2024-09-26T02:55:48.179+0000] {processor.py:925} INFO - DAG(s) 'dag_with_taskflow_api_v02' retrieved from /opt/airflow/dags/create_dag_with_taskflow.py
[2024-09-26T02:55:48.215+0000] {logging_mixin.py:190} INFO - [2024-09-26T02:55:48.215+0000] {dag.py:3229} INFO - Sync 1 DAGs
[2024-09-26T02:55:48.236+0000] {logging_mixin.py:190} INFO - [2024-09-26T02:55:48.236+0000] {dag.py:4156} INFO - Setting next_dagrun for dag_with_taskflow_api_v02 to 2024-09-22 00:00:00+00:00, run_after=2024-09-23 00:00:00+00:00
[2024-09-26T02:55:48.277+0000] {processor.py:208} INFO - Processing /opt/airflow/dags/create_dag_with_taskflow.py took 0.216 seconds
[2024-09-26T02:56:18.810+0000] {processor.py:186} INFO - Started process (PID=145029) to work on /opt/airflow/dags/create_dag_with_taskflow.py
[2024-09-26T02:56:18.812+0000] {processor.py:914} INFO - Processing file /opt/airflow/dags/create_dag_with_taskflow.py for tasks to queue
[2024-09-26T02:56:18.814+0000] {logging_mixin.py:190} INFO - [2024-09-26T02:56:18.813+0000] {dagbag.py:587} INFO - Filling up the DagBag from /opt/airflow/dags/create_dag_with_taskflow.py
[2024-09-26T02:56:18.898+0000] {processor.py:925} INFO - DAG(s) 'dag_with_taskflow_api_v02' retrieved from /opt/airflow/dags/create_dag_with_taskflow.py
[2024-09-26T02:56:18.922+0000] {logging_mixin.py:190} INFO - [2024-09-26T02:56:18.922+0000] {dag.py:3229} INFO - Sync 1 DAGs
[2024-09-26T02:56:18.945+0000] {logging_mixin.py:190} INFO - [2024-09-26T02:56:18.945+0000] {dag.py:4156} INFO - Setting next_dagrun for dag_with_taskflow_api_v02 to 2024-09-22 00:00:00+00:00, run_after=2024-09-23 00:00:00+00:00
[2024-09-26T02:56:18.977+0000] {processor.py:208} INFO - Processing /opt/airflow/dags/create_dag_with_taskflow.py took 0.173 seconds
[2024-09-26T02:56:49.381+0000] {processor.py:186} INFO - Started process (PID=145072) to work on /opt/airflow/dags/create_dag_with_taskflow.py
[2024-09-26T02:56:49.383+0000] {processor.py:914} INFO - Processing file /opt/airflow/dags/create_dag_with_taskflow.py for tasks to queue
[2024-09-26T02:56:49.385+0000] {logging_mixin.py:190} INFO - [2024-09-26T02:56:49.384+0000] {dagbag.py:587} INFO - Filling up the DagBag from /opt/airflow/dags/create_dag_with_taskflow.py
[2024-09-26T02:56:49.485+0000] {processor.py:925} INFO - DAG(s) 'dag_with_taskflow_api_v02' retrieved from /opt/airflow/dags/create_dag_with_taskflow.py
[2024-09-26T02:56:49.545+0000] {logging_mixin.py:190} INFO - [2024-09-26T02:56:49.544+0000] {dag.py:3229} INFO - Sync 1 DAGs
[2024-09-26T02:56:49.590+0000] {logging_mixin.py:190} INFO - [2024-09-26T02:56:49.590+0000] {dag.py:4156} INFO - Setting next_dagrun for dag_with_taskflow_api_v02 to 2024-09-22 00:00:00+00:00, run_after=2024-09-23 00:00:00+00:00
[2024-09-26T02:56:49.630+0000] {processor.py:208} INFO - Processing /opt/airflow/dags/create_dag_with_taskflow.py took 0.259 seconds
[2024-09-26T02:57:20.129+0000] {processor.py:186} INFO - Started process (PID=145115) to work on /opt/airflow/dags/create_dag_with_taskflow.py
[2024-09-26T02:57:20.132+0000] {processor.py:914} INFO - Processing file /opt/airflow/dags/create_dag_with_taskflow.py for tasks to queue
[2024-09-26T02:57:20.134+0000] {logging_mixin.py:190} INFO - [2024-09-26T02:57:20.134+0000] {dagbag.py:587} INFO - Filling up the DagBag from /opt/airflow/dags/create_dag_with_taskflow.py
[2024-09-26T02:57:20.255+0000] {processor.py:925} INFO - DAG(s) 'dag_with_taskflow_api_v02' retrieved from /opt/airflow/dags/create_dag_with_taskflow.py
[2024-09-26T02:57:20.287+0000] {logging_mixin.py:190} INFO - [2024-09-26T02:57:20.287+0000] {dag.py:3229} INFO - Sync 1 DAGs
[2024-09-26T02:57:20.315+0000] {logging_mixin.py:190} INFO - [2024-09-26T02:57:20.314+0000] {dag.py:4156} INFO - Setting next_dagrun for dag_with_taskflow_api_v02 to 2024-09-22 00:00:00+00:00, run_after=2024-09-23 00:00:00+00:00
[2024-09-26T02:57:20.344+0000] {processor.py:208} INFO - Processing /opt/airflow/dags/create_dag_with_taskflow.py took 0.226 seconds
[2024-09-26T02:57:50.771+0000] {processor.py:186} INFO - Started process (PID=145158) to work on /opt/airflow/dags/create_dag_with_taskflow.py
[2024-09-26T02:57:50.774+0000] {processor.py:914} INFO - Processing file /opt/airflow/dags/create_dag_with_taskflow.py for tasks to queue
[2024-09-26T02:57:50.777+0000] {logging_mixin.py:190} INFO - [2024-09-26T02:57:50.776+0000] {dagbag.py:587} INFO - Filling up the DagBag from /opt/airflow/dags/create_dag_with_taskflow.py
[2024-09-26T02:57:50.869+0000] {processor.py:925} INFO - DAG(s) 'dag_with_taskflow_api_v02' retrieved from /opt/airflow/dags/create_dag_with_taskflow.py
[2024-09-26T02:57:50.895+0000] {logging_mixin.py:190} INFO - [2024-09-26T02:57:50.895+0000] {dag.py:3229} INFO - Sync 1 DAGs
[2024-09-26T02:57:50.915+0000] {logging_mixin.py:190} INFO - [2024-09-26T02:57:50.915+0000] {dag.py:4156} INFO - Setting next_dagrun for dag_with_taskflow_api_v02 to 2024-09-22 00:00:00+00:00, run_after=2024-09-23 00:00:00+00:00
[2024-09-26T02:57:50.939+0000] {processor.py:208} INFO - Processing /opt/airflow/dags/create_dag_with_taskflow.py took 0.177 seconds
[2024-09-26T02:58:21.593+0000] {processor.py:186} INFO - Started process (PID=145201) to work on /opt/airflow/dags/create_dag_with_taskflow.py
[2024-09-26T02:58:21.595+0000] {processor.py:914} INFO - Processing file /opt/airflow/dags/create_dag_with_taskflow.py for tasks to queue
[2024-09-26T02:58:21.597+0000] {logging_mixin.py:190} INFO - [2024-09-26T02:58:21.597+0000] {dagbag.py:587} INFO - Filling up the DagBag from /opt/airflow/dags/create_dag_with_taskflow.py
[2024-09-26T02:58:21.673+0000] {processor.py:925} INFO - DAG(s) 'dag_with_taskflow_api_v02' retrieved from /opt/airflow/dags/create_dag_with_taskflow.py
[2024-09-26T02:58:21.697+0000] {logging_mixin.py:190} INFO - [2024-09-26T02:58:21.697+0000] {dag.py:3229} INFO - Sync 1 DAGs
[2024-09-26T02:58:21.719+0000] {logging_mixin.py:190} INFO - [2024-09-26T02:58:21.719+0000] {dag.py:4156} INFO - Setting next_dagrun for dag_with_taskflow_api_v02 to 2024-09-22 00:00:00+00:00, run_after=2024-09-23 00:00:00+00:00
[2024-09-26T02:58:21.742+0000] {processor.py:208} INFO - Processing /opt/airflow/dags/create_dag_with_taskflow.py took 0.154 seconds
[2024-09-26T02:58:52.360+0000] {processor.py:186} INFO - Started process (PID=145244) to work on /opt/airflow/dags/create_dag_with_taskflow.py
[2024-09-26T02:58:52.362+0000] {processor.py:914} INFO - Processing file /opt/airflow/dags/create_dag_with_taskflow.py for tasks to queue
[2024-09-26T02:58:52.364+0000] {logging_mixin.py:190} INFO - [2024-09-26T02:58:52.363+0000] {dagbag.py:587} INFO - Filling up the DagBag from /opt/airflow/dags/create_dag_with_taskflow.py
[2024-09-26T02:58:52.435+0000] {processor.py:925} INFO - DAG(s) 'dag_with_taskflow_api_v02' retrieved from /opt/airflow/dags/create_dag_with_taskflow.py
[2024-09-26T02:58:52.467+0000] {logging_mixin.py:190} INFO - [2024-09-26T02:58:52.466+0000] {dag.py:3229} INFO - Sync 1 DAGs
[2024-09-26T02:58:52.498+0000] {logging_mixin.py:190} INFO - [2024-09-26T02:58:52.498+0000] {dag.py:4156} INFO - Setting next_dagrun for dag_with_taskflow_api_v02 to 2024-09-22 00:00:00+00:00, run_after=2024-09-23 00:00:00+00:00
[2024-09-26T02:58:52.526+0000] {processor.py:208} INFO - Processing /opt/airflow/dags/create_dag_with_taskflow.py took 0.173 seconds
[2024-09-26T02:59:23.000+0000] {processor.py:186} INFO - Started process (PID=145287) to work on /opt/airflow/dags/create_dag_with_taskflow.py
[2024-09-26T02:59:23.001+0000] {processor.py:914} INFO - Processing file /opt/airflow/dags/create_dag_with_taskflow.py for tasks to queue
[2024-09-26T02:59:23.003+0000] {logging_mixin.py:190} INFO - [2024-09-26T02:59:23.003+0000] {dagbag.py:587} INFO - Filling up the DagBag from /opt/airflow/dags/create_dag_with_taskflow.py
[2024-09-26T02:59:23.079+0000] {processor.py:925} INFO - DAG(s) 'dag_with_taskflow_api_v02' retrieved from /opt/airflow/dags/create_dag_with_taskflow.py
[2024-09-26T02:59:23.108+0000] {logging_mixin.py:190} INFO - [2024-09-26T02:59:23.108+0000] {dag.py:3229} INFO - Sync 1 DAGs
[2024-09-26T02:59:23.130+0000] {logging_mixin.py:190} INFO - [2024-09-26T02:59:23.130+0000] {dag.py:4156} INFO - Setting next_dagrun for dag_with_taskflow_api_v02 to 2024-09-22 00:00:00+00:00, run_after=2024-09-23 00:00:00+00:00
[2024-09-26T02:59:23.156+0000] {processor.py:208} INFO - Processing /opt/airflow/dags/create_dag_with_taskflow.py took 0.163 seconds
[2024-09-26T02:59:53.510+0000] {processor.py:186} INFO - Started process (PID=145330) to work on /opt/airflow/dags/create_dag_with_taskflow.py
[2024-09-26T02:59:53.512+0000] {processor.py:914} INFO - Processing file /opt/airflow/dags/create_dag_with_taskflow.py for tasks to queue
[2024-09-26T02:59:53.515+0000] {logging_mixin.py:190} INFO - [2024-09-26T02:59:53.515+0000] {dagbag.py:587} INFO - Filling up the DagBag from /opt/airflow/dags/create_dag_with_taskflow.py
[2024-09-26T02:59:53.636+0000] {processor.py:925} INFO - DAG(s) 'dag_with_taskflow_api_v02' retrieved from /opt/airflow/dags/create_dag_with_taskflow.py
[2024-09-26T02:59:53.701+0000] {logging_mixin.py:190} INFO - [2024-09-26T02:59:53.701+0000] {dag.py:3229} INFO - Sync 1 DAGs
[2024-09-26T02:59:53.728+0000] {logging_mixin.py:190} INFO - [2024-09-26T02:59:53.728+0000] {dag.py:4156} INFO - Setting next_dagrun for dag_with_taskflow_api_v02 to 2024-09-22 00:00:00+00:00, run_after=2024-09-23 00:00:00+00:00
[2024-09-26T02:59:53.754+0000] {processor.py:208} INFO - Processing /opt/airflow/dags/create_dag_with_taskflow.py took 0.256 seconds
[2024-09-26T03:00:24.769+0000] {processor.py:186} INFO - Started process (PID=145373) to work on /opt/airflow/dags/create_dag_with_taskflow.py
[2024-09-26T03:00:24.770+0000] {processor.py:914} INFO - Processing file /opt/airflow/dags/create_dag_with_taskflow.py for tasks to queue
[2024-09-26T03:00:24.772+0000] {logging_mixin.py:190} INFO - [2024-09-26T03:00:24.772+0000] {dagbag.py:587} INFO - Filling up the DagBag from /opt/airflow/dags/create_dag_with_taskflow.py
[2024-09-26T03:00:24.841+0000] {processor.py:925} INFO - DAG(s) 'dag_with_taskflow_api_v02' retrieved from /opt/airflow/dags/create_dag_with_taskflow.py
[2024-09-26T03:00:24.868+0000] {logging_mixin.py:190} INFO - [2024-09-26T03:00:24.868+0000] {dag.py:3229} INFO - Sync 1 DAGs
[2024-09-26T03:00:24.890+0000] {logging_mixin.py:190} INFO - [2024-09-26T03:00:24.890+0000] {dag.py:4156} INFO - Setting next_dagrun for dag_with_taskflow_api_v02 to 2024-09-22 00:00:00+00:00, run_after=2024-09-23 00:00:00+00:00
[2024-09-26T03:00:24.914+0000] {processor.py:208} INFO - Processing /opt/airflow/dags/create_dag_with_taskflow.py took 0.151 seconds
[2024-09-26T03:00:56.285+0000] {processor.py:186} INFO - Started process (PID=145416) to work on /opt/airflow/dags/create_dag_with_taskflow.py
[2024-09-26T03:00:56.287+0000] {processor.py:914} INFO - Processing file /opt/airflow/dags/create_dag_with_taskflow.py for tasks to queue
[2024-09-26T03:00:56.289+0000] {logging_mixin.py:190} INFO - [2024-09-26T03:00:56.289+0000] {dagbag.py:587} INFO - Filling up the DagBag from /opt/airflow/dags/create_dag_with_taskflow.py
[2024-09-26T03:00:56.388+0000] {processor.py:925} INFO - DAG(s) 'dag_with_taskflow_api_v02' retrieved from /opt/airflow/dags/create_dag_with_taskflow.py
[2024-09-26T03:00:56.419+0000] {logging_mixin.py:190} INFO - [2024-09-26T03:00:56.419+0000] {dag.py:3229} INFO - Sync 1 DAGs
[2024-09-26T03:00:56.443+0000] {logging_mixin.py:190} INFO - [2024-09-26T03:00:56.443+0000] {dag.py:4156} INFO - Setting next_dagrun for dag_with_taskflow_api_v02 to 2024-09-22 00:00:00+00:00, run_after=2024-09-23 00:00:00+00:00
[2024-09-26T03:00:56.467+0000] {processor.py:208} INFO - Processing /opt/airflow/dags/create_dag_with_taskflow.py took 0.190 seconds
[2024-09-26T03:01:26.916+0000] {processor.py:186} INFO - Started process (PID=145459) to work on /opt/airflow/dags/create_dag_with_taskflow.py
[2024-09-26T03:01:26.919+0000] {processor.py:914} INFO - Processing file /opt/airflow/dags/create_dag_with_taskflow.py for tasks to queue
[2024-09-26T03:01:26.922+0000] {logging_mixin.py:190} INFO - [2024-09-26T03:01:26.921+0000] {dagbag.py:587} INFO - Filling up the DagBag from /opt/airflow/dags/create_dag_with_taskflow.py
[2024-09-26T03:01:27.024+0000] {processor.py:925} INFO - DAG(s) 'dag_with_taskflow_api_v02' retrieved from /opt/airflow/dags/create_dag_with_taskflow.py
[2024-09-26T03:01:27.051+0000] {logging_mixin.py:190} INFO - [2024-09-26T03:01:27.051+0000] {dag.py:3229} INFO - Sync 1 DAGs
[2024-09-26T03:01:27.073+0000] {logging_mixin.py:190} INFO - [2024-09-26T03:01:27.072+0000] {dag.py:4156} INFO - Setting next_dagrun for dag_with_taskflow_api_v02 to 2024-09-22 00:00:00+00:00, run_after=2024-09-23 00:00:00+00:00
[2024-09-26T03:01:27.105+0000] {processor.py:208} INFO - Processing /opt/airflow/dags/create_dag_with_taskflow.py took 0.195 seconds
[2024-09-26T03:01:57.539+0000] {processor.py:186} INFO - Started process (PID=145502) to work on /opt/airflow/dags/create_dag_with_taskflow.py
[2024-09-26T03:01:57.541+0000] {processor.py:914} INFO - Processing file /opt/airflow/dags/create_dag_with_taskflow.py for tasks to queue
[2024-09-26T03:01:57.545+0000] {logging_mixin.py:190} INFO - [2024-09-26T03:01:57.544+0000] {dagbag.py:587} INFO - Filling up the DagBag from /opt/airflow/dags/create_dag_with_taskflow.py
[2024-09-26T03:01:57.837+0000] {processor.py:925} INFO - DAG(s) 'dag_with_taskflow_api_v02' retrieved from /opt/airflow/dags/create_dag_with_taskflow.py
[2024-09-26T03:01:57.865+0000] {logging_mixin.py:190} INFO - [2024-09-26T03:01:57.864+0000] {dag.py:3229} INFO - Sync 1 DAGs
[2024-09-26T03:01:57.891+0000] {logging_mixin.py:190} INFO - [2024-09-26T03:01:57.891+0000] {dag.py:4156} INFO - Setting next_dagrun for dag_with_taskflow_api_v02 to 2024-09-22 00:00:00+00:00, run_after=2024-09-23 00:00:00+00:00
[2024-09-26T03:01:57.913+0000] {processor.py:208} INFO - Processing /opt/airflow/dags/create_dag_with_taskflow.py took 0.390 seconds
[2024-09-26T03:02:28.623+0000] {processor.py:186} INFO - Started process (PID=145545) to work on /opt/airflow/dags/create_dag_with_taskflow.py
[2024-09-26T03:02:28.625+0000] {processor.py:914} INFO - Processing file /opt/airflow/dags/create_dag_with_taskflow.py for tasks to queue
[2024-09-26T03:02:28.628+0000] {logging_mixin.py:190} INFO - [2024-09-26T03:02:28.627+0000] {dagbag.py:587} INFO - Filling up the DagBag from /opt/airflow/dags/create_dag_with_taskflow.py
[2024-09-26T03:02:28.704+0000] {processor.py:925} INFO - DAG(s) 'dag_with_taskflow_api_v02' retrieved from /opt/airflow/dags/create_dag_with_taskflow.py
[2024-09-26T03:02:28.730+0000] {logging_mixin.py:190} INFO - [2024-09-26T03:02:28.730+0000] {dag.py:3229} INFO - Sync 1 DAGs
[2024-09-26T03:02:28.751+0000] {logging_mixin.py:190} INFO - [2024-09-26T03:02:28.751+0000] {dag.py:4156} INFO - Setting next_dagrun for dag_with_taskflow_api_v02 to 2024-09-22 00:00:00+00:00, run_after=2024-09-23 00:00:00+00:00
[2024-09-26T03:02:28.783+0000] {processor.py:208} INFO - Processing /opt/airflow/dags/create_dag_with_taskflow.py took 0.176 seconds
[2024-09-26T03:02:59.541+0000] {processor.py:186} INFO - Started process (PID=145588) to work on /opt/airflow/dags/create_dag_with_taskflow.py
[2024-09-26T03:02:59.543+0000] {processor.py:914} INFO - Processing file /opt/airflow/dags/create_dag_with_taskflow.py for tasks to queue
[2024-09-26T03:02:59.545+0000] {logging_mixin.py:190} INFO - [2024-09-26T03:02:59.545+0000] {dagbag.py:587} INFO - Filling up the DagBag from /opt/airflow/dags/create_dag_with_taskflow.py
[2024-09-26T03:02:59.661+0000] {processor.py:925} INFO - DAG(s) 'dag_with_taskflow_api_v02' retrieved from /opt/airflow/dags/create_dag_with_taskflow.py
[2024-09-26T03:02:59.686+0000] {logging_mixin.py:190} INFO - [2024-09-26T03:02:59.686+0000] {dag.py:3229} INFO - Sync 1 DAGs
[2024-09-26T03:02:59.711+0000] {logging_mixin.py:190} INFO - [2024-09-26T03:02:59.711+0000] {dag.py:4156} INFO - Setting next_dagrun for dag_with_taskflow_api_v02 to 2024-09-22 00:00:00+00:00, run_after=2024-09-23 00:00:00+00:00
[2024-09-26T03:02:59.740+0000] {processor.py:208} INFO - Processing /opt/airflow/dags/create_dag_with_taskflow.py took 0.211 seconds
[2024-09-26T03:03:30.548+0000] {processor.py:186} INFO - Started process (PID=145631) to work on /opt/airflow/dags/create_dag_with_taskflow.py
[2024-09-26T03:03:30.550+0000] {processor.py:914} INFO - Processing file /opt/airflow/dags/create_dag_with_taskflow.py for tasks to queue
[2024-09-26T03:03:30.552+0000] {logging_mixin.py:190} INFO - [2024-09-26T03:03:30.551+0000] {dagbag.py:587} INFO - Filling up the DagBag from /opt/airflow/dags/create_dag_with_taskflow.py
[2024-09-26T03:03:30.633+0000] {processor.py:925} INFO - DAG(s) 'dag_with_taskflow_api_v02' retrieved from /opt/airflow/dags/create_dag_with_taskflow.py
[2024-09-26T03:03:30.657+0000] {logging_mixin.py:190} INFO - [2024-09-26T03:03:30.657+0000] {dag.py:3229} INFO - Sync 1 DAGs
[2024-09-26T03:03:30.675+0000] {logging_mixin.py:190} INFO - [2024-09-26T03:03:30.675+0000] {dag.py:4156} INFO - Setting next_dagrun for dag_with_taskflow_api_v02 to 2024-09-22 00:00:00+00:00, run_after=2024-09-23 00:00:00+00:00
[2024-09-26T03:03:30.695+0000] {processor.py:208} INFO - Processing /opt/airflow/dags/create_dag_with_taskflow.py took 0.155 seconds
[2024-09-26T03:04:01.166+0000] {processor.py:186} INFO - Started process (PID=145674) to work on /opt/airflow/dags/create_dag_with_taskflow.py
[2024-09-26T03:04:01.169+0000] {processor.py:914} INFO - Processing file /opt/airflow/dags/create_dag_with_taskflow.py for tasks to queue
[2024-09-26T03:04:01.173+0000] {logging_mixin.py:190} INFO - [2024-09-26T03:04:01.172+0000] {dagbag.py:587} INFO - Filling up the DagBag from /opt/airflow/dags/create_dag_with_taskflow.py
[2024-09-26T03:04:01.304+0000] {processor.py:925} INFO - DAG(s) 'dag_with_taskflow_api_v02' retrieved from /opt/airflow/dags/create_dag_with_taskflow.py
[2024-09-26T03:04:01.327+0000] {logging_mixin.py:190} INFO - [2024-09-26T03:04:01.327+0000] {dag.py:3229} INFO - Sync 1 DAGs
[2024-09-26T03:04:01.347+0000] {logging_mixin.py:190} INFO - [2024-09-26T03:04:01.347+0000] {dag.py:4156} INFO - Setting next_dagrun for dag_with_taskflow_api_v02 to 2024-09-22 00:00:00+00:00, run_after=2024-09-23 00:00:00+00:00
[2024-09-26T03:04:01.372+0000] {processor.py:208} INFO - Processing /opt/airflow/dags/create_dag_with_taskflow.py took 0.217 seconds
[2024-09-26T03:04:32.107+0000] {processor.py:186} INFO - Started process (PID=145717) to work on /opt/airflow/dags/create_dag_with_taskflow.py
[2024-09-26T03:04:32.110+0000] {processor.py:914} INFO - Processing file /opt/airflow/dags/create_dag_with_taskflow.py for tasks to queue
[2024-09-26T03:04:32.115+0000] {logging_mixin.py:190} INFO - [2024-09-26T03:04:32.114+0000] {dagbag.py:587} INFO - Filling up the DagBag from /opt/airflow/dags/create_dag_with_taskflow.py
[2024-09-26T03:04:32.323+0000] {processor.py:925} INFO - DAG(s) 'dag_with_taskflow_api_v02' retrieved from /opt/airflow/dags/create_dag_with_taskflow.py
[2024-09-26T03:04:32.351+0000] {logging_mixin.py:190} INFO - [2024-09-26T03:04:32.350+0000] {dag.py:3229} INFO - Sync 1 DAGs
[2024-09-26T03:04:32.402+0000] {logging_mixin.py:190} INFO - [2024-09-26T03:04:32.402+0000] {dag.py:4156} INFO - Setting next_dagrun for dag_with_taskflow_api_v02 to 2024-09-22 00:00:00+00:00, run_after=2024-09-23 00:00:00+00:00
[2024-09-26T03:04:32.447+0000] {processor.py:208} INFO - Processing /opt/airflow/dags/create_dag_with_taskflow.py took 0.355 seconds
[2024-09-26T03:05:02.936+0000] {processor.py:186} INFO - Started process (PID=145760) to work on /opt/airflow/dags/create_dag_with_taskflow.py
[2024-09-26T03:05:02.940+0000] {processor.py:914} INFO - Processing file /opt/airflow/dags/create_dag_with_taskflow.py for tasks to queue
[2024-09-26T03:05:02.945+0000] {logging_mixin.py:190} INFO - [2024-09-26T03:05:02.944+0000] {dagbag.py:587} INFO - Filling up the DagBag from /opt/airflow/dags/create_dag_with_taskflow.py
[2024-09-26T03:05:03.077+0000] {processor.py:925} INFO - DAG(s) 'dag_with_taskflow_api_v02' retrieved from /opt/airflow/dags/create_dag_with_taskflow.py
[2024-09-26T03:05:03.149+0000] {logging_mixin.py:190} INFO - [2024-09-26T03:05:03.149+0000] {dag.py:3229} INFO - Sync 1 DAGs
[2024-09-26T03:05:03.221+0000] {logging_mixin.py:190} INFO - [2024-09-26T03:05:03.220+0000] {dag.py:4156} INFO - Setting next_dagrun for dag_with_taskflow_api_v02 to 2024-09-22 00:00:00+00:00, run_after=2024-09-23 00:00:00+00:00
[2024-09-26T03:05:03.275+0000] {processor.py:208} INFO - Processing /opt/airflow/dags/create_dag_with_taskflow.py took 0.356 seconds
[2024-09-26T03:05:33.634+0000] {processor.py:186} INFO - Started process (PID=145801) to work on /opt/airflow/dags/create_dag_with_taskflow.py
[2024-09-26T03:05:33.635+0000] {processor.py:914} INFO - Processing file /opt/airflow/dags/create_dag_with_taskflow.py for tasks to queue
[2024-09-26T03:05:33.637+0000] {logging_mixin.py:190} INFO - [2024-09-26T03:05:33.637+0000] {dagbag.py:587} INFO - Filling up the DagBag from /opt/airflow/dags/create_dag_with_taskflow.py
[2024-09-26T03:05:33.724+0000] {processor.py:925} INFO - DAG(s) 'dag_with_taskflow_api_v02' retrieved from /opt/airflow/dags/create_dag_with_taskflow.py
[2024-09-26T03:05:33.754+0000] {logging_mixin.py:190} INFO - [2024-09-26T03:05:33.754+0000] {dag.py:3229} INFO - Sync 1 DAGs
[2024-09-26T03:05:33.779+0000] {logging_mixin.py:190} INFO - [2024-09-26T03:05:33.779+0000] {dag.py:4156} INFO - Setting next_dagrun for dag_with_taskflow_api_v02 to 2024-09-22 00:00:00+00:00, run_after=2024-09-23 00:00:00+00:00
[2024-09-26T03:05:33.806+0000] {processor.py:208} INFO - Processing /opt/airflow/dags/create_dag_with_taskflow.py took 0.179 seconds
[2024-09-26T03:06:04.251+0000] {processor.py:186} INFO - Started process (PID=145844) to work on /opt/airflow/dags/create_dag_with_taskflow.py
[2024-09-26T03:06:04.253+0000] {processor.py:914} INFO - Processing file /opt/airflow/dags/create_dag_with_taskflow.py for tasks to queue
[2024-09-26T03:06:04.258+0000] {logging_mixin.py:190} INFO - [2024-09-26T03:06:04.256+0000] {dagbag.py:587} INFO - Filling up the DagBag from /opt/airflow/dags/create_dag_with_taskflow.py
[2024-09-26T03:06:04.336+0000] {processor.py:925} INFO - DAG(s) 'dag_with_taskflow_api_v02' retrieved from /opt/airflow/dags/create_dag_with_taskflow.py
[2024-09-26T03:06:04.363+0000] {logging_mixin.py:190} INFO - [2024-09-26T03:06:04.363+0000] {dag.py:3229} INFO - Sync 1 DAGs
[2024-09-26T03:06:04.392+0000] {logging_mixin.py:190} INFO - [2024-09-26T03:06:04.392+0000] {dag.py:4156} INFO - Setting next_dagrun for dag_with_taskflow_api_v02 to 2024-09-22 00:00:00+00:00, run_after=2024-09-23 00:00:00+00:00
[2024-09-26T03:06:04.418+0000] {processor.py:208} INFO - Processing /opt/airflow/dags/create_dag_with_taskflow.py took 0.185 seconds
[2024-09-26T03:06:34.869+0000] {processor.py:186} INFO - Started process (PID=145887) to work on /opt/airflow/dags/create_dag_with_taskflow.py
[2024-09-26T03:06:34.871+0000] {processor.py:914} INFO - Processing file /opt/airflow/dags/create_dag_with_taskflow.py for tasks to queue
[2024-09-26T03:06:34.874+0000] {logging_mixin.py:190} INFO - [2024-09-26T03:06:34.873+0000] {dagbag.py:587} INFO - Filling up the DagBag from /opt/airflow/dags/create_dag_with_taskflow.py
[2024-09-26T03:06:34.945+0000] {processor.py:925} INFO - DAG(s) 'dag_with_taskflow_api_v02' retrieved from /opt/airflow/dags/create_dag_with_taskflow.py
[2024-09-26T03:06:34.973+0000] {logging_mixin.py:190} INFO - [2024-09-26T03:06:34.972+0000] {dag.py:3229} INFO - Sync 1 DAGs
[2024-09-26T03:06:34.997+0000] {logging_mixin.py:190} INFO - [2024-09-26T03:06:34.996+0000] {dag.py:4156} INFO - Setting next_dagrun for dag_with_taskflow_api_v02 to 2024-09-22 00:00:00+00:00, run_after=2024-09-23 00:00:00+00:00
[2024-09-26T03:06:35.018+0000] {processor.py:208} INFO - Processing /opt/airflow/dags/create_dag_with_taskflow.py took 0.160 seconds
[2024-09-26T03:07:05.624+0000] {processor.py:186} INFO - Started process (PID=145930) to work on /opt/airflow/dags/create_dag_with_taskflow.py
[2024-09-26T03:07:05.625+0000] {processor.py:914} INFO - Processing file /opt/airflow/dags/create_dag_with_taskflow.py for tasks to queue
[2024-09-26T03:07:05.627+0000] {logging_mixin.py:190} INFO - [2024-09-26T03:07:05.627+0000] {dagbag.py:587} INFO - Filling up the DagBag from /opt/airflow/dags/create_dag_with_taskflow.py
[2024-09-26T03:07:05.692+0000] {processor.py:925} INFO - DAG(s) 'dag_with_taskflow_api_v02' retrieved from /opt/airflow/dags/create_dag_with_taskflow.py
[2024-09-26T03:07:05.721+0000] {logging_mixin.py:190} INFO - [2024-09-26T03:07:05.721+0000] {dag.py:3229} INFO - Sync 1 DAGs
[2024-09-26T03:07:05.744+0000] {logging_mixin.py:190} INFO - [2024-09-26T03:07:05.744+0000] {dag.py:4156} INFO - Setting next_dagrun for dag_with_taskflow_api_v02 to 2024-09-22 00:00:00+00:00, run_after=2024-09-23 00:00:00+00:00
[2024-09-26T03:07:05.771+0000] {processor.py:208} INFO - Processing /opt/airflow/dags/create_dag_with_taskflow.py took 0.154 seconds
[2024-09-26T03:07:36.397+0000] {processor.py:186} INFO - Started process (PID=145973) to work on /opt/airflow/dags/create_dag_with_taskflow.py
[2024-09-26T03:07:36.399+0000] {processor.py:914} INFO - Processing file /opt/airflow/dags/create_dag_with_taskflow.py for tasks to queue
[2024-09-26T03:07:36.400+0000] {logging_mixin.py:190} INFO - [2024-09-26T03:07:36.400+0000] {dagbag.py:587} INFO - Filling up the DagBag from /opt/airflow/dags/create_dag_with_taskflow.py
[2024-09-26T03:07:36.501+0000] {processor.py:925} INFO - DAG(s) 'dag_with_taskflow_api_v02' retrieved from /opt/airflow/dags/create_dag_with_taskflow.py
[2024-09-26T03:07:36.531+0000] {logging_mixin.py:190} INFO - [2024-09-26T03:07:36.530+0000] {dag.py:3229} INFO - Sync 1 DAGs
[2024-09-26T03:07:36.552+0000] {logging_mixin.py:190} INFO - [2024-09-26T03:07:36.552+0000] {dag.py:4156} INFO - Setting next_dagrun for dag_with_taskflow_api_v02 to 2024-09-22 00:00:00+00:00, run_after=2024-09-23 00:00:00+00:00
[2024-09-26T03:07:36.576+0000] {processor.py:208} INFO - Processing /opt/airflow/dags/create_dag_with_taskflow.py took 0.187 seconds
[2024-09-26T03:08:07.093+0000] {processor.py:186} INFO - Started process (PID=146016) to work on /opt/airflow/dags/create_dag_with_taskflow.py
[2024-09-26T03:08:07.094+0000] {processor.py:914} INFO - Processing file /opt/airflow/dags/create_dag_with_taskflow.py for tasks to queue
[2024-09-26T03:08:07.096+0000] {logging_mixin.py:190} INFO - [2024-09-26T03:08:07.096+0000] {dagbag.py:587} INFO - Filling up the DagBag from /opt/airflow/dags/create_dag_with_taskflow.py
[2024-09-26T03:08:07.193+0000] {processor.py:925} INFO - DAG(s) 'dag_with_taskflow_api_v02' retrieved from /opt/airflow/dags/create_dag_with_taskflow.py
[2024-09-26T03:08:07.221+0000] {logging_mixin.py:190} INFO - [2024-09-26T03:08:07.221+0000] {dag.py:3229} INFO - Sync 1 DAGs
[2024-09-26T03:08:07.241+0000] {logging_mixin.py:190} INFO - [2024-09-26T03:08:07.241+0000] {dag.py:4156} INFO - Setting next_dagrun for dag_with_taskflow_api_v02 to 2024-09-22 00:00:00+00:00, run_after=2024-09-23 00:00:00+00:00
[2024-09-26T03:08:07.265+0000] {processor.py:208} INFO - Processing /opt/airflow/dags/create_dag_with_taskflow.py took 0.179 seconds
[2024-09-26T03:08:37.744+0000] {processor.py:186} INFO - Started process (PID=146059) to work on /opt/airflow/dags/create_dag_with_taskflow.py
[2024-09-26T03:08:37.747+0000] {processor.py:914} INFO - Processing file /opt/airflow/dags/create_dag_with_taskflow.py for tasks to queue
[2024-09-26T03:08:37.749+0000] {logging_mixin.py:190} INFO - [2024-09-26T03:08:37.749+0000] {dagbag.py:587} INFO - Filling up the DagBag from /opt/airflow/dags/create_dag_with_taskflow.py
[2024-09-26T03:08:37.865+0000] {processor.py:925} INFO - DAG(s) 'dag_with_taskflow_api_v02' retrieved from /opt/airflow/dags/create_dag_with_taskflow.py
[2024-09-26T03:08:37.890+0000] {logging_mixin.py:190} INFO - [2024-09-26T03:08:37.890+0000] {dag.py:3229} INFO - Sync 1 DAGs
[2024-09-26T03:08:37.913+0000] {logging_mixin.py:190} INFO - [2024-09-26T03:08:37.913+0000] {dag.py:4156} INFO - Setting next_dagrun for dag_with_taskflow_api_v02 to 2024-09-22 00:00:00+00:00, run_after=2024-09-23 00:00:00+00:00
[2024-09-26T03:08:37.934+0000] {processor.py:208} INFO - Processing /opt/airflow/dags/create_dag_with_taskflow.py took 0.200 seconds
[2024-09-26T03:09:08.599+0000] {processor.py:186} INFO - Started process (PID=146102) to work on /opt/airflow/dags/create_dag_with_taskflow.py
[2024-09-26T03:09:08.601+0000] {processor.py:914} INFO - Processing file /opt/airflow/dags/create_dag_with_taskflow.py for tasks to queue
[2024-09-26T03:09:08.604+0000] {logging_mixin.py:190} INFO - [2024-09-26T03:09:08.604+0000] {dagbag.py:587} INFO - Filling up the DagBag from /opt/airflow/dags/create_dag_with_taskflow.py
[2024-09-26T03:09:08.702+0000] {processor.py:925} INFO - DAG(s) 'dag_with_taskflow_api_v02' retrieved from /opt/airflow/dags/create_dag_with_taskflow.py
[2024-09-26T03:09:08.728+0000] {logging_mixin.py:190} INFO - [2024-09-26T03:09:08.728+0000] {dag.py:3229} INFO - Sync 1 DAGs
[2024-09-26T03:09:08.750+0000] {logging_mixin.py:190} INFO - [2024-09-26T03:09:08.750+0000] {dag.py:4156} INFO - Setting next_dagrun for dag_with_taskflow_api_v02 to 2024-09-22 00:00:00+00:00, run_after=2024-09-23 00:00:00+00:00
[2024-09-26T03:09:08.779+0000] {processor.py:208} INFO - Processing /opt/airflow/dags/create_dag_with_taskflow.py took 0.191 seconds
[2024-09-26T03:09:39.383+0000] {processor.py:186} INFO - Started process (PID=146145) to work on /opt/airflow/dags/create_dag_with_taskflow.py
[2024-09-26T03:09:39.385+0000] {processor.py:914} INFO - Processing file /opt/airflow/dags/create_dag_with_taskflow.py for tasks to queue
[2024-09-26T03:09:39.387+0000] {logging_mixin.py:190} INFO - [2024-09-26T03:09:39.387+0000] {dagbag.py:587} INFO - Filling up the DagBag from /opt/airflow/dags/create_dag_with_taskflow.py
[2024-09-26T03:09:39.491+0000] {processor.py:925} INFO - DAG(s) 'dag_with_taskflow_api_v02' retrieved from /opt/airflow/dags/create_dag_with_taskflow.py
[2024-09-26T03:09:39.518+0000] {logging_mixin.py:190} INFO - [2024-09-26T03:09:39.518+0000] {dag.py:3229} INFO - Sync 1 DAGs
[2024-09-26T03:09:39.540+0000] {logging_mixin.py:190} INFO - [2024-09-26T03:09:39.540+0000] {dag.py:4156} INFO - Setting next_dagrun for dag_with_taskflow_api_v02 to 2024-09-22 00:00:00+00:00, run_after=2024-09-23 00:00:00+00:00
[2024-09-26T03:09:39.562+0000] {processor.py:208} INFO - Processing /opt/airflow/dags/create_dag_with_taskflow.py took 0.188 seconds
[2024-09-26T03:10:09.824+0000] {processor.py:186} INFO - Started process (PID=146188) to work on /opt/airflow/dags/create_dag_with_taskflow.py
[2024-09-26T03:10:09.826+0000] {processor.py:914} INFO - Processing file /opt/airflow/dags/create_dag_with_taskflow.py for tasks to queue
[2024-09-26T03:10:09.829+0000] {logging_mixin.py:190} INFO - [2024-09-26T03:10:09.828+0000] {dagbag.py:587} INFO - Filling up the DagBag from /opt/airflow/dags/create_dag_with_taskflow.py
[2024-09-26T03:10:09.946+0000] {processor.py:925} INFO - DAG(s) 'dag_with_taskflow_api_v02' retrieved from /opt/airflow/dags/create_dag_with_taskflow.py
[2024-09-26T03:10:09.980+0000] {logging_mixin.py:190} INFO - [2024-09-26T03:10:09.980+0000] {dag.py:3229} INFO - Sync 1 DAGs
[2024-09-26T03:10:10.002+0000] {logging_mixin.py:190} INFO - [2024-09-26T03:10:10.002+0000] {dag.py:4156} INFO - Setting next_dagrun for dag_with_taskflow_api_v02 to 2024-09-22 00:00:00+00:00, run_after=2024-09-23 00:00:00+00:00
[2024-09-26T03:10:10.030+0000] {processor.py:208} INFO - Processing /opt/airflow/dags/create_dag_with_taskflow.py took 0.212 seconds
[2024-09-26T03:10:40.563+0000] {processor.py:186} INFO - Started process (PID=146231) to work on /opt/airflow/dags/create_dag_with_taskflow.py
[2024-09-26T03:10:40.566+0000] {processor.py:914} INFO - Processing file /opt/airflow/dags/create_dag_with_taskflow.py for tasks to queue
[2024-09-26T03:10:40.570+0000] {logging_mixin.py:190} INFO - [2024-09-26T03:10:40.569+0000] {dagbag.py:587} INFO - Filling up the DagBag from /opt/airflow/dags/create_dag_with_taskflow.py
[2024-09-26T03:10:40.684+0000] {processor.py:925} INFO - DAG(s) 'dag_with_taskflow_api_v02' retrieved from /opt/airflow/dags/create_dag_with_taskflow.py
[2024-09-26T03:10:40.715+0000] {logging_mixin.py:190} INFO - [2024-09-26T03:10:40.714+0000] {dag.py:3229} INFO - Sync 1 DAGs
[2024-09-26T03:10:40.746+0000] {logging_mixin.py:190} INFO - [2024-09-26T03:10:40.746+0000] {dag.py:4156} INFO - Setting next_dagrun for dag_with_taskflow_api_v02 to 2024-09-22 00:00:00+00:00, run_after=2024-09-23 00:00:00+00:00
[2024-09-26T03:10:40.775+0000] {processor.py:208} INFO - Processing /opt/airflow/dags/create_dag_with_taskflow.py took 0.218 seconds
[2024-09-26T03:11:11.260+0000] {processor.py:186} INFO - Started process (PID=146274) to work on /opt/airflow/dags/create_dag_with_taskflow.py
[2024-09-26T03:11:11.262+0000] {processor.py:914} INFO - Processing file /opt/airflow/dags/create_dag_with_taskflow.py for tasks to queue
[2024-09-26T03:11:11.264+0000] {logging_mixin.py:190} INFO - [2024-09-26T03:11:11.264+0000] {dagbag.py:587} INFO - Filling up the DagBag from /opt/airflow/dags/create_dag_with_taskflow.py
[2024-09-26T03:11:11.363+0000] {processor.py:925} INFO - DAG(s) 'dag_with_taskflow_api_v02' retrieved from /opt/airflow/dags/create_dag_with_taskflow.py
[2024-09-26T03:11:11.389+0000] {logging_mixin.py:190} INFO - [2024-09-26T03:11:11.389+0000] {dag.py:3229} INFO - Sync 1 DAGs
[2024-09-26T03:11:11.409+0000] {logging_mixin.py:190} INFO - [2024-09-26T03:11:11.409+0000] {dag.py:4156} INFO - Setting next_dagrun for dag_with_taskflow_api_v02 to 2024-09-22 00:00:00+00:00, run_after=2024-09-23 00:00:00+00:00
[2024-09-26T03:11:11.432+0000] {processor.py:208} INFO - Processing /opt/airflow/dags/create_dag_with_taskflow.py took 0.180 seconds
[2024-09-26T03:11:42.007+0000] {processor.py:186} INFO - Started process (PID=146317) to work on /opt/airflow/dags/create_dag_with_taskflow.py
[2024-09-26T03:11:42.011+0000] {processor.py:914} INFO - Processing file /opt/airflow/dags/create_dag_with_taskflow.py for tasks to queue
[2024-09-26T03:11:42.018+0000] {logging_mixin.py:190} INFO - [2024-09-26T03:11:42.017+0000] {dagbag.py:587} INFO - Filling up the DagBag from /opt/airflow/dags/create_dag_with_taskflow.py
[2024-09-26T03:11:42.151+0000] {processor.py:925} INFO - DAG(s) 'dag_with_taskflow_api_v02' retrieved from /opt/airflow/dags/create_dag_with_taskflow.py
[2024-09-26T03:11:42.188+0000] {logging_mixin.py:190} INFO - [2024-09-26T03:11:42.188+0000] {dag.py:3229} INFO - Sync 1 DAGs
[2024-09-26T03:11:42.242+0000] {logging_mixin.py:190} INFO - [2024-09-26T03:11:42.242+0000] {dag.py:4156} INFO - Setting next_dagrun for dag_with_taskflow_api_v02 to 2024-09-22 00:00:00+00:00, run_after=2024-09-23 00:00:00+00:00
[2024-09-26T03:11:42.283+0000] {processor.py:208} INFO - Processing /opt/airflow/dags/create_dag_with_taskflow.py took 0.298 seconds
[2024-09-26T03:12:12.708+0000] {processor.py:186} INFO - Started process (PID=146360) to work on /opt/airflow/dags/create_dag_with_taskflow.py
[2024-09-26T03:12:12.710+0000] {processor.py:914} INFO - Processing file /opt/airflow/dags/create_dag_with_taskflow.py for tasks to queue
[2024-09-26T03:12:12.713+0000] {logging_mixin.py:190} INFO - [2024-09-26T03:12:12.712+0000] {dagbag.py:587} INFO - Filling up the DagBag from /opt/airflow/dags/create_dag_with_taskflow.py
[2024-09-26T03:12:12.807+0000] {processor.py:925} INFO - DAG(s) 'dag_with_taskflow_api_v02' retrieved from /opt/airflow/dags/create_dag_with_taskflow.py
[2024-09-26T03:12:12.833+0000] {logging_mixin.py:190} INFO - [2024-09-26T03:12:12.832+0000] {dag.py:3229} INFO - Sync 1 DAGs
[2024-09-26T03:12:12.853+0000] {logging_mixin.py:190} INFO - [2024-09-26T03:12:12.853+0000] {dag.py:4156} INFO - Setting next_dagrun for dag_with_taskflow_api_v02 to 2024-09-22 00:00:00+00:00, run_after=2024-09-23 00:00:00+00:00
[2024-09-26T03:12:12.873+0000] {processor.py:208} INFO - Processing /opt/airflow/dags/create_dag_with_taskflow.py took 0.175 seconds
[2024-09-26T03:12:43.388+0000] {processor.py:186} INFO - Started process (PID=146403) to work on /opt/airflow/dags/create_dag_with_taskflow.py
[2024-09-26T03:12:43.390+0000] {processor.py:914} INFO - Processing file /opt/airflow/dags/create_dag_with_taskflow.py for tasks to queue
[2024-09-26T03:12:43.393+0000] {logging_mixin.py:190} INFO - [2024-09-26T03:12:43.392+0000] {dagbag.py:587} INFO - Filling up the DagBag from /opt/airflow/dags/create_dag_with_taskflow.py
[2024-09-26T03:12:43.469+0000] {processor.py:925} INFO - DAG(s) 'dag_with_taskflow_api_v02' retrieved from /opt/airflow/dags/create_dag_with_taskflow.py
[2024-09-26T03:12:43.525+0000] {logging_mixin.py:190} INFO - [2024-09-26T03:12:43.525+0000] {dag.py:3229} INFO - Sync 1 DAGs
[2024-09-26T03:12:43.581+0000] {logging_mixin.py:190} INFO - [2024-09-26T03:12:43.581+0000] {dag.py:4156} INFO - Setting next_dagrun for dag_with_taskflow_api_v02 to 2024-09-22 00:00:00+00:00, run_after=2024-09-23 00:00:00+00:00
[2024-09-26T03:12:43.613+0000] {processor.py:208} INFO - Processing /opt/airflow/dags/create_dag_with_taskflow.py took 0.231 seconds
[2024-09-26T03:13:14.017+0000] {processor.py:186} INFO - Started process (PID=146446) to work on /opt/airflow/dags/create_dag_with_taskflow.py
[2024-09-26T03:13:14.019+0000] {processor.py:914} INFO - Processing file /opt/airflow/dags/create_dag_with_taskflow.py for tasks to queue
[2024-09-26T03:13:14.021+0000] {logging_mixin.py:190} INFO - [2024-09-26T03:13:14.020+0000] {dagbag.py:587} INFO - Filling up the DagBag from /opt/airflow/dags/create_dag_with_taskflow.py
[2024-09-26T03:13:14.158+0000] {processor.py:925} INFO - DAG(s) 'dag_with_taskflow_api_v02' retrieved from /opt/airflow/dags/create_dag_with_taskflow.py
[2024-09-26T03:13:14.189+0000] {logging_mixin.py:190} INFO - [2024-09-26T03:13:14.189+0000] {dag.py:3229} INFO - Sync 1 DAGs
[2024-09-26T03:13:14.219+0000] {logging_mixin.py:190} INFO - [2024-09-26T03:13:14.219+0000] {dag.py:4156} INFO - Setting next_dagrun for dag_with_taskflow_api_v02 to 2024-09-22 00:00:00+00:00, run_after=2024-09-23 00:00:00+00:00
[2024-09-26T03:13:14.249+0000] {processor.py:208} INFO - Processing /opt/airflow/dags/create_dag_with_taskflow.py took 0.240 seconds
[2024-09-26T03:13:44.610+0000] {processor.py:186} INFO - Started process (PID=146489) to work on /opt/airflow/dags/create_dag_with_taskflow.py
[2024-09-26T03:13:44.611+0000] {processor.py:914} INFO - Processing file /opt/airflow/dags/create_dag_with_taskflow.py for tasks to queue
[2024-09-26T03:13:44.613+0000] {logging_mixin.py:190} INFO - [2024-09-26T03:13:44.613+0000] {dagbag.py:587} INFO - Filling up the DagBag from /opt/airflow/dags/create_dag_with_taskflow.py
[2024-09-26T03:13:44.686+0000] {processor.py:925} INFO - DAG(s) 'dag_with_taskflow_api_v02' retrieved from /opt/airflow/dags/create_dag_with_taskflow.py
[2024-09-26T03:13:44.715+0000] {logging_mixin.py:190} INFO - [2024-09-26T03:13:44.715+0000] {dag.py:3229} INFO - Sync 1 DAGs
[2024-09-26T03:13:44.742+0000] {logging_mixin.py:190} INFO - [2024-09-26T03:13:44.741+0000] {dag.py:4156} INFO - Setting next_dagrun for dag_with_taskflow_api_v02 to 2024-09-22 00:00:00+00:00, run_after=2024-09-23 00:00:00+00:00
[2024-09-26T03:13:44.769+0000] {processor.py:208} INFO - Processing /opt/airflow/dags/create_dag_with_taskflow.py took 0.166 seconds
[2024-09-26T03:14:15.115+0000] {processor.py:186} INFO - Started process (PID=146532) to work on /opt/airflow/dags/create_dag_with_taskflow.py
[2024-09-26T03:14:15.117+0000] {processor.py:914} INFO - Processing file /opt/airflow/dags/create_dag_with_taskflow.py for tasks to queue
[2024-09-26T03:14:15.119+0000] {logging_mixin.py:190} INFO - [2024-09-26T03:14:15.119+0000] {dagbag.py:587} INFO - Filling up the DagBag from /opt/airflow/dags/create_dag_with_taskflow.py
[2024-09-26T03:14:15.220+0000] {processor.py:925} INFO - DAG(s) 'dag_with_taskflow_api_v02' retrieved from /opt/airflow/dags/create_dag_with_taskflow.py
[2024-09-26T03:14:15.251+0000] {logging_mixin.py:190} INFO - [2024-09-26T03:14:15.250+0000] {dag.py:3229} INFO - Sync 1 DAGs
[2024-09-26T03:14:15.279+0000] {logging_mixin.py:190} INFO - [2024-09-26T03:14:15.278+0000] {dag.py:4156} INFO - Setting next_dagrun for dag_with_taskflow_api_v02 to 2024-09-22 00:00:00+00:00, run_after=2024-09-23 00:00:00+00:00
[2024-09-26T03:14:15.304+0000] {processor.py:208} INFO - Processing /opt/airflow/dags/create_dag_with_taskflow.py took 0.200 seconds
[2024-09-26T03:14:45.806+0000] {processor.py:186} INFO - Started process (PID=146575) to work on /opt/airflow/dags/create_dag_with_taskflow.py
[2024-09-26T03:14:45.808+0000] {processor.py:914} INFO - Processing file /opt/airflow/dags/create_dag_with_taskflow.py for tasks to queue
[2024-09-26T03:14:45.810+0000] {logging_mixin.py:190} INFO - [2024-09-26T03:14:45.809+0000] {dagbag.py:587} INFO - Filling up the DagBag from /opt/airflow/dags/create_dag_with_taskflow.py
[2024-09-26T03:14:45.888+0000] {processor.py:925} INFO - DAG(s) 'dag_with_taskflow_api_v02' retrieved from /opt/airflow/dags/create_dag_with_taskflow.py
[2024-09-26T03:14:45.914+0000] {logging_mixin.py:190} INFO - [2024-09-26T03:14:45.914+0000] {dag.py:3229} INFO - Sync 1 DAGs
[2024-09-26T03:14:45.936+0000] {logging_mixin.py:190} INFO - [2024-09-26T03:14:45.936+0000] {dag.py:4156} INFO - Setting next_dagrun for dag_with_taskflow_api_v02 to 2024-09-22 00:00:00+00:00, run_after=2024-09-23 00:00:00+00:00
[2024-09-26T03:14:45.959+0000] {processor.py:208} INFO - Processing /opt/airflow/dags/create_dag_with_taskflow.py took 0.160 seconds
[2024-09-26T03:15:16.632+0000] {processor.py:186} INFO - Started process (PID=146618) to work on /opt/airflow/dags/create_dag_with_taskflow.py
[2024-09-26T03:15:16.634+0000] {processor.py:914} INFO - Processing file /opt/airflow/dags/create_dag_with_taskflow.py for tasks to queue
[2024-09-26T03:15:16.637+0000] {logging_mixin.py:190} INFO - [2024-09-26T03:15:16.637+0000] {dagbag.py:587} INFO - Filling up the DagBag from /opt/airflow/dags/create_dag_with_taskflow.py
[2024-09-26T03:15:16.735+0000] {processor.py:925} INFO - DAG(s) 'dag_with_taskflow_api_v02' retrieved from /opt/airflow/dags/create_dag_with_taskflow.py
[2024-09-26T03:15:16.760+0000] {logging_mixin.py:190} INFO - [2024-09-26T03:15:16.759+0000] {dag.py:3229} INFO - Sync 1 DAGs
[2024-09-26T03:15:16.782+0000] {logging_mixin.py:190} INFO - [2024-09-26T03:15:16.782+0000] {dag.py:4156} INFO - Setting next_dagrun for dag_with_taskflow_api_v02 to 2024-09-22 00:00:00+00:00, run_after=2024-09-23 00:00:00+00:00
[2024-09-26T03:15:16.806+0000] {processor.py:208} INFO - Processing /opt/airflow/dags/create_dag_with_taskflow.py took 0.186 seconds
[2024-09-26T03:15:47.318+0000] {processor.py:186} INFO - Started process (PID=146661) to work on /opt/airflow/dags/create_dag_with_taskflow.py
[2024-09-26T03:15:47.320+0000] {processor.py:914} INFO - Processing file /opt/airflow/dags/create_dag_with_taskflow.py for tasks to queue
[2024-09-26T03:15:47.322+0000] {logging_mixin.py:190} INFO - [2024-09-26T03:15:47.322+0000] {dagbag.py:587} INFO - Filling up the DagBag from /opt/airflow/dags/create_dag_with_taskflow.py
[2024-09-26T03:15:47.413+0000] {processor.py:925} INFO - DAG(s) 'dag_with_taskflow_api_v02' retrieved from /opt/airflow/dags/create_dag_with_taskflow.py
[2024-09-26T03:15:47.440+0000] {logging_mixin.py:190} INFO - [2024-09-26T03:15:47.440+0000] {dag.py:3229} INFO - Sync 1 DAGs
[2024-09-26T03:15:47.465+0000] {logging_mixin.py:190} INFO - [2024-09-26T03:15:47.465+0000] {dag.py:4156} INFO - Setting next_dagrun for dag_with_taskflow_api_v02 to 2024-09-22 00:00:00+00:00, run_after=2024-09-23 00:00:00+00:00
[2024-09-26T03:15:47.491+0000] {processor.py:208} INFO - Processing /opt/airflow/dags/create_dag_with_taskflow.py took 0.179 seconds
[2024-09-26T03:16:18.017+0000] {processor.py:186} INFO - Started process (PID=146704) to work on /opt/airflow/dags/create_dag_with_taskflow.py
[2024-09-26T03:16:18.019+0000] {processor.py:914} INFO - Processing file /opt/airflow/dags/create_dag_with_taskflow.py for tasks to queue
[2024-09-26T03:16:18.022+0000] {logging_mixin.py:190} INFO - [2024-09-26T03:16:18.022+0000] {dagbag.py:587} INFO - Filling up the DagBag from /opt/airflow/dags/create_dag_with_taskflow.py
[2024-09-26T03:16:18.121+0000] {processor.py:925} INFO - DAG(s) 'dag_with_taskflow_api_v02' retrieved from /opt/airflow/dags/create_dag_with_taskflow.py
[2024-09-26T03:16:18.147+0000] {logging_mixin.py:190} INFO - [2024-09-26T03:16:18.147+0000] {dag.py:3229} INFO - Sync 1 DAGs
[2024-09-26T03:16:18.172+0000] {logging_mixin.py:190} INFO - [2024-09-26T03:16:18.172+0000] {dag.py:4156} INFO - Setting next_dagrun for dag_with_taskflow_api_v02 to 2024-09-22 00:00:00+00:00, run_after=2024-09-23 00:00:00+00:00
[2024-09-26T03:16:18.195+0000] {processor.py:208} INFO - Processing /opt/airflow/dags/create_dag_with_taskflow.py took 0.190 seconds
[2024-09-26T03:16:48.563+0000] {processor.py:186} INFO - Started process (PID=146747) to work on /opt/airflow/dags/create_dag_with_taskflow.py
[2024-09-26T03:16:48.566+0000] {processor.py:914} INFO - Processing file /opt/airflow/dags/create_dag_with_taskflow.py for tasks to queue
[2024-09-26T03:16:48.571+0000] {logging_mixin.py:190} INFO - [2024-09-26T03:16:48.570+0000] {dagbag.py:587} INFO - Filling up the DagBag from /opt/airflow/dags/create_dag_with_taskflow.py
[2024-09-26T03:16:48.683+0000] {processor.py:925} INFO - DAG(s) 'dag_with_taskflow_api_v02' retrieved from /opt/airflow/dags/create_dag_with_taskflow.py
[2024-09-26T03:16:48.712+0000] {logging_mixin.py:190} INFO - [2024-09-26T03:16:48.712+0000] {dag.py:3229} INFO - Sync 1 DAGs
[2024-09-26T03:16:48.735+0000] {logging_mixin.py:190} INFO - [2024-09-26T03:16:48.735+0000] {dag.py:4156} INFO - Setting next_dagrun for dag_with_taskflow_api_v02 to 2024-09-22 00:00:00+00:00, run_after=2024-09-23 00:00:00+00:00
[2024-09-26T03:16:48.762+0000] {processor.py:208} INFO - Processing /opt/airflow/dags/create_dag_with_taskflow.py took 0.213 seconds
[2024-09-26T03:17:19.326+0000] {processor.py:186} INFO - Started process (PID=146790) to work on /opt/airflow/dags/create_dag_with_taskflow.py
[2024-09-26T03:17:19.327+0000] {processor.py:914} INFO - Processing file /opt/airflow/dags/create_dag_with_taskflow.py for tasks to queue
[2024-09-26T03:17:19.329+0000] {logging_mixin.py:190} INFO - [2024-09-26T03:17:19.329+0000] {dagbag.py:587} INFO - Filling up the DagBag from /opt/airflow/dags/create_dag_with_taskflow.py
[2024-09-26T03:17:19.422+0000] {processor.py:925} INFO - DAG(s) 'dag_with_taskflow_api_v02' retrieved from /opt/airflow/dags/create_dag_with_taskflow.py
[2024-09-26T03:17:19.455+0000] {logging_mixin.py:190} INFO - [2024-09-26T03:17:19.454+0000] {dag.py:3229} INFO - Sync 1 DAGs
[2024-09-26T03:17:19.476+0000] {logging_mixin.py:190} INFO - [2024-09-26T03:17:19.476+0000] {dag.py:4156} INFO - Setting next_dagrun for dag_with_taskflow_api_v02 to 2024-09-22 00:00:00+00:00, run_after=2024-09-23 00:00:00+00:00
[2024-09-26T03:17:19.500+0000] {processor.py:208} INFO - Processing /opt/airflow/dags/create_dag_with_taskflow.py took 0.179 seconds
[2024-09-26T03:17:49.893+0000] {processor.py:186} INFO - Started process (PID=146833) to work on /opt/airflow/dags/create_dag_with_taskflow.py
[2024-09-26T03:17:49.894+0000] {processor.py:914} INFO - Processing file /opt/airflow/dags/create_dag_with_taskflow.py for tasks to queue
[2024-09-26T03:17:49.895+0000] {logging_mixin.py:190} INFO - [2024-09-26T03:17:49.895+0000] {dagbag.py:587} INFO - Filling up the DagBag from /opt/airflow/dags/create_dag_with_taskflow.py
[2024-09-26T03:17:49.971+0000] {processor.py:925} INFO - DAG(s) 'dag_with_taskflow_api_v02' retrieved from /opt/airflow/dags/create_dag_with_taskflow.py
[2024-09-26T03:17:49.994+0000] {logging_mixin.py:190} INFO - [2024-09-26T03:17:49.994+0000] {dag.py:3229} INFO - Sync 1 DAGs
[2024-09-26T03:17:50.017+0000] {logging_mixin.py:190} INFO - [2024-09-26T03:17:50.017+0000] {dag.py:4156} INFO - Setting next_dagrun for dag_with_taskflow_api_v02 to 2024-09-22 00:00:00+00:00, run_after=2024-09-23 00:00:00+00:00
[2024-09-26T03:17:50.041+0000] {processor.py:208} INFO - Processing /opt/airflow/dags/create_dag_with_taskflow.py took 0.154 seconds
[2024-09-26T03:18:20.625+0000] {processor.py:186} INFO - Started process (PID=146876) to work on /opt/airflow/dags/create_dag_with_taskflow.py
[2024-09-26T03:18:20.628+0000] {processor.py:914} INFO - Processing file /opt/airflow/dags/create_dag_with_taskflow.py for tasks to queue
[2024-09-26T03:18:20.631+0000] {logging_mixin.py:190} INFO - [2024-09-26T03:18:20.630+0000] {dagbag.py:587} INFO - Filling up the DagBag from /opt/airflow/dags/create_dag_with_taskflow.py
[2024-09-26T03:18:20.737+0000] {processor.py:925} INFO - DAG(s) 'dag_with_taskflow_api_v02' retrieved from /opt/airflow/dags/create_dag_with_taskflow.py
[2024-09-26T03:18:20.761+0000] {logging_mixin.py:190} INFO - [2024-09-26T03:18:20.761+0000] {dag.py:3229} INFO - Sync 1 DAGs
[2024-09-26T03:18:20.783+0000] {logging_mixin.py:190} INFO - [2024-09-26T03:18:20.783+0000] {dag.py:4156} INFO - Setting next_dagrun for dag_with_taskflow_api_v02 to 2024-09-22 00:00:00+00:00, run_after=2024-09-23 00:00:00+00:00
[2024-09-26T03:18:20.807+0000] {processor.py:208} INFO - Processing /opt/airflow/dags/create_dag_with_taskflow.py took 0.190 seconds
[2024-09-26T03:18:51.354+0000] {processor.py:186} INFO - Started process (PID=146919) to work on /opt/airflow/dags/create_dag_with_taskflow.py
[2024-09-26T03:18:51.356+0000] {processor.py:914} INFO - Processing file /opt/airflow/dags/create_dag_with_taskflow.py for tasks to queue
[2024-09-26T03:18:51.358+0000] {logging_mixin.py:190} INFO - [2024-09-26T03:18:51.358+0000] {dagbag.py:587} INFO - Filling up the DagBag from /opt/airflow/dags/create_dag_with_taskflow.py
[2024-09-26T03:18:51.461+0000] {processor.py:925} INFO - DAG(s) 'dag_with_taskflow_api_v02' retrieved from /opt/airflow/dags/create_dag_with_taskflow.py
[2024-09-26T03:18:51.488+0000] {logging_mixin.py:190} INFO - [2024-09-26T03:18:51.488+0000] {dag.py:3229} INFO - Sync 1 DAGs
[2024-09-26T03:18:51.509+0000] {logging_mixin.py:190} INFO - [2024-09-26T03:18:51.509+0000] {dag.py:4156} INFO - Setting next_dagrun for dag_with_taskflow_api_v02 to 2024-09-22 00:00:00+00:00, run_after=2024-09-23 00:00:00+00:00
[2024-09-26T03:18:51.533+0000] {processor.py:208} INFO - Processing /opt/airflow/dags/create_dag_with_taskflow.py took 0.188 seconds
[2024-09-26T03:19:22.010+0000] {processor.py:186} INFO - Started process (PID=146962) to work on /opt/airflow/dags/create_dag_with_taskflow.py
[2024-09-26T03:19:22.012+0000] {processor.py:914} INFO - Processing file /opt/airflow/dags/create_dag_with_taskflow.py for tasks to queue
[2024-09-26T03:19:22.014+0000] {logging_mixin.py:190} INFO - [2024-09-26T03:19:22.014+0000] {dagbag.py:587} INFO - Filling up the DagBag from /opt/airflow/dags/create_dag_with_taskflow.py
[2024-09-26T03:19:22.085+0000] {processor.py:925} INFO - DAG(s) 'dag_with_taskflow_api_v02' retrieved from /opt/airflow/dags/create_dag_with_taskflow.py
[2024-09-26T03:19:22.111+0000] {logging_mixin.py:190} INFO - [2024-09-26T03:19:22.111+0000] {dag.py:3229} INFO - Sync 1 DAGs
[2024-09-26T03:19:22.131+0000] {logging_mixin.py:190} INFO - [2024-09-26T03:19:22.131+0000] {dag.py:4156} INFO - Setting next_dagrun for dag_with_taskflow_api_v02 to 2024-09-22 00:00:00+00:00, run_after=2024-09-23 00:00:00+00:00
[2024-09-26T03:19:22.155+0000] {processor.py:208} INFO - Processing /opt/airflow/dags/create_dag_with_taskflow.py took 0.150 seconds
[2024-09-26T03:19:52.708+0000] {processor.py:186} INFO - Started process (PID=147005) to work on /opt/airflow/dags/create_dag_with_taskflow.py
[2024-09-26T03:19:52.709+0000] {processor.py:914} INFO - Processing file /opt/airflow/dags/create_dag_with_taskflow.py for tasks to queue
[2024-09-26T03:19:52.711+0000] {logging_mixin.py:190} INFO - [2024-09-26T03:19:52.711+0000] {dagbag.py:587} INFO - Filling up the DagBag from /opt/airflow/dags/create_dag_with_taskflow.py
[2024-09-26T03:19:52.783+0000] {processor.py:925} INFO - DAG(s) 'dag_with_taskflow_api_v02' retrieved from /opt/airflow/dags/create_dag_with_taskflow.py
[2024-09-26T03:19:52.815+0000] {logging_mixin.py:190} INFO - [2024-09-26T03:19:52.815+0000] {dag.py:3229} INFO - Sync 1 DAGs
[2024-09-26T03:19:52.845+0000] {logging_mixin.py:190} INFO - [2024-09-26T03:19:52.845+0000] {dag.py:4156} INFO - Setting next_dagrun for dag_with_taskflow_api_v02 to 2024-09-22 00:00:00+00:00, run_after=2024-09-23 00:00:00+00:00
[2024-09-26T03:19:52.875+0000] {processor.py:208} INFO - Processing /opt/airflow/dags/create_dag_with_taskflow.py took 0.172 seconds
[2024-09-26T03:20:23.323+0000] {processor.py:186} INFO - Started process (PID=147048) to work on /opt/airflow/dags/create_dag_with_taskflow.py
[2024-09-26T03:20:23.325+0000] {processor.py:914} INFO - Processing file /opt/airflow/dags/create_dag_with_taskflow.py for tasks to queue
[2024-09-26T03:20:23.327+0000] {logging_mixin.py:190} INFO - [2024-09-26T03:20:23.327+0000] {dagbag.py:587} INFO - Filling up the DagBag from /opt/airflow/dags/create_dag_with_taskflow.py
[2024-09-26T03:20:23.438+0000] {processor.py:925} INFO - DAG(s) 'dag_with_taskflow_api_v02' retrieved from /opt/airflow/dags/create_dag_with_taskflow.py
[2024-09-26T03:20:23.466+0000] {logging_mixin.py:190} INFO - [2024-09-26T03:20:23.466+0000] {dag.py:3229} INFO - Sync 1 DAGs
[2024-09-26T03:20:23.488+0000] {logging_mixin.py:190} INFO - [2024-09-26T03:20:23.487+0000] {dag.py:4156} INFO - Setting next_dagrun for dag_with_taskflow_api_v02 to 2024-09-22 00:00:00+00:00, run_after=2024-09-23 00:00:00+00:00
[2024-09-26T03:20:23.512+0000] {processor.py:208} INFO - Processing /opt/airflow/dags/create_dag_with_taskflow.py took 0.197 seconds
[2024-09-26T03:20:54.145+0000] {processor.py:186} INFO - Started process (PID=147091) to work on /opt/airflow/dags/create_dag_with_taskflow.py
[2024-09-26T03:20:54.147+0000] {processor.py:914} INFO - Processing file /opt/airflow/dags/create_dag_with_taskflow.py for tasks to queue
[2024-09-26T03:20:54.152+0000] {logging_mixin.py:190} INFO - [2024-09-26T03:20:54.151+0000] {dagbag.py:587} INFO - Filling up the DagBag from /opt/airflow/dags/create_dag_with_taskflow.py
[2024-09-26T03:20:54.245+0000] {processor.py:925} INFO - DAG(s) 'dag_with_taskflow_api_v02' retrieved from /opt/airflow/dags/create_dag_with_taskflow.py
[2024-09-26T03:20:54.276+0000] {logging_mixin.py:190} INFO - [2024-09-26T03:20:54.276+0000] {dag.py:3229} INFO - Sync 1 DAGs
[2024-09-26T03:20:54.300+0000] {logging_mixin.py:190} INFO - [2024-09-26T03:20:54.299+0000] {dag.py:4156} INFO - Setting next_dagrun for dag_with_taskflow_api_v02 to 2024-09-22 00:00:00+00:00, run_after=2024-09-23 00:00:00+00:00
[2024-09-26T03:20:54.329+0000] {processor.py:208} INFO - Processing /opt/airflow/dags/create_dag_with_taskflow.py took 0.189 seconds
[2024-09-26T03:21:24.784+0000] {processor.py:186} INFO - Started process (PID=147134) to work on /opt/airflow/dags/create_dag_with_taskflow.py
[2024-09-26T03:21:24.786+0000] {processor.py:914} INFO - Processing file /opt/airflow/dags/create_dag_with_taskflow.py for tasks to queue
[2024-09-26T03:21:24.788+0000] {logging_mixin.py:190} INFO - [2024-09-26T03:21:24.787+0000] {dagbag.py:587} INFO - Filling up the DagBag from /opt/airflow/dags/create_dag_with_taskflow.py
[2024-09-26T03:21:24.918+0000] {processor.py:925} INFO - DAG(s) 'dag_with_taskflow_api_v02' retrieved from /opt/airflow/dags/create_dag_with_taskflow.py
[2024-09-26T03:21:24.949+0000] {logging_mixin.py:190} INFO - [2024-09-26T03:21:24.948+0000] {dag.py:3229} INFO - Sync 1 DAGs
[2024-09-26T03:21:24.970+0000] {logging_mixin.py:190} INFO - [2024-09-26T03:21:24.969+0000] {dag.py:4156} INFO - Setting next_dagrun for dag_with_taskflow_api_v02 to 2024-09-22 00:00:00+00:00, run_after=2024-09-23 00:00:00+00:00
[2024-09-26T03:21:25.006+0000] {processor.py:208} INFO - Processing /opt/airflow/dags/create_dag_with_taskflow.py took 0.230 seconds
[2024-09-26T03:21:55.453+0000] {processor.py:186} INFO - Started process (PID=147177) to work on /opt/airflow/dags/create_dag_with_taskflow.py
[2024-09-26T03:21:55.455+0000] {processor.py:914} INFO - Processing file /opt/airflow/dags/create_dag_with_taskflow.py for tasks to queue
[2024-09-26T03:21:55.457+0000] {logging_mixin.py:190} INFO - [2024-09-26T03:21:55.456+0000] {dagbag.py:587} INFO - Filling up the DagBag from /opt/airflow/dags/create_dag_with_taskflow.py
[2024-09-26T03:21:55.563+0000] {processor.py:925} INFO - DAG(s) 'dag_with_taskflow_api_v02' retrieved from /opt/airflow/dags/create_dag_with_taskflow.py
[2024-09-26T03:21:55.588+0000] {logging_mixin.py:190} INFO - [2024-09-26T03:21:55.588+0000] {dag.py:3229} INFO - Sync 1 DAGs
[2024-09-26T03:21:55.610+0000] {logging_mixin.py:190} INFO - [2024-09-26T03:21:55.610+0000] {dag.py:4156} INFO - Setting next_dagrun for dag_with_taskflow_api_v02 to 2024-09-22 00:00:00+00:00, run_after=2024-09-23 00:00:00+00:00
[2024-09-26T03:21:55.636+0000] {processor.py:208} INFO - Processing /opt/airflow/dags/create_dag_with_taskflow.py took 0.192 seconds
[2024-09-26T03:22:26.213+0000] {processor.py:186} INFO - Started process (PID=147220) to work on /opt/airflow/dags/create_dag_with_taskflow.py
[2024-09-26T03:22:26.214+0000] {processor.py:914} INFO - Processing file /opt/airflow/dags/create_dag_with_taskflow.py for tasks to queue
[2024-09-26T03:22:26.219+0000] {logging_mixin.py:190} INFO - [2024-09-26T03:22:26.218+0000] {dagbag.py:587} INFO - Filling up the DagBag from /opt/airflow/dags/create_dag_with_taskflow.py
[2024-09-26T03:22:26.312+0000] {processor.py:925} INFO - DAG(s) 'dag_with_taskflow_api_v02' retrieved from /opt/airflow/dags/create_dag_with_taskflow.py
[2024-09-26T03:22:26.335+0000] {logging_mixin.py:190} INFO - [2024-09-26T03:22:26.335+0000] {dag.py:3229} INFO - Sync 1 DAGs
[2024-09-26T03:22:26.356+0000] {logging_mixin.py:190} INFO - [2024-09-26T03:22:26.356+0000] {dag.py:4156} INFO - Setting next_dagrun for dag_with_taskflow_api_v02 to 2024-09-22 00:00:00+00:00, run_after=2024-09-23 00:00:00+00:00
[2024-09-26T03:22:26.384+0000] {processor.py:208} INFO - Processing /opt/airflow/dags/create_dag_with_taskflow.py took 0.182 seconds
[2024-09-26T03:22:56.917+0000] {processor.py:186} INFO - Started process (PID=147263) to work on /opt/airflow/dags/create_dag_with_taskflow.py
[2024-09-26T03:22:56.919+0000] {processor.py:914} INFO - Processing file /opt/airflow/dags/create_dag_with_taskflow.py for tasks to queue
[2024-09-26T03:22:56.922+0000] {logging_mixin.py:190} INFO - [2024-09-26T03:22:56.922+0000] {dagbag.py:587} INFO - Filling up the DagBag from /opt/airflow/dags/create_dag_with_taskflow.py
[2024-09-26T03:22:57.010+0000] {processor.py:925} INFO - DAG(s) 'dag_with_taskflow_api_v02' retrieved from /opt/airflow/dags/create_dag_with_taskflow.py
[2024-09-26T03:22:57.034+0000] {logging_mixin.py:190} INFO - [2024-09-26T03:22:57.034+0000] {dag.py:3229} INFO - Sync 1 DAGs
[2024-09-26T03:22:57.057+0000] {logging_mixin.py:190} INFO - [2024-09-26T03:22:57.057+0000] {dag.py:4156} INFO - Setting next_dagrun for dag_with_taskflow_api_v02 to 2024-09-22 00:00:00+00:00, run_after=2024-09-23 00:00:00+00:00
[2024-09-26T03:22:57.079+0000] {processor.py:208} INFO - Processing /opt/airflow/dags/create_dag_with_taskflow.py took 0.173 seconds
[2024-09-26T03:23:27.705+0000] {processor.py:186} INFO - Started process (PID=147306) to work on /opt/airflow/dags/create_dag_with_taskflow.py
[2024-09-26T03:23:27.709+0000] {processor.py:914} INFO - Processing file /opt/airflow/dags/create_dag_with_taskflow.py for tasks to queue
[2024-09-26T03:23:27.713+0000] {logging_mixin.py:190} INFO - [2024-09-26T03:23:27.712+0000] {dagbag.py:587} INFO - Filling up the DagBag from /opt/airflow/dags/create_dag_with_taskflow.py
[2024-09-26T03:23:27.805+0000] {processor.py:925} INFO - DAG(s) 'dag_with_taskflow_api_v02' retrieved from /opt/airflow/dags/create_dag_with_taskflow.py
[2024-09-26T03:23:27.830+0000] {logging_mixin.py:190} INFO - [2024-09-26T03:23:27.830+0000] {dag.py:3229} INFO - Sync 1 DAGs
[2024-09-26T03:23:27.852+0000] {logging_mixin.py:190} INFO - [2024-09-26T03:23:27.852+0000] {dag.py:4156} INFO - Setting next_dagrun for dag_with_taskflow_api_v02 to 2024-09-22 00:00:00+00:00, run_after=2024-09-23 00:00:00+00:00
[2024-09-26T03:23:27.876+0000] {processor.py:208} INFO - Processing /opt/airflow/dags/create_dag_with_taskflow.py took 0.186 seconds
[2024-09-26T03:23:58.334+0000] {processor.py:186} INFO - Started process (PID=147349) to work on /opt/airflow/dags/create_dag_with_taskflow.py
[2024-09-26T03:23:58.336+0000] {processor.py:914} INFO - Processing file /opt/airflow/dags/create_dag_with_taskflow.py for tasks to queue
[2024-09-26T03:23:58.337+0000] {logging_mixin.py:190} INFO - [2024-09-26T03:23:58.337+0000] {dagbag.py:587} INFO - Filling up the DagBag from /opt/airflow/dags/create_dag_with_taskflow.py
[2024-09-26T03:23:58.416+0000] {processor.py:925} INFO - DAG(s) 'dag_with_taskflow_api_v02' retrieved from /opt/airflow/dags/create_dag_with_taskflow.py
[2024-09-26T03:23:58.440+0000] {logging_mixin.py:190} INFO - [2024-09-26T03:23:58.440+0000] {dag.py:3229} INFO - Sync 1 DAGs
[2024-09-26T03:23:58.462+0000] {logging_mixin.py:190} INFO - [2024-09-26T03:23:58.461+0000] {dag.py:4156} INFO - Setting next_dagrun for dag_with_taskflow_api_v02 to 2024-09-22 00:00:00+00:00, run_after=2024-09-23 00:00:00+00:00
[2024-09-26T03:23:58.484+0000] {processor.py:208} INFO - Processing /opt/airflow/dags/create_dag_with_taskflow.py took 0.161 seconds
[2024-09-26T03:24:29.043+0000] {processor.py:186} INFO - Started process (PID=147392) to work on /opt/airflow/dags/create_dag_with_taskflow.py
[2024-09-26T03:24:29.046+0000] {processor.py:914} INFO - Processing file /opt/airflow/dags/create_dag_with_taskflow.py for tasks to queue
[2024-09-26T03:24:29.048+0000] {logging_mixin.py:190} INFO - [2024-09-26T03:24:29.048+0000] {dagbag.py:587} INFO - Filling up the DagBag from /opt/airflow/dags/create_dag_with_taskflow.py
[2024-09-26T03:24:29.131+0000] {processor.py:925} INFO - DAG(s) 'dag_with_taskflow_api_v02' retrieved from /opt/airflow/dags/create_dag_with_taskflow.py
[2024-09-26T03:24:29.162+0000] {logging_mixin.py:190} INFO - [2024-09-26T03:24:29.161+0000] {dag.py:3229} INFO - Sync 1 DAGs
[2024-09-26T03:24:29.189+0000] {logging_mixin.py:190} INFO - [2024-09-26T03:24:29.188+0000] {dag.py:4156} INFO - Setting next_dagrun for dag_with_taskflow_api_v02 to 2024-09-22 00:00:00+00:00, run_after=2024-09-23 00:00:00+00:00
[2024-09-26T03:24:29.212+0000] {processor.py:208} INFO - Processing /opt/airflow/dags/create_dag_with_taskflow.py took 0.175 seconds
[2024-09-26T03:24:59.634+0000] {processor.py:186} INFO - Started process (PID=147435) to work on /opt/airflow/dags/create_dag_with_taskflow.py
[2024-09-26T03:24:59.636+0000] {processor.py:914} INFO - Processing file /opt/airflow/dags/create_dag_with_taskflow.py for tasks to queue
[2024-09-26T03:24:59.637+0000] {logging_mixin.py:190} INFO - [2024-09-26T03:24:59.637+0000] {dagbag.py:587} INFO - Filling up the DagBag from /opt/airflow/dags/create_dag_with_taskflow.py
[2024-09-26T03:24:59.712+0000] {processor.py:925} INFO - DAG(s) 'dag_with_taskflow_api_v02' retrieved from /opt/airflow/dags/create_dag_with_taskflow.py
[2024-09-26T03:24:59.740+0000] {logging_mixin.py:190} INFO - [2024-09-26T03:24:59.739+0000] {dag.py:3229} INFO - Sync 1 DAGs
[2024-09-26T03:24:59.767+0000] {logging_mixin.py:190} INFO - [2024-09-26T03:24:59.767+0000] {dag.py:4156} INFO - Setting next_dagrun for dag_with_taskflow_api_v02 to 2024-09-22 00:00:00+00:00, run_after=2024-09-23 00:00:00+00:00
[2024-09-26T03:24:59.791+0000] {processor.py:208} INFO - Processing /opt/airflow/dags/create_dag_with_taskflow.py took 0.162 seconds
[2024-09-26T03:25:30.241+0000] {processor.py:186} INFO - Started process (PID=147478) to work on /opt/airflow/dags/create_dag_with_taskflow.py
[2024-09-26T03:25:30.242+0000] {processor.py:914} INFO - Processing file /opt/airflow/dags/create_dag_with_taskflow.py for tasks to queue
[2024-09-26T03:25:30.244+0000] {logging_mixin.py:190} INFO - [2024-09-26T03:25:30.244+0000] {dagbag.py:587} INFO - Filling up the DagBag from /opt/airflow/dags/create_dag_with_taskflow.py
[2024-09-26T03:25:30.351+0000] {processor.py:925} INFO - DAG(s) 'dag_with_taskflow_api_v02' retrieved from /opt/airflow/dags/create_dag_with_taskflow.py
[2024-09-26T03:25:30.376+0000] {logging_mixin.py:190} INFO - [2024-09-26T03:25:30.376+0000] {dag.py:3229} INFO - Sync 1 DAGs
[2024-09-26T03:25:30.399+0000] {logging_mixin.py:190} INFO - [2024-09-26T03:25:30.398+0000] {dag.py:4156} INFO - Setting next_dagrun for dag_with_taskflow_api_v02 to 2024-09-22 00:00:00+00:00, run_after=2024-09-23 00:00:00+00:00
[2024-09-26T03:25:30.422+0000] {processor.py:208} INFO - Processing /opt/airflow/dags/create_dag_with_taskflow.py took 0.190 seconds
[2024-09-26T03:26:01.213+0000] {processor.py:186} INFO - Started process (PID=147521) to work on /opt/airflow/dags/create_dag_with_taskflow.py
[2024-09-26T03:26:01.215+0000] {processor.py:914} INFO - Processing file /opt/airflow/dags/create_dag_with_taskflow.py for tasks to queue
[2024-09-26T03:26:01.219+0000] {logging_mixin.py:190} INFO - [2024-09-26T03:26:01.218+0000] {dagbag.py:587} INFO - Filling up the DagBag from /opt/airflow/dags/create_dag_with_taskflow.py
[2024-09-26T03:26:01.321+0000] {processor.py:925} INFO - DAG(s) 'dag_with_taskflow_api_v02' retrieved from /opt/airflow/dags/create_dag_with_taskflow.py
[2024-09-26T03:26:01.346+0000] {logging_mixin.py:190} INFO - [2024-09-26T03:26:01.346+0000] {dag.py:3229} INFO - Sync 1 DAGs
[2024-09-26T03:26:01.367+0000] {logging_mixin.py:190} INFO - [2024-09-26T03:26:01.367+0000] {dag.py:4156} INFO - Setting next_dagrun for dag_with_taskflow_api_v02 to 2024-09-22 00:00:00+00:00, run_after=2024-09-23 00:00:00+00:00
[2024-09-26T03:26:01.395+0000] {processor.py:208} INFO - Processing /opt/airflow/dags/create_dag_with_taskflow.py took 0.194 seconds
[2024-09-26T03:26:31.900+0000] {processor.py:186} INFO - Started process (PID=147564) to work on /opt/airflow/dags/create_dag_with_taskflow.py
[2024-09-26T03:26:31.901+0000] {processor.py:914} INFO - Processing file /opt/airflow/dags/create_dag_with_taskflow.py for tasks to queue
[2024-09-26T03:26:31.903+0000] {logging_mixin.py:190} INFO - [2024-09-26T03:26:31.903+0000] {dagbag.py:587} INFO - Filling up the DagBag from /opt/airflow/dags/create_dag_with_taskflow.py
[2024-09-26T03:26:31.998+0000] {processor.py:925} INFO - DAG(s) 'dag_with_taskflow_api_v02' retrieved from /opt/airflow/dags/create_dag_with_taskflow.py
[2024-09-26T03:26:32.022+0000] {logging_mixin.py:190} INFO - [2024-09-26T03:26:32.022+0000] {dag.py:3229} INFO - Sync 1 DAGs
[2024-09-26T03:26:32.045+0000] {logging_mixin.py:190} INFO - [2024-09-26T03:26:32.045+0000] {dag.py:4156} INFO - Setting next_dagrun for dag_with_taskflow_api_v02 to 2024-09-22 00:00:00+00:00, run_after=2024-09-23 00:00:00+00:00
[2024-09-26T03:26:32.067+0000] {processor.py:208} INFO - Processing /opt/airflow/dags/create_dag_with_taskflow.py took 0.173 seconds
[2024-09-26T03:27:02.437+0000] {processor.py:186} INFO - Started process (PID=147607) to work on /opt/airflow/dags/create_dag_with_taskflow.py
[2024-09-26T03:27:02.439+0000] {processor.py:914} INFO - Processing file /opt/airflow/dags/create_dag_with_taskflow.py for tasks to queue
[2024-09-26T03:27:02.441+0000] {logging_mixin.py:190} INFO - [2024-09-26T03:27:02.440+0000] {dagbag.py:587} INFO - Filling up the DagBag from /opt/airflow/dags/create_dag_with_taskflow.py
[2024-09-26T03:27:02.502+0000] {processor.py:925} INFO - DAG(s) 'dag_with_taskflow_api_v02' retrieved from /opt/airflow/dags/create_dag_with_taskflow.py
[2024-09-26T03:27:02.539+0000] {logging_mixin.py:190} INFO - [2024-09-26T03:27:02.539+0000] {dag.py:3229} INFO - Sync 1 DAGs
[2024-09-26T03:27:02.566+0000] {logging_mixin.py:190} INFO - [2024-09-26T03:27:02.566+0000] {dag.py:4156} INFO - Setting next_dagrun for dag_with_taskflow_api_v02 to 2024-09-22 00:00:00+00:00, run_after=2024-09-23 00:00:00+00:00
[2024-09-26T03:27:02.593+0000] {processor.py:208} INFO - Processing /opt/airflow/dags/create_dag_with_taskflow.py took 0.162 seconds
[2024-09-26T03:27:33.076+0000] {processor.py:186} INFO - Started process (PID=147650) to work on /opt/airflow/dags/create_dag_with_taskflow.py
[2024-09-26T03:27:33.078+0000] {processor.py:914} INFO - Processing file /opt/airflow/dags/create_dag_with_taskflow.py for tasks to queue
[2024-09-26T03:27:33.079+0000] {logging_mixin.py:190} INFO - [2024-09-26T03:27:33.079+0000] {dagbag.py:587} INFO - Filling up the DagBag from /opt/airflow/dags/create_dag_with_taskflow.py
[2024-09-26T03:27:33.174+0000] {processor.py:925} INFO - DAG(s) 'dag_with_taskflow_api_v02' retrieved from /opt/airflow/dags/create_dag_with_taskflow.py
[2024-09-26T03:27:33.198+0000] {logging_mixin.py:190} INFO - [2024-09-26T03:27:33.198+0000] {dag.py:3229} INFO - Sync 1 DAGs
[2024-09-26T03:27:33.221+0000] {logging_mixin.py:190} INFO - [2024-09-26T03:27:33.221+0000] {dag.py:4156} INFO - Setting next_dagrun for dag_with_taskflow_api_v02 to 2024-09-22 00:00:00+00:00, run_after=2024-09-23 00:00:00+00:00
[2024-09-26T03:27:33.245+0000] {processor.py:208} INFO - Processing /opt/airflow/dags/create_dag_with_taskflow.py took 0.176 seconds
[2024-09-26T03:28:03.641+0000] {processor.py:186} INFO - Started process (PID=147693) to work on /opt/airflow/dags/create_dag_with_taskflow.py
[2024-09-26T03:28:03.643+0000] {processor.py:914} INFO - Processing file /opt/airflow/dags/create_dag_with_taskflow.py for tasks to queue
[2024-09-26T03:28:03.646+0000] {logging_mixin.py:190} INFO - [2024-09-26T03:28:03.645+0000] {dagbag.py:587} INFO - Filling up the DagBag from /opt/airflow/dags/create_dag_with_taskflow.py
[2024-09-26T03:28:03.734+0000] {processor.py:925} INFO - DAG(s) 'dag_with_taskflow_api_v02' retrieved from /opt/airflow/dags/create_dag_with_taskflow.py
[2024-09-26T03:28:03.765+0000] {logging_mixin.py:190} INFO - [2024-09-26T03:28:03.765+0000] {dag.py:3229} INFO - Sync 1 DAGs
[2024-09-26T03:28:03.789+0000] {logging_mixin.py:190} INFO - [2024-09-26T03:28:03.789+0000] {dag.py:4156} INFO - Setting next_dagrun for dag_with_taskflow_api_v02 to 2024-09-22 00:00:00+00:00, run_after=2024-09-23 00:00:00+00:00
[2024-09-26T03:28:03.815+0000] {processor.py:208} INFO - Processing /opt/airflow/dags/create_dag_with_taskflow.py took 0.185 seconds
[2024-09-26T03:28:34.333+0000] {processor.py:186} INFO - Started process (PID=147737) to work on /opt/airflow/dags/create_dag_with_taskflow.py
[2024-09-26T03:28:34.335+0000] {processor.py:914} INFO - Processing file /opt/airflow/dags/create_dag_with_taskflow.py for tasks to queue
[2024-09-26T03:28:34.338+0000] {logging_mixin.py:190} INFO - [2024-09-26T03:28:34.338+0000] {dagbag.py:587} INFO - Filling up the DagBag from /opt/airflow/dags/create_dag_with_taskflow.py
[2024-09-26T03:28:34.440+0000] {processor.py:925} INFO - DAG(s) 'dag_with_taskflow_api_v02' retrieved from /opt/airflow/dags/create_dag_with_taskflow.py
[2024-09-26T03:28:34.461+0000] {logging_mixin.py:190} INFO - [2024-09-26T03:28:34.461+0000] {dag.py:3229} INFO - Sync 1 DAGs
[2024-09-26T03:28:34.482+0000] {logging_mixin.py:190} INFO - [2024-09-26T03:28:34.482+0000] {dag.py:4156} INFO - Setting next_dagrun for dag_with_taskflow_api_v02 to 2024-09-22 00:00:00+00:00, run_after=2024-09-23 00:00:00+00:00
[2024-09-26T03:28:34.507+0000] {processor.py:208} INFO - Processing /opt/airflow/dags/create_dag_with_taskflow.py took 0.182 seconds
[2024-09-26T03:29:04.901+0000] {processor.py:186} INFO - Started process (PID=147781) to work on /opt/airflow/dags/create_dag_with_taskflow.py
[2024-09-26T03:29:04.903+0000] {processor.py:914} INFO - Processing file /opt/airflow/dags/create_dag_with_taskflow.py for tasks to queue
[2024-09-26T03:29:04.906+0000] {logging_mixin.py:190} INFO - [2024-09-26T03:29:04.905+0000] {dagbag.py:587} INFO - Filling up the DagBag from /opt/airflow/dags/create_dag_with_taskflow.py
[2024-09-26T03:29:04.996+0000] {processor.py:925} INFO - DAG(s) 'dag_with_taskflow_api_v02' retrieved from /opt/airflow/dags/create_dag_with_taskflow.py
[2024-09-26T03:29:05.021+0000] {logging_mixin.py:190} INFO - [2024-09-26T03:29:05.020+0000] {dag.py:3229} INFO - Sync 1 DAGs
[2024-09-26T03:29:05.041+0000] {logging_mixin.py:190} INFO - [2024-09-26T03:29:05.041+0000] {dag.py:4156} INFO - Setting next_dagrun for dag_with_taskflow_api_v02 to 2024-09-22 00:00:00+00:00, run_after=2024-09-23 00:00:00+00:00
[2024-09-26T03:29:05.067+0000] {processor.py:208} INFO - Processing /opt/airflow/dags/create_dag_with_taskflow.py took 0.171 seconds
[2024-09-26T03:29:35.474+0000] {processor.py:186} INFO - Started process (PID=147822) to work on /opt/airflow/dags/create_dag_with_taskflow.py
[2024-09-26T03:29:35.475+0000] {processor.py:914} INFO - Processing file /opt/airflow/dags/create_dag_with_taskflow.py for tasks to queue
[2024-09-26T03:29:35.478+0000] {logging_mixin.py:190} INFO - [2024-09-26T03:29:35.477+0000] {dagbag.py:587} INFO - Filling up the DagBag from /opt/airflow/dags/create_dag_with_taskflow.py
[2024-09-26T03:29:35.555+0000] {processor.py:925} INFO - DAG(s) 'dag_with_taskflow_api_v02' retrieved from /opt/airflow/dags/create_dag_with_taskflow.py
[2024-09-26T03:29:35.583+0000] {logging_mixin.py:190} INFO - [2024-09-26T03:29:35.583+0000] {dag.py:3229} INFO - Sync 1 DAGs
[2024-09-26T03:29:35.606+0000] {logging_mixin.py:190} INFO - [2024-09-26T03:29:35.605+0000] {dag.py:4156} INFO - Setting next_dagrun for dag_with_taskflow_api_v02 to 2024-09-22 00:00:00+00:00, run_after=2024-09-23 00:00:00+00:00
[2024-09-26T03:29:35.634+0000] {processor.py:208} INFO - Processing /opt/airflow/dags/create_dag_with_taskflow.py took 0.166 seconds
[2024-09-26T03:30:06.183+0000] {processor.py:186} INFO - Started process (PID=147865) to work on /opt/airflow/dags/create_dag_with_taskflow.py
[2024-09-26T03:30:06.185+0000] {processor.py:914} INFO - Processing file /opt/airflow/dags/create_dag_with_taskflow.py for tasks to queue
[2024-09-26T03:30:06.186+0000] {logging_mixin.py:190} INFO - [2024-09-26T03:30:06.186+0000] {dagbag.py:587} INFO - Filling up the DagBag from /opt/airflow/dags/create_dag_with_taskflow.py
[2024-09-26T03:30:06.273+0000] {processor.py:925} INFO - DAG(s) 'dag_with_taskflow_api_v02' retrieved from /opt/airflow/dags/create_dag_with_taskflow.py
[2024-09-26T03:30:06.298+0000] {logging_mixin.py:190} INFO - [2024-09-26T03:30:06.298+0000] {dag.py:3229} INFO - Sync 1 DAGs
[2024-09-26T03:30:06.321+0000] {logging_mixin.py:190} INFO - [2024-09-26T03:30:06.320+0000] {dag.py:4156} INFO - Setting next_dagrun for dag_with_taskflow_api_v02 to 2024-09-22 00:00:00+00:00, run_after=2024-09-23 00:00:00+00:00
[2024-09-26T03:30:06.344+0000] {processor.py:208} INFO - Processing /opt/airflow/dags/create_dag_with_taskflow.py took 0.168 seconds
[2024-09-26T03:30:36.975+0000] {processor.py:186} INFO - Started process (PID=147908) to work on /opt/airflow/dags/create_dag_with_taskflow.py
[2024-09-26T03:30:36.976+0000] {processor.py:914} INFO - Processing file /opt/airflow/dags/create_dag_with_taskflow.py for tasks to queue
[2024-09-26T03:30:36.979+0000] {logging_mixin.py:190} INFO - [2024-09-26T03:30:36.978+0000] {dagbag.py:587} INFO - Filling up the DagBag from /opt/airflow/dags/create_dag_with_taskflow.py
[2024-09-26T03:30:37.063+0000] {processor.py:925} INFO - DAG(s) 'dag_with_taskflow_api_v02' retrieved from /opt/airflow/dags/create_dag_with_taskflow.py
[2024-09-26T03:30:37.089+0000] {logging_mixin.py:190} INFO - [2024-09-26T03:30:37.089+0000] {dag.py:3229} INFO - Sync 1 DAGs
[2024-09-26T03:30:37.115+0000] {logging_mixin.py:190} INFO - [2024-09-26T03:30:37.115+0000] {dag.py:4156} INFO - Setting next_dagrun for dag_with_taskflow_api_v02 to 2024-09-22 00:00:00+00:00, run_after=2024-09-23 00:00:00+00:00
[2024-09-26T03:30:37.141+0000] {processor.py:208} INFO - Processing /opt/airflow/dags/create_dag_with_taskflow.py took 0.172 seconds
[2024-09-26T03:31:07.678+0000] {processor.py:186} INFO - Started process (PID=147951) to work on /opt/airflow/dags/create_dag_with_taskflow.py
[2024-09-26T03:31:07.680+0000] {processor.py:914} INFO - Processing file /opt/airflow/dags/create_dag_with_taskflow.py for tasks to queue
[2024-09-26T03:31:07.682+0000] {logging_mixin.py:190} INFO - [2024-09-26T03:31:07.682+0000] {dagbag.py:587} INFO - Filling up the DagBag from /opt/airflow/dags/create_dag_with_taskflow.py
[2024-09-26T03:31:07.795+0000] {processor.py:925} INFO - DAG(s) 'dag_with_taskflow_api_v02' retrieved from /opt/airflow/dags/create_dag_with_taskflow.py
[2024-09-26T03:31:07.828+0000] {logging_mixin.py:190} INFO - [2024-09-26T03:31:07.828+0000] {dag.py:3229} INFO - Sync 1 DAGs
[2024-09-26T03:31:07.856+0000] {logging_mixin.py:190} INFO - [2024-09-26T03:31:07.856+0000] {dag.py:4156} INFO - Setting next_dagrun for dag_with_taskflow_api_v02 to 2024-09-22 00:00:00+00:00, run_after=2024-09-23 00:00:00+00:00
[2024-09-26T03:31:07.883+0000] {processor.py:208} INFO - Processing /opt/airflow/dags/create_dag_with_taskflow.py took 0.215 seconds
[2024-09-26T03:31:38.603+0000] {processor.py:186} INFO - Started process (PID=147994) to work on /opt/airflow/dags/create_dag_with_taskflow.py
[2024-09-26T03:31:38.605+0000] {processor.py:914} INFO - Processing file /opt/airflow/dags/create_dag_with_taskflow.py for tasks to queue
[2024-09-26T03:31:38.608+0000] {logging_mixin.py:190} INFO - [2024-09-26T03:31:38.608+0000] {dagbag.py:587} INFO - Filling up the DagBag from /opt/airflow/dags/create_dag_with_taskflow.py
[2024-09-26T03:31:38.734+0000] {processor.py:925} INFO - DAG(s) 'dag_with_taskflow_api_v02' retrieved from /opt/airflow/dags/create_dag_with_taskflow.py
[2024-09-26T03:31:38.764+0000] {logging_mixin.py:190} INFO - [2024-09-26T03:31:38.764+0000] {dag.py:3229} INFO - Sync 1 DAGs
[2024-09-26T03:31:38.787+0000] {logging_mixin.py:190} INFO - [2024-09-26T03:31:38.787+0000] {dag.py:4156} INFO - Setting next_dagrun for dag_with_taskflow_api_v02 to 2024-09-22 00:00:00+00:00, run_after=2024-09-23 00:00:00+00:00
[2024-09-26T03:31:38.820+0000] {processor.py:208} INFO - Processing /opt/airflow/dags/create_dag_with_taskflow.py took 0.226 seconds
[2024-09-26T03:32:09.457+0000] {processor.py:186} INFO - Started process (PID=148037) to work on /opt/airflow/dags/create_dag_with_taskflow.py
[2024-09-26T03:32:09.460+0000] {processor.py:914} INFO - Processing file /opt/airflow/dags/create_dag_with_taskflow.py for tasks to queue
[2024-09-26T03:32:09.466+0000] {logging_mixin.py:190} INFO - [2024-09-26T03:32:09.466+0000] {dagbag.py:587} INFO - Filling up the DagBag from /opt/airflow/dags/create_dag_with_taskflow.py
[2024-09-26T03:32:09.558+0000] {processor.py:925} INFO - DAG(s) 'dag_with_taskflow_api_v02' retrieved from /opt/airflow/dags/create_dag_with_taskflow.py
[2024-09-26T03:32:09.586+0000] {logging_mixin.py:190} INFO - [2024-09-26T03:32:09.585+0000] {dag.py:3229} INFO - Sync 1 DAGs
[2024-09-26T03:32:09.609+0000] {logging_mixin.py:190} INFO - [2024-09-26T03:32:09.609+0000] {dag.py:4156} INFO - Setting next_dagrun for dag_with_taskflow_api_v02 to 2024-09-22 00:00:00+00:00, run_after=2024-09-23 00:00:00+00:00
[2024-09-26T03:32:09.632+0000] {processor.py:208} INFO - Processing /opt/airflow/dags/create_dag_with_taskflow.py took 0.182 seconds
[2024-09-26T03:32:40.072+0000] {processor.py:186} INFO - Started process (PID=148080) to work on /opt/airflow/dags/create_dag_with_taskflow.py
[2024-09-26T03:32:40.074+0000] {processor.py:914} INFO - Processing file /opt/airflow/dags/create_dag_with_taskflow.py for tasks to queue
[2024-09-26T03:32:40.076+0000] {logging_mixin.py:190} INFO - [2024-09-26T03:32:40.076+0000] {dagbag.py:587} INFO - Filling up the DagBag from /opt/airflow/dags/create_dag_with_taskflow.py
[2024-09-26T03:32:40.159+0000] {processor.py:925} INFO - DAG(s) 'dag_with_taskflow_api_v02' retrieved from /opt/airflow/dags/create_dag_with_taskflow.py
[2024-09-26T03:32:40.184+0000] {logging_mixin.py:190} INFO - [2024-09-26T03:32:40.184+0000] {dag.py:3229} INFO - Sync 1 DAGs
[2024-09-26T03:32:40.206+0000] {logging_mixin.py:190} INFO - [2024-09-26T03:32:40.206+0000] {dag.py:4156} INFO - Setting next_dagrun for dag_with_taskflow_api_v02 to 2024-09-22 00:00:00+00:00, run_after=2024-09-23 00:00:00+00:00
[2024-09-26T03:32:40.230+0000] {processor.py:208} INFO - Processing /opt/airflow/dags/create_dag_with_taskflow.py took 0.164 seconds
[2024-09-26T03:33:10.855+0000] {processor.py:186} INFO - Started process (PID=148123) to work on /opt/airflow/dags/create_dag_with_taskflow.py
[2024-09-26T03:33:10.856+0000] {processor.py:914} INFO - Processing file /opt/airflow/dags/create_dag_with_taskflow.py for tasks to queue
[2024-09-26T03:33:10.859+0000] {logging_mixin.py:190} INFO - [2024-09-26T03:33:10.859+0000] {dagbag.py:587} INFO - Filling up the DagBag from /opt/airflow/dags/create_dag_with_taskflow.py
[2024-09-26T03:33:10.937+0000] {processor.py:925} INFO - DAG(s) 'dag_with_taskflow_api_v02' retrieved from /opt/airflow/dags/create_dag_with_taskflow.py
[2024-09-26T03:33:10.975+0000] {logging_mixin.py:190} INFO - [2024-09-26T03:33:10.974+0000] {dag.py:3229} INFO - Sync 1 DAGs
[2024-09-26T03:33:11.009+0000] {logging_mixin.py:190} INFO - [2024-09-26T03:33:11.008+0000] {dag.py:4156} INFO - Setting next_dagrun for dag_with_taskflow_api_v02 to 2024-09-22 00:00:00+00:00, run_after=2024-09-23 00:00:00+00:00
[2024-09-26T03:33:11.035+0000] {processor.py:208} INFO - Processing /opt/airflow/dags/create_dag_with_taskflow.py took 0.187 seconds
[2024-09-26T03:33:41.766+0000] {processor.py:186} INFO - Started process (PID=148166) to work on /opt/airflow/dags/create_dag_with_taskflow.py
[2024-09-26T03:33:41.768+0000] {processor.py:914} INFO - Processing file /opt/airflow/dags/create_dag_with_taskflow.py for tasks to queue
[2024-09-26T03:33:41.770+0000] {logging_mixin.py:190} INFO - [2024-09-26T03:33:41.770+0000] {dagbag.py:587} INFO - Filling up the DagBag from /opt/airflow/dags/create_dag_with_taskflow.py
[2024-09-26T03:33:41.863+0000] {processor.py:925} INFO - DAG(s) 'dag_with_taskflow_api_v02' retrieved from /opt/airflow/dags/create_dag_with_taskflow.py
[2024-09-26T03:33:41.893+0000] {logging_mixin.py:190} INFO - [2024-09-26T03:33:41.893+0000] {dag.py:3229} INFO - Sync 1 DAGs
[2024-09-26T03:33:41.918+0000] {logging_mixin.py:190} INFO - [2024-09-26T03:33:41.918+0000] {dag.py:4156} INFO - Setting next_dagrun for dag_with_taskflow_api_v02 to 2024-09-22 00:00:00+00:00, run_after=2024-09-23 00:00:00+00:00
[2024-09-26T03:33:41.944+0000] {processor.py:208} INFO - Processing /opt/airflow/dags/create_dag_with_taskflow.py took 0.183 seconds
[2024-09-26T03:34:12.240+0000] {processor.py:186} INFO - Started process (PID=148209) to work on /opt/airflow/dags/create_dag_with_taskflow.py
[2024-09-26T03:34:12.242+0000] {processor.py:914} INFO - Processing file /opt/airflow/dags/create_dag_with_taskflow.py for tasks to queue
[2024-09-26T03:34:12.245+0000] {logging_mixin.py:190} INFO - [2024-09-26T03:34:12.245+0000] {dagbag.py:587} INFO - Filling up the DagBag from /opt/airflow/dags/create_dag_with_taskflow.py
[2024-09-26T03:34:12.311+0000] {processor.py:925} INFO - DAG(s) 'dag_with_taskflow_api_v02' retrieved from /opt/airflow/dags/create_dag_with_taskflow.py
[2024-09-26T03:34:12.348+0000] {logging_mixin.py:190} INFO - [2024-09-26T03:34:12.347+0000] {dag.py:3229} INFO - Sync 1 DAGs
[2024-09-26T03:34:12.379+0000] {logging_mixin.py:190} INFO - [2024-09-26T03:34:12.378+0000] {dag.py:4156} INFO - Setting next_dagrun for dag_with_taskflow_api_v02 to 2024-09-22 00:00:00+00:00, run_after=2024-09-23 00:00:00+00:00
[2024-09-26T03:34:12.408+0000] {processor.py:208} INFO - Processing /opt/airflow/dags/create_dag_with_taskflow.py took 0.174 seconds
[2024-09-26T03:34:42.873+0000] {processor.py:186} INFO - Started process (PID=148252) to work on /opt/airflow/dags/create_dag_with_taskflow.py
[2024-09-26T03:34:42.875+0000] {processor.py:914} INFO - Processing file /opt/airflow/dags/create_dag_with_taskflow.py for tasks to queue
[2024-09-26T03:34:42.877+0000] {logging_mixin.py:190} INFO - [2024-09-26T03:34:42.877+0000] {dagbag.py:587} INFO - Filling up the DagBag from /opt/airflow/dags/create_dag_with_taskflow.py
[2024-09-26T03:34:42.981+0000] {processor.py:925} INFO - DAG(s) 'dag_with_taskflow_api_v02' retrieved from /opt/airflow/dags/create_dag_with_taskflow.py
[2024-09-26T03:34:43.010+0000] {logging_mixin.py:190} INFO - [2024-09-26T03:34:43.010+0000] {dag.py:3229} INFO - Sync 1 DAGs
[2024-09-26T03:34:43.032+0000] {logging_mixin.py:190} INFO - [2024-09-26T03:34:43.032+0000] {dag.py:4156} INFO - Setting next_dagrun for dag_with_taskflow_api_v02 to 2024-09-22 00:00:00+00:00, run_after=2024-09-23 00:00:00+00:00
[2024-09-26T03:34:43.060+0000] {processor.py:208} INFO - Processing /opt/airflow/dags/create_dag_with_taskflow.py took 0.196 seconds
[2024-09-26T03:35:13.801+0000] {processor.py:186} INFO - Started process (PID=148295) to work on /opt/airflow/dags/create_dag_with_taskflow.py
[2024-09-26T03:35:13.803+0000] {processor.py:914} INFO - Processing file /opt/airflow/dags/create_dag_with_taskflow.py for tasks to queue
[2024-09-26T03:35:13.805+0000] {logging_mixin.py:190} INFO - [2024-09-26T03:35:13.804+0000] {dagbag.py:587} INFO - Filling up the DagBag from /opt/airflow/dags/create_dag_with_taskflow.py
[2024-09-26T03:35:13.914+0000] {processor.py:925} INFO - DAG(s) 'dag_with_taskflow_api_v02' retrieved from /opt/airflow/dags/create_dag_with_taskflow.py
[2024-09-26T03:35:13.940+0000] {logging_mixin.py:190} INFO - [2024-09-26T03:35:13.940+0000] {dag.py:3229} INFO - Sync 1 DAGs
[2024-09-26T03:35:13.962+0000] {logging_mixin.py:190} INFO - [2024-09-26T03:35:13.962+0000] {dag.py:4156} INFO - Setting next_dagrun for dag_with_taskflow_api_v02 to 2024-09-22 00:00:00+00:00, run_after=2024-09-23 00:00:00+00:00
[2024-09-26T03:35:13.985+0000] {processor.py:208} INFO - Processing /opt/airflow/dags/create_dag_with_taskflow.py took 0.190 seconds
[2024-09-26T03:35:44.442+0000] {processor.py:186} INFO - Started process (PID=148338) to work on /opt/airflow/dags/create_dag_with_taskflow.py
[2024-09-26T03:35:44.445+0000] {processor.py:914} INFO - Processing file /opt/airflow/dags/create_dag_with_taskflow.py for tasks to queue
[2024-09-26T03:35:44.447+0000] {logging_mixin.py:190} INFO - [2024-09-26T03:35:44.447+0000] {dagbag.py:587} INFO - Filling up the DagBag from /opt/airflow/dags/create_dag_with_taskflow.py
[2024-09-26T03:35:44.542+0000] {processor.py:925} INFO - DAG(s) 'dag_with_taskflow_api_v02' retrieved from /opt/airflow/dags/create_dag_with_taskflow.py
[2024-09-26T03:35:44.573+0000] {logging_mixin.py:190} INFO - [2024-09-26T03:35:44.573+0000] {dag.py:3229} INFO - Sync 1 DAGs
[2024-09-26T03:35:44.597+0000] {logging_mixin.py:190} INFO - [2024-09-26T03:35:44.597+0000] {dag.py:4156} INFO - Setting next_dagrun for dag_with_taskflow_api_v02 to 2024-09-22 00:00:00+00:00, run_after=2024-09-23 00:00:00+00:00
[2024-09-26T03:35:44.625+0000] {processor.py:208} INFO - Processing /opt/airflow/dags/create_dag_with_taskflow.py took 0.194 seconds
[2024-09-26T03:36:15.094+0000] {processor.py:186} INFO - Started process (PID=148381) to work on /opt/airflow/dags/create_dag_with_taskflow.py
[2024-09-26T03:36:15.096+0000] {processor.py:914} INFO - Processing file /opt/airflow/dags/create_dag_with_taskflow.py for tasks to queue
[2024-09-26T03:36:15.098+0000] {logging_mixin.py:190} INFO - [2024-09-26T03:36:15.097+0000] {dagbag.py:587} INFO - Filling up the DagBag from /opt/airflow/dags/create_dag_with_taskflow.py
[2024-09-26T03:36:15.185+0000] {processor.py:925} INFO - DAG(s) 'dag_with_taskflow_api_v02' retrieved from /opt/airflow/dags/create_dag_with_taskflow.py
[2024-09-26T03:36:15.209+0000] {logging_mixin.py:190} INFO - [2024-09-26T03:36:15.209+0000] {dag.py:3229} INFO - Sync 1 DAGs
[2024-09-26T03:36:15.228+0000] {logging_mixin.py:190} INFO - [2024-09-26T03:36:15.228+0000] {dag.py:4156} INFO - Setting next_dagrun for dag_with_taskflow_api_v02 to 2024-09-22 00:00:00+00:00, run_after=2024-09-23 00:00:00+00:00
[2024-09-26T03:36:15.249+0000] {processor.py:208} INFO - Processing /opt/airflow/dags/create_dag_with_taskflow.py took 0.161 seconds
[2024-09-26T03:36:45.725+0000] {processor.py:186} INFO - Started process (PID=148424) to work on /opt/airflow/dags/create_dag_with_taskflow.py
[2024-09-26T03:36:45.727+0000] {processor.py:914} INFO - Processing file /opt/airflow/dags/create_dag_with_taskflow.py for tasks to queue
[2024-09-26T03:36:45.729+0000] {logging_mixin.py:190} INFO - [2024-09-26T03:36:45.729+0000] {dagbag.py:587} INFO - Filling up the DagBag from /opt/airflow/dags/create_dag_with_taskflow.py
[2024-09-26T03:36:45.824+0000] {processor.py:925} INFO - DAG(s) 'dag_with_taskflow_api_v02' retrieved from /opt/airflow/dags/create_dag_with_taskflow.py
[2024-09-26T03:36:45.850+0000] {logging_mixin.py:190} INFO - [2024-09-26T03:36:45.849+0000] {dag.py:3229} INFO - Sync 1 DAGs
[2024-09-26T03:36:45.876+0000] {logging_mixin.py:190} INFO - [2024-09-26T03:36:45.876+0000] {dag.py:4156} INFO - Setting next_dagrun for dag_with_taskflow_api_v02 to 2024-09-22 00:00:00+00:00, run_after=2024-09-23 00:00:00+00:00
[2024-09-26T03:36:45.904+0000] {processor.py:208} INFO - Processing /opt/airflow/dags/create_dag_with_taskflow.py took 0.185 seconds
[2024-09-26T03:37:16.466+0000] {processor.py:186} INFO - Started process (PID=148467) to work on /opt/airflow/dags/create_dag_with_taskflow.py
[2024-09-26T03:37:16.467+0000] {processor.py:914} INFO - Processing file /opt/airflow/dags/create_dag_with_taskflow.py for tasks to queue
[2024-09-26T03:37:16.469+0000] {logging_mixin.py:190} INFO - [2024-09-26T03:37:16.469+0000] {dagbag.py:587} INFO - Filling up the DagBag from /opt/airflow/dags/create_dag_with_taskflow.py
[2024-09-26T03:37:16.548+0000] {processor.py:925} INFO - DAG(s) 'dag_with_taskflow_api_v02' retrieved from /opt/airflow/dags/create_dag_with_taskflow.py
[2024-09-26T03:37:16.578+0000] {logging_mixin.py:190} INFO - [2024-09-26T03:37:16.578+0000] {dag.py:3229} INFO - Sync 1 DAGs
[2024-09-26T03:37:16.605+0000] {logging_mixin.py:190} INFO - [2024-09-26T03:37:16.605+0000] {dag.py:4156} INFO - Setting next_dagrun for dag_with_taskflow_api_v02 to 2024-09-22 00:00:00+00:00, run_after=2024-09-23 00:00:00+00:00
[2024-09-26T03:37:16.636+0000] {processor.py:208} INFO - Processing /opt/airflow/dags/create_dag_with_taskflow.py took 0.177 seconds
[2024-09-26T03:37:47.023+0000] {processor.py:186} INFO - Started process (PID=148510) to work on /opt/airflow/dags/create_dag_with_taskflow.py
[2024-09-26T03:37:47.024+0000] {processor.py:914} INFO - Processing file /opt/airflow/dags/create_dag_with_taskflow.py for tasks to queue
[2024-09-26T03:37:47.026+0000] {logging_mixin.py:190} INFO - [2024-09-26T03:37:47.025+0000] {dagbag.py:587} INFO - Filling up the DagBag from /opt/airflow/dags/create_dag_with_taskflow.py
[2024-09-26T03:37:47.146+0000] {processor.py:925} INFO - DAG(s) 'dag_with_taskflow_api_v02' retrieved from /opt/airflow/dags/create_dag_with_taskflow.py
[2024-09-26T03:37:47.175+0000] {logging_mixin.py:190} INFO - [2024-09-26T03:37:47.175+0000] {dag.py:3229} INFO - Sync 1 DAGs
[2024-09-26T03:37:47.197+0000] {logging_mixin.py:190} INFO - [2024-09-26T03:37:47.197+0000] {dag.py:4156} INFO - Setting next_dagrun for dag_with_taskflow_api_v02 to 2024-09-22 00:00:00+00:00, run_after=2024-09-23 00:00:00+00:00
[2024-09-26T03:37:47.219+0000] {processor.py:208} INFO - Processing /opt/airflow/dags/create_dag_with_taskflow.py took 0.206 seconds
[2024-09-26T03:38:17.826+0000] {processor.py:186} INFO - Started process (PID=148553) to work on /opt/airflow/dags/create_dag_with_taskflow.py
[2024-09-26T03:38:17.829+0000] {processor.py:914} INFO - Processing file /opt/airflow/dags/create_dag_with_taskflow.py for tasks to queue
[2024-09-26T03:38:17.834+0000] {logging_mixin.py:190} INFO - [2024-09-26T03:38:17.833+0000] {dagbag.py:587} INFO - Filling up the DagBag from /opt/airflow/dags/create_dag_with_taskflow.py
[2024-09-26T03:38:17.961+0000] {processor.py:925} INFO - DAG(s) 'dag_with_taskflow_api_v02' retrieved from /opt/airflow/dags/create_dag_with_taskflow.py
[2024-09-26T03:38:17.987+0000] {logging_mixin.py:190} INFO - [2024-09-26T03:38:17.987+0000] {dag.py:3229} INFO - Sync 1 DAGs
[2024-09-26T03:38:18.011+0000] {logging_mixin.py:190} INFO - [2024-09-26T03:38:18.011+0000] {dag.py:4156} INFO - Setting next_dagrun for dag_with_taskflow_api_v02 to 2024-09-22 00:00:00+00:00, run_after=2024-09-23 00:00:00+00:00
[2024-09-26T03:38:18.034+0000] {processor.py:208} INFO - Processing /opt/airflow/dags/create_dag_with_taskflow.py took 0.222 seconds
[2024-09-26T03:38:48.543+0000] {processor.py:186} INFO - Started process (PID=148596) to work on /opt/airflow/dags/create_dag_with_taskflow.py
[2024-09-26T03:38:48.545+0000] {processor.py:914} INFO - Processing file /opt/airflow/dags/create_dag_with_taskflow.py for tasks to queue
[2024-09-26T03:38:48.547+0000] {logging_mixin.py:190} INFO - [2024-09-26T03:38:48.547+0000] {dagbag.py:587} INFO - Filling up the DagBag from /opt/airflow/dags/create_dag_with_taskflow.py
[2024-09-26T03:38:48.657+0000] {processor.py:925} INFO - DAG(s) 'dag_with_taskflow_api_v02' retrieved from /opt/airflow/dags/create_dag_with_taskflow.py
[2024-09-26T03:38:48.683+0000] {logging_mixin.py:190} INFO - [2024-09-26T03:38:48.683+0000] {dag.py:3229} INFO - Sync 1 DAGs
[2024-09-26T03:38:48.706+0000] {logging_mixin.py:190} INFO - [2024-09-26T03:38:48.706+0000] {dag.py:4156} INFO - Setting next_dagrun for dag_with_taskflow_api_v02 to 2024-09-22 00:00:00+00:00, run_after=2024-09-23 00:00:00+00:00
[2024-09-26T03:38:48.734+0000] {processor.py:208} INFO - Processing /opt/airflow/dags/create_dag_with_taskflow.py took 0.199 seconds
[2024-09-26T03:39:19.571+0000] {processor.py:186} INFO - Started process (PID=148639) to work on /opt/airflow/dags/create_dag_with_taskflow.py
[2024-09-26T03:39:19.573+0000] {processor.py:914} INFO - Processing file /opt/airflow/dags/create_dag_with_taskflow.py for tasks to queue
[2024-09-26T03:39:19.574+0000] {logging_mixin.py:190} INFO - [2024-09-26T03:39:19.574+0000] {dagbag.py:587} INFO - Filling up the DagBag from /opt/airflow/dags/create_dag_with_taskflow.py
[2024-09-26T03:39:19.653+0000] {processor.py:925} INFO - DAG(s) 'dag_with_taskflow_api_v02' retrieved from /opt/airflow/dags/create_dag_with_taskflow.py
[2024-09-26T03:39:19.682+0000] {logging_mixin.py:190} INFO - [2024-09-26T03:39:19.681+0000] {dag.py:3229} INFO - Sync 1 DAGs
[2024-09-26T03:39:19.704+0000] {logging_mixin.py:190} INFO - [2024-09-26T03:39:19.703+0000] {dag.py:4156} INFO - Setting next_dagrun for dag_with_taskflow_api_v02 to 2024-09-22 00:00:00+00:00, run_after=2024-09-23 00:00:00+00:00
[2024-09-26T03:39:19.724+0000] {processor.py:208} INFO - Processing /opt/airflow/dags/create_dag_with_taskflow.py took 0.160 seconds
[2024-09-26T03:39:50.246+0000] {processor.py:186} INFO - Started process (PID=148682) to work on /opt/airflow/dags/create_dag_with_taskflow.py
[2024-09-26T03:39:50.248+0000] {processor.py:914} INFO - Processing file /opt/airflow/dags/create_dag_with_taskflow.py for tasks to queue
[2024-09-26T03:39:50.251+0000] {logging_mixin.py:190} INFO - [2024-09-26T03:39:50.251+0000] {dagbag.py:587} INFO - Filling up the DagBag from /opt/airflow/dags/create_dag_with_taskflow.py
[2024-09-26T03:39:50.355+0000] {processor.py:925} INFO - DAG(s) 'dag_with_taskflow_api_v02' retrieved from /opt/airflow/dags/create_dag_with_taskflow.py
[2024-09-26T03:39:50.379+0000] {logging_mixin.py:190} INFO - [2024-09-26T03:39:50.379+0000] {dag.py:3229} INFO - Sync 1 DAGs
[2024-09-26T03:39:50.400+0000] {logging_mixin.py:190} INFO - [2024-09-26T03:39:50.400+0000] {dag.py:4156} INFO - Setting next_dagrun for dag_with_taskflow_api_v02 to 2024-09-22 00:00:00+00:00, run_after=2024-09-23 00:00:00+00:00
[2024-09-26T03:39:50.420+0000] {processor.py:208} INFO - Processing /opt/airflow/dags/create_dag_with_taskflow.py took 0.181 seconds
[2024-09-26T03:40:21.149+0000] {processor.py:186} INFO - Started process (PID=148725) to work on /opt/airflow/dags/create_dag_with_taskflow.py
[2024-09-26T03:40:21.152+0000] {processor.py:914} INFO - Processing file /opt/airflow/dags/create_dag_with_taskflow.py for tasks to queue
[2024-09-26T03:40:21.154+0000] {logging_mixin.py:190} INFO - [2024-09-26T03:40:21.154+0000] {dagbag.py:587} INFO - Filling up the DagBag from /opt/airflow/dags/create_dag_with_taskflow.py
[2024-09-26T03:40:21.263+0000] {processor.py:925} INFO - DAG(s) 'dag_with_taskflow_api_v02' retrieved from /opt/airflow/dags/create_dag_with_taskflow.py
[2024-09-26T03:40:21.287+0000] {logging_mixin.py:190} INFO - [2024-09-26T03:40:21.287+0000] {dag.py:3229} INFO - Sync 1 DAGs
[2024-09-26T03:40:21.310+0000] {logging_mixin.py:190} INFO - [2024-09-26T03:40:21.310+0000] {dag.py:4156} INFO - Setting next_dagrun for dag_with_taskflow_api_v02 to 2024-09-22 00:00:00+00:00, run_after=2024-09-23 00:00:00+00:00
[2024-09-26T03:40:21.335+0000] {processor.py:208} INFO - Processing /opt/airflow/dags/create_dag_with_taskflow.py took 0.197 seconds
[2024-09-26T03:40:52.142+0000] {processor.py:186} INFO - Started process (PID=148768) to work on /opt/airflow/dags/create_dag_with_taskflow.py
[2024-09-26T03:40:52.146+0000] {processor.py:914} INFO - Processing file /opt/airflow/dags/create_dag_with_taskflow.py for tasks to queue
[2024-09-26T03:40:52.154+0000] {logging_mixin.py:190} INFO - [2024-09-26T03:40:52.153+0000] {dagbag.py:587} INFO - Filling up the DagBag from /opt/airflow/dags/create_dag_with_taskflow.py
[2024-09-26T03:40:52.293+0000] {processor.py:925} INFO - DAG(s) 'dag_with_taskflow_api_v02' retrieved from /opt/airflow/dags/create_dag_with_taskflow.py
[2024-09-26T03:40:52.331+0000] {logging_mixin.py:190} INFO - [2024-09-26T03:40:52.331+0000] {dag.py:3229} INFO - Sync 1 DAGs
[2024-09-26T03:40:52.373+0000] {logging_mixin.py:190} INFO - [2024-09-26T03:40:52.373+0000] {dag.py:4156} INFO - Setting next_dagrun for dag_with_taskflow_api_v02 to 2024-09-22 00:00:00+00:00, run_after=2024-09-23 00:00:00+00:00
[2024-09-26T03:40:52.404+0000] {processor.py:208} INFO - Processing /opt/airflow/dags/create_dag_with_taskflow.py took 0.284 seconds
[2024-09-26T03:41:23.357+0000] {processor.py:186} INFO - Started process (PID=148811) to work on /opt/airflow/dags/create_dag_with_taskflow.py
[2024-09-26T03:41:23.358+0000] {processor.py:914} INFO - Processing file /opt/airflow/dags/create_dag_with_taskflow.py for tasks to queue
[2024-09-26T03:41:23.361+0000] {logging_mixin.py:190} INFO - [2024-09-26T03:41:23.360+0000] {dagbag.py:587} INFO - Filling up the DagBag from /opt/airflow/dags/create_dag_with_taskflow.py
[2024-09-26T03:41:23.433+0000] {processor.py:925} INFO - DAG(s) 'dag_with_taskflow_api_v02' retrieved from /opt/airflow/dags/create_dag_with_taskflow.py
[2024-09-26T03:41:23.462+0000] {logging_mixin.py:190} INFO - [2024-09-26T03:41:23.461+0000] {dag.py:3229} INFO - Sync 1 DAGs
[2024-09-26T03:41:23.487+0000] {logging_mixin.py:190} INFO - [2024-09-26T03:41:23.487+0000] {dag.py:4156} INFO - Setting next_dagrun for dag_with_taskflow_api_v02 to 2024-09-22 00:00:00+00:00, run_after=2024-09-23 00:00:00+00:00
[2024-09-26T03:41:23.514+0000] {processor.py:208} INFO - Processing /opt/airflow/dags/create_dag_with_taskflow.py took 0.162 seconds
[2024-09-26T03:41:53.978+0000] {processor.py:186} INFO - Started process (PID=148854) to work on /opt/airflow/dags/create_dag_with_taskflow.py
[2024-09-26T03:41:53.979+0000] {processor.py:914} INFO - Processing file /opt/airflow/dags/create_dag_with_taskflow.py for tasks to queue
[2024-09-26T03:41:53.982+0000] {logging_mixin.py:190} INFO - [2024-09-26T03:41:53.982+0000] {dagbag.py:587} INFO - Filling up the DagBag from /opt/airflow/dags/create_dag_with_taskflow.py
[2024-09-26T03:41:54.075+0000] {processor.py:925} INFO - DAG(s) 'dag_with_taskflow_api_v02' retrieved from /opt/airflow/dags/create_dag_with_taskflow.py
[2024-09-26T03:41:54.103+0000] {logging_mixin.py:190} INFO - [2024-09-26T03:41:54.103+0000] {dag.py:3229} INFO - Sync 1 DAGs
[2024-09-26T03:41:54.129+0000] {logging_mixin.py:190} INFO - [2024-09-26T03:41:54.128+0000] {dag.py:4156} INFO - Setting next_dagrun for dag_with_taskflow_api_v02 to 2024-09-22 00:00:00+00:00, run_after=2024-09-23 00:00:00+00:00
[2024-09-26T03:41:54.158+0000] {processor.py:208} INFO - Processing /opt/airflow/dags/create_dag_with_taskflow.py took 0.186 seconds
[2024-09-26T03:42:24.590+0000] {processor.py:186} INFO - Started process (PID=148897) to work on /opt/airflow/dags/create_dag_with_taskflow.py
[2024-09-26T03:42:24.592+0000] {processor.py:914} INFO - Processing file /opt/airflow/dags/create_dag_with_taskflow.py for tasks to queue
[2024-09-26T03:42:24.594+0000] {logging_mixin.py:190} INFO - [2024-09-26T03:42:24.593+0000] {dagbag.py:587} INFO - Filling up the DagBag from /opt/airflow/dags/create_dag_with_taskflow.py
[2024-09-26T03:42:24.712+0000] {processor.py:925} INFO - DAG(s) 'dag_with_taskflow_api_v02' retrieved from /opt/airflow/dags/create_dag_with_taskflow.py
[2024-09-26T03:42:24.747+0000] {logging_mixin.py:190} INFO - [2024-09-26T03:42:24.747+0000] {dag.py:3229} INFO - Sync 1 DAGs
[2024-09-26T03:42:24.769+0000] {logging_mixin.py:190} INFO - [2024-09-26T03:42:24.769+0000] {dag.py:4156} INFO - Setting next_dagrun for dag_with_taskflow_api_v02 to 2024-09-22 00:00:00+00:00, run_after=2024-09-23 00:00:00+00:00
[2024-09-26T03:42:24.795+0000] {processor.py:208} INFO - Processing /opt/airflow/dags/create_dag_with_taskflow.py took 0.210 seconds
[2024-09-26T03:42:55.415+0000] {processor.py:186} INFO - Started process (PID=148940) to work on /opt/airflow/dags/create_dag_with_taskflow.py
[2024-09-26T03:42:55.417+0000] {processor.py:914} INFO - Processing file /opt/airflow/dags/create_dag_with_taskflow.py for tasks to queue
[2024-09-26T03:42:55.419+0000] {logging_mixin.py:190} INFO - [2024-09-26T03:42:55.419+0000] {dagbag.py:587} INFO - Filling up the DagBag from /opt/airflow/dags/create_dag_with_taskflow.py
[2024-09-26T03:42:55.527+0000] {processor.py:925} INFO - DAG(s) 'dag_with_taskflow_api_v02' retrieved from /opt/airflow/dags/create_dag_with_taskflow.py
[2024-09-26T03:42:55.552+0000] {logging_mixin.py:190} INFO - [2024-09-26T03:42:55.552+0000] {dag.py:3229} INFO - Sync 1 DAGs
[2024-09-26T03:42:55.572+0000] {logging_mixin.py:190} INFO - [2024-09-26T03:42:55.572+0000] {dag.py:4156} INFO - Setting next_dagrun for dag_with_taskflow_api_v02 to 2024-09-22 00:00:00+00:00, run_after=2024-09-23 00:00:00+00:00
[2024-09-26T03:42:55.598+0000] {processor.py:208} INFO - Processing /opt/airflow/dags/create_dag_with_taskflow.py took 0.191 seconds
[2024-09-26T03:43:26.100+0000] {processor.py:186} INFO - Started process (PID=148985) to work on /opt/airflow/dags/create_dag_with_taskflow.py
[2024-09-26T03:43:26.102+0000] {processor.py:914} INFO - Processing file /opt/airflow/dags/create_dag_with_taskflow.py for tasks to queue
[2024-09-26T03:43:26.104+0000] {logging_mixin.py:190} INFO - [2024-09-26T03:43:26.104+0000] {dagbag.py:587} INFO - Filling up the DagBag from /opt/airflow/dags/create_dag_with_taskflow.py
[2024-09-26T03:43:26.221+0000] {processor.py:925} INFO - DAG(s) 'dag_with_taskflow_api_v02' retrieved from /opt/airflow/dags/create_dag_with_taskflow.py
[2024-09-26T03:43:26.245+0000] {logging_mixin.py:190} INFO - [2024-09-26T03:43:26.245+0000] {dag.py:3229} INFO - Sync 1 DAGs
[2024-09-26T03:43:26.266+0000] {logging_mixin.py:190} INFO - [2024-09-26T03:43:26.266+0000] {dag.py:4156} INFO - Setting next_dagrun for dag_with_taskflow_api_v02 to 2024-09-22 00:00:00+00:00, run_after=2024-09-23 00:00:00+00:00
[2024-09-26T03:43:26.299+0000] {processor.py:208} INFO - Processing /opt/airflow/dags/create_dag_with_taskflow.py took 0.211 seconds
[2024-09-26T03:43:56.839+0000] {processor.py:186} INFO - Started process (PID=149026) to work on /opt/airflow/dags/create_dag_with_taskflow.py
[2024-09-26T03:43:56.841+0000] {processor.py:914} INFO - Processing file /opt/airflow/dags/create_dag_with_taskflow.py for tasks to queue
[2024-09-26T03:43:56.842+0000] {logging_mixin.py:190} INFO - [2024-09-26T03:43:56.842+0000] {dagbag.py:587} INFO - Filling up the DagBag from /opt/airflow/dags/create_dag_with_taskflow.py
[2024-09-26T03:43:56.923+0000] {processor.py:925} INFO - DAG(s) 'dag_with_taskflow_api_v02' retrieved from /opt/airflow/dags/create_dag_with_taskflow.py
[2024-09-26T03:43:56.948+0000] {logging_mixin.py:190} INFO - [2024-09-26T03:43:56.948+0000] {dag.py:3229} INFO - Sync 1 DAGs
[2024-09-26T03:43:56.969+0000] {logging_mixin.py:190} INFO - [2024-09-26T03:43:56.969+0000] {dag.py:4156} INFO - Setting next_dagrun for dag_with_taskflow_api_v02 to 2024-09-22 00:00:00+00:00, run_after=2024-09-23 00:00:00+00:00
[2024-09-26T03:43:56.993+0000] {processor.py:208} INFO - Processing /opt/airflow/dags/create_dag_with_taskflow.py took 0.159 seconds
[2024-09-26T03:44:27.373+0000] {processor.py:186} INFO - Started process (PID=149069) to work on /opt/airflow/dags/create_dag_with_taskflow.py
[2024-09-26T03:44:27.374+0000] {processor.py:914} INFO - Processing file /opt/airflow/dags/create_dag_with_taskflow.py for tasks to queue
[2024-09-26T03:44:27.376+0000] {logging_mixin.py:190} INFO - [2024-09-26T03:44:27.376+0000] {dagbag.py:587} INFO - Filling up the DagBag from /opt/airflow/dags/create_dag_with_taskflow.py
[2024-09-26T03:44:27.441+0000] {processor.py:925} INFO - DAG(s) 'dag_with_taskflow_api_v02' retrieved from /opt/airflow/dags/create_dag_with_taskflow.py
[2024-09-26T03:44:27.470+0000] {logging_mixin.py:190} INFO - [2024-09-26T03:44:27.470+0000] {dag.py:3229} INFO - Sync 1 DAGs
[2024-09-26T03:44:27.495+0000] {logging_mixin.py:190} INFO - [2024-09-26T03:44:27.495+0000] {dag.py:4156} INFO - Setting next_dagrun for dag_with_taskflow_api_v02 to 2024-09-22 00:00:00+00:00, run_after=2024-09-23 00:00:00+00:00
[2024-09-26T03:44:27.519+0000] {processor.py:208} INFO - Processing /opt/airflow/dags/create_dag_with_taskflow.py took 0.153 seconds
[2024-09-26T03:44:58.137+0000] {processor.py:186} INFO - Started process (PID=149112) to work on /opt/airflow/dags/create_dag_with_taskflow.py
[2024-09-26T03:44:58.139+0000] {processor.py:914} INFO - Processing file /opt/airflow/dags/create_dag_with_taskflow.py for tasks to queue
[2024-09-26T03:44:58.141+0000] {logging_mixin.py:190} INFO - [2024-09-26T03:44:58.141+0000] {dagbag.py:587} INFO - Filling up the DagBag from /opt/airflow/dags/create_dag_with_taskflow.py
[2024-09-26T03:44:58.242+0000] {processor.py:925} INFO - DAG(s) 'dag_with_taskflow_api_v02' retrieved from /opt/airflow/dags/create_dag_with_taskflow.py
[2024-09-26T03:44:58.269+0000] {logging_mixin.py:190} INFO - [2024-09-26T03:44:58.269+0000] {dag.py:3229} INFO - Sync 1 DAGs
[2024-09-26T03:44:58.292+0000] {logging_mixin.py:190} INFO - [2024-09-26T03:44:58.292+0000] {dag.py:4156} INFO - Setting next_dagrun for dag_with_taskflow_api_v02 to 2024-09-22 00:00:00+00:00, run_after=2024-09-23 00:00:00+00:00
[2024-09-26T03:44:58.318+0000] {processor.py:208} INFO - Processing /opt/airflow/dags/create_dag_with_taskflow.py took 0.188 seconds
[2024-09-26T03:45:28.797+0000] {processor.py:186} INFO - Started process (PID=149155) to work on /opt/airflow/dags/create_dag_with_taskflow.py
[2024-09-26T03:45:28.799+0000] {processor.py:914} INFO - Processing file /opt/airflow/dags/create_dag_with_taskflow.py for tasks to queue
[2024-09-26T03:45:28.801+0000] {logging_mixin.py:190} INFO - [2024-09-26T03:45:28.801+0000] {dagbag.py:587} INFO - Filling up the DagBag from /opt/airflow/dags/create_dag_with_taskflow.py
[2024-09-26T03:45:28.895+0000] {processor.py:925} INFO - DAG(s) 'dag_with_taskflow_api_v02' retrieved from /opt/airflow/dags/create_dag_with_taskflow.py
[2024-09-26T03:45:28.921+0000] {logging_mixin.py:190} INFO - [2024-09-26T03:45:28.921+0000] {dag.py:3229} INFO - Sync 1 DAGs
[2024-09-26T03:45:28.941+0000] {logging_mixin.py:190} INFO - [2024-09-26T03:45:28.941+0000] {dag.py:4156} INFO - Setting next_dagrun for dag_with_taskflow_api_v02 to 2024-09-22 00:00:00+00:00, run_after=2024-09-23 00:00:00+00:00
[2024-09-26T03:45:28.962+0000] {processor.py:208} INFO - Processing /opt/airflow/dags/create_dag_with_taskflow.py took 0.170 seconds
[2024-09-26T03:45:59.231+0000] {processor.py:186} INFO - Started process (PID=149198) to work on /opt/airflow/dags/create_dag_with_taskflow.py
[2024-09-26T03:45:59.234+0000] {processor.py:914} INFO - Processing file /opt/airflow/dags/create_dag_with_taskflow.py for tasks to queue
[2024-09-26T03:45:59.237+0000] {logging_mixin.py:190} INFO - [2024-09-26T03:45:59.237+0000] {dagbag.py:587} INFO - Filling up the DagBag from /opt/airflow/dags/create_dag_with_taskflow.py
[2024-09-26T03:45:59.319+0000] {processor.py:925} INFO - DAG(s) 'dag_with_taskflow_api_v02' retrieved from /opt/airflow/dags/create_dag_with_taskflow.py
[2024-09-26T03:45:59.345+0000] {logging_mixin.py:190} INFO - [2024-09-26T03:45:59.345+0000] {dag.py:3229} INFO - Sync 1 DAGs
[2024-09-26T03:45:59.367+0000] {logging_mixin.py:190} INFO - [2024-09-26T03:45:59.367+0000] {dag.py:4156} INFO - Setting next_dagrun for dag_with_taskflow_api_v02 to 2024-09-22 00:00:00+00:00, run_after=2024-09-23 00:00:00+00:00
[2024-09-26T03:45:59.387+0000] {processor.py:208} INFO - Processing /opt/airflow/dags/create_dag_with_taskflow.py took 0.163 seconds
[2024-09-26T03:46:29.878+0000] {processor.py:186} INFO - Started process (PID=149241) to work on /opt/airflow/dags/create_dag_with_taskflow.py
[2024-09-26T03:46:29.879+0000] {processor.py:914} INFO - Processing file /opt/airflow/dags/create_dag_with_taskflow.py for tasks to queue
[2024-09-26T03:46:29.882+0000] {logging_mixin.py:190} INFO - [2024-09-26T03:46:29.882+0000] {dagbag.py:587} INFO - Filling up the DagBag from /opt/airflow/dags/create_dag_with_taskflow.py
[2024-09-26T03:46:29.968+0000] {processor.py:925} INFO - DAG(s) 'dag_with_taskflow_api_v02' retrieved from /opt/airflow/dags/create_dag_with_taskflow.py
[2024-09-26T03:46:29.998+0000] {logging_mixin.py:190} INFO - [2024-09-26T03:46:29.998+0000] {dag.py:3229} INFO - Sync 1 DAGs
[2024-09-26T03:46:30.022+0000] {logging_mixin.py:190} INFO - [2024-09-26T03:46:30.021+0000] {dag.py:4156} INFO - Setting next_dagrun for dag_with_taskflow_api_v02 to 2024-09-22 00:00:00+00:00, run_after=2024-09-23 00:00:00+00:00
[2024-09-26T03:46:30.046+0000] {processor.py:208} INFO - Processing /opt/airflow/dags/create_dag_with_taskflow.py took 0.176 seconds
[2024-09-26T03:47:00.833+0000] {processor.py:186} INFO - Started process (PID=149284) to work on /opt/airflow/dags/create_dag_with_taskflow.py
[2024-09-26T03:47:00.834+0000] {processor.py:914} INFO - Processing file /opt/airflow/dags/create_dag_with_taskflow.py for tasks to queue
[2024-09-26T03:47:00.837+0000] {logging_mixin.py:190} INFO - [2024-09-26T03:47:00.836+0000] {dagbag.py:587} INFO - Filling up the DagBag from /opt/airflow/dags/create_dag_with_taskflow.py
[2024-09-26T03:47:00.946+0000] {processor.py:925} INFO - DAG(s) 'dag_with_taskflow_api_v02' retrieved from /opt/airflow/dags/create_dag_with_taskflow.py
[2024-09-26T03:47:00.972+0000] {logging_mixin.py:190} INFO - [2024-09-26T03:47:00.972+0000] {dag.py:3229} INFO - Sync 1 DAGs
[2024-09-26T03:47:00.993+0000] {logging_mixin.py:190} INFO - [2024-09-26T03:47:00.993+0000] {dag.py:4156} INFO - Setting next_dagrun for dag_with_taskflow_api_v02 to 2024-09-22 00:00:00+00:00, run_after=2024-09-23 00:00:00+00:00
[2024-09-26T03:47:01.018+0000] {processor.py:208} INFO - Processing /opt/airflow/dags/create_dag_with_taskflow.py took 0.192 seconds
[2024-09-26T03:47:31.543+0000] {processor.py:186} INFO - Started process (PID=149327) to work on /opt/airflow/dags/create_dag_with_taskflow.py
[2024-09-26T03:47:31.545+0000] {processor.py:914} INFO - Processing file /opt/airflow/dags/create_dag_with_taskflow.py for tasks to queue
[2024-09-26T03:47:31.547+0000] {logging_mixin.py:190} INFO - [2024-09-26T03:47:31.547+0000] {dagbag.py:587} INFO - Filling up the DagBag from /opt/airflow/dags/create_dag_with_taskflow.py
[2024-09-26T03:47:31.627+0000] {processor.py:925} INFO - DAG(s) 'dag_with_taskflow_api_v02' retrieved from /opt/airflow/dags/create_dag_with_taskflow.py
[2024-09-26T03:47:31.651+0000] {logging_mixin.py:190} INFO - [2024-09-26T03:47:31.651+0000] {dag.py:3229} INFO - Sync 1 DAGs
[2024-09-26T03:47:31.672+0000] {logging_mixin.py:190} INFO - [2024-09-26T03:47:31.671+0000] {dag.py:4156} INFO - Setting next_dagrun for dag_with_taskflow_api_v02 to 2024-09-22 00:00:00+00:00, run_after=2024-09-23 00:00:00+00:00
[2024-09-26T03:47:31.695+0000] {processor.py:208} INFO - Processing /opt/airflow/dags/create_dag_with_taskflow.py took 0.157 seconds
[2024-09-26T03:48:02.207+0000] {processor.py:186} INFO - Started process (PID=149370) to work on /opt/airflow/dags/create_dag_with_taskflow.py
[2024-09-26T03:48:02.208+0000] {processor.py:914} INFO - Processing file /opt/airflow/dags/create_dag_with_taskflow.py for tasks to queue
[2024-09-26T03:48:02.211+0000] {logging_mixin.py:190} INFO - [2024-09-26T03:48:02.210+0000] {dagbag.py:587} INFO - Filling up the DagBag from /opt/airflow/dags/create_dag_with_taskflow.py
[2024-09-26T03:48:02.306+0000] {processor.py:925} INFO - DAG(s) 'dag_with_taskflow_api_v02' retrieved from /opt/airflow/dags/create_dag_with_taskflow.py
[2024-09-26T03:48:02.347+0000] {logging_mixin.py:190} INFO - [2024-09-26T03:48:02.347+0000] {dag.py:3229} INFO - Sync 1 DAGs
[2024-09-26T03:48:02.382+0000] {logging_mixin.py:190} INFO - [2024-09-26T03:48:02.382+0000] {dag.py:4156} INFO - Setting next_dagrun for dag_with_taskflow_api_v02 to 2024-09-22 00:00:00+00:00, run_after=2024-09-23 00:00:00+00:00
[2024-09-26T03:48:02.414+0000] {processor.py:208} INFO - Processing /opt/airflow/dags/create_dag_with_taskflow.py took 0.213 seconds
[2024-09-26T03:48:32.727+0000] {processor.py:186} INFO - Started process (PID=149413) to work on /opt/airflow/dags/create_dag_with_taskflow.py
[2024-09-26T03:48:32.729+0000] {processor.py:914} INFO - Processing file /opt/airflow/dags/create_dag_with_taskflow.py for tasks to queue
[2024-09-26T03:48:32.731+0000] {logging_mixin.py:190} INFO - [2024-09-26T03:48:32.731+0000] {dagbag.py:587} INFO - Filling up the DagBag from /opt/airflow/dags/create_dag_with_taskflow.py
[2024-09-26T03:48:32.817+0000] {processor.py:925} INFO - DAG(s) 'dag_with_taskflow_api_v02' retrieved from /opt/airflow/dags/create_dag_with_taskflow.py
[2024-09-26T03:48:32.845+0000] {logging_mixin.py:190} INFO - [2024-09-26T03:48:32.845+0000] {dag.py:3229} INFO - Sync 1 DAGs
[2024-09-26T03:48:32.868+0000] {logging_mixin.py:190} INFO - [2024-09-26T03:48:32.868+0000] {dag.py:4156} INFO - Setting next_dagrun for dag_with_taskflow_api_v02 to 2024-09-22 00:00:00+00:00, run_after=2024-09-23 00:00:00+00:00
[2024-09-26T03:48:32.894+0000] {processor.py:208} INFO - Processing /opt/airflow/dags/create_dag_with_taskflow.py took 0.171 seconds
[2024-09-26T03:49:03.188+0000] {processor.py:186} INFO - Started process (PID=149456) to work on /opt/airflow/dags/create_dag_with_taskflow.py
[2024-09-26T03:49:03.189+0000] {processor.py:914} INFO - Processing file /opt/airflow/dags/create_dag_with_taskflow.py for tasks to queue
[2024-09-26T03:49:03.191+0000] {logging_mixin.py:190} INFO - [2024-09-26T03:49:03.191+0000] {dagbag.py:587} INFO - Filling up the DagBag from /opt/airflow/dags/create_dag_with_taskflow.py
[2024-09-26T03:49:03.274+0000] {processor.py:925} INFO - DAG(s) 'dag_with_taskflow_api_v02' retrieved from /opt/airflow/dags/create_dag_with_taskflow.py
[2024-09-26T03:49:03.303+0000] {logging_mixin.py:190} INFO - [2024-09-26T03:49:03.303+0000] {dag.py:3229} INFO - Sync 1 DAGs
[2024-09-26T03:49:03.330+0000] {logging_mixin.py:190} INFO - [2024-09-26T03:49:03.330+0000] {dag.py:4156} INFO - Setting next_dagrun for dag_with_taskflow_api_v02 to 2024-09-22 00:00:00+00:00, run_after=2024-09-23 00:00:00+00:00
[2024-09-26T03:49:03.354+0000] {processor.py:208} INFO - Processing /opt/airflow/dags/create_dag_with_taskflow.py took 0.173 seconds
[2024-09-26T03:49:33.662+0000] {processor.py:186} INFO - Started process (PID=149499) to work on /opt/airflow/dags/create_dag_with_taskflow.py
[2024-09-26T03:49:33.664+0000] {processor.py:914} INFO - Processing file /opt/airflow/dags/create_dag_with_taskflow.py for tasks to queue
[2024-09-26T03:49:33.666+0000] {logging_mixin.py:190} INFO - [2024-09-26T03:49:33.666+0000] {dagbag.py:587} INFO - Filling up the DagBag from /opt/airflow/dags/create_dag_with_taskflow.py
[2024-09-26T03:49:33.764+0000] {processor.py:925} INFO - DAG(s) 'dag_with_taskflow_api_v02' retrieved from /opt/airflow/dags/create_dag_with_taskflow.py
[2024-09-26T03:49:33.796+0000] {logging_mixin.py:190} INFO - [2024-09-26T03:49:33.796+0000] {dag.py:3229} INFO - Sync 1 DAGs
[2024-09-26T03:49:33.819+0000] {logging_mixin.py:190} INFO - [2024-09-26T03:49:33.819+0000] {dag.py:4156} INFO - Setting next_dagrun for dag_with_taskflow_api_v02 to 2024-09-22 00:00:00+00:00, run_after=2024-09-23 00:00:00+00:00
[2024-09-26T03:49:33.844+0000] {processor.py:208} INFO - Processing /opt/airflow/dags/create_dag_with_taskflow.py took 0.191 seconds
[2024-09-26T03:50:04.328+0000] {processor.py:186} INFO - Started process (PID=149542) to work on /opt/airflow/dags/create_dag_with_taskflow.py
[2024-09-26T03:50:04.330+0000] {processor.py:914} INFO - Processing file /opt/airflow/dags/create_dag_with_taskflow.py for tasks to queue
[2024-09-26T03:50:04.333+0000] {logging_mixin.py:190} INFO - [2024-09-26T03:50:04.333+0000] {dagbag.py:587} INFO - Filling up the DagBag from /opt/airflow/dags/create_dag_with_taskflow.py
[2024-09-26T03:50:04.435+0000] {processor.py:925} INFO - DAG(s) 'dag_with_taskflow_api_v02' retrieved from /opt/airflow/dags/create_dag_with_taskflow.py
[2024-09-26T03:50:04.471+0000] {logging_mixin.py:190} INFO - [2024-09-26T03:50:04.471+0000] {dag.py:3229} INFO - Sync 1 DAGs
[2024-09-26T03:50:04.494+0000] {logging_mixin.py:190} INFO - [2024-09-26T03:50:04.494+0000] {dag.py:4156} INFO - Setting next_dagrun for dag_with_taskflow_api_v02 to 2024-09-22 00:00:00+00:00, run_after=2024-09-23 00:00:00+00:00
[2024-09-26T03:50:04.524+0000] {processor.py:208} INFO - Processing /opt/airflow/dags/create_dag_with_taskflow.py took 0.207 seconds
[2024-09-26T03:50:34.825+0000] {processor.py:186} INFO - Started process (PID=149587) to work on /opt/airflow/dags/create_dag_with_taskflow.py
[2024-09-26T03:50:34.827+0000] {processor.py:914} INFO - Processing file /opt/airflow/dags/create_dag_with_taskflow.py for tasks to queue
[2024-09-26T03:50:34.830+0000] {logging_mixin.py:190} INFO - [2024-09-26T03:50:34.829+0000] {dagbag.py:587} INFO - Filling up the DagBag from /opt/airflow/dags/create_dag_with_taskflow.py
[2024-09-26T03:50:34.941+0000] {processor.py:925} INFO - DAG(s) 'dag_with_taskflow_api_v02' retrieved from /opt/airflow/dags/create_dag_with_taskflow.py
[2024-09-26T03:50:34.968+0000] {logging_mixin.py:190} INFO - [2024-09-26T03:50:34.968+0000] {dag.py:3229} INFO - Sync 1 DAGs
[2024-09-26T03:50:34.993+0000] {logging_mixin.py:190} INFO - [2024-09-26T03:50:34.993+0000] {dag.py:4156} INFO - Setting next_dagrun for dag_with_taskflow_api_v02 to 2024-09-22 00:00:00+00:00, run_after=2024-09-23 00:00:00+00:00
[2024-09-26T03:50:35.018+0000] {processor.py:208} INFO - Processing /opt/airflow/dags/create_dag_with_taskflow.py took 0.200 seconds
[2024-09-26T03:51:05.577+0000] {processor.py:186} INFO - Started process (PID=149628) to work on /opt/airflow/dags/create_dag_with_taskflow.py
[2024-09-26T03:51:05.580+0000] {processor.py:914} INFO - Processing file /opt/airflow/dags/create_dag_with_taskflow.py for tasks to queue
[2024-09-26T03:51:05.585+0000] {logging_mixin.py:190} INFO - [2024-09-26T03:51:05.584+0000] {dagbag.py:587} INFO - Filling up the DagBag from /opt/airflow/dags/create_dag_with_taskflow.py
[2024-09-26T03:51:05.687+0000] {processor.py:925} INFO - DAG(s) 'dag_with_taskflow_api_v02' retrieved from /opt/airflow/dags/create_dag_with_taskflow.py
[2024-09-26T03:51:05.712+0000] {logging_mixin.py:190} INFO - [2024-09-26T03:51:05.712+0000] {dag.py:3229} INFO - Sync 1 DAGs
[2024-09-26T03:51:05.733+0000] {logging_mixin.py:190} INFO - [2024-09-26T03:51:05.732+0000] {dag.py:4156} INFO - Setting next_dagrun for dag_with_taskflow_api_v02 to 2024-09-22 00:00:00+00:00, run_after=2024-09-23 00:00:00+00:00
[2024-09-26T03:51:05.755+0000] {processor.py:208} INFO - Processing /opt/airflow/dags/create_dag_with_taskflow.py took 0.191 seconds
[2024-09-26T03:51:36.033+0000] {processor.py:186} INFO - Started process (PID=149671) to work on /opt/airflow/dags/create_dag_with_taskflow.py
[2024-09-26T03:51:36.049+0000] {processor.py:914} INFO - Processing file /opt/airflow/dags/create_dag_with_taskflow.py for tasks to queue
[2024-09-26T03:51:36.051+0000] {logging_mixin.py:190} INFO - [2024-09-26T03:51:36.051+0000] {dagbag.py:587} INFO - Filling up the DagBag from /opt/airflow/dags/create_dag_with_taskflow.py
[2024-09-26T03:51:36.119+0000] {processor.py:925} INFO - DAG(s) 'dag_with_taskflow_api_v02' retrieved from /opt/airflow/dags/create_dag_with_taskflow.py
[2024-09-26T03:51:36.152+0000] {logging_mixin.py:190} INFO - [2024-09-26T03:51:36.152+0000] {dag.py:3229} INFO - Sync 1 DAGs
[2024-09-26T03:51:36.184+0000] {logging_mixin.py:190} INFO - [2024-09-26T03:51:36.183+0000] {dag.py:4156} INFO - Setting next_dagrun for dag_with_taskflow_api_v02 to 2024-09-22 00:00:00+00:00, run_after=2024-09-23 00:00:00+00:00
[2024-09-26T03:51:36.213+0000] {processor.py:208} INFO - Processing /opt/airflow/dags/create_dag_with_taskflow.py took 0.189 seconds
[2024-09-26T03:52:06.693+0000] {processor.py:186} INFO - Started process (PID=149714) to work on /opt/airflow/dags/create_dag_with_taskflow.py
[2024-09-26T03:52:06.696+0000] {processor.py:914} INFO - Processing file /opt/airflow/dags/create_dag_with_taskflow.py for tasks to queue
[2024-09-26T03:52:06.702+0000] {logging_mixin.py:190} INFO - [2024-09-26T03:52:06.701+0000] {dagbag.py:587} INFO - Filling up the DagBag from /opt/airflow/dags/create_dag_with_taskflow.py
[2024-09-26T03:52:06.814+0000] {processor.py:925} INFO - DAG(s) 'dag_with_taskflow_api_v02' retrieved from /opt/airflow/dags/create_dag_with_taskflow.py
[2024-09-26T03:52:06.845+0000] {logging_mixin.py:190} INFO - [2024-09-26T03:52:06.845+0000] {dag.py:3229} INFO - Sync 1 DAGs
[2024-09-26T03:52:06.864+0000] {logging_mixin.py:190} INFO - [2024-09-26T03:52:06.864+0000] {dag.py:4156} INFO - Setting next_dagrun for dag_with_taskflow_api_v02 to 2024-09-22 00:00:00+00:00, run_after=2024-09-23 00:00:00+00:00
[2024-09-26T03:52:06.886+0000] {processor.py:208} INFO - Processing /opt/airflow/dags/create_dag_with_taskflow.py took 0.203 seconds
[2024-09-26T03:52:37.341+0000] {processor.py:186} INFO - Started process (PID=149757) to work on /opt/airflow/dags/create_dag_with_taskflow.py
[2024-09-26T03:52:37.343+0000] {processor.py:914} INFO - Processing file /opt/airflow/dags/create_dag_with_taskflow.py for tasks to queue
[2024-09-26T03:52:37.345+0000] {logging_mixin.py:190} INFO - [2024-09-26T03:52:37.345+0000] {dagbag.py:587} INFO - Filling up the DagBag from /opt/airflow/dags/create_dag_with_taskflow.py
[2024-09-26T03:52:37.424+0000] {processor.py:925} INFO - DAG(s) 'dag_with_taskflow_api_v02' retrieved from /opt/airflow/dags/create_dag_with_taskflow.py
[2024-09-26T03:52:37.451+0000] {logging_mixin.py:190} INFO - [2024-09-26T03:52:37.451+0000] {dag.py:3229} INFO - Sync 1 DAGs
[2024-09-26T03:52:37.473+0000] {logging_mixin.py:190} INFO - [2024-09-26T03:52:37.473+0000] {dag.py:4156} INFO - Setting next_dagrun for dag_with_taskflow_api_v02 to 2024-09-22 00:00:00+00:00, run_after=2024-09-23 00:00:00+00:00
[2024-09-26T03:52:37.497+0000] {processor.py:208} INFO - Processing /opt/airflow/dags/create_dag_with_taskflow.py took 0.166 seconds
[2024-09-26T03:53:08.115+0000] {processor.py:186} INFO - Started process (PID=149800) to work on /opt/airflow/dags/create_dag_with_taskflow.py
[2024-09-26T03:53:08.116+0000] {processor.py:914} INFO - Processing file /opt/airflow/dags/create_dag_with_taskflow.py for tasks to queue
[2024-09-26T03:53:08.118+0000] {logging_mixin.py:190} INFO - [2024-09-26T03:53:08.118+0000] {dagbag.py:587} INFO - Filling up the DagBag from /opt/airflow/dags/create_dag_with_taskflow.py
[2024-09-26T03:53:08.191+0000] {processor.py:925} INFO - DAG(s) 'dag_with_taskflow_api_v02' retrieved from /opt/airflow/dags/create_dag_with_taskflow.py
[2024-09-26T03:53:08.221+0000] {logging_mixin.py:190} INFO - [2024-09-26T03:53:08.220+0000] {dag.py:3229} INFO - Sync 1 DAGs
[2024-09-26T03:53:08.245+0000] {logging_mixin.py:190} INFO - [2024-09-26T03:53:08.245+0000] {dag.py:4156} INFO - Setting next_dagrun for dag_with_taskflow_api_v02 to 2024-09-22 00:00:00+00:00, run_after=2024-09-23 00:00:00+00:00
[2024-09-26T03:53:08.274+0000] {processor.py:208} INFO - Processing /opt/airflow/dags/create_dag_with_taskflow.py took 0.166 seconds
[2024-09-26T03:53:38.604+0000] {processor.py:186} INFO - Started process (PID=149843) to work on /opt/airflow/dags/create_dag_with_taskflow.py
[2024-09-26T03:53:38.613+0000] {processor.py:914} INFO - Processing file /opt/airflow/dags/create_dag_with_taskflow.py for tasks to queue
[2024-09-26T03:53:38.618+0000] {logging_mixin.py:190} INFO - [2024-09-26T03:53:38.616+0000] {dagbag.py:587} INFO - Filling up the DagBag from /opt/airflow/dags/create_dag_with_taskflow.py
[2024-09-26T03:53:38.727+0000] {processor.py:925} INFO - DAG(s) 'dag_with_taskflow_api_v02' retrieved from /opt/airflow/dags/create_dag_with_taskflow.py
[2024-09-26T03:53:38.759+0000] {logging_mixin.py:190} INFO - [2024-09-26T03:53:38.759+0000] {dag.py:3229} INFO - Sync 1 DAGs
[2024-09-26T03:53:38.784+0000] {logging_mixin.py:190} INFO - [2024-09-26T03:53:38.783+0000] {dag.py:4156} INFO - Setting next_dagrun for dag_with_taskflow_api_v02 to 2024-09-22 00:00:00+00:00, run_after=2024-09-23 00:00:00+00:00
[2024-09-26T03:53:38.813+0000] {processor.py:208} INFO - Processing /opt/airflow/dags/create_dag_with_taskflow.py took 0.218 seconds
[2024-09-26T03:54:09.265+0000] {processor.py:186} INFO - Started process (PID=149886) to work on /opt/airflow/dags/create_dag_with_taskflow.py
[2024-09-26T03:54:09.267+0000] {processor.py:914} INFO - Processing file /opt/airflow/dags/create_dag_with_taskflow.py for tasks to queue
[2024-09-26T03:54:09.269+0000] {logging_mixin.py:190} INFO - [2024-09-26T03:54:09.269+0000] {dagbag.py:587} INFO - Filling up the DagBag from /opt/airflow/dags/create_dag_with_taskflow.py
[2024-09-26T03:54:09.369+0000] {processor.py:925} INFO - DAG(s) 'dag_with_taskflow_api_v02' retrieved from /opt/airflow/dags/create_dag_with_taskflow.py
[2024-09-26T03:54:09.397+0000] {logging_mixin.py:190} INFO - [2024-09-26T03:54:09.396+0000] {dag.py:3229} INFO - Sync 1 DAGs
[2024-09-26T03:54:09.425+0000] {logging_mixin.py:190} INFO - [2024-09-26T03:54:09.425+0000] {dag.py:4156} INFO - Setting next_dagrun for dag_with_taskflow_api_v02 to 2024-09-22 00:00:00+00:00, run_after=2024-09-23 00:00:00+00:00
[2024-09-26T03:54:09.450+0000] {processor.py:208} INFO - Processing /opt/airflow/dags/create_dag_with_taskflow.py took 0.195 seconds
[2024-09-26T03:54:39.941+0000] {processor.py:186} INFO - Started process (PID=149929) to work on /opt/airflow/dags/create_dag_with_taskflow.py
[2024-09-26T03:54:39.944+0000] {processor.py:914} INFO - Processing file /opt/airflow/dags/create_dag_with_taskflow.py for tasks to queue
[2024-09-26T03:54:39.947+0000] {logging_mixin.py:190} INFO - [2024-09-26T03:54:39.946+0000] {dagbag.py:587} INFO - Filling up the DagBag from /opt/airflow/dags/create_dag_with_taskflow.py
[2024-09-26T03:54:40.043+0000] {processor.py:925} INFO - DAG(s) 'dag_with_taskflow_api_v02' retrieved from /opt/airflow/dags/create_dag_with_taskflow.py
[2024-09-26T03:54:40.069+0000] {logging_mixin.py:190} INFO - [2024-09-26T03:54:40.069+0000] {dag.py:3229} INFO - Sync 1 DAGs
[2024-09-26T03:54:40.092+0000] {logging_mixin.py:190} INFO - [2024-09-26T03:54:40.091+0000] {dag.py:4156} INFO - Setting next_dagrun for dag_with_taskflow_api_v02 to 2024-09-22 00:00:00+00:00, run_after=2024-09-23 00:00:00+00:00
[2024-09-26T03:54:40.117+0000] {processor.py:208} INFO - Processing /opt/airflow/dags/create_dag_with_taskflow.py took 0.190 seconds
[2024-09-26T03:55:10.523+0000] {processor.py:186} INFO - Started process (PID=149972) to work on /opt/airflow/dags/create_dag_with_taskflow.py
[2024-09-26T03:55:10.524+0000] {processor.py:914} INFO - Processing file /opt/airflow/dags/create_dag_with_taskflow.py for tasks to queue
[2024-09-26T03:55:10.528+0000] {logging_mixin.py:190} INFO - [2024-09-26T03:55:10.528+0000] {dagbag.py:587} INFO - Filling up the DagBag from /opt/airflow/dags/create_dag_with_taskflow.py
[2024-09-26T03:55:10.607+0000] {processor.py:925} INFO - DAG(s) 'dag_with_taskflow_api_v02' retrieved from /opt/airflow/dags/create_dag_with_taskflow.py
[2024-09-26T03:55:10.637+0000] {logging_mixin.py:190} INFO - [2024-09-26T03:55:10.637+0000] {dag.py:3229} INFO - Sync 1 DAGs
[2024-09-26T03:55:10.664+0000] {logging_mixin.py:190} INFO - [2024-09-26T03:55:10.664+0000] {dag.py:4156} INFO - Setting next_dagrun for dag_with_taskflow_api_v02 to 2024-09-22 00:00:00+00:00, run_after=2024-09-23 00:00:00+00:00
[2024-09-26T03:55:10.691+0000] {processor.py:208} INFO - Processing /opt/airflow/dags/create_dag_with_taskflow.py took 0.177 seconds
[2024-09-26T03:55:41.585+0000] {processor.py:186} INFO - Started process (PID=150015) to work on /opt/airflow/dags/create_dag_with_taskflow.py
[2024-09-26T03:55:41.587+0000] {processor.py:914} INFO - Processing file /opt/airflow/dags/create_dag_with_taskflow.py for tasks to queue
[2024-09-26T03:55:41.590+0000] {logging_mixin.py:190} INFO - [2024-09-26T03:55:41.590+0000] {dagbag.py:587} INFO - Filling up the DagBag from /opt/airflow/dags/create_dag_with_taskflow.py
[2024-09-26T03:55:41.700+0000] {processor.py:925} INFO - DAG(s) 'dag_with_taskflow_api_v02' retrieved from /opt/airflow/dags/create_dag_with_taskflow.py
[2024-09-26T03:55:41.725+0000] {logging_mixin.py:190} INFO - [2024-09-26T03:55:41.725+0000] {dag.py:3229} INFO - Sync 1 DAGs
[2024-09-26T03:55:41.747+0000] {logging_mixin.py:190} INFO - [2024-09-26T03:55:41.747+0000] {dag.py:4156} INFO - Setting next_dagrun for dag_with_taskflow_api_v02 to 2024-09-22 00:00:00+00:00, run_after=2024-09-23 00:00:00+00:00
[2024-09-26T03:55:41.775+0000] {processor.py:208} INFO - Processing /opt/airflow/dags/create_dag_with_taskflow.py took 0.196 seconds
[2024-09-26T03:56:12.342+0000] {processor.py:186} INFO - Started process (PID=150058) to work on /opt/airflow/dags/create_dag_with_taskflow.py
[2024-09-26T03:56:12.344+0000] {processor.py:914} INFO - Processing file /opt/airflow/dags/create_dag_with_taskflow.py for tasks to queue
[2024-09-26T03:56:12.348+0000] {logging_mixin.py:190} INFO - [2024-09-26T03:56:12.347+0000] {dagbag.py:587} INFO - Filling up the DagBag from /opt/airflow/dags/create_dag_with_taskflow.py
[2024-09-26T03:56:12.450+0000] {processor.py:925} INFO - DAG(s) 'dag_with_taskflow_api_v02' retrieved from /opt/airflow/dags/create_dag_with_taskflow.py
[2024-09-26T03:56:12.478+0000] {logging_mixin.py:190} INFO - [2024-09-26T03:56:12.478+0000] {dag.py:3229} INFO - Sync 1 DAGs
[2024-09-26T03:56:12.502+0000] {logging_mixin.py:190} INFO - [2024-09-26T03:56:12.502+0000] {dag.py:4156} INFO - Setting next_dagrun for dag_with_taskflow_api_v02 to 2024-09-22 00:00:00+00:00, run_after=2024-09-23 00:00:00+00:00
[2024-09-26T03:56:12.525+0000] {processor.py:208} INFO - Processing /opt/airflow/dags/create_dag_with_taskflow.py took 0.191 seconds
[2024-09-26T03:56:43.059+0000] {processor.py:186} INFO - Started process (PID=150101) to work on /opt/airflow/dags/create_dag_with_taskflow.py
[2024-09-26T03:56:43.061+0000] {processor.py:914} INFO - Processing file /opt/airflow/dags/create_dag_with_taskflow.py for tasks to queue
[2024-09-26T03:56:43.064+0000] {logging_mixin.py:190} INFO - [2024-09-26T03:56:43.063+0000] {dagbag.py:587} INFO - Filling up the DagBag from /opt/airflow/dags/create_dag_with_taskflow.py
[2024-09-26T03:56:43.172+0000] {processor.py:925} INFO - DAG(s) 'dag_with_taskflow_api_v02' retrieved from /opt/airflow/dags/create_dag_with_taskflow.py
[2024-09-26T03:56:43.202+0000] {logging_mixin.py:190} INFO - [2024-09-26T03:56:43.201+0000] {dag.py:3229} INFO - Sync 1 DAGs
[2024-09-26T03:56:43.224+0000] {logging_mixin.py:190} INFO - [2024-09-26T03:56:43.223+0000] {dag.py:4156} INFO - Setting next_dagrun for dag_with_taskflow_api_v02 to 2024-09-22 00:00:00+00:00, run_after=2024-09-23 00:00:00+00:00
[2024-09-26T03:56:43.243+0000] {processor.py:208} INFO - Processing /opt/airflow/dags/create_dag_with_taskflow.py took 0.195 seconds
[2024-09-26T03:57:13.803+0000] {processor.py:186} INFO - Started process (PID=150144) to work on /opt/airflow/dags/create_dag_with_taskflow.py
[2024-09-26T03:57:13.805+0000] {processor.py:914} INFO - Processing file /opt/airflow/dags/create_dag_with_taskflow.py for tasks to queue
[2024-09-26T03:57:13.807+0000] {logging_mixin.py:190} INFO - [2024-09-26T03:57:13.806+0000] {dagbag.py:587} INFO - Filling up the DagBag from /opt/airflow/dags/create_dag_with_taskflow.py
[2024-09-26T03:57:13.880+0000] {processor.py:925} INFO - DAG(s) 'dag_with_taskflow_api_v02' retrieved from /opt/airflow/dags/create_dag_with_taskflow.py
[2024-09-26T03:57:13.912+0000] {logging_mixin.py:190} INFO - [2024-09-26T03:57:13.912+0000] {dag.py:3229} INFO - Sync 1 DAGs
[2024-09-26T03:57:13.941+0000] {logging_mixin.py:190} INFO - [2024-09-26T03:57:13.941+0000] {dag.py:4156} INFO - Setting next_dagrun for dag_with_taskflow_api_v02 to 2024-09-22 00:00:00+00:00, run_after=2024-09-23 00:00:00+00:00
[2024-09-26T03:57:13.976+0000] {processor.py:208} INFO - Processing /opt/airflow/dags/create_dag_with_taskflow.py took 0.181 seconds
[2024-09-26T03:57:44.351+0000] {processor.py:186} INFO - Started process (PID=150187) to work on /opt/airflow/dags/create_dag_with_taskflow.py
[2024-09-26T03:57:44.353+0000] {processor.py:914} INFO - Processing file /opt/airflow/dags/create_dag_with_taskflow.py for tasks to queue
[2024-09-26T03:57:44.355+0000] {logging_mixin.py:190} INFO - [2024-09-26T03:57:44.355+0000] {dagbag.py:587} INFO - Filling up the DagBag from /opt/airflow/dags/create_dag_with_taskflow.py
[2024-09-26T03:57:44.436+0000] {processor.py:925} INFO - DAG(s) 'dag_with_taskflow_api_v02' retrieved from /opt/airflow/dags/create_dag_with_taskflow.py
[2024-09-26T03:57:44.465+0000] {logging_mixin.py:190} INFO - [2024-09-26T03:57:44.465+0000] {dag.py:3229} INFO - Sync 1 DAGs
[2024-09-26T03:57:44.486+0000] {logging_mixin.py:190} INFO - [2024-09-26T03:57:44.485+0000] {dag.py:4156} INFO - Setting next_dagrun for dag_with_taskflow_api_v02 to 2024-09-22 00:00:00+00:00, run_after=2024-09-23 00:00:00+00:00
[2024-09-26T03:57:44.508+0000] {processor.py:208} INFO - Processing /opt/airflow/dags/create_dag_with_taskflow.py took 0.171 seconds
[2024-09-26T03:58:15.123+0000] {processor.py:186} INFO - Started process (PID=150230) to work on /opt/airflow/dags/create_dag_with_taskflow.py
[2024-09-26T03:58:15.125+0000] {processor.py:914} INFO - Processing file /opt/airflow/dags/create_dag_with_taskflow.py for tasks to queue
[2024-09-26T03:58:15.128+0000] {logging_mixin.py:190} INFO - [2024-09-26T03:58:15.127+0000] {dagbag.py:587} INFO - Filling up the DagBag from /opt/airflow/dags/create_dag_with_taskflow.py
[2024-09-26T03:58:15.218+0000] {processor.py:925} INFO - DAG(s) 'dag_with_taskflow_api_v02' retrieved from /opt/airflow/dags/create_dag_with_taskflow.py
[2024-09-26T03:58:15.244+0000] {logging_mixin.py:190} INFO - [2024-09-26T03:58:15.244+0000] {dag.py:3229} INFO - Sync 1 DAGs
[2024-09-26T03:58:15.266+0000] {logging_mixin.py:190} INFO - [2024-09-26T03:58:15.265+0000] {dag.py:4156} INFO - Setting next_dagrun for dag_with_taskflow_api_v02 to 2024-09-22 00:00:00+00:00, run_after=2024-09-23 00:00:00+00:00
[2024-09-26T03:58:15.288+0000] {processor.py:208} INFO - Processing /opt/airflow/dags/create_dag_with_taskflow.py took 0.173 seconds
[2024-09-26T03:58:45.645+0000] {processor.py:186} INFO - Started process (PID=150273) to work on /opt/airflow/dags/create_dag_with_taskflow.py
[2024-09-26T03:58:45.646+0000] {processor.py:914} INFO - Processing file /opt/airflow/dags/create_dag_with_taskflow.py for tasks to queue
[2024-09-26T03:58:45.648+0000] {logging_mixin.py:190} INFO - [2024-09-26T03:58:45.648+0000] {dagbag.py:587} INFO - Filling up the DagBag from /opt/airflow/dags/create_dag_with_taskflow.py
[2024-09-26T03:58:45.728+0000] {processor.py:925} INFO - DAG(s) 'dag_with_taskflow_api_v02' retrieved from /opt/airflow/dags/create_dag_with_taskflow.py
[2024-09-26T03:58:45.755+0000] {logging_mixin.py:190} INFO - [2024-09-26T03:58:45.754+0000] {dag.py:3229} INFO - Sync 1 DAGs
[2024-09-26T03:58:45.777+0000] {logging_mixin.py:190} INFO - [2024-09-26T03:58:45.776+0000] {dag.py:4156} INFO - Setting next_dagrun for dag_with_taskflow_api_v02 to 2024-09-22 00:00:00+00:00, run_after=2024-09-23 00:00:00+00:00
[2024-09-26T03:58:45.803+0000] {processor.py:208} INFO - Processing /opt/airflow/dags/create_dag_with_taskflow.py took 0.163 seconds
[2024-09-26T03:59:16.336+0000] {processor.py:186} INFO - Started process (PID=150316) to work on /opt/airflow/dags/create_dag_with_taskflow.py
[2024-09-26T03:59:16.339+0000] {processor.py:914} INFO - Processing file /opt/airflow/dags/create_dag_with_taskflow.py for tasks to queue
[2024-09-26T03:59:16.342+0000] {logging_mixin.py:190} INFO - [2024-09-26T03:59:16.341+0000] {dagbag.py:587} INFO - Filling up the DagBag from /opt/airflow/dags/create_dag_with_taskflow.py
[2024-09-26T03:59:16.435+0000] {processor.py:925} INFO - DAG(s) 'dag_with_taskflow_api_v02' retrieved from /opt/airflow/dags/create_dag_with_taskflow.py
[2024-09-26T03:59:16.460+0000] {logging_mixin.py:190} INFO - [2024-09-26T03:59:16.460+0000] {dag.py:3229} INFO - Sync 1 DAGs
[2024-09-26T03:59:16.481+0000] {logging_mixin.py:190} INFO - [2024-09-26T03:59:16.481+0000] {dag.py:4156} INFO - Setting next_dagrun for dag_with_taskflow_api_v02 to 2024-09-22 00:00:00+00:00, run_after=2024-09-23 00:00:00+00:00
[2024-09-26T03:59:16.505+0000] {processor.py:208} INFO - Processing /opt/airflow/dags/create_dag_with_taskflow.py took 0.182 seconds
[2024-09-26T03:59:46.845+0000] {processor.py:186} INFO - Started process (PID=150359) to work on /opt/airflow/dags/create_dag_with_taskflow.py
[2024-09-26T03:59:46.846+0000] {processor.py:914} INFO - Processing file /opt/airflow/dags/create_dag_with_taskflow.py for tasks to queue
[2024-09-26T03:59:46.848+0000] {logging_mixin.py:190} INFO - [2024-09-26T03:59:46.848+0000] {dagbag.py:587} INFO - Filling up the DagBag from /opt/airflow/dags/create_dag_with_taskflow.py
[2024-09-26T03:59:46.931+0000] {processor.py:925} INFO - DAG(s) 'dag_with_taskflow_api_v02' retrieved from /opt/airflow/dags/create_dag_with_taskflow.py
[2024-09-26T03:59:46.956+0000] {logging_mixin.py:190} INFO - [2024-09-26T03:59:46.956+0000] {dag.py:3229} INFO - Sync 1 DAGs
[2024-09-26T03:59:46.979+0000] {logging_mixin.py:190} INFO - [2024-09-26T03:59:46.979+0000] {dag.py:4156} INFO - Setting next_dagrun for dag_with_taskflow_api_v02 to 2024-09-22 00:00:00+00:00, run_after=2024-09-23 00:00:00+00:00
[2024-09-26T03:59:47.005+0000] {processor.py:208} INFO - Processing /opt/airflow/dags/create_dag_with_taskflow.py took 0.168 seconds
[2024-09-26T04:00:17.370+0000] {processor.py:186} INFO - Started process (PID=150402) to work on /opt/airflow/dags/create_dag_with_taskflow.py
[2024-09-26T04:00:17.372+0000] {processor.py:914} INFO - Processing file /opt/airflow/dags/create_dag_with_taskflow.py for tasks to queue
[2024-09-26T04:00:17.375+0000] {logging_mixin.py:190} INFO - [2024-09-26T04:00:17.374+0000] {dagbag.py:587} INFO - Filling up the DagBag from /opt/airflow/dags/create_dag_with_taskflow.py
[2024-09-26T04:00:17.461+0000] {processor.py:925} INFO - DAG(s) 'dag_with_taskflow_api_v02' retrieved from /opt/airflow/dags/create_dag_with_taskflow.py
[2024-09-26T04:00:17.494+0000] {logging_mixin.py:190} INFO - [2024-09-26T04:00:17.494+0000] {dag.py:3229} INFO - Sync 1 DAGs
[2024-09-26T04:00:17.517+0000] {logging_mixin.py:190} INFO - [2024-09-26T04:00:17.517+0000] {dag.py:4156} INFO - Setting next_dagrun for dag_with_taskflow_api_v02 to 2024-09-22 00:00:00+00:00, run_after=2024-09-23 00:00:00+00:00
[2024-09-26T04:00:17.543+0000] {processor.py:208} INFO - Processing /opt/airflow/dags/create_dag_with_taskflow.py took 0.182 seconds
[2024-09-26T04:00:48.180+0000] {processor.py:186} INFO - Started process (PID=150445) to work on /opt/airflow/dags/create_dag_with_taskflow.py
[2024-09-26T04:00:48.181+0000] {processor.py:914} INFO - Processing file /opt/airflow/dags/create_dag_with_taskflow.py for tasks to queue
[2024-09-26T04:00:48.183+0000] {logging_mixin.py:190} INFO - [2024-09-26T04:00:48.183+0000] {dagbag.py:587} INFO - Filling up the DagBag from /opt/airflow/dags/create_dag_with_taskflow.py
[2024-09-26T04:00:48.283+0000] {processor.py:925} INFO - DAG(s) 'dag_with_taskflow_api_v02' retrieved from /opt/airflow/dags/create_dag_with_taskflow.py
[2024-09-26T04:00:48.312+0000] {logging_mixin.py:190} INFO - [2024-09-26T04:00:48.312+0000] {dag.py:3229} INFO - Sync 1 DAGs
[2024-09-26T04:00:48.332+0000] {logging_mixin.py:190} INFO - [2024-09-26T04:00:48.332+0000] {dag.py:4156} INFO - Setting next_dagrun for dag_with_taskflow_api_v02 to 2024-09-22 00:00:00+00:00, run_after=2024-09-23 00:00:00+00:00
[2024-09-26T04:00:48.353+0000] {processor.py:208} INFO - Processing /opt/airflow/dags/create_dag_with_taskflow.py took 0.183 seconds
[2024-09-26T04:01:19.096+0000] {processor.py:186} INFO - Started process (PID=150488) to work on /opt/airflow/dags/create_dag_with_taskflow.py
[2024-09-26T04:01:19.099+0000] {processor.py:914} INFO - Processing file /opt/airflow/dags/create_dag_with_taskflow.py for tasks to queue
[2024-09-26T04:01:19.103+0000] {logging_mixin.py:190} INFO - [2024-09-26T04:01:19.102+0000] {dagbag.py:587} INFO - Filling up the DagBag from /opt/airflow/dags/create_dag_with_taskflow.py
[2024-09-26T04:01:19.246+0000] {processor.py:925} INFO - DAG(s) 'dag_with_taskflow_api_v02' retrieved from /opt/airflow/dags/create_dag_with_taskflow.py
[2024-09-26T04:01:19.295+0000] {logging_mixin.py:190} INFO - [2024-09-26T04:01:19.295+0000] {dag.py:3229} INFO - Sync 1 DAGs
[2024-09-26T04:01:19.327+0000] {logging_mixin.py:190} INFO - [2024-09-26T04:01:19.327+0000] {dag.py:4156} INFO - Setting next_dagrun for dag_with_taskflow_api_v02 to 2024-09-22 00:00:00+00:00, run_after=2024-09-23 00:00:00+00:00
[2024-09-26T04:01:19.379+0000] {processor.py:208} INFO - Processing /opt/airflow/dags/create_dag_with_taskflow.py took 0.298 seconds
[2024-09-26T04:01:49.956+0000] {processor.py:186} INFO - Started process (PID=150531) to work on /opt/airflow/dags/create_dag_with_taskflow.py
[2024-09-26T04:01:49.959+0000] {processor.py:914} INFO - Processing file /opt/airflow/dags/create_dag_with_taskflow.py for tasks to queue
[2024-09-26T04:01:49.964+0000] {logging_mixin.py:190} INFO - [2024-09-26T04:01:49.963+0000] {dagbag.py:587} INFO - Filling up the DagBag from /opt/airflow/dags/create_dag_with_taskflow.py
[2024-09-26T04:01:50.068+0000] {processor.py:925} INFO - DAG(s) 'dag_with_taskflow_api_v02' retrieved from /opt/airflow/dags/create_dag_with_taskflow.py
[2024-09-26T04:01:50.098+0000] {logging_mixin.py:190} INFO - [2024-09-26T04:01:50.098+0000] {dag.py:3229} INFO - Sync 1 DAGs
[2024-09-26T04:01:50.121+0000] {logging_mixin.py:190} INFO - [2024-09-26T04:01:50.121+0000] {dag.py:4156} INFO - Setting next_dagrun for dag_with_taskflow_api_v02 to 2024-09-22 00:00:00+00:00, run_after=2024-09-23 00:00:00+00:00
[2024-09-26T04:01:50.149+0000] {processor.py:208} INFO - Processing /opt/airflow/dags/create_dag_with_taskflow.py took 0.208 seconds
[2024-09-26T04:02:20.638+0000] {processor.py:186} INFO - Started process (PID=150574) to work on /opt/airflow/dags/create_dag_with_taskflow.py
[2024-09-26T04:02:20.639+0000] {processor.py:914} INFO - Processing file /opt/airflow/dags/create_dag_with_taskflow.py for tasks to queue
[2024-09-26T04:02:20.643+0000] {logging_mixin.py:190} INFO - [2024-09-26T04:02:20.642+0000] {dagbag.py:587} INFO - Filling up the DagBag from /opt/airflow/dags/create_dag_with_taskflow.py
[2024-09-26T04:02:20.708+0000] {processor.py:925} INFO - DAG(s) 'dag_with_taskflow_api_v02' retrieved from /opt/airflow/dags/create_dag_with_taskflow.py
[2024-09-26T04:02:20.740+0000] {logging_mixin.py:190} INFO - [2024-09-26T04:02:20.740+0000] {dag.py:3229} INFO - Sync 1 DAGs
[2024-09-26T04:02:20.771+0000] {logging_mixin.py:190} INFO - [2024-09-26T04:02:20.771+0000] {dag.py:4156} INFO - Setting next_dagrun for dag_with_taskflow_api_v02 to 2024-09-22 00:00:00+00:00, run_after=2024-09-23 00:00:00+00:00
[2024-09-26T04:02:20.798+0000] {processor.py:208} INFO - Processing /opt/airflow/dags/create_dag_with_taskflow.py took 0.165 seconds
[2024-09-26T04:02:51.481+0000] {processor.py:186} INFO - Started process (PID=150617) to work on /opt/airflow/dags/create_dag_with_taskflow.py
[2024-09-26T04:02:51.483+0000] {processor.py:914} INFO - Processing file /opt/airflow/dags/create_dag_with_taskflow.py for tasks to queue
[2024-09-26T04:02:51.485+0000] {logging_mixin.py:190} INFO - [2024-09-26T04:02:51.485+0000] {dagbag.py:587} INFO - Filling up the DagBag from /opt/airflow/dags/create_dag_with_taskflow.py
[2024-09-26T04:02:51.592+0000] {processor.py:925} INFO - DAG(s) 'dag_with_taskflow_api_v02' retrieved from /opt/airflow/dags/create_dag_with_taskflow.py
[2024-09-26T04:02:51.620+0000] {logging_mixin.py:190} INFO - [2024-09-26T04:02:51.620+0000] {dag.py:3229} INFO - Sync 1 DAGs
[2024-09-26T04:02:51.642+0000] {logging_mixin.py:190} INFO - [2024-09-26T04:02:51.642+0000] {dag.py:4156} INFO - Setting next_dagrun for dag_with_taskflow_api_v02 to 2024-09-22 00:00:00+00:00, run_after=2024-09-23 00:00:00+00:00
[2024-09-26T04:02:51.669+0000] {processor.py:208} INFO - Processing /opt/airflow/dags/create_dag_with_taskflow.py took 0.195 seconds
[2024-09-26T04:03:22.203+0000] {processor.py:186} INFO - Started process (PID=150660) to work on /opt/airflow/dags/create_dag_with_taskflow.py
[2024-09-26T04:03:22.205+0000] {processor.py:914} INFO - Processing file /opt/airflow/dags/create_dag_with_taskflow.py for tasks to queue
[2024-09-26T04:03:22.208+0000] {logging_mixin.py:190} INFO - [2024-09-26T04:03:22.207+0000] {dagbag.py:587} INFO - Filling up the DagBag from /opt/airflow/dags/create_dag_with_taskflow.py
[2024-09-26T04:03:22.311+0000] {processor.py:925} INFO - DAG(s) 'dag_with_taskflow_api_v02' retrieved from /opt/airflow/dags/create_dag_with_taskflow.py
[2024-09-26T04:03:22.337+0000] {logging_mixin.py:190} INFO - [2024-09-26T04:03:22.337+0000] {dag.py:3229} INFO - Sync 1 DAGs
[2024-09-26T04:03:22.359+0000] {logging_mixin.py:190} INFO - [2024-09-26T04:03:22.359+0000] {dag.py:4156} INFO - Setting next_dagrun for dag_with_taskflow_api_v02 to 2024-09-22 00:00:00+00:00, run_after=2024-09-23 00:00:00+00:00
[2024-09-26T04:03:22.385+0000] {processor.py:208} INFO - Processing /opt/airflow/dags/create_dag_with_taskflow.py took 0.187 seconds
[2024-09-26T04:03:53.123+0000] {processor.py:186} INFO - Started process (PID=150703) to work on /opt/airflow/dags/create_dag_with_taskflow.py
[2024-09-26T04:03:53.124+0000] {processor.py:914} INFO - Processing file /opt/airflow/dags/create_dag_with_taskflow.py for tasks to queue
[2024-09-26T04:03:53.126+0000] {logging_mixin.py:190} INFO - [2024-09-26T04:03:53.126+0000] {dagbag.py:587} INFO - Filling up the DagBag from /opt/airflow/dags/create_dag_with_taskflow.py
[2024-09-26T04:03:53.203+0000] {processor.py:925} INFO - DAG(s) 'dag_with_taskflow_api_v02' retrieved from /opt/airflow/dags/create_dag_with_taskflow.py
[2024-09-26T04:03:53.246+0000] {logging_mixin.py:190} INFO - [2024-09-26T04:03:53.245+0000] {dag.py:3229} INFO - Sync 1 DAGs
[2024-09-26T04:03:53.280+0000] {logging_mixin.py:190} INFO - [2024-09-26T04:03:53.279+0000] {dag.py:4156} INFO - Setting next_dagrun for dag_with_taskflow_api_v02 to 2024-09-22 00:00:00+00:00, run_after=2024-09-23 00:00:00+00:00
[2024-09-26T04:03:53.308+0000] {processor.py:208} INFO - Processing /opt/airflow/dags/create_dag_with_taskflow.py took 0.193 seconds
[2024-09-26T04:04:23.633+0000] {processor.py:186} INFO - Started process (PID=150746) to work on /opt/airflow/dags/create_dag_with_taskflow.py
[2024-09-26T04:04:23.635+0000] {processor.py:914} INFO - Processing file /opt/airflow/dags/create_dag_with_taskflow.py for tasks to queue
[2024-09-26T04:04:23.637+0000] {logging_mixin.py:190} INFO - [2024-09-26T04:04:23.637+0000] {dagbag.py:587} INFO - Filling up the DagBag from /opt/airflow/dags/create_dag_with_taskflow.py
[2024-09-26T04:04:23.735+0000] {processor.py:925} INFO - DAG(s) 'dag_with_taskflow_api_v02' retrieved from /opt/airflow/dags/create_dag_with_taskflow.py
[2024-09-26T04:04:23.760+0000] {logging_mixin.py:190} INFO - [2024-09-26T04:04:23.760+0000] {dag.py:3229} INFO - Sync 1 DAGs
[2024-09-26T04:04:23.783+0000] {logging_mixin.py:190} INFO - [2024-09-26T04:04:23.782+0000] {dag.py:4156} INFO - Setting next_dagrun for dag_with_taskflow_api_v02 to 2024-09-22 00:00:00+00:00, run_after=2024-09-23 00:00:00+00:00
[2024-09-26T04:04:23.808+0000] {processor.py:208} INFO - Processing /opt/airflow/dags/create_dag_with_taskflow.py took 0.185 seconds
[2024-09-26T04:04:54.121+0000] {processor.py:186} INFO - Started process (PID=150789) to work on /opt/airflow/dags/create_dag_with_taskflow.py
[2024-09-26T04:04:54.124+0000] {processor.py:914} INFO - Processing file /opt/airflow/dags/create_dag_with_taskflow.py for tasks to queue
[2024-09-26T04:04:54.129+0000] {logging_mixin.py:190} INFO - [2024-09-26T04:04:54.128+0000] {dagbag.py:587} INFO - Filling up the DagBag from /opt/airflow/dags/create_dag_with_taskflow.py
[2024-09-26T04:04:54.239+0000] {processor.py:925} INFO - DAG(s) 'dag_with_taskflow_api_v02' retrieved from /opt/airflow/dags/create_dag_with_taskflow.py
[2024-09-26T04:04:54.276+0000] {logging_mixin.py:190} INFO - [2024-09-26T04:04:54.275+0000] {dag.py:3229} INFO - Sync 1 DAGs
[2024-09-26T04:04:54.297+0000] {logging_mixin.py:190} INFO - [2024-09-26T04:04:54.297+0000] {dag.py:4156} INFO - Setting next_dagrun for dag_with_taskflow_api_v02 to 2024-09-22 00:00:00+00:00, run_after=2024-09-23 00:00:00+00:00
[2024-09-26T04:04:54.320+0000] {processor.py:208} INFO - Processing /opt/airflow/dags/create_dag_with_taskflow.py took 0.207 seconds
[2024-09-26T04:05:24.847+0000] {processor.py:186} INFO - Started process (PID=150833) to work on /opt/airflow/dags/create_dag_with_taskflow.py
[2024-09-26T04:05:24.849+0000] {processor.py:914} INFO - Processing file /opt/airflow/dags/create_dag_with_taskflow.py for tasks to queue
[2024-09-26T04:05:24.851+0000] {logging_mixin.py:190} INFO - [2024-09-26T04:05:24.851+0000] {dagbag.py:587} INFO - Filling up the DagBag from /opt/airflow/dags/create_dag_with_taskflow.py
[2024-09-26T04:05:24.929+0000] {processor.py:925} INFO - DAG(s) 'dag_with_taskflow_api_v02' retrieved from /opt/airflow/dags/create_dag_with_taskflow.py
[2024-09-26T04:05:24.954+0000] {logging_mixin.py:190} INFO - [2024-09-26T04:05:24.954+0000] {dag.py:3229} INFO - Sync 1 DAGs
[2024-09-26T04:05:24.981+0000] {logging_mixin.py:190} INFO - [2024-09-26T04:05:24.981+0000] {dag.py:4156} INFO - Setting next_dagrun for dag_with_taskflow_api_v02 to 2024-09-22 00:00:00+00:00, run_after=2024-09-23 00:00:00+00:00
[2024-09-26T04:05:25.016+0000] {processor.py:208} INFO - Processing /opt/airflow/dags/create_dag_with_taskflow.py took 0.175 seconds
[2024-09-26T04:05:55.520+0000] {processor.py:186} INFO - Started process (PID=150877) to work on /opt/airflow/dags/create_dag_with_taskflow.py
[2024-09-26T04:05:55.522+0000] {processor.py:914} INFO - Processing file /opt/airflow/dags/create_dag_with_taskflow.py for tasks to queue
[2024-09-26T04:05:55.524+0000] {logging_mixin.py:190} INFO - [2024-09-26T04:05:55.523+0000] {dagbag.py:587} INFO - Filling up the DagBag from /opt/airflow/dags/create_dag_with_taskflow.py
[2024-09-26T04:05:55.637+0000] {processor.py:925} INFO - DAG(s) 'dag_with_taskflow_api_v02' retrieved from /opt/airflow/dags/create_dag_with_taskflow.py
[2024-09-26T04:05:55.662+0000] {logging_mixin.py:190} INFO - [2024-09-26T04:05:55.662+0000] {dag.py:3229} INFO - Sync 1 DAGs
[2024-09-26T04:05:55.685+0000] {logging_mixin.py:190} INFO - [2024-09-26T04:05:55.685+0000] {dag.py:4156} INFO - Setting next_dagrun for dag_with_taskflow_api_v02 to 2024-09-22 00:00:00+00:00, run_after=2024-09-23 00:00:00+00:00
[2024-09-26T04:05:55.712+0000] {processor.py:208} INFO - Processing /opt/airflow/dags/create_dag_with_taskflow.py took 0.200 seconds
[2024-09-26T04:06:26.305+0000] {processor.py:186} INFO - Started process (PID=150920) to work on /opt/airflow/dags/create_dag_with_taskflow.py
[2024-09-26T04:06:26.307+0000] {processor.py:914} INFO - Processing file /opt/airflow/dags/create_dag_with_taskflow.py for tasks to queue
[2024-09-26T04:06:26.310+0000] {logging_mixin.py:190} INFO - [2024-09-26T04:06:26.309+0000] {dagbag.py:587} INFO - Filling up the DagBag from /opt/airflow/dags/create_dag_with_taskflow.py
[2024-09-26T04:06:26.423+0000] {processor.py:925} INFO - DAG(s) 'dag_with_taskflow_api_v02' retrieved from /opt/airflow/dags/create_dag_with_taskflow.py
[2024-09-26T04:06:26.452+0000] {logging_mixin.py:190} INFO - [2024-09-26T04:06:26.451+0000] {dag.py:3229} INFO - Sync 1 DAGs
[2024-09-26T04:06:26.473+0000] {logging_mixin.py:190} INFO - [2024-09-26T04:06:26.473+0000] {dag.py:4156} INFO - Setting next_dagrun for dag_with_taskflow_api_v02 to 2024-09-22 00:00:00+00:00, run_after=2024-09-23 00:00:00+00:00
[2024-09-26T04:06:26.499+0000] {processor.py:208} INFO - Processing /opt/airflow/dags/create_dag_with_taskflow.py took 0.209 seconds
[2024-09-26T04:06:56.775+0000] {processor.py:186} INFO - Started process (PID=150961) to work on /opt/airflow/dags/create_dag_with_taskflow.py
[2024-09-26T04:06:56.778+0000] {processor.py:914} INFO - Processing file /opt/airflow/dags/create_dag_with_taskflow.py for tasks to queue
[2024-09-26T04:06:56.782+0000] {logging_mixin.py:190} INFO - [2024-09-26T04:06:56.781+0000] {dagbag.py:587} INFO - Filling up the DagBag from /opt/airflow/dags/create_dag_with_taskflow.py
[2024-09-26T04:06:56.867+0000] {processor.py:925} INFO - DAG(s) 'dag_with_taskflow_api_v02' retrieved from /opt/airflow/dags/create_dag_with_taskflow.py
[2024-09-26T04:06:56.895+0000] {logging_mixin.py:190} INFO - [2024-09-26T04:06:56.895+0000] {dag.py:3229} INFO - Sync 1 DAGs
[2024-09-26T04:06:56.921+0000] {logging_mixin.py:190} INFO - [2024-09-26T04:06:56.921+0000] {dag.py:4156} INFO - Setting next_dagrun for dag_with_taskflow_api_v02 to 2024-09-22 00:00:00+00:00, run_after=2024-09-23 00:00:00+00:00
[2024-09-26T04:06:56.956+0000] {processor.py:208} INFO - Processing /opt/airflow/dags/create_dag_with_taskflow.py took 0.194 seconds
[2024-09-26T04:07:27.455+0000] {processor.py:186} INFO - Started process (PID=151004) to work on /opt/airflow/dags/create_dag_with_taskflow.py
[2024-09-26T04:07:27.456+0000] {processor.py:914} INFO - Processing file /opt/airflow/dags/create_dag_with_taskflow.py for tasks to queue
[2024-09-26T04:07:27.459+0000] {logging_mixin.py:190} INFO - [2024-09-26T04:07:27.459+0000] {dagbag.py:587} INFO - Filling up the DagBag from /opt/airflow/dags/create_dag_with_taskflow.py
[2024-09-26T04:07:27.578+0000] {processor.py:925} INFO - DAG(s) 'dag_with_taskflow_api_v02' retrieved from /opt/airflow/dags/create_dag_with_taskflow.py
[2024-09-26T04:07:27.609+0000] {logging_mixin.py:190} INFO - [2024-09-26T04:07:27.609+0000] {dag.py:3229} INFO - Sync 1 DAGs
[2024-09-26T04:07:27.630+0000] {logging_mixin.py:190} INFO - [2024-09-26T04:07:27.630+0000] {dag.py:4156} INFO - Setting next_dagrun for dag_with_taskflow_api_v02 to 2024-09-22 00:00:00+00:00, run_after=2024-09-23 00:00:00+00:00
[2024-09-26T04:07:27.655+0000] {processor.py:208} INFO - Processing /opt/airflow/dags/create_dag_with_taskflow.py took 0.207 seconds
[2024-09-26T04:07:57.990+0000] {processor.py:186} INFO - Started process (PID=151047) to work on /opt/airflow/dags/create_dag_with_taskflow.py
[2024-09-26T04:07:57.992+0000] {processor.py:914} INFO - Processing file /opt/airflow/dags/create_dag_with_taskflow.py for tasks to queue
[2024-09-26T04:07:57.994+0000] {logging_mixin.py:190} INFO - [2024-09-26T04:07:57.993+0000] {dagbag.py:587} INFO - Filling up the DagBag from /opt/airflow/dags/create_dag_with_taskflow.py
[2024-09-26T04:07:58.076+0000] {processor.py:925} INFO - DAG(s) 'dag_with_taskflow_api_v02' retrieved from /opt/airflow/dags/create_dag_with_taskflow.py
[2024-09-26T04:07:58.101+0000] {logging_mixin.py:190} INFO - [2024-09-26T04:07:58.101+0000] {dag.py:3229} INFO - Sync 1 DAGs
[2024-09-26T04:07:58.123+0000] {logging_mixin.py:190} INFO - [2024-09-26T04:07:58.122+0000] {dag.py:4156} INFO - Setting next_dagrun for dag_with_taskflow_api_v02 to 2024-09-22 00:00:00+00:00, run_after=2024-09-23 00:00:00+00:00
[2024-09-26T04:07:58.147+0000] {processor.py:208} INFO - Processing /opt/airflow/dags/create_dag_with_taskflow.py took 0.162 seconds
[2024-09-26T04:08:28.683+0000] {processor.py:186} INFO - Started process (PID=151090) to work on /opt/airflow/dags/create_dag_with_taskflow.py
[2024-09-26T04:08:28.685+0000] {processor.py:914} INFO - Processing file /opt/airflow/dags/create_dag_with_taskflow.py for tasks to queue
[2024-09-26T04:08:28.687+0000] {logging_mixin.py:190} INFO - [2024-09-26T04:08:28.687+0000] {dagbag.py:587} INFO - Filling up the DagBag from /opt/airflow/dags/create_dag_with_taskflow.py
[2024-09-26T04:08:28.769+0000] {processor.py:925} INFO - DAG(s) 'dag_with_taskflow_api_v02' retrieved from /opt/airflow/dags/create_dag_with_taskflow.py
[2024-09-26T04:08:28.795+0000] {logging_mixin.py:190} INFO - [2024-09-26T04:08:28.794+0000] {dag.py:3229} INFO - Sync 1 DAGs
[2024-09-26T04:08:28.818+0000] {logging_mixin.py:190} INFO - [2024-09-26T04:08:28.817+0000] {dag.py:4156} INFO - Setting next_dagrun for dag_with_taskflow_api_v02 to 2024-09-22 00:00:00+00:00, run_after=2024-09-23 00:00:00+00:00
[2024-09-26T04:08:28.844+0000] {processor.py:208} INFO - Processing /opt/airflow/dags/create_dag_with_taskflow.py took 0.168 seconds
[2024-09-26T04:08:59.227+0000] {processor.py:186} INFO - Started process (PID=151133) to work on /opt/airflow/dags/create_dag_with_taskflow.py
[2024-09-26T04:08:59.229+0000] {processor.py:914} INFO - Processing file /opt/airflow/dags/create_dag_with_taskflow.py for tasks to queue
[2024-09-26T04:08:59.231+0000] {logging_mixin.py:190} INFO - [2024-09-26T04:08:59.231+0000] {dagbag.py:587} INFO - Filling up the DagBag from /opt/airflow/dags/create_dag_with_taskflow.py
[2024-09-26T04:08:59.332+0000] {processor.py:925} INFO - DAG(s) 'dag_with_taskflow_api_v02' retrieved from /opt/airflow/dags/create_dag_with_taskflow.py
[2024-09-26T04:08:59.358+0000] {logging_mixin.py:190} INFO - [2024-09-26T04:08:59.358+0000] {dag.py:3229} INFO - Sync 1 DAGs
[2024-09-26T04:08:59.378+0000] {logging_mixin.py:190} INFO - [2024-09-26T04:08:59.378+0000] {dag.py:4156} INFO - Setting next_dagrun for dag_with_taskflow_api_v02 to 2024-09-22 00:00:00+00:00, run_after=2024-09-23 00:00:00+00:00
[2024-09-26T04:08:59.401+0000] {processor.py:208} INFO - Processing /opt/airflow/dags/create_dag_with_taskflow.py took 0.180 seconds
[2024-09-26T04:09:29.778+0000] {processor.py:186} INFO - Started process (PID=151176) to work on /opt/airflow/dags/create_dag_with_taskflow.py
[2024-09-26T04:09:29.780+0000] {processor.py:914} INFO - Processing file /opt/airflow/dags/create_dag_with_taskflow.py for tasks to queue
[2024-09-26T04:09:29.782+0000] {logging_mixin.py:190} INFO - [2024-09-26T04:09:29.781+0000] {dagbag.py:587} INFO - Filling up the DagBag from /opt/airflow/dags/create_dag_with_taskflow.py
[2024-09-26T04:09:29.866+0000] {processor.py:925} INFO - DAG(s) 'dag_with_taskflow_api_v02' retrieved from /opt/airflow/dags/create_dag_with_taskflow.py
[2024-09-26T04:09:29.895+0000] {logging_mixin.py:190} INFO - [2024-09-26T04:09:29.895+0000] {dag.py:3229} INFO - Sync 1 DAGs
[2024-09-26T04:09:29.925+0000] {logging_mixin.py:190} INFO - [2024-09-26T04:09:29.925+0000] {dag.py:4156} INFO - Setting next_dagrun for dag_with_taskflow_api_v02 to 2024-09-22 00:00:00+00:00, run_after=2024-09-23 00:00:00+00:00
[2024-09-26T04:09:29.951+0000] {processor.py:208} INFO - Processing /opt/airflow/dags/create_dag_with_taskflow.py took 0.178 seconds
[2024-09-26T04:10:00.393+0000] {processor.py:186} INFO - Started process (PID=151219) to work on /opt/airflow/dags/create_dag_with_taskflow.py
[2024-09-26T04:10:00.395+0000] {processor.py:914} INFO - Processing file /opt/airflow/dags/create_dag_with_taskflow.py for tasks to queue
[2024-09-26T04:10:00.396+0000] {logging_mixin.py:190} INFO - [2024-09-26T04:10:00.396+0000] {dagbag.py:587} INFO - Filling up the DagBag from /opt/airflow/dags/create_dag_with_taskflow.py
[2024-09-26T04:10:00.488+0000] {processor.py:925} INFO - DAG(s) 'dag_with_taskflow_api_v02' retrieved from /opt/airflow/dags/create_dag_with_taskflow.py
[2024-09-26T04:10:00.517+0000] {logging_mixin.py:190} INFO - [2024-09-26T04:10:00.517+0000] {dag.py:3229} INFO - Sync 1 DAGs
[2024-09-26T04:10:00.539+0000] {logging_mixin.py:190} INFO - [2024-09-26T04:10:00.538+0000] {dag.py:4156} INFO - Setting next_dagrun for dag_with_taskflow_api_v02 to 2024-09-22 00:00:00+00:00, run_after=2024-09-23 00:00:00+00:00
[2024-09-26T04:10:00.561+0000] {processor.py:208} INFO - Processing /opt/airflow/dags/create_dag_with_taskflow.py took 0.175 seconds
[2024-09-26T04:10:31.431+0000] {processor.py:186} INFO - Started process (PID=151262) to work on /opt/airflow/dags/create_dag_with_taskflow.py
[2024-09-26T04:10:31.433+0000] {processor.py:914} INFO - Processing file /opt/airflow/dags/create_dag_with_taskflow.py for tasks to queue
[2024-09-26T04:10:31.435+0000] {logging_mixin.py:190} INFO - [2024-09-26T04:10:31.435+0000] {dagbag.py:587} INFO - Filling up the DagBag from /opt/airflow/dags/create_dag_with_taskflow.py
[2024-09-26T04:10:31.545+0000] {processor.py:925} INFO - DAG(s) 'dag_with_taskflow_api_v02' retrieved from /opt/airflow/dags/create_dag_with_taskflow.py
[2024-09-26T04:10:31.573+0000] {logging_mixin.py:190} INFO - [2024-09-26T04:10:31.572+0000] {dag.py:3229} INFO - Sync 1 DAGs
[2024-09-26T04:10:31.595+0000] {logging_mixin.py:190} INFO - [2024-09-26T04:10:31.594+0000] {dag.py:4156} INFO - Setting next_dagrun for dag_with_taskflow_api_v02 to 2024-09-22 00:00:00+00:00, run_after=2024-09-23 00:00:00+00:00
[2024-09-26T04:10:31.618+0000] {processor.py:208} INFO - Processing /opt/airflow/dags/create_dag_with_taskflow.py took 0.194 seconds
[2024-09-26T04:11:02.306+0000] {processor.py:186} INFO - Started process (PID=151305) to work on /opt/airflow/dags/create_dag_with_taskflow.py
[2024-09-26T04:11:02.307+0000] {processor.py:914} INFO - Processing file /opt/airflow/dags/create_dag_with_taskflow.py for tasks to queue
[2024-09-26T04:11:02.309+0000] {logging_mixin.py:190} INFO - [2024-09-26T04:11:02.308+0000] {dagbag.py:587} INFO - Filling up the DagBag from /opt/airflow/dags/create_dag_with_taskflow.py
[2024-09-26T04:11:02.406+0000] {processor.py:925} INFO - DAG(s) 'dag_with_taskflow_api_v02' retrieved from /opt/airflow/dags/create_dag_with_taskflow.py
[2024-09-26T04:11:02.431+0000] {logging_mixin.py:190} INFO - [2024-09-26T04:11:02.431+0000] {dag.py:3229} INFO - Sync 1 DAGs
[2024-09-26T04:11:02.458+0000] {logging_mixin.py:190} INFO - [2024-09-26T04:11:02.457+0000] {dag.py:4156} INFO - Setting next_dagrun for dag_with_taskflow_api_v02 to 2024-09-22 00:00:00+00:00, run_after=2024-09-23 00:00:00+00:00
[2024-09-26T04:11:02.485+0000] {processor.py:208} INFO - Processing /opt/airflow/dags/create_dag_with_taskflow.py took 0.185 seconds
[2024-09-26T04:11:32.786+0000] {processor.py:186} INFO - Started process (PID=151348) to work on /opt/airflow/dags/create_dag_with_taskflow.py
[2024-09-26T04:11:32.787+0000] {processor.py:914} INFO - Processing file /opt/airflow/dags/create_dag_with_taskflow.py for tasks to queue
[2024-09-26T04:11:32.789+0000] {logging_mixin.py:190} INFO - [2024-09-26T04:11:32.789+0000] {dagbag.py:587} INFO - Filling up the DagBag from /opt/airflow/dags/create_dag_with_taskflow.py
[2024-09-26T04:11:32.870+0000] {processor.py:925} INFO - DAG(s) 'dag_with_taskflow_api_v02' retrieved from /opt/airflow/dags/create_dag_with_taskflow.py
[2024-09-26T04:11:32.897+0000] {logging_mixin.py:190} INFO - [2024-09-26T04:11:32.897+0000] {dag.py:3229} INFO - Sync 1 DAGs
[2024-09-26T04:11:32.919+0000] {logging_mixin.py:190} INFO - [2024-09-26T04:11:32.919+0000] {dag.py:4156} INFO - Setting next_dagrun for dag_with_taskflow_api_v02 to 2024-09-22 00:00:00+00:00, run_after=2024-09-23 00:00:00+00:00
[2024-09-26T04:11:32.943+0000] {processor.py:208} INFO - Processing /opt/airflow/dags/create_dag_with_taskflow.py took 0.162 seconds
[2024-09-26T04:12:03.400+0000] {processor.py:186} INFO - Started process (PID=151391) to work on /opt/airflow/dags/create_dag_with_taskflow.py
[2024-09-26T04:12:03.403+0000] {processor.py:914} INFO - Processing file /opt/airflow/dags/create_dag_with_taskflow.py for tasks to queue
[2024-09-26T04:12:03.405+0000] {logging_mixin.py:190} INFO - [2024-09-26T04:12:03.405+0000] {dagbag.py:587} INFO - Filling up the DagBag from /opt/airflow/dags/create_dag_with_taskflow.py
[2024-09-26T04:12:03.506+0000] {processor.py:925} INFO - DAG(s) 'dag_with_taskflow_api_v02' retrieved from /opt/airflow/dags/create_dag_with_taskflow.py
[2024-09-26T04:12:03.533+0000] {logging_mixin.py:190} INFO - [2024-09-26T04:12:03.533+0000] {dag.py:3229} INFO - Sync 1 DAGs
[2024-09-26T04:12:03.553+0000] {logging_mixin.py:190} INFO - [2024-09-26T04:12:03.553+0000] {dag.py:4156} INFO - Setting next_dagrun for dag_with_taskflow_api_v02 to 2024-09-22 00:00:00+00:00, run_after=2024-09-23 00:00:00+00:00
[2024-09-26T04:12:03.582+0000] {processor.py:208} INFO - Processing /opt/airflow/dags/create_dag_with_taskflow.py took 0.187 seconds
[2024-09-26T04:12:33.900+0000] {processor.py:186} INFO - Started process (PID=151434) to work on /opt/airflow/dags/create_dag_with_taskflow.py
[2024-09-26T04:12:33.903+0000] {processor.py:914} INFO - Processing file /opt/airflow/dags/create_dag_with_taskflow.py for tasks to queue
[2024-09-26T04:12:33.906+0000] {logging_mixin.py:190} INFO - [2024-09-26T04:12:33.905+0000] {dagbag.py:587} INFO - Filling up the DagBag from /opt/airflow/dags/create_dag_with_taskflow.py
[2024-09-26T04:12:33.995+0000] {processor.py:925} INFO - DAG(s) 'dag_with_taskflow_api_v02' retrieved from /opt/airflow/dags/create_dag_with_taskflow.py
[2024-09-26T04:12:34.026+0000] {logging_mixin.py:190} INFO - [2024-09-26T04:12:34.026+0000] {dag.py:3229} INFO - Sync 1 DAGs
[2024-09-26T04:12:34.047+0000] {logging_mixin.py:190} INFO - [2024-09-26T04:12:34.047+0000] {dag.py:4156} INFO - Setting next_dagrun for dag_with_taskflow_api_v02 to 2024-09-22 00:00:00+00:00, run_after=2024-09-23 00:00:00+00:00
[2024-09-26T04:12:34.071+0000] {processor.py:208} INFO - Processing /opt/airflow/dags/create_dag_with_taskflow.py took 0.181 seconds
[2024-09-26T04:13:04.444+0000] {processor.py:186} INFO - Started process (PID=151477) to work on /opt/airflow/dags/create_dag_with_taskflow.py
[2024-09-26T04:13:04.445+0000] {processor.py:914} INFO - Processing file /opt/airflow/dags/create_dag_with_taskflow.py for tasks to queue
[2024-09-26T04:13:04.447+0000] {logging_mixin.py:190} INFO - [2024-09-26T04:13:04.447+0000] {dagbag.py:587} INFO - Filling up the DagBag from /opt/airflow/dags/create_dag_with_taskflow.py
[2024-09-26T04:13:04.542+0000] {processor.py:925} INFO - DAG(s) 'dag_with_taskflow_api_v02' retrieved from /opt/airflow/dags/create_dag_with_taskflow.py
[2024-09-26T04:13:04.570+0000] {logging_mixin.py:190} INFO - [2024-09-26T04:13:04.570+0000] {dag.py:3229} INFO - Sync 1 DAGs
[2024-09-26T04:13:04.593+0000] {logging_mixin.py:190} INFO - [2024-09-26T04:13:04.593+0000] {dag.py:4156} INFO - Setting next_dagrun for dag_with_taskflow_api_v02 to 2024-09-22 00:00:00+00:00, run_after=2024-09-23 00:00:00+00:00
[2024-09-26T04:13:04.620+0000] {processor.py:208} INFO - Processing /opt/airflow/dags/create_dag_with_taskflow.py took 0.186 seconds
[2024-09-26T04:13:35.226+0000] {processor.py:186} INFO - Started process (PID=151522) to work on /opt/airflow/dags/create_dag_with_taskflow.py
[2024-09-26T04:13:35.229+0000] {processor.py:914} INFO - Processing file /opt/airflow/dags/create_dag_with_taskflow.py for tasks to queue
[2024-09-26T04:13:35.232+0000] {logging_mixin.py:190} INFO - [2024-09-26T04:13:35.231+0000] {dagbag.py:587} INFO - Filling up the DagBag from /opt/airflow/dags/create_dag_with_taskflow.py
[2024-09-26T04:13:35.335+0000] {processor.py:925} INFO - DAG(s) 'dag_with_taskflow_api_v02' retrieved from /opt/airflow/dags/create_dag_with_taskflow.py
[2024-09-26T04:13:35.368+0000] {logging_mixin.py:190} INFO - [2024-09-26T04:13:35.368+0000] {dag.py:3229} INFO - Sync 1 DAGs
[2024-09-26T04:13:35.389+0000] {logging_mixin.py:190} INFO - [2024-09-26T04:13:35.389+0000] {dag.py:4156} INFO - Setting next_dagrun for dag_with_taskflow_api_v02 to 2024-09-22 00:00:00+00:00, run_after=2024-09-23 00:00:00+00:00
[2024-09-26T04:13:35.423+0000] {processor.py:208} INFO - Processing /opt/airflow/dags/create_dag_with_taskflow.py took 0.208 seconds
[2024-09-26T04:14:05.887+0000] {processor.py:186} INFO - Started process (PID=151565) to work on /opt/airflow/dags/create_dag_with_taskflow.py
[2024-09-26T04:14:05.890+0000] {processor.py:914} INFO - Processing file /opt/airflow/dags/create_dag_with_taskflow.py for tasks to queue
[2024-09-26T04:14:05.892+0000] {logging_mixin.py:190} INFO - [2024-09-26T04:14:05.892+0000] {dagbag.py:587} INFO - Filling up the DagBag from /opt/airflow/dags/create_dag_with_taskflow.py
[2024-09-26T04:14:06.008+0000] {processor.py:925} INFO - DAG(s) 'dag_with_taskflow_api_v02' retrieved from /opt/airflow/dags/create_dag_with_taskflow.py
[2024-09-26T04:14:06.035+0000] {logging_mixin.py:190} INFO - [2024-09-26T04:14:06.035+0000] {dag.py:3229} INFO - Sync 1 DAGs
[2024-09-26T04:14:06.059+0000] {logging_mixin.py:190} INFO - [2024-09-26T04:14:06.058+0000] {dag.py:4156} INFO - Setting next_dagrun for dag_with_taskflow_api_v02 to 2024-09-22 00:00:00+00:00, run_after=2024-09-23 00:00:00+00:00
[2024-09-26T04:14:06.096+0000] {processor.py:208} INFO - Processing /opt/airflow/dags/create_dag_with_taskflow.py took 0.220 seconds
[2024-09-26T04:14:36.531+0000] {processor.py:186} INFO - Started process (PID=151608) to work on /opt/airflow/dags/create_dag_with_taskflow.py
[2024-09-26T04:14:36.533+0000] {processor.py:914} INFO - Processing file /opt/airflow/dags/create_dag_with_taskflow.py for tasks to queue
[2024-09-26T04:14:36.536+0000] {logging_mixin.py:190} INFO - [2024-09-26T04:14:36.535+0000] {dagbag.py:587} INFO - Filling up the DagBag from /opt/airflow/dags/create_dag_with_taskflow.py
[2024-09-26T04:14:36.654+0000] {processor.py:925} INFO - DAG(s) 'dag_with_taskflow_api_v02' retrieved from /opt/airflow/dags/create_dag_with_taskflow.py
[2024-09-26T04:14:36.680+0000] {logging_mixin.py:190} INFO - [2024-09-26T04:14:36.680+0000] {dag.py:3229} INFO - Sync 1 DAGs
[2024-09-26T04:14:36.701+0000] {logging_mixin.py:190} INFO - [2024-09-26T04:14:36.701+0000] {dag.py:4156} INFO - Setting next_dagrun for dag_with_taskflow_api_v02 to 2024-09-22 00:00:00+00:00, run_after=2024-09-23 00:00:00+00:00
[2024-09-26T04:14:36.725+0000] {processor.py:208} INFO - Processing /opt/airflow/dags/create_dag_with_taskflow.py took 0.203 seconds
[2024-09-26T04:15:07.721+0000] {processor.py:186} INFO - Started process (PID=151649) to work on /opt/airflow/dags/create_dag_with_taskflow.py
[2024-09-26T04:15:07.723+0000] {processor.py:914} INFO - Processing file /opt/airflow/dags/create_dag_with_taskflow.py for tasks to queue
[2024-09-26T04:15:07.724+0000] {logging_mixin.py:190} INFO - [2024-09-26T04:15:07.724+0000] {dagbag.py:587} INFO - Filling up the DagBag from /opt/airflow/dags/create_dag_with_taskflow.py
[2024-09-26T04:15:07.816+0000] {processor.py:925} INFO - DAG(s) 'dag_with_taskflow_api_v02' retrieved from /opt/airflow/dags/create_dag_with_taskflow.py
[2024-09-26T04:15:07.842+0000] {logging_mixin.py:190} INFO - [2024-09-26T04:15:07.842+0000] {dag.py:3229} INFO - Sync 1 DAGs
[2024-09-26T04:15:07.864+0000] {logging_mixin.py:190} INFO - [2024-09-26T04:15:07.864+0000] {dag.py:4156} INFO - Setting next_dagrun for dag_with_taskflow_api_v02 to 2024-09-22 00:00:00+00:00, run_after=2024-09-23 00:00:00+00:00
[2024-09-26T04:15:07.889+0000] {processor.py:208} INFO - Processing /opt/airflow/dags/create_dag_with_taskflow.py took 0.177 seconds
[2024-09-26T04:15:38.247+0000] {processor.py:186} INFO - Started process (PID=151692) to work on /opt/airflow/dags/create_dag_with_taskflow.py
[2024-09-26T04:15:38.249+0000] {processor.py:914} INFO - Processing file /opt/airflow/dags/create_dag_with_taskflow.py for tasks to queue
[2024-09-26T04:15:38.253+0000] {logging_mixin.py:190} INFO - [2024-09-26T04:15:38.252+0000] {dagbag.py:587} INFO - Filling up the DagBag from /opt/airflow/dags/create_dag_with_taskflow.py
[2024-09-26T04:15:38.348+0000] {processor.py:925} INFO - DAG(s) 'dag_with_taskflow_api_v02' retrieved from /opt/airflow/dags/create_dag_with_taskflow.py
[2024-09-26T04:15:38.375+0000] {logging_mixin.py:190} INFO - [2024-09-26T04:15:38.374+0000] {dag.py:3229} INFO - Sync 1 DAGs
[2024-09-26T04:15:38.397+0000] {logging_mixin.py:190} INFO - [2024-09-26T04:15:38.396+0000] {dag.py:4156} INFO - Setting next_dagrun for dag_with_taskflow_api_v02 to 2024-09-22 00:00:00+00:00, run_after=2024-09-23 00:00:00+00:00
[2024-09-26T04:15:38.420+0000] {processor.py:208} INFO - Processing /opt/airflow/dags/create_dag_with_taskflow.py took 0.183 seconds
[2024-09-26T04:16:08.817+0000] {processor.py:186} INFO - Started process (PID=151735) to work on /opt/airflow/dags/create_dag_with_taskflow.py
[2024-09-26T04:16:08.820+0000] {processor.py:914} INFO - Processing file /opt/airflow/dags/create_dag_with_taskflow.py for tasks to queue
[2024-09-26T04:16:08.824+0000] {logging_mixin.py:190} INFO - [2024-09-26T04:16:08.823+0000] {dagbag.py:587} INFO - Filling up the DagBag from /opt/airflow/dags/create_dag_with_taskflow.py
[2024-09-26T04:16:08.943+0000] {processor.py:925} INFO - DAG(s) 'dag_with_taskflow_api_v02' retrieved from /opt/airflow/dags/create_dag_with_taskflow.py
[2024-09-26T04:16:08.986+0000] {logging_mixin.py:190} INFO - [2024-09-26T04:16:08.985+0000] {dag.py:3229} INFO - Sync 1 DAGs
[2024-09-26T04:16:09.029+0000] {logging_mixin.py:190} INFO - [2024-09-26T04:16:09.029+0000] {dag.py:4156} INFO - Setting next_dagrun for dag_with_taskflow_api_v02 to 2024-09-22 00:00:00+00:00, run_after=2024-09-23 00:00:00+00:00
[2024-09-26T04:16:09.073+0000] {processor.py:208} INFO - Processing /opt/airflow/dags/create_dag_with_taskflow.py took 0.274 seconds
[2024-09-26T04:16:39.384+0000] {processor.py:186} INFO - Started process (PID=151778) to work on /opt/airflow/dags/create_dag_with_taskflow.py
[2024-09-26T04:16:39.385+0000] {processor.py:914} INFO - Processing file /opt/airflow/dags/create_dag_with_taskflow.py for tasks to queue
[2024-09-26T04:16:39.387+0000] {logging_mixin.py:190} INFO - [2024-09-26T04:16:39.387+0000] {dagbag.py:587} INFO - Filling up the DagBag from /opt/airflow/dags/create_dag_with_taskflow.py
[2024-09-26T04:16:39.468+0000] {processor.py:925} INFO - DAG(s) 'dag_with_taskflow_api_v02' retrieved from /opt/airflow/dags/create_dag_with_taskflow.py
[2024-09-26T04:16:39.499+0000] {logging_mixin.py:190} INFO - [2024-09-26T04:16:39.499+0000] {dag.py:3229} INFO - Sync 1 DAGs
[2024-09-26T04:16:39.523+0000] {logging_mixin.py:190} INFO - [2024-09-26T04:16:39.523+0000] {dag.py:4156} INFO - Setting next_dagrun for dag_with_taskflow_api_v02 to 2024-09-22 00:00:00+00:00, run_after=2024-09-23 00:00:00+00:00
[2024-09-26T04:16:39.548+0000] {processor.py:208} INFO - Processing /opt/airflow/dags/create_dag_with_taskflow.py took 0.169 seconds
[2024-09-26T04:17:10.194+0000] {processor.py:186} INFO - Started process (PID=151821) to work on /opt/airflow/dags/create_dag_with_taskflow.py
[2024-09-26T04:17:10.196+0000] {processor.py:914} INFO - Processing file /opt/airflow/dags/create_dag_with_taskflow.py for tasks to queue
[2024-09-26T04:17:10.199+0000] {logging_mixin.py:190} INFO - [2024-09-26T04:17:10.198+0000] {dagbag.py:587} INFO - Filling up the DagBag from /opt/airflow/dags/create_dag_with_taskflow.py
[2024-09-26T04:17:10.289+0000] {processor.py:925} INFO - DAG(s) 'dag_with_taskflow_api_v02' retrieved from /opt/airflow/dags/create_dag_with_taskflow.py
[2024-09-26T04:17:10.313+0000] {logging_mixin.py:190} INFO - [2024-09-26T04:17:10.313+0000] {dag.py:3229} INFO - Sync 1 DAGs
[2024-09-26T04:17:10.336+0000] {logging_mixin.py:190} INFO - [2024-09-26T04:17:10.336+0000] {dag.py:4156} INFO - Setting next_dagrun for dag_with_taskflow_api_v02 to 2024-09-22 00:00:00+00:00, run_after=2024-09-23 00:00:00+00:00
[2024-09-26T04:17:10.363+0000] {processor.py:208} INFO - Processing /opt/airflow/dags/create_dag_with_taskflow.py took 0.179 seconds
[2024-09-26T04:17:40.782+0000] {processor.py:186} INFO - Started process (PID=151864) to work on /opt/airflow/dags/create_dag_with_taskflow.py
[2024-09-26T04:17:40.783+0000] {processor.py:914} INFO - Processing file /opt/airflow/dags/create_dag_with_taskflow.py for tasks to queue
[2024-09-26T04:17:40.785+0000] {logging_mixin.py:190} INFO - [2024-09-26T04:17:40.784+0000] {dagbag.py:587} INFO - Filling up the DagBag from /opt/airflow/dags/create_dag_with_taskflow.py
[2024-09-26T04:17:40.869+0000] {processor.py:925} INFO - DAG(s) 'dag_with_taskflow_api_v02' retrieved from /opt/airflow/dags/create_dag_with_taskflow.py
[2024-09-26T04:17:40.897+0000] {logging_mixin.py:190} INFO - [2024-09-26T04:17:40.897+0000] {dag.py:3229} INFO - Sync 1 DAGs
[2024-09-26T04:17:40.921+0000] {logging_mixin.py:190} INFO - [2024-09-26T04:17:40.921+0000] {dag.py:4156} INFO - Setting next_dagrun for dag_with_taskflow_api_v02 to 2024-09-22 00:00:00+00:00, run_after=2024-09-23 00:00:00+00:00
[2024-09-26T04:17:40.947+0000] {processor.py:208} INFO - Processing /opt/airflow/dags/create_dag_with_taskflow.py took 0.173 seconds
[2024-09-26T04:18:11.242+0000] {processor.py:186} INFO - Started process (PID=151907) to work on /opt/airflow/dags/create_dag_with_taskflow.py
[2024-09-26T04:18:11.244+0000] {processor.py:914} INFO - Processing file /opt/airflow/dags/create_dag_with_taskflow.py for tasks to queue
[2024-09-26T04:18:11.246+0000] {logging_mixin.py:190} INFO - [2024-09-26T04:18:11.245+0000] {dagbag.py:587} INFO - Filling up the DagBag from /opt/airflow/dags/create_dag_with_taskflow.py
[2024-09-26T04:18:11.314+0000] {processor.py:925} INFO - DAG(s) 'dag_with_taskflow_api_v02' retrieved from /opt/airflow/dags/create_dag_with_taskflow.py
[2024-09-26T04:18:11.344+0000] {logging_mixin.py:190} INFO - [2024-09-26T04:18:11.343+0000] {dag.py:3229} INFO - Sync 1 DAGs
[2024-09-26T04:18:11.370+0000] {logging_mixin.py:190} INFO - [2024-09-26T04:18:11.370+0000] {dag.py:4156} INFO - Setting next_dagrun for dag_with_taskflow_api_v02 to 2024-09-22 00:00:00+00:00, run_after=2024-09-23 00:00:00+00:00
[2024-09-26T04:18:11.393+0000] {processor.py:208} INFO - Processing /opt/airflow/dags/create_dag_with_taskflow.py took 0.162 seconds
[2024-09-26T04:18:41.772+0000] {processor.py:186} INFO - Started process (PID=151950) to work on /opt/airflow/dags/create_dag_with_taskflow.py
[2024-09-26T04:18:41.774+0000] {processor.py:914} INFO - Processing file /opt/airflow/dags/create_dag_with_taskflow.py for tasks to queue
[2024-09-26T04:18:41.777+0000] {logging_mixin.py:190} INFO - [2024-09-26T04:18:41.776+0000] {dagbag.py:587} INFO - Filling up the DagBag from /opt/airflow/dags/create_dag_with_taskflow.py
[2024-09-26T04:18:41.856+0000] {processor.py:925} INFO - DAG(s) 'dag_with_taskflow_api_v02' retrieved from /opt/airflow/dags/create_dag_with_taskflow.py
[2024-09-26T04:18:41.880+0000] {logging_mixin.py:190} INFO - [2024-09-26T04:18:41.880+0000] {dag.py:3229} INFO - Sync 1 DAGs
[2024-09-26T04:18:41.902+0000] {logging_mixin.py:190} INFO - [2024-09-26T04:18:41.902+0000] {dag.py:4156} INFO - Setting next_dagrun for dag_with_taskflow_api_v02 to 2024-09-22 00:00:00+00:00, run_after=2024-09-23 00:00:00+00:00
[2024-09-26T04:18:41.924+0000] {processor.py:208} INFO - Processing /opt/airflow/dags/create_dag_with_taskflow.py took 0.157 seconds
[2024-09-26T04:19:12.442+0000] {processor.py:186} INFO - Started process (PID=151993) to work on /opt/airflow/dags/create_dag_with_taskflow.py
[2024-09-26T04:19:12.443+0000] {processor.py:914} INFO - Processing file /opt/airflow/dags/create_dag_with_taskflow.py for tasks to queue
[2024-09-26T04:19:12.445+0000] {logging_mixin.py:190} INFO - [2024-09-26T04:19:12.445+0000] {dagbag.py:587} INFO - Filling up the DagBag from /opt/airflow/dags/create_dag_with_taskflow.py
[2024-09-26T04:19:12.526+0000] {processor.py:925} INFO - DAG(s) 'dag_with_taskflow_api_v02' retrieved from /opt/airflow/dags/create_dag_with_taskflow.py
[2024-09-26T04:19:12.553+0000] {logging_mixin.py:190} INFO - [2024-09-26T04:19:12.552+0000] {dag.py:3229} INFO - Sync 1 DAGs
[2024-09-26T04:19:12.580+0000] {logging_mixin.py:190} INFO - [2024-09-26T04:19:12.579+0000] {dag.py:4156} INFO - Setting next_dagrun for dag_with_taskflow_api_v02 to 2024-09-22 00:00:00+00:00, run_after=2024-09-23 00:00:00+00:00
[2024-09-26T04:19:12.603+0000] {processor.py:208} INFO - Processing /opt/airflow/dags/create_dag_with_taskflow.py took 0.168 seconds
[2024-09-26T04:19:43.332+0000] {processor.py:186} INFO - Started process (PID=152038) to work on /opt/airflow/dags/create_dag_with_taskflow.py
[2024-09-26T04:19:43.335+0000] {processor.py:914} INFO - Processing file /opt/airflow/dags/create_dag_with_taskflow.py for tasks to queue
[2024-09-26T04:19:43.338+0000] {logging_mixin.py:190} INFO - [2024-09-26T04:19:43.337+0000] {dagbag.py:587} INFO - Filling up the DagBag from /opt/airflow/dags/create_dag_with_taskflow.py
[2024-09-26T04:19:43.451+0000] {processor.py:925} INFO - DAG(s) 'dag_with_taskflow_api_v02' retrieved from /opt/airflow/dags/create_dag_with_taskflow.py
[2024-09-26T04:19:43.478+0000] {logging_mixin.py:190} INFO - [2024-09-26T04:19:43.478+0000] {dag.py:3229} INFO - Sync 1 DAGs
[2024-09-26T04:19:43.503+0000] {logging_mixin.py:190} INFO - [2024-09-26T04:19:43.503+0000] {dag.py:4156} INFO - Setting next_dagrun for dag_with_taskflow_api_v02 to 2024-09-22 00:00:00+00:00, run_after=2024-09-23 00:00:00+00:00
[2024-09-26T04:19:43.532+0000] {processor.py:208} INFO - Processing /opt/airflow/dags/create_dag_with_taskflow.py took 0.210 seconds
[2024-09-26T04:20:13.871+0000] {processor.py:186} INFO - Started process (PID=152081) to work on /opt/airflow/dags/create_dag_with_taskflow.py
[2024-09-26T04:20:13.873+0000] {processor.py:914} INFO - Processing file /opt/airflow/dags/create_dag_with_taskflow.py for tasks to queue
[2024-09-26T04:20:13.875+0000] {logging_mixin.py:190} INFO - [2024-09-26T04:20:13.874+0000] {dagbag.py:587} INFO - Filling up the DagBag from /opt/airflow/dags/create_dag_with_taskflow.py
[2024-09-26T04:20:13.960+0000] {processor.py:925} INFO - DAG(s) 'dag_with_taskflow_api_v02' retrieved from /opt/airflow/dags/create_dag_with_taskflow.py
[2024-09-26T04:20:14.002+0000] {logging_mixin.py:190} INFO - [2024-09-26T04:20:14.002+0000] {dag.py:3229} INFO - Sync 1 DAGs
[2024-09-26T04:20:14.042+0000] {logging_mixin.py:190} INFO - [2024-09-26T04:20:14.041+0000] {dag.py:4156} INFO - Setting next_dagrun for dag_with_taskflow_api_v02 to 2024-09-22 00:00:00+00:00, run_after=2024-09-23 00:00:00+00:00
[2024-09-26T04:20:14.081+0000] {processor.py:208} INFO - Processing /opt/airflow/dags/create_dag_with_taskflow.py took 0.218 seconds
[2024-09-26T04:20:44.406+0000] {processor.py:186} INFO - Started process (PID=152124) to work on /opt/airflow/dags/create_dag_with_taskflow.py
[2024-09-26T04:20:44.409+0000] {processor.py:914} INFO - Processing file /opt/airflow/dags/create_dag_with_taskflow.py for tasks to queue
[2024-09-26T04:20:44.413+0000] {logging_mixin.py:190} INFO - [2024-09-26T04:20:44.413+0000] {dagbag.py:587} INFO - Filling up the DagBag from /opt/airflow/dags/create_dag_with_taskflow.py
[2024-09-26T04:20:44.513+0000] {processor.py:925} INFO - DAG(s) 'dag_with_taskflow_api_v02' retrieved from /opt/airflow/dags/create_dag_with_taskflow.py
[2024-09-26T04:20:44.538+0000] {logging_mixin.py:190} INFO - [2024-09-26T04:20:44.537+0000] {dag.py:3229} INFO - Sync 1 DAGs
[2024-09-26T04:20:44.558+0000] {logging_mixin.py:190} INFO - [2024-09-26T04:20:44.558+0000] {dag.py:4156} INFO - Setting next_dagrun for dag_with_taskflow_api_v02 to 2024-09-22 00:00:00+00:00, run_after=2024-09-23 00:00:00+00:00
[2024-09-26T04:20:44.589+0000] {processor.py:208} INFO - Processing /opt/airflow/dags/create_dag_with_taskflow.py took 0.203 seconds
[2024-09-26T04:21:15.302+0000] {processor.py:186} INFO - Started process (PID=152167) to work on /opt/airflow/dags/create_dag_with_taskflow.py
[2024-09-26T04:21:15.304+0000] {processor.py:914} INFO - Processing file /opt/airflow/dags/create_dag_with_taskflow.py for tasks to queue
[2024-09-26T04:21:15.307+0000] {logging_mixin.py:190} INFO - [2024-09-26T04:21:15.307+0000] {dagbag.py:587} INFO - Filling up the DagBag from /opt/airflow/dags/create_dag_with_taskflow.py
[2024-09-26T04:21:15.420+0000] {processor.py:925} INFO - DAG(s) 'dag_with_taskflow_api_v02' retrieved from /opt/airflow/dags/create_dag_with_taskflow.py
[2024-09-26T04:21:15.449+0000] {logging_mixin.py:190} INFO - [2024-09-26T04:21:15.449+0000] {dag.py:3229} INFO - Sync 1 DAGs
[2024-09-26T04:21:15.475+0000] {logging_mixin.py:190} INFO - [2024-09-26T04:21:15.475+0000] {dag.py:4156} INFO - Setting next_dagrun for dag_with_taskflow_api_v02 to 2024-09-22 00:00:00+00:00, run_after=2024-09-23 00:00:00+00:00
[2024-09-26T04:21:15.535+0000] {processor.py:208} INFO - Processing /opt/airflow/dags/create_dag_with_taskflow.py took 0.242 seconds
[2024-09-26T04:21:45.840+0000] {processor.py:186} INFO - Started process (PID=152210) to work on /opt/airflow/dags/create_dag_with_taskflow.py
[2024-09-26T04:21:45.843+0000] {processor.py:914} INFO - Processing file /opt/airflow/dags/create_dag_with_taskflow.py for tasks to queue
[2024-09-26T04:21:45.847+0000] {logging_mixin.py:190} INFO - [2024-09-26T04:21:45.846+0000] {dagbag.py:587} INFO - Filling up the DagBag from /opt/airflow/dags/create_dag_with_taskflow.py
[2024-09-26T04:21:45.949+0000] {processor.py:925} INFO - DAG(s) 'dag_with_taskflow_api_v02' retrieved from /opt/airflow/dags/create_dag_with_taskflow.py
[2024-09-26T04:21:45.980+0000] {logging_mixin.py:190} INFO - [2024-09-26T04:21:45.979+0000] {dag.py:3229} INFO - Sync 1 DAGs
[2024-09-26T04:21:46.012+0000] {logging_mixin.py:190} INFO - [2024-09-26T04:21:46.012+0000] {dag.py:4156} INFO - Setting next_dagrun for dag_with_taskflow_api_v02 to 2024-09-22 00:00:00+00:00, run_after=2024-09-23 00:00:00+00:00
[2024-09-26T04:21:46.046+0000] {processor.py:208} INFO - Processing /opt/airflow/dags/create_dag_with_taskflow.py took 0.221 seconds
[2024-09-26T04:22:16.326+0000] {processor.py:186} INFO - Started process (PID=152251) to work on /opt/airflow/dags/create_dag_with_taskflow.py
[2024-09-26T04:22:16.328+0000] {processor.py:914} INFO - Processing file /opt/airflow/dags/create_dag_with_taskflow.py for tasks to queue
[2024-09-26T04:22:16.329+0000] {logging_mixin.py:190} INFO - [2024-09-26T04:22:16.329+0000] {dagbag.py:587} INFO - Filling up the DagBag from /opt/airflow/dags/create_dag_with_taskflow.py
[2024-09-26T04:22:16.395+0000] {processor.py:925} INFO - DAG(s) 'dag_with_taskflow_api_v02' retrieved from /opt/airflow/dags/create_dag_with_taskflow.py
[2024-09-26T04:22:16.429+0000] {logging_mixin.py:190} INFO - [2024-09-26T04:22:16.429+0000] {dag.py:3229} INFO - Sync 1 DAGs
[2024-09-26T04:22:16.453+0000] {logging_mixin.py:190} INFO - [2024-09-26T04:22:16.453+0000] {dag.py:4156} INFO - Setting next_dagrun for dag_with_taskflow_api_v02 to 2024-09-22 00:00:00+00:00, run_after=2024-09-23 00:00:00+00:00
[2024-09-26T04:22:16.477+0000] {processor.py:208} INFO - Processing /opt/airflow/dags/create_dag_with_taskflow.py took 0.157 seconds
[2024-09-26T04:22:46.953+0000] {processor.py:186} INFO - Started process (PID=152294) to work on /opt/airflow/dags/create_dag_with_taskflow.py
[2024-09-26T04:22:46.955+0000] {processor.py:914} INFO - Processing file /opt/airflow/dags/create_dag_with_taskflow.py for tasks to queue
[2024-09-26T04:22:46.957+0000] {logging_mixin.py:190} INFO - [2024-09-26T04:22:46.957+0000] {dagbag.py:587} INFO - Filling up the DagBag from /opt/airflow/dags/create_dag_with_taskflow.py
[2024-09-26T04:22:47.037+0000] {processor.py:925} INFO - DAG(s) 'dag_with_taskflow_api_v02' retrieved from /opt/airflow/dags/create_dag_with_taskflow.py
[2024-09-26T04:22:47.076+0000] {logging_mixin.py:190} INFO - [2024-09-26T04:22:47.075+0000] {dag.py:3229} INFO - Sync 1 DAGs
[2024-09-26T04:22:47.103+0000] {logging_mixin.py:190} INFO - [2024-09-26T04:22:47.103+0000] {dag.py:4156} INFO - Setting next_dagrun for dag_with_taskflow_api_v02 to 2024-09-22 00:00:00+00:00, run_after=2024-09-23 00:00:00+00:00
[2024-09-26T04:22:47.128+0000] {processor.py:208} INFO - Processing /opt/airflow/dags/create_dag_with_taskflow.py took 0.185 seconds
[2024-09-26T04:23:17.620+0000] {processor.py:186} INFO - Started process (PID=152339) to work on /opt/airflow/dags/create_dag_with_taskflow.py
[2024-09-26T04:23:17.622+0000] {processor.py:914} INFO - Processing file /opt/airflow/dags/create_dag_with_taskflow.py for tasks to queue
[2024-09-26T04:23:17.624+0000] {logging_mixin.py:190} INFO - [2024-09-26T04:23:17.624+0000] {dagbag.py:587} INFO - Filling up the DagBag from /opt/airflow/dags/create_dag_with_taskflow.py
[2024-09-26T04:23:17.727+0000] {processor.py:925} INFO - DAG(s) 'dag_with_taskflow_api_v02' retrieved from /opt/airflow/dags/create_dag_with_taskflow.py
[2024-09-26T04:23:17.758+0000] {logging_mixin.py:190} INFO - [2024-09-26T04:23:17.758+0000] {dag.py:3229} INFO - Sync 1 DAGs
[2024-09-26T04:23:17.782+0000] {logging_mixin.py:190} INFO - [2024-09-26T04:23:17.782+0000] {dag.py:4156} INFO - Setting next_dagrun for dag_with_taskflow_api_v02 to 2024-09-22 00:00:00+00:00, run_after=2024-09-23 00:00:00+00:00
[2024-09-26T04:23:17.810+0000] {processor.py:208} INFO - Processing /opt/airflow/dags/create_dag_with_taskflow.py took 0.195 seconds
[2024-09-26T04:23:48.502+0000] {processor.py:186} INFO - Started process (PID=152382) to work on /opt/airflow/dags/create_dag_with_taskflow.py
[2024-09-26T04:23:48.504+0000] {processor.py:914} INFO - Processing file /opt/airflow/dags/create_dag_with_taskflow.py for tasks to queue
[2024-09-26T04:23:48.508+0000] {logging_mixin.py:190} INFO - [2024-09-26T04:23:48.507+0000] {dagbag.py:587} INFO - Filling up the DagBag from /opt/airflow/dags/create_dag_with_taskflow.py
[2024-09-26T04:23:48.620+0000] {processor.py:925} INFO - DAG(s) 'dag_with_taskflow_api_v02' retrieved from /opt/airflow/dags/create_dag_with_taskflow.py
[2024-09-26T04:23:48.656+0000] {logging_mixin.py:190} INFO - [2024-09-26T04:23:48.656+0000] {dag.py:3229} INFO - Sync 1 DAGs
[2024-09-26T04:23:48.680+0000] {logging_mixin.py:190} INFO - [2024-09-26T04:23:48.679+0000] {dag.py:4156} INFO - Setting next_dagrun for dag_with_taskflow_api_v02 to 2024-09-22 00:00:00+00:00, run_after=2024-09-23 00:00:00+00:00
[2024-09-26T04:23:48.708+0000] {processor.py:208} INFO - Processing /opt/airflow/dags/create_dag_with_taskflow.py took 0.213 seconds
[2024-09-26T04:24:19.306+0000] {processor.py:186} INFO - Started process (PID=152425) to work on /opt/airflow/dags/create_dag_with_taskflow.py
[2024-09-26T04:24:19.308+0000] {processor.py:914} INFO - Processing file /opt/airflow/dags/create_dag_with_taskflow.py for tasks to queue
[2024-09-26T04:24:19.310+0000] {logging_mixin.py:190} INFO - [2024-09-26T04:24:19.310+0000] {dagbag.py:587} INFO - Filling up the DagBag from /opt/airflow/dags/create_dag_with_taskflow.py
[2024-09-26T04:24:19.425+0000] {processor.py:925} INFO - DAG(s) 'dag_with_taskflow_api_v02' retrieved from /opt/airflow/dags/create_dag_with_taskflow.py
[2024-09-26T04:24:19.455+0000] {logging_mixin.py:190} INFO - [2024-09-26T04:24:19.455+0000] {dag.py:3229} INFO - Sync 1 DAGs
[2024-09-26T04:24:19.482+0000] {logging_mixin.py:190} INFO - [2024-09-26T04:24:19.482+0000] {dag.py:4156} INFO - Setting next_dagrun for dag_with_taskflow_api_v02 to 2024-09-22 00:00:00+00:00, run_after=2024-09-23 00:00:00+00:00
[2024-09-26T04:24:19.510+0000] {processor.py:208} INFO - Processing /opt/airflow/dags/create_dag_with_taskflow.py took 0.214 seconds
[2024-09-26T04:24:49.823+0000] {processor.py:186} INFO - Started process (PID=152468) to work on /opt/airflow/dags/create_dag_with_taskflow.py
[2024-09-26T04:24:49.825+0000] {processor.py:914} INFO - Processing file /opt/airflow/dags/create_dag_with_taskflow.py for tasks to queue
[2024-09-26T04:24:49.827+0000] {logging_mixin.py:190} INFO - [2024-09-26T04:24:49.826+0000] {dagbag.py:587} INFO - Filling up the DagBag from /opt/airflow/dags/create_dag_with_taskflow.py
[2024-09-26T04:24:49.935+0000] {processor.py:925} INFO - DAG(s) 'dag_with_taskflow_api_v02' retrieved from /opt/airflow/dags/create_dag_with_taskflow.py
[2024-09-26T04:24:49.964+0000] {logging_mixin.py:190} INFO - [2024-09-26T04:24:49.964+0000] {dag.py:3229} INFO - Sync 1 DAGs
[2024-09-26T04:24:49.990+0000] {logging_mixin.py:190} INFO - [2024-09-26T04:24:49.990+0000] {dag.py:4156} INFO - Setting next_dagrun for dag_with_taskflow_api_v02 to 2024-09-22 00:00:00+00:00, run_after=2024-09-23 00:00:00+00:00
[2024-09-26T04:24:50.030+0000] {processor.py:208} INFO - Processing /opt/airflow/dags/create_dag_with_taskflow.py took 0.220 seconds
[2024-09-26T04:25:20.921+0000] {processor.py:186} INFO - Started process (PID=152511) to work on /opt/airflow/dags/create_dag_with_taskflow.py
[2024-09-26T04:25:20.924+0000] {processor.py:914} INFO - Processing file /opt/airflow/dags/create_dag_with_taskflow.py for tasks to queue
[2024-09-26T04:25:20.928+0000] {logging_mixin.py:190} INFO - [2024-09-26T04:25:20.927+0000] {dagbag.py:587} INFO - Filling up the DagBag from /opt/airflow/dags/create_dag_with_taskflow.py
[2024-09-26T04:25:21.024+0000] {processor.py:925} INFO - DAG(s) 'dag_with_taskflow_api_v02' retrieved from /opt/airflow/dags/create_dag_with_taskflow.py
[2024-09-26T04:25:21.060+0000] {logging_mixin.py:190} INFO - [2024-09-26T04:25:21.060+0000] {dag.py:3229} INFO - Sync 1 DAGs
[2024-09-26T04:25:21.093+0000] {logging_mixin.py:190} INFO - [2024-09-26T04:25:21.093+0000] {dag.py:4156} INFO - Setting next_dagrun for dag_with_taskflow_api_v02 to 2024-09-22 00:00:00+00:00, run_after=2024-09-23 00:00:00+00:00
[2024-09-26T04:25:21.119+0000] {processor.py:208} INFO - Processing /opt/airflow/dags/create_dag_with_taskflow.py took 0.203 seconds
[2024-09-26T04:25:52.132+0000] {processor.py:186} INFO - Started process (PID=152554) to work on /opt/airflow/dags/create_dag_with_taskflow.py
[2024-09-26T04:25:52.135+0000] {processor.py:914} INFO - Processing file /opt/airflow/dags/create_dag_with_taskflow.py for tasks to queue
[2024-09-26T04:25:52.138+0000] {logging_mixin.py:190} INFO - [2024-09-26T04:25:52.138+0000] {dagbag.py:587} INFO - Filling up the DagBag from /opt/airflow/dags/create_dag_with_taskflow.py
[2024-09-26T04:25:52.252+0000] {processor.py:925} INFO - DAG(s) 'dag_with_taskflow_api_v02' retrieved from /opt/airflow/dags/create_dag_with_taskflow.py
[2024-09-26T04:25:52.281+0000] {logging_mixin.py:190} INFO - [2024-09-26T04:25:52.281+0000] {dag.py:3229} INFO - Sync 1 DAGs
[2024-09-26T04:25:52.307+0000] {logging_mixin.py:190} INFO - [2024-09-26T04:25:52.307+0000] {dag.py:4156} INFO - Setting next_dagrun for dag_with_taskflow_api_v02 to 2024-09-22 00:00:00+00:00, run_after=2024-09-23 00:00:00+00:00
[2024-09-26T04:25:52.335+0000] {processor.py:208} INFO - Processing /opt/airflow/dags/create_dag_with_taskflow.py took 0.214 seconds
[2024-09-26T04:26:23.073+0000] {processor.py:186} INFO - Started process (PID=152597) to work on /opt/airflow/dags/create_dag_with_taskflow.py
[2024-09-26T04:26:23.075+0000] {processor.py:914} INFO - Processing file /opt/airflow/dags/create_dag_with_taskflow.py for tasks to queue
[2024-09-26T04:26:23.077+0000] {logging_mixin.py:190} INFO - [2024-09-26T04:26:23.077+0000] {dagbag.py:587} INFO - Filling up the DagBag from /opt/airflow/dags/create_dag_with_taskflow.py
[2024-09-26T04:26:23.181+0000] {processor.py:925} INFO - DAG(s) 'dag_with_taskflow_api_v02' retrieved from /opt/airflow/dags/create_dag_with_taskflow.py
[2024-09-26T04:26:23.211+0000] {logging_mixin.py:190} INFO - [2024-09-26T04:26:23.210+0000] {dag.py:3229} INFO - Sync 1 DAGs
[2024-09-26T04:26:23.238+0000] {logging_mixin.py:190} INFO - [2024-09-26T04:26:23.238+0000] {dag.py:4156} INFO - Setting next_dagrun for dag_with_taskflow_api_v02 to 2024-09-22 00:00:00+00:00, run_after=2024-09-23 00:00:00+00:00
[2024-09-26T04:26:23.266+0000] {processor.py:208} INFO - Processing /opt/airflow/dags/create_dag_with_taskflow.py took 0.199 seconds
[2024-09-26T04:26:54.242+0000] {processor.py:186} INFO - Started process (PID=152640) to work on /opt/airflow/dags/create_dag_with_taskflow.py
[2024-09-26T04:26:54.244+0000] {processor.py:914} INFO - Processing file /opt/airflow/dags/create_dag_with_taskflow.py for tasks to queue
[2024-09-26T04:26:54.246+0000] {logging_mixin.py:190} INFO - [2024-09-26T04:26:54.246+0000] {dagbag.py:587} INFO - Filling up the DagBag from /opt/airflow/dags/create_dag_with_taskflow.py
[2024-09-26T04:26:54.344+0000] {processor.py:925} INFO - DAG(s) 'dag_with_taskflow_api_v02' retrieved from /opt/airflow/dags/create_dag_with_taskflow.py
[2024-09-26T04:26:54.373+0000] {logging_mixin.py:190} INFO - [2024-09-26T04:26:54.373+0000] {dag.py:3229} INFO - Sync 1 DAGs
[2024-09-26T04:26:54.401+0000] {logging_mixin.py:190} INFO - [2024-09-26T04:26:54.401+0000] {dag.py:4156} INFO - Setting next_dagrun for dag_with_taskflow_api_v02 to 2024-09-22 00:00:00+00:00, run_after=2024-09-23 00:00:00+00:00
[2024-09-26T04:26:54.428+0000] {processor.py:208} INFO - Processing /opt/airflow/dags/create_dag_with_taskflow.py took 0.197 seconds
[2024-09-26T04:27:25.199+0000] {processor.py:186} INFO - Started process (PID=152683) to work on /opt/airflow/dags/create_dag_with_taskflow.py
[2024-09-26T04:27:25.202+0000] {processor.py:914} INFO - Processing file /opt/airflow/dags/create_dag_with_taskflow.py for tasks to queue
[2024-09-26T04:27:25.205+0000] {logging_mixin.py:190} INFO - [2024-09-26T04:27:25.204+0000] {dagbag.py:587} INFO - Filling up the DagBag from /opt/airflow/dags/create_dag_with_taskflow.py
[2024-09-26T04:27:25.301+0000] {processor.py:925} INFO - DAG(s) 'dag_with_taskflow_api_v02' retrieved from /opt/airflow/dags/create_dag_with_taskflow.py
[2024-09-26T04:27:25.365+0000] {logging_mixin.py:190} INFO - [2024-09-26T04:27:25.365+0000] {dag.py:3229} INFO - Sync 1 DAGs
[2024-09-26T04:27:25.394+0000] {logging_mixin.py:190} INFO - [2024-09-26T04:27:25.394+0000] {dag.py:4156} INFO - Setting next_dagrun for dag_with_taskflow_api_v02 to 2024-09-22 00:00:00+00:00, run_after=2024-09-23 00:00:00+00:00
[2024-09-26T04:27:25.415+0000] {processor.py:208} INFO - Processing /opt/airflow/dags/create_dag_with_taskflow.py took 0.225 seconds
[2024-09-26T04:27:56.026+0000] {processor.py:186} INFO - Started process (PID=152726) to work on /opt/airflow/dags/create_dag_with_taskflow.py
[2024-09-26T04:27:56.028+0000] {processor.py:914} INFO - Processing file /opt/airflow/dags/create_dag_with_taskflow.py for tasks to queue
[2024-09-26T04:27:56.029+0000] {logging_mixin.py:190} INFO - [2024-09-26T04:27:56.029+0000] {dagbag.py:587} INFO - Filling up the DagBag from /opt/airflow/dags/create_dag_with_taskflow.py
[2024-09-26T04:27:56.132+0000] {processor.py:925} INFO - DAG(s) 'dag_with_taskflow_api_v02' retrieved from /opt/airflow/dags/create_dag_with_taskflow.py
[2024-09-26T04:27:56.157+0000] {logging_mixin.py:190} INFO - [2024-09-26T04:27:56.157+0000] {dag.py:3229} INFO - Sync 1 DAGs
[2024-09-26T04:27:56.187+0000] {logging_mixin.py:190} INFO - [2024-09-26T04:27:56.187+0000] {dag.py:4156} INFO - Setting next_dagrun for dag_with_taskflow_api_v02 to 2024-09-22 00:00:00+00:00, run_after=2024-09-23 00:00:00+00:00
[2024-09-26T04:27:56.206+0000] {processor.py:208} INFO - Processing /opt/airflow/dags/create_dag_with_taskflow.py took 0.186 seconds
[2024-09-26T04:28:26.849+0000] {processor.py:186} INFO - Started process (PID=152769) to work on /opt/airflow/dags/create_dag_with_taskflow.py
[2024-09-26T04:28:26.852+0000] {processor.py:914} INFO - Processing file /opt/airflow/dags/create_dag_with_taskflow.py for tasks to queue
[2024-09-26T04:28:26.854+0000] {logging_mixin.py:190} INFO - [2024-09-26T04:28:26.854+0000] {dagbag.py:587} INFO - Filling up the DagBag from /opt/airflow/dags/create_dag_with_taskflow.py
[2024-09-26T04:28:26.953+0000] {processor.py:925} INFO - DAG(s) 'dag_with_taskflow_api_v02' retrieved from /opt/airflow/dags/create_dag_with_taskflow.py
[2024-09-26T04:28:26.989+0000] {logging_mixin.py:190} INFO - [2024-09-26T04:28:26.988+0000] {dag.py:3229} INFO - Sync 1 DAGs
[2024-09-26T04:28:27.025+0000] {logging_mixin.py:190} INFO - [2024-09-26T04:28:27.025+0000] {dag.py:4156} INFO - Setting next_dagrun for dag_with_taskflow_api_v02 to 2024-09-22 00:00:00+00:00, run_after=2024-09-23 00:00:00+00:00
[2024-09-26T04:28:27.052+0000] {processor.py:208} INFO - Processing /opt/airflow/dags/create_dag_with_taskflow.py took 0.214 seconds
[2024-09-26T04:28:57.662+0000] {processor.py:186} INFO - Started process (PID=152812) to work on /opt/airflow/dags/create_dag_with_taskflow.py
[2024-09-26T04:28:57.664+0000] {processor.py:914} INFO - Processing file /opt/airflow/dags/create_dag_with_taskflow.py for tasks to queue
[2024-09-26T04:28:57.667+0000] {logging_mixin.py:190} INFO - [2024-09-26T04:28:57.666+0000] {dagbag.py:587} INFO - Filling up the DagBag from /opt/airflow/dags/create_dag_with_taskflow.py
[2024-09-26T04:28:57.754+0000] {processor.py:925} INFO - DAG(s) 'dag_with_taskflow_api_v02' retrieved from /opt/airflow/dags/create_dag_with_taskflow.py
[2024-09-26T04:28:57.779+0000] {logging_mixin.py:190} INFO - [2024-09-26T04:28:57.779+0000] {dag.py:3229} INFO - Sync 1 DAGs
[2024-09-26T04:28:57.801+0000] {logging_mixin.py:190} INFO - [2024-09-26T04:28:57.801+0000] {dag.py:4156} INFO - Setting next_dagrun for dag_with_taskflow_api_v02 to 2024-09-22 00:00:00+00:00, run_after=2024-09-23 00:00:00+00:00
[2024-09-26T04:28:57.837+0000] {processor.py:208} INFO - Processing /opt/airflow/dags/create_dag_with_taskflow.py took 0.186 seconds
[2024-09-26T04:29:28.295+0000] {processor.py:186} INFO - Started process (PID=152855) to work on /opt/airflow/dags/create_dag_with_taskflow.py
[2024-09-26T04:29:28.297+0000] {processor.py:914} INFO - Processing file /opt/airflow/dags/create_dag_with_taskflow.py for tasks to queue
[2024-09-26T04:29:28.299+0000] {logging_mixin.py:190} INFO - [2024-09-26T04:29:28.298+0000] {dagbag.py:587} INFO - Filling up the DagBag from /opt/airflow/dags/create_dag_with_taskflow.py
[2024-09-26T04:29:28.373+0000] {processor.py:925} INFO - DAG(s) 'dag_with_taskflow_api_v02' retrieved from /opt/airflow/dags/create_dag_with_taskflow.py
[2024-09-26T04:29:28.399+0000] {logging_mixin.py:190} INFO - [2024-09-26T04:29:28.398+0000] {dag.py:3229} INFO - Sync 1 DAGs
[2024-09-26T04:29:28.420+0000] {logging_mixin.py:190} INFO - [2024-09-26T04:29:28.420+0000] {dag.py:4156} INFO - Setting next_dagrun for dag_with_taskflow_api_v02 to 2024-09-22 00:00:00+00:00, run_after=2024-09-23 00:00:00+00:00
[2024-09-26T04:29:28.446+0000] {processor.py:208} INFO - Processing /opt/airflow/dags/create_dag_with_taskflow.py took 0.159 seconds
[2024-09-26T04:29:58.965+0000] {processor.py:186} INFO - Started process (PID=152898) to work on /opt/airflow/dags/create_dag_with_taskflow.py
[2024-09-26T04:29:58.967+0000] {processor.py:914} INFO - Processing file /opt/airflow/dags/create_dag_with_taskflow.py for tasks to queue
[2024-09-26T04:29:58.970+0000] {logging_mixin.py:190} INFO - [2024-09-26T04:29:58.970+0000] {dagbag.py:587} INFO - Filling up the DagBag from /opt/airflow/dags/create_dag_with_taskflow.py
[2024-09-26T04:29:59.059+0000] {processor.py:925} INFO - DAG(s) 'dag_with_taskflow_api_v02' retrieved from /opt/airflow/dags/create_dag_with_taskflow.py
[2024-09-26T04:29:59.097+0000] {logging_mixin.py:190} INFO - [2024-09-26T04:29:59.096+0000] {dag.py:3229} INFO - Sync 1 DAGs
[2024-09-26T04:29:59.119+0000] {logging_mixin.py:190} INFO - [2024-09-26T04:29:59.119+0000] {dag.py:4156} INFO - Setting next_dagrun for dag_with_taskflow_api_v02 to 2024-09-22 00:00:00+00:00, run_after=2024-09-23 00:00:00+00:00
[2024-09-26T04:29:59.142+0000] {processor.py:208} INFO - Processing /opt/airflow/dags/create_dag_with_taskflow.py took 0.183 seconds
[2024-09-26T04:30:29.863+0000] {processor.py:186} INFO - Started process (PID=152941) to work on /opt/airflow/dags/create_dag_with_taskflow.py
[2024-09-26T04:30:29.866+0000] {processor.py:914} INFO - Processing file /opt/airflow/dags/create_dag_with_taskflow.py for tasks to queue
[2024-09-26T04:30:29.869+0000] {logging_mixin.py:190} INFO - [2024-09-26T04:30:29.869+0000] {dagbag.py:587} INFO - Filling up the DagBag from /opt/airflow/dags/create_dag_with_taskflow.py
[2024-09-26T04:30:29.989+0000] {processor.py:925} INFO - DAG(s) 'dag_with_taskflow_api_v02' retrieved from /opt/airflow/dags/create_dag_with_taskflow.py
[2024-09-26T04:30:30.013+0000] {logging_mixin.py:190} INFO - [2024-09-26T04:30:30.013+0000] {dag.py:3229} INFO - Sync 1 DAGs
[2024-09-26T04:30:30.036+0000] {logging_mixin.py:190} INFO - [2024-09-26T04:30:30.036+0000] {dag.py:4156} INFO - Setting next_dagrun for dag_with_taskflow_api_v02 to 2024-09-22 00:00:00+00:00, run_after=2024-09-23 00:00:00+00:00
[2024-09-26T04:30:30.062+0000] {processor.py:208} INFO - Processing /opt/airflow/dags/create_dag_with_taskflow.py took 0.209 seconds
[2024-09-26T04:31:00.484+0000] {processor.py:186} INFO - Started process (PID=152984) to work on /opt/airflow/dags/create_dag_with_taskflow.py
[2024-09-26T04:31:00.486+0000] {processor.py:914} INFO - Processing file /opt/airflow/dags/create_dag_with_taskflow.py for tasks to queue
[2024-09-26T04:31:00.489+0000] {logging_mixin.py:190} INFO - [2024-09-26T04:31:00.488+0000] {dagbag.py:587} INFO - Filling up the DagBag from /opt/airflow/dags/create_dag_with_taskflow.py
[2024-09-26T04:31:00.580+0000] {processor.py:925} INFO - DAG(s) 'dag_with_taskflow_api_v02' retrieved from /opt/airflow/dags/create_dag_with_taskflow.py
[2024-09-26T04:31:00.619+0000] {logging_mixin.py:190} INFO - [2024-09-26T04:31:00.619+0000] {dag.py:3229} INFO - Sync 1 DAGs
[2024-09-26T04:31:00.642+0000] {logging_mixin.py:190} INFO - [2024-09-26T04:31:00.642+0000] {dag.py:4156} INFO - Setting next_dagrun for dag_with_taskflow_api_v02 to 2024-09-22 00:00:00+00:00, run_after=2024-09-23 00:00:00+00:00
[2024-09-26T04:31:00.672+0000] {processor.py:208} INFO - Processing /opt/airflow/dags/create_dag_with_taskflow.py took 0.195 seconds
[2024-09-26T04:31:31.156+0000] {processor.py:186} INFO - Started process (PID=153027) to work on /opt/airflow/dags/create_dag_with_taskflow.py
[2024-09-26T04:31:31.157+0000] {processor.py:914} INFO - Processing file /opt/airflow/dags/create_dag_with_taskflow.py for tasks to queue
[2024-09-26T04:31:31.160+0000] {logging_mixin.py:190} INFO - [2024-09-26T04:31:31.159+0000] {dagbag.py:587} INFO - Filling up the DagBag from /opt/airflow/dags/create_dag_with_taskflow.py
[2024-09-26T04:31:31.239+0000] {processor.py:925} INFO - DAG(s) 'dag_with_taskflow_api_v02' retrieved from /opt/airflow/dags/create_dag_with_taskflow.py
[2024-09-26T04:31:31.271+0000] {logging_mixin.py:190} INFO - [2024-09-26T04:31:31.271+0000] {dag.py:3229} INFO - Sync 1 DAGs
[2024-09-26T04:31:31.301+0000] {logging_mixin.py:190} INFO - [2024-09-26T04:31:31.300+0000] {dag.py:4156} INFO - Setting next_dagrun for dag_with_taskflow_api_v02 to 2024-09-22 00:00:00+00:00, run_after=2024-09-23 00:00:00+00:00
[2024-09-26T04:31:31.332+0000] {processor.py:208} INFO - Processing /opt/airflow/dags/create_dag_with_taskflow.py took 0.184 seconds
[2024-09-26T04:32:01.754+0000] {processor.py:186} INFO - Started process (PID=153070) to work on /opt/airflow/dags/create_dag_with_taskflow.py
[2024-09-26T04:32:01.756+0000] {processor.py:914} INFO - Processing file /opt/airflow/dags/create_dag_with_taskflow.py for tasks to queue
[2024-09-26T04:32:01.758+0000] {logging_mixin.py:190} INFO - [2024-09-26T04:32:01.758+0000] {dagbag.py:587} INFO - Filling up the DagBag from /opt/airflow/dags/create_dag_with_taskflow.py
[2024-09-26T04:32:01.876+0000] {processor.py:925} INFO - DAG(s) 'dag_with_taskflow_api_v02' retrieved from /opt/airflow/dags/create_dag_with_taskflow.py
[2024-09-26T04:32:01.905+0000] {logging_mixin.py:190} INFO - [2024-09-26T04:32:01.905+0000] {dag.py:3229} INFO - Sync 1 DAGs
[2024-09-26T04:32:01.926+0000] {logging_mixin.py:190} INFO - [2024-09-26T04:32:01.926+0000] {dag.py:4156} INFO - Setting next_dagrun for dag_with_taskflow_api_v02 to 2024-09-22 00:00:00+00:00, run_after=2024-09-23 00:00:00+00:00
[2024-09-26T04:32:01.964+0000] {processor.py:208} INFO - Processing /opt/airflow/dags/create_dag_with_taskflow.py took 0.215 seconds
[2024-09-26T04:32:32.713+0000] {processor.py:186} INFO - Started process (PID=153113) to work on /opt/airflow/dags/create_dag_with_taskflow.py
[2024-09-26T04:32:32.716+0000] {processor.py:914} INFO - Processing file /opt/airflow/dags/create_dag_with_taskflow.py for tasks to queue
[2024-09-26T04:32:32.718+0000] {logging_mixin.py:190} INFO - [2024-09-26T04:32:32.717+0000] {dagbag.py:587} INFO - Filling up the DagBag from /opt/airflow/dags/create_dag_with_taskflow.py
[2024-09-26T04:32:32.834+0000] {processor.py:925} INFO - DAG(s) 'dag_with_taskflow_api_v02' retrieved from /opt/airflow/dags/create_dag_with_taskflow.py
[2024-09-26T04:32:32.862+0000] {logging_mixin.py:190} INFO - [2024-09-26T04:32:32.862+0000] {dag.py:3229} INFO - Sync 1 DAGs
[2024-09-26T04:32:32.883+0000] {logging_mixin.py:190} INFO - [2024-09-26T04:32:32.883+0000] {dag.py:4156} INFO - Setting next_dagrun for dag_with_taskflow_api_v02 to 2024-09-22 00:00:00+00:00, run_after=2024-09-23 00:00:00+00:00
[2024-09-26T04:32:32.912+0000] {processor.py:208} INFO - Processing /opt/airflow/dags/create_dag_with_taskflow.py took 0.205 seconds
[2024-09-26T04:33:03.497+0000] {processor.py:186} INFO - Started process (PID=153156) to work on /opt/airflow/dags/create_dag_with_taskflow.py
[2024-09-26T04:33:03.500+0000] {processor.py:914} INFO - Processing file /opt/airflow/dags/create_dag_with_taskflow.py for tasks to queue
[2024-09-26T04:33:03.503+0000] {logging_mixin.py:190} INFO - [2024-09-26T04:33:03.502+0000] {dagbag.py:587} INFO - Filling up the DagBag from /opt/airflow/dags/create_dag_with_taskflow.py
[2024-09-26T04:33:03.584+0000] {processor.py:925} INFO - DAG(s) 'dag_with_taskflow_api_v02' retrieved from /opt/airflow/dags/create_dag_with_taskflow.py
[2024-09-26T04:33:03.609+0000] {logging_mixin.py:190} INFO - [2024-09-26T04:33:03.609+0000] {dag.py:3229} INFO - Sync 1 DAGs
[2024-09-26T04:33:03.631+0000] {logging_mixin.py:190} INFO - [2024-09-26T04:33:03.630+0000] {dag.py:4156} INFO - Setting next_dagrun for dag_with_taskflow_api_v02 to 2024-09-22 00:00:00+00:00, run_after=2024-09-23 00:00:00+00:00
[2024-09-26T04:33:03.667+0000] {processor.py:208} INFO - Processing /opt/airflow/dags/create_dag_with_taskflow.py took 0.183 seconds
[2024-09-26T04:33:34.248+0000] {processor.py:186} INFO - Started process (PID=153199) to work on /opt/airflow/dags/create_dag_with_taskflow.py
[2024-09-26T04:33:34.250+0000] {processor.py:914} INFO - Processing file /opt/airflow/dags/create_dag_with_taskflow.py for tasks to queue
[2024-09-26T04:33:34.251+0000] {logging_mixin.py:190} INFO - [2024-09-26T04:33:34.251+0000] {dagbag.py:587} INFO - Filling up the DagBag from /opt/airflow/dags/create_dag_with_taskflow.py
[2024-09-26T04:33:34.337+0000] {processor.py:925} INFO - DAG(s) 'dag_with_taskflow_api_v02' retrieved from /opt/airflow/dags/create_dag_with_taskflow.py
[2024-09-26T04:33:34.364+0000] {logging_mixin.py:190} INFO - [2024-09-26T04:33:34.364+0000] {dag.py:3229} INFO - Sync 1 DAGs
[2024-09-26T04:33:34.385+0000] {logging_mixin.py:190} INFO - [2024-09-26T04:33:34.385+0000] {dag.py:4156} INFO - Setting next_dagrun for dag_with_taskflow_api_v02 to 2024-09-22 00:00:00+00:00, run_after=2024-09-23 00:00:00+00:00
[2024-09-26T04:33:34.412+0000] {processor.py:208} INFO - Processing /opt/airflow/dags/create_dag_with_taskflow.py took 0.171 seconds
[2024-09-26T04:34:04.882+0000] {processor.py:186} INFO - Started process (PID=153240) to work on /opt/airflow/dags/create_dag_with_taskflow.py
[2024-09-26T04:34:04.884+0000] {processor.py:914} INFO - Processing file /opt/airflow/dags/create_dag_with_taskflow.py for tasks to queue
[2024-09-26T04:34:04.887+0000] {logging_mixin.py:190} INFO - [2024-09-26T04:34:04.886+0000] {dagbag.py:587} INFO - Filling up the DagBag from /opt/airflow/dags/create_dag_with_taskflow.py
[2024-09-26T04:34:04.968+0000] {processor.py:925} INFO - DAG(s) 'dag_with_taskflow_api_v02' retrieved from /opt/airflow/dags/create_dag_with_taskflow.py
[2024-09-26T04:34:04.998+0000] {logging_mixin.py:190} INFO - [2024-09-26T04:34:04.998+0000] {dag.py:3229} INFO - Sync 1 DAGs
[2024-09-26T04:34:05.019+0000] {logging_mixin.py:190} INFO - [2024-09-26T04:34:05.019+0000] {dag.py:4156} INFO - Setting next_dagrun for dag_with_taskflow_api_v02 to 2024-09-22 00:00:00+00:00, run_after=2024-09-23 00:00:00+00:00
[2024-09-26T04:34:05.043+0000] {processor.py:208} INFO - Processing /opt/airflow/dags/create_dag_with_taskflow.py took 0.170 seconds
[2024-09-26T04:34:35.815+0000] {processor.py:186} INFO - Started process (PID=153283) to work on /opt/airflow/dags/create_dag_with_taskflow.py
[2024-09-26T04:34:35.817+0000] {processor.py:914} INFO - Processing file /opt/airflow/dags/create_dag_with_taskflow.py for tasks to queue
[2024-09-26T04:34:35.820+0000] {logging_mixin.py:190} INFO - [2024-09-26T04:34:35.819+0000] {dagbag.py:587} INFO - Filling up the DagBag from /opt/airflow/dags/create_dag_with_taskflow.py
[2024-09-26T04:34:35.938+0000] {processor.py:925} INFO - DAG(s) 'dag_with_taskflow_api_v02' retrieved from /opt/airflow/dags/create_dag_with_taskflow.py
[2024-09-26T04:34:35.965+0000] {logging_mixin.py:190} INFO - [2024-09-26T04:34:35.965+0000] {dag.py:3229} INFO - Sync 1 DAGs
[2024-09-26T04:34:35.989+0000] {logging_mixin.py:190} INFO - [2024-09-26T04:34:35.989+0000] {dag.py:4156} INFO - Setting next_dagrun for dag_with_taskflow_api_v02 to 2024-09-22 00:00:00+00:00, run_after=2024-09-23 00:00:00+00:00
[2024-09-26T04:34:36.015+0000] {processor.py:208} INFO - Processing /opt/airflow/dags/create_dag_with_taskflow.py took 0.213 seconds
[2024-09-26T04:35:07.124+0000] {processor.py:186} INFO - Started process (PID=153326) to work on /opt/airflow/dags/create_dag_with_taskflow.py
[2024-09-26T04:35:07.127+0000] {processor.py:914} INFO - Processing file /opt/airflow/dags/create_dag_with_taskflow.py for tasks to queue
[2024-09-26T04:35:07.132+0000] {logging_mixin.py:190} INFO - [2024-09-26T04:35:07.131+0000] {dagbag.py:587} INFO - Filling up the DagBag from /opt/airflow/dags/create_dag_with_taskflow.py
[2024-09-26T04:35:07.238+0000] {processor.py:925} INFO - DAG(s) 'dag_with_taskflow_api_v02' retrieved from /opt/airflow/dags/create_dag_with_taskflow.py
[2024-09-26T04:35:07.265+0000] {logging_mixin.py:190} INFO - [2024-09-26T04:35:07.265+0000] {dag.py:3229} INFO - Sync 1 DAGs
[2024-09-26T04:35:07.286+0000] {logging_mixin.py:190} INFO - [2024-09-26T04:35:07.286+0000] {dag.py:4156} INFO - Setting next_dagrun for dag_with_taskflow_api_v02 to 2024-09-22 00:00:00+00:00, run_after=2024-09-23 00:00:00+00:00
[2024-09-26T04:35:07.307+0000] {processor.py:208} INFO - Processing /opt/airflow/dags/create_dag_with_taskflow.py took 0.191 seconds
[2024-09-26T04:35:37.961+0000] {processor.py:186} INFO - Started process (PID=153371) to work on /opt/airflow/dags/create_dag_with_taskflow.py
[2024-09-26T04:35:37.963+0000] {processor.py:914} INFO - Processing file /opt/airflow/dags/create_dag_with_taskflow.py for tasks to queue
[2024-09-26T04:35:37.966+0000] {logging_mixin.py:190} INFO - [2024-09-26T04:35:37.965+0000] {dagbag.py:587} INFO - Filling up the DagBag from /opt/airflow/dags/create_dag_with_taskflow.py
[2024-09-26T04:35:38.033+0000] {processor.py:925} INFO - DAG(s) 'dag_with_taskflow_api_v02' retrieved from /opt/airflow/dags/create_dag_with_taskflow.py
[2024-09-26T04:35:38.065+0000] {logging_mixin.py:190} INFO - [2024-09-26T04:35:38.065+0000] {dag.py:3229} INFO - Sync 1 DAGs
[2024-09-26T04:35:38.092+0000] {logging_mixin.py:190} INFO - [2024-09-26T04:35:38.092+0000] {dag.py:4156} INFO - Setting next_dagrun for dag_with_taskflow_api_v02 to 2024-09-22 00:00:00+00:00, run_after=2024-09-23 00:00:00+00:00
[2024-09-26T04:35:38.116+0000] {processor.py:208} INFO - Processing /opt/airflow/dags/create_dag_with_taskflow.py took 0.160 seconds
[2024-09-26T04:36:08.485+0000] {processor.py:186} INFO - Started process (PID=153414) to work on /opt/airflow/dags/create_dag_with_taskflow.py
[2024-09-26T04:36:08.488+0000] {processor.py:914} INFO - Processing file /opt/airflow/dags/create_dag_with_taskflow.py for tasks to queue
[2024-09-26T04:36:08.491+0000] {logging_mixin.py:190} INFO - [2024-09-26T04:36:08.491+0000] {dagbag.py:587} INFO - Filling up the DagBag from /opt/airflow/dags/create_dag_with_taskflow.py
[2024-09-26T04:36:08.605+0000] {processor.py:925} INFO - DAG(s) 'dag_with_taskflow_api_v02' retrieved from /opt/airflow/dags/create_dag_with_taskflow.py
[2024-09-26T04:36:08.630+0000] {logging_mixin.py:190} INFO - [2024-09-26T04:36:08.630+0000] {dag.py:3229} INFO - Sync 1 DAGs
[2024-09-26T04:36:08.650+0000] {logging_mixin.py:190} INFO - [2024-09-26T04:36:08.649+0000] {dag.py:4156} INFO - Setting next_dagrun for dag_with_taskflow_api_v02 to 2024-09-22 00:00:00+00:00, run_after=2024-09-23 00:00:00+00:00
[2024-09-26T04:36:08.684+0000] {processor.py:208} INFO - Processing /opt/airflow/dags/create_dag_with_taskflow.py took 0.208 seconds
[2024-09-26T04:36:39.641+0000] {processor.py:186} INFO - Started process (PID=153455) to work on /opt/airflow/dags/create_dag_with_taskflow.py
[2024-09-26T04:36:39.643+0000] {processor.py:914} INFO - Processing file /opt/airflow/dags/create_dag_with_taskflow.py for tasks to queue
[2024-09-26T04:36:39.646+0000] {logging_mixin.py:190} INFO - [2024-09-26T04:36:39.646+0000] {dagbag.py:587} INFO - Filling up the DagBag from /opt/airflow/dags/create_dag_with_taskflow.py
[2024-09-26T04:36:39.755+0000] {processor.py:925} INFO - DAG(s) 'dag_with_taskflow_api_v02' retrieved from /opt/airflow/dags/create_dag_with_taskflow.py
[2024-09-26T04:36:39.782+0000] {logging_mixin.py:190} INFO - [2024-09-26T04:36:39.781+0000] {dag.py:3229} INFO - Sync 1 DAGs
[2024-09-26T04:36:39.809+0000] {logging_mixin.py:190} INFO - [2024-09-26T04:36:39.809+0000] {dag.py:4156} INFO - Setting next_dagrun for dag_with_taskflow_api_v02 to 2024-09-22 00:00:00+00:00, run_after=2024-09-23 00:00:00+00:00
[2024-09-26T04:36:39.837+0000] {processor.py:208} INFO - Processing /opt/airflow/dags/create_dag_with_taskflow.py took 0.207 seconds
[2024-09-26T04:37:10.623+0000] {processor.py:186} INFO - Started process (PID=153500) to work on /opt/airflow/dags/create_dag_with_taskflow.py
[2024-09-26T04:37:10.625+0000] {processor.py:914} INFO - Processing file /opt/airflow/dags/create_dag_with_taskflow.py for tasks to queue
[2024-09-26T04:37:10.627+0000] {logging_mixin.py:190} INFO - [2024-09-26T04:37:10.627+0000] {dagbag.py:587} INFO - Filling up the DagBag from /opt/airflow/dags/create_dag_with_taskflow.py
[2024-09-26T04:37:10.751+0000] {processor.py:925} INFO - DAG(s) 'dag_with_taskflow_api_v02' retrieved from /opt/airflow/dags/create_dag_with_taskflow.py
[2024-09-26T04:37:10.778+0000] {logging_mixin.py:190} INFO - [2024-09-26T04:37:10.778+0000] {dag.py:3229} INFO - Sync 1 DAGs
[2024-09-26T04:37:10.806+0000] {logging_mixin.py:190} INFO - [2024-09-26T04:37:10.806+0000] {dag.py:4156} INFO - Setting next_dagrun for dag_with_taskflow_api_v02 to 2024-09-22 00:00:00+00:00, run_after=2024-09-23 00:00:00+00:00
[2024-09-26T04:37:10.835+0000] {processor.py:208} INFO - Processing /opt/airflow/dags/create_dag_with_taskflow.py took 0.224 seconds
[2024-09-26T04:37:41.036+0000] {processor.py:186} INFO - Started process (PID=153541) to work on /opt/airflow/dags/create_dag_with_taskflow.py
[2024-09-26T04:37:41.038+0000] {processor.py:914} INFO - Processing file /opt/airflow/dags/create_dag_with_taskflow.py for tasks to queue
[2024-09-26T04:37:41.040+0000] {logging_mixin.py:190} INFO - [2024-09-26T04:37:41.039+0000] {dagbag.py:587} INFO - Filling up the DagBag from /opt/airflow/dags/create_dag_with_taskflow.py
[2024-09-26T04:37:41.116+0000] {processor.py:925} INFO - DAG(s) 'dag_with_taskflow_api_v02' retrieved from /opt/airflow/dags/create_dag_with_taskflow.py
[2024-09-26T04:37:41.145+0000] {logging_mixin.py:190} INFO - [2024-09-26T04:37:41.145+0000] {dag.py:3229} INFO - Sync 1 DAGs
[2024-09-26T04:37:41.168+0000] {logging_mixin.py:190} INFO - [2024-09-26T04:37:41.168+0000] {dag.py:4156} INFO - Setting next_dagrun for dag_with_taskflow_api_v02 to 2024-09-22 00:00:00+00:00, run_after=2024-09-23 00:00:00+00:00
[2024-09-26T04:37:41.193+0000] {processor.py:208} INFO - Processing /opt/airflow/dags/create_dag_with_taskflow.py took 0.163 seconds
[2024-09-26T04:38:11.998+0000] {processor.py:186} INFO - Started process (PID=153584) to work on /opt/airflow/dags/create_dag_with_taskflow.py
[2024-09-26T04:38:12.000+0000] {processor.py:914} INFO - Processing file /opt/airflow/dags/create_dag_with_taskflow.py for tasks to queue
[2024-09-26T04:38:12.003+0000] {logging_mixin.py:190} INFO - [2024-09-26T04:38:12.002+0000] {dagbag.py:587} INFO - Filling up the DagBag from /opt/airflow/dags/create_dag_with_taskflow.py
[2024-09-26T04:38:12.098+0000] {processor.py:925} INFO - DAG(s) 'dag_with_taskflow_api_v02' retrieved from /opt/airflow/dags/create_dag_with_taskflow.py
[2024-09-26T04:38:12.125+0000] {logging_mixin.py:190} INFO - [2024-09-26T04:38:12.125+0000] {dag.py:3229} INFO - Sync 1 DAGs
[2024-09-26T04:38:12.149+0000] {logging_mixin.py:190} INFO - [2024-09-26T04:38:12.148+0000] {dag.py:4156} INFO - Setting next_dagrun for dag_with_taskflow_api_v02 to 2024-09-22 00:00:00+00:00, run_after=2024-09-23 00:00:00+00:00
[2024-09-26T04:38:12.170+0000] {processor.py:208} INFO - Processing /opt/airflow/dags/create_dag_with_taskflow.py took 0.178 seconds
[2024-09-26T04:38:42.939+0000] {processor.py:186} INFO - Started process (PID=153629) to work on /opt/airflow/dags/create_dag_with_taskflow.py
[2024-09-26T04:38:42.941+0000] {processor.py:914} INFO - Processing file /opt/airflow/dags/create_dag_with_taskflow.py for tasks to queue
[2024-09-26T04:38:42.944+0000] {logging_mixin.py:190} INFO - [2024-09-26T04:38:42.943+0000] {dagbag.py:587} INFO - Filling up the DagBag from /opt/airflow/dags/create_dag_with_taskflow.py
[2024-09-26T04:38:43.054+0000] {processor.py:925} INFO - DAG(s) 'dag_with_taskflow_api_v02' retrieved from /opt/airflow/dags/create_dag_with_taskflow.py
[2024-09-26T04:38:43.081+0000] {logging_mixin.py:190} INFO - [2024-09-26T04:38:43.080+0000] {dag.py:3229} INFO - Sync 1 DAGs
[2024-09-26T04:38:43.102+0000] {logging_mixin.py:190} INFO - [2024-09-26T04:38:43.101+0000] {dag.py:4156} INFO - Setting next_dagrun for dag_with_taskflow_api_v02 to 2024-09-22 00:00:00+00:00, run_after=2024-09-23 00:00:00+00:00
[2024-09-26T04:38:43.142+0000] {processor.py:208} INFO - Processing /opt/airflow/dags/create_dag_with_taskflow.py took 0.216 seconds
[2024-09-26T04:39:13.485+0000] {processor.py:186} INFO - Started process (PID=153672) to work on /opt/airflow/dags/create_dag_with_taskflow.py
[2024-09-26T04:39:13.487+0000] {processor.py:914} INFO - Processing file /opt/airflow/dags/create_dag_with_taskflow.py for tasks to queue
[2024-09-26T04:39:13.490+0000] {logging_mixin.py:190} INFO - [2024-09-26T04:39:13.489+0000] {dagbag.py:587} INFO - Filling up the DagBag from /opt/airflow/dags/create_dag_with_taskflow.py
[2024-09-26T04:39:13.602+0000] {processor.py:925} INFO - DAG(s) 'dag_with_taskflow_api_v02' retrieved from /opt/airflow/dags/create_dag_with_taskflow.py
[2024-09-26T04:39:13.628+0000] {logging_mixin.py:190} INFO - [2024-09-26T04:39:13.628+0000] {dag.py:3229} INFO - Sync 1 DAGs
[2024-09-26T04:39:13.653+0000] {logging_mixin.py:190} INFO - [2024-09-26T04:39:13.652+0000] {dag.py:4156} INFO - Setting next_dagrun for dag_with_taskflow_api_v02 to 2024-09-22 00:00:00+00:00, run_after=2024-09-23 00:00:00+00:00
[2024-09-26T04:39:13.689+0000] {processor.py:208} INFO - Processing /opt/airflow/dags/create_dag_with_taskflow.py took 0.215 seconds
[2024-09-26T04:39:44.105+0000] {processor.py:186} INFO - Started process (PID=153715) to work on /opt/airflow/dags/create_dag_with_taskflow.py
[2024-09-26T04:39:44.108+0000] {processor.py:914} INFO - Processing file /opt/airflow/dags/create_dag_with_taskflow.py for tasks to queue
[2024-09-26T04:39:44.111+0000] {logging_mixin.py:190} INFO - [2024-09-26T04:39:44.111+0000] {dagbag.py:587} INFO - Filling up the DagBag from /opt/airflow/dags/create_dag_with_taskflow.py
[2024-09-26T04:39:44.229+0000] {processor.py:925} INFO - DAG(s) 'dag_with_taskflow_api_v02' retrieved from /opt/airflow/dags/create_dag_with_taskflow.py
[2024-09-26T04:39:44.256+0000] {logging_mixin.py:190} INFO - [2024-09-26T04:39:44.255+0000] {dag.py:3229} INFO - Sync 1 DAGs
[2024-09-26T04:39:44.283+0000] {logging_mixin.py:190} INFO - [2024-09-26T04:39:44.283+0000] {dag.py:4156} INFO - Setting next_dagrun for dag_with_taskflow_api_v02 to 2024-09-22 00:00:00+00:00, run_after=2024-09-23 00:00:00+00:00
[2024-09-26T04:39:44.318+0000] {processor.py:208} INFO - Processing /opt/airflow/dags/create_dag_with_taskflow.py took 0.224 seconds
[2024-09-26T04:40:14.914+0000] {processor.py:186} INFO - Started process (PID=153758) to work on /opt/airflow/dags/create_dag_with_taskflow.py
[2024-09-26T04:40:14.917+0000] {processor.py:914} INFO - Processing file /opt/airflow/dags/create_dag_with_taskflow.py for tasks to queue
[2024-09-26T04:40:14.920+0000] {logging_mixin.py:190} INFO - [2024-09-26T04:40:14.919+0000] {dagbag.py:587} INFO - Filling up the DagBag from /opt/airflow/dags/create_dag_with_taskflow.py
[2024-09-26T04:40:15.027+0000] {processor.py:925} INFO - DAG(s) 'dag_with_taskflow_api_v02' retrieved from /opt/airflow/dags/create_dag_with_taskflow.py
[2024-09-26T04:40:15.049+0000] {logging_mixin.py:190} INFO - [2024-09-26T04:40:15.049+0000] {dag.py:3229} INFO - Sync 1 DAGs
[2024-09-26T04:40:15.074+0000] {logging_mixin.py:190} INFO - [2024-09-26T04:40:15.074+0000] {dag.py:4156} INFO - Setting next_dagrun for dag_with_taskflow_api_v02 to 2024-09-22 00:00:00+00:00, run_after=2024-09-23 00:00:00+00:00
[2024-09-26T04:40:15.112+0000] {processor.py:208} INFO - Processing /opt/airflow/dags/create_dag_with_taskflow.py took 0.206 seconds
[2024-09-26T04:40:45.422+0000] {processor.py:186} INFO - Started process (PID=153801) to work on /opt/airflow/dags/create_dag_with_taskflow.py
[2024-09-26T04:40:45.426+0000] {processor.py:914} INFO - Processing file /opt/airflow/dags/create_dag_with_taskflow.py for tasks to queue
[2024-09-26T04:40:45.430+0000] {logging_mixin.py:190} INFO - [2024-09-26T04:40:45.429+0000] {dagbag.py:587} INFO - Filling up the DagBag from /opt/airflow/dags/create_dag_with_taskflow.py
[2024-09-26T04:40:45.551+0000] {processor.py:925} INFO - DAG(s) 'dag_with_taskflow_api_v02' retrieved from /opt/airflow/dags/create_dag_with_taskflow.py
[2024-09-26T04:40:45.600+0000] {logging_mixin.py:190} INFO - [2024-09-26T04:40:45.600+0000] {dag.py:3229} INFO - Sync 1 DAGs
[2024-09-26T04:40:45.622+0000] {logging_mixin.py:190} INFO - [2024-09-26T04:40:45.622+0000] {dag.py:4156} INFO - Setting next_dagrun for dag_with_taskflow_api_v02 to 2024-09-22 00:00:00+00:00, run_after=2024-09-23 00:00:00+00:00
[2024-09-26T04:40:45.651+0000] {processor.py:208} INFO - Processing /opt/airflow/dags/create_dag_with_taskflow.py took 0.238 seconds
[2024-09-26T04:41:16.116+0000] {processor.py:186} INFO - Started process (PID=153844) to work on /opt/airflow/dags/create_dag_with_taskflow.py
[2024-09-26T04:41:16.118+0000] {processor.py:914} INFO - Processing file /opt/airflow/dags/create_dag_with_taskflow.py for tasks to queue
[2024-09-26T04:41:16.120+0000] {logging_mixin.py:190} INFO - [2024-09-26T04:41:16.120+0000] {dagbag.py:587} INFO - Filling up the DagBag from /opt/airflow/dags/create_dag_with_taskflow.py
[2024-09-26T04:41:16.199+0000] {processor.py:925} INFO - DAG(s) 'dag_with_taskflow_api_v02' retrieved from /opt/airflow/dags/create_dag_with_taskflow.py
[2024-09-26T04:41:16.228+0000] {logging_mixin.py:190} INFO - [2024-09-26T04:41:16.228+0000] {dag.py:3229} INFO - Sync 1 DAGs
[2024-09-26T04:41:16.251+0000] {logging_mixin.py:190} INFO - [2024-09-26T04:41:16.251+0000] {dag.py:4156} INFO - Setting next_dagrun for dag_with_taskflow_api_v02 to 2024-09-22 00:00:00+00:00, run_after=2024-09-23 00:00:00+00:00
[2024-09-26T04:41:16.279+0000] {processor.py:208} INFO - Processing /opt/airflow/dags/create_dag_with_taskflow.py took 0.169 seconds
[2024-09-26T04:41:46.680+0000] {processor.py:186} INFO - Started process (PID=153887) to work on /opt/airflow/dags/create_dag_with_taskflow.py
[2024-09-26T04:41:46.683+0000] {processor.py:914} INFO - Processing file /opt/airflow/dags/create_dag_with_taskflow.py for tasks to queue
[2024-09-26T04:41:46.686+0000] {logging_mixin.py:190} INFO - [2024-09-26T04:41:46.685+0000] {dagbag.py:587} INFO - Filling up the DagBag from /opt/airflow/dags/create_dag_with_taskflow.py
[2024-09-26T04:41:46.789+0000] {processor.py:925} INFO - DAG(s) 'dag_with_taskflow_api_v02' retrieved from /opt/airflow/dags/create_dag_with_taskflow.py
[2024-09-26T04:41:46.815+0000] {logging_mixin.py:190} INFO - [2024-09-26T04:41:46.815+0000] {dag.py:3229} INFO - Sync 1 DAGs
[2024-09-26T04:41:46.836+0000] {logging_mixin.py:190} INFO - [2024-09-26T04:41:46.836+0000] {dag.py:4156} INFO - Setting next_dagrun for dag_with_taskflow_api_v02 to 2024-09-22 00:00:00+00:00, run_after=2024-09-23 00:00:00+00:00
[2024-09-26T04:41:46.865+0000] {processor.py:208} INFO - Processing /opt/airflow/dags/create_dag_with_taskflow.py took 0.192 seconds
[2024-09-26T04:42:17.718+0000] {processor.py:186} INFO - Started process (PID=153930) to work on /opt/airflow/dags/create_dag_with_taskflow.py
[2024-09-26T04:42:17.720+0000] {processor.py:914} INFO - Processing file /opt/airflow/dags/create_dag_with_taskflow.py for tasks to queue
[2024-09-26T04:42:17.722+0000] {logging_mixin.py:190} INFO - [2024-09-26T04:42:17.722+0000] {dagbag.py:587} INFO - Filling up the DagBag from /opt/airflow/dags/create_dag_with_taskflow.py
[2024-09-26T04:42:17.806+0000] {processor.py:925} INFO - DAG(s) 'dag_with_taskflow_api_v02' retrieved from /opt/airflow/dags/create_dag_with_taskflow.py
[2024-09-26T04:42:17.840+0000] {logging_mixin.py:190} INFO - [2024-09-26T04:42:17.839+0000] {dag.py:3229} INFO - Sync 1 DAGs
[2024-09-26T04:42:17.870+0000] {logging_mixin.py:190} INFO - [2024-09-26T04:42:17.870+0000] {dag.py:4156} INFO - Setting next_dagrun for dag_with_taskflow_api_v02 to 2024-09-22 00:00:00+00:00, run_after=2024-09-23 00:00:00+00:00
[2024-09-26T04:42:17.896+0000] {processor.py:208} INFO - Processing /opt/airflow/dags/create_dag_with_taskflow.py took 0.183 seconds
[2024-09-26T04:42:48.394+0000] {processor.py:186} INFO - Started process (PID=153973) to work on /opt/airflow/dags/create_dag_with_taskflow.py
[2024-09-26T04:42:48.396+0000] {processor.py:914} INFO - Processing file /opt/airflow/dags/create_dag_with_taskflow.py for tasks to queue
[2024-09-26T04:42:48.399+0000] {logging_mixin.py:190} INFO - [2024-09-26T04:42:48.398+0000] {dagbag.py:587} INFO - Filling up the DagBag from /opt/airflow/dags/create_dag_with_taskflow.py
[2024-09-26T04:42:48.511+0000] {processor.py:925} INFO - DAG(s) 'dag_with_taskflow_api_v02' retrieved from /opt/airflow/dags/create_dag_with_taskflow.py
[2024-09-26T04:42:48.539+0000] {logging_mixin.py:190} INFO - [2024-09-26T04:42:48.539+0000] {dag.py:3229} INFO - Sync 1 DAGs
[2024-09-26T04:42:48.559+0000] {logging_mixin.py:190} INFO - [2024-09-26T04:42:48.559+0000] {dag.py:4156} INFO - Setting next_dagrun for dag_with_taskflow_api_v02 to 2024-09-22 00:00:00+00:00, run_after=2024-09-23 00:00:00+00:00
[2024-09-26T04:42:48.597+0000] {processor.py:208} INFO - Processing /opt/airflow/dags/create_dag_with_taskflow.py took 0.208 seconds
[2024-09-26T04:43:19.070+0000] {processor.py:186} INFO - Started process (PID=154016) to work on /opt/airflow/dags/create_dag_with_taskflow.py
[2024-09-26T04:43:19.074+0000] {processor.py:914} INFO - Processing file /opt/airflow/dags/create_dag_with_taskflow.py for tasks to queue
[2024-09-26T04:43:19.078+0000] {logging_mixin.py:190} INFO - [2024-09-26T04:43:19.077+0000] {dagbag.py:587} INFO - Filling up the DagBag from /opt/airflow/dags/create_dag_with_taskflow.py
[2024-09-26T04:43:19.199+0000] {processor.py:925} INFO - DAG(s) 'dag_with_taskflow_api_v02' retrieved from /opt/airflow/dags/create_dag_with_taskflow.py
[2024-09-26T04:43:19.243+0000] {logging_mixin.py:190} INFO - [2024-09-26T04:43:19.242+0000] {dag.py:3229} INFO - Sync 1 DAGs
[2024-09-26T04:43:19.267+0000] {logging_mixin.py:190} INFO - [2024-09-26T04:43:19.267+0000] {dag.py:4156} INFO - Setting next_dagrun for dag_with_taskflow_api_v02 to 2024-09-22 00:00:00+00:00, run_after=2024-09-23 00:00:00+00:00
[2024-09-26T04:43:19.298+0000] {processor.py:208} INFO - Processing /opt/airflow/dags/create_dag_with_taskflow.py took 0.243 seconds
[2024-09-26T04:43:49.888+0000] {processor.py:186} INFO - Started process (PID=154059) to work on /opt/airflow/dags/create_dag_with_taskflow.py
[2024-09-26T04:43:49.890+0000] {processor.py:914} INFO - Processing file /opt/airflow/dags/create_dag_with_taskflow.py for tasks to queue
[2024-09-26T04:43:49.895+0000] {logging_mixin.py:190} INFO - [2024-09-26T04:43:49.894+0000] {dagbag.py:587} INFO - Filling up the DagBag from /opt/airflow/dags/create_dag_with_taskflow.py
[2024-09-26T04:43:50.019+0000] {processor.py:925} INFO - DAG(s) 'dag_with_taskflow_api_v02' retrieved from /opt/airflow/dags/create_dag_with_taskflow.py
[2024-09-26T04:43:50.051+0000] {logging_mixin.py:190} INFO - [2024-09-26T04:43:50.050+0000] {dag.py:3229} INFO - Sync 1 DAGs
[2024-09-26T04:43:50.073+0000] {logging_mixin.py:190} INFO - [2024-09-26T04:43:50.073+0000] {dag.py:4156} INFO - Setting next_dagrun for dag_with_taskflow_api_v02 to 2024-09-22 00:00:00+00:00, run_after=2024-09-23 00:00:00+00:00
[2024-09-26T04:43:50.095+0000] {processor.py:208} INFO - Processing /opt/airflow/dags/create_dag_with_taskflow.py took 0.219 seconds
[2024-09-26T04:44:20.430+0000] {processor.py:186} INFO - Started process (PID=154102) to work on /opt/airflow/dags/create_dag_with_taskflow.py
[2024-09-26T04:44:20.432+0000] {processor.py:914} INFO - Processing file /opt/airflow/dags/create_dag_with_taskflow.py for tasks to queue
[2024-09-26T04:44:20.435+0000] {logging_mixin.py:190} INFO - [2024-09-26T04:44:20.435+0000] {dagbag.py:587} INFO - Filling up the DagBag from /opt/airflow/dags/create_dag_with_taskflow.py
[2024-09-26T04:44:20.551+0000] {processor.py:925} INFO - DAG(s) 'dag_with_taskflow_api_v02' retrieved from /opt/airflow/dags/create_dag_with_taskflow.py
[2024-09-26T04:44:20.576+0000] {logging_mixin.py:190} INFO - [2024-09-26T04:44:20.575+0000] {dag.py:3229} INFO - Sync 1 DAGs
[2024-09-26T04:44:20.596+0000] {logging_mixin.py:190} INFO - [2024-09-26T04:44:20.596+0000] {dag.py:4156} INFO - Setting next_dagrun for dag_with_taskflow_api_v02 to 2024-09-22 00:00:00+00:00, run_after=2024-09-23 00:00:00+00:00
[2024-09-26T04:44:20.633+0000] {processor.py:208} INFO - Processing /opt/airflow/dags/create_dag_with_taskflow.py took 0.211 seconds
[2024-09-26T04:44:50.911+0000] {processor.py:186} INFO - Started process (PID=154145) to work on /opt/airflow/dags/create_dag_with_taskflow.py
[2024-09-26T04:44:50.913+0000] {processor.py:914} INFO - Processing file /opt/airflow/dags/create_dag_with_taskflow.py for tasks to queue
[2024-09-26T04:44:50.915+0000] {logging_mixin.py:190} INFO - [2024-09-26T04:44:50.914+0000] {dagbag.py:587} INFO - Filling up the DagBag from /opt/airflow/dags/create_dag_with_taskflow.py
[2024-09-26T04:44:50.990+0000] {processor.py:925} INFO - DAG(s) 'dag_with_taskflow_api_v02' retrieved from /opt/airflow/dags/create_dag_with_taskflow.py
[2024-09-26T04:44:51.015+0000] {logging_mixin.py:190} INFO - [2024-09-26T04:44:51.014+0000] {dag.py:3229} INFO - Sync 1 DAGs
[2024-09-26T04:44:51.038+0000] {logging_mixin.py:190} INFO - [2024-09-26T04:44:51.038+0000] {dag.py:4156} INFO - Setting next_dagrun for dag_with_taskflow_api_v02 to 2024-09-22 00:00:00+00:00, run_after=2024-09-23 00:00:00+00:00
[2024-09-26T04:44:51.075+0000] {processor.py:208} INFO - Processing /opt/airflow/dags/create_dag_with_taskflow.py took 0.177 seconds
[2024-09-26T04:45:22.331+0000] {processor.py:186} INFO - Started process (PID=154188) to work on /opt/airflow/dags/create_dag_with_taskflow.py
[2024-09-26T04:45:22.333+0000] {processor.py:914} INFO - Processing file /opt/airflow/dags/create_dag_with_taskflow.py for tasks to queue
[2024-09-26T04:45:22.336+0000] {logging_mixin.py:190} INFO - [2024-09-26T04:45:22.335+0000] {dagbag.py:587} INFO - Filling up the DagBag from /opt/airflow/dags/create_dag_with_taskflow.py
[2024-09-26T04:45:22.455+0000] {processor.py:925} INFO - DAG(s) 'dag_with_taskflow_api_v02' retrieved from /opt/airflow/dags/create_dag_with_taskflow.py
[2024-09-26T04:45:22.486+0000] {logging_mixin.py:190} INFO - [2024-09-26T04:45:22.486+0000] {dag.py:3229} INFO - Sync 1 DAGs
[2024-09-26T04:45:22.510+0000] {logging_mixin.py:190} INFO - [2024-09-26T04:45:22.510+0000] {dag.py:4156} INFO - Setting next_dagrun for dag_with_taskflow_api_v02 to 2024-09-22 00:00:00+00:00, run_after=2024-09-23 00:00:00+00:00
[2024-09-26T04:45:22.538+0000] {processor.py:208} INFO - Processing /opt/airflow/dags/create_dag_with_taskflow.py took 0.218 seconds
[2024-09-26T04:45:53.328+0000] {processor.py:186} INFO - Started process (PID=154231) to work on /opt/airflow/dags/create_dag_with_taskflow.py
[2024-09-26T04:45:53.330+0000] {processor.py:914} INFO - Processing file /opt/airflow/dags/create_dag_with_taskflow.py for tasks to queue
[2024-09-26T04:45:53.332+0000] {logging_mixin.py:190} INFO - [2024-09-26T04:45:53.332+0000] {dagbag.py:587} INFO - Filling up the DagBag from /opt/airflow/dags/create_dag_with_taskflow.py
[2024-09-26T04:45:53.442+0000] {processor.py:925} INFO - DAG(s) 'dag_with_taskflow_api_v02' retrieved from /opt/airflow/dags/create_dag_with_taskflow.py
[2024-09-26T04:45:53.470+0000] {logging_mixin.py:190} INFO - [2024-09-26T04:45:53.469+0000] {dag.py:3229} INFO - Sync 1 DAGs
[2024-09-26T04:45:53.489+0000] {logging_mixin.py:190} INFO - [2024-09-26T04:45:53.489+0000] {dag.py:4156} INFO - Setting next_dagrun for dag_with_taskflow_api_v02 to 2024-09-22 00:00:00+00:00, run_after=2024-09-23 00:00:00+00:00
[2024-09-26T04:45:53.521+0000] {processor.py:208} INFO - Processing /opt/airflow/dags/create_dag_with_taskflow.py took 0.203 seconds
[2024-09-26T04:46:24.176+0000] {processor.py:186} INFO - Started process (PID=154274) to work on /opt/airflow/dags/create_dag_with_taskflow.py
[2024-09-26T04:46:24.178+0000] {processor.py:914} INFO - Processing file /opt/airflow/dags/create_dag_with_taskflow.py for tasks to queue
[2024-09-26T04:46:24.181+0000] {logging_mixin.py:190} INFO - [2024-09-26T04:46:24.180+0000] {dagbag.py:587} INFO - Filling up the DagBag from /opt/airflow/dags/create_dag_with_taskflow.py
[2024-09-26T04:46:24.271+0000] {processor.py:925} INFO - DAG(s) 'dag_with_taskflow_api_v02' retrieved from /opt/airflow/dags/create_dag_with_taskflow.py
[2024-09-26T04:46:24.293+0000] {logging_mixin.py:190} INFO - [2024-09-26T04:46:24.293+0000] {dag.py:3229} INFO - Sync 1 DAGs
[2024-09-26T04:46:24.315+0000] {logging_mixin.py:190} INFO - [2024-09-26T04:46:24.314+0000] {dag.py:4156} INFO - Setting next_dagrun for dag_with_taskflow_api_v02 to 2024-09-22 00:00:00+00:00, run_after=2024-09-23 00:00:00+00:00
[2024-09-26T04:46:24.337+0000] {processor.py:208} INFO - Processing /opt/airflow/dags/create_dag_with_taskflow.py took 0.167 seconds
[2024-09-26T04:46:54.782+0000] {processor.py:186} INFO - Started process (PID=154317) to work on /opt/airflow/dags/create_dag_with_taskflow.py
[2024-09-26T04:46:54.784+0000] {processor.py:914} INFO - Processing file /opt/airflow/dags/create_dag_with_taskflow.py for tasks to queue
[2024-09-26T04:46:54.786+0000] {logging_mixin.py:190} INFO - [2024-09-26T04:46:54.785+0000] {dagbag.py:587} INFO - Filling up the DagBag from /opt/airflow/dags/create_dag_with_taskflow.py
[2024-09-26T04:46:54.869+0000] {processor.py:925} INFO - DAG(s) 'dag_with_taskflow_api_v02' retrieved from /opt/airflow/dags/create_dag_with_taskflow.py
[2024-09-26T04:46:54.894+0000] {logging_mixin.py:190} INFO - [2024-09-26T04:46:54.894+0000] {dag.py:3229} INFO - Sync 1 DAGs
[2024-09-26T04:46:54.925+0000] {logging_mixin.py:190} INFO - [2024-09-26T04:46:54.925+0000] {dag.py:4156} INFO - Setting next_dagrun for dag_with_taskflow_api_v02 to 2024-09-22 00:00:00+00:00, run_after=2024-09-23 00:00:00+00:00
[2024-09-26T04:46:54.952+0000] {processor.py:208} INFO - Processing /opt/airflow/dags/create_dag_with_taskflow.py took 0.175 seconds
[2024-09-26T04:47:25.601+0000] {processor.py:186} INFO - Started process (PID=154360) to work on /opt/airflow/dags/create_dag_with_taskflow.py
[2024-09-26T04:47:25.603+0000] {processor.py:914} INFO - Processing file /opt/airflow/dags/create_dag_with_taskflow.py for tasks to queue
[2024-09-26T04:47:25.606+0000] {logging_mixin.py:190} INFO - [2024-09-26T04:47:25.605+0000] {dagbag.py:587} INFO - Filling up the DagBag from /opt/airflow/dags/create_dag_with_taskflow.py
[2024-09-26T04:47:25.685+0000] {processor.py:925} INFO - DAG(s) 'dag_with_taskflow_api_v02' retrieved from /opt/airflow/dags/create_dag_with_taskflow.py
[2024-09-26T04:47:25.712+0000] {logging_mixin.py:190} INFO - [2024-09-26T04:47:25.712+0000] {dag.py:3229} INFO - Sync 1 DAGs
[2024-09-26T04:47:25.733+0000] {logging_mixin.py:190} INFO - [2024-09-26T04:47:25.732+0000] {dag.py:4156} INFO - Setting next_dagrun for dag_with_taskflow_api_v02 to 2024-09-22 00:00:00+00:00, run_after=2024-09-23 00:00:00+00:00
[2024-09-26T04:47:25.763+0000] {processor.py:208} INFO - Processing /opt/airflow/dags/create_dag_with_taskflow.py took 0.172 seconds
[2024-09-26T04:47:56.528+0000] {processor.py:186} INFO - Started process (PID=154403) to work on /opt/airflow/dags/create_dag_with_taskflow.py
[2024-09-26T04:47:56.529+0000] {processor.py:914} INFO - Processing file /opt/airflow/dags/create_dag_with_taskflow.py for tasks to queue
[2024-09-26T04:47:56.532+0000] {logging_mixin.py:190} INFO - [2024-09-26T04:47:56.532+0000] {dagbag.py:587} INFO - Filling up the DagBag from /opt/airflow/dags/create_dag_with_taskflow.py
[2024-09-26T04:47:56.626+0000] {processor.py:925} INFO - DAG(s) 'dag_with_taskflow_api_v02' retrieved from /opt/airflow/dags/create_dag_with_taskflow.py
[2024-09-26T04:47:56.651+0000] {logging_mixin.py:190} INFO - [2024-09-26T04:47:56.650+0000] {dag.py:3229} INFO - Sync 1 DAGs
[2024-09-26T04:47:56.673+0000] {logging_mixin.py:190} INFO - [2024-09-26T04:47:56.673+0000] {dag.py:4156} INFO - Setting next_dagrun for dag_with_taskflow_api_v02 to 2024-09-22 00:00:00+00:00, run_after=2024-09-23 00:00:00+00:00
[2024-09-26T04:47:56.700+0000] {processor.py:208} INFO - Processing /opt/airflow/dags/create_dag_with_taskflow.py took 0.178 seconds
[2024-09-26T04:48:27.133+0000] {processor.py:186} INFO - Started process (PID=154446) to work on /opt/airflow/dags/create_dag_with_taskflow.py
[2024-09-26T04:48:27.135+0000] {processor.py:914} INFO - Processing file /opt/airflow/dags/create_dag_with_taskflow.py for tasks to queue
[2024-09-26T04:48:27.138+0000] {logging_mixin.py:190} INFO - [2024-09-26T04:48:27.138+0000] {dagbag.py:587} INFO - Filling up the DagBag from /opt/airflow/dags/create_dag_with_taskflow.py
[2024-09-26T04:48:27.254+0000] {processor.py:925} INFO - DAG(s) 'dag_with_taskflow_api_v02' retrieved from /opt/airflow/dags/create_dag_with_taskflow.py
[2024-09-26T04:48:27.287+0000] {logging_mixin.py:190} INFO - [2024-09-26T04:48:27.287+0000] {dag.py:3229} INFO - Sync 1 DAGs
[2024-09-26T04:48:27.309+0000] {logging_mixin.py:190} INFO - [2024-09-26T04:48:27.309+0000] {dag.py:4156} INFO - Setting next_dagrun for dag_with_taskflow_api_v02 to 2024-09-22 00:00:00+00:00, run_after=2024-09-23 00:00:00+00:00
[2024-09-26T04:48:27.338+0000] {processor.py:208} INFO - Processing /opt/airflow/dags/create_dag_with_taskflow.py took 0.214 seconds
[2024-09-26T04:48:57.909+0000] {processor.py:186} INFO - Started process (PID=154489) to work on /opt/airflow/dags/create_dag_with_taskflow.py
[2024-09-26T04:48:57.911+0000] {processor.py:914} INFO - Processing file /opt/airflow/dags/create_dag_with_taskflow.py for tasks to queue
[2024-09-26T04:48:57.913+0000] {logging_mixin.py:190} INFO - [2024-09-26T04:48:57.913+0000] {dagbag.py:587} INFO - Filling up the DagBag from /opt/airflow/dags/create_dag_with_taskflow.py
[2024-09-26T04:48:58.007+0000] {processor.py:925} INFO - DAG(s) 'dag_with_taskflow_api_v02' retrieved from /opt/airflow/dags/create_dag_with_taskflow.py
[2024-09-26T04:48:58.033+0000] {logging_mixin.py:190} INFO - [2024-09-26T04:48:58.032+0000] {dag.py:3229} INFO - Sync 1 DAGs
[2024-09-26T04:48:58.056+0000] {logging_mixin.py:190} INFO - [2024-09-26T04:48:58.055+0000] {dag.py:4156} INFO - Setting next_dagrun for dag_with_taskflow_api_v02 to 2024-09-22 00:00:00+00:00, run_after=2024-09-23 00:00:00+00:00
[2024-09-26T04:48:58.093+0000] {processor.py:208} INFO - Processing /opt/airflow/dags/create_dag_with_taskflow.py took 0.190 seconds
[2024-09-26T04:49:28.981+0000] {processor.py:186} INFO - Started process (PID=154532) to work on /opt/airflow/dags/create_dag_with_taskflow.py
[2024-09-26T04:49:28.985+0000] {processor.py:914} INFO - Processing file /opt/airflow/dags/create_dag_with_taskflow.py for tasks to queue
[2024-09-26T04:49:28.989+0000] {logging_mixin.py:190} INFO - [2024-09-26T04:49:28.989+0000] {dagbag.py:587} INFO - Filling up the DagBag from /opt/airflow/dags/create_dag_with_taskflow.py
[2024-09-26T04:49:29.095+0000] {processor.py:925} INFO - DAG(s) 'dag_with_taskflow_api_v02' retrieved from /opt/airflow/dags/create_dag_with_taskflow.py
[2024-09-26T04:49:29.121+0000] {logging_mixin.py:190} INFO - [2024-09-26T04:49:29.121+0000] {dag.py:3229} INFO - Sync 1 DAGs
[2024-09-26T04:49:29.146+0000] {logging_mixin.py:190} INFO - [2024-09-26T04:49:29.145+0000] {dag.py:4156} INFO - Setting next_dagrun for dag_with_taskflow_api_v02 to 2024-09-22 00:00:00+00:00, run_after=2024-09-23 00:00:00+00:00
[2024-09-26T04:49:29.175+0000] {processor.py:208} INFO - Processing /opt/airflow/dags/create_dag_with_taskflow.py took 0.201 seconds
[2024-09-26T04:49:59.776+0000] {processor.py:186} INFO - Started process (PID=154575) to work on /opt/airflow/dags/create_dag_with_taskflow.py
[2024-09-26T04:49:59.779+0000] {processor.py:914} INFO - Processing file /opt/airflow/dags/create_dag_with_taskflow.py for tasks to queue
[2024-09-26T04:49:59.782+0000] {logging_mixin.py:190} INFO - [2024-09-26T04:49:59.781+0000] {dagbag.py:587} INFO - Filling up the DagBag from /opt/airflow/dags/create_dag_with_taskflow.py
[2024-09-26T04:49:59.897+0000] {processor.py:925} INFO - DAG(s) 'dag_with_taskflow_api_v02' retrieved from /opt/airflow/dags/create_dag_with_taskflow.py
[2024-09-26T04:49:59.924+0000] {logging_mixin.py:190} INFO - [2024-09-26T04:49:59.924+0000] {dag.py:3229} INFO - Sync 1 DAGs
[2024-09-26T04:49:59.946+0000] {logging_mixin.py:190} INFO - [2024-09-26T04:49:59.946+0000] {dag.py:4156} INFO - Setting next_dagrun for dag_with_taskflow_api_v02 to 2024-09-22 00:00:00+00:00, run_after=2024-09-23 00:00:00+00:00
[2024-09-26T04:49:59.985+0000] {processor.py:208} INFO - Processing /opt/airflow/dags/create_dag_with_taskflow.py took 0.217 seconds
[2024-09-26T04:50:30.324+0000] {processor.py:186} INFO - Started process (PID=154618) to work on /opt/airflow/dags/create_dag_with_taskflow.py
[2024-09-26T04:50:30.326+0000] {processor.py:914} INFO - Processing file /opt/airflow/dags/create_dag_with_taskflow.py for tasks to queue
[2024-09-26T04:50:30.329+0000] {logging_mixin.py:190} INFO - [2024-09-26T04:50:30.329+0000] {dagbag.py:587} INFO - Filling up the DagBag from /opt/airflow/dags/create_dag_with_taskflow.py
[2024-09-26T04:50:30.438+0000] {processor.py:925} INFO - DAG(s) 'dag_with_taskflow_api_v02' retrieved from /opt/airflow/dags/create_dag_with_taskflow.py
[2024-09-26T04:50:30.461+0000] {logging_mixin.py:190} INFO - [2024-09-26T04:50:30.461+0000] {dag.py:3229} INFO - Sync 1 DAGs
[2024-09-26T04:50:30.482+0000] {logging_mixin.py:190} INFO - [2024-09-26T04:50:30.482+0000] {dag.py:4156} INFO - Setting next_dagrun for dag_with_taskflow_api_v02 to 2024-09-22 00:00:00+00:00, run_after=2024-09-23 00:00:00+00:00
[2024-09-26T04:50:30.508+0000] {processor.py:208} INFO - Processing /opt/airflow/dags/create_dag_with_taskflow.py took 0.195 seconds
[2024-09-26T04:51:01.050+0000] {processor.py:186} INFO - Started process (PID=154661) to work on /opt/airflow/dags/create_dag_with_taskflow.py
[2024-09-26T04:51:01.052+0000] {processor.py:914} INFO - Processing file /opt/airflow/dags/create_dag_with_taskflow.py for tasks to queue
[2024-09-26T04:51:01.054+0000] {logging_mixin.py:190} INFO - [2024-09-26T04:51:01.054+0000] {dagbag.py:587} INFO - Filling up the DagBag from /opt/airflow/dags/create_dag_with_taskflow.py
[2024-09-26T04:51:01.159+0000] {processor.py:925} INFO - DAG(s) 'dag_with_taskflow_api_v02' retrieved from /opt/airflow/dags/create_dag_with_taskflow.py
[2024-09-26T04:51:01.216+0000] {logging_mixin.py:190} INFO - [2024-09-26T04:51:01.215+0000] {dag.py:3229} INFO - Sync 1 DAGs
[2024-09-26T04:51:01.238+0000] {logging_mixin.py:190} INFO - [2024-09-26T04:51:01.238+0000] {dag.py:4156} INFO - Setting next_dagrun for dag_with_taskflow_api_v02 to 2024-09-22 00:00:00+00:00, run_after=2024-09-23 00:00:00+00:00
[2024-09-26T04:51:01.264+0000] {processor.py:208} INFO - Processing /opt/airflow/dags/create_dag_with_taskflow.py took 0.220 seconds
[2024-09-26T04:51:32.092+0000] {processor.py:186} INFO - Started process (PID=154704) to work on /opt/airflow/dags/create_dag_with_taskflow.py
[2024-09-26T04:51:32.094+0000] {processor.py:914} INFO - Processing file /opt/airflow/dags/create_dag_with_taskflow.py for tasks to queue
[2024-09-26T04:51:32.096+0000] {logging_mixin.py:190} INFO - [2024-09-26T04:51:32.096+0000] {dagbag.py:587} INFO - Filling up the DagBag from /opt/airflow/dags/create_dag_with_taskflow.py
[2024-09-26T04:51:32.188+0000] {processor.py:925} INFO - DAG(s) 'dag_with_taskflow_api_v02' retrieved from /opt/airflow/dags/create_dag_with_taskflow.py
[2024-09-26T04:51:32.218+0000] {logging_mixin.py:190} INFO - [2024-09-26T04:51:32.218+0000] {dag.py:3229} INFO - Sync 1 DAGs
[2024-09-26T04:51:32.242+0000] {logging_mixin.py:190} INFO - [2024-09-26T04:51:32.242+0000] {dag.py:4156} INFO - Setting next_dagrun for dag_with_taskflow_api_v02 to 2024-09-22 00:00:00+00:00, run_after=2024-09-23 00:00:00+00:00
[2024-09-26T04:51:32.268+0000] {processor.py:208} INFO - Processing /opt/airflow/dags/create_dag_with_taskflow.py took 0.182 seconds
[2024-09-26T04:52:03.166+0000] {processor.py:186} INFO - Started process (PID=154747) to work on /opt/airflow/dags/create_dag_with_taskflow.py
[2024-09-26T04:52:03.169+0000] {processor.py:914} INFO - Processing file /opt/airflow/dags/create_dag_with_taskflow.py for tasks to queue
[2024-09-26T04:52:03.173+0000] {logging_mixin.py:190} INFO - [2024-09-26T04:52:03.172+0000] {dagbag.py:587} INFO - Filling up the DagBag from /opt/airflow/dags/create_dag_with_taskflow.py
[2024-09-26T04:52:03.281+0000] {processor.py:925} INFO - DAG(s) 'dag_with_taskflow_api_v02' retrieved from /opt/airflow/dags/create_dag_with_taskflow.py
[2024-09-26T04:52:03.309+0000] {logging_mixin.py:190} INFO - [2024-09-26T04:52:03.309+0000] {dag.py:3229} INFO - Sync 1 DAGs
[2024-09-26T04:52:03.331+0000] {logging_mixin.py:190} INFO - [2024-09-26T04:52:03.331+0000] {dag.py:4156} INFO - Setting next_dagrun for dag_with_taskflow_api_v02 to 2024-09-22 00:00:00+00:00, run_after=2024-09-23 00:00:00+00:00
[2024-09-26T04:52:03.358+0000] {processor.py:208} INFO - Processing /opt/airflow/dags/create_dag_with_taskflow.py took 0.205 seconds
[2024-09-26T04:52:33.843+0000] {processor.py:186} INFO - Started process (PID=154790) to work on /opt/airflow/dags/create_dag_with_taskflow.py
[2024-09-26T04:52:33.844+0000] {processor.py:914} INFO - Processing file /opt/airflow/dags/create_dag_with_taskflow.py for tasks to queue
[2024-09-26T04:52:33.846+0000] {logging_mixin.py:190} INFO - [2024-09-26T04:52:33.846+0000] {dagbag.py:587} INFO - Filling up the DagBag from /opt/airflow/dags/create_dag_with_taskflow.py
[2024-09-26T04:52:33.917+0000] {processor.py:925} INFO - DAG(s) 'dag_with_taskflow_api_v02' retrieved from /opt/airflow/dags/create_dag_with_taskflow.py
[2024-09-26T04:52:33.943+0000] {logging_mixin.py:190} INFO - [2024-09-26T04:52:33.943+0000] {dag.py:3229} INFO - Sync 1 DAGs
[2024-09-26T04:52:33.966+0000] {logging_mixin.py:190} INFO - [2024-09-26T04:52:33.966+0000] {dag.py:4156} INFO - Setting next_dagrun for dag_with_taskflow_api_v02 to 2024-09-22 00:00:00+00:00, run_after=2024-09-23 00:00:00+00:00
[2024-09-26T04:52:34.003+0000] {processor.py:208} INFO - Processing /opt/airflow/dags/create_dag_with_taskflow.py took 0.166 seconds
[2024-09-26T04:53:04.336+0000] {processor.py:186} INFO - Started process (PID=154831) to work on /opt/airflow/dags/create_dag_with_taskflow.py
[2024-09-26T04:53:04.340+0000] {processor.py:914} INFO - Processing file /opt/airflow/dags/create_dag_with_taskflow.py for tasks to queue
[2024-09-26T04:53:04.345+0000] {logging_mixin.py:190} INFO - [2024-09-26T04:53:04.345+0000] {dagbag.py:587} INFO - Filling up the DagBag from /opt/airflow/dags/create_dag_with_taskflow.py
[2024-09-26T04:53:04.427+0000] {processor.py:925} INFO - DAG(s) 'dag_with_taskflow_api_v02' retrieved from /opt/airflow/dags/create_dag_with_taskflow.py
[2024-09-26T04:53:04.453+0000] {logging_mixin.py:190} INFO - [2024-09-26T04:53:04.453+0000] {dag.py:3229} INFO - Sync 1 DAGs
[2024-09-26T04:53:04.475+0000] {logging_mixin.py:190} INFO - [2024-09-26T04:53:04.475+0000] {dag.py:4156} INFO - Setting next_dagrun for dag_with_taskflow_api_v02 to 2024-09-22 00:00:00+00:00, run_after=2024-09-23 00:00:00+00:00
[2024-09-26T04:53:04.496+0000] {processor.py:208} INFO - Processing /opt/airflow/dags/create_dag_with_taskflow.py took 0.173 seconds
[2024-09-26T04:53:35.095+0000] {processor.py:186} INFO - Started process (PID=154874) to work on /opt/airflow/dags/create_dag_with_taskflow.py
[2024-09-26T04:53:35.097+0000] {processor.py:914} INFO - Processing file /opt/airflow/dags/create_dag_with_taskflow.py for tasks to queue
[2024-09-26T04:53:35.099+0000] {logging_mixin.py:190} INFO - [2024-09-26T04:53:35.099+0000] {dagbag.py:587} INFO - Filling up the DagBag from /opt/airflow/dags/create_dag_with_taskflow.py
[2024-09-26T04:53:35.170+0000] {processor.py:925} INFO - DAG(s) 'dag_with_taskflow_api_v02' retrieved from /opt/airflow/dags/create_dag_with_taskflow.py
[2024-09-26T04:53:35.195+0000] {logging_mixin.py:190} INFO - [2024-09-26T04:53:35.194+0000] {dag.py:3229} INFO - Sync 1 DAGs
[2024-09-26T04:53:35.219+0000] {logging_mixin.py:190} INFO - [2024-09-26T04:53:35.218+0000] {dag.py:4156} INFO - Setting next_dagrun for dag_with_taskflow_api_v02 to 2024-09-22 00:00:00+00:00, run_after=2024-09-23 00:00:00+00:00
[2024-09-26T04:53:35.241+0000] {processor.py:208} INFO - Processing /opt/airflow/dags/create_dag_with_taskflow.py took 0.154 seconds
[2024-09-26T04:54:05.752+0000] {processor.py:186} INFO - Started process (PID=154917) to work on /opt/airflow/dags/create_dag_with_taskflow.py
[2024-09-26T04:54:05.754+0000] {processor.py:914} INFO - Processing file /opt/airflow/dags/create_dag_with_taskflow.py for tasks to queue
[2024-09-26T04:54:05.755+0000] {logging_mixin.py:190} INFO - [2024-09-26T04:54:05.755+0000] {dagbag.py:587} INFO - Filling up the DagBag from /opt/airflow/dags/create_dag_with_taskflow.py
[2024-09-26T04:54:05.835+0000] {processor.py:925} INFO - DAG(s) 'dag_with_taskflow_api_v02' retrieved from /opt/airflow/dags/create_dag_with_taskflow.py
[2024-09-26T04:54:05.859+0000] {logging_mixin.py:190} INFO - [2024-09-26T04:54:05.859+0000] {dag.py:3229} INFO - Sync 1 DAGs
[2024-09-26T04:54:05.881+0000] {logging_mixin.py:190} INFO - [2024-09-26T04:54:05.881+0000] {dag.py:4156} INFO - Setting next_dagrun for dag_with_taskflow_api_v02 to 2024-09-22 00:00:00+00:00, run_after=2024-09-23 00:00:00+00:00
[2024-09-26T04:54:05.904+0000] {processor.py:208} INFO - Processing /opt/airflow/dags/create_dag_with_taskflow.py took 0.157 seconds
[2024-09-26T04:54:36.631+0000] {processor.py:186} INFO - Started process (PID=154962) to work on /opt/airflow/dags/create_dag_with_taskflow.py
[2024-09-26T04:54:36.662+0000] {processor.py:914} INFO - Processing file /opt/airflow/dags/create_dag_with_taskflow.py for tasks to queue
[2024-09-26T04:54:36.730+0000] {logging_mixin.py:190} INFO - [2024-09-26T04:54:36.730+0000] {dagbag.py:587} INFO - Filling up the DagBag from /opt/airflow/dags/create_dag_with_taskflow.py
[2024-09-26T04:54:36.977+0000] {processor.py:925} INFO - DAG(s) 'dag_with_taskflow_api_v02' retrieved from /opt/airflow/dags/create_dag_with_taskflow.py
[2024-09-26T04:54:37.002+0000] {logging_mixin.py:190} INFO - [2024-09-26T04:54:37.001+0000] {dag.py:3229} INFO - Sync 1 DAGs
[2024-09-26T04:54:37.030+0000] {logging_mixin.py:190} INFO - [2024-09-26T04:54:37.030+0000] {dag.py:4156} INFO - Setting next_dagrun for dag_with_taskflow_api_v02 to 2024-09-22 00:00:00+00:00, run_after=2024-09-23 00:00:00+00:00
[2024-09-26T04:54:37.062+0000] {processor.py:208} INFO - Processing /opt/airflow/dags/create_dag_with_taskflow.py took 0.438 seconds
[2024-09-26T04:55:08.334+0000] {processor.py:186} INFO - Started process (PID=155005) to work on /opt/airflow/dags/create_dag_with_taskflow.py
[2024-09-26T04:55:08.336+0000] {processor.py:914} INFO - Processing file /opt/airflow/dags/create_dag_with_taskflow.py for tasks to queue
[2024-09-26T04:55:08.339+0000] {logging_mixin.py:190} INFO - [2024-09-26T04:55:08.338+0000] {dagbag.py:587} INFO - Filling up the DagBag from /opt/airflow/dags/create_dag_with_taskflow.py
[2024-09-26T04:55:08.460+0000] {processor.py:925} INFO - DAG(s) 'dag_with_taskflow_api_v02' retrieved from /opt/airflow/dags/create_dag_with_taskflow.py
[2024-09-26T04:55:08.484+0000] {logging_mixin.py:190} INFO - [2024-09-26T04:55:08.484+0000] {dag.py:3229} INFO - Sync 1 DAGs
[2024-09-26T04:55:08.506+0000] {logging_mixin.py:190} INFO - [2024-09-26T04:55:08.505+0000] {dag.py:4156} INFO - Setting next_dagrun for dag_with_taskflow_api_v02 to 2024-09-22 00:00:00+00:00, run_after=2024-09-23 00:00:00+00:00
[2024-09-26T04:55:08.540+0000] {processor.py:208} INFO - Processing /opt/airflow/dags/create_dag_with_taskflow.py took 0.218 seconds
[2024-09-26T04:55:38.920+0000] {processor.py:186} INFO - Started process (PID=155048) to work on /opt/airflow/dags/create_dag_with_taskflow.py
[2024-09-26T04:55:38.922+0000] {processor.py:914} INFO - Processing file /opt/airflow/dags/create_dag_with_taskflow.py for tasks to queue
[2024-09-26T04:55:38.926+0000] {logging_mixin.py:190} INFO - [2024-09-26T04:55:38.925+0000] {dagbag.py:587} INFO - Filling up the DagBag from /opt/airflow/dags/create_dag_with_taskflow.py
[2024-09-26T04:55:39.050+0000] {processor.py:925} INFO - DAG(s) 'dag_with_taskflow_api_v02' retrieved from /opt/airflow/dags/create_dag_with_taskflow.py
[2024-09-26T04:55:39.080+0000] {logging_mixin.py:190} INFO - [2024-09-26T04:55:39.079+0000] {dag.py:3229} INFO - Sync 1 DAGs
[2024-09-26T04:55:39.100+0000] {logging_mixin.py:190} INFO - [2024-09-26T04:55:39.100+0000] {dag.py:4156} INFO - Setting next_dagrun for dag_with_taskflow_api_v02 to 2024-09-22 00:00:00+00:00, run_after=2024-09-23 00:00:00+00:00
[2024-09-26T04:55:39.124+0000] {processor.py:208} INFO - Processing /opt/airflow/dags/create_dag_with_taskflow.py took 0.218 seconds
[2024-09-26T04:56:09.964+0000] {processor.py:186} INFO - Started process (PID=155089) to work on /opt/airflow/dags/create_dag_with_taskflow.py
[2024-09-26T04:56:09.966+0000] {processor.py:914} INFO - Processing file /opt/airflow/dags/create_dag_with_taskflow.py for tasks to queue
[2024-09-26T04:56:09.969+0000] {logging_mixin.py:190} INFO - [2024-09-26T04:56:09.968+0000] {dagbag.py:587} INFO - Filling up the DagBag from /opt/airflow/dags/create_dag_with_taskflow.py
[2024-09-26T04:56:10.064+0000] {processor.py:925} INFO - DAG(s) 'dag_with_taskflow_api_v02' retrieved from /opt/airflow/dags/create_dag_with_taskflow.py
[2024-09-26T04:56:10.094+0000] {logging_mixin.py:190} INFO - [2024-09-26T04:56:10.093+0000] {dag.py:3229} INFO - Sync 1 DAGs
[2024-09-26T04:56:10.121+0000] {logging_mixin.py:190} INFO - [2024-09-26T04:56:10.120+0000] {dag.py:4156} INFO - Setting next_dagrun for dag_with_taskflow_api_v02 to 2024-09-22 00:00:00+00:00, run_after=2024-09-23 00:00:00+00:00
[2024-09-26T04:56:10.149+0000] {processor.py:208} INFO - Processing /opt/airflow/dags/create_dag_with_taskflow.py took 0.193 seconds
[2024-09-26T04:56:40.903+0000] {processor.py:186} INFO - Started process (PID=155134) to work on /opt/airflow/dags/create_dag_with_taskflow.py
[2024-09-26T04:56:40.905+0000] {processor.py:914} INFO - Processing file /opt/airflow/dags/create_dag_with_taskflow.py for tasks to queue
[2024-09-26T04:56:40.912+0000] {logging_mixin.py:190} INFO - [2024-09-26T04:56:40.910+0000] {dagbag.py:587} INFO - Filling up the DagBag from /opt/airflow/dags/create_dag_with_taskflow.py
[2024-09-26T04:56:40.999+0000] {processor.py:925} INFO - DAG(s) 'dag_with_taskflow_api_v02' retrieved from /opt/airflow/dags/create_dag_with_taskflow.py
[2024-09-26T04:56:41.025+0000] {logging_mixin.py:190} INFO - [2024-09-26T04:56:41.025+0000] {dag.py:3229} INFO - Sync 1 DAGs
[2024-09-26T04:56:41.052+0000] {logging_mixin.py:190} INFO - [2024-09-26T04:56:41.052+0000] {dag.py:4156} INFO - Setting next_dagrun for dag_with_taskflow_api_v02 to 2024-09-22 00:00:00+00:00, run_after=2024-09-23 00:00:00+00:00
[2024-09-26T04:56:41.076+0000] {processor.py:208} INFO - Processing /opt/airflow/dags/create_dag_with_taskflow.py took 0.182 seconds
[2024-09-26T04:57:11.411+0000] {processor.py:186} INFO - Started process (PID=155177) to work on /opt/airflow/dags/create_dag_with_taskflow.py
[2024-09-26T04:57:11.413+0000] {processor.py:914} INFO - Processing file /opt/airflow/dags/create_dag_with_taskflow.py for tasks to queue
[2024-09-26T04:57:11.415+0000] {logging_mixin.py:190} INFO - [2024-09-26T04:57:11.414+0000] {dagbag.py:587} INFO - Filling up the DagBag from /opt/airflow/dags/create_dag_with_taskflow.py
[2024-09-26T04:57:11.496+0000] {processor.py:925} INFO - DAG(s) 'dag_with_taskflow_api_v02' retrieved from /opt/airflow/dags/create_dag_with_taskflow.py
[2024-09-26T04:57:11.524+0000] {logging_mixin.py:190} INFO - [2024-09-26T04:57:11.524+0000] {dag.py:3229} INFO - Sync 1 DAGs
[2024-09-26T04:57:11.549+0000] {logging_mixin.py:190} INFO - [2024-09-26T04:57:11.549+0000] {dag.py:4156} INFO - Setting next_dagrun for dag_with_taskflow_api_v02 to 2024-09-22 00:00:00+00:00, run_after=2024-09-23 00:00:00+00:00
[2024-09-26T04:57:11.576+0000] {processor.py:208} INFO - Processing /opt/airflow/dags/create_dag_with_taskflow.py took 0.171 seconds
[2024-09-26T04:57:42.155+0000] {processor.py:186} INFO - Started process (PID=155220) to work on /opt/airflow/dags/create_dag_with_taskflow.py
[2024-09-26T04:57:42.156+0000] {processor.py:914} INFO - Processing file /opt/airflow/dags/create_dag_with_taskflow.py for tasks to queue
[2024-09-26T04:57:42.158+0000] {logging_mixin.py:190} INFO - [2024-09-26T04:57:42.158+0000] {dagbag.py:587} INFO - Filling up the DagBag from /opt/airflow/dags/create_dag_with_taskflow.py
[2024-09-26T04:57:42.242+0000] {processor.py:925} INFO - DAG(s) 'dag_with_taskflow_api_v02' retrieved from /opt/airflow/dags/create_dag_with_taskflow.py
[2024-09-26T04:57:42.275+0000] {logging_mixin.py:190} INFO - [2024-09-26T04:57:42.275+0000] {dag.py:3229} INFO - Sync 1 DAGs
[2024-09-26T04:57:42.306+0000] {logging_mixin.py:190} INFO - [2024-09-26T04:57:42.306+0000] {dag.py:4156} INFO - Setting next_dagrun for dag_with_taskflow_api_v02 to 2024-09-22 00:00:00+00:00, run_after=2024-09-23 00:00:00+00:00
[2024-09-26T04:57:42.342+0000] {processor.py:208} INFO - Processing /opt/airflow/dags/create_dag_with_taskflow.py took 0.197 seconds
[2024-09-26T04:58:13.065+0000] {processor.py:186} INFO - Started process (PID=155263) to work on /opt/airflow/dags/create_dag_with_taskflow.py
[2024-09-26T04:58:13.067+0000] {processor.py:914} INFO - Processing file /opt/airflow/dags/create_dag_with_taskflow.py for tasks to queue
[2024-09-26T04:58:13.069+0000] {logging_mixin.py:190} INFO - [2024-09-26T04:58:13.069+0000] {dagbag.py:587} INFO - Filling up the DagBag from /opt/airflow/dags/create_dag_with_taskflow.py
[2024-09-26T04:58:13.155+0000] {processor.py:925} INFO - DAG(s) 'dag_with_taskflow_api_v02' retrieved from /opt/airflow/dags/create_dag_with_taskflow.py
[2024-09-26T04:58:13.181+0000] {logging_mixin.py:190} INFO - [2024-09-26T04:58:13.181+0000] {dag.py:3229} INFO - Sync 1 DAGs
[2024-09-26T04:58:13.203+0000] {logging_mixin.py:190} INFO - [2024-09-26T04:58:13.203+0000] {dag.py:4156} INFO - Setting next_dagrun for dag_with_taskflow_api_v02 to 2024-09-22 00:00:00+00:00, run_after=2024-09-23 00:00:00+00:00
[2024-09-26T04:58:13.226+0000] {processor.py:208} INFO - Processing /opt/airflow/dags/create_dag_with_taskflow.py took 0.169 seconds
[2024-09-26T04:58:44.013+0000] {processor.py:186} INFO - Started process (PID=155306) to work on /opt/airflow/dags/create_dag_with_taskflow.py
[2024-09-26T04:58:44.015+0000] {processor.py:914} INFO - Processing file /opt/airflow/dags/create_dag_with_taskflow.py for tasks to queue
[2024-09-26T04:58:44.018+0000] {logging_mixin.py:190} INFO - [2024-09-26T04:58:44.017+0000] {dagbag.py:587} INFO - Filling up the DagBag from /opt/airflow/dags/create_dag_with_taskflow.py
[2024-09-26T04:58:44.101+0000] {processor.py:925} INFO - DAG(s) 'dag_with_taskflow_api_v02' retrieved from /opt/airflow/dags/create_dag_with_taskflow.py
[2024-09-26T04:58:44.134+0000] {logging_mixin.py:190} INFO - [2024-09-26T04:58:44.134+0000] {dag.py:3229} INFO - Sync 1 DAGs
[2024-09-26T04:58:44.165+0000] {logging_mixin.py:190} INFO - [2024-09-26T04:58:44.164+0000] {dag.py:4156} INFO - Setting next_dagrun for dag_with_taskflow_api_v02 to 2024-09-22 00:00:00+00:00, run_after=2024-09-23 00:00:00+00:00
[2024-09-26T04:58:44.193+0000] {processor.py:208} INFO - Processing /opt/airflow/dags/create_dag_with_taskflow.py took 0.189 seconds
[2024-09-26T04:59:14.836+0000] {processor.py:186} INFO - Started process (PID=155349) to work on /opt/airflow/dags/create_dag_with_taskflow.py
[2024-09-26T04:59:14.838+0000] {processor.py:914} INFO - Processing file /opt/airflow/dags/create_dag_with_taskflow.py for tasks to queue
[2024-09-26T04:59:14.842+0000] {logging_mixin.py:190} INFO - [2024-09-26T04:59:14.841+0000] {dagbag.py:587} INFO - Filling up the DagBag from /opt/airflow/dags/create_dag_with_taskflow.py
[2024-09-26T04:59:14.925+0000] {processor.py:925} INFO - DAG(s) 'dag_with_taskflow_api_v02' retrieved from /opt/airflow/dags/create_dag_with_taskflow.py
[2024-09-26T04:59:14.951+0000] {logging_mixin.py:190} INFO - [2024-09-26T04:59:14.951+0000] {dag.py:3229} INFO - Sync 1 DAGs
[2024-09-26T04:59:14.978+0000] {logging_mixin.py:190} INFO - [2024-09-26T04:59:14.978+0000] {dag.py:4156} INFO - Setting next_dagrun for dag_with_taskflow_api_v02 to 2024-09-22 00:00:00+00:00, run_after=2024-09-23 00:00:00+00:00
[2024-09-26T04:59:15.006+0000] {processor.py:208} INFO - Processing /opt/airflow/dags/create_dag_with_taskflow.py took 0.177 seconds
[2024-09-26T04:59:45.294+0000] {processor.py:186} INFO - Started process (PID=155392) to work on /opt/airflow/dags/create_dag_with_taskflow.py
[2024-09-26T04:59:45.295+0000] {processor.py:914} INFO - Processing file /opt/airflow/dags/create_dag_with_taskflow.py for tasks to queue
[2024-09-26T04:59:45.297+0000] {logging_mixin.py:190} INFO - [2024-09-26T04:59:45.297+0000] {dagbag.py:587} INFO - Filling up the DagBag from /opt/airflow/dags/create_dag_with_taskflow.py
[2024-09-26T04:59:45.363+0000] {processor.py:925} INFO - DAG(s) 'dag_with_taskflow_api_v02' retrieved from /opt/airflow/dags/create_dag_with_taskflow.py
[2024-09-26T04:59:45.387+0000] {logging_mixin.py:190} INFO - [2024-09-26T04:59:45.386+0000] {dag.py:3229} INFO - Sync 1 DAGs
[2024-09-26T04:59:45.411+0000] {logging_mixin.py:190} INFO - [2024-09-26T04:59:45.411+0000] {dag.py:4156} INFO - Setting next_dagrun for dag_with_taskflow_api_v02 to 2024-09-22 00:00:00+00:00, run_after=2024-09-23 00:00:00+00:00
[2024-09-26T04:59:45.438+0000] {processor.py:208} INFO - Processing /opt/airflow/dags/create_dag_with_taskflow.py took 0.150 seconds
[2024-09-26T05:00:15.959+0000] {processor.py:186} INFO - Started process (PID=155435) to work on /opt/airflow/dags/create_dag_with_taskflow.py
[2024-09-26T05:00:15.962+0000] {processor.py:914} INFO - Processing file /opt/airflow/dags/create_dag_with_taskflow.py for tasks to queue
[2024-09-26T05:00:15.967+0000] {logging_mixin.py:190} INFO - [2024-09-26T05:00:15.966+0000] {dagbag.py:587} INFO - Filling up the DagBag from /opt/airflow/dags/create_dag_with_taskflow.py
[2024-09-26T05:00:16.082+0000] {processor.py:925} INFO - DAG(s) 'dag_with_taskflow_api_v02' retrieved from /opt/airflow/dags/create_dag_with_taskflow.py
[2024-09-26T05:00:16.115+0000] {logging_mixin.py:190} INFO - [2024-09-26T05:00:16.115+0000] {dag.py:3229} INFO - Sync 1 DAGs
[2024-09-26T05:00:16.138+0000] {logging_mixin.py:190} INFO - [2024-09-26T05:00:16.138+0000] {dag.py:4156} INFO - Setting next_dagrun for dag_with_taskflow_api_v02 to 2024-09-22 00:00:00+00:00, run_after=2024-09-23 00:00:00+00:00
[2024-09-26T05:00:16.163+0000] {processor.py:208} INFO - Processing /opt/airflow/dags/create_dag_with_taskflow.py took 0.221 seconds
[2024-09-26T05:00:47.385+0000] {processor.py:186} INFO - Started process (PID=155478) to work on /opt/airflow/dags/create_dag_with_taskflow.py
[2024-09-26T05:00:47.387+0000] {processor.py:914} INFO - Processing file /opt/airflow/dags/create_dag_with_taskflow.py for tasks to queue
[2024-09-26T05:00:47.390+0000] {logging_mixin.py:190} INFO - [2024-09-26T05:00:47.389+0000] {dagbag.py:587} INFO - Filling up the DagBag from /opt/airflow/dags/create_dag_with_taskflow.py
[2024-09-26T05:00:47.464+0000] {processor.py:925} INFO - DAG(s) 'dag_with_taskflow_api_v02' retrieved from /opt/airflow/dags/create_dag_with_taskflow.py
[2024-09-26T05:00:47.495+0000] {logging_mixin.py:190} INFO - [2024-09-26T05:00:47.495+0000] {dag.py:3229} INFO - Sync 1 DAGs
[2024-09-26T05:00:47.524+0000] {logging_mixin.py:190} INFO - [2024-09-26T05:00:47.524+0000] {dag.py:4156} INFO - Setting next_dagrun for dag_with_taskflow_api_v02 to 2024-09-22 00:00:00+00:00, run_after=2024-09-23 00:00:00+00:00
[2024-09-26T05:00:47.553+0000] {processor.py:208} INFO - Processing /opt/airflow/dags/create_dag_with_taskflow.py took 0.177 seconds
[2024-09-26T05:01:17.932+0000] {processor.py:186} INFO - Started process (PID=155519) to work on /opt/airflow/dags/create_dag_with_taskflow.py
[2024-09-26T05:01:17.933+0000] {processor.py:914} INFO - Processing file /opt/airflow/dags/create_dag_with_taskflow.py for tasks to queue
[2024-09-26T05:01:17.935+0000] {logging_mixin.py:190} INFO - [2024-09-26T05:01:17.935+0000] {dagbag.py:587} INFO - Filling up the DagBag from /opt/airflow/dags/create_dag_with_taskflow.py
[2024-09-26T05:01:18.043+0000] {processor.py:925} INFO - DAG(s) 'dag_with_taskflow_api_v02' retrieved from /opt/airflow/dags/create_dag_with_taskflow.py
[2024-09-26T05:01:18.072+0000] {logging_mixin.py:190} INFO - [2024-09-26T05:01:18.071+0000] {dag.py:3229} INFO - Sync 1 DAGs
[2024-09-26T05:01:18.099+0000] {logging_mixin.py:190} INFO - [2024-09-26T05:01:18.098+0000] {dag.py:4156} INFO - Setting next_dagrun for dag_with_taskflow_api_v02 to 2024-09-22 00:00:00+00:00, run_after=2024-09-23 00:00:00+00:00
[2024-09-26T05:01:18.125+0000] {processor.py:208} INFO - Processing /opt/airflow/dags/create_dag_with_taskflow.py took 0.200 seconds
[2024-09-26T05:01:48.512+0000] {processor.py:186} INFO - Started process (PID=155562) to work on /opt/airflow/dags/create_dag_with_taskflow.py
[2024-09-26T05:01:48.513+0000] {processor.py:914} INFO - Processing file /opt/airflow/dags/create_dag_with_taskflow.py for tasks to queue
[2024-09-26T05:01:48.515+0000] {logging_mixin.py:190} INFO - [2024-09-26T05:01:48.515+0000] {dagbag.py:587} INFO - Filling up the DagBag from /opt/airflow/dags/create_dag_with_taskflow.py
[2024-09-26T05:01:48.587+0000] {processor.py:925} INFO - DAG(s) 'dag_with_taskflow_api_v02' retrieved from /opt/airflow/dags/create_dag_with_taskflow.py
[2024-09-26T05:01:48.618+0000] {logging_mixin.py:190} INFO - [2024-09-26T05:01:48.618+0000] {dag.py:3229} INFO - Sync 1 DAGs
[2024-09-26T05:01:48.645+0000] {logging_mixin.py:190} INFO - [2024-09-26T05:01:48.645+0000] {dag.py:4156} INFO - Setting next_dagrun for dag_with_taskflow_api_v02 to 2024-09-22 00:00:00+00:00, run_after=2024-09-23 00:00:00+00:00
[2024-09-26T05:01:48.668+0000] {processor.py:208} INFO - Processing /opt/airflow/dags/create_dag_with_taskflow.py took 0.163 seconds
[2024-09-26T05:02:19.318+0000] {processor.py:186} INFO - Started process (PID=155605) to work on /opt/airflow/dags/create_dag_with_taskflow.py
[2024-09-26T05:02:19.320+0000] {processor.py:914} INFO - Processing file /opt/airflow/dags/create_dag_with_taskflow.py for tasks to queue
[2024-09-26T05:02:19.321+0000] {logging_mixin.py:190} INFO - [2024-09-26T05:02:19.321+0000] {dagbag.py:587} INFO - Filling up the DagBag from /opt/airflow/dags/create_dag_with_taskflow.py
[2024-09-26T05:02:19.401+0000] {processor.py:925} INFO - DAG(s) 'dag_with_taskflow_api_v02' retrieved from /opt/airflow/dags/create_dag_with_taskflow.py
[2024-09-26T05:02:19.426+0000] {logging_mixin.py:190} INFO - [2024-09-26T05:02:19.426+0000] {dag.py:3229} INFO - Sync 1 DAGs
[2024-09-26T05:02:19.448+0000] {logging_mixin.py:190} INFO - [2024-09-26T05:02:19.448+0000] {dag.py:4156} INFO - Setting next_dagrun for dag_with_taskflow_api_v02 to 2024-09-22 00:00:00+00:00, run_after=2024-09-23 00:00:00+00:00
[2024-09-26T05:02:19.472+0000] {processor.py:208} INFO - Processing /opt/airflow/dags/create_dag_with_taskflow.py took 0.159 seconds
[2024-09-26T05:02:49.869+0000] {processor.py:186} INFO - Started process (PID=155648) to work on /opt/airflow/dags/create_dag_with_taskflow.py
[2024-09-26T05:02:49.870+0000] {processor.py:914} INFO - Processing file /opt/airflow/dags/create_dag_with_taskflow.py for tasks to queue
[2024-09-26T05:02:49.872+0000] {logging_mixin.py:190} INFO - [2024-09-26T05:02:49.872+0000] {dagbag.py:587} INFO - Filling up the DagBag from /opt/airflow/dags/create_dag_with_taskflow.py
[2024-09-26T05:02:49.944+0000] {processor.py:925} INFO - DAG(s) 'dag_with_taskflow_api_v02' retrieved from /opt/airflow/dags/create_dag_with_taskflow.py
[2024-09-26T05:02:49.970+0000] {logging_mixin.py:190} INFO - [2024-09-26T05:02:49.970+0000] {dag.py:3229} INFO - Sync 1 DAGs
[2024-09-26T05:02:49.991+0000] {logging_mixin.py:190} INFO - [2024-09-26T05:02:49.991+0000] {dag.py:4156} INFO - Setting next_dagrun for dag_with_taskflow_api_v02 to 2024-09-22 00:00:00+00:00, run_after=2024-09-23 00:00:00+00:00
[2024-09-26T05:02:50.013+0000] {processor.py:208} INFO - Processing /opt/airflow/dags/create_dag_with_taskflow.py took 0.149 seconds
[2024-09-26T05:03:20.465+0000] {processor.py:186} INFO - Started process (PID=155691) to work on /opt/airflow/dags/create_dag_with_taskflow.py
[2024-09-26T05:03:20.468+0000] {processor.py:914} INFO - Processing file /opt/airflow/dags/create_dag_with_taskflow.py for tasks to queue
[2024-09-26T05:03:20.471+0000] {logging_mixin.py:190} INFO - [2024-09-26T05:03:20.470+0000] {dagbag.py:587} INFO - Filling up the DagBag from /opt/airflow/dags/create_dag_with_taskflow.py
[2024-09-26T05:03:20.556+0000] {processor.py:925} INFO - DAG(s) 'dag_with_taskflow_api_v02' retrieved from /opt/airflow/dags/create_dag_with_taskflow.py
[2024-09-26T05:03:20.583+0000] {logging_mixin.py:190} INFO - [2024-09-26T05:03:20.583+0000] {dag.py:3229} INFO - Sync 1 DAGs
[2024-09-26T05:03:20.606+0000] {logging_mixin.py:190} INFO - [2024-09-26T05:03:20.606+0000] {dag.py:4156} INFO - Setting next_dagrun for dag_with_taskflow_api_v02 to 2024-09-22 00:00:00+00:00, run_after=2024-09-23 00:00:00+00:00
[2024-09-26T05:03:20.636+0000] {processor.py:208} INFO - Processing /opt/airflow/dags/create_dag_with_taskflow.py took 0.180 seconds
[2024-09-26T05:03:50.857+0000] {processor.py:186} INFO - Started process (PID=155734) to work on /opt/airflow/dags/create_dag_with_taskflow.py
[2024-09-26T05:03:50.859+0000] {processor.py:914} INFO - Processing file /opt/airflow/dags/create_dag_with_taskflow.py for tasks to queue
[2024-09-26T05:03:50.861+0000] {logging_mixin.py:190} INFO - [2024-09-26T05:03:50.861+0000] {dagbag.py:587} INFO - Filling up the DagBag from /opt/airflow/dags/create_dag_with_taskflow.py
[2024-09-26T05:03:50.945+0000] {processor.py:925} INFO - DAG(s) 'dag_with_taskflow_api_v02' retrieved from /opt/airflow/dags/create_dag_with_taskflow.py
[2024-09-26T05:03:50.965+0000] {logging_mixin.py:190} INFO - [2024-09-26T05:03:50.965+0000] {dag.py:3229} INFO - Sync 1 DAGs
[2024-09-26T05:03:50.995+0000] {logging_mixin.py:190} INFO - [2024-09-26T05:03:50.995+0000] {dag.py:4156} INFO - Setting next_dagrun for dag_with_taskflow_api_v02 to 2024-09-22 00:00:00+00:00, run_after=2024-09-23 00:00:00+00:00
[2024-09-26T05:03:51.021+0000] {processor.py:208} INFO - Processing /opt/airflow/dags/create_dag_with_taskflow.py took 0.171 seconds
[2024-09-26T05:04:21.964+0000] {processor.py:186} INFO - Started process (PID=155779) to work on /opt/airflow/dags/create_dag_with_taskflow.py
[2024-09-26T05:04:21.968+0000] {processor.py:914} INFO - Processing file /opt/airflow/dags/create_dag_with_taskflow.py for tasks to queue
[2024-09-26T05:04:21.970+0000] {logging_mixin.py:190} INFO - [2024-09-26T05:04:21.970+0000] {dagbag.py:587} INFO - Filling up the DagBag from /opt/airflow/dags/create_dag_with_taskflow.py
[2024-09-26T05:04:22.083+0000] {processor.py:925} INFO - DAG(s) 'dag_with_taskflow_api_v02' retrieved from /opt/airflow/dags/create_dag_with_taskflow.py
[2024-09-26T05:04:22.120+0000] {logging_mixin.py:190} INFO - [2024-09-26T05:04:22.119+0000] {dag.py:3229} INFO - Sync 1 DAGs
[2024-09-26T05:04:22.143+0000] {logging_mixin.py:190} INFO - [2024-09-26T05:04:22.143+0000] {dag.py:4156} INFO - Setting next_dagrun for dag_with_taskflow_api_v02 to 2024-09-22 00:00:00+00:00, run_after=2024-09-23 00:00:00+00:00
[2024-09-26T05:04:22.174+0000] {processor.py:208} INFO - Processing /opt/airflow/dags/create_dag_with_taskflow.py took 0.219 seconds
[2024-09-26T05:04:52.693+0000] {processor.py:186} INFO - Started process (PID=155822) to work on /opt/airflow/dags/create_dag_with_taskflow.py
[2024-09-26T05:04:52.696+0000] {processor.py:914} INFO - Processing file /opt/airflow/dags/create_dag_with_taskflow.py for tasks to queue
[2024-09-26T05:04:52.701+0000] {logging_mixin.py:190} INFO - [2024-09-26T05:04:52.701+0000] {dagbag.py:587} INFO - Filling up the DagBag from /opt/airflow/dags/create_dag_with_taskflow.py
[2024-09-26T05:04:52.828+0000] {processor.py:925} INFO - DAG(s) 'dag_with_taskflow_api_v02' retrieved from /opt/airflow/dags/create_dag_with_taskflow.py
[2024-09-26T05:04:52.872+0000] {logging_mixin.py:190} INFO - [2024-09-26T05:04:52.872+0000] {dag.py:3229} INFO - Sync 1 DAGs
[2024-09-26T05:04:52.898+0000] {logging_mixin.py:190} INFO - [2024-09-26T05:04:52.898+0000] {dag.py:4156} INFO - Setting next_dagrun for dag_with_taskflow_api_v02 to 2024-09-22 00:00:00+00:00, run_after=2024-09-23 00:00:00+00:00
[2024-09-26T05:04:52.924+0000] {processor.py:208} INFO - Processing /opt/airflow/dags/create_dag_with_taskflow.py took 0.240 seconds
[2024-09-26T05:05:23.483+0000] {processor.py:186} INFO - Started process (PID=155865) to work on /opt/airflow/dags/create_dag_with_taskflow.py
[2024-09-26T05:05:23.485+0000] {processor.py:914} INFO - Processing file /opt/airflow/dags/create_dag_with_taskflow.py for tasks to queue
[2024-09-26T05:05:23.487+0000] {logging_mixin.py:190} INFO - [2024-09-26T05:05:23.487+0000] {dagbag.py:587} INFO - Filling up the DagBag from /opt/airflow/dags/create_dag_with_taskflow.py
[2024-09-26T05:05:23.583+0000] {processor.py:925} INFO - DAG(s) 'dag_with_taskflow_api_v02' retrieved from /opt/airflow/dags/create_dag_with_taskflow.py
[2024-09-26T05:05:23.607+0000] {logging_mixin.py:190} INFO - [2024-09-26T05:05:23.607+0000] {dag.py:3229} INFO - Sync 1 DAGs
[2024-09-26T05:05:23.629+0000] {logging_mixin.py:190} INFO - [2024-09-26T05:05:23.629+0000] {dag.py:4156} INFO - Setting next_dagrun for dag_with_taskflow_api_v02 to 2024-09-22 00:00:00+00:00, run_after=2024-09-23 00:00:00+00:00
[2024-09-26T05:05:23.654+0000] {processor.py:208} INFO - Processing /opt/airflow/dags/create_dag_with_taskflow.py took 0.181 seconds
[2024-09-26T05:05:54.063+0000] {processor.py:186} INFO - Started process (PID=155906) to work on /opt/airflow/dags/create_dag_with_taskflow.py
[2024-09-26T05:05:54.065+0000] {processor.py:914} INFO - Processing file /opt/airflow/dags/create_dag_with_taskflow.py for tasks to queue
[2024-09-26T05:05:54.067+0000] {logging_mixin.py:190} INFO - [2024-09-26T05:05:54.067+0000] {dagbag.py:587} INFO - Filling up the DagBag from /opt/airflow/dags/create_dag_with_taskflow.py
[2024-09-26T05:05:54.159+0000] {processor.py:925} INFO - DAG(s) 'dag_with_taskflow_api_v02' retrieved from /opt/airflow/dags/create_dag_with_taskflow.py
[2024-09-26T05:05:54.186+0000] {logging_mixin.py:190} INFO - [2024-09-26T05:05:54.186+0000] {dag.py:3229} INFO - Sync 1 DAGs
[2024-09-26T05:05:54.209+0000] {logging_mixin.py:190} INFO - [2024-09-26T05:05:54.208+0000] {dag.py:4156} INFO - Setting next_dagrun for dag_with_taskflow_api_v02 to 2024-09-22 00:00:00+00:00, run_after=2024-09-23 00:00:00+00:00
[2024-09-26T05:05:54.233+0000] {processor.py:208} INFO - Processing /opt/airflow/dags/create_dag_with_taskflow.py took 0.180 seconds
[2024-09-26T05:06:24.608+0000] {processor.py:186} INFO - Started process (PID=155949) to work on /opt/airflow/dags/create_dag_with_taskflow.py
[2024-09-26T05:06:24.610+0000] {processor.py:914} INFO - Processing file /opt/airflow/dags/create_dag_with_taskflow.py for tasks to queue
[2024-09-26T05:06:24.612+0000] {logging_mixin.py:190} INFO - [2024-09-26T05:06:24.611+0000] {dagbag.py:587} INFO - Filling up the DagBag from /opt/airflow/dags/create_dag_with_taskflow.py
[2024-09-26T05:06:24.688+0000] {processor.py:925} INFO - DAG(s) 'dag_with_taskflow_api_v02' retrieved from /opt/airflow/dags/create_dag_with_taskflow.py
[2024-09-26T05:06:24.721+0000] {logging_mixin.py:190} INFO - [2024-09-26T05:06:24.721+0000] {dag.py:3229} INFO - Sync 1 DAGs
[2024-09-26T05:06:24.747+0000] {logging_mixin.py:190} INFO - [2024-09-26T05:06:24.747+0000] {dag.py:4156} INFO - Setting next_dagrun for dag_with_taskflow_api_v02 to 2024-09-22 00:00:00+00:00, run_after=2024-09-23 00:00:00+00:00
[2024-09-26T05:06:24.772+0000] {processor.py:208} INFO - Processing /opt/airflow/dags/create_dag_with_taskflow.py took 0.171 seconds
[2024-09-26T05:06:55.733+0000] {processor.py:186} INFO - Started process (PID=155992) to work on /opt/airflow/dags/create_dag_with_taskflow.py
[2024-09-26T05:06:55.735+0000] {processor.py:914} INFO - Processing file /opt/airflow/dags/create_dag_with_taskflow.py for tasks to queue
[2024-09-26T05:06:55.737+0000] {logging_mixin.py:190} INFO - [2024-09-26T05:06:55.737+0000] {dagbag.py:587} INFO - Filling up the DagBag from /opt/airflow/dags/create_dag_with_taskflow.py
[2024-09-26T05:06:55.857+0000] {processor.py:925} INFO - DAG(s) 'dag_with_taskflow_api_v02' retrieved from /opt/airflow/dags/create_dag_with_taskflow.py
[2024-09-26T05:06:55.901+0000] {logging_mixin.py:190} INFO - [2024-09-26T05:06:55.901+0000] {dag.py:3229} INFO - Sync 1 DAGs
[2024-09-26T05:06:55.935+0000] {logging_mixin.py:190} INFO - [2024-09-26T05:06:55.935+0000] {dag.py:4156} INFO - Setting next_dagrun for dag_with_taskflow_api_v02 to 2024-09-22 00:00:00+00:00, run_after=2024-09-23 00:00:00+00:00
[2024-09-26T05:06:55.970+0000] {processor.py:208} INFO - Processing /opt/airflow/dags/create_dag_with_taskflow.py took 0.249 seconds
[2024-09-26T05:07:26.542+0000] {processor.py:186} INFO - Started process (PID=156037) to work on /opt/airflow/dags/create_dag_with_taskflow.py
[2024-09-26T05:07:26.544+0000] {processor.py:914} INFO - Processing file /opt/airflow/dags/create_dag_with_taskflow.py for tasks to queue
[2024-09-26T05:07:26.546+0000] {logging_mixin.py:190} INFO - [2024-09-26T05:07:26.546+0000] {dagbag.py:587} INFO - Filling up the DagBag from /opt/airflow/dags/create_dag_with_taskflow.py
[2024-09-26T05:07:26.666+0000] {processor.py:925} INFO - DAG(s) 'dag_with_taskflow_api_v02' retrieved from /opt/airflow/dags/create_dag_with_taskflow.py
[2024-09-26T05:07:26.694+0000] {logging_mixin.py:190} INFO - [2024-09-26T05:07:26.693+0000] {dag.py:3229} INFO - Sync 1 DAGs
[2024-09-26T05:07:26.714+0000] {logging_mixin.py:190} INFO - [2024-09-26T05:07:26.714+0000] {dag.py:4156} INFO - Setting next_dagrun for dag_with_taskflow_api_v02 to 2024-09-22 00:00:00+00:00, run_after=2024-09-23 00:00:00+00:00
[2024-09-26T05:07:26.740+0000] {processor.py:208} INFO - Processing /opt/airflow/dags/create_dag_with_taskflow.py took 0.207 seconds
[2024-09-26T05:07:57.481+0000] {processor.py:186} INFO - Started process (PID=156080) to work on /opt/airflow/dags/create_dag_with_taskflow.py
[2024-09-26T05:07:57.483+0000] {processor.py:914} INFO - Processing file /opt/airflow/dags/create_dag_with_taskflow.py for tasks to queue
[2024-09-26T05:07:57.487+0000] {logging_mixin.py:190} INFO - [2024-09-26T05:07:57.487+0000] {dagbag.py:587} INFO - Filling up the DagBag from /opt/airflow/dags/create_dag_with_taskflow.py
[2024-09-26T05:07:57.605+0000] {processor.py:925} INFO - DAG(s) 'dag_with_taskflow_api_v02' retrieved from /opt/airflow/dags/create_dag_with_taskflow.py
[2024-09-26T05:07:57.631+0000] {logging_mixin.py:190} INFO - [2024-09-26T05:07:57.631+0000] {dag.py:3229} INFO - Sync 1 DAGs
[2024-09-26T05:07:57.652+0000] {logging_mixin.py:190} INFO - [2024-09-26T05:07:57.651+0000] {dag.py:4156} INFO - Setting next_dagrun for dag_with_taskflow_api_v02 to 2024-09-22 00:00:00+00:00, run_after=2024-09-23 00:00:00+00:00
[2024-09-26T05:07:57.685+0000] {processor.py:208} INFO - Processing /opt/airflow/dags/create_dag_with_taskflow.py took 0.215 seconds
[2024-09-26T05:08:29.682+0000] {processor.py:186} INFO - Started process (PID=156123) to work on /opt/airflow/dags/create_dag_with_taskflow.py
[2024-09-26T05:08:29.684+0000] {processor.py:914} INFO - Processing file /opt/airflow/dags/create_dag_with_taskflow.py for tasks to queue
[2024-09-26T05:08:29.687+0000] {logging_mixin.py:190} INFO - [2024-09-26T05:08:29.687+0000] {dagbag.py:587} INFO - Filling up the DagBag from /opt/airflow/dags/create_dag_with_taskflow.py
[2024-09-26T05:08:29.806+0000] {processor.py:925} INFO - DAG(s) 'dag_with_taskflow_api_v02' retrieved from /opt/airflow/dags/create_dag_with_taskflow.py
[2024-09-26T05:08:29.844+0000] {logging_mixin.py:190} INFO - [2024-09-26T05:08:29.844+0000] {dag.py:3229} INFO - Sync 1 DAGs
[2024-09-26T05:08:29.867+0000] {logging_mixin.py:190} INFO - [2024-09-26T05:08:29.867+0000] {dag.py:4156} INFO - Setting next_dagrun for dag_with_taskflow_api_v02 to 2024-09-22 00:00:00+00:00, run_after=2024-09-23 00:00:00+00:00
[2024-09-26T05:08:29.901+0000] {processor.py:208} INFO - Processing /opt/airflow/dags/create_dag_with_taskflow.py took 0.227 seconds
[2024-09-26T05:09:00.278+0000] {processor.py:186} INFO - Started process (PID=156166) to work on /opt/airflow/dags/create_dag_with_taskflow.py
[2024-09-26T05:09:00.280+0000] {processor.py:914} INFO - Processing file /opt/airflow/dags/create_dag_with_taskflow.py for tasks to queue
[2024-09-26T05:09:00.282+0000] {logging_mixin.py:190} INFO - [2024-09-26T05:09:00.282+0000] {dagbag.py:587} INFO - Filling up the DagBag from /opt/airflow/dags/create_dag_with_taskflow.py
[2024-09-26T05:09:00.392+0000] {processor.py:925} INFO - DAG(s) 'dag_with_taskflow_api_v02' retrieved from /opt/airflow/dags/create_dag_with_taskflow.py
[2024-09-26T05:09:00.421+0000] {logging_mixin.py:190} INFO - [2024-09-26T05:09:00.420+0000] {dag.py:3229} INFO - Sync 1 DAGs
[2024-09-26T05:09:00.442+0000] {logging_mixin.py:190} INFO - [2024-09-26T05:09:00.442+0000] {dag.py:4156} INFO - Setting next_dagrun for dag_with_taskflow_api_v02 to 2024-09-22 00:00:00+00:00, run_after=2024-09-23 00:00:00+00:00
[2024-09-26T05:09:00.470+0000] {processor.py:208} INFO - Processing /opt/airflow/dags/create_dag_with_taskflow.py took 0.197 seconds
[2024-09-26T05:09:31.041+0000] {processor.py:186} INFO - Started process (PID=156209) to work on /opt/airflow/dags/create_dag_with_taskflow.py
[2024-09-26T05:09:31.043+0000] {processor.py:914} INFO - Processing file /opt/airflow/dags/create_dag_with_taskflow.py for tasks to queue
[2024-09-26T05:09:31.045+0000] {logging_mixin.py:190} INFO - [2024-09-26T05:09:31.045+0000] {dagbag.py:587} INFO - Filling up the DagBag from /opt/airflow/dags/create_dag_with_taskflow.py
[2024-09-26T05:09:31.155+0000] {processor.py:925} INFO - DAG(s) 'dag_with_taskflow_api_v02' retrieved from /opt/airflow/dags/create_dag_with_taskflow.py
[2024-09-26T05:09:31.181+0000] {logging_mixin.py:190} INFO - [2024-09-26T05:09:31.181+0000] {dag.py:3229} INFO - Sync 1 DAGs
[2024-09-26T05:09:31.202+0000] {logging_mixin.py:190} INFO - [2024-09-26T05:09:31.202+0000] {dag.py:4156} INFO - Setting next_dagrun for dag_with_taskflow_api_v02 to 2024-09-22 00:00:00+00:00, run_after=2024-09-23 00:00:00+00:00
[2024-09-26T05:09:31.243+0000] {processor.py:208} INFO - Processing /opt/airflow/dags/create_dag_with_taskflow.py took 0.210 seconds
[2024-09-26T05:10:01.733+0000] {processor.py:186} INFO - Started process (PID=156252) to work on /opt/airflow/dags/create_dag_with_taskflow.py
[2024-09-26T05:10:01.734+0000] {processor.py:914} INFO - Processing file /opt/airflow/dags/create_dag_with_taskflow.py for tasks to queue
[2024-09-26T05:10:01.737+0000] {logging_mixin.py:190} INFO - [2024-09-26T05:10:01.736+0000] {dagbag.py:587} INFO - Filling up the DagBag from /opt/airflow/dags/create_dag_with_taskflow.py
[2024-09-26T05:10:01.817+0000] {processor.py:925} INFO - DAG(s) 'dag_with_taskflow_api_v02' retrieved from /opt/airflow/dags/create_dag_with_taskflow.py
[2024-09-26T05:10:01.842+0000] {logging_mixin.py:190} INFO - [2024-09-26T05:10:01.842+0000] {dag.py:3229} INFO - Sync 1 DAGs
[2024-09-26T05:10:01.866+0000] {logging_mixin.py:190} INFO - [2024-09-26T05:10:01.866+0000] {dag.py:4156} INFO - Setting next_dagrun for dag_with_taskflow_api_v02 to 2024-09-22 00:00:00+00:00, run_after=2024-09-23 00:00:00+00:00
[2024-09-26T05:10:01.893+0000] {processor.py:208} INFO - Processing /opt/airflow/dags/create_dag_with_taskflow.py took 0.165 seconds
[2024-09-26T05:10:32.482+0000] {processor.py:186} INFO - Started process (PID=156295) to work on /opt/airflow/dags/create_dag_with_taskflow.py
[2024-09-26T05:10:32.485+0000] {processor.py:914} INFO - Processing file /opt/airflow/dags/create_dag_with_taskflow.py for tasks to queue
[2024-09-26T05:10:32.487+0000] {logging_mixin.py:190} INFO - [2024-09-26T05:10:32.487+0000] {dagbag.py:587} INFO - Filling up the DagBag from /opt/airflow/dags/create_dag_with_taskflow.py
[2024-09-26T05:10:32.599+0000] {processor.py:925} INFO - DAG(s) 'dag_with_taskflow_api_v02' retrieved from /opt/airflow/dags/create_dag_with_taskflow.py
[2024-09-26T05:10:32.625+0000] {logging_mixin.py:190} INFO - [2024-09-26T05:10:32.625+0000] {dag.py:3229} INFO - Sync 1 DAGs
[2024-09-26T05:10:32.646+0000] {logging_mixin.py:190} INFO - [2024-09-26T05:10:32.646+0000] {dag.py:4156} INFO - Setting next_dagrun for dag_with_taskflow_api_v02 to 2024-09-22 00:00:00+00:00, run_after=2024-09-23 00:00:00+00:00
[2024-09-26T05:10:32.681+0000] {processor.py:208} INFO - Processing /opt/airflow/dags/create_dag_with_taskflow.py took 0.210 seconds
[2024-09-26T05:11:03.907+0000] {processor.py:186} INFO - Started process (PID=156338) to work on /opt/airflow/dags/create_dag_with_taskflow.py
[2024-09-26T05:11:03.909+0000] {processor.py:914} INFO - Processing file /opt/airflow/dags/create_dag_with_taskflow.py for tasks to queue
[2024-09-26T05:11:03.912+0000] {logging_mixin.py:190} INFO - [2024-09-26T05:11:03.912+0000] {dagbag.py:587} INFO - Filling up the DagBag from /opt/airflow/dags/create_dag_with_taskflow.py
[2024-09-26T05:11:04.050+0000] {processor.py:925} INFO - DAG(s) 'dag_with_taskflow_api_v02' retrieved from /opt/airflow/dags/create_dag_with_taskflow.py
[2024-09-26T05:11:04.076+0000] {logging_mixin.py:190} INFO - [2024-09-26T05:11:04.076+0000] {dag.py:3229} INFO - Sync 1 DAGs
[2024-09-26T05:11:04.097+0000] {logging_mixin.py:190} INFO - [2024-09-26T05:11:04.096+0000] {dag.py:4156} INFO - Setting next_dagrun for dag_with_taskflow_api_v02 to 2024-09-22 00:00:00+00:00, run_after=2024-09-23 00:00:00+00:00
[2024-09-26T05:11:04.242+0000] {processor.py:208} INFO - Processing /opt/airflow/dags/create_dag_with_taskflow.py took 0.346 seconds
[2024-09-26T05:11:34.987+0000] {processor.py:186} INFO - Started process (PID=156381) to work on /opt/airflow/dags/create_dag_with_taskflow.py
[2024-09-26T05:11:34.989+0000] {processor.py:914} INFO - Processing file /opt/airflow/dags/create_dag_with_taskflow.py for tasks to queue
[2024-09-26T05:11:34.992+0000] {logging_mixin.py:190} INFO - [2024-09-26T05:11:34.991+0000] {dagbag.py:587} INFO - Filling up the DagBag from /opt/airflow/dags/create_dag_with_taskflow.py
[2024-09-26T05:11:35.110+0000] {processor.py:925} INFO - DAG(s) 'dag_with_taskflow_api_v02' retrieved from /opt/airflow/dags/create_dag_with_taskflow.py
[2024-09-26T05:11:35.136+0000] {logging_mixin.py:190} INFO - [2024-09-26T05:11:35.136+0000] {dag.py:3229} INFO - Sync 1 DAGs
[2024-09-26T05:11:35.158+0000] {logging_mixin.py:190} INFO - [2024-09-26T05:11:35.157+0000] {dag.py:4156} INFO - Setting next_dagrun for dag_with_taskflow_api_v02 to 2024-09-22 00:00:00+00:00, run_after=2024-09-23 00:00:00+00:00
[2024-09-26T05:11:35.188+0000] {processor.py:208} INFO - Processing /opt/airflow/dags/create_dag_with_taskflow.py took 0.212 seconds
[2024-09-26T05:12:05.649+0000] {processor.py:186} INFO - Started process (PID=156424) to work on /opt/airflow/dags/create_dag_with_taskflow.py
[2024-09-26T05:12:05.652+0000] {processor.py:914} INFO - Processing file /opt/airflow/dags/create_dag_with_taskflow.py for tasks to queue
[2024-09-26T05:12:05.655+0000] {logging_mixin.py:190} INFO - [2024-09-26T05:12:05.654+0000] {dagbag.py:587} INFO - Filling up the DagBag from /opt/airflow/dags/create_dag_with_taskflow.py
[2024-09-26T05:12:05.766+0000] {processor.py:925} INFO - DAG(s) 'dag_with_taskflow_api_v02' retrieved from /opt/airflow/dags/create_dag_with_taskflow.py
[2024-09-26T05:12:05.798+0000] {logging_mixin.py:190} INFO - [2024-09-26T05:12:05.798+0000] {dag.py:3229} INFO - Sync 1 DAGs
[2024-09-26T05:12:05.821+0000] {logging_mixin.py:190} INFO - [2024-09-26T05:12:05.821+0000] {dag.py:4156} INFO - Setting next_dagrun for dag_with_taskflow_api_v02 to 2024-09-22 00:00:00+00:00, run_after=2024-09-23 00:00:00+00:00
[2024-09-26T05:12:05.851+0000] {processor.py:208} INFO - Processing /opt/airflow/dags/create_dag_with_taskflow.py took 0.213 seconds
[2024-09-26T05:12:36.224+0000] {processor.py:186} INFO - Started process (PID=156467) to work on /opt/airflow/dags/create_dag_with_taskflow.py
[2024-09-26T05:12:36.226+0000] {processor.py:914} INFO - Processing file /opt/airflow/dags/create_dag_with_taskflow.py for tasks to queue
[2024-09-26T05:12:36.229+0000] {logging_mixin.py:190} INFO - [2024-09-26T05:12:36.228+0000] {dagbag.py:587} INFO - Filling up the DagBag from /opt/airflow/dags/create_dag_with_taskflow.py
[2024-09-26T05:12:36.312+0000] {processor.py:925} INFO - DAG(s) 'dag_with_taskflow_api_v02' retrieved from /opt/airflow/dags/create_dag_with_taskflow.py
[2024-09-26T05:12:36.341+0000] {logging_mixin.py:190} INFO - [2024-09-26T05:12:36.340+0000] {dag.py:3229} INFO - Sync 1 DAGs
[2024-09-26T05:12:36.363+0000] {logging_mixin.py:190} INFO - [2024-09-26T05:12:36.363+0000] {dag.py:4156} INFO - Setting next_dagrun for dag_with_taskflow_api_v02 to 2024-09-22 00:00:00+00:00, run_after=2024-09-23 00:00:00+00:00
[2024-09-26T05:12:36.390+0000] {processor.py:208} INFO - Processing /opt/airflow/dags/create_dag_with_taskflow.py took 0.172 seconds
[2024-09-26T05:13:06.768+0000] {processor.py:186} INFO - Started process (PID=156510) to work on /opt/airflow/dags/create_dag_with_taskflow.py
[2024-09-26T05:13:06.770+0000] {processor.py:914} INFO - Processing file /opt/airflow/dags/create_dag_with_taskflow.py for tasks to queue
[2024-09-26T05:13:06.772+0000] {logging_mixin.py:190} INFO - [2024-09-26T05:13:06.772+0000] {dagbag.py:587} INFO - Filling up the DagBag from /opt/airflow/dags/create_dag_with_taskflow.py
[2024-09-26T05:13:06.857+0000] {processor.py:925} INFO - DAG(s) 'dag_with_taskflow_api_v02' retrieved from /opt/airflow/dags/create_dag_with_taskflow.py
[2024-09-26T05:13:06.886+0000] {logging_mixin.py:190} INFO - [2024-09-26T05:13:06.886+0000] {dag.py:3229} INFO - Sync 1 DAGs
[2024-09-26T05:13:06.908+0000] {logging_mixin.py:190} INFO - [2024-09-26T05:13:06.907+0000] {dag.py:4156} INFO - Setting next_dagrun for dag_with_taskflow_api_v02 to 2024-09-22 00:00:00+00:00, run_after=2024-09-23 00:00:00+00:00
[2024-09-26T05:13:06.933+0000] {processor.py:208} INFO - Processing /opt/airflow/dags/create_dag_with_taskflow.py took 0.170 seconds
[2024-09-26T05:13:37.576+0000] {processor.py:186} INFO - Started process (PID=156553) to work on /opt/airflow/dags/create_dag_with_taskflow.py
[2024-09-26T05:13:37.578+0000] {processor.py:914} INFO - Processing file /opt/airflow/dags/create_dag_with_taskflow.py for tasks to queue
[2024-09-26T05:13:37.580+0000] {logging_mixin.py:190} INFO - [2024-09-26T05:13:37.579+0000] {dagbag.py:587} INFO - Filling up the DagBag from /opt/airflow/dags/create_dag_with_taskflow.py
[2024-09-26T05:13:37.700+0000] {processor.py:925} INFO - DAG(s) 'dag_with_taskflow_api_v02' retrieved from /opt/airflow/dags/create_dag_with_taskflow.py
[2024-09-26T05:13:37.727+0000] {logging_mixin.py:190} INFO - [2024-09-26T05:13:37.727+0000] {dag.py:3229} INFO - Sync 1 DAGs
[2024-09-26T05:13:37.747+0000] {logging_mixin.py:190} INFO - [2024-09-26T05:13:37.747+0000] {dag.py:4156} INFO - Setting next_dagrun for dag_with_taskflow_api_v02 to 2024-09-22 00:00:00+00:00, run_after=2024-09-23 00:00:00+00:00
[2024-09-26T05:13:37.774+0000] {processor.py:208} INFO - Processing /opt/airflow/dags/create_dag_with_taskflow.py took 0.206 seconds
[2024-09-26T05:14:08.576+0000] {processor.py:186} INFO - Started process (PID=156596) to work on /opt/airflow/dags/create_dag_with_taskflow.py
[2024-09-26T05:14:08.578+0000] {processor.py:914} INFO - Processing file /opt/airflow/dags/create_dag_with_taskflow.py for tasks to queue
[2024-09-26T05:14:08.581+0000] {logging_mixin.py:190} INFO - [2024-09-26T05:14:08.580+0000] {dagbag.py:587} INFO - Filling up the DagBag from /opt/airflow/dags/create_dag_with_taskflow.py
[2024-09-26T05:14:08.698+0000] {processor.py:925} INFO - DAG(s) 'dag_with_taskflow_api_v02' retrieved from /opt/airflow/dags/create_dag_with_taskflow.py
[2024-09-26T05:14:08.722+0000] {logging_mixin.py:190} INFO - [2024-09-26T05:14:08.722+0000] {dag.py:3229} INFO - Sync 1 DAGs
[2024-09-26T05:14:08.864+0000] {logging_mixin.py:190} INFO - [2024-09-26T05:14:08.864+0000] {dag.py:4156} INFO - Setting next_dagrun for dag_with_taskflow_api_v02 to 2024-09-22 00:00:00+00:00, run_after=2024-09-23 00:00:00+00:00
[2024-09-26T05:14:08.896+0000] {processor.py:208} INFO - Processing /opt/airflow/dags/create_dag_with_taskflow.py took 0.325 seconds
[2024-09-26T05:14:39.146+0000] {processor.py:186} INFO - Started process (PID=156639) to work on /opt/airflow/dags/create_dag_with_taskflow.py
[2024-09-26T05:14:39.150+0000] {processor.py:914} INFO - Processing file /opt/airflow/dags/create_dag_with_taskflow.py for tasks to queue
[2024-09-26T05:14:39.156+0000] {logging_mixin.py:190} INFO - [2024-09-26T05:14:39.154+0000] {dagbag.py:587} INFO - Filling up the DagBag from /opt/airflow/dags/create_dag_with_taskflow.py
[2024-09-26T05:14:39.253+0000] {processor.py:925} INFO - DAG(s) 'dag_with_taskflow_api_v02' retrieved from /opt/airflow/dags/create_dag_with_taskflow.py
[2024-09-26T05:14:39.282+0000] {logging_mixin.py:190} INFO - [2024-09-26T05:14:39.282+0000] {dag.py:3229} INFO - Sync 1 DAGs
[2024-09-26T05:14:39.309+0000] {logging_mixin.py:190} INFO - [2024-09-26T05:14:39.308+0000] {dag.py:4156} INFO - Setting next_dagrun for dag_with_taskflow_api_v02 to 2024-09-22 00:00:00+00:00, run_after=2024-09-23 00:00:00+00:00
[2024-09-26T05:14:39.346+0000] {processor.py:208} INFO - Processing /opt/airflow/dags/create_dag_with_taskflow.py took 0.209 seconds
[2024-09-26T05:15:09.865+0000] {processor.py:186} INFO - Started process (PID=156682) to work on /opt/airflow/dags/create_dag_with_taskflow.py
[2024-09-26T05:15:09.868+0000] {processor.py:914} INFO - Processing file /opt/airflow/dags/create_dag_with_taskflow.py for tasks to queue
[2024-09-26T05:15:09.871+0000] {logging_mixin.py:190} INFO - [2024-09-26T05:15:09.871+0000] {dagbag.py:587} INFO - Filling up the DagBag from /opt/airflow/dags/create_dag_with_taskflow.py
[2024-09-26T05:15:09.972+0000] {processor.py:925} INFO - DAG(s) 'dag_with_taskflow_api_v02' retrieved from /opt/airflow/dags/create_dag_with_taskflow.py
[2024-09-26T05:15:09.998+0000] {logging_mixin.py:190} INFO - [2024-09-26T05:15:09.998+0000] {dag.py:3229} INFO - Sync 1 DAGs
[2024-09-26T05:15:10.020+0000] {logging_mixin.py:190} INFO - [2024-09-26T05:15:10.020+0000] {dag.py:4156} INFO - Setting next_dagrun for dag_with_taskflow_api_v02 to 2024-09-22 00:00:00+00:00, run_after=2024-09-23 00:00:00+00:00
[2024-09-26T05:15:10.046+0000] {processor.py:208} INFO - Processing /opt/airflow/dags/create_dag_with_taskflow.py took 0.193 seconds
[2024-09-26T05:15:40.478+0000] {processor.py:186} INFO - Started process (PID=156723) to work on /opt/airflow/dags/create_dag_with_taskflow.py
[2024-09-26T05:15:40.479+0000] {processor.py:914} INFO - Processing file /opt/airflow/dags/create_dag_with_taskflow.py for tasks to queue
[2024-09-26T05:15:40.482+0000] {logging_mixin.py:190} INFO - [2024-09-26T05:15:40.481+0000] {dagbag.py:587} INFO - Filling up the DagBag from /opt/airflow/dags/create_dag_with_taskflow.py
[2024-09-26T05:15:40.590+0000] {processor.py:925} INFO - DAG(s) 'dag_with_taskflow_api_v02' retrieved from /opt/airflow/dags/create_dag_with_taskflow.py
[2024-09-26T05:15:40.625+0000] {logging_mixin.py:190} INFO - [2024-09-26T05:15:40.625+0000] {dag.py:3229} INFO - Sync 1 DAGs
[2024-09-26T05:15:40.650+0000] {logging_mixin.py:190} INFO - [2024-09-26T05:15:40.650+0000] {dag.py:4156} INFO - Setting next_dagrun for dag_with_taskflow_api_v02 to 2024-09-22 00:00:00+00:00, run_after=2024-09-23 00:00:00+00:00
[2024-09-26T05:15:40.681+0000] {processor.py:208} INFO - Processing /opt/airflow/dags/create_dag_with_taskflow.py took 0.210 seconds
[2024-09-26T05:16:11.359+0000] {processor.py:186} INFO - Started process (PID=156768) to work on /opt/airflow/dags/create_dag_with_taskflow.py
[2024-09-26T05:16:11.361+0000] {processor.py:914} INFO - Processing file /opt/airflow/dags/create_dag_with_taskflow.py for tasks to queue
[2024-09-26T05:16:11.364+0000] {logging_mixin.py:190} INFO - [2024-09-26T05:16:11.363+0000] {dagbag.py:587} INFO - Filling up the DagBag from /opt/airflow/dags/create_dag_with_taskflow.py
[2024-09-26T05:16:11.484+0000] {processor.py:925} INFO - DAG(s) 'dag_with_taskflow_api_v02' retrieved from /opt/airflow/dags/create_dag_with_taskflow.py
[2024-09-26T05:16:11.510+0000] {logging_mixin.py:190} INFO - [2024-09-26T05:16:11.510+0000] {dag.py:3229} INFO - Sync 1 DAGs
[2024-09-26T05:16:11.534+0000] {logging_mixin.py:190} INFO - [2024-09-26T05:16:11.533+0000] {dag.py:4156} INFO - Setting next_dagrun for dag_with_taskflow_api_v02 to 2024-09-22 00:00:00+00:00, run_after=2024-09-23 00:00:00+00:00
[2024-09-26T05:16:11.560+0000] {processor.py:208} INFO - Processing /opt/airflow/dags/create_dag_with_taskflow.py took 0.210 seconds
[2024-09-26T05:16:42.457+0000] {processor.py:186} INFO - Started process (PID=156811) to work on /opt/airflow/dags/create_dag_with_taskflow.py
[2024-09-26T05:16:42.459+0000] {processor.py:914} INFO - Processing file /opt/airflow/dags/create_dag_with_taskflow.py for tasks to queue
[2024-09-26T05:16:42.463+0000] {logging_mixin.py:190} INFO - [2024-09-26T05:16:42.462+0000] {dagbag.py:587} INFO - Filling up the DagBag from /opt/airflow/dags/create_dag_with_taskflow.py
[2024-09-26T05:16:42.551+0000] {processor.py:925} INFO - DAG(s) 'dag_with_taskflow_api_v02' retrieved from /opt/airflow/dags/create_dag_with_taskflow.py
[2024-09-26T05:16:42.578+0000] {logging_mixin.py:190} INFO - [2024-09-26T05:16:42.578+0000] {dag.py:3229} INFO - Sync 1 DAGs
[2024-09-26T05:16:42.604+0000] {logging_mixin.py:190} INFO - [2024-09-26T05:16:42.604+0000] {dag.py:4156} INFO - Setting next_dagrun for dag_with_taskflow_api_v02 to 2024-09-22 00:00:00+00:00, run_after=2024-09-23 00:00:00+00:00
[2024-09-26T05:16:42.762+0000] {processor.py:208} INFO - Processing /opt/airflow/dags/create_dag_with_taskflow.py took 0.314 seconds
[2024-09-26T05:17:13.576+0000] {processor.py:186} INFO - Started process (PID=156854) to work on /opt/airflow/dags/create_dag_with_taskflow.py
[2024-09-26T05:17:13.577+0000] {processor.py:914} INFO - Processing file /opt/airflow/dags/create_dag_with_taskflow.py for tasks to queue
[2024-09-26T05:17:13.580+0000] {logging_mixin.py:190} INFO - [2024-09-26T05:17:13.579+0000] {dagbag.py:587} INFO - Filling up the DagBag from /opt/airflow/dags/create_dag_with_taskflow.py
[2024-09-26T05:17:13.683+0000] {processor.py:925} INFO - DAG(s) 'dag_with_taskflow_api_v02' retrieved from /opt/airflow/dags/create_dag_with_taskflow.py
[2024-09-26T05:17:13.720+0000] {logging_mixin.py:190} INFO - [2024-09-26T05:17:13.720+0000] {dag.py:3229} INFO - Sync 1 DAGs
[2024-09-26T05:17:13.744+0000] {logging_mixin.py:190} INFO - [2024-09-26T05:17:13.744+0000] {dag.py:4156} INFO - Setting next_dagrun for dag_with_taskflow_api_v02 to 2024-09-22 00:00:00+00:00, run_after=2024-09-23 00:00:00+00:00
[2024-09-26T05:17:13.768+0000] {processor.py:208} INFO - Processing /opt/airflow/dags/create_dag_with_taskflow.py took 0.198 seconds
[2024-09-26T05:17:44.091+0000] {processor.py:186} INFO - Started process (PID=156897) to work on /opt/airflow/dags/create_dag_with_taskflow.py
[2024-09-26T05:17:44.092+0000] {processor.py:914} INFO - Processing file /opt/airflow/dags/create_dag_with_taskflow.py for tasks to queue
[2024-09-26T05:17:44.095+0000] {logging_mixin.py:190} INFO - [2024-09-26T05:17:44.094+0000] {dagbag.py:587} INFO - Filling up the DagBag from /opt/airflow/dags/create_dag_with_taskflow.py
[2024-09-26T05:17:44.178+0000] {processor.py:925} INFO - DAG(s) 'dag_with_taskflow_api_v02' retrieved from /opt/airflow/dags/create_dag_with_taskflow.py
[2024-09-26T05:17:44.207+0000] {logging_mixin.py:190} INFO - [2024-09-26T05:17:44.207+0000] {dag.py:3229} INFO - Sync 1 DAGs
[2024-09-26T05:17:44.234+0000] {logging_mixin.py:190} INFO - [2024-09-26T05:17:44.234+0000] {dag.py:4156} INFO - Setting next_dagrun for dag_with_taskflow_api_v02 to 2024-09-22 00:00:00+00:00, run_after=2024-09-23 00:00:00+00:00
[2024-09-26T05:17:44.260+0000] {processor.py:208} INFO - Processing /opt/airflow/dags/create_dag_with_taskflow.py took 0.175 seconds
[2024-09-26T05:18:14.682+0000] {processor.py:186} INFO - Started process (PID=156940) to work on /opt/airflow/dags/create_dag_with_taskflow.py
[2024-09-26T05:18:14.684+0000] {processor.py:914} INFO - Processing file /opt/airflow/dags/create_dag_with_taskflow.py for tasks to queue
[2024-09-26T05:18:14.687+0000] {logging_mixin.py:190} INFO - [2024-09-26T05:18:14.687+0000] {dagbag.py:587} INFO - Filling up the DagBag from /opt/airflow/dags/create_dag_with_taskflow.py
[2024-09-26T05:18:14.805+0000] {processor.py:925} INFO - DAG(s) 'dag_with_taskflow_api_v02' retrieved from /opt/airflow/dags/create_dag_with_taskflow.py
[2024-09-26T05:18:14.855+0000] {logging_mixin.py:190} INFO - [2024-09-26T05:18:14.855+0000] {dag.py:3229} INFO - Sync 1 DAGs
[2024-09-26T05:18:14.879+0000] {logging_mixin.py:190} INFO - [2024-09-26T05:18:14.879+0000] {dag.py:4156} INFO - Setting next_dagrun for dag_with_taskflow_api_v02 to 2024-09-22 00:00:00+00:00, run_after=2024-09-23 00:00:00+00:00
[2024-09-26T05:18:14.906+0000] {processor.py:208} INFO - Processing /opt/airflow/dags/create_dag_with_taskflow.py took 0.230 seconds
[2024-09-26T05:18:45.387+0000] {processor.py:186} INFO - Started process (PID=156983) to work on /opt/airflow/dags/create_dag_with_taskflow.py
[2024-09-26T05:18:45.389+0000] {processor.py:914} INFO - Processing file /opt/airflow/dags/create_dag_with_taskflow.py for tasks to queue
[2024-09-26T05:18:45.392+0000] {logging_mixin.py:190} INFO - [2024-09-26T05:18:45.391+0000] {dagbag.py:587} INFO - Filling up the DagBag from /opt/airflow/dags/create_dag_with_taskflow.py
[2024-09-26T05:18:45.480+0000] {processor.py:925} INFO - DAG(s) 'dag_with_taskflow_api_v02' retrieved from /opt/airflow/dags/create_dag_with_taskflow.py
[2024-09-26T05:18:45.515+0000] {logging_mixin.py:190} INFO - [2024-09-26T05:18:45.514+0000] {dag.py:3229} INFO - Sync 1 DAGs
[2024-09-26T05:18:45.543+0000] {logging_mixin.py:190} INFO - [2024-09-26T05:18:45.543+0000] {dag.py:4156} INFO - Setting next_dagrun for dag_with_taskflow_api_v02 to 2024-09-22 00:00:00+00:00, run_after=2024-09-23 00:00:00+00:00
[2024-09-26T05:18:45.578+0000] {processor.py:208} INFO - Processing /opt/airflow/dags/create_dag_with_taskflow.py took 0.200 seconds
[2024-09-26T05:19:15.994+0000] {processor.py:186} INFO - Started process (PID=157026) to work on /opt/airflow/dags/create_dag_with_taskflow.py
[2024-09-26T05:19:15.996+0000] {processor.py:914} INFO - Processing file /opt/airflow/dags/create_dag_with_taskflow.py for tasks to queue
[2024-09-26T05:19:15.999+0000] {logging_mixin.py:190} INFO - [2024-09-26T05:19:15.998+0000] {dagbag.py:587} INFO - Filling up the DagBag from /opt/airflow/dags/create_dag_with_taskflow.py
[2024-09-26T05:19:16.095+0000] {processor.py:925} INFO - DAG(s) 'dag_with_taskflow_api_v02' retrieved from /opt/airflow/dags/create_dag_with_taskflow.py
[2024-09-26T05:19:16.123+0000] {logging_mixin.py:190} INFO - [2024-09-26T05:19:16.123+0000] {dag.py:3229} INFO - Sync 1 DAGs
[2024-09-26T05:19:16.153+0000] {logging_mixin.py:190} INFO - [2024-09-26T05:19:16.153+0000] {dag.py:4156} INFO - Setting next_dagrun for dag_with_taskflow_api_v02 to 2024-09-22 00:00:00+00:00, run_after=2024-09-23 00:00:00+00:00
[2024-09-26T05:19:16.181+0000] {processor.py:208} INFO - Processing /opt/airflow/dags/create_dag_with_taskflow.py took 0.194 seconds
[2024-09-26T05:19:47.087+0000] {processor.py:186} INFO - Started process (PID=157069) to work on /opt/airflow/dags/create_dag_with_taskflow.py
[2024-09-26T05:19:47.088+0000] {processor.py:914} INFO - Processing file /opt/airflow/dags/create_dag_with_taskflow.py for tasks to queue
[2024-09-26T05:19:47.091+0000] {logging_mixin.py:190} INFO - [2024-09-26T05:19:47.090+0000] {dagbag.py:587} INFO - Filling up the DagBag from /opt/airflow/dags/create_dag_with_taskflow.py
[2024-09-26T05:19:47.178+0000] {processor.py:925} INFO - DAG(s) 'dag_with_taskflow_api_v02' retrieved from /opt/airflow/dags/create_dag_with_taskflow.py
[2024-09-26T05:19:47.205+0000] {logging_mixin.py:190} INFO - [2024-09-26T05:19:47.205+0000] {dag.py:3229} INFO - Sync 1 DAGs
[2024-09-26T05:19:47.393+0000] {logging_mixin.py:190} INFO - [2024-09-26T05:19:47.393+0000] {dag.py:4156} INFO - Setting next_dagrun for dag_with_taskflow_api_v02 to 2024-09-22 00:00:00+00:00, run_after=2024-09-23 00:00:00+00:00
[2024-09-26T05:19:47.425+0000] {processor.py:208} INFO - Processing /opt/airflow/dags/create_dag_with_taskflow.py took 0.344 seconds
[2024-09-26T05:20:17.915+0000] {processor.py:186} INFO - Started process (PID=157112) to work on /opt/airflow/dags/create_dag_with_taskflow.py
[2024-09-26T05:20:17.916+0000] {processor.py:914} INFO - Processing file /opt/airflow/dags/create_dag_with_taskflow.py for tasks to queue
[2024-09-26T05:20:17.918+0000] {logging_mixin.py:190} INFO - [2024-09-26T05:20:17.918+0000] {dagbag.py:587} INFO - Filling up the DagBag from /opt/airflow/dags/create_dag_with_taskflow.py
[2024-09-26T05:20:18.001+0000] {processor.py:925} INFO - DAG(s) 'dag_with_taskflow_api_v02' retrieved from /opt/airflow/dags/create_dag_with_taskflow.py
[2024-09-26T05:20:18.032+0000] {logging_mixin.py:190} INFO - [2024-09-26T05:20:18.032+0000] {dag.py:3229} INFO - Sync 1 DAGs
[2024-09-26T05:20:18.057+0000] {logging_mixin.py:190} INFO - [2024-09-26T05:20:18.057+0000] {dag.py:4156} INFO - Setting next_dagrun for dag_with_taskflow_api_v02 to 2024-09-22 00:00:00+00:00, run_after=2024-09-23 00:00:00+00:00
[2024-09-26T05:20:18.084+0000] {processor.py:208} INFO - Processing /opt/airflow/dags/create_dag_with_taskflow.py took 0.175 seconds
[2024-09-26T05:20:48.578+0000] {processor.py:186} INFO - Started process (PID=157155) to work on /opt/airflow/dags/create_dag_with_taskflow.py
[2024-09-26T05:20:48.581+0000] {processor.py:914} INFO - Processing file /opt/airflow/dags/create_dag_with_taskflow.py for tasks to queue
[2024-09-26T05:20:48.582+0000] {logging_mixin.py:190} INFO - [2024-09-26T05:20:48.582+0000] {dagbag.py:587} INFO - Filling up the DagBag from /opt/airflow/dags/create_dag_with_taskflow.py
[2024-09-26T05:20:48.692+0000] {processor.py:925} INFO - DAG(s) 'dag_with_taskflow_api_v02' retrieved from /opt/airflow/dags/create_dag_with_taskflow.py
[2024-09-26T05:20:48.731+0000] {logging_mixin.py:190} INFO - [2024-09-26T05:20:48.731+0000] {dag.py:3229} INFO - Sync 1 DAGs
[2024-09-26T05:20:48.754+0000] {logging_mixin.py:190} INFO - [2024-09-26T05:20:48.754+0000] {dag.py:4156} INFO - Setting next_dagrun for dag_with_taskflow_api_v02 to 2024-09-22 00:00:00+00:00, run_after=2024-09-23 00:00:00+00:00
[2024-09-26T05:20:48.779+0000] {processor.py:208} INFO - Processing /opt/airflow/dags/create_dag_with_taskflow.py took 0.212 seconds
[2024-09-26T05:21:19.135+0000] {processor.py:186} INFO - Started process (PID=157198) to work on /opt/airflow/dags/create_dag_with_taskflow.py
[2024-09-26T05:21:19.138+0000] {processor.py:914} INFO - Processing file /opt/airflow/dags/create_dag_with_taskflow.py for tasks to queue
[2024-09-26T05:21:19.143+0000] {logging_mixin.py:190} INFO - [2024-09-26T05:21:19.142+0000] {dagbag.py:587} INFO - Filling up the DagBag from /opt/airflow/dags/create_dag_with_taskflow.py
[2024-09-26T05:21:19.250+0000] {processor.py:925} INFO - DAG(s) 'dag_with_taskflow_api_v02' retrieved from /opt/airflow/dags/create_dag_with_taskflow.py
[2024-09-26T05:21:19.282+0000] {logging_mixin.py:190} INFO - [2024-09-26T05:21:19.281+0000] {dag.py:3229} INFO - Sync 1 DAGs
[2024-09-26T05:21:19.311+0000] {logging_mixin.py:190} INFO - [2024-09-26T05:21:19.310+0000] {dag.py:4156} INFO - Setting next_dagrun for dag_with_taskflow_api_v02 to 2024-09-22 00:00:00+00:00, run_after=2024-09-23 00:00:00+00:00
[2024-09-26T05:21:19.335+0000] {processor.py:208} INFO - Processing /opt/airflow/dags/create_dag_with_taskflow.py took 0.215 seconds
[2024-09-26T05:21:49.746+0000] {processor.py:186} INFO - Started process (PID=157241) to work on /opt/airflow/dags/create_dag_with_taskflow.py
[2024-09-26T05:21:49.748+0000] {processor.py:914} INFO - Processing file /opt/airflow/dags/create_dag_with_taskflow.py for tasks to queue
[2024-09-26T05:21:49.750+0000] {logging_mixin.py:190} INFO - [2024-09-26T05:21:49.749+0000] {dagbag.py:587} INFO - Filling up the DagBag from /opt/airflow/dags/create_dag_with_taskflow.py
[2024-09-26T05:21:49.860+0000] {processor.py:925} INFO - DAG(s) 'dag_with_taskflow_api_v02' retrieved from /opt/airflow/dags/create_dag_with_taskflow.py
[2024-09-26T05:21:49.888+0000] {logging_mixin.py:190} INFO - [2024-09-26T05:21:49.887+0000] {dag.py:3229} INFO - Sync 1 DAGs
[2024-09-26T05:21:49.910+0000] {logging_mixin.py:190} INFO - [2024-09-26T05:21:49.910+0000] {dag.py:4156} INFO - Setting next_dagrun for dag_with_taskflow_api_v02 to 2024-09-22 00:00:00+00:00, run_after=2024-09-23 00:00:00+00:00
[2024-09-26T05:21:49.945+0000] {processor.py:208} INFO - Processing /opt/airflow/dags/create_dag_with_taskflow.py took 0.207 seconds
[2024-09-26T05:22:20.576+0000] {processor.py:186} INFO - Started process (PID=157284) to work on /opt/airflow/dags/create_dag_with_taskflow.py
[2024-09-26T05:22:20.578+0000] {processor.py:914} INFO - Processing file /opt/airflow/dags/create_dag_with_taskflow.py for tasks to queue
[2024-09-26T05:22:20.579+0000] {logging_mixin.py:190} INFO - [2024-09-26T05:22:20.579+0000] {dagbag.py:587} INFO - Filling up the DagBag from /opt/airflow/dags/create_dag_with_taskflow.py
[2024-09-26T05:22:20.689+0000] {processor.py:925} INFO - DAG(s) 'dag_with_taskflow_api_v02' retrieved from /opt/airflow/dags/create_dag_with_taskflow.py
[2024-09-26T05:22:20.722+0000] {logging_mixin.py:190} INFO - [2024-09-26T05:22:20.722+0000] {dag.py:3229} INFO - Sync 1 DAGs
[2024-09-26T05:22:20.748+0000] {logging_mixin.py:190} INFO - [2024-09-26T05:22:20.747+0000] {dag.py:4156} INFO - Setting next_dagrun for dag_with_taskflow_api_v02 to 2024-09-22 00:00:00+00:00, run_after=2024-09-23 00:00:00+00:00
[2024-09-26T05:22:20.893+0000] {processor.py:208} INFO - Processing /opt/airflow/dags/create_dag_with_taskflow.py took 0.323 seconds
[2024-09-26T05:22:51.796+0000] {processor.py:186} INFO - Started process (PID=157327) to work on /opt/airflow/dags/create_dag_with_taskflow.py
[2024-09-26T05:22:51.799+0000] {processor.py:914} INFO - Processing file /opt/airflow/dags/create_dag_with_taskflow.py for tasks to queue
[2024-09-26T05:22:51.802+0000] {logging_mixin.py:190} INFO - [2024-09-26T05:22:51.801+0000] {dagbag.py:587} INFO - Filling up the DagBag from /opt/airflow/dags/create_dag_with_taskflow.py
[2024-09-26T05:22:51.919+0000] {processor.py:925} INFO - DAG(s) 'dag_with_taskflow_api_v02' retrieved from /opt/airflow/dags/create_dag_with_taskflow.py
[2024-09-26T05:22:51.969+0000] {logging_mixin.py:190} INFO - [2024-09-26T05:22:51.969+0000] {dag.py:3229} INFO - Sync 1 DAGs
[2024-09-26T05:22:51.997+0000] {logging_mixin.py:190} INFO - [2024-09-26T05:22:51.997+0000] {dag.py:4156} INFO - Setting next_dagrun for dag_with_taskflow_api_v02 to 2024-09-22 00:00:00+00:00, run_after=2024-09-23 00:00:00+00:00
[2024-09-26T05:22:52.027+0000] {processor.py:208} INFO - Processing /opt/airflow/dags/create_dag_with_taskflow.py took 0.238 seconds
[2024-09-26T05:23:22.302+0000] {processor.py:186} INFO - Started process (PID=157370) to work on /opt/airflow/dags/create_dag_with_taskflow.py
[2024-09-26T05:23:22.304+0000] {processor.py:914} INFO - Processing file /opt/airflow/dags/create_dag_with_taskflow.py for tasks to queue
[2024-09-26T05:23:22.306+0000] {logging_mixin.py:190} INFO - [2024-09-26T05:23:22.306+0000] {dagbag.py:587} INFO - Filling up the DagBag from /opt/airflow/dags/create_dag_with_taskflow.py
[2024-09-26T05:23:22.406+0000] {processor.py:925} INFO - DAG(s) 'dag_with_taskflow_api_v02' retrieved from /opt/airflow/dags/create_dag_with_taskflow.py
[2024-09-26T05:23:22.442+0000] {logging_mixin.py:190} INFO - [2024-09-26T05:23:22.442+0000] {dag.py:3229} INFO - Sync 1 DAGs
[2024-09-26T05:23:22.469+0000] {logging_mixin.py:190} INFO - [2024-09-26T05:23:22.469+0000] {dag.py:4156} INFO - Setting next_dagrun for dag_with_taskflow_api_v02 to 2024-09-22 00:00:00+00:00, run_after=2024-09-23 00:00:00+00:00
[2024-09-26T05:23:22.498+0000] {processor.py:208} INFO - Processing /opt/airflow/dags/create_dag_with_taskflow.py took 0.204 seconds
[2024-09-26T05:23:53.109+0000] {processor.py:186} INFO - Started process (PID=157413) to work on /opt/airflow/dags/create_dag_with_taskflow.py
[2024-09-26T05:23:53.111+0000] {processor.py:914} INFO - Processing file /opt/airflow/dags/create_dag_with_taskflow.py for tasks to queue
[2024-09-26T05:23:53.114+0000] {logging_mixin.py:190} INFO - [2024-09-26T05:23:53.114+0000] {dagbag.py:587} INFO - Filling up the DagBag from /opt/airflow/dags/create_dag_with_taskflow.py
[2024-09-26T05:23:53.223+0000] {processor.py:925} INFO - DAG(s) 'dag_with_taskflow_api_v02' retrieved from /opt/airflow/dags/create_dag_with_taskflow.py
[2024-09-26T05:23:53.264+0000] {logging_mixin.py:190} INFO - [2024-09-26T05:23:53.263+0000] {dag.py:3229} INFO - Sync 1 DAGs
[2024-09-26T05:23:53.298+0000] {logging_mixin.py:190} INFO - [2024-09-26T05:23:53.297+0000] {dag.py:4156} INFO - Setting next_dagrun for dag_with_taskflow_api_v02 to 2024-09-22 00:00:00+00:00, run_after=2024-09-23 00:00:00+00:00
[2024-09-26T05:23:53.356+0000] {processor.py:208} INFO - Processing /opt/airflow/dags/create_dag_with_taskflow.py took 0.257 seconds
[2024-09-26T05:24:23.895+0000] {processor.py:186} INFO - Started process (PID=157456) to work on /opt/airflow/dags/create_dag_with_taskflow.py
[2024-09-26T05:24:23.897+0000] {processor.py:914} INFO - Processing file /opt/airflow/dags/create_dag_with_taskflow.py for tasks to queue
[2024-09-26T05:24:23.901+0000] {logging_mixin.py:190} INFO - [2024-09-26T05:24:23.901+0000] {dagbag.py:587} INFO - Filling up the DagBag from /opt/airflow/dags/create_dag_with_taskflow.py
[2024-09-26T05:24:23.977+0000] {processor.py:925} INFO - DAG(s) 'dag_with_taskflow_api_v02' retrieved from /opt/airflow/dags/create_dag_with_taskflow.py
[2024-09-26T05:24:24.003+0000] {logging_mixin.py:190} INFO - [2024-09-26T05:24:24.003+0000] {dag.py:3229} INFO - Sync 1 DAGs
[2024-09-26T05:24:24.025+0000] {logging_mixin.py:190} INFO - [2024-09-26T05:24:24.024+0000] {dag.py:4156} INFO - Setting next_dagrun for dag_with_taskflow_api_v02 to 2024-09-22 00:00:00+00:00, run_after=2024-09-23 00:00:00+00:00
[2024-09-26T05:24:24.056+0000] {processor.py:208} INFO - Processing /opt/airflow/dags/create_dag_with_taskflow.py took 0.169 seconds
[2024-09-26T05:24:54.418+0000] {processor.py:186} INFO - Started process (PID=157499) to work on /opt/airflow/dags/create_dag_with_taskflow.py
[2024-09-26T05:24:54.419+0000] {processor.py:914} INFO - Processing file /opt/airflow/dags/create_dag_with_taskflow.py for tasks to queue
[2024-09-26T05:24:54.422+0000] {logging_mixin.py:190} INFO - [2024-09-26T05:24:54.421+0000] {dagbag.py:587} INFO - Filling up the DagBag from /opt/airflow/dags/create_dag_with_taskflow.py
[2024-09-26T05:24:54.524+0000] {processor.py:925} INFO - DAG(s) 'dag_with_taskflow_api_v02' retrieved from /opt/airflow/dags/create_dag_with_taskflow.py
[2024-09-26T05:24:54.554+0000] {logging_mixin.py:190} INFO - [2024-09-26T05:24:54.554+0000] {dag.py:3229} INFO - Sync 1 DAGs
[2024-09-26T05:24:54.584+0000] {logging_mixin.py:190} INFO - [2024-09-26T05:24:54.584+0000] {dag.py:4156} INFO - Setting next_dagrun for dag_with_taskflow_api_v02 to 2024-09-22 00:00:00+00:00, run_after=2024-09-23 00:00:00+00:00
[2024-09-26T05:24:54.613+0000] {processor.py:208} INFO - Processing /opt/airflow/dags/create_dag_with_taskflow.py took 0.200 seconds
[2024-09-26T05:25:25.276+0000] {processor.py:186} INFO - Started process (PID=157540) to work on /opt/airflow/dags/create_dag_with_taskflow.py
[2024-09-26T05:25:25.278+0000] {processor.py:914} INFO - Processing file /opt/airflow/dags/create_dag_with_taskflow.py for tasks to queue
[2024-09-26T05:25:25.280+0000] {logging_mixin.py:190} INFO - [2024-09-26T05:25:25.280+0000] {dagbag.py:587} INFO - Filling up the DagBag from /opt/airflow/dags/create_dag_with_taskflow.py
[2024-09-26T05:25:25.367+0000] {processor.py:925} INFO - DAG(s) 'dag_with_taskflow_api_v02' retrieved from /opt/airflow/dags/create_dag_with_taskflow.py
[2024-09-26T05:25:25.399+0000] {logging_mixin.py:190} INFO - [2024-09-26T05:25:25.398+0000] {dag.py:3229} INFO - Sync 1 DAGs
[2024-09-26T05:25:25.550+0000] {logging_mixin.py:190} INFO - [2024-09-26T05:25:25.550+0000] {dag.py:4156} INFO - Setting next_dagrun for dag_with_taskflow_api_v02 to 2024-09-22 00:00:00+00:00, run_after=2024-09-23 00:00:00+00:00
[2024-09-26T05:25:25.574+0000] {processor.py:208} INFO - Processing /opt/airflow/dags/create_dag_with_taskflow.py took 0.306 seconds
[2024-09-26T05:25:56.339+0000] {processor.py:186} INFO - Started process (PID=157585) to work on /opt/airflow/dags/create_dag_with_taskflow.py
[2024-09-26T05:25:56.340+0000] {processor.py:914} INFO - Processing file /opt/airflow/dags/create_dag_with_taskflow.py for tasks to queue
[2024-09-26T05:25:56.342+0000] {logging_mixin.py:190} INFO - [2024-09-26T05:25:56.342+0000] {dagbag.py:587} INFO - Filling up the DagBag from /opt/airflow/dags/create_dag_with_taskflow.py
[2024-09-26T05:25:56.455+0000] {processor.py:925} INFO - DAG(s) 'dag_with_taskflow_api_v02' retrieved from /opt/airflow/dags/create_dag_with_taskflow.py
[2024-09-26T05:25:56.484+0000] {logging_mixin.py:190} INFO - [2024-09-26T05:25:56.484+0000] {dag.py:3229} INFO - Sync 1 DAGs
[2024-09-26T05:25:56.506+0000] {logging_mixin.py:190} INFO - [2024-09-26T05:25:56.505+0000] {dag.py:4156} INFO - Setting next_dagrun for dag_with_taskflow_api_v02 to 2024-09-22 00:00:00+00:00, run_after=2024-09-23 00:00:00+00:00
[2024-09-26T05:25:56.541+0000] {processor.py:208} INFO - Processing /opt/airflow/dags/create_dag_with_taskflow.py took 0.209 seconds
[2024-09-26T05:26:27.241+0000] {processor.py:186} INFO - Started process (PID=157628) to work on /opt/airflow/dags/create_dag_with_taskflow.py
[2024-09-26T05:26:27.242+0000] {processor.py:914} INFO - Processing file /opt/airflow/dags/create_dag_with_taskflow.py for tasks to queue
[2024-09-26T05:26:27.246+0000] {logging_mixin.py:190} INFO - [2024-09-26T05:26:27.245+0000] {dagbag.py:587} INFO - Filling up the DagBag from /opt/airflow/dags/create_dag_with_taskflow.py
[2024-09-26T05:26:27.323+0000] {processor.py:925} INFO - DAG(s) 'dag_with_taskflow_api_v02' retrieved from /opt/airflow/dags/create_dag_with_taskflow.py
[2024-09-26T05:26:27.354+0000] {logging_mixin.py:190} INFO - [2024-09-26T05:26:27.354+0000] {dag.py:3229} INFO - Sync 1 DAGs
[2024-09-26T05:26:27.390+0000] {logging_mixin.py:190} INFO - [2024-09-26T05:26:27.390+0000] {dag.py:4156} INFO - Setting next_dagrun for dag_with_taskflow_api_v02 to 2024-09-22 00:00:00+00:00, run_after=2024-09-23 00:00:00+00:00
[2024-09-26T05:26:27.419+0000] {processor.py:208} INFO - Processing /opt/airflow/dags/create_dag_with_taskflow.py took 0.184 seconds
[2024-09-26T05:26:57.893+0000] {processor.py:186} INFO - Started process (PID=157671) to work on /opt/airflow/dags/create_dag_with_taskflow.py
[2024-09-26T05:26:57.895+0000] {processor.py:914} INFO - Processing file /opt/airflow/dags/create_dag_with_taskflow.py for tasks to queue
[2024-09-26T05:26:57.896+0000] {logging_mixin.py:190} INFO - [2024-09-26T05:26:57.896+0000] {dagbag.py:587} INFO - Filling up the DagBag from /opt/airflow/dags/create_dag_with_taskflow.py
[2024-09-26T05:26:58.007+0000] {processor.py:925} INFO - DAG(s) 'dag_with_taskflow_api_v02' retrieved from /opt/airflow/dags/create_dag_with_taskflow.py
[2024-09-26T05:26:58.031+0000] {logging_mixin.py:190} INFO - [2024-09-26T05:26:58.031+0000] {dag.py:3229} INFO - Sync 1 DAGs
[2024-09-26T05:26:58.052+0000] {logging_mixin.py:190} INFO - [2024-09-26T05:26:58.052+0000] {dag.py:4156} INFO - Setting next_dagrun for dag_with_taskflow_api_v02 to 2024-09-22 00:00:00+00:00, run_after=2024-09-23 00:00:00+00:00
[2024-09-26T05:26:58.082+0000] {processor.py:208} INFO - Processing /opt/airflow/dags/create_dag_with_taskflow.py took 0.201 seconds
[2024-09-26T05:27:28.468+0000] {processor.py:186} INFO - Started process (PID=157712) to work on /opt/airflow/dags/create_dag_with_taskflow.py
[2024-09-26T05:27:28.469+0000] {processor.py:914} INFO - Processing file /opt/airflow/dags/create_dag_with_taskflow.py for tasks to queue
[2024-09-26T05:27:28.472+0000] {logging_mixin.py:190} INFO - [2024-09-26T05:27:28.471+0000] {dagbag.py:587} INFO - Filling up the DagBag from /opt/airflow/dags/create_dag_with_taskflow.py
[2024-09-26T05:27:28.544+0000] {processor.py:925} INFO - DAG(s) 'dag_with_taskflow_api_v02' retrieved from /opt/airflow/dags/create_dag_with_taskflow.py
[2024-09-26T05:27:28.570+0000] {logging_mixin.py:190} INFO - [2024-09-26T05:27:28.570+0000] {dag.py:3229} INFO - Sync 1 DAGs
[2024-09-26T05:27:28.596+0000] {logging_mixin.py:190} INFO - [2024-09-26T05:27:28.595+0000] {dag.py:4156} INFO - Setting next_dagrun for dag_with_taskflow_api_v02 to 2024-09-22 00:00:00+00:00, run_after=2024-09-23 00:00:00+00:00
[2024-09-26T05:27:28.619+0000] {processor.py:208} INFO - Processing /opt/airflow/dags/create_dag_with_taskflow.py took 0.158 seconds
[2024-09-26T05:27:59.535+0000] {processor.py:186} INFO - Started process (PID=157757) to work on /opt/airflow/dags/create_dag_with_taskflow.py
[2024-09-26T05:27:59.537+0000] {processor.py:914} INFO - Processing file /opt/airflow/dags/create_dag_with_taskflow.py for tasks to queue
[2024-09-26T05:27:59.538+0000] {logging_mixin.py:190} INFO - [2024-09-26T05:27:59.538+0000] {dagbag.py:587} INFO - Filling up the DagBag from /opt/airflow/dags/create_dag_with_taskflow.py
[2024-09-26T05:27:59.615+0000] {processor.py:925} INFO - DAG(s) 'dag_with_taskflow_api_v02' retrieved from /opt/airflow/dags/create_dag_with_taskflow.py
[2024-09-26T05:27:59.642+0000] {logging_mixin.py:190} INFO - [2024-09-26T05:27:59.641+0000] {dag.py:3229} INFO - Sync 1 DAGs
[2024-09-26T05:27:59.665+0000] {logging_mixin.py:190} INFO - [2024-09-26T05:27:59.665+0000] {dag.py:4156} INFO - Setting next_dagrun for dag_with_taskflow_api_v02 to 2024-09-22 00:00:00+00:00, run_after=2024-09-23 00:00:00+00:00
[2024-09-26T05:27:59.828+0000] {processor.py:208} INFO - Processing /opt/airflow/dags/create_dag_with_taskflow.py took 0.299 seconds
[2024-09-26T05:28:30.322+0000] {processor.py:186} INFO - Started process (PID=157800) to work on /opt/airflow/dags/create_dag_with_taskflow.py
[2024-09-26T05:28:30.323+0000] {processor.py:914} INFO - Processing file /opt/airflow/dags/create_dag_with_taskflow.py for tasks to queue
[2024-09-26T05:28:30.326+0000] {logging_mixin.py:190} INFO - [2024-09-26T05:28:30.325+0000] {dagbag.py:587} INFO - Filling up the DagBag from /opt/airflow/dags/create_dag_with_taskflow.py
[2024-09-26T05:28:30.396+0000] {processor.py:925} INFO - DAG(s) 'dag_with_taskflow_api_v02' retrieved from /opt/airflow/dags/create_dag_with_taskflow.py
[2024-09-26T05:28:30.419+0000] {logging_mixin.py:190} INFO - [2024-09-26T05:28:30.419+0000] {dag.py:3229} INFO - Sync 1 DAGs
[2024-09-26T05:28:30.441+0000] {logging_mixin.py:190} INFO - [2024-09-26T05:28:30.441+0000] {dag.py:4156} INFO - Setting next_dagrun for dag_with_taskflow_api_v02 to 2024-09-22 00:00:00+00:00, run_after=2024-09-23 00:00:00+00:00
[2024-09-26T05:28:30.475+0000] {processor.py:208} INFO - Processing /opt/airflow/dags/create_dag_with_taskflow.py took 0.159 seconds
[2024-09-26T05:29:00.964+0000] {processor.py:186} INFO - Started process (PID=157841) to work on /opt/airflow/dags/create_dag_with_taskflow.py
[2024-09-26T05:29:00.965+0000] {processor.py:914} INFO - Processing file /opt/airflow/dags/create_dag_with_taskflow.py for tasks to queue
[2024-09-26T05:29:00.968+0000] {logging_mixin.py:190} INFO - [2024-09-26T05:29:00.967+0000] {dagbag.py:587} INFO - Filling up the DagBag from /opt/airflow/dags/create_dag_with_taskflow.py
[2024-09-26T05:29:01.039+0000] {processor.py:925} INFO - DAG(s) 'dag_with_taskflow_api_v02' retrieved from /opt/airflow/dags/create_dag_with_taskflow.py
[2024-09-26T05:29:01.074+0000] {logging_mixin.py:190} INFO - [2024-09-26T05:29:01.074+0000] {dag.py:3229} INFO - Sync 1 DAGs
[2024-09-26T05:29:01.114+0000] {logging_mixin.py:190} INFO - [2024-09-26T05:29:01.113+0000] {dag.py:4156} INFO - Setting next_dagrun for dag_with_taskflow_api_v02 to 2024-09-22 00:00:00+00:00, run_after=2024-09-23 00:00:00+00:00
[2024-09-26T05:29:01.149+0000] {processor.py:208} INFO - Processing /opt/airflow/dags/create_dag_with_taskflow.py took 0.190 seconds
[2024-09-26T05:29:31.541+0000] {processor.py:186} INFO - Started process (PID=157886) to work on /opt/airflow/dags/create_dag_with_taskflow.py
[2024-09-26T05:29:31.542+0000] {processor.py:914} INFO - Processing file /opt/airflow/dags/create_dag_with_taskflow.py for tasks to queue
[2024-09-26T05:29:31.544+0000] {logging_mixin.py:190} INFO - [2024-09-26T05:29:31.544+0000] {dagbag.py:587} INFO - Filling up the DagBag from /opt/airflow/dags/create_dag_with_taskflow.py
[2024-09-26T05:29:31.624+0000] {processor.py:925} INFO - DAG(s) 'dag_with_taskflow_api_v02' retrieved from /opt/airflow/dags/create_dag_with_taskflow.py
[2024-09-26T05:29:31.653+0000] {logging_mixin.py:190} INFO - [2024-09-26T05:29:31.653+0000] {dag.py:3229} INFO - Sync 1 DAGs
[2024-09-26T05:29:31.678+0000] {logging_mixin.py:190} INFO - [2024-09-26T05:29:31.678+0000] {dag.py:4156} INFO - Setting next_dagrun for dag_with_taskflow_api_v02 to 2024-09-22 00:00:00+00:00, run_after=2024-09-23 00:00:00+00:00
[2024-09-26T05:29:31.704+0000] {processor.py:208} INFO - Processing /opt/airflow/dags/create_dag_with_taskflow.py took 0.170 seconds
[2024-09-26T05:30:02.136+0000] {processor.py:186} INFO - Started process (PID=157929) to work on /opt/airflow/dags/create_dag_with_taskflow.py
[2024-09-26T05:30:02.138+0000] {processor.py:914} INFO - Processing file /opt/airflow/dags/create_dag_with_taskflow.py for tasks to queue
[2024-09-26T05:30:02.140+0000] {logging_mixin.py:190} INFO - [2024-09-26T05:30:02.140+0000] {dagbag.py:587} INFO - Filling up the DagBag from /opt/airflow/dags/create_dag_with_taskflow.py
[2024-09-26T05:30:02.239+0000] {processor.py:925} INFO - DAG(s) 'dag_with_taskflow_api_v02' retrieved from /opt/airflow/dags/create_dag_with_taskflow.py
[2024-09-26T05:30:02.269+0000] {logging_mixin.py:190} INFO - [2024-09-26T05:30:02.268+0000] {dag.py:3229} INFO - Sync 1 DAGs
[2024-09-26T05:30:02.292+0000] {logging_mixin.py:190} INFO - [2024-09-26T05:30:02.292+0000] {dag.py:4156} INFO - Setting next_dagrun for dag_with_taskflow_api_v02 to 2024-09-22 00:00:00+00:00, run_after=2024-09-23 00:00:00+00:00
[2024-09-26T05:30:02.318+0000] {processor.py:208} INFO - Processing /opt/airflow/dags/create_dag_with_taskflow.py took 0.189 seconds
[2024-09-26T05:30:32.807+0000] {processor.py:186} INFO - Started process (PID=157972) to work on /opt/airflow/dags/create_dag_with_taskflow.py
[2024-09-26T05:30:32.809+0000] {processor.py:914} INFO - Processing file /opt/airflow/dags/create_dag_with_taskflow.py for tasks to queue
[2024-09-26T05:30:32.811+0000] {logging_mixin.py:190} INFO - [2024-09-26T05:30:32.810+0000] {dagbag.py:587} INFO - Filling up the DagBag from /opt/airflow/dags/create_dag_with_taskflow.py
[2024-09-26T05:30:32.882+0000] {processor.py:925} INFO - DAG(s) 'dag_with_taskflow_api_v02' retrieved from /opt/airflow/dags/create_dag_with_taskflow.py
[2024-09-26T05:30:32.909+0000] {logging_mixin.py:190} INFO - [2024-09-26T05:30:32.909+0000] {dag.py:3229} INFO - Sync 1 DAGs
[2024-09-26T05:30:32.934+0000] {logging_mixin.py:190} INFO - [2024-09-26T05:30:32.934+0000] {dag.py:4156} INFO - Setting next_dagrun for dag_with_taskflow_api_v02 to 2024-09-22 00:00:00+00:00, run_after=2024-09-23 00:00:00+00:00
[2024-09-26T05:30:33.108+0000] {processor.py:208} INFO - Processing /opt/airflow/dags/create_dag_with_taskflow.py took 0.310 seconds
[2024-09-26T05:31:03.521+0000] {processor.py:186} INFO - Started process (PID=158013) to work on /opt/airflow/dags/create_dag_with_taskflow.py
[2024-09-26T05:31:03.523+0000] {processor.py:914} INFO - Processing file /opt/airflow/dags/create_dag_with_taskflow.py for tasks to queue
[2024-09-26T05:31:03.525+0000] {logging_mixin.py:190} INFO - [2024-09-26T05:31:03.525+0000] {dagbag.py:587} INFO - Filling up the DagBag from /opt/airflow/dags/create_dag_with_taskflow.py
[2024-09-26T05:31:03.612+0000] {processor.py:925} INFO - DAG(s) 'dag_with_taskflow_api_v02' retrieved from /opt/airflow/dags/create_dag_with_taskflow.py
[2024-09-26T05:31:03.643+0000] {logging_mixin.py:190} INFO - [2024-09-26T05:31:03.642+0000] {dag.py:3229} INFO - Sync 1 DAGs
[2024-09-26T05:31:03.789+0000] {logging_mixin.py:190} INFO - [2024-09-26T05:31:03.789+0000] {dag.py:4156} INFO - Setting next_dagrun for dag_with_taskflow_api_v02 to 2024-09-22 00:00:00+00:00, run_after=2024-09-23 00:00:00+00:00
[2024-09-26T05:31:03.814+0000] {processor.py:208} INFO - Processing /opt/airflow/dags/create_dag_with_taskflow.py took 0.300 seconds
[2024-09-26T05:31:34.397+0000] {processor.py:186} INFO - Started process (PID=158058) to work on /opt/airflow/dags/create_dag_with_taskflow.py
[2024-09-26T05:31:34.399+0000] {processor.py:914} INFO - Processing file /opt/airflow/dags/create_dag_with_taskflow.py for tasks to queue
[2024-09-26T05:31:34.401+0000] {logging_mixin.py:190} INFO - [2024-09-26T05:31:34.401+0000] {dagbag.py:587} INFO - Filling up the DagBag from /opt/airflow/dags/create_dag_with_taskflow.py
[2024-09-26T05:31:34.510+0000] {processor.py:925} INFO - DAG(s) 'dag_with_taskflow_api_v02' retrieved from /opt/airflow/dags/create_dag_with_taskflow.py
[2024-09-26T05:31:34.546+0000] {logging_mixin.py:190} INFO - [2024-09-26T05:31:34.546+0000] {dag.py:3229} INFO - Sync 1 DAGs
[2024-09-26T05:31:34.583+0000] {logging_mixin.py:190} INFO - [2024-09-26T05:31:34.582+0000] {dag.py:4156} INFO - Setting next_dagrun for dag_with_taskflow_api_v02 to 2024-09-22 00:00:00+00:00, run_after=2024-09-23 00:00:00+00:00
[2024-09-26T05:31:34.618+0000] {processor.py:208} INFO - Processing /opt/airflow/dags/create_dag_with_taskflow.py took 0.230 seconds
[2024-09-26T05:32:05.128+0000] {processor.py:186} INFO - Started process (PID=158099) to work on /opt/airflow/dags/create_dag_with_taskflow.py
[2024-09-26T05:32:05.130+0000] {processor.py:914} INFO - Processing file /opt/airflow/dags/create_dag_with_taskflow.py for tasks to queue
[2024-09-26T05:32:05.132+0000] {logging_mixin.py:190} INFO - [2024-09-26T05:32:05.132+0000] {dagbag.py:587} INFO - Filling up the DagBag from /opt/airflow/dags/create_dag_with_taskflow.py
[2024-09-26T05:32:05.217+0000] {processor.py:925} INFO - DAG(s) 'dag_with_taskflow_api_v02' retrieved from /opt/airflow/dags/create_dag_with_taskflow.py
[2024-09-26T05:32:05.250+0000] {logging_mixin.py:190} INFO - [2024-09-26T05:32:05.250+0000] {dag.py:3229} INFO - Sync 1 DAGs
[2024-09-26T05:32:05.281+0000] {logging_mixin.py:190} INFO - [2024-09-26T05:32:05.281+0000] {dag.py:4156} INFO - Setting next_dagrun for dag_with_taskflow_api_v02 to 2024-09-22 00:00:00+00:00, run_after=2024-09-23 00:00:00+00:00
[2024-09-26T05:32:05.311+0000] {processor.py:208} INFO - Processing /opt/airflow/dags/create_dag_with_taskflow.py took 0.190 seconds
[2024-09-26T05:32:35.918+0000] {processor.py:186} INFO - Started process (PID=158142) to work on /opt/airflow/dags/create_dag_with_taskflow.py
[2024-09-26T05:32:35.920+0000] {processor.py:914} INFO - Processing file /opt/airflow/dags/create_dag_with_taskflow.py for tasks to queue
[2024-09-26T05:32:35.922+0000] {logging_mixin.py:190} INFO - [2024-09-26T05:32:35.922+0000] {dagbag.py:587} INFO - Filling up the DagBag from /opt/airflow/dags/create_dag_with_taskflow.py
[2024-09-26T05:32:36.013+0000] {processor.py:925} INFO - DAG(s) 'dag_with_taskflow_api_v02' retrieved from /opt/airflow/dags/create_dag_with_taskflow.py
[2024-09-26T05:32:36.037+0000] {logging_mixin.py:190} INFO - [2024-09-26T05:32:36.037+0000] {dag.py:3229} INFO - Sync 1 DAGs
[2024-09-26T05:32:36.061+0000] {logging_mixin.py:190} INFO - [2024-09-26T05:32:36.061+0000] {dag.py:4156} INFO - Setting next_dagrun for dag_with_taskflow_api_v02 to 2024-09-22 00:00:00+00:00, run_after=2024-09-23 00:00:00+00:00
[2024-09-26T05:32:36.085+0000] {processor.py:208} INFO - Processing /opt/airflow/dags/create_dag_with_taskflow.py took 0.178 seconds
[2024-09-26T05:33:06.589+0000] {processor.py:186} INFO - Started process (PID=158185) to work on /opt/airflow/dags/create_dag_with_taskflow.py
[2024-09-26T05:33:06.591+0000] {processor.py:914} INFO - Processing file /opt/airflow/dags/create_dag_with_taskflow.py for tasks to queue
[2024-09-26T05:33:06.593+0000] {logging_mixin.py:190} INFO - [2024-09-26T05:33:06.593+0000] {dagbag.py:587} INFO - Filling up the DagBag from /opt/airflow/dags/create_dag_with_taskflow.py
[2024-09-26T05:33:06.662+0000] {processor.py:925} INFO - DAG(s) 'dag_with_taskflow_api_v02' retrieved from /opt/airflow/dags/create_dag_with_taskflow.py
[2024-09-26T05:33:06.691+0000] {logging_mixin.py:190} INFO - [2024-09-26T05:33:06.690+0000] {dag.py:3229} INFO - Sync 1 DAGs
[2024-09-26T05:33:06.717+0000] {logging_mixin.py:190} INFO - [2024-09-26T05:33:06.716+0000] {dag.py:4156} INFO - Setting next_dagrun for dag_with_taskflow_api_v02 to 2024-09-22 00:00:00+00:00, run_after=2024-09-23 00:00:00+00:00
[2024-09-26T05:33:06.746+0000] {processor.py:208} INFO - Processing /opt/airflow/dags/create_dag_with_taskflow.py took 0.166 seconds
[2024-09-26T05:33:37.529+0000] {processor.py:186} INFO - Started process (PID=158228) to work on /opt/airflow/dags/create_dag_with_taskflow.py
[2024-09-26T05:33:37.531+0000] {processor.py:914} INFO - Processing file /opt/airflow/dags/create_dag_with_taskflow.py for tasks to queue
[2024-09-26T05:33:37.533+0000] {logging_mixin.py:190} INFO - [2024-09-26T05:33:37.533+0000] {dagbag.py:587} INFO - Filling up the DagBag from /opt/airflow/dags/create_dag_with_taskflow.py
[2024-09-26T05:33:37.626+0000] {processor.py:925} INFO - DAG(s) 'dag_with_taskflow_api_v02' retrieved from /opt/airflow/dags/create_dag_with_taskflow.py
[2024-09-26T05:33:37.653+0000] {logging_mixin.py:190} INFO - [2024-09-26T05:33:37.653+0000] {dag.py:3229} INFO - Sync 1 DAGs
[2024-09-26T05:33:37.818+0000] {logging_mixin.py:190} INFO - [2024-09-26T05:33:37.817+0000] {dag.py:4156} INFO - Setting next_dagrun for dag_with_taskflow_api_v02 to 2024-09-22 00:00:00+00:00, run_after=2024-09-23 00:00:00+00:00
[2024-09-26T05:33:37.843+0000] {processor.py:208} INFO - Processing /opt/airflow/dags/create_dag_with_taskflow.py took 0.328 seconds
[2024-09-26T05:34:08.187+0000] {processor.py:186} INFO - Started process (PID=158271) to work on /opt/airflow/dags/create_dag_with_taskflow.py
[2024-09-26T05:34:08.189+0000] {processor.py:914} INFO - Processing file /opt/airflow/dags/create_dag_with_taskflow.py for tasks to queue
[2024-09-26T05:34:08.191+0000] {logging_mixin.py:190} INFO - [2024-09-26T05:34:08.190+0000] {dagbag.py:587} INFO - Filling up the DagBag from /opt/airflow/dags/create_dag_with_taskflow.py
[2024-09-26T05:34:08.270+0000] {processor.py:925} INFO - DAG(s) 'dag_with_taskflow_api_v02' retrieved from /opt/airflow/dags/create_dag_with_taskflow.py
[2024-09-26T05:34:08.302+0000] {logging_mixin.py:190} INFO - [2024-09-26T05:34:08.302+0000] {dag.py:3229} INFO - Sync 1 DAGs
[2024-09-26T05:34:08.324+0000] {logging_mixin.py:190} INFO - [2024-09-26T05:34:08.323+0000] {dag.py:4156} INFO - Setting next_dagrun for dag_with_taskflow_api_v02 to 2024-09-22 00:00:00+00:00, run_after=2024-09-23 00:00:00+00:00
[2024-09-26T05:34:08.350+0000] {processor.py:208} INFO - Processing /opt/airflow/dags/create_dag_with_taskflow.py took 0.170 seconds
[2024-09-26T05:34:38.790+0000] {processor.py:186} INFO - Started process (PID=158314) to work on /opt/airflow/dags/create_dag_with_taskflow.py
[2024-09-26T05:34:38.792+0000] {processor.py:914} INFO - Processing file /opt/airflow/dags/create_dag_with_taskflow.py for tasks to queue
[2024-09-26T05:34:38.796+0000] {logging_mixin.py:190} INFO - [2024-09-26T05:34:38.795+0000] {dagbag.py:587} INFO - Filling up the DagBag from /opt/airflow/dags/create_dag_with_taskflow.py
[2024-09-26T05:34:38.888+0000] {processor.py:925} INFO - DAG(s) 'dag_with_taskflow_api_v02' retrieved from /opt/airflow/dags/create_dag_with_taskflow.py
[2024-09-26T05:34:38.914+0000] {logging_mixin.py:190} INFO - [2024-09-26T05:34:38.914+0000] {dag.py:3229} INFO - Sync 1 DAGs
[2024-09-26T05:34:38.936+0000] {logging_mixin.py:190} INFO - [2024-09-26T05:34:38.936+0000] {dag.py:4156} INFO - Setting next_dagrun for dag_with_taskflow_api_v02 to 2024-09-22 00:00:00+00:00, run_after=2024-09-23 00:00:00+00:00
[2024-09-26T05:34:38.960+0000] {processor.py:208} INFO - Processing /opt/airflow/dags/create_dag_with_taskflow.py took 0.183 seconds
[2024-09-26T05:35:09.613+0000] {processor.py:186} INFO - Started process (PID=158359) to work on /opt/airflow/dags/create_dag_with_taskflow.py
[2024-09-26T05:35:09.615+0000] {processor.py:914} INFO - Processing file /opt/airflow/dags/create_dag_with_taskflow.py for tasks to queue
[2024-09-26T05:35:09.617+0000] {logging_mixin.py:190} INFO - [2024-09-26T05:35:09.616+0000] {dagbag.py:587} INFO - Filling up the DagBag from /opt/airflow/dags/create_dag_with_taskflow.py
[2024-09-26T05:35:09.693+0000] {processor.py:925} INFO - DAG(s) 'dag_with_taskflow_api_v02' retrieved from /opt/airflow/dags/create_dag_with_taskflow.py
[2024-09-26T05:35:09.720+0000] {logging_mixin.py:190} INFO - [2024-09-26T05:35:09.720+0000] {dag.py:3229} INFO - Sync 1 DAGs
[2024-09-26T05:35:09.743+0000] {logging_mixin.py:190} INFO - [2024-09-26T05:35:09.743+0000] {dag.py:4156} INFO - Setting next_dagrun for dag_with_taskflow_api_v02 to 2024-09-22 00:00:00+00:00, run_after=2024-09-23 00:00:00+00:00
[2024-09-26T05:35:09.767+0000] {processor.py:208} INFO - Processing /opt/airflow/dags/create_dag_with_taskflow.py took 0.161 seconds
[2024-09-26T05:35:40.228+0000] {processor.py:186} INFO - Started process (PID=158402) to work on /opt/airflow/dags/create_dag_with_taskflow.py
[2024-09-26T05:35:40.230+0000] {processor.py:914} INFO - Processing file /opt/airflow/dags/create_dag_with_taskflow.py for tasks to queue
[2024-09-26T05:35:40.232+0000] {logging_mixin.py:190} INFO - [2024-09-26T05:35:40.232+0000] {dagbag.py:587} INFO - Filling up the DagBag from /opt/airflow/dags/create_dag_with_taskflow.py
[2024-09-26T05:35:40.341+0000] {processor.py:925} INFO - DAG(s) 'dag_with_taskflow_api_v02' retrieved from /opt/airflow/dags/create_dag_with_taskflow.py
[2024-09-26T05:35:40.368+0000] {logging_mixin.py:190} INFO - [2024-09-26T05:35:40.368+0000] {dag.py:3229} INFO - Sync 1 DAGs
[2024-09-26T05:35:40.390+0000] {logging_mixin.py:190} INFO - [2024-09-26T05:35:40.390+0000] {dag.py:4156} INFO - Setting next_dagrun for dag_with_taskflow_api_v02 to 2024-09-22 00:00:00+00:00, run_after=2024-09-23 00:00:00+00:00
[2024-09-26T05:35:40.427+0000] {processor.py:208} INFO - Processing /opt/airflow/dags/create_dag_with_taskflow.py took 0.207 seconds
[2024-09-26T05:36:11.272+0000] {processor.py:186} INFO - Started process (PID=158445) to work on /opt/airflow/dags/create_dag_with_taskflow.py
[2024-09-26T05:36:11.274+0000] {processor.py:914} INFO - Processing file /opt/airflow/dags/create_dag_with_taskflow.py for tasks to queue
[2024-09-26T05:36:11.276+0000] {logging_mixin.py:190} INFO - [2024-09-26T05:36:11.276+0000] {dagbag.py:587} INFO - Filling up the DagBag from /opt/airflow/dags/create_dag_with_taskflow.py
[2024-09-26T05:36:11.391+0000] {processor.py:925} INFO - DAG(s) 'dag_with_taskflow_api_v02' retrieved from /opt/airflow/dags/create_dag_with_taskflow.py
[2024-09-26T05:36:11.431+0000] {logging_mixin.py:190} INFO - [2024-09-26T05:36:11.431+0000] {dag.py:3229} INFO - Sync 1 DAGs
[2024-09-26T05:36:11.620+0000] {logging_mixin.py:190} INFO - [2024-09-26T05:36:11.619+0000] {dag.py:4156} INFO - Setting next_dagrun for dag_with_taskflow_api_v02 to 2024-09-22 00:00:00+00:00, run_after=2024-09-23 00:00:00+00:00
[2024-09-26T05:36:11.655+0000] {processor.py:208} INFO - Processing /opt/airflow/dags/create_dag_with_taskflow.py took 0.390 seconds
[2024-09-26T05:36:41.992+0000] {processor.py:186} INFO - Started process (PID=158488) to work on /opt/airflow/dags/create_dag_with_taskflow.py
[2024-09-26T05:36:41.994+0000] {processor.py:914} INFO - Processing file /opt/airflow/dags/create_dag_with_taskflow.py for tasks to queue
[2024-09-26T05:36:41.997+0000] {logging_mixin.py:190} INFO - [2024-09-26T05:36:41.997+0000] {dagbag.py:587} INFO - Filling up the DagBag from /opt/airflow/dags/create_dag_with_taskflow.py
[2024-09-26T05:36:42.112+0000] {processor.py:925} INFO - DAG(s) 'dag_with_taskflow_api_v02' retrieved from /opt/airflow/dags/create_dag_with_taskflow.py
[2024-09-26T05:36:42.139+0000] {logging_mixin.py:190} INFO - [2024-09-26T05:36:42.139+0000] {dag.py:3229} INFO - Sync 1 DAGs
[2024-09-26T05:36:42.160+0000] {logging_mixin.py:190} INFO - [2024-09-26T05:36:42.159+0000] {dag.py:4156} INFO - Setting next_dagrun for dag_with_taskflow_api_v02 to 2024-09-22 00:00:00+00:00, run_after=2024-09-23 00:00:00+00:00
[2024-09-26T05:36:42.185+0000] {processor.py:208} INFO - Processing /opt/airflow/dags/create_dag_with_taskflow.py took 0.203 seconds
[2024-09-26T05:37:12.601+0000] {processor.py:186} INFO - Started process (PID=158531) to work on /opt/airflow/dags/create_dag_with_taskflow.py
[2024-09-26T05:37:12.603+0000] {processor.py:914} INFO - Processing file /opt/airflow/dags/create_dag_with_taskflow.py for tasks to queue
[2024-09-26T05:37:12.605+0000] {logging_mixin.py:190} INFO - [2024-09-26T05:37:12.605+0000] {dagbag.py:587} INFO - Filling up the DagBag from /opt/airflow/dags/create_dag_with_taskflow.py
[2024-09-26T05:37:12.695+0000] {processor.py:925} INFO - DAG(s) 'dag_with_taskflow_api_v02' retrieved from /opt/airflow/dags/create_dag_with_taskflow.py
[2024-09-26T05:37:12.735+0000] {logging_mixin.py:190} INFO - [2024-09-26T05:37:12.735+0000] {dag.py:3229} INFO - Sync 1 DAGs
[2024-09-26T05:37:12.762+0000] {logging_mixin.py:190} INFO - [2024-09-26T05:37:12.762+0000] {dag.py:4156} INFO - Setting next_dagrun for dag_with_taskflow_api_v02 to 2024-09-22 00:00:00+00:00, run_after=2024-09-23 00:00:00+00:00
[2024-09-26T05:37:12.801+0000] {processor.py:208} INFO - Processing /opt/airflow/dags/create_dag_with_taskflow.py took 0.208 seconds
[2024-09-26T05:37:43.464+0000] {processor.py:186} INFO - Started process (PID=158574) to work on /opt/airflow/dags/create_dag_with_taskflow.py
[2024-09-26T05:37:43.466+0000] {processor.py:914} INFO - Processing file /opt/airflow/dags/create_dag_with_taskflow.py for tasks to queue
[2024-09-26T05:37:43.469+0000] {logging_mixin.py:190} INFO - [2024-09-26T05:37:43.468+0000] {dagbag.py:587} INFO - Filling up the DagBag from /opt/airflow/dags/create_dag_with_taskflow.py
[2024-09-26T05:37:43.580+0000] {processor.py:925} INFO - DAG(s) 'dag_with_taskflow_api_v02' retrieved from /opt/airflow/dags/create_dag_with_taskflow.py
[2024-09-26T05:37:43.608+0000] {logging_mixin.py:190} INFO - [2024-09-26T05:37:43.608+0000] {dag.py:3229} INFO - Sync 1 DAGs
[2024-09-26T05:37:43.630+0000] {logging_mixin.py:190} INFO - [2024-09-26T05:37:43.629+0000] {dag.py:4156} INFO - Setting next_dagrun for dag_with_taskflow_api_v02 to 2024-09-22 00:00:00+00:00, run_after=2024-09-23 00:00:00+00:00
[2024-09-26T05:37:43.658+0000] {processor.py:208} INFO - Processing /opt/airflow/dags/create_dag_with_taskflow.py took 0.201 seconds
[2024-09-26T05:38:13.987+0000] {processor.py:186} INFO - Started process (PID=158617) to work on /opt/airflow/dags/create_dag_with_taskflow.py
[2024-09-26T05:38:13.989+0000] {processor.py:914} INFO - Processing file /opt/airflow/dags/create_dag_with_taskflow.py for tasks to queue
[2024-09-26T05:38:13.991+0000] {logging_mixin.py:190} INFO - [2024-09-26T05:38:13.991+0000] {dagbag.py:587} INFO - Filling up the DagBag from /opt/airflow/dags/create_dag_with_taskflow.py
[2024-09-26T05:38:14.095+0000] {processor.py:925} INFO - DAG(s) 'dag_with_taskflow_api_v02' retrieved from /opt/airflow/dags/create_dag_with_taskflow.py
[2024-09-26T05:38:14.139+0000] {logging_mixin.py:190} INFO - [2024-09-26T05:38:14.139+0000] {dag.py:3229} INFO - Sync 1 DAGs
[2024-09-26T05:38:14.165+0000] {logging_mixin.py:190} INFO - [2024-09-26T05:38:14.164+0000] {dag.py:4156} INFO - Setting next_dagrun for dag_with_taskflow_api_v02 to 2024-09-22 00:00:00+00:00, run_after=2024-09-23 00:00:00+00:00
[2024-09-26T05:38:14.199+0000] {processor.py:208} INFO - Processing /opt/airflow/dags/create_dag_with_taskflow.py took 0.218 seconds
[2024-09-26T05:38:44.810+0000] {processor.py:186} INFO - Started process (PID=158660) to work on /opt/airflow/dags/create_dag_with_taskflow.py
[2024-09-26T05:38:44.813+0000] {processor.py:914} INFO - Processing file /opt/airflow/dags/create_dag_with_taskflow.py for tasks to queue
[2024-09-26T05:38:44.817+0000] {logging_mixin.py:190} INFO - [2024-09-26T05:38:44.817+0000] {dagbag.py:587} INFO - Filling up the DagBag from /opt/airflow/dags/create_dag_with_taskflow.py
[2024-09-26T05:38:44.927+0000] {processor.py:925} INFO - DAG(s) 'dag_with_taskflow_api_v02' retrieved from /opt/airflow/dags/create_dag_with_taskflow.py
[2024-09-26T05:38:44.959+0000] {logging_mixin.py:190} INFO - [2024-09-26T05:38:44.959+0000] {dag.py:3229} INFO - Sync 1 DAGs
[2024-09-26T05:38:45.002+0000] {logging_mixin.py:190} INFO - [2024-09-26T05:38:45.002+0000] {dag.py:4156} INFO - Setting next_dagrun for dag_with_taskflow_api_v02 to 2024-09-22 00:00:00+00:00, run_after=2024-09-23 00:00:00+00:00
[2024-09-26T05:38:45.155+0000] {processor.py:208} INFO - Processing /opt/airflow/dags/create_dag_with_taskflow.py took 0.357 seconds
[2024-09-26T05:39:15.869+0000] {processor.py:186} INFO - Started process (PID=158703) to work on /opt/airflow/dags/create_dag_with_taskflow.py
[2024-09-26T05:39:15.870+0000] {processor.py:914} INFO - Processing file /opt/airflow/dags/create_dag_with_taskflow.py for tasks to queue
[2024-09-26T05:39:15.873+0000] {logging_mixin.py:190} INFO - [2024-09-26T05:39:15.872+0000] {dagbag.py:587} INFO - Filling up the DagBag from /opt/airflow/dags/create_dag_with_taskflow.py
[2024-09-26T05:39:15.981+0000] {processor.py:925} INFO - DAG(s) 'dag_with_taskflow_api_v02' retrieved from /opt/airflow/dags/create_dag_with_taskflow.py
[2024-09-26T05:39:16.024+0000] {logging_mixin.py:190} INFO - [2024-09-26T05:39:16.024+0000] {dag.py:3229} INFO - Sync 1 DAGs
[2024-09-26T05:39:16.169+0000] {logging_mixin.py:190} INFO - [2024-09-26T05:39:16.168+0000] {dag.py:4156} INFO - Setting next_dagrun for dag_with_taskflow_api_v02 to 2024-09-22 00:00:00+00:00, run_after=2024-09-23 00:00:00+00:00
[2024-09-26T05:39:16.198+0000] {processor.py:208} INFO - Processing /opt/airflow/dags/create_dag_with_taskflow.py took 0.335 seconds
[2024-09-26T05:39:46.384+0000] {processor.py:186} INFO - Started process (PID=158746) to work on /opt/airflow/dags/create_dag_with_taskflow.py
[2024-09-26T05:39:46.385+0000] {processor.py:914} INFO - Processing file /opt/airflow/dags/create_dag_with_taskflow.py for tasks to queue
[2024-09-26T05:39:46.387+0000] {logging_mixin.py:190} INFO - [2024-09-26T05:39:46.386+0000] {dagbag.py:587} INFO - Filling up the DagBag from /opt/airflow/dags/create_dag_with_taskflow.py
[2024-09-26T05:39:46.457+0000] {processor.py:925} INFO - DAG(s) 'dag_with_taskflow_api_v02' retrieved from /opt/airflow/dags/create_dag_with_taskflow.py
[2024-09-26T05:39:46.494+0000] {logging_mixin.py:190} INFO - [2024-09-26T05:39:46.494+0000] {dag.py:3229} INFO - Sync 1 DAGs
[2024-09-26T05:39:46.530+0000] {logging_mixin.py:190} INFO - [2024-09-26T05:39:46.530+0000] {dag.py:4156} INFO - Setting next_dagrun for dag_with_taskflow_api_v02 to 2024-09-22 00:00:00+00:00, run_after=2024-09-23 00:00:00+00:00
[2024-09-26T05:39:46.556+0000] {processor.py:208} INFO - Processing /opt/airflow/dags/create_dag_with_taskflow.py took 0.178 seconds
[2024-09-26T05:40:17.002+0000] {processor.py:186} INFO - Started process (PID=158789) to work on /opt/airflow/dags/create_dag_with_taskflow.py
[2024-09-26T05:40:17.004+0000] {processor.py:914} INFO - Processing file /opt/airflow/dags/create_dag_with_taskflow.py for tasks to queue
[2024-09-26T05:40:17.007+0000] {logging_mixin.py:190} INFO - [2024-09-26T05:40:17.007+0000] {dagbag.py:587} INFO - Filling up the DagBag from /opt/airflow/dags/create_dag_with_taskflow.py
[2024-09-26T05:40:17.121+0000] {processor.py:925} INFO - DAG(s) 'dag_with_taskflow_api_v02' retrieved from /opt/airflow/dags/create_dag_with_taskflow.py
[2024-09-26T05:40:17.147+0000] {logging_mixin.py:190} INFO - [2024-09-26T05:40:17.146+0000] {dag.py:3229} INFO - Sync 1 DAGs
[2024-09-26T05:40:17.166+0000] {logging_mixin.py:190} INFO - [2024-09-26T05:40:17.166+0000] {dag.py:4156} INFO - Setting next_dagrun for dag_with_taskflow_api_v02 to 2024-09-22 00:00:00+00:00, run_after=2024-09-23 00:00:00+00:00
[2024-09-26T05:40:17.202+0000] {processor.py:208} INFO - Processing /opt/airflow/dags/create_dag_with_taskflow.py took 0.212 seconds
[2024-09-26T05:40:47.759+0000] {processor.py:186} INFO - Started process (PID=158832) to work on /opt/airflow/dags/create_dag_with_taskflow.py
[2024-09-26T05:40:47.762+0000] {processor.py:914} INFO - Processing file /opt/airflow/dags/create_dag_with_taskflow.py for tasks to queue
[2024-09-26T05:40:47.765+0000] {logging_mixin.py:190} INFO - [2024-09-26T05:40:47.764+0000] {dagbag.py:587} INFO - Filling up the DagBag from /opt/airflow/dags/create_dag_with_taskflow.py
[2024-09-26T05:40:47.873+0000] {processor.py:925} INFO - DAG(s) 'dag_with_taskflow_api_v02' retrieved from /opt/airflow/dags/create_dag_with_taskflow.py
[2024-09-26T05:40:47.901+0000] {logging_mixin.py:190} INFO - [2024-09-26T05:40:47.901+0000] {dag.py:3229} INFO - Sync 1 DAGs
[2024-09-26T05:40:47.922+0000] {logging_mixin.py:190} INFO - [2024-09-26T05:40:47.922+0000] {dag.py:4156} INFO - Setting next_dagrun for dag_with_taskflow_api_v02 to 2024-09-22 00:00:00+00:00, run_after=2024-09-23 00:00:00+00:00
[2024-09-26T05:40:47.955+0000] {processor.py:208} INFO - Processing /opt/airflow/dags/create_dag_with_taskflow.py took 0.207 seconds
[2024-09-26T05:41:18.556+0000] {processor.py:186} INFO - Started process (PID=158875) to work on /opt/airflow/dags/create_dag_with_taskflow.py
[2024-09-26T05:41:18.559+0000] {processor.py:914} INFO - Processing file /opt/airflow/dags/create_dag_with_taskflow.py for tasks to queue
[2024-09-26T05:41:18.564+0000] {logging_mixin.py:190} INFO - [2024-09-26T05:41:18.563+0000] {dagbag.py:587} INFO - Filling up the DagBag from /opt/airflow/dags/create_dag_with_taskflow.py
[2024-09-26T05:41:18.696+0000] {processor.py:925} INFO - DAG(s) 'dag_with_taskflow_api_v02' retrieved from /opt/airflow/dags/create_dag_with_taskflow.py
[2024-09-26T05:41:18.722+0000] {logging_mixin.py:190} INFO - [2024-09-26T05:41:18.722+0000] {dag.py:3229} INFO - Sync 1 DAGs
[2024-09-26T05:41:18.743+0000] {logging_mixin.py:190} INFO - [2024-09-26T05:41:18.742+0000] {dag.py:4156} INFO - Setting next_dagrun for dag_with_taskflow_api_v02 to 2024-09-22 00:00:00+00:00, run_after=2024-09-23 00:00:00+00:00
[2024-09-26T05:41:18.775+0000] {processor.py:208} INFO - Processing /opt/airflow/dags/create_dag_with_taskflow.py took 0.233 seconds
[2024-09-26T05:41:49.148+0000] {processor.py:186} INFO - Started process (PID=158918) to work on /opt/airflow/dags/create_dag_with_taskflow.py
[2024-09-26T05:41:49.150+0000] {processor.py:914} INFO - Processing file /opt/airflow/dags/create_dag_with_taskflow.py for tasks to queue
[2024-09-26T05:41:49.152+0000] {logging_mixin.py:190} INFO - [2024-09-26T05:41:49.152+0000] {dagbag.py:587} INFO - Filling up the DagBag from /opt/airflow/dags/create_dag_with_taskflow.py
[2024-09-26T05:41:49.246+0000] {processor.py:925} INFO - DAG(s) 'dag_with_taskflow_api_v02' retrieved from /opt/airflow/dags/create_dag_with_taskflow.py
[2024-09-26T05:41:49.280+0000] {logging_mixin.py:190} INFO - [2024-09-26T05:41:49.280+0000] {dag.py:3229} INFO - Sync 1 DAGs
[2024-09-26T05:41:49.421+0000] {logging_mixin.py:190} INFO - [2024-09-26T05:41:49.421+0000] {dag.py:4156} INFO - Setting next_dagrun for dag_with_taskflow_api_v02 to 2024-09-22 00:00:00+00:00, run_after=2024-09-23 00:00:00+00:00
[2024-09-26T05:41:49.448+0000] {processor.py:208} INFO - Processing /opt/airflow/dags/create_dag_with_taskflow.py took 0.305 seconds
[2024-09-26T05:42:19.778+0000] {processor.py:186} INFO - Started process (PID=158961) to work on /opt/airflow/dags/create_dag_with_taskflow.py
[2024-09-26T05:42:19.780+0000] {processor.py:914} INFO - Processing file /opt/airflow/dags/create_dag_with_taskflow.py for tasks to queue
[2024-09-26T05:42:19.782+0000] {logging_mixin.py:190} INFO - [2024-09-26T05:42:19.782+0000] {dagbag.py:587} INFO - Filling up the DagBag from /opt/airflow/dags/create_dag_with_taskflow.py
[2024-09-26T05:42:19.900+0000] {processor.py:925} INFO - DAG(s) 'dag_with_taskflow_api_v02' retrieved from /opt/airflow/dags/create_dag_with_taskflow.py
[2024-09-26T05:42:19.936+0000] {logging_mixin.py:190} INFO - [2024-09-26T05:42:19.935+0000] {dag.py:3229} INFO - Sync 1 DAGs
[2024-09-26T05:42:20.078+0000] {logging_mixin.py:190} INFO - [2024-09-26T05:42:20.078+0000] {dag.py:4156} INFO - Setting next_dagrun for dag_with_taskflow_api_v02 to 2024-09-22 00:00:00+00:00, run_after=2024-09-23 00:00:00+00:00
[2024-09-26T05:42:20.112+0000] {processor.py:208} INFO - Processing /opt/airflow/dags/create_dag_with_taskflow.py took 0.339 seconds
[2024-09-26T05:42:50.742+0000] {processor.py:186} INFO - Started process (PID=159004) to work on /opt/airflow/dags/create_dag_with_taskflow.py
[2024-09-26T05:42:50.745+0000] {processor.py:914} INFO - Processing file /opt/airflow/dags/create_dag_with_taskflow.py for tasks to queue
[2024-09-26T05:42:50.749+0000] {logging_mixin.py:190} INFO - [2024-09-26T05:42:50.747+0000] {dagbag.py:587} INFO - Filling up the DagBag from /opt/airflow/dags/create_dag_with_taskflow.py
[2024-09-26T05:42:50.870+0000] {processor.py:925} INFO - DAG(s) 'dag_with_taskflow_api_v02' retrieved from /opt/airflow/dags/create_dag_with_taskflow.py
[2024-09-26T05:42:50.893+0000] {logging_mixin.py:190} INFO - [2024-09-26T05:42:50.893+0000] {dag.py:3229} INFO - Sync 1 DAGs
[2024-09-26T05:42:50.914+0000] {logging_mixin.py:190} INFO - [2024-09-26T05:42:50.914+0000] {dag.py:4156} INFO - Setting next_dagrun for dag_with_taskflow_api_v02 to 2024-09-22 00:00:00+00:00, run_after=2024-09-23 00:00:00+00:00
[2024-09-26T05:42:50.942+0000] {processor.py:208} INFO - Processing /opt/airflow/dags/create_dag_with_taskflow.py took 0.209 seconds
[2024-09-26T05:43:21.298+0000] {processor.py:186} INFO - Started process (PID=159047) to work on /opt/airflow/dags/create_dag_with_taskflow.py
[2024-09-26T05:43:21.300+0000] {processor.py:914} INFO - Processing file /opt/airflow/dags/create_dag_with_taskflow.py for tasks to queue
[2024-09-26T05:43:21.303+0000] {logging_mixin.py:190} INFO - [2024-09-26T05:43:21.303+0000] {dagbag.py:587} INFO - Filling up the DagBag from /opt/airflow/dags/create_dag_with_taskflow.py
[2024-09-26T05:43:21.428+0000] {processor.py:925} INFO - DAG(s) 'dag_with_taskflow_api_v02' retrieved from /opt/airflow/dags/create_dag_with_taskflow.py
[2024-09-26T05:43:21.453+0000] {logging_mixin.py:190} INFO - [2024-09-26T05:43:21.453+0000] {dag.py:3229} INFO - Sync 1 DAGs
[2024-09-26T05:43:21.474+0000] {logging_mixin.py:190} INFO - [2024-09-26T05:43:21.473+0000] {dag.py:4156} INFO - Setting next_dagrun for dag_with_taskflow_api_v02 to 2024-09-22 00:00:00+00:00, run_after=2024-09-23 00:00:00+00:00
[2024-09-26T05:43:21.514+0000] {processor.py:208} INFO - Processing /opt/airflow/dags/create_dag_with_taskflow.py took 0.223 seconds
[2024-09-26T05:43:51.827+0000] {processor.py:186} INFO - Started process (PID=159090) to work on /opt/airflow/dags/create_dag_with_taskflow.py
[2024-09-26T05:43:51.829+0000] {processor.py:914} INFO - Processing file /opt/airflow/dags/create_dag_with_taskflow.py for tasks to queue
[2024-09-26T05:43:51.831+0000] {logging_mixin.py:190} INFO - [2024-09-26T05:43:51.831+0000] {dagbag.py:587} INFO - Filling up the DagBag from /opt/airflow/dags/create_dag_with_taskflow.py
[2024-09-26T05:43:51.931+0000] {processor.py:925} INFO - DAG(s) 'dag_with_taskflow_api_v02' retrieved from /opt/airflow/dags/create_dag_with_taskflow.py
[2024-09-26T05:43:51.961+0000] {logging_mixin.py:190} INFO - [2024-09-26T05:43:51.960+0000] {dag.py:3229} INFO - Sync 1 DAGs
[2024-09-26T05:43:51.988+0000] {logging_mixin.py:190} INFO - [2024-09-26T05:43:51.987+0000] {dag.py:4156} INFO - Setting next_dagrun for dag_with_taskflow_api_v02 to 2024-09-22 00:00:00+00:00, run_after=2024-09-23 00:00:00+00:00
[2024-09-26T05:43:52.012+0000] {processor.py:208} INFO - Processing /opt/airflow/dags/create_dag_with_taskflow.py took 0.192 seconds
[2024-09-26T05:44:22.433+0000] {processor.py:186} INFO - Started process (PID=159133) to work on /opt/airflow/dags/create_dag_with_taskflow.py
[2024-09-26T05:44:22.435+0000] {processor.py:914} INFO - Processing file /opt/airflow/dags/create_dag_with_taskflow.py for tasks to queue
[2024-09-26T05:44:22.438+0000] {logging_mixin.py:190} INFO - [2024-09-26T05:44:22.438+0000] {dagbag.py:587} INFO - Filling up the DagBag from /opt/airflow/dags/create_dag_with_taskflow.py
[2024-09-26T05:44:22.546+0000] {processor.py:925} INFO - DAG(s) 'dag_with_taskflow_api_v02' retrieved from /opt/airflow/dags/create_dag_with_taskflow.py
[2024-09-26T05:44:22.571+0000] {logging_mixin.py:190} INFO - [2024-09-26T05:44:22.571+0000] {dag.py:3229} INFO - Sync 1 DAGs
[2024-09-26T05:44:22.593+0000] {logging_mixin.py:190} INFO - [2024-09-26T05:44:22.593+0000] {dag.py:4156} INFO - Setting next_dagrun for dag_with_taskflow_api_v02 to 2024-09-22 00:00:00+00:00, run_after=2024-09-23 00:00:00+00:00
[2024-09-26T05:44:22.732+0000] {processor.py:208} INFO - Processing /opt/airflow/dags/create_dag_with_taskflow.py took 0.311 seconds
[2024-09-26T05:44:53.207+0000] {processor.py:186} INFO - Started process (PID=159176) to work on /opt/airflow/dags/create_dag_with_taskflow.py
[2024-09-26T05:44:53.209+0000] {processor.py:914} INFO - Processing file /opt/airflow/dags/create_dag_with_taskflow.py for tasks to queue
[2024-09-26T05:44:53.213+0000] {logging_mixin.py:190} INFO - [2024-09-26T05:44:53.212+0000] {dagbag.py:587} INFO - Filling up the DagBag from /opt/airflow/dags/create_dag_with_taskflow.py
[2024-09-26T05:44:53.294+0000] {processor.py:925} INFO - DAG(s) 'dag_with_taskflow_api_v02' retrieved from /opt/airflow/dags/create_dag_with_taskflow.py
[2024-09-26T05:44:53.320+0000] {logging_mixin.py:190} INFO - [2024-09-26T05:44:53.320+0000] {dag.py:3229} INFO - Sync 1 DAGs
[2024-09-26T05:44:53.458+0000] {logging_mixin.py:190} INFO - [2024-09-26T05:44:53.458+0000] {dag.py:4156} INFO - Setting next_dagrun for dag_with_taskflow_api_v02 to 2024-09-22 00:00:00+00:00, run_after=2024-09-23 00:00:00+00:00
[2024-09-26T05:44:53.478+0000] {processor.py:208} INFO - Processing /opt/airflow/dags/create_dag_with_taskflow.py took 0.283 seconds
[2024-09-26T05:45:24.060+0000] {processor.py:186} INFO - Started process (PID=159219) to work on /opt/airflow/dags/create_dag_with_taskflow.py
[2024-09-26T05:45:24.061+0000] {processor.py:914} INFO - Processing file /opt/airflow/dags/create_dag_with_taskflow.py for tasks to queue
[2024-09-26T05:45:24.063+0000] {logging_mixin.py:190} INFO - [2024-09-26T05:45:24.063+0000] {dagbag.py:587} INFO - Filling up the DagBag from /opt/airflow/dags/create_dag_with_taskflow.py
[2024-09-26T05:45:24.168+0000] {processor.py:925} INFO - DAG(s) 'dag_with_taskflow_api_v02' retrieved from /opt/airflow/dags/create_dag_with_taskflow.py
[2024-09-26T05:45:24.194+0000] {logging_mixin.py:190} INFO - [2024-09-26T05:45:24.193+0000] {dag.py:3229} INFO - Sync 1 DAGs
[2024-09-26T05:45:24.214+0000] {logging_mixin.py:190} INFO - [2024-09-26T05:45:24.214+0000] {dag.py:4156} INFO - Setting next_dagrun for dag_with_taskflow_api_v02 to 2024-09-22 00:00:00+00:00, run_after=2024-09-23 00:00:00+00:00
[2024-09-26T05:45:24.238+0000] {processor.py:208} INFO - Processing /opt/airflow/dags/create_dag_with_taskflow.py took 0.184 seconds
[2024-09-26T05:45:54.546+0000] {processor.py:186} INFO - Started process (PID=159260) to work on /opt/airflow/dags/create_dag_with_taskflow.py
[2024-09-26T05:45:54.548+0000] {processor.py:914} INFO - Processing file /opt/airflow/dags/create_dag_with_taskflow.py for tasks to queue
[2024-09-26T05:45:54.550+0000] {logging_mixin.py:190} INFO - [2024-09-26T05:45:54.550+0000] {dagbag.py:587} INFO - Filling up the DagBag from /opt/airflow/dags/create_dag_with_taskflow.py
[2024-09-26T05:45:54.619+0000] {processor.py:925} INFO - DAG(s) 'dag_with_taskflow_api_v02' retrieved from /opt/airflow/dags/create_dag_with_taskflow.py
[2024-09-26T05:45:54.644+0000] {logging_mixin.py:190} INFO - [2024-09-26T05:45:54.644+0000] {dag.py:3229} INFO - Sync 1 DAGs
[2024-09-26T05:45:54.667+0000] {logging_mixin.py:190} INFO - [2024-09-26T05:45:54.666+0000] {dag.py:4156} INFO - Setting next_dagrun for dag_with_taskflow_api_v02 to 2024-09-22 00:00:00+00:00, run_after=2024-09-23 00:00:00+00:00
[2024-09-26T05:45:54.688+0000] {processor.py:208} INFO - Processing /opt/airflow/dags/create_dag_with_taskflow.py took 0.152 seconds
[2024-09-26T05:46:25.080+0000] {processor.py:186} INFO - Started process (PID=159305) to work on /opt/airflow/dags/create_dag_with_taskflow.py
[2024-09-26T05:46:25.081+0000] {processor.py:914} INFO - Processing file /opt/airflow/dags/create_dag_with_taskflow.py for tasks to queue
[2024-09-26T05:46:25.083+0000] {logging_mixin.py:190} INFO - [2024-09-26T05:46:25.083+0000] {dagbag.py:587} INFO - Filling up the DagBag from /opt/airflow/dags/create_dag_with_taskflow.py
[2024-09-26T05:46:25.175+0000] {processor.py:925} INFO - DAG(s) 'dag_with_taskflow_api_v02' retrieved from /opt/airflow/dags/create_dag_with_taskflow.py
[2024-09-26T05:46:25.202+0000] {logging_mixin.py:190} INFO - [2024-09-26T05:46:25.202+0000] {dag.py:3229} INFO - Sync 1 DAGs
[2024-09-26T05:46:25.227+0000] {logging_mixin.py:190} INFO - [2024-09-26T05:46:25.227+0000] {dag.py:4156} INFO - Setting next_dagrun for dag_with_taskflow_api_v02 to 2024-09-22 00:00:00+00:00, run_after=2024-09-23 00:00:00+00:00
[2024-09-26T05:46:25.263+0000] {processor.py:208} INFO - Processing /opt/airflow/dags/create_dag_with_taskflow.py took 0.189 seconds
[2024-09-26T05:46:55.541+0000] {processor.py:186} INFO - Started process (PID=159348) to work on /opt/airflow/dags/create_dag_with_taskflow.py
[2024-09-26T05:46:55.543+0000] {processor.py:914} INFO - Processing file /opt/airflow/dags/create_dag_with_taskflow.py for tasks to queue
[2024-09-26T05:46:55.544+0000] {logging_mixin.py:190} INFO - [2024-09-26T05:46:55.544+0000] {dagbag.py:587} INFO - Filling up the DagBag from /opt/airflow/dags/create_dag_with_taskflow.py
[2024-09-26T05:46:55.622+0000] {processor.py:925} INFO - DAG(s) 'dag_with_taskflow_api_v02' retrieved from /opt/airflow/dags/create_dag_with_taskflow.py
[2024-09-26T05:46:55.653+0000] {logging_mixin.py:190} INFO - [2024-09-26T05:46:55.653+0000] {dag.py:3229} INFO - Sync 1 DAGs
[2024-09-26T05:46:55.679+0000] {logging_mixin.py:190} INFO - [2024-09-26T05:46:55.679+0000] {dag.py:4156} INFO - Setting next_dagrun for dag_with_taskflow_api_v02 to 2024-09-22 00:00:00+00:00, run_after=2024-09-23 00:00:00+00:00
[2024-09-26T05:46:55.708+0000] {processor.py:208} INFO - Processing /opt/airflow/dags/create_dag_with_taskflow.py took 0.172 seconds
[2024-09-26T05:47:26.613+0000] {processor.py:186} INFO - Started process (PID=159391) to work on /opt/airflow/dags/create_dag_with_taskflow.py
[2024-09-26T05:47:26.617+0000] {processor.py:914} INFO - Processing file /opt/airflow/dags/create_dag_with_taskflow.py for tasks to queue
[2024-09-26T05:47:26.622+0000] {logging_mixin.py:190} INFO - [2024-09-26T05:47:26.620+0000] {dagbag.py:587} INFO - Filling up the DagBag from /opt/airflow/dags/create_dag_with_taskflow.py
[2024-09-26T05:47:26.731+0000] {processor.py:925} INFO - DAG(s) 'dag_with_taskflow_api_v02' retrieved from /opt/airflow/dags/create_dag_with_taskflow.py
[2024-09-26T05:47:26.762+0000] {logging_mixin.py:190} INFO - [2024-09-26T05:47:26.762+0000] {dag.py:3229} INFO - Sync 1 DAGs
[2024-09-26T05:47:26.901+0000] {logging_mixin.py:190} INFO - [2024-09-26T05:47:26.900+0000] {dag.py:4156} INFO - Setting next_dagrun for dag_with_taskflow_api_v02 to 2024-09-22 00:00:00+00:00, run_after=2024-09-23 00:00:00+00:00
[2024-09-26T05:47:26.925+0000] {processor.py:208} INFO - Processing /opt/airflow/dags/create_dag_with_taskflow.py took 0.327 seconds
[2024-09-26T05:47:57.200+0000] {processor.py:186} INFO - Started process (PID=159434) to work on /opt/airflow/dags/create_dag_with_taskflow.py
[2024-09-26T05:47:57.202+0000] {processor.py:914} INFO - Processing file /opt/airflow/dags/create_dag_with_taskflow.py for tasks to queue
[2024-09-26T05:47:57.204+0000] {logging_mixin.py:190} INFO - [2024-09-26T05:47:57.204+0000] {dagbag.py:587} INFO - Filling up the DagBag from /opt/airflow/dags/create_dag_with_taskflow.py
[2024-09-26T05:47:57.299+0000] {processor.py:925} INFO - DAG(s) 'dag_with_taskflow_api_v02' retrieved from /opt/airflow/dags/create_dag_with_taskflow.py
[2024-09-26T05:47:57.325+0000] {logging_mixin.py:190} INFO - [2024-09-26T05:47:57.324+0000] {dag.py:3229} INFO - Sync 1 DAGs
[2024-09-26T05:47:57.460+0000] {logging_mixin.py:190} INFO - [2024-09-26T05:47:57.460+0000] {dag.py:4156} INFO - Setting next_dagrun for dag_with_taskflow_api_v02 to 2024-09-22 00:00:00+00:00, run_after=2024-09-23 00:00:00+00:00
[2024-09-26T05:47:57.489+0000] {processor.py:208} INFO - Processing /opt/airflow/dags/create_dag_with_taskflow.py took 0.299 seconds
[2024-09-26T05:48:28.120+0000] {processor.py:186} INFO - Started process (PID=159475) to work on /opt/airflow/dags/create_dag_with_taskflow.py
[2024-09-26T05:48:28.121+0000] {processor.py:914} INFO - Processing file /opt/airflow/dags/create_dag_with_taskflow.py for tasks to queue
[2024-09-26T05:48:28.124+0000] {logging_mixin.py:190} INFO - [2024-09-26T05:48:28.123+0000] {dagbag.py:587} INFO - Filling up the DagBag from /opt/airflow/dags/create_dag_with_taskflow.py
[2024-09-26T05:48:28.205+0000] {processor.py:925} INFO - DAG(s) 'dag_with_taskflow_api_v02' retrieved from /opt/airflow/dags/create_dag_with_taskflow.py
[2024-09-26T05:48:28.236+0000] {logging_mixin.py:190} INFO - [2024-09-26T05:48:28.236+0000] {dag.py:3229} INFO - Sync 1 DAGs
[2024-09-26T05:48:28.260+0000] {logging_mixin.py:190} INFO - [2024-09-26T05:48:28.260+0000] {dag.py:4156} INFO - Setting next_dagrun for dag_with_taskflow_api_v02 to 2024-09-22 00:00:00+00:00, run_after=2024-09-23 00:00:00+00:00
[2024-09-26T05:48:28.284+0000] {processor.py:208} INFO - Processing /opt/airflow/dags/create_dag_with_taskflow.py took 0.170 seconds
[2024-09-26T05:48:58.697+0000] {processor.py:186} INFO - Started process (PID=159520) to work on /opt/airflow/dags/create_dag_with_taskflow.py
[2024-09-26T05:48:58.699+0000] {processor.py:914} INFO - Processing file /opt/airflow/dags/create_dag_with_taskflow.py for tasks to queue
[2024-09-26T05:48:58.701+0000] {logging_mixin.py:190} INFO - [2024-09-26T05:48:58.701+0000] {dagbag.py:587} INFO - Filling up the DagBag from /opt/airflow/dags/create_dag_with_taskflow.py
[2024-09-26T05:48:58.798+0000] {processor.py:925} INFO - DAG(s) 'dag_with_taskflow_api_v02' retrieved from /opt/airflow/dags/create_dag_with_taskflow.py
[2024-09-26T05:48:58.826+0000] {logging_mixin.py:190} INFO - [2024-09-26T05:48:58.826+0000] {dag.py:3229} INFO - Sync 1 DAGs
[2024-09-26T05:48:58.847+0000] {logging_mixin.py:190} INFO - [2024-09-26T05:48:58.847+0000] {dag.py:4156} INFO - Setting next_dagrun for dag_with_taskflow_api_v02 to 2024-09-22 00:00:00+00:00, run_after=2024-09-23 00:00:00+00:00
[2024-09-26T05:48:58.884+0000] {processor.py:208} INFO - Processing /opt/airflow/dags/create_dag_with_taskflow.py took 0.201 seconds
[2024-09-26T05:49:29.376+0000] {processor.py:186} INFO - Started process (PID=159563) to work on /opt/airflow/dags/create_dag_with_taskflow.py
[2024-09-26T05:49:29.379+0000] {processor.py:914} INFO - Processing file /opt/airflow/dags/create_dag_with_taskflow.py for tasks to queue
[2024-09-26T05:49:29.382+0000] {logging_mixin.py:190} INFO - [2024-09-26T05:49:29.381+0000] {dagbag.py:587} INFO - Filling up the DagBag from /opt/airflow/dags/create_dag_with_taskflow.py
[2024-09-26T05:49:29.493+0000] {processor.py:925} INFO - DAG(s) 'dag_with_taskflow_api_v02' retrieved from /opt/airflow/dags/create_dag_with_taskflow.py
[2024-09-26T05:49:29.520+0000] {logging_mixin.py:190} INFO - [2024-09-26T05:49:29.520+0000] {dag.py:3229} INFO - Sync 1 DAGs
[2024-09-26T05:49:29.541+0000] {logging_mixin.py:190} INFO - [2024-09-26T05:49:29.541+0000] {dag.py:4156} INFO - Setting next_dagrun for dag_with_taskflow_api_v02 to 2024-09-22 00:00:00+00:00, run_after=2024-09-23 00:00:00+00:00
[2024-09-26T05:49:29.583+0000] {processor.py:208} INFO - Processing /opt/airflow/dags/create_dag_with_taskflow.py took 0.217 seconds
[2024-09-26T05:50:00.188+0000] {processor.py:186} INFO - Started process (PID=159606) to work on /opt/airflow/dags/create_dag_with_taskflow.py
[2024-09-26T05:50:00.190+0000] {processor.py:914} INFO - Processing file /opt/airflow/dags/create_dag_with_taskflow.py for tasks to queue
[2024-09-26T05:50:00.192+0000] {logging_mixin.py:190} INFO - [2024-09-26T05:50:00.192+0000] {dagbag.py:587} INFO - Filling up the DagBag from /opt/airflow/dags/create_dag_with_taskflow.py
[2024-09-26T05:50:00.285+0000] {processor.py:925} INFO - DAG(s) 'dag_with_taskflow_api_v02' retrieved from /opt/airflow/dags/create_dag_with_taskflow.py
[2024-09-26T05:50:00.315+0000] {logging_mixin.py:190} INFO - [2024-09-26T05:50:00.315+0000] {dag.py:3229} INFO - Sync 1 DAGs
[2024-09-26T05:50:00.344+0000] {logging_mixin.py:190} INFO - [2024-09-26T05:50:00.344+0000] {dag.py:4156} INFO - Setting next_dagrun for dag_with_taskflow_api_v02 to 2024-09-22 00:00:00+00:00, run_after=2024-09-23 00:00:00+00:00
[2024-09-26T05:50:00.507+0000] {processor.py:208} INFO - Processing /opt/airflow/dags/create_dag_with_taskflow.py took 0.325 seconds
[2024-09-26T05:50:31.097+0000] {processor.py:186} INFO - Started process (PID=159649) to work on /opt/airflow/dags/create_dag_with_taskflow.py
[2024-09-26T05:50:31.099+0000] {processor.py:914} INFO - Processing file /opt/airflow/dags/create_dag_with_taskflow.py for tasks to queue
[2024-09-26T05:50:31.102+0000] {logging_mixin.py:190} INFO - [2024-09-26T05:50:31.102+0000] {dagbag.py:587} INFO - Filling up the DagBag from /opt/airflow/dags/create_dag_with_taskflow.py
[2024-09-26T05:50:31.187+0000] {processor.py:925} INFO - DAG(s) 'dag_with_taskflow_api_v02' retrieved from /opt/airflow/dags/create_dag_with_taskflow.py
[2024-09-26T05:50:31.212+0000] {logging_mixin.py:190} INFO - [2024-09-26T05:50:31.212+0000] {dag.py:3229} INFO - Sync 1 DAGs
[2024-09-26T05:50:31.349+0000] {logging_mixin.py:190} INFO - [2024-09-26T05:50:31.349+0000] {dag.py:4156} INFO - Setting next_dagrun for dag_with_taskflow_api_v02 to 2024-09-22 00:00:00+00:00, run_after=2024-09-23 00:00:00+00:00
[2024-09-26T05:50:31.376+0000] {processor.py:208} INFO - Processing /opt/airflow/dags/create_dag_with_taskflow.py took 0.296 seconds
[2024-09-26T05:51:01.766+0000] {processor.py:186} INFO - Started process (PID=159692) to work on /opt/airflow/dags/create_dag_with_taskflow.py
[2024-09-26T05:51:01.768+0000] {processor.py:914} INFO - Processing file /opt/airflow/dags/create_dag_with_taskflow.py for tasks to queue
[2024-09-26T05:51:01.770+0000] {logging_mixin.py:190} INFO - [2024-09-26T05:51:01.769+0000] {dagbag.py:587} INFO - Filling up the DagBag from /opt/airflow/dags/create_dag_with_taskflow.py
[2024-09-26T05:51:01.872+0000] {processor.py:925} INFO - DAG(s) 'dag_with_taskflow_api_v02' retrieved from /opt/airflow/dags/create_dag_with_taskflow.py
[2024-09-26T05:51:02.015+0000] {logging_mixin.py:190} INFO - [2024-09-26T05:51:02.015+0000] {dag.py:3229} INFO - Sync 1 DAGs
[2024-09-26T05:51:02.032+0000] {logging_mixin.py:190} INFO - [2024-09-26T05:51:02.032+0000] {dag.py:4156} INFO - Setting next_dagrun for dag_with_taskflow_api_v02 to 2024-09-22 00:00:00+00:00, run_after=2024-09-23 00:00:00+00:00
[2024-09-26T05:51:02.055+0000] {processor.py:208} INFO - Processing /opt/airflow/dags/create_dag_with_taskflow.py took 0.295 seconds
[2024-09-26T05:51:32.676+0000] {processor.py:186} INFO - Started process (PID=159735) to work on /opt/airflow/dags/create_dag_with_taskflow.py
[2024-09-26T05:51:32.678+0000] {processor.py:914} INFO - Processing file /opt/airflow/dags/create_dag_with_taskflow.py for tasks to queue
[2024-09-26T05:51:32.681+0000] {logging_mixin.py:190} INFO - [2024-09-26T05:51:32.680+0000] {dagbag.py:587} INFO - Filling up the DagBag from /opt/airflow/dags/create_dag_with_taskflow.py
[2024-09-26T05:51:32.768+0000] {processor.py:925} INFO - DAG(s) 'dag_with_taskflow_api_v02' retrieved from /opt/airflow/dags/create_dag_with_taskflow.py
[2024-09-26T05:51:32.793+0000] {logging_mixin.py:190} INFO - [2024-09-26T05:51:32.792+0000] {dag.py:3229} INFO - Sync 1 DAGs
[2024-09-26T05:51:32.816+0000] {logging_mixin.py:190} INFO - [2024-09-26T05:51:32.816+0000] {dag.py:4156} INFO - Setting next_dagrun for dag_with_taskflow_api_v02 to 2024-09-22 00:00:00+00:00, run_after=2024-09-23 00:00:00+00:00
[2024-09-26T05:51:32.850+0000] {processor.py:208} INFO - Processing /opt/airflow/dags/create_dag_with_taskflow.py took 0.181 seconds
[2024-09-26T05:52:03.227+0000] {processor.py:186} INFO - Started process (PID=159778) to work on /opt/airflow/dags/create_dag_with_taskflow.py
[2024-09-26T05:52:03.229+0000] {processor.py:914} INFO - Processing file /opt/airflow/dags/create_dag_with_taskflow.py for tasks to queue
[2024-09-26T05:52:03.232+0000] {logging_mixin.py:190} INFO - [2024-09-26T05:52:03.231+0000] {dagbag.py:587} INFO - Filling up the DagBag from /opt/airflow/dags/create_dag_with_taskflow.py
[2024-09-26T05:52:03.338+0000] {processor.py:925} INFO - DAG(s) 'dag_with_taskflow_api_v02' retrieved from /opt/airflow/dags/create_dag_with_taskflow.py
[2024-09-26T05:52:03.364+0000] {logging_mixin.py:190} INFO - [2024-09-26T05:52:03.364+0000] {dag.py:3229} INFO - Sync 1 DAGs
[2024-09-26T05:52:03.385+0000] {logging_mixin.py:190} INFO - [2024-09-26T05:52:03.385+0000] {dag.py:4156} INFO - Setting next_dagrun for dag_with_taskflow_api_v02 to 2024-09-22 00:00:00+00:00, run_after=2024-09-23 00:00:00+00:00
[2024-09-26T05:52:03.410+0000] {processor.py:208} INFO - Processing /opt/airflow/dags/create_dag_with_taskflow.py took 0.194 seconds
[2024-09-26T05:52:33.813+0000] {processor.py:186} INFO - Started process (PID=159821) to work on /opt/airflow/dags/create_dag_with_taskflow.py
[2024-09-26T05:52:33.815+0000] {processor.py:914} INFO - Processing file /opt/airflow/dags/create_dag_with_taskflow.py for tasks to queue
[2024-09-26T05:52:33.818+0000] {logging_mixin.py:190} INFO - [2024-09-26T05:52:33.818+0000] {dagbag.py:587} INFO - Filling up the DagBag from /opt/airflow/dags/create_dag_with_taskflow.py
[2024-09-26T05:52:33.904+0000] {processor.py:925} INFO - DAG(s) 'dag_with_taskflow_api_v02' retrieved from /opt/airflow/dags/create_dag_with_taskflow.py
[2024-09-26T05:52:33.933+0000] {logging_mixin.py:190} INFO - [2024-09-26T05:52:33.933+0000] {dag.py:3229} INFO - Sync 1 DAGs
[2024-09-26T05:52:33.957+0000] {logging_mixin.py:190} INFO - [2024-09-26T05:52:33.956+0000] {dag.py:4156} INFO - Setting next_dagrun for dag_with_taskflow_api_v02 to 2024-09-22 00:00:00+00:00, run_after=2024-09-23 00:00:00+00:00
[2024-09-26T05:52:33.996+0000] {processor.py:208} INFO - Processing /opt/airflow/dags/create_dag_with_taskflow.py took 0.194 seconds
[2024-09-26T05:53:04.596+0000] {processor.py:186} INFO - Started process (PID=159864) to work on /opt/airflow/dags/create_dag_with_taskflow.py
[2024-09-26T05:53:04.598+0000] {processor.py:914} INFO - Processing file /opt/airflow/dags/create_dag_with_taskflow.py for tasks to queue
[2024-09-26T05:53:04.600+0000] {logging_mixin.py:190} INFO - [2024-09-26T05:53:04.600+0000] {dagbag.py:587} INFO - Filling up the DagBag from /opt/airflow/dags/create_dag_with_taskflow.py
[2024-09-26T05:53:04.691+0000] {processor.py:925} INFO - DAG(s) 'dag_with_taskflow_api_v02' retrieved from /opt/airflow/dags/create_dag_with_taskflow.py
[2024-09-26T05:53:04.718+0000] {logging_mixin.py:190} INFO - [2024-09-26T05:53:04.717+0000] {dag.py:3229} INFO - Sync 1 DAGs
[2024-09-26T05:53:04.875+0000] {logging_mixin.py:190} INFO - [2024-09-26T05:53:04.875+0000] {dag.py:4156} INFO - Setting next_dagrun for dag_with_taskflow_api_v02 to 2024-09-22 00:00:00+00:00, run_after=2024-09-23 00:00:00+00:00
[2024-09-26T05:53:04.900+0000] {processor.py:208} INFO - Processing /opt/airflow/dags/create_dag_with_taskflow.py took 0.312 seconds
[2024-09-26T05:53:35.351+0000] {processor.py:186} INFO - Started process (PID=159904) to work on /opt/airflow/dags/create_dag_with_taskflow.py
[2024-09-26T05:53:35.353+0000] {processor.py:914} INFO - Processing file /opt/airflow/dags/create_dag_with_taskflow.py for tasks to queue
[2024-09-26T05:53:35.356+0000] {logging_mixin.py:190} INFO - [2024-09-26T05:53:35.355+0000] {dagbag.py:587} INFO - Filling up the DagBag from /opt/airflow/dags/create_dag_with_taskflow.py
[2024-09-26T05:53:35.468+0000] {processor.py:925} INFO - DAG(s) 'dag_with_taskflow_api_v02' retrieved from /opt/airflow/dags/create_dag_with_taskflow.py
[2024-09-26T05:53:35.512+0000] {logging_mixin.py:190} INFO - [2024-09-26T05:53:35.512+0000] {dag.py:3229} INFO - Sync 1 DAGs
[2024-09-26T05:53:35.691+0000] {logging_mixin.py:190} INFO - [2024-09-26T05:53:35.691+0000] {dag.py:4156} INFO - Setting next_dagrun for dag_with_taskflow_api_v02 to 2024-09-22 00:00:00+00:00, run_after=2024-09-23 00:00:00+00:00
[2024-09-26T05:53:35.730+0000] {processor.py:208} INFO - Processing /opt/airflow/dags/create_dag_with_taskflow.py took 0.390 seconds
[2024-09-26T05:54:06.386+0000] {processor.py:186} INFO - Started process (PID=159950) to work on /opt/airflow/dags/create_dag_with_taskflow.py
[2024-09-26T05:54:06.387+0000] {processor.py:914} INFO - Processing file /opt/airflow/dags/create_dag_with_taskflow.py for tasks to queue
[2024-09-26T05:54:06.389+0000] {logging_mixin.py:190} INFO - [2024-09-26T05:54:06.389+0000] {dagbag.py:587} INFO - Filling up the DagBag from /opt/airflow/dags/create_dag_with_taskflow.py
[2024-09-26T05:54:06.476+0000] {processor.py:925} INFO - DAG(s) 'dag_with_taskflow_api_v02' retrieved from /opt/airflow/dags/create_dag_with_taskflow.py
[2024-09-26T05:54:06.503+0000] {logging_mixin.py:190} INFO - [2024-09-26T05:54:06.503+0000] {dag.py:3229} INFO - Sync 1 DAGs
[2024-09-26T05:54:06.527+0000] {logging_mixin.py:190} INFO - [2024-09-26T05:54:06.527+0000] {dag.py:4156} INFO - Setting next_dagrun for dag_with_taskflow_api_v02 to 2024-09-22 00:00:00+00:00, run_after=2024-09-23 00:00:00+00:00
[2024-09-26T05:54:06.553+0000] {processor.py:208} INFO - Processing /opt/airflow/dags/create_dag_with_taskflow.py took 0.177 seconds
[2024-09-26T05:54:37.008+0000] {processor.py:186} INFO - Started process (PID=159993) to work on /opt/airflow/dags/create_dag_with_taskflow.py
[2024-09-26T05:54:37.010+0000] {processor.py:914} INFO - Processing file /opt/airflow/dags/create_dag_with_taskflow.py for tasks to queue
[2024-09-26T05:54:37.012+0000] {logging_mixin.py:190} INFO - [2024-09-26T05:54:37.012+0000] {dagbag.py:587} INFO - Filling up the DagBag from /opt/airflow/dags/create_dag_with_taskflow.py
[2024-09-26T05:54:37.087+0000] {processor.py:925} INFO - DAG(s) 'dag_with_taskflow_api_v02' retrieved from /opt/airflow/dags/create_dag_with_taskflow.py
[2024-09-26T05:54:37.114+0000] {logging_mixin.py:190} INFO - [2024-09-26T05:54:37.114+0000] {dag.py:3229} INFO - Sync 1 DAGs
[2024-09-26T05:54:37.140+0000] {logging_mixin.py:190} INFO - [2024-09-26T05:54:37.140+0000] {dag.py:4156} INFO - Setting next_dagrun for dag_with_taskflow_api_v02 to 2024-09-22 00:00:00+00:00, run_after=2024-09-23 00:00:00+00:00
[2024-09-26T05:54:37.165+0000] {processor.py:208} INFO - Processing /opt/airflow/dags/create_dag_with_taskflow.py took 0.164 seconds
[2024-09-26T05:55:07.575+0000] {processor.py:186} INFO - Started process (PID=160034) to work on /opt/airflow/dags/create_dag_with_taskflow.py
[2024-09-26T05:55:07.582+0000] {processor.py:914} INFO - Processing file /opt/airflow/dags/create_dag_with_taskflow.py for tasks to queue
[2024-09-26T05:55:07.588+0000] {logging_mixin.py:190} INFO - [2024-09-26T05:55:07.588+0000] {dagbag.py:587} INFO - Filling up the DagBag from /opt/airflow/dags/create_dag_with_taskflow.py
[2024-09-26T05:55:07.693+0000] {processor.py:925} INFO - DAG(s) 'dag_with_taskflow_api_v02' retrieved from /opt/airflow/dags/create_dag_with_taskflow.py
[2024-09-26T05:55:07.737+0000] {logging_mixin.py:190} INFO - [2024-09-26T05:55:07.737+0000] {dag.py:3229} INFO - Sync 1 DAGs
[2024-09-26T05:55:07.764+0000] {logging_mixin.py:190} INFO - [2024-09-26T05:55:07.764+0000] {dag.py:4156} INFO - Setting next_dagrun for dag_with_taskflow_api_v02 to 2024-09-22 00:00:00+00:00, run_after=2024-09-23 00:00:00+00:00
[2024-09-26T05:55:07.786+0000] {processor.py:208} INFO - Processing /opt/airflow/dags/create_dag_with_taskflow.py took 0.220 seconds
[2024-09-26T05:55:38.456+0000] {processor.py:186} INFO - Started process (PID=160079) to work on /opt/airflow/dags/create_dag_with_taskflow.py
[2024-09-26T05:55:38.458+0000] {processor.py:914} INFO - Processing file /opt/airflow/dags/create_dag_with_taskflow.py for tasks to queue
[2024-09-26T05:55:38.460+0000] {logging_mixin.py:190} INFO - [2024-09-26T05:55:38.460+0000] {dagbag.py:587} INFO - Filling up the DagBag from /opt/airflow/dags/create_dag_with_taskflow.py
[2024-09-26T05:55:38.564+0000] {processor.py:925} INFO - DAG(s) 'dag_with_taskflow_api_v02' retrieved from /opt/airflow/dags/create_dag_with_taskflow.py
[2024-09-26T05:55:38.591+0000] {logging_mixin.py:190} INFO - [2024-09-26T05:55:38.591+0000] {dag.py:3229} INFO - Sync 1 DAGs
[2024-09-26T05:55:38.726+0000] {logging_mixin.py:190} INFO - [2024-09-26T05:55:38.726+0000] {dag.py:4156} INFO - Setting next_dagrun for dag_with_taskflow_api_v02 to 2024-09-22 00:00:00+00:00, run_after=2024-09-23 00:00:00+00:00
[2024-09-26T05:55:38.749+0000] {processor.py:208} INFO - Processing /opt/airflow/dags/create_dag_with_taskflow.py took 0.301 seconds
[2024-09-26T05:56:09.164+0000] {processor.py:186} INFO - Started process (PID=160119) to work on /opt/airflow/dags/create_dag_with_taskflow.py
[2024-09-26T05:56:09.166+0000] {processor.py:914} INFO - Processing file /opt/airflow/dags/create_dag_with_taskflow.py for tasks to queue
[2024-09-26T05:56:09.168+0000] {logging_mixin.py:190} INFO - [2024-09-26T05:56:09.167+0000] {dagbag.py:587} INFO - Filling up the DagBag from /opt/airflow/dags/create_dag_with_taskflow.py
[2024-09-26T05:56:09.283+0000] {processor.py:925} INFO - DAG(s) 'dag_with_taskflow_api_v02' retrieved from /opt/airflow/dags/create_dag_with_taskflow.py
[2024-09-26T05:56:09.310+0000] {logging_mixin.py:190} INFO - [2024-09-26T05:56:09.309+0000] {dag.py:3229} INFO - Sync 1 DAGs
[2024-09-26T05:56:09.452+0000] {logging_mixin.py:190} INFO - [2024-09-26T05:56:09.452+0000] {dag.py:4156} INFO - Setting next_dagrun for dag_with_taskflow_api_v02 to 2024-09-22 00:00:00+00:00, run_after=2024-09-23 00:00:00+00:00
[2024-09-26T05:56:09.474+0000] {processor.py:208} INFO - Processing /opt/airflow/dags/create_dag_with_taskflow.py took 0.318 seconds
[2024-09-26T05:56:39.927+0000] {processor.py:186} INFO - Started process (PID=160162) to work on /opt/airflow/dags/create_dag_with_taskflow.py
[2024-09-26T05:56:39.929+0000] {processor.py:914} INFO - Processing file /opt/airflow/dags/create_dag_with_taskflow.py for tasks to queue
[2024-09-26T05:56:39.931+0000] {logging_mixin.py:190} INFO - [2024-09-26T05:56:39.931+0000] {dagbag.py:587} INFO - Filling up the DagBag from /opt/airflow/dags/create_dag_with_taskflow.py
[2024-09-26T05:56:40.054+0000] {processor.py:925} INFO - DAG(s) 'dag_with_taskflow_api_v02' retrieved from /opt/airflow/dags/create_dag_with_taskflow.py
[2024-09-26T05:56:40.200+0000] {logging_mixin.py:190} INFO - [2024-09-26T05:56:40.199+0000] {dag.py:3229} INFO - Sync 1 DAGs
[2024-09-26T05:56:40.218+0000] {logging_mixin.py:190} INFO - [2024-09-26T05:56:40.218+0000] {dag.py:4156} INFO - Setting next_dagrun for dag_with_taskflow_api_v02 to 2024-09-22 00:00:00+00:00, run_after=2024-09-23 00:00:00+00:00
[2024-09-26T05:56:40.245+0000] {processor.py:208} INFO - Processing /opt/airflow/dags/create_dag_with_taskflow.py took 0.330 seconds
[2024-09-26T05:57:10.487+0000] {processor.py:186} INFO - Started process (PID=160205) to work on /opt/airflow/dags/create_dag_with_taskflow.py
[2024-09-26T05:57:10.489+0000] {processor.py:914} INFO - Processing file /opt/airflow/dags/create_dag_with_taskflow.py for tasks to queue
[2024-09-26T05:57:10.491+0000] {logging_mixin.py:190} INFO - [2024-09-26T05:57:10.491+0000] {dagbag.py:587} INFO - Filling up the DagBag from /opt/airflow/dags/create_dag_with_taskflow.py
[2024-09-26T05:57:10.567+0000] {processor.py:925} INFO - DAG(s) 'dag_with_taskflow_api_v02' retrieved from /opt/airflow/dags/create_dag_with_taskflow.py
[2024-09-26T05:57:10.591+0000] {logging_mixin.py:190} INFO - [2024-09-26T05:57:10.591+0000] {dag.py:3229} INFO - Sync 1 DAGs
[2024-09-26T05:57:10.613+0000] {logging_mixin.py:190} INFO - [2024-09-26T05:57:10.613+0000] {dag.py:4156} INFO - Setting next_dagrun for dag_with_taskflow_api_v02 to 2024-09-22 00:00:00+00:00, run_after=2024-09-23 00:00:00+00:00
[2024-09-26T05:57:10.637+0000] {processor.py:208} INFO - Processing /opt/airflow/dags/create_dag_with_taskflow.py took 0.155 seconds
[2024-09-26T05:57:40.783+0000] {processor.py:186} INFO - Started process (PID=160246) to work on /opt/airflow/dags/create_dag_with_taskflow.py
[2024-09-26T05:57:40.784+0000] {processor.py:914} INFO - Processing file /opt/airflow/dags/create_dag_with_taskflow.py for tasks to queue
[2024-09-26T05:57:40.787+0000] {logging_mixin.py:190} INFO - [2024-09-26T05:57:40.786+0000] {dagbag.py:587} INFO - Filling up the DagBag from /opt/airflow/dags/create_dag_with_taskflow.py
[2024-09-26T05:57:40.857+0000] {processor.py:925} INFO - DAG(s) 'dag_with_taskflow_api_v02' retrieved from /opt/airflow/dags/create_dag_with_taskflow.py
[2024-09-26T05:57:40.884+0000] {logging_mixin.py:190} INFO - [2024-09-26T05:57:40.883+0000] {dag.py:3229} INFO - Sync 1 DAGs
[2024-09-26T05:57:40.908+0000] {logging_mixin.py:190} INFO - [2024-09-26T05:57:40.908+0000] {dag.py:4156} INFO - Setting next_dagrun for dag_with_taskflow_api_v02 to 2024-09-22 00:00:00+00:00, run_after=2024-09-23 00:00:00+00:00
[2024-09-26T05:57:40.932+0000] {processor.py:208} INFO - Processing /opt/airflow/dags/create_dag_with_taskflow.py took 0.155 seconds
[2024-09-26T05:58:11.383+0000] {processor.py:186} INFO - Started process (PID=160291) to work on /opt/airflow/dags/create_dag_with_taskflow.py
[2024-09-26T05:58:11.385+0000] {processor.py:914} INFO - Processing file /opt/airflow/dags/create_dag_with_taskflow.py for tasks to queue
[2024-09-26T05:58:11.387+0000] {logging_mixin.py:190} INFO - [2024-09-26T05:58:11.387+0000] {dagbag.py:587} INFO - Filling up the DagBag from /opt/airflow/dags/create_dag_with_taskflow.py
[2024-09-26T05:58:11.463+0000] {processor.py:925} INFO - DAG(s) 'dag_with_taskflow_api_v02' retrieved from /opt/airflow/dags/create_dag_with_taskflow.py
[2024-09-26T05:58:11.493+0000] {logging_mixin.py:190} INFO - [2024-09-26T05:58:11.493+0000] {dag.py:3229} INFO - Sync 1 DAGs
[2024-09-26T05:58:11.520+0000] {logging_mixin.py:190} INFO - [2024-09-26T05:58:11.520+0000] {dag.py:4156} INFO - Setting next_dagrun for dag_with_taskflow_api_v02 to 2024-09-22 00:00:00+00:00, run_after=2024-09-23 00:00:00+00:00
[2024-09-26T05:58:11.559+0000] {processor.py:208} INFO - Processing /opt/airflow/dags/create_dag_with_taskflow.py took 0.181 seconds
[2024-09-26T05:58:42.104+0000] {processor.py:186} INFO - Started process (PID=160334) to work on /opt/airflow/dags/create_dag_with_taskflow.py
[2024-09-26T05:58:42.106+0000] {processor.py:914} INFO - Processing file /opt/airflow/dags/create_dag_with_taskflow.py for tasks to queue
[2024-09-26T05:58:42.109+0000] {logging_mixin.py:190} INFO - [2024-09-26T05:58:42.109+0000] {dagbag.py:587} INFO - Filling up the DagBag from /opt/airflow/dags/create_dag_with_taskflow.py
[2024-09-26T05:58:42.203+0000] {processor.py:925} INFO - DAG(s) 'dag_with_taskflow_api_v02' retrieved from /opt/airflow/dags/create_dag_with_taskflow.py
[2024-09-26T05:58:42.238+0000] {logging_mixin.py:190} INFO - [2024-09-26T05:58:42.237+0000] {dag.py:3229} INFO - Sync 1 DAGs
[2024-09-26T05:58:42.384+0000] {logging_mixin.py:190} INFO - [2024-09-26T05:58:42.383+0000] {dag.py:4156} INFO - Setting next_dagrun for dag_with_taskflow_api_v02 to 2024-09-22 00:00:00+00:00, run_after=2024-09-23 00:00:00+00:00
[2024-09-26T05:58:42.407+0000] {processor.py:208} INFO - Processing /opt/airflow/dags/create_dag_with_taskflow.py took 0.316 seconds
[2024-09-26T05:59:12.803+0000] {processor.py:186} INFO - Started process (PID=160377) to work on /opt/airflow/dags/create_dag_with_taskflow.py
[2024-09-26T05:59:12.806+0000] {processor.py:914} INFO - Processing file /opt/airflow/dags/create_dag_with_taskflow.py for tasks to queue
[2024-09-26T05:59:12.811+0000] {logging_mixin.py:190} INFO - [2024-09-26T05:59:12.810+0000] {dagbag.py:587} INFO - Filling up the DagBag from /opt/airflow/dags/create_dag_with_taskflow.py
[2024-09-26T05:59:12.906+0000] {processor.py:925} INFO - DAG(s) 'dag_with_taskflow_api_v02' retrieved from /opt/airflow/dags/create_dag_with_taskflow.py
[2024-09-26T05:59:12.937+0000] {logging_mixin.py:190} INFO - [2024-09-26T05:59:12.936+0000] {dag.py:3229} INFO - Sync 1 DAGs
[2024-09-26T05:59:13.085+0000] {logging_mixin.py:190} INFO - [2024-09-26T05:59:13.084+0000] {dag.py:4156} INFO - Setting next_dagrun for dag_with_taskflow_api_v02 to 2024-09-22 00:00:00+00:00, run_after=2024-09-23 00:00:00+00:00
[2024-09-26T05:59:13.124+0000] {processor.py:208} INFO - Processing /opt/airflow/dags/create_dag_with_taskflow.py took 0.335 seconds
[2024-09-26T05:59:43.536+0000] {processor.py:186} INFO - Started process (PID=160420) to work on /opt/airflow/dags/create_dag_with_taskflow.py
[2024-09-26T05:59:43.538+0000] {processor.py:914} INFO - Processing file /opt/airflow/dags/create_dag_with_taskflow.py for tasks to queue
[2024-09-26T05:59:43.542+0000] {logging_mixin.py:190} INFO - [2024-09-26T05:59:43.541+0000] {dagbag.py:587} INFO - Filling up the DagBag from /opt/airflow/dags/create_dag_with_taskflow.py
[2024-09-26T05:59:43.655+0000] {processor.py:925} INFO - DAG(s) 'dag_with_taskflow_api_v02' retrieved from /opt/airflow/dags/create_dag_with_taskflow.py
[2024-09-26T05:59:43.681+0000] {logging_mixin.py:190} INFO - [2024-09-26T05:59:43.680+0000] {dag.py:3229} INFO - Sync 1 DAGs
[2024-09-26T05:59:43.709+0000] {logging_mixin.py:190} INFO - [2024-09-26T05:59:43.709+0000] {dag.py:4156} INFO - Setting next_dagrun for dag_with_taskflow_api_v02 to 2024-09-22 00:00:00+00:00, run_after=2024-09-23 00:00:00+00:00
[2024-09-26T05:59:43.743+0000] {processor.py:208} INFO - Processing /opt/airflow/dags/create_dag_with_taskflow.py took 0.215 seconds
[2024-09-26T06:00:14.100+0000] {processor.py:186} INFO - Started process (PID=160463) to work on /opt/airflow/dags/create_dag_with_taskflow.py
[2024-09-26T06:00:14.102+0000] {processor.py:914} INFO - Processing file /opt/airflow/dags/create_dag_with_taskflow.py for tasks to queue
[2024-09-26T06:00:14.107+0000] {logging_mixin.py:190} INFO - [2024-09-26T06:00:14.106+0000] {dagbag.py:587} INFO - Filling up the DagBag from /opt/airflow/dags/create_dag_with_taskflow.py
[2024-09-26T06:00:14.240+0000] {processor.py:925} INFO - DAG(s) 'dag_with_taskflow_api_v02' retrieved from /opt/airflow/dags/create_dag_with_taskflow.py
[2024-09-26T06:00:14.289+0000] {logging_mixin.py:190} INFO - [2024-09-26T06:00:14.289+0000] {dag.py:3229} INFO - Sync 1 DAGs
[2024-09-26T06:00:14.333+0000] {logging_mixin.py:190} INFO - [2024-09-26T06:00:14.333+0000] {dag.py:4156} INFO - Setting next_dagrun for dag_with_taskflow_api_v02 to 2024-09-22 00:00:00+00:00, run_after=2024-09-23 00:00:00+00:00
[2024-09-26T06:00:14.368+0000] {processor.py:208} INFO - Processing /opt/airflow/dags/create_dag_with_taskflow.py took 0.280 seconds
[2024-09-26T06:00:44.526+0000] {processor.py:186} INFO - Started process (PID=160504) to work on /opt/airflow/dags/create_dag_with_taskflow.py
[2024-09-26T06:00:44.527+0000] {processor.py:914} INFO - Processing file /opt/airflow/dags/create_dag_with_taskflow.py for tasks to queue
[2024-09-26T06:00:44.529+0000] {logging_mixin.py:190} INFO - [2024-09-26T06:00:44.529+0000] {dagbag.py:587} INFO - Filling up the DagBag from /opt/airflow/dags/create_dag_with_taskflow.py
[2024-09-26T06:00:44.618+0000] {processor.py:925} INFO - DAG(s) 'dag_with_taskflow_api_v02' retrieved from /opt/airflow/dags/create_dag_with_taskflow.py
[2024-09-26T06:00:44.652+0000] {logging_mixin.py:190} INFO - [2024-09-26T06:00:44.651+0000] {dag.py:3229} INFO - Sync 1 DAGs
[2024-09-26T06:00:44.685+0000] {logging_mixin.py:190} INFO - [2024-09-26T06:00:44.685+0000] {dag.py:4156} INFO - Setting next_dagrun for dag_with_taskflow_api_v02 to 2024-09-22 00:00:00+00:00, run_after=2024-09-23 00:00:00+00:00
[2024-09-26T06:00:44.727+0000] {processor.py:208} INFO - Processing /opt/airflow/dags/create_dag_with_taskflow.py took 0.206 seconds
[2024-09-26T06:01:15.434+0000] {processor.py:186} INFO - Started process (PID=160547) to work on /opt/airflow/dags/create_dag_with_taskflow.py
[2024-09-26T06:01:15.436+0000] {processor.py:914} INFO - Processing file /opt/airflow/dags/create_dag_with_taskflow.py for tasks to queue
[2024-09-26T06:01:15.439+0000] {logging_mixin.py:190} INFO - [2024-09-26T06:01:15.438+0000] {dagbag.py:587} INFO - Filling up the DagBag from /opt/airflow/dags/create_dag_with_taskflow.py
[2024-09-26T06:01:15.536+0000] {processor.py:925} INFO - DAG(s) 'dag_with_taskflow_api_v02' retrieved from /opt/airflow/dags/create_dag_with_taskflow.py
[2024-09-26T06:01:15.561+0000] {logging_mixin.py:190} INFO - [2024-09-26T06:01:15.561+0000] {dag.py:3229} INFO - Sync 1 DAGs
[2024-09-26T06:01:15.708+0000] {logging_mixin.py:190} INFO - [2024-09-26T06:01:15.708+0000] {dag.py:4156} INFO - Setting next_dagrun for dag_with_taskflow_api_v02 to 2024-09-22 00:00:00+00:00, run_after=2024-09-23 00:00:00+00:00
[2024-09-26T06:01:15.732+0000] {processor.py:208} INFO - Processing /opt/airflow/dags/create_dag_with_taskflow.py took 0.306 seconds
[2024-09-26T06:01:46.179+0000] {processor.py:186} INFO - Started process (PID=160592) to work on /opt/airflow/dags/create_dag_with_taskflow.py
[2024-09-26T06:01:46.181+0000] {processor.py:914} INFO - Processing file /opt/airflow/dags/create_dag_with_taskflow.py for tasks to queue
[2024-09-26T06:01:46.185+0000] {logging_mixin.py:190} INFO - [2024-09-26T06:01:46.184+0000] {dagbag.py:587} INFO - Filling up the DagBag from /opt/airflow/dags/create_dag_with_taskflow.py
[2024-09-26T06:01:46.312+0000] {processor.py:925} INFO - DAG(s) 'dag_with_taskflow_api_v02' retrieved from /opt/airflow/dags/create_dag_with_taskflow.py
[2024-09-26T06:01:46.337+0000] {logging_mixin.py:190} INFO - [2024-09-26T06:01:46.337+0000] {dag.py:3229} INFO - Sync 1 DAGs
[2024-09-26T06:01:46.473+0000] {logging_mixin.py:190} INFO - [2024-09-26T06:01:46.473+0000] {dag.py:4156} INFO - Setting next_dagrun for dag_with_taskflow_api_v02 to 2024-09-22 00:00:00+00:00, run_after=2024-09-23 00:00:00+00:00
[2024-09-26T06:01:46.495+0000] {processor.py:208} INFO - Processing /opt/airflow/dags/create_dag_with_taskflow.py took 0.327 seconds
[2024-09-26T06:02:16.836+0000] {processor.py:186} INFO - Started process (PID=160635) to work on /opt/airflow/dags/create_dag_with_taskflow.py
[2024-09-26T06:02:16.838+0000] {processor.py:914} INFO - Processing file /opt/airflow/dags/create_dag_with_taskflow.py for tasks to queue
[2024-09-26T06:02:16.841+0000] {logging_mixin.py:190} INFO - [2024-09-26T06:02:16.840+0000] {dagbag.py:587} INFO - Filling up the DagBag from /opt/airflow/dags/create_dag_with_taskflow.py
[2024-09-26T06:02:16.907+0000] {processor.py:925} INFO - DAG(s) 'dag_with_taskflow_api_v02' retrieved from /opt/airflow/dags/create_dag_with_taskflow.py
[2024-09-26T06:02:17.057+0000] {logging_mixin.py:190} INFO - [2024-09-26T06:02:17.057+0000] {dag.py:3229} INFO - Sync 1 DAGs
[2024-09-26T06:02:17.075+0000] {logging_mixin.py:190} INFO - [2024-09-26T06:02:17.074+0000] {dag.py:4156} INFO - Setting next_dagrun for dag_with_taskflow_api_v02 to 2024-09-22 00:00:00+00:00, run_after=2024-09-23 00:00:00+00:00
[2024-09-26T06:02:17.094+0000] {processor.py:208} INFO - Processing /opt/airflow/dags/create_dag_with_taskflow.py took 0.268 seconds
[2024-09-26T06:02:47.640+0000] {processor.py:186} INFO - Started process (PID=160678) to work on /opt/airflow/dags/create_dag_with_taskflow.py
[2024-09-26T06:02:47.642+0000] {processor.py:914} INFO - Processing file /opt/airflow/dags/create_dag_with_taskflow.py for tasks to queue
[2024-09-26T06:02:47.645+0000] {logging_mixin.py:190} INFO - [2024-09-26T06:02:47.645+0000] {dagbag.py:587} INFO - Filling up the DagBag from /opt/airflow/dags/create_dag_with_taskflow.py
[2024-09-26T06:02:47.757+0000] {processor.py:925} INFO - DAG(s) 'dag_with_taskflow_api_v02' retrieved from /opt/airflow/dags/create_dag_with_taskflow.py
[2024-09-26T06:02:47.786+0000] {logging_mixin.py:190} INFO - [2024-09-26T06:02:47.786+0000] {dag.py:3229} INFO - Sync 1 DAGs
[2024-09-26T06:02:47.808+0000] {logging_mixin.py:190} INFO - [2024-09-26T06:02:47.807+0000] {dag.py:4156} INFO - Setting next_dagrun for dag_with_taskflow_api_v02 to 2024-09-22 00:00:00+00:00, run_after=2024-09-23 00:00:00+00:00
[2024-09-26T06:02:47.846+0000] {processor.py:208} INFO - Processing /opt/airflow/dags/create_dag_with_taskflow.py took 0.215 seconds
[2024-09-26T06:03:18.152+0000] {processor.py:186} INFO - Started process (PID=160721) to work on /opt/airflow/dags/create_dag_with_taskflow.py
[2024-09-26T06:03:18.153+0000] {processor.py:914} INFO - Processing file /opt/airflow/dags/create_dag_with_taskflow.py for tasks to queue
[2024-09-26T06:03:18.155+0000] {logging_mixin.py:190} INFO - [2024-09-26T06:03:18.155+0000] {dagbag.py:587} INFO - Filling up the DagBag from /opt/airflow/dags/create_dag_with_taskflow.py
[2024-09-26T06:03:18.257+0000] {processor.py:925} INFO - DAG(s) 'dag_with_taskflow_api_v02' retrieved from /opt/airflow/dags/create_dag_with_taskflow.py
[2024-09-26T06:03:18.283+0000] {logging_mixin.py:190} INFO - [2024-09-26T06:03:18.282+0000] {dag.py:3229} INFO - Sync 1 DAGs
[2024-09-26T06:03:18.303+0000] {logging_mixin.py:190} INFO - [2024-09-26T06:03:18.303+0000] {dag.py:4156} INFO - Setting next_dagrun for dag_with_taskflow_api_v02 to 2024-09-22 00:00:00+00:00, run_after=2024-09-23 00:00:00+00:00
[2024-09-26T06:03:18.330+0000] {processor.py:208} INFO - Processing /opt/airflow/dags/create_dag_with_taskflow.py took 0.187 seconds
[2024-09-26T06:03:48.825+0000] {processor.py:186} INFO - Started process (PID=160764) to work on /opt/airflow/dags/create_dag_with_taskflow.py
[2024-09-26T06:03:48.828+0000] {processor.py:914} INFO - Processing file /opt/airflow/dags/create_dag_with_taskflow.py for tasks to queue
[2024-09-26T06:03:48.832+0000] {logging_mixin.py:190} INFO - [2024-09-26T06:03:48.831+0000] {dagbag.py:587} INFO - Filling up the DagBag from /opt/airflow/dags/create_dag_with_taskflow.py
[2024-09-26T06:03:48.945+0000] {processor.py:925} INFO - DAG(s) 'dag_with_taskflow_api_v02' retrieved from /opt/airflow/dags/create_dag_with_taskflow.py
[2024-09-26T06:03:48.971+0000] {logging_mixin.py:190} INFO - [2024-09-26T06:03:48.970+0000] {dag.py:3229} INFO - Sync 1 DAGs
[2024-09-26T06:03:48.992+0000] {logging_mixin.py:190} INFO - [2024-09-26T06:03:48.992+0000] {dag.py:4156} INFO - Setting next_dagrun for dag_with_taskflow_api_v02 to 2024-09-22 00:00:00+00:00, run_after=2024-09-23 00:00:00+00:00
[2024-09-26T06:03:49.134+0000] {processor.py:208} INFO - Processing /opt/airflow/dags/create_dag_with_taskflow.py took 0.323 seconds
[2024-09-26T06:04:19.773+0000] {processor.py:186} INFO - Started process (PID=160807) to work on /opt/airflow/dags/create_dag_with_taskflow.py
[2024-09-26T06:04:19.776+0000] {processor.py:914} INFO - Processing file /opt/airflow/dags/create_dag_with_taskflow.py for tasks to queue
[2024-09-26T06:04:19.780+0000] {logging_mixin.py:190} INFO - [2024-09-26T06:04:19.780+0000] {dagbag.py:587} INFO - Filling up the DagBag from /opt/airflow/dags/create_dag_with_taskflow.py
[2024-09-26T06:04:19.889+0000] {processor.py:925} INFO - DAG(s) 'dag_with_taskflow_api_v02' retrieved from /opt/airflow/dags/create_dag_with_taskflow.py
[2024-09-26T06:04:19.931+0000] {logging_mixin.py:190} INFO - [2024-09-26T06:04:19.931+0000] {dag.py:3229} INFO - Sync 1 DAGs
[2024-09-26T06:04:20.135+0000] {logging_mixin.py:190} INFO - [2024-09-26T06:04:20.134+0000] {dag.py:4156} INFO - Setting next_dagrun for dag_with_taskflow_api_v02 to 2024-09-22 00:00:00+00:00, run_after=2024-09-23 00:00:00+00:00
[2024-09-26T06:04:20.170+0000] {processor.py:208} INFO - Processing /opt/airflow/dags/create_dag_with_taskflow.py took 0.410 seconds
[2024-09-26T06:04:50.685+0000] {processor.py:186} INFO - Started process (PID=160850) to work on /opt/airflow/dags/create_dag_with_taskflow.py
[2024-09-26T06:04:50.688+0000] {processor.py:914} INFO - Processing file /opt/airflow/dags/create_dag_with_taskflow.py for tasks to queue
[2024-09-26T06:04:50.693+0000] {logging_mixin.py:190} INFO - [2024-09-26T06:04:50.692+0000] {dagbag.py:587} INFO - Filling up the DagBag from /opt/airflow/dags/create_dag_with_taskflow.py
[2024-09-26T06:04:50.816+0000] {processor.py:925} INFO - DAG(s) 'dag_with_taskflow_api_v02' retrieved from /opt/airflow/dags/create_dag_with_taskflow.py
[2024-09-26T06:04:50.974+0000] {logging_mixin.py:190} INFO - [2024-09-26T06:04:50.974+0000] {dag.py:3229} INFO - Sync 1 DAGs
[2024-09-26T06:04:50.990+0000] {logging_mixin.py:190} INFO - [2024-09-26T06:04:50.990+0000] {dag.py:4156} INFO - Setting next_dagrun for dag_with_taskflow_api_v02 to 2024-09-22 00:00:00+00:00, run_after=2024-09-23 00:00:00+00:00
[2024-09-26T06:04:51.013+0000] {processor.py:208} INFO - Processing /opt/airflow/dags/create_dag_with_taskflow.py took 0.343 seconds
[2024-09-26T06:05:21.389+0000] {processor.py:186} INFO - Started process (PID=160893) to work on /opt/airflow/dags/create_dag_with_taskflow.py
[2024-09-26T06:05:21.391+0000] {processor.py:914} INFO - Processing file /opt/airflow/dags/create_dag_with_taskflow.py for tasks to queue
[2024-09-26T06:05:21.395+0000] {logging_mixin.py:190} INFO - [2024-09-26T06:05:21.394+0000] {dagbag.py:587} INFO - Filling up the DagBag from /opt/airflow/dags/create_dag_with_taskflow.py
[2024-09-26T06:05:21.516+0000] {processor.py:925} INFO - DAG(s) 'dag_with_taskflow_api_v02' retrieved from /opt/airflow/dags/create_dag_with_taskflow.py
[2024-09-26T06:05:21.544+0000] {logging_mixin.py:190} INFO - [2024-09-26T06:05:21.544+0000] {dag.py:3229} INFO - Sync 1 DAGs
[2024-09-26T06:05:21.564+0000] {logging_mixin.py:190} INFO - [2024-09-26T06:05:21.563+0000] {dag.py:4156} INFO - Setting next_dagrun for dag_with_taskflow_api_v02 to 2024-09-22 00:00:00+00:00, run_after=2024-09-23 00:00:00+00:00
[2024-09-26T06:05:21.594+0000] {processor.py:208} INFO - Processing /opt/airflow/dags/create_dag_with_taskflow.py took 0.217 seconds
[2024-09-26T06:05:51.988+0000] {processor.py:186} INFO - Started process (PID=160936) to work on /opt/airflow/dags/create_dag_with_taskflow.py
[2024-09-26T06:05:51.991+0000] {processor.py:914} INFO - Processing file /opt/airflow/dags/create_dag_with_taskflow.py for tasks to queue
[2024-09-26T06:05:51.994+0000] {logging_mixin.py:190} INFO - [2024-09-26T06:05:51.993+0000] {dagbag.py:587} INFO - Filling up the DagBag from /opt/airflow/dags/create_dag_with_taskflow.py
[2024-09-26T06:05:52.109+0000] {processor.py:925} INFO - DAG(s) 'dag_with_taskflow_api_v02' retrieved from /opt/airflow/dags/create_dag_with_taskflow.py
[2024-09-26T06:05:52.136+0000] {logging_mixin.py:190} INFO - [2024-09-26T06:05:52.136+0000] {dag.py:3229} INFO - Sync 1 DAGs
[2024-09-26T06:05:52.157+0000] {logging_mixin.py:190} INFO - [2024-09-26T06:05:52.156+0000] {dag.py:4156} INFO - Setting next_dagrun for dag_with_taskflow_api_v02 to 2024-09-22 00:00:00+00:00, run_after=2024-09-23 00:00:00+00:00
[2024-09-26T06:05:52.193+0000] {processor.py:208} INFO - Processing /opt/airflow/dags/create_dag_with_taskflow.py took 0.218 seconds
[2024-09-26T06:06:22.708+0000] {processor.py:186} INFO - Started process (PID=160979) to work on /opt/airflow/dags/create_dag_with_taskflow.py
[2024-09-26T06:06:22.710+0000] {processor.py:914} INFO - Processing file /opt/airflow/dags/create_dag_with_taskflow.py for tasks to queue
[2024-09-26T06:06:22.712+0000] {logging_mixin.py:190} INFO - [2024-09-26T06:06:22.712+0000] {dagbag.py:587} INFO - Filling up the DagBag from /opt/airflow/dags/create_dag_with_taskflow.py
[2024-09-26T06:06:22.815+0000] {processor.py:925} INFO - DAG(s) 'dag_with_taskflow_api_v02' retrieved from /opt/airflow/dags/create_dag_with_taskflow.py
[2024-09-26T06:06:22.842+0000] {logging_mixin.py:190} INFO - [2024-09-26T06:06:22.841+0000] {dag.py:3229} INFO - Sync 1 DAGs
[2024-09-26T06:06:22.865+0000] {logging_mixin.py:190} INFO - [2024-09-26T06:06:22.865+0000] {dag.py:4156} INFO - Setting next_dagrun for dag_with_taskflow_api_v02 to 2024-09-22 00:00:00+00:00, run_after=2024-09-23 00:00:00+00:00
[2024-09-26T06:06:23.032+0000] {processor.py:208} INFO - Processing /opt/airflow/dags/create_dag_with_taskflow.py took 0.333 seconds
[2024-09-26T06:06:53.424+0000] {processor.py:186} INFO - Started process (PID=161022) to work on /opt/airflow/dags/create_dag_with_taskflow.py
[2024-09-26T06:06:53.425+0000] {processor.py:914} INFO - Processing file /opt/airflow/dags/create_dag_with_taskflow.py for tasks to queue
[2024-09-26T06:06:53.428+0000] {logging_mixin.py:190} INFO - [2024-09-26T06:06:53.427+0000] {dagbag.py:587} INFO - Filling up the DagBag from /opt/airflow/dags/create_dag_with_taskflow.py
[2024-09-26T06:06:53.507+0000] {processor.py:925} INFO - DAG(s) 'dag_with_taskflow_api_v02' retrieved from /opt/airflow/dags/create_dag_with_taskflow.py
[2024-09-26T06:06:53.536+0000] {logging_mixin.py:190} INFO - [2024-09-26T06:06:53.536+0000] {dag.py:3229} INFO - Sync 1 DAGs
[2024-09-26T06:06:53.682+0000] {logging_mixin.py:190} INFO - [2024-09-26T06:06:53.682+0000] {dag.py:4156} INFO - Setting next_dagrun for dag_with_taskflow_api_v02 to 2024-09-22 00:00:00+00:00, run_after=2024-09-23 00:00:00+00:00
[2024-09-26T06:06:53.707+0000] {processor.py:208} INFO - Processing /opt/airflow/dags/create_dag_with_taskflow.py took 0.291 seconds
[2024-09-26T06:07:24.619+0000] {processor.py:186} INFO - Started process (PID=161065) to work on /opt/airflow/dags/create_dag_with_taskflow.py
[2024-09-26T06:07:24.621+0000] {processor.py:914} INFO - Processing file /opt/airflow/dags/create_dag_with_taskflow.py for tasks to queue
[2024-09-26T06:07:24.625+0000] {logging_mixin.py:190} INFO - [2024-09-26T06:07:24.624+0000] {dagbag.py:587} INFO - Filling up the DagBag from /opt/airflow/dags/create_dag_with_taskflow.py
[2024-09-26T06:07:24.748+0000] {processor.py:925} INFO - DAG(s) 'dag_with_taskflow_api_v02' retrieved from /opt/airflow/dags/create_dag_with_taskflow.py
[2024-09-26T06:07:24.784+0000] {logging_mixin.py:190} INFO - [2024-09-26T06:07:24.784+0000] {dag.py:3229} INFO - Sync 1 DAGs
[2024-09-26T06:07:24.919+0000] {logging_mixin.py:190} INFO - [2024-09-26T06:07:24.919+0000] {dag.py:4156} INFO - Setting next_dagrun for dag_with_taskflow_api_v02 to 2024-09-22 00:00:00+00:00, run_after=2024-09-23 00:00:00+00:00
[2024-09-26T06:07:24.954+0000] {processor.py:208} INFO - Processing /opt/airflow/dags/create_dag_with_taskflow.py took 0.346 seconds
[2024-09-26T06:07:55.615+0000] {processor.py:186} INFO - Started process (PID=161106) to work on /opt/airflow/dags/create_dag_with_taskflow.py
[2024-09-26T06:07:55.618+0000] {processor.py:914} INFO - Processing file /opt/airflow/dags/create_dag_with_taskflow.py for tasks to queue
[2024-09-26T06:07:55.623+0000] {logging_mixin.py:190} INFO - [2024-09-26T06:07:55.622+0000] {dagbag.py:587} INFO - Filling up the DagBag from /opt/airflow/dags/create_dag_with_taskflow.py
[2024-09-26T06:07:55.759+0000] {processor.py:925} INFO - DAG(s) 'dag_with_taskflow_api_v02' retrieved from /opt/airflow/dags/create_dag_with_taskflow.py
[2024-09-26T06:07:56.015+0000] {logging_mixin.py:190} INFO - [2024-09-26T06:07:56.014+0000] {dag.py:3229} INFO - Sync 1 DAGs
[2024-09-26T06:07:56.044+0000] {logging_mixin.py:190} INFO - [2024-09-26T06:07:56.044+0000] {dag.py:4156} INFO - Setting next_dagrun for dag_with_taskflow_api_v02 to 2024-09-22 00:00:00+00:00, run_after=2024-09-23 00:00:00+00:00
[2024-09-26T06:07:56.084+0000] {processor.py:208} INFO - Processing /opt/airflow/dags/create_dag_with_taskflow.py took 0.484 seconds
[2024-09-26T06:08:26.468+0000] {processor.py:186} INFO - Started process (PID=161149) to work on /opt/airflow/dags/create_dag_with_taskflow.py
[2024-09-26T06:08:26.470+0000] {processor.py:914} INFO - Processing file /opt/airflow/dags/create_dag_with_taskflow.py for tasks to queue
[2024-09-26T06:08:26.476+0000] {logging_mixin.py:190} INFO - [2024-09-26T06:08:26.475+0000] {dagbag.py:587} INFO - Filling up the DagBag from /opt/airflow/dags/create_dag_with_taskflow.py
[2024-09-26T06:08:26.581+0000] {processor.py:925} INFO - DAG(s) 'dag_with_taskflow_api_v02' retrieved from /opt/airflow/dags/create_dag_with_taskflow.py
[2024-09-26T06:08:26.629+0000] {logging_mixin.py:190} INFO - [2024-09-26T06:08:26.628+0000] {dag.py:3229} INFO - Sync 1 DAGs
[2024-09-26T06:08:26.660+0000] {logging_mixin.py:190} INFO - [2024-09-26T06:08:26.659+0000] {dag.py:4156} INFO - Setting next_dagrun for dag_with_taskflow_api_v02 to 2024-09-22 00:00:00+00:00, run_after=2024-09-23 00:00:00+00:00
[2024-09-26T06:08:26.702+0000] {processor.py:208} INFO - Processing /opt/airflow/dags/create_dag_with_taskflow.py took 0.239 seconds
[2024-09-26T06:08:57.141+0000] {processor.py:186} INFO - Started process (PID=161192) to work on /opt/airflow/dags/create_dag_with_taskflow.py
[2024-09-26T06:08:57.143+0000] {processor.py:914} INFO - Processing file /opt/airflow/dags/create_dag_with_taskflow.py for tasks to queue
[2024-09-26T06:08:57.146+0000] {logging_mixin.py:190} INFO - [2024-09-26T06:08:57.145+0000] {dagbag.py:587} INFO - Filling up the DagBag from /opt/airflow/dags/create_dag_with_taskflow.py
[2024-09-26T06:08:57.254+0000] {processor.py:925} INFO - DAG(s) 'dag_with_taskflow_api_v02' retrieved from /opt/airflow/dags/create_dag_with_taskflow.py
[2024-09-26T06:08:57.278+0000] {logging_mixin.py:190} INFO - [2024-09-26T06:08:57.278+0000] {dag.py:3229} INFO - Sync 1 DAGs
[2024-09-26T06:08:57.300+0000] {logging_mixin.py:190} INFO - [2024-09-26T06:08:57.300+0000] {dag.py:4156} INFO - Setting next_dagrun for dag_with_taskflow_api_v02 to 2024-09-22 00:00:00+00:00, run_after=2024-09-23 00:00:00+00:00
[2024-09-26T06:08:57.325+0000] {processor.py:208} INFO - Processing /opt/airflow/dags/create_dag_with_taskflow.py took 0.190 seconds
[2024-09-26T06:09:27.691+0000] {processor.py:186} INFO - Started process (PID=161235) to work on /opt/airflow/dags/create_dag_with_taskflow.py
[2024-09-26T06:09:27.693+0000] {processor.py:914} INFO - Processing file /opt/airflow/dags/create_dag_with_taskflow.py for tasks to queue
[2024-09-26T06:09:27.695+0000] {logging_mixin.py:190} INFO - [2024-09-26T06:09:27.695+0000] {dagbag.py:587} INFO - Filling up the DagBag from /opt/airflow/dags/create_dag_with_taskflow.py
[2024-09-26T06:09:27.789+0000] {processor.py:925} INFO - DAG(s) 'dag_with_taskflow_api_v02' retrieved from /opt/airflow/dags/create_dag_with_taskflow.py
[2024-09-26T06:09:27.815+0000] {logging_mixin.py:190} INFO - [2024-09-26T06:09:27.815+0000] {dag.py:3229} INFO - Sync 1 DAGs
[2024-09-26T06:09:27.835+0000] {logging_mixin.py:190} INFO - [2024-09-26T06:09:27.835+0000] {dag.py:4156} INFO - Setting next_dagrun for dag_with_taskflow_api_v02 to 2024-09-22 00:00:00+00:00, run_after=2024-09-23 00:00:00+00:00
[2024-09-26T06:09:27.859+0000] {processor.py:208} INFO - Processing /opt/airflow/dags/create_dag_with_taskflow.py took 0.178 seconds
[2024-09-26T06:09:58.242+0000] {processor.py:186} INFO - Started process (PID=161278) to work on /opt/airflow/dags/create_dag_with_taskflow.py
[2024-09-26T06:09:58.244+0000] {processor.py:914} INFO - Processing file /opt/airflow/dags/create_dag_with_taskflow.py for tasks to queue
[2024-09-26T06:09:58.245+0000] {logging_mixin.py:190} INFO - [2024-09-26T06:09:58.245+0000] {dagbag.py:587} INFO - Filling up the DagBag from /opt/airflow/dags/create_dag_with_taskflow.py
[2024-09-26T06:09:58.312+0000] {processor.py:925} INFO - DAG(s) 'dag_with_taskflow_api_v02' retrieved from /opt/airflow/dags/create_dag_with_taskflow.py
[2024-09-26T06:09:58.336+0000] {logging_mixin.py:190} INFO - [2024-09-26T06:09:58.336+0000] {dag.py:3229} INFO - Sync 1 DAGs
[2024-09-26T06:09:58.356+0000] {logging_mixin.py:190} INFO - [2024-09-26T06:09:58.355+0000] {dag.py:4156} INFO - Setting next_dagrun for dag_with_taskflow_api_v02 to 2024-09-22 00:00:00+00:00, run_after=2024-09-23 00:00:00+00:00
[2024-09-26T06:09:58.378+0000] {processor.py:208} INFO - Processing /opt/airflow/dags/create_dag_with_taskflow.py took 0.141 seconds
[2024-09-26T06:10:28.672+0000] {processor.py:186} INFO - Started process (PID=161321) to work on /opt/airflow/dags/create_dag_with_taskflow.py
[2024-09-26T06:10:28.673+0000] {processor.py:914} INFO - Processing file /opt/airflow/dags/create_dag_with_taskflow.py for tasks to queue
[2024-09-26T06:10:28.678+0000] {logging_mixin.py:190} INFO - [2024-09-26T06:10:28.677+0000] {dagbag.py:587} INFO - Filling up the DagBag from /opt/airflow/dags/create_dag_with_taskflow.py
[2024-09-26T06:10:28.746+0000] {processor.py:925} INFO - DAG(s) 'dag_with_taskflow_api_v02' retrieved from /opt/airflow/dags/create_dag_with_taskflow.py
[2024-09-26T06:10:28.776+0000] {logging_mixin.py:190} INFO - [2024-09-26T06:10:28.776+0000] {dag.py:3229} INFO - Sync 1 DAGs
[2024-09-26T06:10:28.808+0000] {logging_mixin.py:190} INFO - [2024-09-26T06:10:28.807+0000] {dag.py:4156} INFO - Setting next_dagrun for dag_with_taskflow_api_v02 to 2024-09-22 00:00:00+00:00, run_after=2024-09-23 00:00:00+00:00
[2024-09-26T06:10:28.845+0000] {processor.py:208} INFO - Processing /opt/airflow/dags/create_dag_with_taskflow.py took 0.180 seconds
[2024-09-26T06:10:59.262+0000] {processor.py:186} INFO - Started process (PID=161364) to work on /opt/airflow/dags/create_dag_with_taskflow.py
[2024-09-26T06:10:59.264+0000] {processor.py:914} INFO - Processing file /opt/airflow/dags/create_dag_with_taskflow.py for tasks to queue
[2024-09-26T06:10:59.267+0000] {logging_mixin.py:190} INFO - [2024-09-26T06:10:59.266+0000] {dagbag.py:587} INFO - Filling up the DagBag from /opt/airflow/dags/create_dag_with_taskflow.py
[2024-09-26T06:10:59.367+0000] {processor.py:925} INFO - DAG(s) 'dag_with_taskflow_api_v02' retrieved from /opt/airflow/dags/create_dag_with_taskflow.py
[2024-09-26T06:10:59.392+0000] {logging_mixin.py:190} INFO - [2024-09-26T06:10:59.391+0000] {dag.py:3229} INFO - Sync 1 DAGs
[2024-09-26T06:10:59.412+0000] {logging_mixin.py:190} INFO - [2024-09-26T06:10:59.412+0000] {dag.py:4156} INFO - Setting next_dagrun for dag_with_taskflow_api_v02 to 2024-09-22 00:00:00+00:00, run_after=2024-09-23 00:00:00+00:00
[2024-09-26T06:10:59.434+0000] {processor.py:208} INFO - Processing /opt/airflow/dags/create_dag_with_taskflow.py took 0.178 seconds
[2024-09-26T06:11:29.864+0000] {processor.py:186} INFO - Started process (PID=161407) to work on /opt/airflow/dags/create_dag_with_taskflow.py
[2024-09-26T06:11:29.865+0000] {processor.py:914} INFO - Processing file /opt/airflow/dags/create_dag_with_taskflow.py for tasks to queue
[2024-09-26T06:11:29.867+0000] {logging_mixin.py:190} INFO - [2024-09-26T06:11:29.866+0000] {dagbag.py:587} INFO - Filling up the DagBag from /opt/airflow/dags/create_dag_with_taskflow.py
[2024-09-26T06:11:29.964+0000] {processor.py:925} INFO - DAG(s) 'dag_with_taskflow_api_v02' retrieved from /opt/airflow/dags/create_dag_with_taskflow.py
[2024-09-26T06:11:29.987+0000] {logging_mixin.py:190} INFO - [2024-09-26T06:11:29.987+0000] {dag.py:3229} INFO - Sync 1 DAGs
[2024-09-26T06:11:30.011+0000] {logging_mixin.py:190} INFO - [2024-09-26T06:11:30.011+0000] {dag.py:4156} INFO - Setting next_dagrun for dag_with_taskflow_api_v02 to 2024-09-22 00:00:00+00:00, run_after=2024-09-23 00:00:00+00:00
[2024-09-26T06:11:30.037+0000] {processor.py:208} INFO - Processing /opt/airflow/dags/create_dag_with_taskflow.py took 0.179 seconds
[2024-09-26T06:12:00.310+0000] {processor.py:186} INFO - Started process (PID=161450) to work on /opt/airflow/dags/create_dag_with_taskflow.py
[2024-09-26T06:12:00.312+0000] {processor.py:914} INFO - Processing file /opt/airflow/dags/create_dag_with_taskflow.py for tasks to queue
[2024-09-26T06:12:00.314+0000] {logging_mixin.py:190} INFO - [2024-09-26T06:12:00.313+0000] {dagbag.py:587} INFO - Filling up the DagBag from /opt/airflow/dags/create_dag_with_taskflow.py
[2024-09-26T06:12:00.403+0000] {processor.py:925} INFO - DAG(s) 'dag_with_taskflow_api_v02' retrieved from /opt/airflow/dags/create_dag_with_taskflow.py
[2024-09-26T06:12:00.428+0000] {logging_mixin.py:190} INFO - [2024-09-26T06:12:00.428+0000] {dag.py:3229} INFO - Sync 1 DAGs
[2024-09-26T06:12:00.449+0000] {logging_mixin.py:190} INFO - [2024-09-26T06:12:00.449+0000] {dag.py:4156} INFO - Setting next_dagrun for dag_with_taskflow_api_v02 to 2024-09-22 00:00:00+00:00, run_after=2024-09-23 00:00:00+00:00
[2024-09-26T06:12:00.470+0000] {processor.py:208} INFO - Processing /opt/airflow/dags/create_dag_with_taskflow.py took 0.169 seconds
[2024-09-26T06:12:30.709+0000] {processor.py:186} INFO - Started process (PID=161493) to work on /opt/airflow/dags/create_dag_with_taskflow.py
[2024-09-26T06:12:30.711+0000] {processor.py:914} INFO - Processing file /opt/airflow/dags/create_dag_with_taskflow.py for tasks to queue
[2024-09-26T06:12:30.713+0000] {logging_mixin.py:190} INFO - [2024-09-26T06:12:30.712+0000] {dagbag.py:587} INFO - Filling up the DagBag from /opt/airflow/dags/create_dag_with_taskflow.py
[2024-09-26T06:12:30.782+0000] {processor.py:925} INFO - DAG(s) 'dag_with_taskflow_api_v02' retrieved from /opt/airflow/dags/create_dag_with_taskflow.py
[2024-09-26T06:12:30.815+0000] {logging_mixin.py:190} INFO - [2024-09-26T06:12:30.814+0000] {dag.py:3229} INFO - Sync 1 DAGs
[2024-09-26T06:12:30.844+0000] {logging_mixin.py:190} INFO - [2024-09-26T06:12:30.843+0000] {dag.py:4156} INFO - Setting next_dagrun for dag_with_taskflow_api_v02 to 2024-09-22 00:00:00+00:00, run_after=2024-09-23 00:00:00+00:00
[2024-09-26T06:12:30.869+0000] {processor.py:208} INFO - Processing /opt/airflow/dags/create_dag_with_taskflow.py took 0.165 seconds
[2024-09-26T06:13:01.346+0000] {processor.py:186} INFO - Started process (PID=161536) to work on /opt/airflow/dags/create_dag_with_taskflow.py
[2024-09-26T06:13:01.347+0000] {processor.py:914} INFO - Processing file /opt/airflow/dags/create_dag_with_taskflow.py for tasks to queue
[2024-09-26T06:13:01.349+0000] {logging_mixin.py:190} INFO - [2024-09-26T06:13:01.349+0000] {dagbag.py:587} INFO - Filling up the DagBag from /opt/airflow/dags/create_dag_with_taskflow.py
[2024-09-26T06:13:01.431+0000] {processor.py:925} INFO - DAG(s) 'dag_with_taskflow_api_v02' retrieved from /opt/airflow/dags/create_dag_with_taskflow.py
[2024-09-26T06:13:01.458+0000] {logging_mixin.py:190} INFO - [2024-09-26T06:13:01.458+0000] {dag.py:3229} INFO - Sync 1 DAGs
[2024-09-26T06:13:01.479+0000] {logging_mixin.py:190} INFO - [2024-09-26T06:13:01.479+0000] {dag.py:4156} INFO - Setting next_dagrun for dag_with_taskflow_api_v02 to 2024-09-22 00:00:00+00:00, run_after=2024-09-23 00:00:00+00:00
[2024-09-26T06:13:01.505+0000] {processor.py:208} INFO - Processing /opt/airflow/dags/create_dag_with_taskflow.py took 0.165 seconds
[2024-09-26T06:13:31.808+0000] {processor.py:186} INFO - Started process (PID=161579) to work on /opt/airflow/dags/create_dag_with_taskflow.py
[2024-09-26T06:13:31.810+0000] {processor.py:914} INFO - Processing file /opt/airflow/dags/create_dag_with_taskflow.py for tasks to queue
[2024-09-26T06:13:31.813+0000] {logging_mixin.py:190} INFO - [2024-09-26T06:13:31.813+0000] {dagbag.py:587} INFO - Filling up the DagBag from /opt/airflow/dags/create_dag_with_taskflow.py
[2024-09-26T06:13:31.896+0000] {processor.py:925} INFO - DAG(s) 'dag_with_taskflow_api_v02' retrieved from /opt/airflow/dags/create_dag_with_taskflow.py
[2024-09-26T06:13:31.922+0000] {logging_mixin.py:190} INFO - [2024-09-26T06:13:31.922+0000] {dag.py:3229} INFO - Sync 1 DAGs
[2024-09-26T06:13:31.946+0000] {logging_mixin.py:190} INFO - [2024-09-26T06:13:31.946+0000] {dag.py:4156} INFO - Setting next_dagrun for dag_with_taskflow_api_v02 to 2024-09-22 00:00:00+00:00, run_after=2024-09-23 00:00:00+00:00
[2024-09-26T06:13:31.968+0000] {processor.py:208} INFO - Processing /opt/airflow/dags/create_dag_with_taskflow.py took 0.167 seconds
[2024-09-26T06:14:02.393+0000] {processor.py:186} INFO - Started process (PID=161622) to work on /opt/airflow/dags/create_dag_with_taskflow.py
[2024-09-26T06:14:02.395+0000] {processor.py:914} INFO - Processing file /opt/airflow/dags/create_dag_with_taskflow.py for tasks to queue
[2024-09-26T06:14:02.396+0000] {logging_mixin.py:190} INFO - [2024-09-26T06:14:02.396+0000] {dagbag.py:587} INFO - Filling up the DagBag from /opt/airflow/dags/create_dag_with_taskflow.py
[2024-09-26T06:14:02.452+0000] {processor.py:925} INFO - DAG(s) 'dag_with_taskflow_api_v02' retrieved from /opt/airflow/dags/create_dag_with_taskflow.py
[2024-09-26T06:14:02.483+0000] {logging_mixin.py:190} INFO - [2024-09-26T06:14:02.482+0000] {dag.py:3229} INFO - Sync 1 DAGs
[2024-09-26T06:14:02.509+0000] {logging_mixin.py:190} INFO - [2024-09-26T06:14:02.508+0000] {dag.py:4156} INFO - Setting next_dagrun for dag_with_taskflow_api_v02 to 2024-09-22 00:00:00+00:00, run_after=2024-09-23 00:00:00+00:00
[2024-09-26T06:14:02.535+0000] {processor.py:208} INFO - Processing /opt/airflow/dags/create_dag_with_taskflow.py took 0.147 seconds
[2024-09-26T06:14:32.995+0000] {processor.py:186} INFO - Started process (PID=161667) to work on /opt/airflow/dags/create_dag_with_taskflow.py
[2024-09-26T06:14:32.997+0000] {processor.py:914} INFO - Processing file /opt/airflow/dags/create_dag_with_taskflow.py for tasks to queue
[2024-09-26T06:14:32.999+0000] {logging_mixin.py:190} INFO - [2024-09-26T06:14:32.999+0000] {dagbag.py:587} INFO - Filling up the DagBag from /opt/airflow/dags/create_dag_with_taskflow.py
[2024-09-26T06:14:33.090+0000] {processor.py:925} INFO - DAG(s) 'dag_with_taskflow_api_v02' retrieved from /opt/airflow/dags/create_dag_with_taskflow.py
[2024-09-26T06:14:33.118+0000] {logging_mixin.py:190} INFO - [2024-09-26T06:14:33.117+0000] {dag.py:3229} INFO - Sync 1 DAGs
[2024-09-26T06:14:33.140+0000] {logging_mixin.py:190} INFO - [2024-09-26T06:14:33.140+0000] {dag.py:4156} INFO - Setting next_dagrun for dag_with_taskflow_api_v02 to 2024-09-22 00:00:00+00:00, run_after=2024-09-23 00:00:00+00:00
[2024-09-26T06:14:33.168+0000] {processor.py:208} INFO - Processing /opt/airflow/dags/create_dag_with_taskflow.py took 0.179 seconds
[2024-09-26T06:15:03.629+0000] {processor.py:186} INFO - Started process (PID=161710) to work on /opt/airflow/dags/create_dag_with_taskflow.py
[2024-09-26T06:15:03.630+0000] {processor.py:914} INFO - Processing file /opt/airflow/dags/create_dag_with_taskflow.py for tasks to queue
[2024-09-26T06:15:03.631+0000] {logging_mixin.py:190} INFO - [2024-09-26T06:15:03.631+0000] {dagbag.py:587} INFO - Filling up the DagBag from /opt/airflow/dags/create_dag_with_taskflow.py
[2024-09-26T06:15:03.697+0000] {processor.py:925} INFO - DAG(s) 'dag_with_taskflow_api_v02' retrieved from /opt/airflow/dags/create_dag_with_taskflow.py
[2024-09-26T06:15:03.726+0000] {logging_mixin.py:190} INFO - [2024-09-26T06:15:03.726+0000] {dag.py:3229} INFO - Sync 1 DAGs
[2024-09-26T06:15:03.754+0000] {logging_mixin.py:190} INFO - [2024-09-26T06:15:03.754+0000] {dag.py:4156} INFO - Setting next_dagrun for dag_with_taskflow_api_v02 to 2024-09-22 00:00:00+00:00, run_after=2024-09-23 00:00:00+00:00
[2024-09-26T06:15:03.783+0000] {processor.py:208} INFO - Processing /opt/airflow/dags/create_dag_with_taskflow.py took 0.160 seconds
[2024-09-26T06:15:34.642+0000] {processor.py:186} INFO - Started process (PID=161753) to work on /opt/airflow/dags/create_dag_with_taskflow.py
[2024-09-26T06:15:34.644+0000] {processor.py:914} INFO - Processing file /opt/airflow/dags/create_dag_with_taskflow.py for tasks to queue
[2024-09-26T06:15:34.647+0000] {logging_mixin.py:190} INFO - [2024-09-26T06:15:34.646+0000] {dagbag.py:587} INFO - Filling up the DagBag from /opt/airflow/dags/create_dag_with_taskflow.py
[2024-09-26T06:15:34.747+0000] {processor.py:925} INFO - DAG(s) 'dag_with_taskflow_api_v02' retrieved from /opt/airflow/dags/create_dag_with_taskflow.py
[2024-09-26T06:15:34.771+0000] {logging_mixin.py:190} INFO - [2024-09-26T06:15:34.771+0000] {dag.py:3229} INFO - Sync 1 DAGs
[2024-09-26T06:15:34.793+0000] {logging_mixin.py:190} INFO - [2024-09-26T06:15:34.793+0000] {dag.py:4156} INFO - Setting next_dagrun for dag_with_taskflow_api_v02 to 2024-09-22 00:00:00+00:00, run_after=2024-09-23 00:00:00+00:00
[2024-09-26T06:15:34.825+0000] {processor.py:208} INFO - Processing /opt/airflow/dags/create_dag_with_taskflow.py took 0.189 seconds
[2024-09-26T06:16:05.007+0000] {processor.py:186} INFO - Started process (PID=161796) to work on /opt/airflow/dags/create_dag_with_taskflow.py
[2024-09-26T06:16:05.009+0000] {processor.py:914} INFO - Processing file /opt/airflow/dags/create_dag_with_taskflow.py for tasks to queue
[2024-09-26T06:16:05.012+0000] {logging_mixin.py:190} INFO - [2024-09-26T06:16:05.011+0000] {dagbag.py:587} INFO - Filling up the DagBag from /opt/airflow/dags/create_dag_with_taskflow.py
[2024-09-26T06:16:05.120+0000] {processor.py:925} INFO - DAG(s) 'dag_with_taskflow_api_v02' retrieved from /opt/airflow/dags/create_dag_with_taskflow.py
[2024-09-26T06:16:05.170+0000] {logging_mixin.py:190} INFO - [2024-09-26T06:16:05.170+0000] {dag.py:3229} INFO - Sync 1 DAGs
[2024-09-26T06:16:05.195+0000] {logging_mixin.py:190} INFO - [2024-09-26T06:16:05.195+0000] {dag.py:4156} INFO - Setting next_dagrun for dag_with_taskflow_api_v02 to 2024-09-22 00:00:00+00:00, run_after=2024-09-23 00:00:00+00:00
[2024-09-26T06:16:05.232+0000] {processor.py:208} INFO - Processing /opt/airflow/dags/create_dag_with_taskflow.py took 0.231 seconds
[2024-09-26T06:16:35.731+0000] {processor.py:186} INFO - Started process (PID=161839) to work on /opt/airflow/dags/create_dag_with_taskflow.py
[2024-09-26T06:16:35.732+0000] {processor.py:914} INFO - Processing file /opt/airflow/dags/create_dag_with_taskflow.py for tasks to queue
[2024-09-26T06:16:35.735+0000] {logging_mixin.py:190} INFO - [2024-09-26T06:16:35.734+0000] {dagbag.py:587} INFO - Filling up the DagBag from /opt/airflow/dags/create_dag_with_taskflow.py
[2024-09-26T06:16:35.853+0000] {processor.py:925} INFO - DAG(s) 'dag_with_taskflow_api_v02' retrieved from /opt/airflow/dags/create_dag_with_taskflow.py
[2024-09-26T06:16:35.877+0000] {logging_mixin.py:190} INFO - [2024-09-26T06:16:35.877+0000] {dag.py:3229} INFO - Sync 1 DAGs
[2024-09-26T06:16:35.899+0000] {logging_mixin.py:190} INFO - [2024-09-26T06:16:35.899+0000] {dag.py:4156} INFO - Setting next_dagrun for dag_with_taskflow_api_v02 to 2024-09-22 00:00:00+00:00, run_after=2024-09-23 00:00:00+00:00
[2024-09-26T06:16:35.927+0000] {processor.py:208} INFO - Processing /opt/airflow/dags/create_dag_with_taskflow.py took 0.204 seconds
[2024-09-26T06:17:06.633+0000] {processor.py:186} INFO - Started process (PID=161882) to work on /opt/airflow/dags/create_dag_with_taskflow.py
[2024-09-26T06:17:06.636+0000] {processor.py:914} INFO - Processing file /opt/airflow/dags/create_dag_with_taskflow.py for tasks to queue
[2024-09-26T06:17:06.639+0000] {logging_mixin.py:190} INFO - [2024-09-26T06:17:06.638+0000] {dagbag.py:587} INFO - Filling up the DagBag from /opt/airflow/dags/create_dag_with_taskflow.py
[2024-09-26T06:17:06.748+0000] {processor.py:925} INFO - DAG(s) 'dag_with_taskflow_api_v02' retrieved from /opt/airflow/dags/create_dag_with_taskflow.py
[2024-09-26T06:17:06.772+0000] {logging_mixin.py:190} INFO - [2024-09-26T06:17:06.771+0000] {dag.py:3229} INFO - Sync 1 DAGs
[2024-09-26T06:17:06.793+0000] {logging_mixin.py:190} INFO - [2024-09-26T06:17:06.792+0000] {dag.py:4156} INFO - Setting next_dagrun for dag_with_taskflow_api_v02 to 2024-09-22 00:00:00+00:00, run_after=2024-09-23 00:00:00+00:00
[2024-09-26T06:17:06.818+0000] {processor.py:208} INFO - Processing /opt/airflow/dags/create_dag_with_taskflow.py took 0.195 seconds
[2024-09-26T06:17:37.348+0000] {processor.py:186} INFO - Started process (PID=161925) to work on /opt/airflow/dags/create_dag_with_taskflow.py
[2024-09-26T06:17:37.350+0000] {processor.py:914} INFO - Processing file /opt/airflow/dags/create_dag_with_taskflow.py for tasks to queue
[2024-09-26T06:17:37.353+0000] {logging_mixin.py:190} INFO - [2024-09-26T06:17:37.352+0000] {dagbag.py:587} INFO - Filling up the DagBag from /opt/airflow/dags/create_dag_with_taskflow.py
[2024-09-26T06:17:37.454+0000] {processor.py:925} INFO - DAG(s) 'dag_with_taskflow_api_v02' retrieved from /opt/airflow/dags/create_dag_with_taskflow.py
[2024-09-26T06:17:37.485+0000] {logging_mixin.py:190} INFO - [2024-09-26T06:17:37.485+0000] {dag.py:3229} INFO - Sync 1 DAGs
[2024-09-26T06:17:37.508+0000] {logging_mixin.py:190} INFO - [2024-09-26T06:17:37.508+0000] {dag.py:4156} INFO - Setting next_dagrun for dag_with_taskflow_api_v02 to 2024-09-22 00:00:00+00:00, run_after=2024-09-23 00:00:00+00:00
[2024-09-26T06:17:37.543+0000] {processor.py:208} INFO - Processing /opt/airflow/dags/create_dag_with_taskflow.py took 0.203 seconds
[2024-09-26T06:18:08.024+0000] {processor.py:186} INFO - Started process (PID=161968) to work on /opt/airflow/dags/create_dag_with_taskflow.py
[2024-09-26T06:18:08.026+0000] {processor.py:914} INFO - Processing file /opt/airflow/dags/create_dag_with_taskflow.py for tasks to queue
[2024-09-26T06:18:08.027+0000] {logging_mixin.py:190} INFO - [2024-09-26T06:18:08.027+0000] {dagbag.py:587} INFO - Filling up the DagBag from /opt/airflow/dags/create_dag_with_taskflow.py
[2024-09-26T06:18:08.145+0000] {processor.py:925} INFO - DAG(s) 'dag_with_taskflow_api_v02' retrieved from /opt/airflow/dags/create_dag_with_taskflow.py
[2024-09-26T06:18:08.170+0000] {logging_mixin.py:190} INFO - [2024-09-26T06:18:08.170+0000] {dag.py:3229} INFO - Sync 1 DAGs
[2024-09-26T06:18:08.195+0000] {logging_mixin.py:190} INFO - [2024-09-26T06:18:08.194+0000] {dag.py:4156} INFO - Setting next_dagrun for dag_with_taskflow_api_v02 to 2024-09-22 00:00:00+00:00, run_after=2024-09-23 00:00:00+00:00
[2024-09-26T06:18:08.223+0000] {processor.py:208} INFO - Processing /opt/airflow/dags/create_dag_with_taskflow.py took 0.206 seconds
[2024-09-26T06:18:38.552+0000] {processor.py:186} INFO - Started process (PID=162011) to work on /opt/airflow/dags/create_dag_with_taskflow.py
[2024-09-26T06:18:38.555+0000] {processor.py:914} INFO - Processing file /opt/airflow/dags/create_dag_with_taskflow.py for tasks to queue
[2024-09-26T06:18:38.559+0000] {logging_mixin.py:190} INFO - [2024-09-26T06:18:38.558+0000] {dagbag.py:587} INFO - Filling up the DagBag from /opt/airflow/dags/create_dag_with_taskflow.py
[2024-09-26T06:18:38.687+0000] {processor.py:925} INFO - DAG(s) 'dag_with_taskflow_api_v02' retrieved from /opt/airflow/dags/create_dag_with_taskflow.py
[2024-09-26T06:18:38.719+0000] {logging_mixin.py:190} INFO - [2024-09-26T06:18:38.718+0000] {dag.py:3229} INFO - Sync 1 DAGs
[2024-09-26T06:18:38.746+0000] {logging_mixin.py:190} INFO - [2024-09-26T06:18:38.746+0000] {dag.py:4156} INFO - Setting next_dagrun for dag_with_taskflow_api_v02 to 2024-09-22 00:00:00+00:00, run_after=2024-09-23 00:00:00+00:00
[2024-09-26T06:18:38.783+0000] {processor.py:208} INFO - Processing /opt/airflow/dags/create_dag_with_taskflow.py took 0.239 seconds
[2024-09-26T06:19:09.102+0000] {processor.py:186} INFO - Started process (PID=162054) to work on /opt/airflow/dags/create_dag_with_taskflow.py
[2024-09-26T06:19:09.103+0000] {processor.py:914} INFO - Processing file /opt/airflow/dags/create_dag_with_taskflow.py for tasks to queue
[2024-09-26T06:19:09.106+0000] {logging_mixin.py:190} INFO - [2024-09-26T06:19:09.106+0000] {dagbag.py:587} INFO - Filling up the DagBag from /opt/airflow/dags/create_dag_with_taskflow.py
[2024-09-26T06:19:09.224+0000] {processor.py:925} INFO - DAG(s) 'dag_with_taskflow_api_v02' retrieved from /opt/airflow/dags/create_dag_with_taskflow.py
[2024-09-26T06:19:09.246+0000] {logging_mixin.py:190} INFO - [2024-09-26T06:19:09.246+0000] {dag.py:3229} INFO - Sync 1 DAGs
[2024-09-26T06:19:09.269+0000] {logging_mixin.py:190} INFO - [2024-09-26T06:19:09.269+0000] {dag.py:4156} INFO - Setting next_dagrun for dag_with_taskflow_api_v02 to 2024-09-22 00:00:00+00:00, run_after=2024-09-23 00:00:00+00:00
[2024-09-26T06:19:09.301+0000] {processor.py:208} INFO - Processing /opt/airflow/dags/create_dag_with_taskflow.py took 0.211 seconds
[2024-09-26T06:19:39.633+0000] {processor.py:186} INFO - Started process (PID=162097) to work on /opt/airflow/dags/create_dag_with_taskflow.py
[2024-09-26T06:19:39.635+0000] {processor.py:914} INFO - Processing file /opt/airflow/dags/create_dag_with_taskflow.py for tasks to queue
[2024-09-26T06:19:39.638+0000] {logging_mixin.py:190} INFO - [2024-09-26T06:19:39.637+0000] {dagbag.py:587} INFO - Filling up the DagBag from /opt/airflow/dags/create_dag_with_taskflow.py
[2024-09-26T06:19:39.749+0000] {processor.py:925} INFO - DAG(s) 'dag_with_taskflow_api_v02' retrieved from /opt/airflow/dags/create_dag_with_taskflow.py
[2024-09-26T06:19:39.772+0000] {logging_mixin.py:190} INFO - [2024-09-26T06:19:39.772+0000] {dag.py:3229} INFO - Sync 1 DAGs
[2024-09-26T06:19:39.791+0000] {logging_mixin.py:190} INFO - [2024-09-26T06:19:39.791+0000] {dag.py:4156} INFO - Setting next_dagrun for dag_with_taskflow_api_v02 to 2024-09-22 00:00:00+00:00, run_after=2024-09-23 00:00:00+00:00
[2024-09-26T06:19:39.816+0000] {processor.py:208} INFO - Processing /opt/airflow/dags/create_dag_with_taskflow.py took 0.193 seconds
[2024-09-26T06:20:10.290+0000] {processor.py:186} INFO - Started process (PID=162140) to work on /opt/airflow/dags/create_dag_with_taskflow.py
[2024-09-26T06:20:10.292+0000] {processor.py:914} INFO - Processing file /opt/airflow/dags/create_dag_with_taskflow.py for tasks to queue
[2024-09-26T06:20:10.294+0000] {logging_mixin.py:190} INFO - [2024-09-26T06:20:10.293+0000] {dagbag.py:587} INFO - Filling up the DagBag from /opt/airflow/dags/create_dag_with_taskflow.py
[2024-09-26T06:20:10.376+0000] {processor.py:925} INFO - DAG(s) 'dag_with_taskflow_api_v02' retrieved from /opt/airflow/dags/create_dag_with_taskflow.py
[2024-09-26T06:20:10.405+0000] {logging_mixin.py:190} INFO - [2024-09-26T06:20:10.405+0000] {dag.py:3229} INFO - Sync 1 DAGs
[2024-09-26T06:20:10.430+0000] {logging_mixin.py:190} INFO - [2024-09-26T06:20:10.429+0000] {dag.py:4156} INFO - Setting next_dagrun for dag_with_taskflow_api_v02 to 2024-09-22 00:00:00+00:00, run_after=2024-09-23 00:00:00+00:00
[2024-09-26T06:20:10.455+0000] {processor.py:208} INFO - Processing /opt/airflow/dags/create_dag_with_taskflow.py took 0.171 seconds
[2024-09-26T06:20:41.081+0000] {processor.py:186} INFO - Started process (PID=162183) to work on /opt/airflow/dags/create_dag_with_taskflow.py
[2024-09-26T06:20:41.083+0000] {processor.py:914} INFO - Processing file /opt/airflow/dags/create_dag_with_taskflow.py for tasks to queue
[2024-09-26T06:20:41.085+0000] {logging_mixin.py:190} INFO - [2024-09-26T06:20:41.084+0000] {dagbag.py:587} INFO - Filling up the DagBag from /opt/airflow/dags/create_dag_with_taskflow.py
[2024-09-26T06:20:41.176+0000] {processor.py:925} INFO - DAG(s) 'dag_with_taskflow_api_v02' retrieved from /opt/airflow/dags/create_dag_with_taskflow.py
[2024-09-26T06:20:41.210+0000] {logging_mixin.py:190} INFO - [2024-09-26T06:20:41.210+0000] {dag.py:3229} INFO - Sync 1 DAGs
[2024-09-26T06:20:41.236+0000] {logging_mixin.py:190} INFO - [2024-09-26T06:20:41.236+0000] {dag.py:4156} INFO - Setting next_dagrun for dag_with_taskflow_api_v02 to 2024-09-22 00:00:00+00:00, run_after=2024-09-23 00:00:00+00:00
[2024-09-26T06:20:41.257+0000] {processor.py:208} INFO - Processing /opt/airflow/dags/create_dag_with_taskflow.py took 0.180 seconds
[2024-09-26T06:21:11.659+0000] {processor.py:186} INFO - Started process (PID=162226) to work on /opt/airflow/dags/create_dag_with_taskflow.py
[2024-09-26T06:21:11.663+0000] {processor.py:914} INFO - Processing file /opt/airflow/dags/create_dag_with_taskflow.py for tasks to queue
[2024-09-26T06:21:11.669+0000] {logging_mixin.py:190} INFO - [2024-09-26T06:21:11.668+0000] {dagbag.py:587} INFO - Filling up the DagBag from /opt/airflow/dags/create_dag_with_taskflow.py
[2024-09-26T06:21:11.750+0000] {processor.py:925} INFO - DAG(s) 'dag_with_taskflow_api_v02' retrieved from /opt/airflow/dags/create_dag_with_taskflow.py
[2024-09-26T06:21:11.771+0000] {logging_mixin.py:190} INFO - [2024-09-26T06:21:11.770+0000] {dag.py:3229} INFO - Sync 1 DAGs
[2024-09-26T06:21:11.790+0000] {logging_mixin.py:190} INFO - [2024-09-26T06:21:11.790+0000] {dag.py:4156} INFO - Setting next_dagrun for dag_with_taskflow_api_v02 to 2024-09-22 00:00:00+00:00, run_after=2024-09-23 00:00:00+00:00
[2024-09-26T06:21:11.811+0000] {processor.py:208} INFO - Processing /opt/airflow/dags/create_dag_with_taskflow.py took 0.162 seconds
[2024-09-26T06:21:42.127+0000] {processor.py:186} INFO - Started process (PID=162269) to work on /opt/airflow/dags/create_dag_with_taskflow.py
[2024-09-26T06:21:42.129+0000] {processor.py:914} INFO - Processing file /opt/airflow/dags/create_dag_with_taskflow.py for tasks to queue
[2024-09-26T06:21:42.131+0000] {logging_mixin.py:190} INFO - [2024-09-26T06:21:42.131+0000] {dagbag.py:587} INFO - Filling up the DagBag from /opt/airflow/dags/create_dag_with_taskflow.py
[2024-09-26T06:21:42.206+0000] {processor.py:925} INFO - DAG(s) 'dag_with_taskflow_api_v02' retrieved from /opt/airflow/dags/create_dag_with_taskflow.py
[2024-09-26T06:21:42.234+0000] {logging_mixin.py:190} INFO - [2024-09-26T06:21:42.234+0000] {dag.py:3229} INFO - Sync 1 DAGs
[2024-09-26T06:21:42.266+0000] {logging_mixin.py:190} INFO - [2024-09-26T06:21:42.266+0000] {dag.py:4156} INFO - Setting next_dagrun for dag_with_taskflow_api_v02 to 2024-09-22 00:00:00+00:00, run_after=2024-09-23 00:00:00+00:00
[2024-09-26T06:21:42.293+0000] {processor.py:208} INFO - Processing /opt/airflow/dags/create_dag_with_taskflow.py took 0.171 seconds
[2024-09-26T06:22:12.782+0000] {processor.py:186} INFO - Started process (PID=162312) to work on /opt/airflow/dags/create_dag_with_taskflow.py
[2024-09-26T06:22:12.784+0000] {processor.py:914} INFO - Processing file /opt/airflow/dags/create_dag_with_taskflow.py for tasks to queue
[2024-09-26T06:22:12.785+0000] {logging_mixin.py:190} INFO - [2024-09-26T06:22:12.785+0000] {dagbag.py:587} INFO - Filling up the DagBag from /opt/airflow/dags/create_dag_with_taskflow.py
[2024-09-26T06:22:12.896+0000] {processor.py:925} INFO - DAG(s) 'dag_with_taskflow_api_v02' retrieved from /opt/airflow/dags/create_dag_with_taskflow.py
[2024-09-26T06:22:12.926+0000] {logging_mixin.py:190} INFO - [2024-09-26T06:22:12.925+0000] {dag.py:3229} INFO - Sync 1 DAGs
[2024-09-26T06:22:12.945+0000] {logging_mixin.py:190} INFO - [2024-09-26T06:22:12.945+0000] {dag.py:4156} INFO - Setting next_dagrun for dag_with_taskflow_api_v02 to 2024-09-22 00:00:00+00:00, run_after=2024-09-23 00:00:00+00:00
[2024-09-26T06:22:12.972+0000] {processor.py:208} INFO - Processing /opt/airflow/dags/create_dag_with_taskflow.py took 0.196 seconds
[2024-09-26T06:22:43.386+0000] {processor.py:186} INFO - Started process (PID=162355) to work on /opt/airflow/dags/create_dag_with_taskflow.py
[2024-09-26T06:22:43.389+0000] {processor.py:914} INFO - Processing file /opt/airflow/dags/create_dag_with_taskflow.py for tasks to queue
[2024-09-26T06:22:43.393+0000] {logging_mixin.py:190} INFO - [2024-09-26T06:22:43.392+0000] {dagbag.py:587} INFO - Filling up the DagBag from /opt/airflow/dags/create_dag_with_taskflow.py
[2024-09-26T06:22:43.502+0000] {processor.py:925} INFO - DAG(s) 'dag_with_taskflow_api_v02' retrieved from /opt/airflow/dags/create_dag_with_taskflow.py
[2024-09-26T06:22:43.530+0000] {logging_mixin.py:190} INFO - [2024-09-26T06:22:43.530+0000] {dag.py:3229} INFO - Sync 1 DAGs
[2024-09-26T06:22:43.561+0000] {logging_mixin.py:190} INFO - [2024-09-26T06:22:43.561+0000] {dag.py:4156} INFO - Setting next_dagrun for dag_with_taskflow_api_v02 to 2024-09-22 00:00:00+00:00, run_after=2024-09-23 00:00:00+00:00
[2024-09-26T06:22:43.589+0000] {processor.py:208} INFO - Processing /opt/airflow/dags/create_dag_with_taskflow.py took 0.213 seconds
[2024-09-26T06:23:13.937+0000] {processor.py:186} INFO - Started process (PID=162398) to work on /opt/airflow/dags/create_dag_with_taskflow.py
[2024-09-26T06:23:13.938+0000] {processor.py:914} INFO - Processing file /opt/airflow/dags/create_dag_with_taskflow.py for tasks to queue
[2024-09-26T06:23:13.942+0000] {logging_mixin.py:190} INFO - [2024-09-26T06:23:13.941+0000] {dagbag.py:587} INFO - Filling up the DagBag from /opt/airflow/dags/create_dag_with_taskflow.py
[2024-09-26T06:23:14.012+0000] {processor.py:925} INFO - DAG(s) 'dag_with_taskflow_api_v02' retrieved from /opt/airflow/dags/create_dag_with_taskflow.py
[2024-09-26T06:23:14.036+0000] {logging_mixin.py:190} INFO - [2024-09-26T06:23:14.035+0000] {dag.py:3229} INFO - Sync 1 DAGs
[2024-09-26T06:23:14.055+0000] {logging_mixin.py:190} INFO - [2024-09-26T06:23:14.055+0000] {dag.py:4156} INFO - Setting next_dagrun for dag_with_taskflow_api_v02 to 2024-09-22 00:00:00+00:00, run_after=2024-09-23 00:00:00+00:00
[2024-09-26T06:23:14.079+0000] {processor.py:208} INFO - Processing /opt/airflow/dags/create_dag_with_taskflow.py took 0.150 seconds
[2024-09-26T06:23:44.380+0000] {processor.py:186} INFO - Started process (PID=162441) to work on /opt/airflow/dags/create_dag_with_taskflow.py
[2024-09-26T06:23:44.382+0000] {processor.py:914} INFO - Processing file /opt/airflow/dags/create_dag_with_taskflow.py for tasks to queue
[2024-09-26T06:23:44.385+0000] {logging_mixin.py:190} INFO - [2024-09-26T06:23:44.384+0000] {dagbag.py:587} INFO - Filling up the DagBag from /opt/airflow/dags/create_dag_with_taskflow.py
[2024-09-26T06:23:44.484+0000] {processor.py:925} INFO - DAG(s) 'dag_with_taskflow_api_v02' retrieved from /opt/airflow/dags/create_dag_with_taskflow.py
[2024-09-26T06:23:44.509+0000] {logging_mixin.py:190} INFO - [2024-09-26T06:23:44.509+0000] {dag.py:3229} INFO - Sync 1 DAGs
[2024-09-26T06:23:44.532+0000] {logging_mixin.py:190} INFO - [2024-09-26T06:23:44.532+0000] {dag.py:4156} INFO - Setting next_dagrun for dag_with_taskflow_api_v02 to 2024-09-22 00:00:00+00:00, run_after=2024-09-23 00:00:00+00:00
[2024-09-26T06:23:44.559+0000] {processor.py:208} INFO - Processing /opt/airflow/dags/create_dag_with_taskflow.py took 0.186 seconds
[2024-09-26T06:24:15.166+0000] {processor.py:186} INFO - Started process (PID=162484) to work on /opt/airflow/dags/create_dag_with_taskflow.py
[2024-09-26T06:24:15.168+0000] {processor.py:914} INFO - Processing file /opt/airflow/dags/create_dag_with_taskflow.py for tasks to queue
[2024-09-26T06:24:15.172+0000] {logging_mixin.py:190} INFO - [2024-09-26T06:24:15.171+0000] {dagbag.py:587} INFO - Filling up the DagBag from /opt/airflow/dags/create_dag_with_taskflow.py
[2024-09-26T06:24:15.232+0000] {processor.py:925} INFO - DAG(s) 'dag_with_taskflow_api_v02' retrieved from /opt/airflow/dags/create_dag_with_taskflow.py
[2024-09-26T06:24:15.260+0000] {logging_mixin.py:190} INFO - [2024-09-26T06:24:15.260+0000] {dag.py:3229} INFO - Sync 1 DAGs
[2024-09-26T06:24:15.283+0000] {logging_mixin.py:190} INFO - [2024-09-26T06:24:15.283+0000] {dag.py:4156} INFO - Setting next_dagrun for dag_with_taskflow_api_v02 to 2024-09-22 00:00:00+00:00, run_after=2024-09-23 00:00:00+00:00
[2024-09-26T06:24:15.310+0000] {processor.py:208} INFO - Processing /opt/airflow/dags/create_dag_with_taskflow.py took 0.152 seconds
[2024-09-26T06:24:45.849+0000] {processor.py:186} INFO - Started process (PID=162527) to work on /opt/airflow/dags/create_dag_with_taskflow.py
[2024-09-26T06:24:45.851+0000] {processor.py:914} INFO - Processing file /opt/airflow/dags/create_dag_with_taskflow.py for tasks to queue
[2024-09-26T06:24:45.854+0000] {logging_mixin.py:190} INFO - [2024-09-26T06:24:45.853+0000] {dagbag.py:587} INFO - Filling up the DagBag from /opt/airflow/dags/create_dag_with_taskflow.py
[2024-09-26T06:24:45.951+0000] {processor.py:925} INFO - DAG(s) 'dag_with_taskflow_api_v02' retrieved from /opt/airflow/dags/create_dag_with_taskflow.py
[2024-09-26T06:24:45.981+0000] {logging_mixin.py:190} INFO - [2024-09-26T06:24:45.981+0000] {dag.py:3229} INFO - Sync 1 DAGs
[2024-09-26T06:24:46.007+0000] {logging_mixin.py:190} INFO - [2024-09-26T06:24:46.007+0000] {dag.py:4156} INFO - Setting next_dagrun for dag_with_taskflow_api_v02 to 2024-09-22 00:00:00+00:00, run_after=2024-09-23 00:00:00+00:00
[2024-09-26T06:24:46.028+0000] {processor.py:208} INFO - Processing /opt/airflow/dags/create_dag_with_taskflow.py took 0.192 seconds
[2024-09-26T06:25:16.271+0000] {processor.py:186} INFO - Started process (PID=162570) to work on /opt/airflow/dags/create_dag_with_taskflow.py
[2024-09-26T06:25:16.273+0000] {processor.py:914} INFO - Processing file /opt/airflow/dags/create_dag_with_taskflow.py for tasks to queue
[2024-09-26T06:25:16.276+0000] {logging_mixin.py:190} INFO - [2024-09-26T06:25:16.276+0000] {dagbag.py:587} INFO - Filling up the DagBag from /opt/airflow/dags/create_dag_with_taskflow.py
[2024-09-26T06:25:16.395+0000] {processor.py:925} INFO - DAG(s) 'dag_with_taskflow_api_v02' retrieved from /opt/airflow/dags/create_dag_with_taskflow.py
[2024-09-26T06:25:16.419+0000] {logging_mixin.py:190} INFO - [2024-09-26T06:25:16.419+0000] {dag.py:3229} INFO - Sync 1 DAGs
[2024-09-26T06:25:16.441+0000] {logging_mixin.py:190} INFO - [2024-09-26T06:25:16.441+0000] {dag.py:4156} INFO - Setting next_dagrun for dag_with_taskflow_api_v02 to 2024-09-22 00:00:00+00:00, run_after=2024-09-23 00:00:00+00:00
[2024-09-26T06:25:16.469+0000] {processor.py:208} INFO - Processing /opt/airflow/dags/create_dag_with_taskflow.py took 0.209 seconds
[2024-09-26T06:25:47.462+0000] {processor.py:186} INFO - Started process (PID=162613) to work on /opt/airflow/dags/create_dag_with_taskflow.py
[2024-09-26T06:25:47.464+0000] {processor.py:914} INFO - Processing file /opt/airflow/dags/create_dag_with_taskflow.py for tasks to queue
[2024-09-26T06:25:47.466+0000] {logging_mixin.py:190} INFO - [2024-09-26T06:25:47.466+0000] {dagbag.py:587} INFO - Filling up the DagBag from /opt/airflow/dags/create_dag_with_taskflow.py
[2024-09-26T06:25:47.569+0000] {processor.py:925} INFO - DAG(s) 'dag_with_taskflow_api_v02' retrieved from /opt/airflow/dags/create_dag_with_taskflow.py
[2024-09-26T06:25:47.606+0000] {logging_mixin.py:190} INFO - [2024-09-26T06:25:47.605+0000] {dag.py:3229} INFO - Sync 1 DAGs
[2024-09-26T06:25:47.628+0000] {logging_mixin.py:190} INFO - [2024-09-26T06:25:47.628+0000] {dag.py:4156} INFO - Setting next_dagrun for dag_with_taskflow_api_v02 to 2024-09-22 00:00:00+00:00, run_after=2024-09-23 00:00:00+00:00
[2024-09-26T06:25:47.654+0000] {processor.py:208} INFO - Processing /opt/airflow/dags/create_dag_with_taskflow.py took 0.201 seconds
[2024-09-26T06:26:18.070+0000] {processor.py:186} INFO - Started process (PID=162656) to work on /opt/airflow/dags/create_dag_with_taskflow.py
[2024-09-26T06:26:18.072+0000] {processor.py:914} INFO - Processing file /opt/airflow/dags/create_dag_with_taskflow.py for tasks to queue
[2024-09-26T06:26:18.075+0000] {logging_mixin.py:190} INFO - [2024-09-26T06:26:18.075+0000] {dagbag.py:587} INFO - Filling up the DagBag from /opt/airflow/dags/create_dag_with_taskflow.py
[2024-09-26T06:26:18.223+0000] {processor.py:925} INFO - DAG(s) 'dag_with_taskflow_api_v02' retrieved from /opt/airflow/dags/create_dag_with_taskflow.py
[2024-09-26T06:26:18.253+0000] {logging_mixin.py:190} INFO - [2024-09-26T06:26:18.253+0000] {dag.py:3229} INFO - Sync 1 DAGs
[2024-09-26T06:26:18.279+0000] {logging_mixin.py:190} INFO - [2024-09-26T06:26:18.279+0000] {dag.py:4156} INFO - Setting next_dagrun for dag_with_taskflow_api_v02 to 2024-09-22 00:00:00+00:00, run_after=2024-09-23 00:00:00+00:00
[2024-09-26T06:26:18.324+0000] {processor.py:208} INFO - Processing /opt/airflow/dags/create_dag_with_taskflow.py took 0.260 seconds
[2024-09-26T06:26:48.848+0000] {processor.py:186} INFO - Started process (PID=162699) to work on /opt/airflow/dags/create_dag_with_taskflow.py
[2024-09-26T06:26:48.850+0000] {processor.py:914} INFO - Processing file /opt/airflow/dags/create_dag_with_taskflow.py for tasks to queue
[2024-09-26T06:26:48.851+0000] {logging_mixin.py:190} INFO - [2024-09-26T06:26:48.851+0000] {dagbag.py:587} INFO - Filling up the DagBag from /opt/airflow/dags/create_dag_with_taskflow.py
[2024-09-26T06:26:48.930+0000] {processor.py:925} INFO - DAG(s) 'dag_with_taskflow_api_v02' retrieved from /opt/airflow/dags/create_dag_with_taskflow.py
[2024-09-26T06:26:48.959+0000] {logging_mixin.py:190} INFO - [2024-09-26T06:26:48.959+0000] {dag.py:3229} INFO - Sync 1 DAGs
[2024-09-26T06:26:48.983+0000] {logging_mixin.py:190} INFO - [2024-09-26T06:26:48.983+0000] {dag.py:4156} INFO - Setting next_dagrun for dag_with_taskflow_api_v02 to 2024-09-22 00:00:00+00:00, run_after=2024-09-23 00:00:00+00:00
[2024-09-26T06:26:49.011+0000] {processor.py:208} INFO - Processing /opt/airflow/dags/create_dag_with_taskflow.py took 0.168 seconds
[2024-09-26T06:27:19.503+0000] {processor.py:186} INFO - Started process (PID=162742) to work on /opt/airflow/dags/create_dag_with_taskflow.py
[2024-09-26T06:27:19.505+0000] {processor.py:914} INFO - Processing file /opt/airflow/dags/create_dag_with_taskflow.py for tasks to queue
[2024-09-26T06:27:19.508+0000] {logging_mixin.py:190} INFO - [2024-09-26T06:27:19.508+0000] {dagbag.py:587} INFO - Filling up the DagBag from /opt/airflow/dags/create_dag_with_taskflow.py
[2024-09-26T06:27:19.612+0000] {processor.py:925} INFO - DAG(s) 'dag_with_taskflow_api_v02' retrieved from /opt/airflow/dags/create_dag_with_taskflow.py
[2024-09-26T06:27:19.645+0000] {logging_mixin.py:190} INFO - [2024-09-26T06:27:19.644+0000] {dag.py:3229} INFO - Sync 1 DAGs
[2024-09-26T06:27:19.664+0000] {logging_mixin.py:190} INFO - [2024-09-26T06:27:19.664+0000] {dag.py:4156} INFO - Setting next_dagrun for dag_with_taskflow_api_v02 to 2024-09-22 00:00:00+00:00, run_after=2024-09-23 00:00:00+00:00
[2024-09-26T06:27:19.691+0000] {processor.py:208} INFO - Processing /opt/airflow/dags/create_dag_with_taskflow.py took 0.200 seconds
[2024-09-26T06:27:49.972+0000] {processor.py:186} INFO - Started process (PID=162785) to work on /opt/airflow/dags/create_dag_with_taskflow.py
[2024-09-26T06:27:49.974+0000] {processor.py:914} INFO - Processing file /opt/airflow/dags/create_dag_with_taskflow.py for tasks to queue
[2024-09-26T06:27:49.976+0000] {logging_mixin.py:190} INFO - [2024-09-26T06:27:49.976+0000] {dagbag.py:587} INFO - Filling up the DagBag from /opt/airflow/dags/create_dag_with_taskflow.py
[2024-09-26T06:27:50.057+0000] {processor.py:925} INFO - DAG(s) 'dag_with_taskflow_api_v02' retrieved from /opt/airflow/dags/create_dag_with_taskflow.py
[2024-09-26T06:27:50.083+0000] {logging_mixin.py:190} INFO - [2024-09-26T06:27:50.083+0000] {dag.py:3229} INFO - Sync 1 DAGs
[2024-09-26T06:27:50.107+0000] {logging_mixin.py:190} INFO - [2024-09-26T06:27:50.106+0000] {dag.py:4156} INFO - Setting next_dagrun for dag_with_taskflow_api_v02 to 2024-09-22 00:00:00+00:00, run_after=2024-09-23 00:00:00+00:00
[2024-09-26T06:27:50.134+0000] {processor.py:208} INFO - Processing /opt/airflow/dags/create_dag_with_taskflow.py took 0.169 seconds
[2024-09-26T06:28:20.564+0000] {processor.py:186} INFO - Started process (PID=162828) to work on /opt/airflow/dags/create_dag_with_taskflow.py
[2024-09-26T06:28:20.566+0000] {processor.py:914} INFO - Processing file /opt/airflow/dags/create_dag_with_taskflow.py for tasks to queue
[2024-09-26T06:28:20.568+0000] {logging_mixin.py:190} INFO - [2024-09-26T06:28:20.568+0000] {dagbag.py:587} INFO - Filling up the DagBag from /opt/airflow/dags/create_dag_with_taskflow.py
[2024-09-26T06:28:20.649+0000] {processor.py:925} INFO - DAG(s) 'dag_with_taskflow_api_v02' retrieved from /opt/airflow/dags/create_dag_with_taskflow.py
[2024-09-26T06:28:20.681+0000] {logging_mixin.py:190} INFO - [2024-09-26T06:28:20.680+0000] {dag.py:3229} INFO - Sync 1 DAGs
[2024-09-26T06:28:20.725+0000] {logging_mixin.py:190} INFO - [2024-09-26T06:28:20.724+0000] {dag.py:4156} INFO - Setting next_dagrun for dag_with_taskflow_api_v02 to 2024-09-22 00:00:00+00:00, run_after=2024-09-23 00:00:00+00:00
[2024-09-26T06:28:20.757+0000] {processor.py:208} INFO - Processing /opt/airflow/dags/create_dag_with_taskflow.py took 0.198 seconds
[2024-09-26T06:28:51.226+0000] {processor.py:186} INFO - Started process (PID=162871) to work on /opt/airflow/dags/create_dag_with_taskflow.py
[2024-09-26T06:28:51.227+0000] {processor.py:914} INFO - Processing file /opt/airflow/dags/create_dag_with_taskflow.py for tasks to queue
[2024-09-26T06:28:51.231+0000] {logging_mixin.py:190} INFO - [2024-09-26T06:28:51.230+0000] {dagbag.py:587} INFO - Filling up the DagBag from /opt/airflow/dags/create_dag_with_taskflow.py
[2024-09-26T06:28:51.308+0000] {processor.py:925} INFO - DAG(s) 'dag_with_taskflow_api_v02' retrieved from /opt/airflow/dags/create_dag_with_taskflow.py
[2024-09-26T06:28:51.341+0000] {logging_mixin.py:190} INFO - [2024-09-26T06:28:51.341+0000] {dag.py:3229} INFO - Sync 1 DAGs
[2024-09-26T06:28:51.369+0000] {logging_mixin.py:190} INFO - [2024-09-26T06:28:51.369+0000] {dag.py:4156} INFO - Setting next_dagrun for dag_with_taskflow_api_v02 to 2024-09-22 00:00:00+00:00, run_after=2024-09-23 00:00:00+00:00
[2024-09-26T06:28:51.399+0000] {processor.py:208} INFO - Processing /opt/airflow/dags/create_dag_with_taskflow.py took 0.180 seconds
[2024-09-26T06:29:21.986+0000] {processor.py:186} INFO - Started process (PID=162914) to work on /opt/airflow/dags/create_dag_with_taskflow.py
[2024-09-26T06:29:21.990+0000] {processor.py:914} INFO - Processing file /opt/airflow/dags/create_dag_with_taskflow.py for tasks to queue
[2024-09-26T06:29:21.992+0000] {logging_mixin.py:190} INFO - [2024-09-26T06:29:21.992+0000] {dagbag.py:587} INFO - Filling up the DagBag from /opt/airflow/dags/create_dag_with_taskflow.py
[2024-09-26T06:29:22.116+0000] {processor.py:925} INFO - DAG(s) 'dag_with_taskflow_api_v02' retrieved from /opt/airflow/dags/create_dag_with_taskflow.py
[2024-09-26T06:29:22.150+0000] {logging_mixin.py:190} INFO - [2024-09-26T06:29:22.150+0000] {dag.py:3229} INFO - Sync 1 DAGs
[2024-09-26T06:29:22.175+0000] {logging_mixin.py:190} INFO - [2024-09-26T06:29:22.175+0000] {dag.py:4156} INFO - Setting next_dagrun for dag_with_taskflow_api_v02 to 2024-09-22 00:00:00+00:00, run_after=2024-09-23 00:00:00+00:00
[2024-09-26T06:29:22.212+0000] {processor.py:208} INFO - Processing /opt/airflow/dags/create_dag_with_taskflow.py took 0.239 seconds
[2024-09-26T06:29:52.637+0000] {processor.py:186} INFO - Started process (PID=162957) to work on /opt/airflow/dags/create_dag_with_taskflow.py
[2024-09-26T06:29:52.639+0000] {processor.py:914} INFO - Processing file /opt/airflow/dags/create_dag_with_taskflow.py for tasks to queue
[2024-09-26T06:29:52.644+0000] {logging_mixin.py:190} INFO - [2024-09-26T06:29:52.643+0000] {dagbag.py:587} INFO - Filling up the DagBag from /opt/airflow/dags/create_dag_with_taskflow.py
[2024-09-26T06:29:52.752+0000] {processor.py:925} INFO - DAG(s) 'dag_with_taskflow_api_v02' retrieved from /opt/airflow/dags/create_dag_with_taskflow.py
[2024-09-26T06:29:52.790+0000] {logging_mixin.py:190} INFO - [2024-09-26T06:29:52.790+0000] {dag.py:3229} INFO - Sync 1 DAGs
[2024-09-26T06:29:52.814+0000] {logging_mixin.py:190} INFO - [2024-09-26T06:29:52.814+0000] {dag.py:4156} INFO - Setting next_dagrun for dag_with_taskflow_api_v02 to 2024-09-22 00:00:00+00:00, run_after=2024-09-23 00:00:00+00:00
[2024-09-26T06:29:52.842+0000] {processor.py:208} INFO - Processing /opt/airflow/dags/create_dag_with_taskflow.py took 0.211 seconds
[2024-09-26T06:30:23.260+0000] {processor.py:186} INFO - Started process (PID=163000) to work on /opt/airflow/dags/create_dag_with_taskflow.py
[2024-09-26T06:30:23.262+0000] {processor.py:914} INFO - Processing file /opt/airflow/dags/create_dag_with_taskflow.py for tasks to queue
[2024-09-26T06:30:23.265+0000] {logging_mixin.py:190} INFO - [2024-09-26T06:30:23.265+0000] {dagbag.py:587} INFO - Filling up the DagBag from /opt/airflow/dags/create_dag_with_taskflow.py
[2024-09-26T06:30:23.347+0000] {processor.py:925} INFO - DAG(s) 'dag_with_taskflow_api_v02' retrieved from /opt/airflow/dags/create_dag_with_taskflow.py
[2024-09-26T06:30:23.374+0000] {logging_mixin.py:190} INFO - [2024-09-26T06:30:23.374+0000] {dag.py:3229} INFO - Sync 1 DAGs
[2024-09-26T06:30:23.401+0000] {logging_mixin.py:190} INFO - [2024-09-26T06:30:23.401+0000] {dag.py:4156} INFO - Setting next_dagrun for dag_with_taskflow_api_v02 to 2024-09-22 00:00:00+00:00, run_after=2024-09-23 00:00:00+00:00
[2024-09-26T06:30:23.434+0000] {processor.py:208} INFO - Processing /opt/airflow/dags/create_dag_with_taskflow.py took 0.179 seconds
[2024-09-26T06:30:53.665+0000] {processor.py:186} INFO - Started process (PID=163043) to work on /opt/airflow/dags/create_dag_with_taskflow.py
[2024-09-26T06:30:53.667+0000] {processor.py:914} INFO - Processing file /opt/airflow/dags/create_dag_with_taskflow.py for tasks to queue
[2024-09-26T06:30:53.671+0000] {logging_mixin.py:190} INFO - [2024-09-26T06:30:53.670+0000] {dagbag.py:587} INFO - Filling up the DagBag from /opt/airflow/dags/create_dag_with_taskflow.py
[2024-09-26T06:30:53.795+0000] {processor.py:925} INFO - DAG(s) 'dag_with_taskflow_api_v02' retrieved from /opt/airflow/dags/create_dag_with_taskflow.py
[2024-09-26T06:30:53.880+0000] {logging_mixin.py:190} INFO - [2024-09-26T06:30:53.879+0000] {dag.py:3229} INFO - Sync 1 DAGs
[2024-09-26T06:30:53.929+0000] {logging_mixin.py:190} INFO - [2024-09-26T06:30:53.929+0000] {dag.py:4156} INFO - Setting next_dagrun for dag_with_taskflow_api_v02 to 2024-09-22 00:00:00+00:00, run_after=2024-09-23 00:00:00+00:00
[2024-09-26T06:30:53.970+0000] {processor.py:208} INFO - Processing /opt/airflow/dags/create_dag_with_taskflow.py took 0.320 seconds
[2024-09-26T06:31:24.221+0000] {processor.py:186} INFO - Started process (PID=163086) to work on /opt/airflow/dags/create_dag_with_taskflow.py
[2024-09-26T06:31:24.223+0000] {processor.py:914} INFO - Processing file /opt/airflow/dags/create_dag_with_taskflow.py for tasks to queue
[2024-09-26T06:31:24.225+0000] {logging_mixin.py:190} INFO - [2024-09-26T06:31:24.225+0000] {dagbag.py:587} INFO - Filling up the DagBag from /opt/airflow/dags/create_dag_with_taskflow.py
[2024-09-26T06:31:24.359+0000] {processor.py:925} INFO - DAG(s) 'dag_with_taskflow_api_v02' retrieved from /opt/airflow/dags/create_dag_with_taskflow.py
[2024-09-26T06:31:24.404+0000] {logging_mixin.py:190} INFO - [2024-09-26T06:31:24.403+0000] {dag.py:3229} INFO - Sync 1 DAGs
[2024-09-26T06:31:24.427+0000] {logging_mixin.py:190} INFO - [2024-09-26T06:31:24.427+0000] {dag.py:4156} INFO - Setting next_dagrun for dag_with_taskflow_api_v02 to 2024-09-22 00:00:00+00:00, run_after=2024-09-23 00:00:00+00:00
[2024-09-26T06:31:24.451+0000] {processor.py:208} INFO - Processing /opt/airflow/dags/create_dag_with_taskflow.py took 0.239 seconds
[2024-09-26T06:31:54.998+0000] {processor.py:186} INFO - Started process (PID=163129) to work on /opt/airflow/dags/create_dag_with_taskflow.py
[2024-09-26T06:31:55.000+0000] {processor.py:914} INFO - Processing file /opt/airflow/dags/create_dag_with_taskflow.py for tasks to queue
[2024-09-26T06:31:55.002+0000] {logging_mixin.py:190} INFO - [2024-09-26T06:31:55.002+0000] {dagbag.py:587} INFO - Filling up the DagBag from /opt/airflow/dags/create_dag_with_taskflow.py
[2024-09-26T06:31:55.111+0000] {processor.py:925} INFO - DAG(s) 'dag_with_taskflow_api_v02' retrieved from /opt/airflow/dags/create_dag_with_taskflow.py
[2024-09-26T06:31:55.136+0000] {logging_mixin.py:190} INFO - [2024-09-26T06:31:55.135+0000] {dag.py:3229} INFO - Sync 1 DAGs
[2024-09-26T06:31:55.158+0000] {logging_mixin.py:190} INFO - [2024-09-26T06:31:55.158+0000] {dag.py:4156} INFO - Setting next_dagrun for dag_with_taskflow_api_v02 to 2024-09-22 00:00:00+00:00, run_after=2024-09-23 00:00:00+00:00
[2024-09-26T06:31:55.193+0000] {processor.py:208} INFO - Processing /opt/airflow/dags/create_dag_with_taskflow.py took 0.201 seconds
[2024-09-26T06:32:25.633+0000] {processor.py:186} INFO - Started process (PID=163172) to work on /opt/airflow/dags/create_dag_with_taskflow.py
[2024-09-26T06:32:25.635+0000] {processor.py:914} INFO - Processing file /opt/airflow/dags/create_dag_with_taskflow.py for tasks to queue
[2024-09-26T06:32:25.637+0000] {logging_mixin.py:190} INFO - [2024-09-26T06:32:25.637+0000] {dagbag.py:587} INFO - Filling up the DagBag from /opt/airflow/dags/create_dag_with_taskflow.py
[2024-09-26T06:32:25.757+0000] {processor.py:925} INFO - DAG(s) 'dag_with_taskflow_api_v02' retrieved from /opt/airflow/dags/create_dag_with_taskflow.py
[2024-09-26T06:32:25.781+0000] {logging_mixin.py:190} INFO - [2024-09-26T06:32:25.780+0000] {dag.py:3229} INFO - Sync 1 DAGs
[2024-09-26T06:32:25.801+0000] {logging_mixin.py:190} INFO - [2024-09-26T06:32:25.801+0000] {dag.py:4156} INFO - Setting next_dagrun for dag_with_taskflow_api_v02 to 2024-09-22 00:00:00+00:00, run_after=2024-09-23 00:00:00+00:00
[2024-09-26T06:32:25.832+0000] {processor.py:208} INFO - Processing /opt/airflow/dags/create_dag_with_taskflow.py took 0.205 seconds
[2024-09-26T06:32:56.415+0000] {processor.py:186} INFO - Started process (PID=163215) to work on /opt/airflow/dags/create_dag_with_taskflow.py
[2024-09-26T06:32:56.417+0000] {processor.py:914} INFO - Processing file /opt/airflow/dags/create_dag_with_taskflow.py for tasks to queue
[2024-09-26T06:32:56.419+0000] {logging_mixin.py:190} INFO - [2024-09-26T06:32:56.419+0000] {dagbag.py:587} INFO - Filling up the DagBag from /opt/airflow/dags/create_dag_with_taskflow.py
[2024-09-26T06:32:56.552+0000] {processor.py:925} INFO - DAG(s) 'dag_with_taskflow_api_v02' retrieved from /opt/airflow/dags/create_dag_with_taskflow.py
[2024-09-26T06:32:56.593+0000] {logging_mixin.py:190} INFO - [2024-09-26T06:32:56.593+0000] {dag.py:3229} INFO - Sync 1 DAGs
[2024-09-26T06:32:56.617+0000] {logging_mixin.py:190} INFO - [2024-09-26T06:32:56.617+0000] {dag.py:4156} INFO - Setting next_dagrun for dag_with_taskflow_api_v02 to 2024-09-22 00:00:00+00:00, run_after=2024-09-23 00:00:00+00:00
[2024-09-26T06:32:56.648+0000] {processor.py:208} INFO - Processing /opt/airflow/dags/create_dag_with_taskflow.py took 0.241 seconds
[2024-09-26T06:33:27.171+0000] {processor.py:186} INFO - Started process (PID=163258) to work on /opt/airflow/dags/create_dag_with_taskflow.py
[2024-09-26T06:33:27.173+0000] {processor.py:914} INFO - Processing file /opt/airflow/dags/create_dag_with_taskflow.py for tasks to queue
[2024-09-26T06:33:27.175+0000] {logging_mixin.py:190} INFO - [2024-09-26T06:33:27.175+0000] {dagbag.py:587} INFO - Filling up the DagBag from /opt/airflow/dags/create_dag_with_taskflow.py
[2024-09-26T06:33:27.252+0000] {processor.py:925} INFO - DAG(s) 'dag_with_taskflow_api_v02' retrieved from /opt/airflow/dags/create_dag_with_taskflow.py
[2024-09-26T06:33:27.281+0000] {logging_mixin.py:190} INFO - [2024-09-26T06:33:27.280+0000] {dag.py:3229} INFO - Sync 1 DAGs
[2024-09-26T06:33:27.308+0000] {logging_mixin.py:190} INFO - [2024-09-26T06:33:27.308+0000] {dag.py:4156} INFO - Setting next_dagrun for dag_with_taskflow_api_v02 to 2024-09-22 00:00:00+00:00, run_after=2024-09-23 00:00:00+00:00
[2024-09-26T06:33:27.335+0000] {processor.py:208} INFO - Processing /opt/airflow/dags/create_dag_with_taskflow.py took 0.174 seconds
[2024-09-26T06:33:57.753+0000] {processor.py:186} INFO - Started process (PID=163301) to work on /opt/airflow/dags/create_dag_with_taskflow.py
[2024-09-26T06:33:57.755+0000] {processor.py:914} INFO - Processing file /opt/airflow/dags/create_dag_with_taskflow.py for tasks to queue
[2024-09-26T06:33:57.758+0000] {logging_mixin.py:190} INFO - [2024-09-26T06:33:57.757+0000] {dagbag.py:587} INFO - Filling up the DagBag from /opt/airflow/dags/create_dag_with_taskflow.py
[2024-09-26T06:33:57.872+0000] {processor.py:925} INFO - DAG(s) 'dag_with_taskflow_api_v02' retrieved from /opt/airflow/dags/create_dag_with_taskflow.py
[2024-09-26T06:33:57.895+0000] {logging_mixin.py:190} INFO - [2024-09-26T06:33:57.895+0000] {dag.py:3229} INFO - Sync 1 DAGs
[2024-09-26T06:33:57.915+0000] {logging_mixin.py:190} INFO - [2024-09-26T06:33:57.914+0000] {dag.py:4156} INFO - Setting next_dagrun for dag_with_taskflow_api_v02 to 2024-09-22 00:00:00+00:00, run_after=2024-09-23 00:00:00+00:00
[2024-09-26T06:33:57.949+0000] {processor.py:208} INFO - Processing /opt/airflow/dags/create_dag_with_taskflow.py took 0.206 seconds
[2024-09-26T06:34:28.625+0000] {processor.py:186} INFO - Started process (PID=163344) to work on /opt/airflow/dags/create_dag_with_taskflow.py
[2024-09-26T06:34:28.628+0000] {processor.py:914} INFO - Processing file /opt/airflow/dags/create_dag_with_taskflow.py for tasks to queue
[2024-09-26T06:34:28.632+0000] {logging_mixin.py:190} INFO - [2024-09-26T06:34:28.631+0000] {dagbag.py:587} INFO - Filling up the DagBag from /opt/airflow/dags/create_dag_with_taskflow.py
[2024-09-26T06:34:28.747+0000] {processor.py:925} INFO - DAG(s) 'dag_with_taskflow_api_v02' retrieved from /opt/airflow/dags/create_dag_with_taskflow.py
[2024-09-26T06:34:28.775+0000] {logging_mixin.py:190} INFO - [2024-09-26T06:34:28.775+0000] {dag.py:3229} INFO - Sync 1 DAGs
[2024-09-26T06:34:28.795+0000] {logging_mixin.py:190} INFO - [2024-09-26T06:34:28.795+0000] {dag.py:4156} INFO - Setting next_dagrun for dag_with_taskflow_api_v02 to 2024-09-22 00:00:00+00:00, run_after=2024-09-23 00:00:00+00:00
[2024-09-26T06:34:28.822+0000] {processor.py:208} INFO - Processing /opt/airflow/dags/create_dag_with_taskflow.py took 0.210 seconds
[2024-09-26T06:34:59.089+0000] {processor.py:186} INFO - Started process (PID=163387) to work on /opt/airflow/dags/create_dag_with_taskflow.py
[2024-09-26T06:34:59.091+0000] {processor.py:914} INFO - Processing file /opt/airflow/dags/create_dag_with_taskflow.py for tasks to queue
[2024-09-26T06:34:59.092+0000] {logging_mixin.py:190} INFO - [2024-09-26T06:34:59.092+0000] {dagbag.py:587} INFO - Filling up the DagBag from /opt/airflow/dags/create_dag_with_taskflow.py
[2024-09-26T06:34:59.153+0000] {processor.py:925} INFO - DAG(s) 'dag_with_taskflow_api_v02' retrieved from /opt/airflow/dags/create_dag_with_taskflow.py
[2024-09-26T06:34:59.178+0000] {logging_mixin.py:190} INFO - [2024-09-26T06:34:59.178+0000] {dag.py:3229} INFO - Sync 1 DAGs
[2024-09-26T06:34:59.198+0000] {logging_mixin.py:190} INFO - [2024-09-26T06:34:59.198+0000] {dag.py:4156} INFO - Setting next_dagrun for dag_with_taskflow_api_v02 to 2024-09-22 00:00:00+00:00, run_after=2024-09-23 00:00:00+00:00
[2024-09-26T06:34:59.222+0000] {processor.py:208} INFO - Processing /opt/airflow/dags/create_dag_with_taskflow.py took 0.139 seconds
[2024-09-26T06:35:29.807+0000] {processor.py:186} INFO - Started process (PID=163430) to work on /opt/airflow/dags/create_dag_with_taskflow.py
[2024-09-26T06:35:29.808+0000] {processor.py:914} INFO - Processing file /opt/airflow/dags/create_dag_with_taskflow.py for tasks to queue
[2024-09-26T06:35:29.811+0000] {logging_mixin.py:190} INFO - [2024-09-26T06:35:29.810+0000] {dagbag.py:587} INFO - Filling up the DagBag from /opt/airflow/dags/create_dag_with_taskflow.py
[2024-09-26T06:35:29.908+0000] {processor.py:925} INFO - DAG(s) 'dag_with_taskflow_api_v02' retrieved from /opt/airflow/dags/create_dag_with_taskflow.py
[2024-09-26T06:35:29.942+0000] {logging_mixin.py:190} INFO - [2024-09-26T06:35:29.941+0000] {dag.py:3229} INFO - Sync 1 DAGs
[2024-09-26T06:35:29.970+0000] {logging_mixin.py:190} INFO - [2024-09-26T06:35:29.970+0000] {dag.py:4156} INFO - Setting next_dagrun for dag_with_taskflow_api_v02 to 2024-09-22 00:00:00+00:00, run_after=2024-09-23 00:00:00+00:00
[2024-09-26T06:35:30.001+0000] {processor.py:208} INFO - Processing /opt/airflow/dags/create_dag_with_taskflow.py took 0.200 seconds
[2024-09-26T06:36:00.383+0000] {processor.py:186} INFO - Started process (PID=163473) to work on /opt/airflow/dags/create_dag_with_taskflow.py
[2024-09-26T06:36:00.385+0000] {processor.py:914} INFO - Processing file /opt/airflow/dags/create_dag_with_taskflow.py for tasks to queue
[2024-09-26T06:36:00.387+0000] {logging_mixin.py:190} INFO - [2024-09-26T06:36:00.387+0000] {dagbag.py:587} INFO - Filling up the DagBag from /opt/airflow/dags/create_dag_with_taskflow.py
[2024-09-26T06:36:00.506+0000] {processor.py:925} INFO - DAG(s) 'dag_with_taskflow_api_v02' retrieved from /opt/airflow/dags/create_dag_with_taskflow.py
[2024-09-26T06:36:00.533+0000] {logging_mixin.py:190} INFO - [2024-09-26T06:36:00.532+0000] {dag.py:3229} INFO - Sync 1 DAGs
[2024-09-26T06:36:00.558+0000] {logging_mixin.py:190} INFO - [2024-09-26T06:36:00.558+0000] {dag.py:4156} INFO - Setting next_dagrun for dag_with_taskflow_api_v02 to 2024-09-22 00:00:00+00:00, run_after=2024-09-23 00:00:00+00:00
[2024-09-26T06:36:00.592+0000] {processor.py:208} INFO - Processing /opt/airflow/dags/create_dag_with_taskflow.py took 0.220 seconds
[2024-09-26T06:36:30.856+0000] {processor.py:186} INFO - Started process (PID=163516) to work on /opt/airflow/dags/create_dag_with_taskflow.py
[2024-09-26T06:36:30.857+0000] {processor.py:914} INFO - Processing file /opt/airflow/dags/create_dag_with_taskflow.py for tasks to queue
[2024-09-26T06:36:30.859+0000] {logging_mixin.py:190} INFO - [2024-09-26T06:36:30.858+0000] {dagbag.py:587} INFO - Filling up the DagBag from /opt/airflow/dags/create_dag_with_taskflow.py
[2024-09-26T06:36:30.942+0000] {processor.py:925} INFO - DAG(s) 'dag_with_taskflow_api_v02' retrieved from /opt/airflow/dags/create_dag_with_taskflow.py
[2024-09-26T06:36:30.976+0000] {logging_mixin.py:190} INFO - [2024-09-26T06:36:30.976+0000] {dag.py:3229} INFO - Sync 1 DAGs
[2024-09-26T06:36:30.998+0000] {logging_mixin.py:190} INFO - [2024-09-26T06:36:30.997+0000] {dag.py:4156} INFO - Setting next_dagrun for dag_with_taskflow_api_v02 to 2024-09-22 00:00:00+00:00, run_after=2024-09-23 00:00:00+00:00
[2024-09-26T06:36:31.024+0000] {processor.py:208} INFO - Processing /opt/airflow/dags/create_dag_with_taskflow.py took 0.174 seconds
[2024-09-26T06:37:01.593+0000] {processor.py:186} INFO - Started process (PID=163559) to work on /opt/airflow/dags/create_dag_with_taskflow.py
[2024-09-26T06:37:01.595+0000] {processor.py:914} INFO - Processing file /opt/airflow/dags/create_dag_with_taskflow.py for tasks to queue
[2024-09-26T06:37:01.598+0000] {logging_mixin.py:190} INFO - [2024-09-26T06:37:01.597+0000] {dagbag.py:587} INFO - Filling up the DagBag from /opt/airflow/dags/create_dag_with_taskflow.py
[2024-09-26T06:37:01.699+0000] {processor.py:925} INFO - DAG(s) 'dag_with_taskflow_api_v02' retrieved from /opt/airflow/dags/create_dag_with_taskflow.py
[2024-09-26T06:37:01.726+0000] {logging_mixin.py:190} INFO - [2024-09-26T06:37:01.726+0000] {dag.py:3229} INFO - Sync 1 DAGs
[2024-09-26T06:37:01.747+0000] {logging_mixin.py:190} INFO - [2024-09-26T06:37:01.747+0000] {dag.py:4156} INFO - Setting next_dagrun for dag_with_taskflow_api_v02 to 2024-09-22 00:00:00+00:00, run_after=2024-09-23 00:00:00+00:00
[2024-09-26T06:37:01.769+0000] {processor.py:208} INFO - Processing /opt/airflow/dags/create_dag_with_taskflow.py took 0.183 seconds
[2024-09-26T06:37:32.383+0000] {processor.py:186} INFO - Started process (PID=163602) to work on /opt/airflow/dags/create_dag_with_taskflow.py
[2024-09-26T06:37:32.384+0000] {processor.py:914} INFO - Processing file /opt/airflow/dags/create_dag_with_taskflow.py for tasks to queue
[2024-09-26T06:37:32.386+0000] {logging_mixin.py:190} INFO - [2024-09-26T06:37:32.386+0000] {dagbag.py:587} INFO - Filling up the DagBag from /opt/airflow/dags/create_dag_with_taskflow.py
[2024-09-26T06:37:32.483+0000] {processor.py:925} INFO - DAG(s) 'dag_with_taskflow_api_v02' retrieved from /opt/airflow/dags/create_dag_with_taskflow.py
[2024-09-26T06:37:32.511+0000] {logging_mixin.py:190} INFO - [2024-09-26T06:37:32.510+0000] {dag.py:3229} INFO - Sync 1 DAGs
[2024-09-26T06:37:32.531+0000] {logging_mixin.py:190} INFO - [2024-09-26T06:37:32.531+0000] {dag.py:4156} INFO - Setting next_dagrun for dag_with_taskflow_api_v02 to 2024-09-22 00:00:00+00:00, run_after=2024-09-23 00:00:00+00:00
[2024-09-26T06:37:32.560+0000] {processor.py:208} INFO - Processing /opt/airflow/dags/create_dag_with_taskflow.py took 0.184 seconds
[2024-09-26T06:38:02.859+0000] {processor.py:186} INFO - Started process (PID=163645) to work on /opt/airflow/dags/create_dag_with_taskflow.py
[2024-09-26T06:38:02.860+0000] {processor.py:914} INFO - Processing file /opt/airflow/dags/create_dag_with_taskflow.py for tasks to queue
[2024-09-26T06:38:02.862+0000] {logging_mixin.py:190} INFO - [2024-09-26T06:38:02.862+0000] {dagbag.py:587} INFO - Filling up the DagBag from /opt/airflow/dags/create_dag_with_taskflow.py
[2024-09-26T06:38:02.934+0000] {processor.py:925} INFO - DAG(s) 'dag_with_taskflow_api_v02' retrieved from /opt/airflow/dags/create_dag_with_taskflow.py
[2024-09-26T06:38:02.966+0000] {logging_mixin.py:190} INFO - [2024-09-26T06:38:02.965+0000] {dag.py:3229} INFO - Sync 1 DAGs
[2024-09-26T06:38:02.993+0000] {logging_mixin.py:190} INFO - [2024-09-26T06:38:02.993+0000] {dag.py:4156} INFO - Setting next_dagrun for dag_with_taskflow_api_v02 to 2024-09-22 00:00:00+00:00, run_after=2024-09-23 00:00:00+00:00
[2024-09-26T06:38:03.029+0000] {processor.py:208} INFO - Processing /opt/airflow/dags/create_dag_with_taskflow.py took 0.176 seconds
[2024-09-26T06:38:33.434+0000] {processor.py:186} INFO - Started process (PID=163688) to work on /opt/airflow/dags/create_dag_with_taskflow.py
[2024-09-26T06:38:33.435+0000] {processor.py:914} INFO - Processing file /opt/airflow/dags/create_dag_with_taskflow.py for tasks to queue
[2024-09-26T06:38:33.437+0000] {logging_mixin.py:190} INFO - [2024-09-26T06:38:33.437+0000] {dagbag.py:587} INFO - Filling up the DagBag from /opt/airflow/dags/create_dag_with_taskflow.py
[2024-09-26T06:38:33.519+0000] {processor.py:925} INFO - DAG(s) 'dag_with_taskflow_api_v02' retrieved from /opt/airflow/dags/create_dag_with_taskflow.py
[2024-09-26T06:38:33.551+0000] {logging_mixin.py:190} INFO - [2024-09-26T06:38:33.551+0000] {dag.py:3229} INFO - Sync 1 DAGs
[2024-09-26T06:38:33.580+0000] {logging_mixin.py:190} INFO - [2024-09-26T06:38:33.580+0000] {dag.py:4156} INFO - Setting next_dagrun for dag_with_taskflow_api_v02 to 2024-09-22 00:00:00+00:00, run_after=2024-09-23 00:00:00+00:00
[2024-09-26T06:38:33.608+0000] {processor.py:208} INFO - Processing /opt/airflow/dags/create_dag_with_taskflow.py took 0.180 seconds
[2024-09-26T06:39:04.272+0000] {processor.py:186} INFO - Started process (PID=163731) to work on /opt/airflow/dags/create_dag_with_taskflow.py
[2024-09-26T06:39:04.274+0000] {processor.py:914} INFO - Processing file /opt/airflow/dags/create_dag_with_taskflow.py for tasks to queue
[2024-09-26T06:39:04.277+0000] {logging_mixin.py:190} INFO - [2024-09-26T06:39:04.276+0000] {dagbag.py:587} INFO - Filling up the DagBag from /opt/airflow/dags/create_dag_with_taskflow.py
[2024-09-26T06:39:04.352+0000] {processor.py:925} INFO - DAG(s) 'dag_with_taskflow_api_v02' retrieved from /opt/airflow/dags/create_dag_with_taskflow.py
[2024-09-26T06:39:04.383+0000] {logging_mixin.py:190} INFO - [2024-09-26T06:39:04.383+0000] {dag.py:3229} INFO - Sync 1 DAGs
[2024-09-26T06:39:04.410+0000] {logging_mixin.py:190} INFO - [2024-09-26T06:39:04.410+0000] {dag.py:4156} INFO - Setting next_dagrun for dag_with_taskflow_api_v02 to 2024-09-22 00:00:00+00:00, run_after=2024-09-23 00:00:00+00:00
[2024-09-26T06:39:04.450+0000] {processor.py:208} INFO - Processing /opt/airflow/dags/create_dag_with_taskflow.py took 0.187 seconds
[2024-09-26T06:39:34.973+0000] {processor.py:186} INFO - Started process (PID=163774) to work on /opt/airflow/dags/create_dag_with_taskflow.py
[2024-09-26T06:39:34.974+0000] {processor.py:914} INFO - Processing file /opt/airflow/dags/create_dag_with_taskflow.py for tasks to queue
[2024-09-26T06:39:34.977+0000] {logging_mixin.py:190} INFO - [2024-09-26T06:39:34.976+0000] {dagbag.py:587} INFO - Filling up the DagBag from /opt/airflow/dags/create_dag_with_taskflow.py
[2024-09-26T06:39:35.060+0000] {processor.py:925} INFO - DAG(s) 'dag_with_taskflow_api_v02' retrieved from /opt/airflow/dags/create_dag_with_taskflow.py
[2024-09-26T06:39:35.082+0000] {logging_mixin.py:190} INFO - [2024-09-26T06:39:35.082+0000] {dag.py:3229} INFO - Sync 1 DAGs
[2024-09-26T06:39:35.104+0000] {logging_mixin.py:190} INFO - [2024-09-26T06:39:35.104+0000] {dag.py:4156} INFO - Setting next_dagrun for dag_with_taskflow_api_v02 to 2024-09-22 00:00:00+00:00, run_after=2024-09-23 00:00:00+00:00
[2024-09-26T06:39:35.140+0000] {processor.py:208} INFO - Processing /opt/airflow/dags/create_dag_with_taskflow.py took 0.173 seconds
[2024-09-26T06:40:05.466+0000] {processor.py:186} INFO - Started process (PID=163817) to work on /opt/airflow/dags/create_dag_with_taskflow.py
[2024-09-26T06:40:05.468+0000] {processor.py:914} INFO - Processing file /opt/airflow/dags/create_dag_with_taskflow.py for tasks to queue
[2024-09-26T06:40:05.472+0000] {logging_mixin.py:190} INFO - [2024-09-26T06:40:05.471+0000] {dagbag.py:587} INFO - Filling up the DagBag from /opt/airflow/dags/create_dag_with_taskflow.py
[2024-09-26T06:40:05.611+0000] {processor.py:925} INFO - DAG(s) 'dag_with_taskflow_api_v02' retrieved from /opt/airflow/dags/create_dag_with_taskflow.py
[2024-09-26T06:40:05.672+0000] {logging_mixin.py:190} INFO - [2024-09-26T06:40:05.672+0000] {dag.py:3229} INFO - Sync 1 DAGs
[2024-09-26T06:40:05.698+0000] {logging_mixin.py:190} INFO - [2024-09-26T06:40:05.697+0000] {dag.py:4156} INFO - Setting next_dagrun for dag_with_taskflow_api_v02 to 2024-09-22 00:00:00+00:00, run_after=2024-09-23 00:00:00+00:00
[2024-09-26T06:40:05.735+0000] {processor.py:208} INFO - Processing /opt/airflow/dags/create_dag_with_taskflow.py took 0.278 seconds
[2024-09-26T06:40:35.939+0000] {processor.py:186} INFO - Started process (PID=163860) to work on /opt/airflow/dags/create_dag_with_taskflow.py
[2024-09-26T06:40:35.941+0000] {processor.py:914} INFO - Processing file /opt/airflow/dags/create_dag_with_taskflow.py for tasks to queue
[2024-09-26T06:40:35.945+0000] {logging_mixin.py:190} INFO - [2024-09-26T06:40:35.944+0000] {dagbag.py:587} INFO - Filling up the DagBag from /opt/airflow/dags/create_dag_with_taskflow.py
[2024-09-26T06:40:36.057+0000] {processor.py:925} INFO - DAG(s) 'dag_with_taskflow_api_v02' retrieved from /opt/airflow/dags/create_dag_with_taskflow.py
[2024-09-26T06:40:36.102+0000] {logging_mixin.py:190} INFO - [2024-09-26T06:40:36.102+0000] {dag.py:3229} INFO - Sync 1 DAGs
[2024-09-26T06:40:36.137+0000] {logging_mixin.py:190} INFO - [2024-09-26T06:40:36.137+0000] {dag.py:4156} INFO - Setting next_dagrun for dag_with_taskflow_api_v02 to 2024-09-22 00:00:00+00:00, run_after=2024-09-23 00:00:00+00:00
[2024-09-26T06:40:36.175+0000] {processor.py:208} INFO - Processing /opt/airflow/dags/create_dag_with_taskflow.py took 0.246 seconds
[2024-09-26T06:41:07.154+0000] {processor.py:186} INFO - Started process (PID=163903) to work on /opt/airflow/dags/create_dag_with_taskflow.py
[2024-09-26T06:41:07.156+0000] {processor.py:914} INFO - Processing file /opt/airflow/dags/create_dag_with_taskflow.py for tasks to queue
[2024-09-26T06:41:07.159+0000] {logging_mixin.py:190} INFO - [2024-09-26T06:41:07.159+0000] {dagbag.py:587} INFO - Filling up the DagBag from /opt/airflow/dags/create_dag_with_taskflow.py
[2024-09-26T06:41:07.228+0000] {processor.py:925} INFO - DAG(s) 'dag_with_taskflow_api_v02' retrieved from /opt/airflow/dags/create_dag_with_taskflow.py
[2024-09-26T06:41:07.258+0000] {logging_mixin.py:190} INFO - [2024-09-26T06:41:07.258+0000] {dag.py:3229} INFO - Sync 1 DAGs
[2024-09-26T06:41:07.290+0000] {logging_mixin.py:190} INFO - [2024-09-26T06:41:07.290+0000] {dag.py:4156} INFO - Setting next_dagrun for dag_with_taskflow_api_v02 to 2024-09-22 00:00:00+00:00, run_after=2024-09-23 00:00:00+00:00
[2024-09-26T06:41:07.331+0000] {processor.py:208} INFO - Processing /opt/airflow/dags/create_dag_with_taskflow.py took 0.183 seconds
[2024-09-26T06:41:38.054+0000] {processor.py:186} INFO - Started process (PID=163946) to work on /opt/airflow/dags/create_dag_with_taskflow.py
[2024-09-26T06:41:38.055+0000] {processor.py:914} INFO - Processing file /opt/airflow/dags/create_dag_with_taskflow.py for tasks to queue
[2024-09-26T06:41:38.057+0000] {logging_mixin.py:190} INFO - [2024-09-26T06:41:38.057+0000] {dagbag.py:587} INFO - Filling up the DagBag from /opt/airflow/dags/create_dag_with_taskflow.py
[2024-09-26T06:41:38.199+0000] {processor.py:925} INFO - DAG(s) 'dag_with_taskflow_api_v02' retrieved from /opt/airflow/dags/create_dag_with_taskflow.py
[2024-09-26T06:41:38.228+0000] {logging_mixin.py:190} INFO - [2024-09-26T06:41:38.228+0000] {dag.py:3229} INFO - Sync 1 DAGs
[2024-09-26T06:41:38.253+0000] {logging_mixin.py:190} INFO - [2024-09-26T06:41:38.253+0000] {dag.py:4156} INFO - Setting next_dagrun for dag_with_taskflow_api_v02 to 2024-09-22 00:00:00+00:00, run_after=2024-09-23 00:00:00+00:00
[2024-09-26T06:41:38.281+0000] {processor.py:208} INFO - Processing /opt/airflow/dags/create_dag_with_taskflow.py took 0.233 seconds
[2024-09-26T06:42:08.541+0000] {processor.py:186} INFO - Started process (PID=163989) to work on /opt/airflow/dags/create_dag_with_taskflow.py
[2024-09-26T06:42:08.542+0000] {processor.py:914} INFO - Processing file /opt/airflow/dags/create_dag_with_taskflow.py for tasks to queue
[2024-09-26T06:42:08.544+0000] {logging_mixin.py:190} INFO - [2024-09-26T06:42:08.544+0000] {dagbag.py:587} INFO - Filling up the DagBag from /opt/airflow/dags/create_dag_with_taskflow.py
[2024-09-26T06:42:08.649+0000] {processor.py:925} INFO - DAG(s) 'dag_with_taskflow_api_v02' retrieved from /opt/airflow/dags/create_dag_with_taskflow.py
[2024-09-26T06:42:08.687+0000] {logging_mixin.py:190} INFO - [2024-09-26T06:42:08.687+0000] {dag.py:3229} INFO - Sync 1 DAGs
[2024-09-26T06:42:08.710+0000] {logging_mixin.py:190} INFO - [2024-09-26T06:42:08.710+0000] {dag.py:4156} INFO - Setting next_dagrun for dag_with_taskflow_api_v02 to 2024-09-22 00:00:00+00:00, run_after=2024-09-23 00:00:00+00:00
[2024-09-26T06:42:08.737+0000] {processor.py:208} INFO - Processing /opt/airflow/dags/create_dag_with_taskflow.py took 0.203 seconds
[2024-09-26T06:42:39.042+0000] {processor.py:186} INFO - Started process (PID=164032) to work on /opt/airflow/dags/create_dag_with_taskflow.py
[2024-09-26T06:42:39.050+0000] {processor.py:914} INFO - Processing file /opt/airflow/dags/create_dag_with_taskflow.py for tasks to queue
[2024-09-26T06:42:39.052+0000] {logging_mixin.py:190} INFO - [2024-09-26T06:42:39.052+0000] {dagbag.py:587} INFO - Filling up the DagBag from /opt/airflow/dags/create_dag_with_taskflow.py
[2024-09-26T06:42:39.133+0000] {processor.py:925} INFO - DAG(s) 'dag_with_taskflow_api_v02' retrieved from /opt/airflow/dags/create_dag_with_taskflow.py
[2024-09-26T06:42:39.160+0000] {logging_mixin.py:190} INFO - [2024-09-26T06:42:39.160+0000] {dag.py:3229} INFO - Sync 1 DAGs
[2024-09-26T06:42:39.182+0000] {logging_mixin.py:190} INFO - [2024-09-26T06:42:39.182+0000] {dag.py:4156} INFO - Setting next_dagrun for dag_with_taskflow_api_v02 to 2024-09-22 00:00:00+00:00, run_after=2024-09-23 00:00:00+00:00
[2024-09-26T06:42:39.211+0000] {processor.py:208} INFO - Processing /opt/airflow/dags/create_dag_with_taskflow.py took 0.176 seconds
[2024-09-26T06:43:09.986+0000] {processor.py:186} INFO - Started process (PID=164075) to work on /opt/airflow/dags/create_dag_with_taskflow.py
[2024-09-26T06:43:09.989+0000] {processor.py:914} INFO - Processing file /opt/airflow/dags/create_dag_with_taskflow.py for tasks to queue
[2024-09-26T06:43:09.993+0000] {logging_mixin.py:190} INFO - [2024-09-26T06:43:09.991+0000] {dagbag.py:587} INFO - Filling up the DagBag from /opt/airflow/dags/create_dag_with_taskflow.py
[2024-09-26T06:43:10.138+0000] {processor.py:925} INFO - DAG(s) 'dag_with_taskflow_api_v02' retrieved from /opt/airflow/dags/create_dag_with_taskflow.py
[2024-09-26T06:43:10.205+0000] {logging_mixin.py:190} INFO - [2024-09-26T06:43:10.205+0000] {dag.py:3229} INFO - Sync 1 DAGs
[2024-09-26T06:43:10.269+0000] {logging_mixin.py:190} INFO - [2024-09-26T06:43:10.269+0000] {dag.py:4156} INFO - Setting next_dagrun for dag_with_taskflow_api_v02 to 2024-09-22 00:00:00+00:00, run_after=2024-09-23 00:00:00+00:00
[2024-09-26T06:43:10.312+0000] {processor.py:208} INFO - Processing /opt/airflow/dags/create_dag_with_taskflow.py took 0.338 seconds
[2024-09-26T06:43:40.602+0000] {processor.py:186} INFO - Started process (PID=164118) to work on /opt/airflow/dags/create_dag_with_taskflow.py
[2024-09-26T06:43:40.605+0000] {processor.py:914} INFO - Processing file /opt/airflow/dags/create_dag_with_taskflow.py for tasks to queue
[2024-09-26T06:43:40.608+0000] {logging_mixin.py:190} INFO - [2024-09-26T06:43:40.608+0000] {dagbag.py:587} INFO - Filling up the DagBag from /opt/airflow/dags/create_dag_with_taskflow.py
[2024-09-26T06:43:40.716+0000] {processor.py:925} INFO - DAG(s) 'dag_with_taskflow_api_v02' retrieved from /opt/airflow/dags/create_dag_with_taskflow.py
[2024-09-26T06:43:40.741+0000] {logging_mixin.py:190} INFO - [2024-09-26T06:43:40.741+0000] {dag.py:3229} INFO - Sync 1 DAGs
[2024-09-26T06:43:40.762+0000] {logging_mixin.py:190} INFO - [2024-09-26T06:43:40.762+0000] {dag.py:4156} INFO - Setting next_dagrun for dag_with_taskflow_api_v02 to 2024-09-22 00:00:00+00:00, run_after=2024-09-23 00:00:00+00:00
[2024-09-26T06:43:40.789+0000] {processor.py:208} INFO - Processing /opt/airflow/dags/create_dag_with_taskflow.py took 0.197 seconds
[2024-09-26T06:44:11.213+0000] {processor.py:186} INFO - Started process (PID=164161) to work on /opt/airflow/dags/create_dag_with_taskflow.py
[2024-09-26T06:44:11.218+0000] {processor.py:914} INFO - Processing file /opt/airflow/dags/create_dag_with_taskflow.py for tasks to queue
[2024-09-26T06:44:11.221+0000] {logging_mixin.py:190} INFO - [2024-09-26T06:44:11.221+0000] {dagbag.py:587} INFO - Filling up the DagBag from /opt/airflow/dags/create_dag_with_taskflow.py
[2024-09-26T06:44:11.338+0000] {processor.py:925} INFO - DAG(s) 'dag_with_taskflow_api_v02' retrieved from /opt/airflow/dags/create_dag_with_taskflow.py
[2024-09-26T06:44:11.369+0000] {logging_mixin.py:190} INFO - [2024-09-26T06:44:11.369+0000] {dag.py:3229} INFO - Sync 1 DAGs
[2024-09-26T06:44:11.393+0000] {logging_mixin.py:190} INFO - [2024-09-26T06:44:11.393+0000] {dag.py:4156} INFO - Setting next_dagrun for dag_with_taskflow_api_v02 to 2024-09-22 00:00:00+00:00, run_after=2024-09-23 00:00:00+00:00
[2024-09-26T06:44:11.420+0000] {processor.py:208} INFO - Processing /opt/airflow/dags/create_dag_with_taskflow.py took 0.217 seconds
[2024-09-26T06:44:42.133+0000] {processor.py:186} INFO - Started process (PID=164204) to work on /opt/airflow/dags/create_dag_with_taskflow.py
[2024-09-26T06:44:42.134+0000] {processor.py:914} INFO - Processing file /opt/airflow/dags/create_dag_with_taskflow.py for tasks to queue
[2024-09-26T06:44:42.136+0000] {logging_mixin.py:190} INFO - [2024-09-26T06:44:42.136+0000] {dagbag.py:587} INFO - Filling up the DagBag from /opt/airflow/dags/create_dag_with_taskflow.py
[2024-09-26T06:44:42.216+0000] {processor.py:925} INFO - DAG(s) 'dag_with_taskflow_api_v02' retrieved from /opt/airflow/dags/create_dag_with_taskflow.py
[2024-09-26T06:44:42.251+0000] {logging_mixin.py:190} INFO - [2024-09-26T06:44:42.251+0000] {dag.py:3229} INFO - Sync 1 DAGs
[2024-09-26T06:44:42.276+0000] {logging_mixin.py:190} INFO - [2024-09-26T06:44:42.276+0000] {dag.py:4156} INFO - Setting next_dagrun for dag_with_taskflow_api_v02 to 2024-09-22 00:00:00+00:00, run_after=2024-09-23 00:00:00+00:00
[2024-09-26T06:44:42.300+0000] {processor.py:208} INFO - Processing /opt/airflow/dags/create_dag_with_taskflow.py took 0.173 seconds
[2024-09-26T06:45:13.771+0000] {processor.py:186} INFO - Started process (PID=164247) to work on /opt/airflow/dags/create_dag_with_taskflow.py
[2024-09-26T06:45:13.773+0000] {processor.py:914} INFO - Processing file /opt/airflow/dags/create_dag_with_taskflow.py for tasks to queue
[2024-09-26T06:45:13.776+0000] {logging_mixin.py:190} INFO - [2024-09-26T06:45:13.776+0000] {dagbag.py:587} INFO - Filling up the DagBag from /opt/airflow/dags/create_dag_with_taskflow.py
[2024-09-26T06:45:13.891+0000] {processor.py:925} INFO - DAG(s) 'dag_with_taskflow_api_v02' retrieved from /opt/airflow/dags/create_dag_with_taskflow.py
[2024-09-26T06:45:13.926+0000] {logging_mixin.py:190} INFO - [2024-09-26T06:45:13.926+0000] {dag.py:3229} INFO - Sync 1 DAGs
[2024-09-26T06:45:13.950+0000] {logging_mixin.py:190} INFO - [2024-09-26T06:45:13.950+0000] {dag.py:4156} INFO - Setting next_dagrun for dag_with_taskflow_api_v02 to 2024-09-22 00:00:00+00:00, run_after=2024-09-23 00:00:00+00:00
[2024-09-26T06:45:13.987+0000] {processor.py:208} INFO - Processing /opt/airflow/dags/create_dag_with_taskflow.py took 0.227 seconds
[2024-09-26T06:45:44.403+0000] {processor.py:186} INFO - Started process (PID=164290) to work on /opt/airflow/dags/create_dag_with_taskflow.py
[2024-09-26T06:45:44.405+0000] {processor.py:914} INFO - Processing file /opt/airflow/dags/create_dag_with_taskflow.py for tasks to queue
[2024-09-26T06:45:44.407+0000] {logging_mixin.py:190} INFO - [2024-09-26T06:45:44.406+0000] {dagbag.py:587} INFO - Filling up the DagBag from /opt/airflow/dags/create_dag_with_taskflow.py
[2024-09-26T06:45:44.501+0000] {processor.py:925} INFO - DAG(s) 'dag_with_taskflow_api_v02' retrieved from /opt/airflow/dags/create_dag_with_taskflow.py
[2024-09-26T06:45:44.524+0000] {logging_mixin.py:190} INFO - [2024-09-26T06:45:44.524+0000] {dag.py:3229} INFO - Sync 1 DAGs
[2024-09-26T06:45:44.545+0000] {logging_mixin.py:190} INFO - [2024-09-26T06:45:44.545+0000] {dag.py:4156} INFO - Setting next_dagrun for dag_with_taskflow_api_v02 to 2024-09-22 00:00:00+00:00, run_after=2024-09-23 00:00:00+00:00
[2024-09-26T06:45:44.571+0000] {processor.py:208} INFO - Processing /opt/airflow/dags/create_dag_with_taskflow.py took 0.173 seconds
[2024-09-26T06:46:15.085+0000] {processor.py:186} INFO - Started process (PID=164333) to work on /opt/airflow/dags/create_dag_with_taskflow.py
[2024-09-26T06:46:15.087+0000] {processor.py:914} INFO - Processing file /opt/airflow/dags/create_dag_with_taskflow.py for tasks to queue
[2024-09-26T06:46:15.090+0000] {logging_mixin.py:190} INFO - [2024-09-26T06:46:15.089+0000] {dagbag.py:587} INFO - Filling up the DagBag from /opt/airflow/dags/create_dag_with_taskflow.py
[2024-09-26T06:46:15.198+0000] {processor.py:925} INFO - DAG(s) 'dag_with_taskflow_api_v02' retrieved from /opt/airflow/dags/create_dag_with_taskflow.py
[2024-09-26T06:46:15.223+0000] {logging_mixin.py:190} INFO - [2024-09-26T06:46:15.222+0000] {dag.py:3229} INFO - Sync 1 DAGs
[2024-09-26T06:46:15.242+0000] {logging_mixin.py:190} INFO - [2024-09-26T06:46:15.242+0000] {dag.py:4156} INFO - Setting next_dagrun for dag_with_taskflow_api_v02 to 2024-09-22 00:00:00+00:00, run_after=2024-09-23 00:00:00+00:00
[2024-09-26T06:46:15.278+0000] {processor.py:208} INFO - Processing /opt/airflow/dags/create_dag_with_taskflow.py took 0.203 seconds
[2024-09-26T06:46:45.781+0000] {processor.py:186} INFO - Started process (PID=164376) to work on /opt/airflow/dags/create_dag_with_taskflow.py
[2024-09-26T06:46:45.783+0000] {processor.py:914} INFO - Processing file /opt/airflow/dags/create_dag_with_taskflow.py for tasks to queue
[2024-09-26T06:46:45.786+0000] {logging_mixin.py:190} INFO - [2024-09-26T06:46:45.785+0000] {dagbag.py:587} INFO - Filling up the DagBag from /opt/airflow/dags/create_dag_with_taskflow.py
[2024-09-26T06:46:45.861+0000] {processor.py:925} INFO - DAG(s) 'dag_with_taskflow_api_v02' retrieved from /opt/airflow/dags/create_dag_with_taskflow.py
[2024-09-26T06:46:45.888+0000] {logging_mixin.py:190} INFO - [2024-09-26T06:46:45.888+0000] {dag.py:3229} INFO - Sync 1 DAGs
[2024-09-26T06:46:45.914+0000] {logging_mixin.py:190} INFO - [2024-09-26T06:46:45.913+0000] {dag.py:4156} INFO - Setting next_dagrun for dag_with_taskflow_api_v02 to 2024-09-22 00:00:00+00:00, run_after=2024-09-23 00:00:00+00:00
[2024-09-26T06:46:45.951+0000] {processor.py:208} INFO - Processing /opt/airflow/dags/create_dag_with_taskflow.py took 0.175 seconds
[2024-09-26T06:47:16.465+0000] {processor.py:186} INFO - Started process (PID=164419) to work on /opt/airflow/dags/create_dag_with_taskflow.py
[2024-09-26T06:47:16.467+0000] {processor.py:914} INFO - Processing file /opt/airflow/dags/create_dag_with_taskflow.py for tasks to queue
[2024-09-26T06:47:16.469+0000] {logging_mixin.py:190} INFO - [2024-09-26T06:47:16.469+0000] {dagbag.py:587} INFO - Filling up the DagBag from /opt/airflow/dags/create_dag_with_taskflow.py
[2024-09-26T06:47:16.576+0000] {processor.py:925} INFO - DAG(s) 'dag_with_taskflow_api_v02' retrieved from /opt/airflow/dags/create_dag_with_taskflow.py
[2024-09-26T06:47:16.603+0000] {logging_mixin.py:190} INFO - [2024-09-26T06:47:16.603+0000] {dag.py:3229} INFO - Sync 1 DAGs
[2024-09-26T06:47:16.628+0000] {logging_mixin.py:190} INFO - [2024-09-26T06:47:16.628+0000] {dag.py:4156} INFO - Setting next_dagrun for dag_with_taskflow_api_v02 to 2024-09-22 00:00:00+00:00, run_after=2024-09-23 00:00:00+00:00
[2024-09-26T06:47:16.660+0000] {processor.py:208} INFO - Processing /opt/airflow/dags/create_dag_with_taskflow.py took 0.206 seconds
[2024-09-26T06:47:47.200+0000] {processor.py:186} INFO - Started process (PID=164462) to work on /opt/airflow/dags/create_dag_with_taskflow.py
[2024-09-26T06:47:47.202+0000] {processor.py:914} INFO - Processing file /opt/airflow/dags/create_dag_with_taskflow.py for tasks to queue
[2024-09-26T06:47:47.204+0000] {logging_mixin.py:190} INFO - [2024-09-26T06:47:47.204+0000] {dagbag.py:587} INFO - Filling up the DagBag from /opt/airflow/dags/create_dag_with_taskflow.py
[2024-09-26T06:47:47.316+0000] {processor.py:925} INFO - DAG(s) 'dag_with_taskflow_api_v02' retrieved from /opt/airflow/dags/create_dag_with_taskflow.py
[2024-09-26T06:47:47.343+0000] {logging_mixin.py:190} INFO - [2024-09-26T06:47:47.343+0000] {dag.py:3229} INFO - Sync 1 DAGs
[2024-09-26T06:47:47.363+0000] {logging_mixin.py:190} INFO - [2024-09-26T06:47:47.363+0000] {dag.py:4156} INFO - Setting next_dagrun for dag_with_taskflow_api_v02 to 2024-09-22 00:00:00+00:00, run_after=2024-09-23 00:00:00+00:00
[2024-09-26T06:47:47.394+0000] {processor.py:208} INFO - Processing /opt/airflow/dags/create_dag_with_taskflow.py took 0.201 seconds
[2024-09-26T06:48:17.814+0000] {processor.py:186} INFO - Started process (PID=164505) to work on /opt/airflow/dags/create_dag_with_taskflow.py
[2024-09-26T06:48:17.816+0000] {processor.py:914} INFO - Processing file /opt/airflow/dags/create_dag_with_taskflow.py for tasks to queue
[2024-09-26T06:48:17.818+0000] {logging_mixin.py:190} INFO - [2024-09-26T06:48:17.818+0000] {dagbag.py:587} INFO - Filling up the DagBag from /opt/airflow/dags/create_dag_with_taskflow.py
[2024-09-26T06:48:17.937+0000] {processor.py:925} INFO - DAG(s) 'dag_with_taskflow_api_v02' retrieved from /opt/airflow/dags/create_dag_with_taskflow.py
[2024-09-26T06:48:17.961+0000] {logging_mixin.py:190} INFO - [2024-09-26T06:48:17.960+0000] {dag.py:3229} INFO - Sync 1 DAGs
[2024-09-26T06:48:17.982+0000] {logging_mixin.py:190} INFO - [2024-09-26T06:48:17.982+0000] {dag.py:4156} INFO - Setting next_dagrun for dag_with_taskflow_api_v02 to 2024-09-22 00:00:00+00:00, run_after=2024-09-23 00:00:00+00:00
[2024-09-26T06:48:18.004+0000] {processor.py:208} INFO - Processing /opt/airflow/dags/create_dag_with_taskflow.py took 0.195 seconds
[2024-09-26T06:48:48.916+0000] {processor.py:186} INFO - Started process (PID=164548) to work on /opt/airflow/dags/create_dag_with_taskflow.py
[2024-09-26T06:48:48.920+0000] {processor.py:914} INFO - Processing file /opt/airflow/dags/create_dag_with_taskflow.py for tasks to queue
[2024-09-26T06:48:48.924+0000] {logging_mixin.py:190} INFO - [2024-09-26T06:48:48.923+0000] {dagbag.py:587} INFO - Filling up the DagBag from /opt/airflow/dags/create_dag_with_taskflow.py
[2024-09-26T06:48:49.103+0000] {processor.py:925} INFO - DAG(s) 'dag_with_taskflow_api_v02' retrieved from /opt/airflow/dags/create_dag_with_taskflow.py
[2024-09-26T06:48:49.158+0000] {logging_mixin.py:190} INFO - [2024-09-26T06:48:49.157+0000] {dag.py:3229} INFO - Sync 1 DAGs
[2024-09-26T06:48:49.221+0000] {logging_mixin.py:190} INFO - [2024-09-26T06:48:49.220+0000] {dag.py:4156} INFO - Setting next_dagrun for dag_with_taskflow_api_v02 to 2024-09-22 00:00:00+00:00, run_after=2024-09-23 00:00:00+00:00
[2024-09-26T06:48:49.265+0000] {processor.py:208} INFO - Processing /opt/airflow/dags/create_dag_with_taskflow.py took 0.359 seconds
[2024-09-26T06:49:20.310+0000] {processor.py:186} INFO - Started process (PID=164591) to work on /opt/airflow/dags/create_dag_with_taskflow.py
[2024-09-26T06:49:20.314+0000] {processor.py:914} INFO - Processing file /opt/airflow/dags/create_dag_with_taskflow.py for tasks to queue
[2024-09-26T06:49:20.317+0000] {logging_mixin.py:190} INFO - [2024-09-26T06:49:20.316+0000] {dagbag.py:587} INFO - Filling up the DagBag from /opt/airflow/dags/create_dag_with_taskflow.py
[2024-09-26T06:49:20.391+0000] {processor.py:925} INFO - DAG(s) 'dag_with_taskflow_api_v02' retrieved from /opt/airflow/dags/create_dag_with_taskflow.py
[2024-09-26T06:49:20.426+0000] {logging_mixin.py:190} INFO - [2024-09-26T06:49:20.426+0000] {dag.py:3229} INFO - Sync 1 DAGs
[2024-09-26T06:49:20.491+0000] {logging_mixin.py:190} INFO - [2024-09-26T06:49:20.490+0000] {dag.py:4156} INFO - Setting next_dagrun for dag_with_taskflow_api_v02 to 2024-09-22 00:00:00+00:00, run_after=2024-09-23 00:00:00+00:00
[2024-09-26T06:49:20.575+0000] {processor.py:208} INFO - Processing /opt/airflow/dags/create_dag_with_taskflow.py took 0.273 seconds
[2024-09-26T06:49:50.977+0000] {processor.py:186} INFO - Started process (PID=164634) to work on /opt/airflow/dags/create_dag_with_taskflow.py
[2024-09-26T06:49:50.990+0000] {processor.py:914} INFO - Processing file /opt/airflow/dags/create_dag_with_taskflow.py for tasks to queue
[2024-09-26T06:49:50.997+0000] {logging_mixin.py:190} INFO - [2024-09-26T06:49:50.996+0000] {dagbag.py:587} INFO - Filling up the DagBag from /opt/airflow/dags/create_dag_with_taskflow.py
[2024-09-26T06:49:51.148+0000] {processor.py:925} INFO - DAG(s) 'dag_with_taskflow_api_v02' retrieved from /opt/airflow/dags/create_dag_with_taskflow.py
[2024-09-26T06:49:51.201+0000] {logging_mixin.py:190} INFO - [2024-09-26T06:49:51.201+0000] {dag.py:3229} INFO - Sync 1 DAGs
[2024-09-26T06:49:51.248+0000] {logging_mixin.py:190} INFO - [2024-09-26T06:49:51.248+0000] {dag.py:4156} INFO - Setting next_dagrun for dag_with_taskflow_api_v02 to 2024-09-22 00:00:00+00:00, run_after=2024-09-23 00:00:00+00:00
[2024-09-26T06:49:51.300+0000] {processor.py:208} INFO - Processing /opt/airflow/dags/create_dag_with_taskflow.py took 0.338 seconds
[2024-09-26T06:50:22.323+0000] {processor.py:186} INFO - Started process (PID=164677) to work on /opt/airflow/dags/create_dag_with_taskflow.py
[2024-09-26T06:50:22.325+0000] {processor.py:914} INFO - Processing file /opt/airflow/dags/create_dag_with_taskflow.py for tasks to queue
[2024-09-26T06:50:22.327+0000] {logging_mixin.py:190} INFO - [2024-09-26T06:50:22.326+0000] {dagbag.py:587} INFO - Filling up the DagBag from /opt/airflow/dags/create_dag_with_taskflow.py
[2024-09-26T06:50:22.424+0000] {processor.py:925} INFO - DAG(s) 'dag_with_taskflow_api_v02' retrieved from /opt/airflow/dags/create_dag_with_taskflow.py
[2024-09-26T06:50:22.447+0000] {logging_mixin.py:190} INFO - [2024-09-26T06:50:22.447+0000] {dag.py:3229} INFO - Sync 1 DAGs
[2024-09-26T06:50:22.468+0000] {logging_mixin.py:190} INFO - [2024-09-26T06:50:22.468+0000] {dag.py:4156} INFO - Setting next_dagrun for dag_with_taskflow_api_v02 to 2024-09-22 00:00:00+00:00, run_after=2024-09-23 00:00:00+00:00
[2024-09-26T06:50:22.497+0000] {processor.py:208} INFO - Processing /opt/airflow/dags/create_dag_with_taskflow.py took 0.183 seconds
[2024-09-26T06:50:53.532+0000] {processor.py:186} INFO - Started process (PID=164720) to work on /opt/airflow/dags/create_dag_with_taskflow.py
[2024-09-26T06:50:53.537+0000] {processor.py:914} INFO - Processing file /opt/airflow/dags/create_dag_with_taskflow.py for tasks to queue
[2024-09-26T06:50:53.541+0000] {logging_mixin.py:190} INFO - [2024-09-26T06:50:53.540+0000] {dagbag.py:587} INFO - Filling up the DagBag from /opt/airflow/dags/create_dag_with_taskflow.py
[2024-09-26T06:50:53.669+0000] {processor.py:925} INFO - DAG(s) 'dag_with_taskflow_api_v02' retrieved from /opt/airflow/dags/create_dag_with_taskflow.py
[2024-09-26T06:50:53.714+0000] {logging_mixin.py:190} INFO - [2024-09-26T06:50:53.714+0000] {dag.py:3229} INFO - Sync 1 DAGs
[2024-09-26T06:50:53.752+0000] {logging_mixin.py:190} INFO - [2024-09-26T06:50:53.751+0000] {dag.py:4156} INFO - Setting next_dagrun for dag_with_taskflow_api_v02 to 2024-09-22 00:00:00+00:00, run_after=2024-09-23 00:00:00+00:00
[2024-09-26T06:50:53.788+0000] {processor.py:208} INFO - Processing /opt/airflow/dags/create_dag_with_taskflow.py took 0.270 seconds
[2024-09-26T06:51:24.311+0000] {processor.py:186} INFO - Started process (PID=164763) to work on /opt/airflow/dags/create_dag_with_taskflow.py
[2024-09-26T06:51:24.313+0000] {processor.py:914} INFO - Processing file /opt/airflow/dags/create_dag_with_taskflow.py for tasks to queue
[2024-09-26T06:51:24.317+0000] {logging_mixin.py:190} INFO - [2024-09-26T06:51:24.316+0000] {dagbag.py:587} INFO - Filling up the DagBag from /opt/airflow/dags/create_dag_with_taskflow.py
[2024-09-26T06:51:24.450+0000] {processor.py:925} INFO - DAG(s) 'dag_with_taskflow_api_v02' retrieved from /opt/airflow/dags/create_dag_with_taskflow.py
[2024-09-26T06:51:24.492+0000] {logging_mixin.py:190} INFO - [2024-09-26T06:51:24.491+0000] {dag.py:3229} INFO - Sync 1 DAGs
[2024-09-26T06:51:24.532+0000] {logging_mixin.py:190} INFO - [2024-09-26T06:51:24.531+0000] {dag.py:4156} INFO - Setting next_dagrun for dag_with_taskflow_api_v02 to 2024-09-22 00:00:00+00:00, run_after=2024-09-23 00:00:00+00:00
[2024-09-26T06:51:24.569+0000] {processor.py:208} INFO - Processing /opt/airflow/dags/create_dag_with_taskflow.py took 0.276 seconds
[2024-09-26T06:51:54.918+0000] {processor.py:186} INFO - Started process (PID=164806) to work on /opt/airflow/dags/create_dag_with_taskflow.py
[2024-09-26T06:51:54.919+0000] {processor.py:914} INFO - Processing file /opt/airflow/dags/create_dag_with_taskflow.py for tasks to queue
[2024-09-26T06:51:54.922+0000] {logging_mixin.py:190} INFO - [2024-09-26T06:51:54.921+0000] {dagbag.py:587} INFO - Filling up the DagBag from /opt/airflow/dags/create_dag_with_taskflow.py
[2024-09-26T06:51:54.991+0000] {processor.py:925} INFO - DAG(s) 'dag_with_taskflow_api_v02' retrieved from /opt/airflow/dags/create_dag_with_taskflow.py
[2024-09-26T06:51:55.023+0000] {logging_mixin.py:190} INFO - [2024-09-26T06:51:55.023+0000] {dag.py:3229} INFO - Sync 1 DAGs
[2024-09-26T06:51:55.056+0000] {logging_mixin.py:190} INFO - [2024-09-26T06:51:55.056+0000] {dag.py:4156} INFO - Setting next_dagrun for dag_with_taskflow_api_v02 to 2024-09-22 00:00:00+00:00, run_after=2024-09-23 00:00:00+00:00
[2024-09-26T06:51:55.083+0000] {processor.py:208} INFO - Processing /opt/airflow/dags/create_dag_with_taskflow.py took 0.174 seconds
[2024-09-26T06:52:25.302+0000] {processor.py:186} INFO - Started process (PID=164849) to work on /opt/airflow/dags/create_dag_with_taskflow.py
[2024-09-26T06:52:25.304+0000] {processor.py:914} INFO - Processing file /opt/airflow/dags/create_dag_with_taskflow.py for tasks to queue
[2024-09-26T06:52:25.308+0000] {logging_mixin.py:190} INFO - [2024-09-26T06:52:25.307+0000] {dagbag.py:587} INFO - Filling up the DagBag from /opt/airflow/dags/create_dag_with_taskflow.py
[2024-09-26T06:52:25.384+0000] {processor.py:925} INFO - DAG(s) 'dag_with_taskflow_api_v02' retrieved from /opt/airflow/dags/create_dag_with_taskflow.py
[2024-09-26T06:52:25.413+0000] {logging_mixin.py:190} INFO - [2024-09-26T06:52:25.413+0000] {dag.py:3229} INFO - Sync 1 DAGs
[2024-09-26T06:52:25.439+0000] {logging_mixin.py:190} INFO - [2024-09-26T06:52:25.439+0000] {dag.py:4156} INFO - Setting next_dagrun for dag_with_taskflow_api_v02 to 2024-09-22 00:00:00+00:00, run_after=2024-09-23 00:00:00+00:00
[2024-09-26T06:52:25.464+0000] {processor.py:208} INFO - Processing /opt/airflow/dags/create_dag_with_taskflow.py took 0.168 seconds
[2024-09-26T06:52:55.793+0000] {processor.py:186} INFO - Started process (PID=164892) to work on /opt/airflow/dags/create_dag_with_taskflow.py
[2024-09-26T06:52:55.796+0000] {processor.py:914} INFO - Processing file /opt/airflow/dags/create_dag_with_taskflow.py for tasks to queue
[2024-09-26T06:52:55.798+0000] {logging_mixin.py:190} INFO - [2024-09-26T06:52:55.797+0000] {dagbag.py:587} INFO - Filling up the DagBag from /opt/airflow/dags/create_dag_with_taskflow.py
[2024-09-26T06:52:55.867+0000] {processor.py:925} INFO - DAG(s) 'dag_with_taskflow_api_v02' retrieved from /opt/airflow/dags/create_dag_with_taskflow.py
[2024-09-26T06:52:55.904+0000] {logging_mixin.py:190} INFO - [2024-09-26T06:52:55.904+0000] {dag.py:3229} INFO - Sync 1 DAGs
[2024-09-26T06:52:55.938+0000] {logging_mixin.py:190} INFO - [2024-09-26T06:52:55.938+0000] {dag.py:4156} INFO - Setting next_dagrun for dag_with_taskflow_api_v02 to 2024-09-22 00:00:00+00:00, run_after=2024-09-23 00:00:00+00:00
[2024-09-26T06:52:55.973+0000] {processor.py:208} INFO - Processing /opt/airflow/dags/create_dag_with_taskflow.py took 0.186 seconds
