[2024-09-26T00:00:25.356+0000] {processor.py:186} INFO - Started process (PID=130226) to work on /opt/airflow/dags/dag_with_catchup_and_backfill.py
[2024-09-26T00:00:25.358+0000] {processor.py:914} INFO - Processing file /opt/airflow/dags/dag_with_catchup_and_backfill.py for tasks to queue
[2024-09-26T00:00:25.360+0000] {logging_mixin.py:190} INFO - [2024-09-26T00:00:25.359+0000] {dagbag.py:587} INFO - Filling up the DagBag from /opt/airflow/dags/dag_with_catchup_and_backfill.py
[2024-09-26T00:00:25.465+0000] {processor.py:925} INFO - DAG(s) 'dag_with_catchup_backfill_v01.3' retrieved from /opt/airflow/dags/dag_with_catchup_and_backfill.py
[2024-09-26T00:00:25.492+0000] {logging_mixin.py:190} INFO - [2024-09-26T00:00:25.492+0000] {dag.py:3229} INFO - Sync 1 DAGs
[2024-09-26T00:00:25.514+0000] {logging_mixin.py:190} INFO - [2024-09-26T00:00:25.513+0000] {dag.py:4156} INFO - Setting next_dagrun for dag_with_catchup_backfill_v01.3 to 2024-09-25 00:00:00+00:00, run_after=2024-09-26 00:00:00+00:00
[2024-09-26T00:00:25.540+0000] {processor.py:208} INFO - Processing /opt/airflow/dags/dag_with_catchup_and_backfill.py took 0.191 seconds
[2024-09-26T00:00:55.821+0000] {processor.py:186} INFO - Started process (PID=130269) to work on /opt/airflow/dags/dag_with_catchup_and_backfill.py
[2024-09-26T00:00:55.824+0000] {processor.py:914} INFO - Processing file /opt/airflow/dags/dag_with_catchup_and_backfill.py for tasks to queue
[2024-09-26T00:00:55.826+0000] {logging_mixin.py:190} INFO - [2024-09-26T00:00:55.825+0000] {dagbag.py:587} INFO - Filling up the DagBag from /opt/airflow/dags/dag_with_catchup_and_backfill.py
[2024-09-26T00:00:55.911+0000] {processor.py:925} INFO - DAG(s) 'dag_with_catchup_backfill_v01.3' retrieved from /opt/airflow/dags/dag_with_catchup_and_backfill.py
[2024-09-26T00:00:55.936+0000] {logging_mixin.py:190} INFO - [2024-09-26T00:00:55.936+0000] {dag.py:3229} INFO - Sync 1 DAGs
[2024-09-26T00:00:55.960+0000] {logging_mixin.py:190} INFO - [2024-09-26T00:00:55.960+0000] {dag.py:4156} INFO - Setting next_dagrun for dag_with_catchup_backfill_v01.3 to 2024-09-25 00:00:00+00:00, run_after=2024-09-26 00:00:00+00:00
[2024-09-26T00:00:55.992+0000] {processor.py:208} INFO - Processing /opt/airflow/dags/dag_with_catchup_and_backfill.py took 0.176 seconds
[2024-09-26T00:01:26.505+0000] {processor.py:186} INFO - Started process (PID=130314) to work on /opt/airflow/dags/dag_with_catchup_and_backfill.py
[2024-09-26T00:01:26.507+0000] {processor.py:914} INFO - Processing file /opt/airflow/dags/dag_with_catchup_and_backfill.py for tasks to queue
[2024-09-26T00:01:26.510+0000] {logging_mixin.py:190} INFO - [2024-09-26T00:01:26.510+0000] {dagbag.py:587} INFO - Filling up the DagBag from /opt/airflow/dags/dag_with_catchup_and_backfill.py
[2024-09-26T00:01:26.603+0000] {processor.py:925} INFO - DAG(s) 'dag_with_catchup_backfill_v01.3' retrieved from /opt/airflow/dags/dag_with_catchup_and_backfill.py
[2024-09-26T00:01:26.633+0000] {logging_mixin.py:190} INFO - [2024-09-26T00:01:26.633+0000] {dag.py:3229} INFO - Sync 1 DAGs
[2024-09-26T00:01:26.658+0000] {logging_mixin.py:190} INFO - [2024-09-26T00:01:26.657+0000] {dag.py:4156} INFO - Setting next_dagrun for dag_with_catchup_backfill_v01.3 to 2024-09-25 00:00:00+00:00, run_after=2024-09-26 00:00:00+00:00
[2024-09-26T00:01:26.684+0000] {processor.py:208} INFO - Processing /opt/airflow/dags/dag_with_catchup_and_backfill.py took 0.184 seconds
[2024-09-26T00:01:57.207+0000] {processor.py:186} INFO - Started process (PID=130357) to work on /opt/airflow/dags/dag_with_catchup_and_backfill.py
[2024-09-26T00:01:57.210+0000] {processor.py:914} INFO - Processing file /opt/airflow/dags/dag_with_catchup_and_backfill.py for tasks to queue
[2024-09-26T00:01:57.213+0000] {logging_mixin.py:190} INFO - [2024-09-26T00:01:57.213+0000] {dagbag.py:587} INFO - Filling up the DagBag from /opt/airflow/dags/dag_with_catchup_and_backfill.py
[2024-09-26T00:01:57.296+0000] {processor.py:925} INFO - DAG(s) 'dag_with_catchup_backfill_v01.3' retrieved from /opt/airflow/dags/dag_with_catchup_and_backfill.py
[2024-09-26T00:01:57.332+0000] {logging_mixin.py:190} INFO - [2024-09-26T00:01:57.332+0000] {dag.py:3229} INFO - Sync 1 DAGs
[2024-09-26T00:01:57.355+0000] {logging_mixin.py:190} INFO - [2024-09-26T00:01:57.354+0000] {dag.py:4156} INFO - Setting next_dagrun for dag_with_catchup_backfill_v01.3 to 2024-09-25 00:00:00+00:00, run_after=2024-09-26 00:00:00+00:00
[2024-09-26T00:01:57.389+0000] {processor.py:208} INFO - Processing /opt/airflow/dags/dag_with_catchup_and_backfill.py took 0.193 seconds
[2024-09-26T00:02:27.779+0000] {processor.py:186} INFO - Started process (PID=130400) to work on /opt/airflow/dags/dag_with_catchup_and_backfill.py
[2024-09-26T00:02:27.781+0000] {processor.py:914} INFO - Processing file /opt/airflow/dags/dag_with_catchup_and_backfill.py for tasks to queue
[2024-09-26T00:02:27.784+0000] {logging_mixin.py:190} INFO - [2024-09-26T00:02:27.784+0000] {dagbag.py:587} INFO - Filling up the DagBag from /opt/airflow/dags/dag_with_catchup_and_backfill.py
[2024-09-26T00:02:27.896+0000] {processor.py:925} INFO - DAG(s) 'dag_with_catchup_backfill_v01.3' retrieved from /opt/airflow/dags/dag_with_catchup_and_backfill.py
[2024-09-26T00:02:27.925+0000] {logging_mixin.py:190} INFO - [2024-09-26T00:02:27.925+0000] {dag.py:3229} INFO - Sync 1 DAGs
[2024-09-26T00:02:27.952+0000] {logging_mixin.py:190} INFO - [2024-09-26T00:02:27.952+0000] {dag.py:4156} INFO - Setting next_dagrun for dag_with_catchup_backfill_v01.3 to 2024-09-25 00:00:00+00:00, run_after=2024-09-26 00:00:00+00:00
[2024-09-26T00:02:27.995+0000] {processor.py:208} INFO - Processing /opt/airflow/dags/dag_with_catchup_and_backfill.py took 0.226 seconds
[2024-09-26T00:02:58.626+0000] {processor.py:186} INFO - Started process (PID=130443) to work on /opt/airflow/dags/dag_with_catchup_and_backfill.py
[2024-09-26T00:02:58.628+0000] {processor.py:914} INFO - Processing file /opt/airflow/dags/dag_with_catchup_and_backfill.py for tasks to queue
[2024-09-26T00:02:58.631+0000] {logging_mixin.py:190} INFO - [2024-09-26T00:02:58.631+0000] {dagbag.py:587} INFO - Filling up the DagBag from /opt/airflow/dags/dag_with_catchup_and_backfill.py
[2024-09-26T00:02:58.755+0000] {processor.py:925} INFO - DAG(s) 'dag_with_catchup_backfill_v01.3' retrieved from /opt/airflow/dags/dag_with_catchup_and_backfill.py
[2024-09-26T00:02:58.782+0000] {logging_mixin.py:190} INFO - [2024-09-26T00:02:58.782+0000] {dag.py:3229} INFO - Sync 1 DAGs
[2024-09-26T00:02:58.806+0000] {logging_mixin.py:190} INFO - [2024-09-26T00:02:58.805+0000] {dag.py:4156} INFO - Setting next_dagrun for dag_with_catchup_backfill_v01.3 to 2024-09-25 00:00:00+00:00, run_after=2024-09-26 00:00:00+00:00
[2024-09-26T00:02:58.834+0000] {processor.py:208} INFO - Processing /opt/airflow/dags/dag_with_catchup_and_backfill.py took 0.217 seconds
[2024-09-26T00:03:29.289+0000] {processor.py:186} INFO - Started process (PID=130486) to work on /opt/airflow/dags/dag_with_catchup_and_backfill.py
[2024-09-26T00:03:29.291+0000] {processor.py:914} INFO - Processing file /opt/airflow/dags/dag_with_catchup_and_backfill.py for tasks to queue
[2024-09-26T00:03:29.293+0000] {logging_mixin.py:190} INFO - [2024-09-26T00:03:29.293+0000] {dagbag.py:587} INFO - Filling up the DagBag from /opt/airflow/dags/dag_with_catchup_and_backfill.py
[2024-09-26T00:03:29.407+0000] {processor.py:925} INFO - DAG(s) 'dag_with_catchup_backfill_v01.3' retrieved from /opt/airflow/dags/dag_with_catchup_and_backfill.py
[2024-09-26T00:03:29.446+0000] {logging_mixin.py:190} INFO - [2024-09-26T00:03:29.445+0000] {dag.py:3229} INFO - Sync 1 DAGs
[2024-09-26T00:03:29.479+0000] {logging_mixin.py:190} INFO - [2024-09-26T00:03:29.478+0000] {dag.py:4156} INFO - Setting next_dagrun for dag_with_catchup_backfill_v01.3 to 2024-09-25 00:00:00+00:00, run_after=2024-09-26 00:00:00+00:00
[2024-09-26T00:03:29.526+0000] {processor.py:208} INFO - Processing /opt/airflow/dags/dag_with_catchup_and_backfill.py took 0.243 seconds
[2024-09-26T00:04:00.080+0000] {processor.py:186} INFO - Started process (PID=130529) to work on /opt/airflow/dags/dag_with_catchup_and_backfill.py
[2024-09-26T00:04:00.082+0000] {processor.py:914} INFO - Processing file /opt/airflow/dags/dag_with_catchup_and_backfill.py for tasks to queue
[2024-09-26T00:04:00.084+0000] {logging_mixin.py:190} INFO - [2024-09-26T00:04:00.084+0000] {dagbag.py:587} INFO - Filling up the DagBag from /opt/airflow/dags/dag_with_catchup_and_backfill.py
[2024-09-26T00:04:00.193+0000] {processor.py:925} INFO - DAG(s) 'dag_with_catchup_backfill_v01.3' retrieved from /opt/airflow/dags/dag_with_catchup_and_backfill.py
[2024-09-26T00:04:00.226+0000] {logging_mixin.py:190} INFO - [2024-09-26T00:04:00.225+0000] {dag.py:3229} INFO - Sync 1 DAGs
[2024-09-26T00:04:00.251+0000] {logging_mixin.py:190} INFO - [2024-09-26T00:04:00.251+0000] {dag.py:4156} INFO - Setting next_dagrun for dag_with_catchup_backfill_v01.3 to 2024-09-25 00:00:00+00:00, run_after=2024-09-26 00:00:00+00:00
[2024-09-26T00:04:00.294+0000] {processor.py:208} INFO - Processing /opt/airflow/dags/dag_with_catchup_and_backfill.py took 0.230 seconds
[2024-09-26T00:04:30.701+0000] {processor.py:186} INFO - Started process (PID=130570) to work on /opt/airflow/dags/dag_with_catchup_and_backfill.py
[2024-09-26T00:04:30.703+0000] {processor.py:914} INFO - Processing file /opt/airflow/dags/dag_with_catchup_and_backfill.py for tasks to queue
[2024-09-26T00:04:30.706+0000] {logging_mixin.py:190} INFO - [2024-09-26T00:04:30.706+0000] {dagbag.py:587} INFO - Filling up the DagBag from /opt/airflow/dags/dag_with_catchup_and_backfill.py
[2024-09-26T00:04:30.820+0000] {processor.py:925} INFO - DAG(s) 'dag_with_catchup_backfill_v01.3' retrieved from /opt/airflow/dags/dag_with_catchup_and_backfill.py
[2024-09-26T00:04:30.866+0000] {logging_mixin.py:190} INFO - [2024-09-26T00:04:30.866+0000] {dag.py:3229} INFO - Sync 1 DAGs
[2024-09-26T00:04:30.919+0000] {logging_mixin.py:190} INFO - [2024-09-26T00:04:30.918+0000] {dag.py:4156} INFO - Setting next_dagrun for dag_with_catchup_backfill_v01.3 to 2024-09-25 00:00:00+00:00, run_after=2024-09-26 00:00:00+00:00
[2024-09-26T00:04:30.970+0000] {processor.py:208} INFO - Processing /opt/airflow/dags/dag_with_catchup_and_backfill.py took 0.279 seconds
[2024-09-26T00:05:01.303+0000] {processor.py:186} INFO - Started process (PID=130615) to work on /opt/airflow/dags/dag_with_catchup_and_backfill.py
[2024-09-26T00:05:01.305+0000] {processor.py:914} INFO - Processing file /opt/airflow/dags/dag_with_catchup_and_backfill.py for tasks to queue
[2024-09-26T00:05:01.307+0000] {logging_mixin.py:190} INFO - [2024-09-26T00:05:01.307+0000] {dagbag.py:587} INFO - Filling up the DagBag from /opt/airflow/dags/dag_with_catchup_and_backfill.py
[2024-09-26T00:05:01.382+0000] {processor.py:925} INFO - DAG(s) 'dag_with_catchup_backfill_v01.3' retrieved from /opt/airflow/dags/dag_with_catchup_and_backfill.py
[2024-09-26T00:05:01.406+0000] {logging_mixin.py:190} INFO - [2024-09-26T00:05:01.405+0000] {dag.py:3229} INFO - Sync 1 DAGs
[2024-09-26T00:05:01.432+0000] {logging_mixin.py:190} INFO - [2024-09-26T00:05:01.432+0000] {dag.py:4156} INFO - Setting next_dagrun for dag_with_catchup_backfill_v01.3 to 2024-09-25 00:00:00+00:00, run_after=2024-09-26 00:00:00+00:00
[2024-09-26T00:05:01.485+0000] {processor.py:208} INFO - Processing /opt/airflow/dags/dag_with_catchup_and_backfill.py took 0.187 seconds
[2024-09-26T00:05:32.112+0000] {processor.py:186} INFO - Started process (PID=130658) to work on /opt/airflow/dags/dag_with_catchup_and_backfill.py
[2024-09-26T00:05:32.114+0000] {processor.py:914} INFO - Processing file /opt/airflow/dags/dag_with_catchup_and_backfill.py for tasks to queue
[2024-09-26T00:05:32.116+0000] {logging_mixin.py:190} INFO - [2024-09-26T00:05:32.116+0000] {dagbag.py:587} INFO - Filling up the DagBag from /opt/airflow/dags/dag_with_catchup_and_backfill.py
[2024-09-26T00:05:32.215+0000] {processor.py:925} INFO - DAG(s) 'dag_with_catchup_backfill_v01.3' retrieved from /opt/airflow/dags/dag_with_catchup_and_backfill.py
[2024-09-26T00:05:32.249+0000] {logging_mixin.py:190} INFO - [2024-09-26T00:05:32.248+0000] {dag.py:3229} INFO - Sync 1 DAGs
[2024-09-26T00:05:32.269+0000] {logging_mixin.py:190} INFO - [2024-09-26T00:05:32.269+0000] {dag.py:4156} INFO - Setting next_dagrun for dag_with_catchup_backfill_v01.3 to 2024-09-25 00:00:00+00:00, run_after=2024-09-26 00:00:00+00:00
[2024-09-26T00:05:32.298+0000] {processor.py:208} INFO - Processing /opt/airflow/dags/dag_with_catchup_and_backfill.py took 0.193 seconds
[2024-09-26T00:06:02.682+0000] {processor.py:186} INFO - Started process (PID=130701) to work on /opt/airflow/dags/dag_with_catchup_and_backfill.py
[2024-09-26T00:06:02.684+0000] {processor.py:914} INFO - Processing file /opt/airflow/dags/dag_with_catchup_and_backfill.py for tasks to queue
[2024-09-26T00:06:02.685+0000] {logging_mixin.py:190} INFO - [2024-09-26T00:06:02.685+0000] {dagbag.py:587} INFO - Filling up the DagBag from /opt/airflow/dags/dag_with_catchup_and_backfill.py
[2024-09-26T00:06:02.776+0000] {processor.py:925} INFO - DAG(s) 'dag_with_catchup_backfill_v01.3' retrieved from /opt/airflow/dags/dag_with_catchup_and_backfill.py
[2024-09-26T00:06:02.803+0000] {logging_mixin.py:190} INFO - [2024-09-26T00:06:02.803+0000] {dag.py:3229} INFO - Sync 1 DAGs
[2024-09-26T00:06:02.825+0000] {logging_mixin.py:190} INFO - [2024-09-26T00:06:02.825+0000] {dag.py:4156} INFO - Setting next_dagrun for dag_with_catchup_backfill_v01.3 to 2024-09-25 00:00:00+00:00, run_after=2024-09-26 00:00:00+00:00
[2024-09-26T00:06:02.852+0000] {processor.py:208} INFO - Processing /opt/airflow/dags/dag_with_catchup_and_backfill.py took 0.176 seconds
[2024-09-26T00:06:33.360+0000] {processor.py:186} INFO - Started process (PID=130744) to work on /opt/airflow/dags/dag_with_catchup_and_backfill.py
[2024-09-26T00:06:33.363+0000] {processor.py:914} INFO - Processing file /opt/airflow/dags/dag_with_catchup_and_backfill.py for tasks to queue
[2024-09-26T00:06:33.365+0000] {logging_mixin.py:190} INFO - [2024-09-26T00:06:33.365+0000] {dagbag.py:587} INFO - Filling up the DagBag from /opt/airflow/dags/dag_with_catchup_and_backfill.py
[2024-09-26T00:06:33.474+0000] {processor.py:925} INFO - DAG(s) 'dag_with_catchup_backfill_v01.3' retrieved from /opt/airflow/dags/dag_with_catchup_and_backfill.py
[2024-09-26T00:06:33.502+0000] {logging_mixin.py:190} INFO - [2024-09-26T00:06:33.502+0000] {dag.py:3229} INFO - Sync 1 DAGs
[2024-09-26T00:06:33.523+0000] {logging_mixin.py:190} INFO - [2024-09-26T00:06:33.523+0000] {dag.py:4156} INFO - Setting next_dagrun for dag_with_catchup_backfill_v01.3 to 2024-09-25 00:00:00+00:00, run_after=2024-09-26 00:00:00+00:00
[2024-09-26T00:06:33.563+0000] {processor.py:208} INFO - Processing /opt/airflow/dags/dag_with_catchup_and_backfill.py took 0.212 seconds
[2024-09-26T00:07:04.164+0000] {processor.py:186} INFO - Started process (PID=130787) to work on /opt/airflow/dags/dag_with_catchup_and_backfill.py
[2024-09-26T00:07:04.167+0000] {processor.py:914} INFO - Processing file /opt/airflow/dags/dag_with_catchup_and_backfill.py for tasks to queue
[2024-09-26T00:07:04.172+0000] {logging_mixin.py:190} INFO - [2024-09-26T00:07:04.171+0000] {dagbag.py:587} INFO - Filling up the DagBag from /opt/airflow/dags/dag_with_catchup_and_backfill.py
[2024-09-26T00:07:04.319+0000] {processor.py:925} INFO - DAG(s) 'dag_with_catchup_backfill_v01.3' retrieved from /opt/airflow/dags/dag_with_catchup_and_backfill.py
[2024-09-26T00:07:04.352+0000] {logging_mixin.py:190} INFO - [2024-09-26T00:07:04.352+0000] {dag.py:3229} INFO - Sync 1 DAGs
[2024-09-26T00:07:04.385+0000] {logging_mixin.py:190} INFO - [2024-09-26T00:07:04.385+0000] {dag.py:4156} INFO - Setting next_dagrun for dag_with_catchup_backfill_v01.3 to 2024-09-25 00:00:00+00:00, run_after=2024-09-26 00:00:00+00:00
[2024-09-26T00:07:04.413+0000] {processor.py:208} INFO - Processing /opt/airflow/dags/dag_with_catchup_and_backfill.py took 0.268 seconds
[2024-09-26T00:07:34.799+0000] {processor.py:186} INFO - Started process (PID=130830) to work on /opt/airflow/dags/dag_with_catchup_and_backfill.py
[2024-09-26T00:07:34.801+0000] {processor.py:914} INFO - Processing file /opt/airflow/dags/dag_with_catchup_and_backfill.py for tasks to queue
[2024-09-26T00:07:34.805+0000] {logging_mixin.py:190} INFO - [2024-09-26T00:07:34.804+0000] {dagbag.py:587} INFO - Filling up the DagBag from /opt/airflow/dags/dag_with_catchup_and_backfill.py
[2024-09-26T00:07:34.939+0000] {processor.py:925} INFO - DAG(s) 'dag_with_catchup_backfill_v01.3' retrieved from /opt/airflow/dags/dag_with_catchup_and_backfill.py
[2024-09-26T00:07:34.978+0000] {logging_mixin.py:190} INFO - [2024-09-26T00:07:34.978+0000] {dag.py:3229} INFO - Sync 1 DAGs
[2024-09-26T00:07:35.001+0000] {logging_mixin.py:190} INFO - [2024-09-26T00:07:35.001+0000] {dag.py:4156} INFO - Setting next_dagrun for dag_with_catchup_backfill_v01.3 to 2024-09-25 00:00:00+00:00, run_after=2024-09-26 00:00:00+00:00
[2024-09-26T00:07:35.038+0000] {processor.py:208} INFO - Processing /opt/airflow/dags/dag_with_catchup_and_backfill.py took 0.247 seconds
[2024-09-26T00:08:05.475+0000] {processor.py:186} INFO - Started process (PID=130873) to work on /opt/airflow/dags/dag_with_catchup_and_backfill.py
[2024-09-26T00:08:05.477+0000] {processor.py:914} INFO - Processing file /opt/airflow/dags/dag_with_catchup_and_backfill.py for tasks to queue
[2024-09-26T00:08:05.480+0000] {logging_mixin.py:190} INFO - [2024-09-26T00:08:05.479+0000] {dagbag.py:587} INFO - Filling up the DagBag from /opt/airflow/dags/dag_with_catchup_and_backfill.py
[2024-09-26T00:08:05.574+0000] {processor.py:925} INFO - DAG(s) 'dag_with_catchup_backfill_v01.3' retrieved from /opt/airflow/dags/dag_with_catchup_and_backfill.py
[2024-09-26T00:08:05.599+0000] {logging_mixin.py:190} INFO - [2024-09-26T00:08:05.599+0000] {dag.py:3229} INFO - Sync 1 DAGs
[2024-09-26T00:08:05.626+0000] {logging_mixin.py:190} INFO - [2024-09-26T00:08:05.625+0000] {dag.py:4156} INFO - Setting next_dagrun for dag_with_catchup_backfill_v01.3 to 2024-09-25 00:00:00+00:00, run_after=2024-09-26 00:00:00+00:00
[2024-09-26T00:08:05.649+0000] {processor.py:208} INFO - Processing /opt/airflow/dags/dag_with_catchup_and_backfill.py took 0.181 seconds
[2024-09-26T00:08:35.949+0000] {processor.py:186} INFO - Started process (PID=130916) to work on /opt/airflow/dags/dag_with_catchup_and_backfill.py
[2024-09-26T00:08:35.951+0000] {processor.py:914} INFO - Processing file /opt/airflow/dags/dag_with_catchup_and_backfill.py for tasks to queue
[2024-09-26T00:08:35.953+0000] {logging_mixin.py:190} INFO - [2024-09-26T00:08:35.953+0000] {dagbag.py:587} INFO - Filling up the DagBag from /opt/airflow/dags/dag_with_catchup_and_backfill.py
[2024-09-26T00:08:36.034+0000] {processor.py:925} INFO - DAG(s) 'dag_with_catchup_backfill_v01.3' retrieved from /opt/airflow/dags/dag_with_catchup_and_backfill.py
[2024-09-26T00:08:36.067+0000] {logging_mixin.py:190} INFO - [2024-09-26T00:08:36.067+0000] {dag.py:3229} INFO - Sync 1 DAGs
[2024-09-26T00:08:36.099+0000] {logging_mixin.py:190} INFO - [2024-09-26T00:08:36.098+0000] {dag.py:4156} INFO - Setting next_dagrun for dag_with_catchup_backfill_v01.3 to 2024-09-25 00:00:00+00:00, run_after=2024-09-26 00:00:00+00:00
[2024-09-26T00:08:36.126+0000] {processor.py:208} INFO - Processing /opt/airflow/dags/dag_with_catchup_and_backfill.py took 0.185 seconds
[2024-09-26T00:09:06.542+0000] {processor.py:186} INFO - Started process (PID=130959) to work on /opt/airflow/dags/dag_with_catchup_and_backfill.py
[2024-09-26T00:09:06.544+0000] {processor.py:914} INFO - Processing file /opt/airflow/dags/dag_with_catchup_and_backfill.py for tasks to queue
[2024-09-26T00:09:06.546+0000] {logging_mixin.py:190} INFO - [2024-09-26T00:09:06.545+0000] {dagbag.py:587} INFO - Filling up the DagBag from /opt/airflow/dags/dag_with_catchup_and_backfill.py
[2024-09-26T00:09:06.640+0000] {processor.py:925} INFO - DAG(s) 'dag_with_catchup_backfill_v01.3' retrieved from /opt/airflow/dags/dag_with_catchup_and_backfill.py
[2024-09-26T00:09:06.667+0000] {logging_mixin.py:190} INFO - [2024-09-26T00:09:06.667+0000] {dag.py:3229} INFO - Sync 1 DAGs
[2024-09-26T00:09:06.689+0000] {logging_mixin.py:190} INFO - [2024-09-26T00:09:06.688+0000] {dag.py:4156} INFO - Setting next_dagrun for dag_with_catchup_backfill_v01.3 to 2024-09-25 00:00:00+00:00, run_after=2024-09-26 00:00:00+00:00
[2024-09-26T00:09:06.716+0000] {processor.py:208} INFO - Processing /opt/airflow/dags/dag_with_catchup_and_backfill.py took 0.179 seconds
[2024-09-26T00:09:37.259+0000] {processor.py:186} INFO - Started process (PID=131002) to work on /opt/airflow/dags/dag_with_catchup_and_backfill.py
[2024-09-26T00:09:37.261+0000] {processor.py:914} INFO - Processing file /opt/airflow/dags/dag_with_catchup_and_backfill.py for tasks to queue
[2024-09-26T00:09:37.263+0000] {logging_mixin.py:190} INFO - [2024-09-26T00:09:37.263+0000] {dagbag.py:587} INFO - Filling up the DagBag from /opt/airflow/dags/dag_with_catchup_and_backfill.py
[2024-09-26T00:09:37.375+0000] {processor.py:925} INFO - DAG(s) 'dag_with_catchup_backfill_v01.3' retrieved from /opt/airflow/dags/dag_with_catchup_and_backfill.py
[2024-09-26T00:09:37.401+0000] {logging_mixin.py:190} INFO - [2024-09-26T00:09:37.401+0000] {dag.py:3229} INFO - Sync 1 DAGs
[2024-09-26T00:09:37.422+0000] {logging_mixin.py:190} INFO - [2024-09-26T00:09:37.422+0000] {dag.py:4156} INFO - Setting next_dagrun for dag_with_catchup_backfill_v01.3 to 2024-09-25 00:00:00+00:00, run_after=2024-09-26 00:00:00+00:00
[2024-09-26T00:09:37.454+0000] {processor.py:208} INFO - Processing /opt/airflow/dags/dag_with_catchup_and_backfill.py took 0.201 seconds
[2024-09-26T00:10:07.881+0000] {processor.py:186} INFO - Started process (PID=131045) to work on /opt/airflow/dags/dag_with_catchup_and_backfill.py
[2024-09-26T00:10:07.884+0000] {processor.py:914} INFO - Processing file /opt/airflow/dags/dag_with_catchup_and_backfill.py for tasks to queue
[2024-09-26T00:10:07.886+0000] {logging_mixin.py:190} INFO - [2024-09-26T00:10:07.886+0000] {dagbag.py:587} INFO - Filling up the DagBag from /opt/airflow/dags/dag_with_catchup_and_backfill.py
[2024-09-26T00:10:08.009+0000] {processor.py:925} INFO - DAG(s) 'dag_with_catchup_backfill_v01.3' retrieved from /opt/airflow/dags/dag_with_catchup_and_backfill.py
[2024-09-26T00:10:08.046+0000] {logging_mixin.py:190} INFO - [2024-09-26T00:10:08.045+0000] {dag.py:3229} INFO - Sync 1 DAGs
[2024-09-26T00:10:08.068+0000] {logging_mixin.py:190} INFO - [2024-09-26T00:10:08.068+0000] {dag.py:4156} INFO - Setting next_dagrun for dag_with_catchup_backfill_v01.3 to 2024-09-25 00:00:00+00:00, run_after=2024-09-26 00:00:00+00:00
[2024-09-26T00:10:08.106+0000] {processor.py:208} INFO - Processing /opt/airflow/dags/dag_with_catchup_and_backfill.py took 0.236 seconds
[2024-09-26T00:10:38.362+0000] {processor.py:186} INFO - Started process (PID=131088) to work on /opt/airflow/dags/dag_with_catchup_and_backfill.py
[2024-09-26T00:10:38.364+0000] {processor.py:914} INFO - Processing file /opt/airflow/dags/dag_with_catchup_and_backfill.py for tasks to queue
[2024-09-26T00:10:38.366+0000] {logging_mixin.py:190} INFO - [2024-09-26T00:10:38.366+0000] {dagbag.py:587} INFO - Filling up the DagBag from /opt/airflow/dags/dag_with_catchup_and_backfill.py
[2024-09-26T00:10:38.442+0000] {processor.py:925} INFO - DAG(s) 'dag_with_catchup_backfill_v01.3' retrieved from /opt/airflow/dags/dag_with_catchup_and_backfill.py
[2024-09-26T00:10:38.472+0000] {logging_mixin.py:190} INFO - [2024-09-26T00:10:38.472+0000] {dag.py:3229} INFO - Sync 1 DAGs
[2024-09-26T00:10:38.498+0000] {logging_mixin.py:190} INFO - [2024-09-26T00:10:38.498+0000] {dag.py:4156} INFO - Setting next_dagrun for dag_with_catchup_backfill_v01.3 to 2024-09-25 00:00:00+00:00, run_after=2024-09-26 00:00:00+00:00
[2024-09-26T00:10:38.528+0000] {processor.py:208} INFO - Processing /opt/airflow/dags/dag_with_catchup_and_backfill.py took 0.174 seconds
[2024-09-26T00:11:08.818+0000] {processor.py:186} INFO - Started process (PID=131131) to work on /opt/airflow/dags/dag_with_catchup_and_backfill.py
[2024-09-26T00:11:08.820+0000] {processor.py:914} INFO - Processing file /opt/airflow/dags/dag_with_catchup_and_backfill.py for tasks to queue
[2024-09-26T00:11:08.823+0000] {logging_mixin.py:190} INFO - [2024-09-26T00:11:08.822+0000] {dagbag.py:587} INFO - Filling up the DagBag from /opt/airflow/dags/dag_with_catchup_and_backfill.py
[2024-09-26T00:11:08.894+0000] {processor.py:925} INFO - DAG(s) 'dag_with_catchup_backfill_v01.3' retrieved from /opt/airflow/dags/dag_with_catchup_and_backfill.py
[2024-09-26T00:11:08.924+0000] {logging_mixin.py:190} INFO - [2024-09-26T00:11:08.923+0000] {dag.py:3229} INFO - Sync 1 DAGs
[2024-09-26T00:11:08.947+0000] {logging_mixin.py:190} INFO - [2024-09-26T00:11:08.947+0000] {dag.py:4156} INFO - Setting next_dagrun for dag_with_catchup_backfill_v01.3 to 2024-09-25 00:00:00+00:00, run_after=2024-09-26 00:00:00+00:00
[2024-09-26T00:11:08.972+0000] {processor.py:208} INFO - Processing /opt/airflow/dags/dag_with_catchup_and_backfill.py took 0.161 seconds
[2024-09-26T00:11:39.251+0000] {processor.py:186} INFO - Started process (PID=131174) to work on /opt/airflow/dags/dag_with_catchup_and_backfill.py
[2024-09-26T00:11:39.253+0000] {processor.py:914} INFO - Processing file /opt/airflow/dags/dag_with_catchup_and_backfill.py for tasks to queue
[2024-09-26T00:11:39.255+0000] {logging_mixin.py:190} INFO - [2024-09-26T00:11:39.254+0000] {dagbag.py:587} INFO - Filling up the DagBag from /opt/airflow/dags/dag_with_catchup_and_backfill.py
[2024-09-26T00:11:39.324+0000] {processor.py:925} INFO - DAG(s) 'dag_with_catchup_backfill_v01.3' retrieved from /opt/airflow/dags/dag_with_catchup_and_backfill.py
[2024-09-26T00:11:39.351+0000] {logging_mixin.py:190} INFO - [2024-09-26T00:11:39.351+0000] {dag.py:3229} INFO - Sync 1 DAGs
[2024-09-26T00:11:39.380+0000] {logging_mixin.py:190} INFO - [2024-09-26T00:11:39.380+0000] {dag.py:4156} INFO - Setting next_dagrun for dag_with_catchup_backfill_v01.3 to 2024-09-25 00:00:00+00:00, run_after=2024-09-26 00:00:00+00:00
[2024-09-26T00:11:39.422+0000] {processor.py:208} INFO - Processing /opt/airflow/dags/dag_with_catchup_and_backfill.py took 0.177 seconds
[2024-09-26T00:12:09.950+0000] {processor.py:186} INFO - Started process (PID=131217) to work on /opt/airflow/dags/dag_with_catchup_and_backfill.py
[2024-09-26T00:12:09.953+0000] {processor.py:914} INFO - Processing file /opt/airflow/dags/dag_with_catchup_and_backfill.py for tasks to queue
[2024-09-26T00:12:09.956+0000] {logging_mixin.py:190} INFO - [2024-09-26T00:12:09.955+0000] {dagbag.py:587} INFO - Filling up the DagBag from /opt/airflow/dags/dag_with_catchup_and_backfill.py
[2024-09-26T00:12:10.068+0000] {processor.py:925} INFO - DAG(s) 'dag_with_catchup_backfill_v01.3' retrieved from /opt/airflow/dags/dag_with_catchup_and_backfill.py
[2024-09-26T00:12:10.094+0000] {logging_mixin.py:190} INFO - [2024-09-26T00:12:10.094+0000] {dag.py:3229} INFO - Sync 1 DAGs
[2024-09-26T00:12:10.114+0000] {logging_mixin.py:190} INFO - [2024-09-26T00:12:10.114+0000] {dag.py:4156} INFO - Setting next_dagrun for dag_with_catchup_backfill_v01.3 to 2024-09-25 00:00:00+00:00, run_after=2024-09-26 00:00:00+00:00
[2024-09-26T00:12:10.142+0000] {processor.py:208} INFO - Processing /opt/airflow/dags/dag_with_catchup_and_backfill.py took 0.202 seconds
[2024-09-26T00:12:40.672+0000] {processor.py:186} INFO - Started process (PID=131260) to work on /opt/airflow/dags/dag_with_catchup_and_backfill.py
[2024-09-26T00:12:40.674+0000] {processor.py:914} INFO - Processing file /opt/airflow/dags/dag_with_catchup_and_backfill.py for tasks to queue
[2024-09-26T00:12:40.676+0000] {logging_mixin.py:190} INFO - [2024-09-26T00:12:40.676+0000] {dagbag.py:587} INFO - Filling up the DagBag from /opt/airflow/dags/dag_with_catchup_and_backfill.py
[2024-09-26T00:12:40.766+0000] {processor.py:925} INFO - DAG(s) 'dag_with_catchup_backfill_v01.3' retrieved from /opt/airflow/dags/dag_with_catchup_and_backfill.py
[2024-09-26T00:12:40.795+0000] {logging_mixin.py:190} INFO - [2024-09-26T00:12:40.794+0000] {dag.py:3229} INFO - Sync 1 DAGs
[2024-09-26T00:12:40.818+0000] {logging_mixin.py:190} INFO - [2024-09-26T00:12:40.817+0000] {dag.py:4156} INFO - Setting next_dagrun for dag_with_catchup_backfill_v01.3 to 2024-09-25 00:00:00+00:00, run_after=2024-09-26 00:00:00+00:00
[2024-09-26T00:12:40.851+0000] {processor.py:208} INFO - Processing /opt/airflow/dags/dag_with_catchup_and_backfill.py took 0.187 seconds
[2024-09-26T00:13:11.302+0000] {processor.py:186} INFO - Started process (PID=131303) to work on /opt/airflow/dags/dag_with_catchup_and_backfill.py
[2024-09-26T00:13:11.305+0000] {processor.py:914} INFO - Processing file /opt/airflow/dags/dag_with_catchup_and_backfill.py for tasks to queue
[2024-09-26T00:13:11.308+0000] {logging_mixin.py:190} INFO - [2024-09-26T00:13:11.308+0000] {dagbag.py:587} INFO - Filling up the DagBag from /opt/airflow/dags/dag_with_catchup_and_backfill.py
[2024-09-26T00:13:11.391+0000] {processor.py:925} INFO - DAG(s) 'dag_with_catchup_backfill_v01.3' retrieved from /opt/airflow/dags/dag_with_catchup_and_backfill.py
[2024-09-26T00:13:11.418+0000] {logging_mixin.py:190} INFO - [2024-09-26T00:13:11.418+0000] {dag.py:3229} INFO - Sync 1 DAGs
[2024-09-26T00:13:11.444+0000] {logging_mixin.py:190} INFO - [2024-09-26T00:13:11.444+0000] {dag.py:4156} INFO - Setting next_dagrun for dag_with_catchup_backfill_v01.3 to 2024-09-25 00:00:00+00:00, run_after=2024-09-26 00:00:00+00:00
[2024-09-26T00:13:11.472+0000] {processor.py:208} INFO - Processing /opt/airflow/dags/dag_with_catchup_and_backfill.py took 0.178 seconds
[2024-09-26T00:13:41.807+0000] {processor.py:186} INFO - Started process (PID=131346) to work on /opt/airflow/dags/dag_with_catchup_and_backfill.py
[2024-09-26T00:13:41.808+0000] {processor.py:914} INFO - Processing file /opt/airflow/dags/dag_with_catchup_and_backfill.py for tasks to queue
[2024-09-26T00:13:41.810+0000] {logging_mixin.py:190} INFO - [2024-09-26T00:13:41.810+0000] {dagbag.py:587} INFO - Filling up the DagBag from /opt/airflow/dags/dag_with_catchup_and_backfill.py
[2024-09-26T00:13:41.867+0000] {processor.py:925} INFO - DAG(s) 'dag_with_catchup_backfill_v01.3' retrieved from /opt/airflow/dags/dag_with_catchup_and_backfill.py
[2024-09-26T00:13:41.894+0000] {logging_mixin.py:190} INFO - [2024-09-26T00:13:41.893+0000] {dag.py:3229} INFO - Sync 1 DAGs
[2024-09-26T00:13:41.914+0000] {logging_mixin.py:190} INFO - [2024-09-26T00:13:41.914+0000] {dag.py:4156} INFO - Setting next_dagrun for dag_with_catchup_backfill_v01.3 to 2024-09-25 00:00:00+00:00, run_after=2024-09-26 00:00:00+00:00
[2024-09-26T00:13:41.948+0000] {processor.py:208} INFO - Processing /opt/airflow/dags/dag_with_catchup_and_backfill.py took 0.149 seconds
[2024-09-26T00:14:12.396+0000] {processor.py:186} INFO - Started process (PID=131389) to work on /opt/airflow/dags/dag_with_catchup_and_backfill.py
[2024-09-26T00:14:12.398+0000] {processor.py:914} INFO - Processing file /opt/airflow/dags/dag_with_catchup_and_backfill.py for tasks to queue
[2024-09-26T00:14:12.401+0000] {logging_mixin.py:190} INFO - [2024-09-26T00:14:12.401+0000] {dagbag.py:587} INFO - Filling up the DagBag from /opt/airflow/dags/dag_with_catchup_and_backfill.py
[2024-09-26T00:14:12.503+0000] {processor.py:925} INFO - DAG(s) 'dag_with_catchup_backfill_v01.3' retrieved from /opt/airflow/dags/dag_with_catchup_and_backfill.py
[2024-09-26T00:14:12.554+0000] {logging_mixin.py:190} INFO - [2024-09-26T00:14:12.554+0000] {dag.py:3229} INFO - Sync 1 DAGs
[2024-09-26T00:14:12.588+0000] {logging_mixin.py:190} INFO - [2024-09-26T00:14:12.588+0000] {dag.py:4156} INFO - Setting next_dagrun for dag_with_catchup_backfill_v01.3 to 2024-09-25 00:00:00+00:00, run_after=2024-09-26 00:00:00+00:00
[2024-09-26T00:14:12.616+0000] {processor.py:208} INFO - Processing /opt/airflow/dags/dag_with_catchup_and_backfill.py took 0.231 seconds
[2024-09-26T00:14:45.139+0000] {processor.py:186} INFO - Started process (PID=131430) to work on /opt/airflow/dags/dag_with_catchup_and_backfill.py
[2024-09-26T00:14:45.201+0000] {processor.py:914} INFO - Processing file /opt/airflow/dags/dag_with_catchup_and_backfill.py for tasks to queue
[2024-09-26T00:14:45.241+0000] {logging_mixin.py:190} INFO - [2024-09-26T00:14:45.241+0000] {dagbag.py:587} INFO - Filling up the DagBag from /opt/airflow/dags/dag_with_catchup_and_backfill.py
[2024-09-26T00:14:45.797+0000] {processor.py:925} INFO - DAG(s) 'dag_with_catchup_backfill_v01.3' retrieved from /opt/airflow/dags/dag_with_catchup_and_backfill.py
[2024-09-26T00:14:45.880+0000] {logging_mixin.py:190} INFO - [2024-09-26T00:14:45.879+0000] {dag.py:3229} INFO - Sync 1 DAGs
[2024-09-26T00:14:45.949+0000] {logging_mixin.py:190} INFO - [2024-09-26T00:14:45.949+0000] {dag.py:4156} INFO - Setting next_dagrun for dag_with_catchup_backfill_v01.3 to 2024-09-25 00:00:00+00:00, run_after=2024-09-26 00:00:00+00:00
[2024-09-26T00:14:46.042+0000] {processor.py:208} INFO - Processing /opt/airflow/dags/dag_with_catchup_and_backfill.py took 0.913 seconds
[2024-09-26T00:15:16.455+0000] {processor.py:186} INFO - Started process (PID=131475) to work on /opt/airflow/dags/dag_with_catchup_and_backfill.py
[2024-09-26T00:15:16.457+0000] {processor.py:914} INFO - Processing file /opt/airflow/dags/dag_with_catchup_and_backfill.py for tasks to queue
[2024-09-26T00:15:16.459+0000] {logging_mixin.py:190} INFO - [2024-09-26T00:15:16.459+0000] {dagbag.py:587} INFO - Filling up the DagBag from /opt/airflow/dags/dag_with_catchup_and_backfill.py
[2024-09-26T00:15:16.551+0000] {processor.py:925} INFO - DAG(s) 'dag_with_catchup_backfill_v01.3' retrieved from /opt/airflow/dags/dag_with_catchup_and_backfill.py
[2024-09-26T00:15:16.588+0000] {logging_mixin.py:190} INFO - [2024-09-26T00:15:16.587+0000] {dag.py:3229} INFO - Sync 1 DAGs
[2024-09-26T00:15:16.612+0000] {logging_mixin.py:190} INFO - [2024-09-26T00:15:16.611+0000] {dag.py:4156} INFO - Setting next_dagrun for dag_with_catchup_backfill_v01.3 to 2024-09-25 00:00:00+00:00, run_after=2024-09-26 00:00:00+00:00
[2024-09-26T00:15:16.638+0000] {processor.py:208} INFO - Processing /opt/airflow/dags/dag_with_catchup_and_backfill.py took 0.188 seconds
[2024-09-26T00:15:47.084+0000] {processor.py:186} INFO - Started process (PID=131518) to work on /opt/airflow/dags/dag_with_catchup_and_backfill.py
[2024-09-26T00:15:47.087+0000] {processor.py:914} INFO - Processing file /opt/airflow/dags/dag_with_catchup_and_backfill.py for tasks to queue
[2024-09-26T00:15:47.091+0000] {logging_mixin.py:190} INFO - [2024-09-26T00:15:47.090+0000] {dagbag.py:587} INFO - Filling up the DagBag from /opt/airflow/dags/dag_with_catchup_and_backfill.py
[2024-09-26T00:15:47.194+0000] {processor.py:925} INFO - DAG(s) 'dag_with_catchup_backfill_v01.3' retrieved from /opt/airflow/dags/dag_with_catchup_and_backfill.py
[2024-09-26T00:15:47.233+0000] {logging_mixin.py:190} INFO - [2024-09-26T00:15:47.233+0000] {dag.py:3229} INFO - Sync 1 DAGs
[2024-09-26T00:15:47.256+0000] {logging_mixin.py:190} INFO - [2024-09-26T00:15:47.256+0000] {dag.py:4156} INFO - Setting next_dagrun for dag_with_catchup_backfill_v01.3 to 2024-09-25 00:00:00+00:00, run_after=2024-09-26 00:00:00+00:00
[2024-09-26T00:15:47.282+0000] {processor.py:208} INFO - Processing /opt/airflow/dags/dag_with_catchup_and_backfill.py took 0.208 seconds
[2024-09-26T00:16:17.699+0000] {processor.py:186} INFO - Started process (PID=131561) to work on /opt/airflow/dags/dag_with_catchup_and_backfill.py
[2024-09-26T00:16:17.701+0000] {processor.py:914} INFO - Processing file /opt/airflow/dags/dag_with_catchup_and_backfill.py for tasks to queue
[2024-09-26T00:16:17.706+0000] {logging_mixin.py:190} INFO - [2024-09-26T00:16:17.705+0000] {dagbag.py:587} INFO - Filling up the DagBag from /opt/airflow/dags/dag_with_catchup_and_backfill.py
[2024-09-26T00:16:17.783+0000] {processor.py:925} INFO - DAG(s) 'dag_with_catchup_backfill_v01.3' retrieved from /opt/airflow/dags/dag_with_catchup_and_backfill.py
[2024-09-26T00:16:17.824+0000] {logging_mixin.py:190} INFO - [2024-09-26T00:16:17.823+0000] {dag.py:3229} INFO - Sync 1 DAGs
[2024-09-26T00:16:17.861+0000] {logging_mixin.py:190} INFO - [2024-09-26T00:16:17.861+0000] {dag.py:4156} INFO - Setting next_dagrun for dag_with_catchup_backfill_v01.3 to 2024-09-25 00:00:00+00:00, run_after=2024-09-26 00:00:00+00:00
[2024-09-26T00:16:17.889+0000] {processor.py:208} INFO - Processing /opt/airflow/dags/dag_with_catchup_and_backfill.py took 0.197 seconds
[2024-09-26T00:16:48.231+0000] {processor.py:186} INFO - Started process (PID=131602) to work on /opt/airflow/dags/dag_with_catchup_and_backfill.py
[2024-09-26T00:16:48.232+0000] {processor.py:914} INFO - Processing file /opt/airflow/dags/dag_with_catchup_and_backfill.py for tasks to queue
[2024-09-26T00:16:48.234+0000] {logging_mixin.py:190} INFO - [2024-09-26T00:16:48.234+0000] {dagbag.py:587} INFO - Filling up the DagBag from /opt/airflow/dags/dag_with_catchup_and_backfill.py
[2024-09-26T00:16:48.312+0000] {processor.py:925} INFO - DAG(s) 'dag_with_catchup_backfill_v01.3' retrieved from /opt/airflow/dags/dag_with_catchup_and_backfill.py
[2024-09-26T00:16:48.339+0000] {logging_mixin.py:190} INFO - [2024-09-26T00:16:48.339+0000] {dag.py:3229} INFO - Sync 1 DAGs
[2024-09-26T00:16:48.362+0000] {logging_mixin.py:190} INFO - [2024-09-26T00:16:48.362+0000] {dag.py:4156} INFO - Setting next_dagrun for dag_with_catchup_backfill_v01.3 to 2024-09-25 00:00:00+00:00, run_after=2024-09-26 00:00:00+00:00
[2024-09-26T00:16:48.384+0000] {processor.py:208} INFO - Processing /opt/airflow/dags/dag_with_catchup_and_backfill.py took 0.161 seconds
[2024-09-26T00:17:18.659+0000] {processor.py:186} INFO - Started process (PID=131645) to work on /opt/airflow/dags/dag_with_catchup_and_backfill.py
[2024-09-26T00:17:18.660+0000] {processor.py:914} INFO - Processing file /opt/airflow/dags/dag_with_catchup_and_backfill.py for tasks to queue
[2024-09-26T00:17:18.667+0000] {logging_mixin.py:190} INFO - [2024-09-26T00:17:18.665+0000] {dagbag.py:587} INFO - Filling up the DagBag from /opt/airflow/dags/dag_with_catchup_and_backfill.py
[2024-09-26T00:17:18.751+0000] {processor.py:925} INFO - DAG(s) 'dag_with_catchup_backfill_v01.3' retrieved from /opt/airflow/dags/dag_with_catchup_and_backfill.py
[2024-09-26T00:17:18.778+0000] {logging_mixin.py:190} INFO - [2024-09-26T00:17:18.777+0000] {dag.py:3229} INFO - Sync 1 DAGs
[2024-09-26T00:17:18.802+0000] {logging_mixin.py:190} INFO - [2024-09-26T00:17:18.801+0000] {dag.py:4156} INFO - Setting next_dagrun for dag_with_catchup_backfill_v01.3 to 2024-09-25 00:00:00+00:00, run_after=2024-09-26 00:00:00+00:00
[2024-09-26T00:17:18.823+0000] {processor.py:208} INFO - Processing /opt/airflow/dags/dag_with_catchup_and_backfill.py took 0.172 seconds
[2024-09-26T00:17:49.224+0000] {processor.py:186} INFO - Started process (PID=131688) to work on /opt/airflow/dags/dag_with_catchup_and_backfill.py
[2024-09-26T00:17:49.226+0000] {processor.py:914} INFO - Processing file /opt/airflow/dags/dag_with_catchup_and_backfill.py for tasks to queue
[2024-09-26T00:17:49.228+0000] {logging_mixin.py:190} INFO - [2024-09-26T00:17:49.228+0000] {dagbag.py:587} INFO - Filling up the DagBag from /opt/airflow/dags/dag_with_catchup_and_backfill.py
[2024-09-26T00:17:49.325+0000] {processor.py:925} INFO - DAG(s) 'dag_with_catchup_backfill_v01.3' retrieved from /opt/airflow/dags/dag_with_catchup_and_backfill.py
[2024-09-26T00:17:49.348+0000] {logging_mixin.py:190} INFO - [2024-09-26T00:17:49.348+0000] {dag.py:3229} INFO - Sync 1 DAGs
[2024-09-26T00:17:49.372+0000] {logging_mixin.py:190} INFO - [2024-09-26T00:17:49.371+0000] {dag.py:4156} INFO - Setting next_dagrun for dag_with_catchup_backfill_v01.3 to 2024-09-25 00:00:00+00:00, run_after=2024-09-26 00:00:00+00:00
[2024-09-26T00:17:49.392+0000] {processor.py:208} INFO - Processing /opt/airflow/dags/dag_with_catchup_and_backfill.py took 0.177 seconds
[2024-09-26T00:18:19.852+0000] {processor.py:186} INFO - Started process (PID=131733) to work on /opt/airflow/dags/dag_with_catchup_and_backfill.py
[2024-09-26T00:18:19.854+0000] {processor.py:914} INFO - Processing file /opt/airflow/dags/dag_with_catchup_and_backfill.py for tasks to queue
[2024-09-26T00:18:19.856+0000] {logging_mixin.py:190} INFO - [2024-09-26T00:18:19.856+0000] {dagbag.py:587} INFO - Filling up the DagBag from /opt/airflow/dags/dag_with_catchup_and_backfill.py
[2024-09-26T00:18:19.923+0000] {processor.py:925} INFO - DAG(s) 'dag_with_catchup_backfill_v01.3' retrieved from /opt/airflow/dags/dag_with_catchup_and_backfill.py
[2024-09-26T00:18:19.947+0000] {logging_mixin.py:190} INFO - [2024-09-26T00:18:19.947+0000] {dag.py:3229} INFO - Sync 1 DAGs
[2024-09-26T00:18:19.969+0000] {logging_mixin.py:190} INFO - [2024-09-26T00:18:19.969+0000] {dag.py:4156} INFO - Setting next_dagrun for dag_with_catchup_backfill_v01.3 to 2024-09-25 00:00:00+00:00, run_after=2024-09-26 00:00:00+00:00
[2024-09-26T00:18:19.997+0000] {processor.py:208} INFO - Processing /opt/airflow/dags/dag_with_catchup_and_backfill.py took 0.151 seconds
[2024-09-26T00:18:50.235+0000] {processor.py:186} INFO - Started process (PID=131776) to work on /opt/airflow/dags/dag_with_catchup_and_backfill.py
[2024-09-26T00:18:50.237+0000] {processor.py:914} INFO - Processing file /opt/airflow/dags/dag_with_catchup_and_backfill.py for tasks to queue
[2024-09-26T00:18:50.238+0000] {logging_mixin.py:190} INFO - [2024-09-26T00:18:50.238+0000] {dagbag.py:587} INFO - Filling up the DagBag from /opt/airflow/dags/dag_with_catchup_and_backfill.py
[2024-09-26T00:18:50.318+0000] {processor.py:925} INFO - DAG(s) 'dag_with_catchup_backfill_v01.3' retrieved from /opt/airflow/dags/dag_with_catchup_and_backfill.py
[2024-09-26T00:18:50.346+0000] {logging_mixin.py:190} INFO - [2024-09-26T00:18:50.346+0000] {dag.py:3229} INFO - Sync 1 DAGs
[2024-09-26T00:18:50.371+0000] {logging_mixin.py:190} INFO - [2024-09-26T00:18:50.371+0000] {dag.py:4156} INFO - Setting next_dagrun for dag_with_catchup_backfill_v01.3 to 2024-09-25 00:00:00+00:00, run_after=2024-09-26 00:00:00+00:00
[2024-09-26T00:18:50.402+0000] {processor.py:208} INFO - Processing /opt/airflow/dags/dag_with_catchup_and_backfill.py took 0.172 seconds
[2024-09-26T00:19:20.851+0000] {processor.py:186} INFO - Started process (PID=131819) to work on /opt/airflow/dags/dag_with_catchup_and_backfill.py
[2024-09-26T00:19:20.853+0000] {processor.py:914} INFO - Processing file /opt/airflow/dags/dag_with_catchup_and_backfill.py for tasks to queue
[2024-09-26T00:19:20.858+0000] {logging_mixin.py:190} INFO - [2024-09-26T00:19:20.857+0000] {dagbag.py:587} INFO - Filling up the DagBag from /opt/airflow/dags/dag_with_catchup_and_backfill.py
[2024-09-26T00:19:20.982+0000] {processor.py:925} INFO - DAG(s) 'dag_with_catchup_backfill_v01.3' retrieved from /opt/airflow/dags/dag_with_catchup_and_backfill.py
[2024-09-26T00:19:21.009+0000] {logging_mixin.py:190} INFO - [2024-09-26T00:19:21.009+0000] {dag.py:3229} INFO - Sync 1 DAGs
[2024-09-26T00:19:21.038+0000] {logging_mixin.py:190} INFO - [2024-09-26T00:19:21.038+0000] {dag.py:4156} INFO - Setting next_dagrun for dag_with_catchup_backfill_v01.3 to 2024-09-25 00:00:00+00:00, run_after=2024-09-26 00:00:00+00:00
[2024-09-26T00:19:21.075+0000] {processor.py:208} INFO - Processing /opt/airflow/dags/dag_with_catchup_and_backfill.py took 0.230 seconds
[2024-09-26T00:19:51.262+0000] {processor.py:186} INFO - Started process (PID=131862) to work on /opt/airflow/dags/dag_with_catchup_and_backfill.py
[2024-09-26T00:19:51.264+0000] {processor.py:914} INFO - Processing file /opt/airflow/dags/dag_with_catchup_and_backfill.py for tasks to queue
[2024-09-26T00:19:51.265+0000] {logging_mixin.py:190} INFO - [2024-09-26T00:19:51.265+0000] {dagbag.py:587} INFO - Filling up the DagBag from /opt/airflow/dags/dag_with_catchup_and_backfill.py
[2024-09-26T00:19:51.330+0000] {processor.py:925} INFO - DAG(s) 'dag_with_catchup_backfill_v01.3' retrieved from /opt/airflow/dags/dag_with_catchup_and_backfill.py
[2024-09-26T00:19:51.354+0000] {logging_mixin.py:190} INFO - [2024-09-26T00:19:51.354+0000] {dag.py:3229} INFO - Sync 1 DAGs
[2024-09-26T00:19:51.375+0000] {logging_mixin.py:190} INFO - [2024-09-26T00:19:51.375+0000] {dag.py:4156} INFO - Setting next_dagrun for dag_with_catchup_backfill_v01.3 to 2024-09-25 00:00:00+00:00, run_after=2024-09-26 00:00:00+00:00
[2024-09-26T00:19:51.406+0000] {processor.py:208} INFO - Processing /opt/airflow/dags/dag_with_catchup_and_backfill.py took 0.150 seconds
[2024-09-26T00:20:22.341+0000] {processor.py:186} INFO - Started process (PID=131905) to work on /opt/airflow/dags/dag_with_catchup_and_backfill.py
[2024-09-26T00:20:22.344+0000] {processor.py:914} INFO - Processing file /opt/airflow/dags/dag_with_catchup_and_backfill.py for tasks to queue
[2024-09-26T00:20:22.349+0000] {logging_mixin.py:190} INFO - [2024-09-26T00:20:22.348+0000] {dagbag.py:587} INFO - Filling up the DagBag from /opt/airflow/dags/dag_with_catchup_and_backfill.py
[2024-09-26T00:20:22.487+0000] {processor.py:925} INFO - DAG(s) 'dag_with_catchup_backfill_v01.3' retrieved from /opt/airflow/dags/dag_with_catchup_and_backfill.py
[2024-09-26T00:20:22.532+0000] {logging_mixin.py:190} INFO - [2024-09-26T00:20:22.532+0000] {dag.py:3229} INFO - Sync 1 DAGs
[2024-09-26T00:20:22.584+0000] {logging_mixin.py:190} INFO - [2024-09-26T00:20:22.584+0000] {dag.py:4156} INFO - Setting next_dagrun for dag_with_catchup_backfill_v01.3 to 2024-09-25 00:00:00+00:00, run_after=2024-09-26 00:00:00+00:00
[2024-09-26T00:20:22.649+0000] {processor.py:208} INFO - Processing /opt/airflow/dags/dag_with_catchup_and_backfill.py took 0.320 seconds
[2024-09-26T00:20:53.509+0000] {processor.py:186} INFO - Started process (PID=131948) to work on /opt/airflow/dags/dag_with_catchup_and_backfill.py
[2024-09-26T00:20:53.511+0000] {processor.py:914} INFO - Processing file /opt/airflow/dags/dag_with_catchup_and_backfill.py for tasks to queue
[2024-09-26T00:20:53.515+0000] {logging_mixin.py:190} INFO - [2024-09-26T00:20:53.515+0000] {dagbag.py:587} INFO - Filling up the DagBag from /opt/airflow/dags/dag_with_catchup_and_backfill.py
[2024-09-26T00:20:53.615+0000] {processor.py:925} INFO - DAG(s) 'dag_with_catchup_backfill_v01.3' retrieved from /opt/airflow/dags/dag_with_catchup_and_backfill.py
[2024-09-26T00:20:53.661+0000] {logging_mixin.py:190} INFO - [2024-09-26T00:20:53.661+0000] {dag.py:3229} INFO - Sync 1 DAGs
[2024-09-26T00:20:53.705+0000] {logging_mixin.py:190} INFO - [2024-09-26T00:20:53.705+0000] {dag.py:4156} INFO - Setting next_dagrun for dag_with_catchup_backfill_v01.3 to 2024-09-25 00:00:00+00:00, run_after=2024-09-26 00:00:00+00:00
[2024-09-26T00:20:53.741+0000] {processor.py:208} INFO - Processing /opt/airflow/dags/dag_with_catchup_and_backfill.py took 0.246 seconds
[2024-09-26T00:21:24.041+0000] {processor.py:186} INFO - Started process (PID=131991) to work on /opt/airflow/dags/dag_with_catchup_and_backfill.py
[2024-09-26T00:21:24.043+0000] {processor.py:914} INFO - Processing file /opt/airflow/dags/dag_with_catchup_and_backfill.py for tasks to queue
[2024-09-26T00:21:24.046+0000] {logging_mixin.py:190} INFO - [2024-09-26T00:21:24.045+0000] {dagbag.py:587} INFO - Filling up the DagBag from /opt/airflow/dags/dag_with_catchup_and_backfill.py
[2024-09-26T00:21:24.134+0000] {processor.py:925} INFO - DAG(s) 'dag_with_catchup_backfill_v01.3' retrieved from /opt/airflow/dags/dag_with_catchup_and_backfill.py
[2024-09-26T00:21:24.161+0000] {logging_mixin.py:190} INFO - [2024-09-26T00:21:24.161+0000] {dag.py:3229} INFO - Sync 1 DAGs
[2024-09-26T00:21:24.188+0000] {logging_mixin.py:190} INFO - [2024-09-26T00:21:24.188+0000] {dag.py:4156} INFO - Setting next_dagrun for dag_with_catchup_backfill_v01.3 to 2024-09-25 00:00:00+00:00, run_after=2024-09-26 00:00:00+00:00
[2024-09-26T00:21:24.224+0000] {processor.py:208} INFO - Processing /opt/airflow/dags/dag_with_catchup_and_backfill.py took 0.192 seconds
[2024-09-26T00:21:54.933+0000] {processor.py:186} INFO - Started process (PID=132034) to work on /opt/airflow/dags/dag_with_catchup_and_backfill.py
[2024-09-26T00:21:54.934+0000] {processor.py:914} INFO - Processing file /opt/airflow/dags/dag_with_catchup_and_backfill.py for tasks to queue
[2024-09-26T00:21:54.936+0000] {logging_mixin.py:190} INFO - [2024-09-26T00:21:54.936+0000] {dagbag.py:587} INFO - Filling up the DagBag from /opt/airflow/dags/dag_with_catchup_and_backfill.py
[2024-09-26T00:21:55.012+0000] {processor.py:925} INFO - DAG(s) 'dag_with_catchup_backfill_v01.3' retrieved from /opt/airflow/dags/dag_with_catchup_and_backfill.py
[2024-09-26T00:21:55.034+0000] {logging_mixin.py:190} INFO - [2024-09-26T00:21:55.034+0000] {dag.py:3229} INFO - Sync 1 DAGs
[2024-09-26T00:21:55.055+0000] {logging_mixin.py:190} INFO - [2024-09-26T00:21:55.054+0000] {dag.py:4156} INFO - Setting next_dagrun for dag_with_catchup_backfill_v01.3 to 2024-09-25 00:00:00+00:00, run_after=2024-09-26 00:00:00+00:00
[2024-09-26T00:21:55.079+0000] {processor.py:208} INFO - Processing /opt/airflow/dags/dag_with_catchup_and_backfill.py took 0.151 seconds
[2024-09-26T00:22:25.314+0000] {processor.py:186} INFO - Started process (PID=132077) to work on /opt/airflow/dags/dag_with_catchup_and_backfill.py
[2024-09-26T00:22:25.316+0000] {processor.py:914} INFO - Processing file /opt/airflow/dags/dag_with_catchup_and_backfill.py for tasks to queue
[2024-09-26T00:22:25.318+0000] {logging_mixin.py:190} INFO - [2024-09-26T00:22:25.317+0000] {dagbag.py:587} INFO - Filling up the DagBag from /opt/airflow/dags/dag_with_catchup_and_backfill.py
[2024-09-26T00:22:25.387+0000] {processor.py:925} INFO - DAG(s) 'dag_with_catchup_backfill_v01.3' retrieved from /opt/airflow/dags/dag_with_catchup_and_backfill.py
[2024-09-26T00:22:25.412+0000] {logging_mixin.py:190} INFO - [2024-09-26T00:22:25.412+0000] {dag.py:3229} INFO - Sync 1 DAGs
[2024-09-26T00:22:25.438+0000] {logging_mixin.py:190} INFO - [2024-09-26T00:22:25.438+0000] {dag.py:4156} INFO - Setting next_dagrun for dag_with_catchup_backfill_v01.3 to 2024-09-25 00:00:00+00:00, run_after=2024-09-26 00:00:00+00:00
[2024-09-26T00:22:25.470+0000] {processor.py:208} INFO - Processing /opt/airflow/dags/dag_with_catchup_and_backfill.py took 0.161 seconds
[2024-09-26T00:22:56.383+0000] {processor.py:186} INFO - Started process (PID=132120) to work on /opt/airflow/dags/dag_with_catchup_and_backfill.py
[2024-09-26T00:22:56.429+0000] {processor.py:914} INFO - Processing file /opt/airflow/dags/dag_with_catchup_and_backfill.py for tasks to queue
[2024-09-26T00:22:56.463+0000] {logging_mixin.py:190} INFO - [2024-09-26T00:22:56.463+0000] {dagbag.py:587} INFO - Filling up the DagBag from /opt/airflow/dags/dag_with_catchup_and_backfill.py
[2024-09-26T00:22:56.671+0000] {processor.py:925} INFO - DAG(s) 'dag_with_catchup_backfill_v01.3' retrieved from /opt/airflow/dags/dag_with_catchup_and_backfill.py
[2024-09-26T00:22:56.735+0000] {logging_mixin.py:190} INFO - [2024-09-26T00:22:56.734+0000] {dag.py:3229} INFO - Sync 1 DAGs
[2024-09-26T00:22:56.803+0000] {logging_mixin.py:190} INFO - [2024-09-26T00:22:56.803+0000] {dag.py:4156} INFO - Setting next_dagrun for dag_with_catchup_backfill_v01.3 to 2024-09-25 00:00:00+00:00, run_after=2024-09-26 00:00:00+00:00
[2024-09-26T00:22:56.867+0000] {processor.py:208} INFO - Processing /opt/airflow/dags/dag_with_catchup_and_backfill.py took 0.493 seconds
[2024-09-26T00:23:27.983+0000] {processor.py:186} INFO - Started process (PID=132163) to work on /opt/airflow/dags/dag_with_catchup_and_backfill.py
[2024-09-26T00:23:27.985+0000] {processor.py:914} INFO - Processing file /opt/airflow/dags/dag_with_catchup_and_backfill.py for tasks to queue
[2024-09-26T00:23:27.987+0000] {logging_mixin.py:190} INFO - [2024-09-26T00:23:27.987+0000] {dagbag.py:587} INFO - Filling up the DagBag from /opt/airflow/dags/dag_with_catchup_and_backfill.py
[2024-09-26T00:23:28.097+0000] {processor.py:925} INFO - DAG(s) 'dag_with_catchup_backfill_v01.3' retrieved from /opt/airflow/dags/dag_with_catchup_and_backfill.py
[2024-09-26T00:23:28.139+0000] {logging_mixin.py:190} INFO - [2024-09-26T00:23:28.138+0000] {dag.py:3229} INFO - Sync 1 DAGs
[2024-09-26T00:23:28.179+0000] {logging_mixin.py:190} INFO - [2024-09-26T00:23:28.178+0000] {dag.py:4156} INFO - Setting next_dagrun for dag_with_catchup_backfill_v01.3 to 2024-09-25 00:00:00+00:00, run_after=2024-09-26 00:00:00+00:00
[2024-09-26T00:23:28.224+0000] {processor.py:208} INFO - Processing /opt/airflow/dags/dag_with_catchup_and_backfill.py took 0.251 seconds
[2024-09-26T00:23:58.492+0000] {processor.py:186} INFO - Started process (PID=132206) to work on /opt/airflow/dags/dag_with_catchup_and_backfill.py
[2024-09-26T00:23:58.495+0000] {processor.py:914} INFO - Processing file /opt/airflow/dags/dag_with_catchup_and_backfill.py for tasks to queue
[2024-09-26T00:23:58.500+0000] {logging_mixin.py:190} INFO - [2024-09-26T00:23:58.498+0000] {dagbag.py:587} INFO - Filling up the DagBag from /opt/airflow/dags/dag_with_catchup_and_backfill.py
[2024-09-26T00:23:58.608+0000] {processor.py:925} INFO - DAG(s) 'dag_with_catchup_backfill_v01.3' retrieved from /opt/airflow/dags/dag_with_catchup_and_backfill.py
[2024-09-26T00:23:58.661+0000] {logging_mixin.py:190} INFO - [2024-09-26T00:23:58.660+0000] {dag.py:3229} INFO - Sync 1 DAGs
[2024-09-26T00:23:58.833+0000] {logging_mixin.py:190} INFO - [2024-09-26T00:23:58.833+0000] {dag.py:4156} INFO - Setting next_dagrun for dag_with_catchup_backfill_v01.3 to 2024-09-25 00:00:00+00:00, run_after=2024-09-26 00:00:00+00:00
[2024-09-26T00:23:58.974+0000] {processor.py:208} INFO - Processing /opt/airflow/dags/dag_with_catchup_and_backfill.py took 0.495 seconds
[2024-09-26T00:24:30.044+0000] {processor.py:186} INFO - Started process (PID=132247) to work on /opt/airflow/dags/dag_with_catchup_and_backfill.py
[2024-09-26T00:24:30.046+0000] {processor.py:914} INFO - Processing file /opt/airflow/dags/dag_with_catchup_and_backfill.py for tasks to queue
[2024-09-26T00:24:30.049+0000] {logging_mixin.py:190} INFO - [2024-09-26T00:24:30.048+0000] {dagbag.py:587} INFO - Filling up the DagBag from /opt/airflow/dags/dag_with_catchup_and_backfill.py
[2024-09-26T00:24:30.235+0000] {processor.py:925} INFO - DAG(s) 'dag_with_catchup_backfill_v01.3' retrieved from /opt/airflow/dags/dag_with_catchup_and_backfill.py
[2024-09-26T00:24:30.290+0000] {logging_mixin.py:190} INFO - [2024-09-26T00:24:30.290+0000] {dag.py:3229} INFO - Sync 1 DAGs
[2024-09-26T00:24:30.348+0000] {logging_mixin.py:190} INFO - [2024-09-26T00:24:30.348+0000] {dag.py:4156} INFO - Setting next_dagrun for dag_with_catchup_backfill_v01.3 to 2024-09-25 00:00:00+00:00, run_after=2024-09-26 00:00:00+00:00
[2024-09-26T00:24:30.401+0000] {processor.py:208} INFO - Processing /opt/airflow/dags/dag_with_catchup_and_backfill.py took 0.370 seconds
[2024-09-26T00:25:00.993+0000] {processor.py:186} INFO - Started process (PID=132292) to work on /opt/airflow/dags/dag_with_catchup_and_backfill.py
[2024-09-26T00:25:00.994+0000] {processor.py:914} INFO - Processing file /opt/airflow/dags/dag_with_catchup_and_backfill.py for tasks to queue
[2024-09-26T00:25:00.997+0000] {logging_mixin.py:190} INFO - [2024-09-26T00:25:00.996+0000] {dagbag.py:587} INFO - Filling up the DagBag from /opt/airflow/dags/dag_with_catchup_and_backfill.py
[2024-09-26T00:25:01.093+0000] {processor.py:925} INFO - DAG(s) 'dag_with_catchup_backfill_v01.3' retrieved from /opt/airflow/dags/dag_with_catchup_and_backfill.py
[2024-09-26T00:25:01.134+0000] {logging_mixin.py:190} INFO - [2024-09-26T00:25:01.134+0000] {dag.py:3229} INFO - Sync 1 DAGs
[2024-09-26T00:25:01.170+0000] {logging_mixin.py:190} INFO - [2024-09-26T00:25:01.170+0000] {dag.py:4156} INFO - Setting next_dagrun for dag_with_catchup_backfill_v01.3 to 2024-09-25 00:00:00+00:00, run_after=2024-09-26 00:00:00+00:00
[2024-09-26T00:25:01.217+0000] {processor.py:208} INFO - Processing /opt/airflow/dags/dag_with_catchup_and_backfill.py took 0.232 seconds
[2024-09-26T00:25:31.609+0000] {processor.py:186} INFO - Started process (PID=132335) to work on /opt/airflow/dags/dag_with_catchup_and_backfill.py
[2024-09-26T00:25:31.610+0000] {processor.py:914} INFO - Processing file /opt/airflow/dags/dag_with_catchup_and_backfill.py for tasks to queue
[2024-09-26T00:25:31.613+0000] {logging_mixin.py:190} INFO - [2024-09-26T00:25:31.613+0000] {dagbag.py:587} INFO - Filling up the DagBag from /opt/airflow/dags/dag_with_catchup_and_backfill.py
[2024-09-26T00:25:31.687+0000] {processor.py:925} INFO - DAG(s) 'dag_with_catchup_backfill_v01.3' retrieved from /opt/airflow/dags/dag_with_catchup_and_backfill.py
[2024-09-26T00:25:31.711+0000] {logging_mixin.py:190} INFO - [2024-09-26T00:25:31.711+0000] {dag.py:3229} INFO - Sync 1 DAGs
[2024-09-26T00:25:31.734+0000] {logging_mixin.py:190} INFO - [2024-09-26T00:25:31.734+0000] {dag.py:4156} INFO - Setting next_dagrun for dag_with_catchup_backfill_v01.3 to 2024-09-25 00:00:00+00:00, run_after=2024-09-26 00:00:00+00:00
[2024-09-26T00:25:31.765+0000] {processor.py:208} INFO - Processing /opt/airflow/dags/dag_with_catchup_and_backfill.py took 0.162 seconds
[2024-09-26T00:26:02.079+0000] {processor.py:186} INFO - Started process (PID=132376) to work on /opt/airflow/dags/dag_with_catchup_and_backfill.py
[2024-09-26T00:26:02.081+0000] {processor.py:914} INFO - Processing file /opt/airflow/dags/dag_with_catchup_and_backfill.py for tasks to queue
[2024-09-26T00:26:02.084+0000] {logging_mixin.py:190} INFO - [2024-09-26T00:26:02.083+0000] {dagbag.py:587} INFO - Filling up the DagBag from /opt/airflow/dags/dag_with_catchup_and_backfill.py
[2024-09-26T00:26:02.176+0000] {processor.py:925} INFO - DAG(s) 'dag_with_catchup_backfill_v01.3' retrieved from /opt/airflow/dags/dag_with_catchup_and_backfill.py
[2024-09-26T00:26:02.199+0000] {logging_mixin.py:190} INFO - [2024-09-26T00:26:02.199+0000] {dag.py:3229} INFO - Sync 1 DAGs
[2024-09-26T00:26:02.219+0000] {logging_mixin.py:190} INFO - [2024-09-26T00:26:02.219+0000] {dag.py:4156} INFO - Setting next_dagrun for dag_with_catchup_backfill_v01.3 to 2024-09-25 00:00:00+00:00, run_after=2024-09-26 00:00:00+00:00
[2024-09-26T00:26:02.245+0000] {processor.py:208} INFO - Processing /opt/airflow/dags/dag_with_catchup_and_backfill.py took 0.173 seconds
[2024-09-26T00:26:32.494+0000] {processor.py:186} INFO - Started process (PID=132419) to work on /opt/airflow/dags/dag_with_catchup_and_backfill.py
[2024-09-26T00:26:32.496+0000] {processor.py:914} INFO - Processing file /opt/airflow/dags/dag_with_catchup_and_backfill.py for tasks to queue
[2024-09-26T00:26:32.498+0000] {logging_mixin.py:190} INFO - [2024-09-26T00:26:32.498+0000] {dagbag.py:587} INFO - Filling up the DagBag from /opt/airflow/dags/dag_with_catchup_and_backfill.py
[2024-09-26T00:26:32.573+0000] {processor.py:925} INFO - DAG(s) 'dag_with_catchup_backfill_v01.3' retrieved from /opt/airflow/dags/dag_with_catchup_and_backfill.py
[2024-09-26T00:26:32.594+0000] {logging_mixin.py:190} INFO - [2024-09-26T00:26:32.594+0000] {dag.py:3229} INFO - Sync 1 DAGs
[2024-09-26T00:26:32.615+0000] {logging_mixin.py:190} INFO - [2024-09-26T00:26:32.615+0000] {dag.py:4156} INFO - Setting next_dagrun for dag_with_catchup_backfill_v01.3 to 2024-09-25 00:00:00+00:00, run_after=2024-09-26 00:00:00+00:00
[2024-09-26T00:26:32.639+0000] {processor.py:208} INFO - Processing /opt/airflow/dags/dag_with_catchup_and_backfill.py took 0.153 seconds
[2024-09-26T00:27:02.951+0000] {processor.py:186} INFO - Started process (PID=132462) to work on /opt/airflow/dags/dag_with_catchup_and_backfill.py
[2024-09-26T00:27:02.953+0000] {processor.py:914} INFO - Processing file /opt/airflow/dags/dag_with_catchup_and_backfill.py for tasks to queue
[2024-09-26T00:27:02.955+0000] {logging_mixin.py:190} INFO - [2024-09-26T00:27:02.955+0000] {dagbag.py:587} INFO - Filling up the DagBag from /opt/airflow/dags/dag_with_catchup_and_backfill.py
[2024-09-26T00:27:03.050+0000] {processor.py:925} INFO - DAG(s) 'dag_with_catchup_backfill_v01.3' retrieved from /opt/airflow/dags/dag_with_catchup_and_backfill.py
[2024-09-26T00:27:03.085+0000] {logging_mixin.py:190} INFO - [2024-09-26T00:27:03.085+0000] {dag.py:3229} INFO - Sync 1 DAGs
[2024-09-26T00:27:03.107+0000] {logging_mixin.py:190} INFO - [2024-09-26T00:27:03.107+0000] {dag.py:4156} INFO - Setting next_dagrun for dag_with_catchup_backfill_v01.3 to 2024-09-25 00:00:00+00:00, run_after=2024-09-26 00:00:00+00:00
[2024-09-26T00:27:03.134+0000] {processor.py:208} INFO - Processing /opt/airflow/dags/dag_with_catchup_and_backfill.py took 0.188 seconds
[2024-09-26T00:27:33.634+0000] {processor.py:186} INFO - Started process (PID=132507) to work on /opt/airflow/dags/dag_with_catchup_and_backfill.py
[2024-09-26T00:27:33.636+0000] {processor.py:914} INFO - Processing file /opt/airflow/dags/dag_with_catchup_and_backfill.py for tasks to queue
[2024-09-26T00:27:33.638+0000] {logging_mixin.py:190} INFO - [2024-09-26T00:27:33.637+0000] {dagbag.py:587} INFO - Filling up the DagBag from /opt/airflow/dags/dag_with_catchup_and_backfill.py
[2024-09-26T00:27:33.748+0000] {processor.py:925} INFO - DAG(s) 'dag_with_catchup_backfill_v01.3' retrieved from /opt/airflow/dags/dag_with_catchup_and_backfill.py
[2024-09-26T00:27:33.781+0000] {logging_mixin.py:190} INFO - [2024-09-26T00:27:33.781+0000] {dag.py:3229} INFO - Sync 1 DAGs
[2024-09-26T00:27:33.807+0000] {logging_mixin.py:190} INFO - [2024-09-26T00:27:33.807+0000] {dag.py:4156} INFO - Setting next_dagrun for dag_with_catchup_backfill_v01.3 to 2024-09-25 00:00:00+00:00, run_after=2024-09-26 00:00:00+00:00
[2024-09-26T00:27:33.844+0000] {processor.py:208} INFO - Processing /opt/airflow/dags/dag_with_catchup_and_backfill.py took 0.219 seconds
[2024-09-26T00:28:05.047+0000] {processor.py:186} INFO - Started process (PID=132550) to work on /opt/airflow/dags/dag_with_catchup_and_backfill.py
[2024-09-26T00:28:05.050+0000] {processor.py:914} INFO - Processing file /opt/airflow/dags/dag_with_catchup_and_backfill.py for tasks to queue
[2024-09-26T00:28:05.052+0000] {logging_mixin.py:190} INFO - [2024-09-26T00:28:05.052+0000] {dagbag.py:587} INFO - Filling up the DagBag from /opt/airflow/dags/dag_with_catchup_and_backfill.py
[2024-09-26T00:28:05.170+0000] {processor.py:925} INFO - DAG(s) 'dag_with_catchup_backfill_v01.3' retrieved from /opt/airflow/dags/dag_with_catchup_and_backfill.py
[2024-09-26T00:28:05.199+0000] {logging_mixin.py:190} INFO - [2024-09-26T00:28:05.198+0000] {dag.py:3229} INFO - Sync 1 DAGs
[2024-09-26T00:28:05.221+0000] {logging_mixin.py:190} INFO - [2024-09-26T00:28:05.220+0000] {dag.py:4156} INFO - Setting next_dagrun for dag_with_catchup_backfill_v01.3 to 2024-09-25 00:00:00+00:00, run_after=2024-09-26 00:00:00+00:00
[2024-09-26T00:28:05.258+0000] {processor.py:208} INFO - Processing /opt/airflow/dags/dag_with_catchup_and_backfill.py took 0.224 seconds
[2024-09-26T00:28:35.583+0000] {processor.py:186} INFO - Started process (PID=132593) to work on /opt/airflow/dags/dag_with_catchup_and_backfill.py
[2024-09-26T00:28:35.584+0000] {processor.py:914} INFO - Processing file /opt/airflow/dags/dag_with_catchup_and_backfill.py for tasks to queue
[2024-09-26T00:28:35.586+0000] {logging_mixin.py:190} INFO - [2024-09-26T00:28:35.586+0000] {dagbag.py:587} INFO - Filling up the DagBag from /opt/airflow/dags/dag_with_catchup_and_backfill.py
[2024-09-26T00:28:35.678+0000] {processor.py:925} INFO - DAG(s) 'dag_with_catchup_backfill_v01.3' retrieved from /opt/airflow/dags/dag_with_catchup_and_backfill.py
[2024-09-26T00:28:35.711+0000] {logging_mixin.py:190} INFO - [2024-09-26T00:28:35.711+0000] {dag.py:3229} INFO - Sync 1 DAGs
[2024-09-26T00:28:35.742+0000] {logging_mixin.py:190} INFO - [2024-09-26T00:28:35.742+0000] {dag.py:4156} INFO - Setting next_dagrun for dag_with_catchup_backfill_v01.3 to 2024-09-25 00:00:00+00:00, run_after=2024-09-26 00:00:00+00:00
[2024-09-26T00:28:35.766+0000] {processor.py:208} INFO - Processing /opt/airflow/dags/dag_with_catchup_and_backfill.py took 0.192 seconds
[2024-09-26T00:29:06.537+0000] {processor.py:186} INFO - Started process (PID=132636) to work on /opt/airflow/dags/dag_with_catchup_and_backfill.py
[2024-09-26T00:29:06.539+0000] {processor.py:914} INFO - Processing file /opt/airflow/dags/dag_with_catchup_and_backfill.py for tasks to queue
[2024-09-26T00:29:06.542+0000] {logging_mixin.py:190} INFO - [2024-09-26T00:29:06.541+0000] {dagbag.py:587} INFO - Filling up the DagBag from /opt/airflow/dags/dag_with_catchup_and_backfill.py
[2024-09-26T00:29:06.635+0000] {processor.py:925} INFO - DAG(s) 'dag_with_catchup_backfill_v01.3' retrieved from /opt/airflow/dags/dag_with_catchup_and_backfill.py
[2024-09-26T00:29:06.684+0000] {logging_mixin.py:190} INFO - [2024-09-26T00:29:06.684+0000] {dag.py:3229} INFO - Sync 1 DAGs
[2024-09-26T00:29:06.727+0000] {logging_mixin.py:190} INFO - [2024-09-26T00:29:06.727+0000] {dag.py:4156} INFO - Setting next_dagrun for dag_with_catchup_backfill_v01.3 to 2024-09-25 00:00:00+00:00, run_after=2024-09-26 00:00:00+00:00
[2024-09-26T00:29:06.779+0000] {processor.py:208} INFO - Processing /opt/airflow/dags/dag_with_catchup_and_backfill.py took 0.250 seconds
[2024-09-26T00:29:37.005+0000] {processor.py:186} INFO - Started process (PID=132679) to work on /opt/airflow/dags/dag_with_catchup_and_backfill.py
[2024-09-26T00:29:37.007+0000] {processor.py:914} INFO - Processing file /opt/airflow/dags/dag_with_catchup_and_backfill.py for tasks to queue
[2024-09-26T00:29:37.009+0000] {logging_mixin.py:190} INFO - [2024-09-26T00:29:37.009+0000] {dagbag.py:587} INFO - Filling up the DagBag from /opt/airflow/dags/dag_with_catchup_and_backfill.py
[2024-09-26T00:29:37.106+0000] {processor.py:925} INFO - DAG(s) 'dag_with_catchup_backfill_v01.3' retrieved from /opt/airflow/dags/dag_with_catchup_and_backfill.py
[2024-09-26T00:29:37.128+0000] {logging_mixin.py:190} INFO - [2024-09-26T00:29:37.128+0000] {dag.py:3229} INFO - Sync 1 DAGs
[2024-09-26T00:29:37.147+0000] {logging_mixin.py:190} INFO - [2024-09-26T00:29:37.146+0000] {dag.py:4156} INFO - Setting next_dagrun for dag_with_catchup_backfill_v01.3 to 2024-09-25 00:00:00+00:00, run_after=2024-09-26 00:00:00+00:00
[2024-09-26T00:29:37.171+0000] {processor.py:208} INFO - Processing /opt/airflow/dags/dag_with_catchup_and_backfill.py took 0.171 seconds
[2024-09-26T00:30:07.770+0000] {processor.py:186} INFO - Started process (PID=132722) to work on /opt/airflow/dags/dag_with_catchup_and_backfill.py
[2024-09-26T00:30:07.773+0000] {processor.py:914} INFO - Processing file /opt/airflow/dags/dag_with_catchup_and_backfill.py for tasks to queue
[2024-09-26T00:30:07.776+0000] {logging_mixin.py:190} INFO - [2024-09-26T00:30:07.776+0000] {dagbag.py:587} INFO - Filling up the DagBag from /opt/airflow/dags/dag_with_catchup_and_backfill.py
[2024-09-26T00:30:07.888+0000] {processor.py:925} INFO - DAG(s) 'dag_with_catchup_backfill_v01.3' retrieved from /opt/airflow/dags/dag_with_catchup_and_backfill.py
[2024-09-26T00:30:07.917+0000] {logging_mixin.py:190} INFO - [2024-09-26T00:30:07.917+0000] {dag.py:3229} INFO - Sync 1 DAGs
[2024-09-26T00:30:07.949+0000] {logging_mixin.py:190} INFO - [2024-09-26T00:30:07.948+0000] {dag.py:4156} INFO - Setting next_dagrun for dag_with_catchup_backfill_v01.3 to 2024-09-25 00:00:00+00:00, run_after=2024-09-26 00:00:00+00:00
[2024-09-26T00:30:07.984+0000] {processor.py:208} INFO - Processing /opt/airflow/dags/dag_with_catchup_and_backfill.py took 0.229 seconds
[2024-09-26T00:30:38.375+0000] {processor.py:186} INFO - Started process (PID=132763) to work on /opt/airflow/dags/dag_with_catchup_and_backfill.py
[2024-09-26T00:30:38.377+0000] {processor.py:914} INFO - Processing file /opt/airflow/dags/dag_with_catchup_and_backfill.py for tasks to queue
[2024-09-26T00:30:38.379+0000] {logging_mixin.py:190} INFO - [2024-09-26T00:30:38.378+0000] {dagbag.py:587} INFO - Filling up the DagBag from /opt/airflow/dags/dag_with_catchup_and_backfill.py
[2024-09-26T00:30:38.458+0000] {processor.py:925} INFO - DAG(s) 'dag_with_catchup_backfill_v01.3' retrieved from /opt/airflow/dags/dag_with_catchup_and_backfill.py
[2024-09-26T00:30:38.488+0000] {logging_mixin.py:190} INFO - [2024-09-26T00:30:38.488+0000] {dag.py:3229} INFO - Sync 1 DAGs
[2024-09-26T00:30:38.513+0000] {logging_mixin.py:190} INFO - [2024-09-26T00:30:38.513+0000] {dag.py:4156} INFO - Setting next_dagrun for dag_with_catchup_backfill_v01.3 to 2024-09-25 00:00:00+00:00, run_after=2024-09-26 00:00:00+00:00
[2024-09-26T00:30:38.539+0000] {processor.py:208} INFO - Processing /opt/airflow/dags/dag_with_catchup_and_backfill.py took 0.170 seconds
[2024-09-26T00:31:09.498+0000] {processor.py:186} INFO - Started process (PID=132806) to work on /opt/airflow/dags/dag_with_catchup_and_backfill.py
[2024-09-26T00:31:09.500+0000] {processor.py:914} INFO - Processing file /opt/airflow/dags/dag_with_catchup_and_backfill.py for tasks to queue
[2024-09-26T00:31:09.503+0000] {logging_mixin.py:190} INFO - [2024-09-26T00:31:09.502+0000] {dagbag.py:587} INFO - Filling up the DagBag from /opt/airflow/dags/dag_with_catchup_and_backfill.py
[2024-09-26T00:31:09.581+0000] {processor.py:925} INFO - DAG(s) 'dag_with_catchup_backfill_v01.3' retrieved from /opt/airflow/dags/dag_with_catchup_and_backfill.py
[2024-09-26T00:31:09.613+0000] {logging_mixin.py:190} INFO - [2024-09-26T00:31:09.613+0000] {dag.py:3229} INFO - Sync 1 DAGs
[2024-09-26T00:31:09.641+0000] {logging_mixin.py:190} INFO - [2024-09-26T00:31:09.641+0000] {dag.py:4156} INFO - Setting next_dagrun for dag_with_catchup_backfill_v01.3 to 2024-09-25 00:00:00+00:00, run_after=2024-09-26 00:00:00+00:00
[2024-09-26T00:31:09.663+0000] {processor.py:208} INFO - Processing /opt/airflow/dags/dag_with_catchup_and_backfill.py took 0.173 seconds
[2024-09-26T00:31:40.018+0000] {processor.py:186} INFO - Started process (PID=132846) to work on /opt/airflow/dags/dag_with_catchup_and_backfill.py
[2024-09-26T00:31:40.020+0000] {processor.py:914} INFO - Processing file /opt/airflow/dags/dag_with_catchup_and_backfill.py for tasks to queue
[2024-09-26T00:31:40.022+0000] {logging_mixin.py:190} INFO - [2024-09-26T00:31:40.022+0000] {dagbag.py:587} INFO - Filling up the DagBag from /opt/airflow/dags/dag_with_catchup_and_backfill.py
[2024-09-26T00:31:40.134+0000] {processor.py:925} INFO - DAG(s) 'dag_with_catchup_backfill_v01.3' retrieved from /opt/airflow/dags/dag_with_catchup_and_backfill.py
[2024-09-26T00:31:40.165+0000] {logging_mixin.py:190} INFO - [2024-09-26T00:31:40.165+0000] {dag.py:3229} INFO - Sync 1 DAGs
[2024-09-26T00:31:40.188+0000] {logging_mixin.py:190} INFO - [2024-09-26T00:31:40.188+0000] {dag.py:4156} INFO - Setting next_dagrun for dag_with_catchup_backfill_v01.3 to 2024-09-25 00:00:00+00:00, run_after=2024-09-26 00:00:00+00:00
[2024-09-26T00:31:40.215+0000] {processor.py:208} INFO - Processing /opt/airflow/dags/dag_with_catchup_and_backfill.py took 0.203 seconds
[2024-09-26T00:32:10.577+0000] {processor.py:186} INFO - Started process (PID=132889) to work on /opt/airflow/dags/dag_with_catchup_and_backfill.py
[2024-09-26T00:32:10.578+0000] {processor.py:914} INFO - Processing file /opt/airflow/dags/dag_with_catchup_and_backfill.py for tasks to queue
[2024-09-26T00:32:10.581+0000] {logging_mixin.py:190} INFO - [2024-09-26T00:32:10.581+0000] {dagbag.py:587} INFO - Filling up the DagBag from /opt/airflow/dags/dag_with_catchup_and_backfill.py
[2024-09-26T00:32:10.653+0000] {processor.py:925} INFO - DAG(s) 'dag_with_catchup_backfill_v01.3' retrieved from /opt/airflow/dags/dag_with_catchup_and_backfill.py
[2024-09-26T00:32:10.690+0000] {logging_mixin.py:190} INFO - [2024-09-26T00:32:10.690+0000] {dag.py:3229} INFO - Sync 1 DAGs
[2024-09-26T00:32:10.726+0000] {logging_mixin.py:190} INFO - [2024-09-26T00:32:10.725+0000] {dag.py:4156} INFO - Setting next_dagrun for dag_with_catchup_backfill_v01.3 to 2024-09-25 00:00:00+00:00, run_after=2024-09-26 00:00:00+00:00
[2024-09-26T00:32:10.758+0000] {processor.py:208} INFO - Processing /opt/airflow/dags/dag_with_catchup_and_backfill.py took 0.191 seconds
[2024-09-26T00:32:41.101+0000] {processor.py:186} INFO - Started process (PID=132932) to work on /opt/airflow/dags/dag_with_catchup_and_backfill.py
[2024-09-26T00:32:41.102+0000] {processor.py:914} INFO - Processing file /opt/airflow/dags/dag_with_catchup_and_backfill.py for tasks to queue
[2024-09-26T00:32:41.105+0000] {logging_mixin.py:190} INFO - [2024-09-26T00:32:41.104+0000] {dagbag.py:587} INFO - Filling up the DagBag from /opt/airflow/dags/dag_with_catchup_and_backfill.py
[2024-09-26T00:32:41.192+0000] {processor.py:925} INFO - DAG(s) 'dag_with_catchup_backfill_v01.3' retrieved from /opt/airflow/dags/dag_with_catchup_and_backfill.py
[2024-09-26T00:32:41.216+0000] {logging_mixin.py:190} INFO - [2024-09-26T00:32:41.215+0000] {dag.py:3229} INFO - Sync 1 DAGs
[2024-09-26T00:32:41.244+0000] {logging_mixin.py:190} INFO - [2024-09-26T00:32:41.244+0000] {dag.py:4156} INFO - Setting next_dagrun for dag_with_catchup_backfill_v01.3 to 2024-09-25 00:00:00+00:00, run_after=2024-09-26 00:00:00+00:00
[2024-09-26T00:32:41.274+0000] {processor.py:208} INFO - Processing /opt/airflow/dags/dag_with_catchup_and_backfill.py took 0.179 seconds
[2024-09-26T00:33:11.715+0000] {processor.py:186} INFO - Started process (PID=132975) to work on /opt/airflow/dags/dag_with_catchup_and_backfill.py
[2024-09-26T00:33:11.717+0000] {processor.py:914} INFO - Processing file /opt/airflow/dags/dag_with_catchup_and_backfill.py for tasks to queue
[2024-09-26T00:33:11.719+0000] {logging_mixin.py:190} INFO - [2024-09-26T00:33:11.719+0000] {dagbag.py:587} INFO - Filling up the DagBag from /opt/airflow/dags/dag_with_catchup_and_backfill.py
[2024-09-26T00:33:11.835+0000] {processor.py:925} INFO - DAG(s) 'dag_with_catchup_backfill_v01.3' retrieved from /opt/airflow/dags/dag_with_catchup_and_backfill.py
[2024-09-26T00:33:11.888+0000] {logging_mixin.py:190} INFO - [2024-09-26T00:33:11.888+0000] {dag.py:3229} INFO - Sync 1 DAGs
[2024-09-26T00:33:11.911+0000] {logging_mixin.py:190} INFO - [2024-09-26T00:33:11.911+0000] {dag.py:4156} INFO - Setting next_dagrun for dag_with_catchup_backfill_v01.3 to 2024-09-25 00:00:00+00:00, run_after=2024-09-26 00:00:00+00:00
[2024-09-26T00:33:11.938+0000] {processor.py:208} INFO - Processing /opt/airflow/dags/dag_with_catchup_and_backfill.py took 0.231 seconds
[2024-09-26T00:33:42.367+0000] {processor.py:186} INFO - Started process (PID=133018) to work on /opt/airflow/dags/dag_with_catchup_and_backfill.py
[2024-09-26T00:33:42.369+0000] {processor.py:914} INFO - Processing file /opt/airflow/dags/dag_with_catchup_and_backfill.py for tasks to queue
[2024-09-26T00:33:42.372+0000] {logging_mixin.py:190} INFO - [2024-09-26T00:33:42.371+0000] {dagbag.py:587} INFO - Filling up the DagBag from /opt/airflow/dags/dag_with_catchup_and_backfill.py
[2024-09-26T00:33:42.467+0000] {processor.py:925} INFO - DAG(s) 'dag_with_catchup_backfill_v01.3' retrieved from /opt/airflow/dags/dag_with_catchup_and_backfill.py
[2024-09-26T00:33:42.495+0000] {logging_mixin.py:190} INFO - [2024-09-26T00:33:42.495+0000] {dag.py:3229} INFO - Sync 1 DAGs
[2024-09-26T00:33:42.516+0000] {logging_mixin.py:190} INFO - [2024-09-26T00:33:42.516+0000] {dag.py:4156} INFO - Setting next_dagrun for dag_with_catchup_backfill_v01.3 to 2024-09-25 00:00:00+00:00, run_after=2024-09-26 00:00:00+00:00
[2024-09-26T00:33:42.536+0000] {processor.py:208} INFO - Processing /opt/airflow/dags/dag_with_catchup_and_backfill.py took 0.177 seconds
[2024-09-26T00:34:12.818+0000] {processor.py:186} INFO - Started process (PID=133061) to work on /opt/airflow/dags/dag_with_catchup_and_backfill.py
[2024-09-26T00:34:12.819+0000] {processor.py:914} INFO - Processing file /opt/airflow/dags/dag_with_catchup_and_backfill.py for tasks to queue
[2024-09-26T00:34:12.821+0000] {logging_mixin.py:190} INFO - [2024-09-26T00:34:12.821+0000] {dagbag.py:587} INFO - Filling up the DagBag from /opt/airflow/dags/dag_with_catchup_and_backfill.py
[2024-09-26T00:34:12.914+0000] {processor.py:925} INFO - DAG(s) 'dag_with_catchup_backfill_v01.3' retrieved from /opt/airflow/dags/dag_with_catchup_and_backfill.py
[2024-09-26T00:34:12.937+0000] {logging_mixin.py:190} INFO - [2024-09-26T00:34:12.936+0000] {dag.py:3229} INFO - Sync 1 DAGs
[2024-09-26T00:34:12.958+0000] {logging_mixin.py:190} INFO - [2024-09-26T00:34:12.958+0000] {dag.py:4156} INFO - Setting next_dagrun for dag_with_catchup_backfill_v01.3 to 2024-09-25 00:00:00+00:00, run_after=2024-09-26 00:00:00+00:00
[2024-09-26T00:34:12.984+0000] {processor.py:208} INFO - Processing /opt/airflow/dags/dag_with_catchup_and_backfill.py took 0.178 seconds
[2024-09-26T00:34:43.514+0000] {processor.py:186} INFO - Started process (PID=133106) to work on /opt/airflow/dags/dag_with_catchup_and_backfill.py
[2024-09-26T00:34:43.518+0000] {processor.py:914} INFO - Processing file /opt/airflow/dags/dag_with_catchup_and_backfill.py for tasks to queue
[2024-09-26T00:34:43.521+0000] {logging_mixin.py:190} INFO - [2024-09-26T00:34:43.521+0000] {dagbag.py:587} INFO - Filling up the DagBag from /opt/airflow/dags/dag_with_catchup_and_backfill.py
[2024-09-26T00:34:43.607+0000] {processor.py:925} INFO - DAG(s) 'dag_with_catchup_backfill_v01.3' retrieved from /opt/airflow/dags/dag_with_catchup_and_backfill.py
[2024-09-26T00:34:43.635+0000] {logging_mixin.py:190} INFO - [2024-09-26T00:34:43.635+0000] {dag.py:3229} INFO - Sync 1 DAGs
[2024-09-26T00:34:43.658+0000] {logging_mixin.py:190} INFO - [2024-09-26T00:34:43.658+0000] {dag.py:4156} INFO - Setting next_dagrun for dag_with_catchup_backfill_v01.3 to 2024-09-25 00:00:00+00:00, run_after=2024-09-26 00:00:00+00:00
[2024-09-26T00:34:43.686+0000] {processor.py:208} INFO - Processing /opt/airflow/dags/dag_with_catchup_and_backfill.py took 0.188 seconds
[2024-09-26T00:35:13.971+0000] {processor.py:186} INFO - Started process (PID=133147) to work on /opt/airflow/dags/dag_with_catchup_and_backfill.py
[2024-09-26T00:35:13.974+0000] {processor.py:914} INFO - Processing file /opt/airflow/dags/dag_with_catchup_and_backfill.py for tasks to queue
[2024-09-26T00:35:13.978+0000] {logging_mixin.py:190} INFO - [2024-09-26T00:35:13.977+0000] {dagbag.py:587} INFO - Filling up the DagBag from /opt/airflow/dags/dag_with_catchup_and_backfill.py
[2024-09-26T00:35:14.087+0000] {processor.py:925} INFO - DAG(s) 'dag_with_catchup_backfill_v01.3' retrieved from /opt/airflow/dags/dag_with_catchup_and_backfill.py
[2024-09-26T00:35:14.111+0000] {logging_mixin.py:190} INFO - [2024-09-26T00:35:14.111+0000] {dag.py:3229} INFO - Sync 1 DAGs
[2024-09-26T00:35:14.133+0000] {logging_mixin.py:190} INFO - [2024-09-26T00:35:14.133+0000] {dag.py:4156} INFO - Setting next_dagrun for dag_with_catchup_backfill_v01.3 to 2024-09-25 00:00:00+00:00, run_after=2024-09-26 00:00:00+00:00
[2024-09-26T00:35:14.155+0000] {processor.py:208} INFO - Processing /opt/airflow/dags/dag_with_catchup_and_backfill.py took 0.199 seconds
[2024-09-26T00:35:45.309+0000] {processor.py:186} INFO - Started process (PID=133190) to work on /opt/airflow/dags/dag_with_catchup_and_backfill.py
[2024-09-26T00:35:45.311+0000] {processor.py:914} INFO - Processing file /opt/airflow/dags/dag_with_catchup_and_backfill.py for tasks to queue
[2024-09-26T00:35:45.313+0000] {logging_mixin.py:190} INFO - [2024-09-26T00:35:45.312+0000] {dagbag.py:587} INFO - Filling up the DagBag from /opt/airflow/dags/dag_with_catchup_and_backfill.py
[2024-09-26T00:35:45.405+0000] {processor.py:925} INFO - DAG(s) 'dag_with_catchup_backfill_v01.3' retrieved from /opt/airflow/dags/dag_with_catchup_and_backfill.py
[2024-09-26T00:35:45.436+0000] {logging_mixin.py:190} INFO - [2024-09-26T00:35:45.436+0000] {dag.py:3229} INFO - Sync 1 DAGs
[2024-09-26T00:35:45.467+0000] {logging_mixin.py:190} INFO - [2024-09-26T00:35:45.467+0000] {dag.py:4156} INFO - Setting next_dagrun for dag_with_catchup_backfill_v01.3 to 2024-09-25 00:00:00+00:00, run_after=2024-09-26 00:00:00+00:00
[2024-09-26T00:35:45.498+0000] {processor.py:208} INFO - Processing /opt/airflow/dags/dag_with_catchup_and_backfill.py took 0.195 seconds
[2024-09-26T00:36:16.034+0000] {processor.py:186} INFO - Started process (PID=133233) to work on /opt/airflow/dags/dag_with_catchup_and_backfill.py
[2024-09-26T00:36:16.036+0000] {processor.py:914} INFO - Processing file /opt/airflow/dags/dag_with_catchup_and_backfill.py for tasks to queue
[2024-09-26T00:36:16.040+0000] {logging_mixin.py:190} INFO - [2024-09-26T00:36:16.039+0000] {dagbag.py:587} INFO - Filling up the DagBag from /opt/airflow/dags/dag_with_catchup_and_backfill.py
[2024-09-26T00:36:16.105+0000] {processor.py:925} INFO - DAG(s) 'dag_with_catchup_backfill_v01.3' retrieved from /opt/airflow/dags/dag_with_catchup_and_backfill.py
[2024-09-26T00:36:16.131+0000] {logging_mixin.py:190} INFO - [2024-09-26T00:36:16.131+0000] {dag.py:3229} INFO - Sync 1 DAGs
[2024-09-26T00:36:16.154+0000] {logging_mixin.py:190} INFO - [2024-09-26T00:36:16.154+0000] {dag.py:4156} INFO - Setting next_dagrun for dag_with_catchup_backfill_v01.3 to 2024-09-25 00:00:00+00:00, run_after=2024-09-26 00:00:00+00:00
[2024-09-26T00:36:16.177+0000] {processor.py:208} INFO - Processing /opt/airflow/dags/dag_with_catchup_and_backfill.py took 0.150 seconds
[2024-09-26T00:36:46.638+0000] {processor.py:186} INFO - Started process (PID=133276) to work on /opt/airflow/dags/dag_with_catchup_and_backfill.py
[2024-09-26T00:36:46.640+0000] {processor.py:914} INFO - Processing file /opt/airflow/dags/dag_with_catchup_and_backfill.py for tasks to queue
[2024-09-26T00:36:46.642+0000] {logging_mixin.py:190} INFO - [2024-09-26T00:36:46.642+0000] {dagbag.py:587} INFO - Filling up the DagBag from /opt/airflow/dags/dag_with_catchup_and_backfill.py
[2024-09-26T00:36:46.718+0000] {processor.py:925} INFO - DAG(s) 'dag_with_catchup_backfill_v01.3' retrieved from /opt/airflow/dags/dag_with_catchup_and_backfill.py
[2024-09-26T00:36:46.746+0000] {logging_mixin.py:190} INFO - [2024-09-26T00:36:46.746+0000] {dag.py:3229} INFO - Sync 1 DAGs
[2024-09-26T00:36:46.770+0000] {logging_mixin.py:190} INFO - [2024-09-26T00:36:46.769+0000] {dag.py:4156} INFO - Setting next_dagrun for dag_with_catchup_backfill_v01.3 to 2024-09-25 00:00:00+00:00, run_after=2024-09-26 00:00:00+00:00
[2024-09-26T00:36:46.798+0000] {processor.py:208} INFO - Processing /opt/airflow/dags/dag_with_catchup_and_backfill.py took 0.165 seconds
[2024-09-26T00:37:17.394+0000] {processor.py:186} INFO - Started process (PID=133319) to work on /opt/airflow/dags/dag_with_catchup_and_backfill.py
[2024-09-26T00:37:17.396+0000] {processor.py:914} INFO - Processing file /opt/airflow/dags/dag_with_catchup_and_backfill.py for tasks to queue
[2024-09-26T00:37:17.398+0000] {logging_mixin.py:190} INFO - [2024-09-26T00:37:17.397+0000] {dagbag.py:587} INFO - Filling up the DagBag from /opt/airflow/dags/dag_with_catchup_and_backfill.py
[2024-09-26T00:37:17.490+0000] {processor.py:925} INFO - DAG(s) 'dag_with_catchup_backfill_v01.3' retrieved from /opt/airflow/dags/dag_with_catchup_and_backfill.py
[2024-09-26T00:37:17.513+0000] {logging_mixin.py:190} INFO - [2024-09-26T00:37:17.513+0000] {dag.py:3229} INFO - Sync 1 DAGs
[2024-09-26T00:37:17.535+0000] {logging_mixin.py:190} INFO - [2024-09-26T00:37:17.535+0000] {dag.py:4156} INFO - Setting next_dagrun for dag_with_catchup_backfill_v01.3 to 2024-09-25 00:00:00+00:00, run_after=2024-09-26 00:00:00+00:00
[2024-09-26T00:37:17.562+0000] {processor.py:208} INFO - Processing /opt/airflow/dags/dag_with_catchup_and_backfill.py took 0.173 seconds
[2024-09-26T00:37:47.872+0000] {processor.py:186} INFO - Started process (PID=133362) to work on /opt/airflow/dags/dag_with_catchup_and_backfill.py
[2024-09-26T00:37:47.913+0000] {processor.py:914} INFO - Processing file /opt/airflow/dags/dag_with_catchup_and_backfill.py for tasks to queue
[2024-09-26T00:37:47.918+0000] {logging_mixin.py:190} INFO - [2024-09-26T00:37:47.918+0000] {dagbag.py:587} INFO - Filling up the DagBag from /opt/airflow/dags/dag_with_catchup_and_backfill.py
[2024-09-26T00:37:48.026+0000] {processor.py:925} INFO - DAG(s) 'dag_with_catchup_backfill_v01.3' retrieved from /opt/airflow/dags/dag_with_catchup_and_backfill.py
[2024-09-26T00:37:48.051+0000] {logging_mixin.py:190} INFO - [2024-09-26T00:37:48.051+0000] {dag.py:3229} INFO - Sync 1 DAGs
[2024-09-26T00:37:48.077+0000] {logging_mixin.py:190} INFO - [2024-09-26T00:37:48.077+0000] {dag.py:4156} INFO - Setting next_dagrun for dag_with_catchup_backfill_v01.3 to 2024-09-25 00:00:00+00:00, run_after=2024-09-26 00:00:00+00:00
[2024-09-26T00:37:48.100+0000] {processor.py:208} INFO - Processing /opt/airflow/dags/dag_with_catchup_and_backfill.py took 0.242 seconds
[2024-09-26T00:38:18.483+0000] {processor.py:186} INFO - Started process (PID=133405) to work on /opt/airflow/dags/dag_with_catchup_and_backfill.py
[2024-09-26T00:38:18.485+0000] {processor.py:914} INFO - Processing file /opt/airflow/dags/dag_with_catchup_and_backfill.py for tasks to queue
[2024-09-26T00:38:18.488+0000] {logging_mixin.py:190} INFO - [2024-09-26T00:38:18.487+0000] {dagbag.py:587} INFO - Filling up the DagBag from /opt/airflow/dags/dag_with_catchup_and_backfill.py
[2024-09-26T00:38:18.573+0000] {processor.py:925} INFO - DAG(s) 'dag_with_catchup_backfill_v01.3' retrieved from /opt/airflow/dags/dag_with_catchup_and_backfill.py
[2024-09-26T00:38:18.597+0000] {logging_mixin.py:190} INFO - [2024-09-26T00:38:18.597+0000] {dag.py:3229} INFO - Sync 1 DAGs
[2024-09-26T00:38:18.627+0000] {logging_mixin.py:190} INFO - [2024-09-26T00:38:18.627+0000] {dag.py:4156} INFO - Setting next_dagrun for dag_with_catchup_backfill_v01.3 to 2024-09-25 00:00:00+00:00, run_after=2024-09-26 00:00:00+00:00
[2024-09-26T00:38:18.648+0000] {processor.py:208} INFO - Processing /opt/airflow/dags/dag_with_catchup_and_backfill.py took 0.170 seconds
[2024-09-26T00:38:49.125+0000] {processor.py:186} INFO - Started process (PID=133448) to work on /opt/airflow/dags/dag_with_catchup_and_backfill.py
[2024-09-26T00:38:49.127+0000] {processor.py:914} INFO - Processing file /opt/airflow/dags/dag_with_catchup_and_backfill.py for tasks to queue
[2024-09-26T00:38:49.131+0000] {logging_mixin.py:190} INFO - [2024-09-26T00:38:49.129+0000] {dagbag.py:587} INFO - Filling up the DagBag from /opt/airflow/dags/dag_with_catchup_and_backfill.py
[2024-09-26T00:38:49.243+0000] {processor.py:925} INFO - DAG(s) 'dag_with_catchup_backfill_v01.3' retrieved from /opt/airflow/dags/dag_with_catchup_and_backfill.py
[2024-09-26T00:38:49.284+0000] {logging_mixin.py:190} INFO - [2024-09-26T00:38:49.283+0000] {dag.py:3229} INFO - Sync 1 DAGs
[2024-09-26T00:38:49.328+0000] {logging_mixin.py:190} INFO - [2024-09-26T00:38:49.327+0000] {dag.py:4156} INFO - Setting next_dagrun for dag_with_catchup_backfill_v01.3 to 2024-09-25 00:00:00+00:00, run_after=2024-09-26 00:00:00+00:00
[2024-09-26T00:38:49.366+0000] {processor.py:208} INFO - Processing /opt/airflow/dags/dag_with_catchup_and_backfill.py took 0.248 seconds
[2024-09-26T00:39:19.835+0000] {processor.py:186} INFO - Started process (PID=133491) to work on /opt/airflow/dags/dag_with_catchup_and_backfill.py
[2024-09-26T00:39:19.836+0000] {processor.py:914} INFO - Processing file /opt/airflow/dags/dag_with_catchup_and_backfill.py for tasks to queue
[2024-09-26T00:39:19.838+0000] {logging_mixin.py:190} INFO - [2024-09-26T00:39:19.838+0000] {dagbag.py:587} INFO - Filling up the DagBag from /opt/airflow/dags/dag_with_catchup_and_backfill.py
[2024-09-26T00:39:19.921+0000] {processor.py:925} INFO - DAG(s) 'dag_with_catchup_backfill_v01.3' retrieved from /opt/airflow/dags/dag_with_catchup_and_backfill.py
[2024-09-26T00:39:19.948+0000] {logging_mixin.py:190} INFO - [2024-09-26T00:39:19.948+0000] {dag.py:3229} INFO - Sync 1 DAGs
[2024-09-26T00:39:19.972+0000] {logging_mixin.py:190} INFO - [2024-09-26T00:39:19.972+0000] {dag.py:4156} INFO - Setting next_dagrun for dag_with_catchup_backfill_v01.3 to 2024-09-25 00:00:00+00:00, run_after=2024-09-26 00:00:00+00:00
[2024-09-26T00:39:19.996+0000] {processor.py:208} INFO - Processing /opt/airflow/dags/dag_with_catchup_and_backfill.py took 0.166 seconds
[2024-09-26T00:39:51.381+0000] {processor.py:186} INFO - Started process (PID=133534) to work on /opt/airflow/dags/dag_with_catchup_and_backfill.py
[2024-09-26T00:39:51.383+0000] {processor.py:914} INFO - Processing file /opt/airflow/dags/dag_with_catchup_and_backfill.py for tasks to queue
[2024-09-26T00:39:51.388+0000] {logging_mixin.py:190} INFO - [2024-09-26T00:39:51.387+0000] {dagbag.py:587} INFO - Filling up the DagBag from /opt/airflow/dags/dag_with_catchup_and_backfill.py
[2024-09-26T00:39:51.492+0000] {processor.py:925} INFO - DAG(s) 'dag_with_catchup_backfill_v01.3' retrieved from /opt/airflow/dags/dag_with_catchup_and_backfill.py
[2024-09-26T00:39:51.519+0000] {logging_mixin.py:190} INFO - [2024-09-26T00:39:51.519+0000] {dag.py:3229} INFO - Sync 1 DAGs
[2024-09-26T00:39:51.541+0000] {logging_mixin.py:190} INFO - [2024-09-26T00:39:51.541+0000] {dag.py:4156} INFO - Setting next_dagrun for dag_with_catchup_backfill_v01.3 to 2024-09-25 00:00:00+00:00, run_after=2024-09-26 00:00:00+00:00
[2024-09-26T00:39:51.569+0000] {processor.py:208} INFO - Processing /opt/airflow/dags/dag_with_catchup_and_backfill.py took 0.198 seconds
[2024-09-26T00:40:22.147+0000] {processor.py:186} INFO - Started process (PID=133579) to work on /opt/airflow/dags/dag_with_catchup_and_backfill.py
[2024-09-26T00:40:22.149+0000] {processor.py:914} INFO - Processing file /opt/airflow/dags/dag_with_catchup_and_backfill.py for tasks to queue
[2024-09-26T00:40:22.153+0000] {logging_mixin.py:190} INFO - [2024-09-26T00:40:22.152+0000] {dagbag.py:587} INFO - Filling up the DagBag from /opt/airflow/dags/dag_with_catchup_and_backfill.py
[2024-09-26T00:40:22.260+0000] {processor.py:925} INFO - DAG(s) 'dag_with_catchup_backfill_v01.3' retrieved from /opt/airflow/dags/dag_with_catchup_and_backfill.py
[2024-09-26T00:40:22.287+0000] {logging_mixin.py:190} INFO - [2024-09-26T00:40:22.287+0000] {dag.py:3229} INFO - Sync 1 DAGs
[2024-09-26T00:40:22.309+0000] {logging_mixin.py:190} INFO - [2024-09-26T00:40:22.309+0000] {dag.py:4156} INFO - Setting next_dagrun for dag_with_catchup_backfill_v01.3 to 2024-09-25 00:00:00+00:00, run_after=2024-09-26 00:00:00+00:00
[2024-09-26T00:40:22.335+0000] {processor.py:208} INFO - Processing /opt/airflow/dags/dag_with_catchup_and_backfill.py took 0.196 seconds
[2024-09-26T00:40:52.517+0000] {processor.py:186} INFO - Started process (PID=133622) to work on /opt/airflow/dags/dag_with_catchup_and_backfill.py
[2024-09-26T00:40:52.519+0000] {processor.py:914} INFO - Processing file /opt/airflow/dags/dag_with_catchup_and_backfill.py for tasks to queue
[2024-09-26T00:40:52.521+0000] {logging_mixin.py:190} INFO - [2024-09-26T00:40:52.520+0000] {dagbag.py:587} INFO - Filling up the DagBag from /opt/airflow/dags/dag_with_catchup_and_backfill.py
[2024-09-26T00:40:52.600+0000] {processor.py:925} INFO - DAG(s) 'dag_with_catchup_backfill_v01.3' retrieved from /opt/airflow/dags/dag_with_catchup_and_backfill.py
[2024-09-26T00:40:52.625+0000] {logging_mixin.py:190} INFO - [2024-09-26T00:40:52.625+0000] {dag.py:3229} INFO - Sync 1 DAGs
[2024-09-26T00:40:52.650+0000] {logging_mixin.py:190} INFO - [2024-09-26T00:40:52.650+0000] {dag.py:4156} INFO - Setting next_dagrun for dag_with_catchup_backfill_v01.3 to 2024-09-25 00:00:00+00:00, run_after=2024-09-26 00:00:00+00:00
[2024-09-26T00:40:52.692+0000] {processor.py:208} INFO - Processing /opt/airflow/dags/dag_with_catchup_and_backfill.py took 0.180 seconds
[2024-09-26T00:41:23.115+0000] {processor.py:186} INFO - Started process (PID=133663) to work on /opt/airflow/dags/dag_with_catchup_and_backfill.py
[2024-09-26T00:41:23.117+0000] {processor.py:914} INFO - Processing file /opt/airflow/dags/dag_with_catchup_and_backfill.py for tasks to queue
[2024-09-26T00:41:23.120+0000] {logging_mixin.py:190} INFO - [2024-09-26T00:41:23.119+0000] {dagbag.py:587} INFO - Filling up the DagBag from /opt/airflow/dags/dag_with_catchup_and_backfill.py
[2024-09-26T00:41:23.214+0000] {processor.py:925} INFO - DAG(s) 'dag_with_catchup_backfill_v01.3' retrieved from /opt/airflow/dags/dag_with_catchup_and_backfill.py
[2024-09-26T00:41:23.240+0000] {logging_mixin.py:190} INFO - [2024-09-26T00:41:23.240+0000] {dag.py:3229} INFO - Sync 1 DAGs
[2024-09-26T00:41:23.264+0000] {logging_mixin.py:190} INFO - [2024-09-26T00:41:23.264+0000] {dag.py:4156} INFO - Setting next_dagrun for dag_with_catchup_backfill_v01.3 to 2024-09-25 00:00:00+00:00, run_after=2024-09-26 00:00:00+00:00
[2024-09-26T00:41:23.293+0000] {processor.py:208} INFO - Processing /opt/airflow/dags/dag_with_catchup_and_backfill.py took 0.183 seconds
[2024-09-26T00:41:53.747+0000] {processor.py:186} INFO - Started process (PID=133708) to work on /opt/airflow/dags/dag_with_catchup_and_backfill.py
[2024-09-26T00:41:53.749+0000] {processor.py:914} INFO - Processing file /opt/airflow/dags/dag_with_catchup_and_backfill.py for tasks to queue
[2024-09-26T00:41:53.752+0000] {logging_mixin.py:190} INFO - [2024-09-26T00:41:53.752+0000] {dagbag.py:587} INFO - Filling up the DagBag from /opt/airflow/dags/dag_with_catchup_and_backfill.py
[2024-09-26T00:41:53.860+0000] {processor.py:925} INFO - DAG(s) 'dag_with_catchup_backfill_v01.3' retrieved from /opt/airflow/dags/dag_with_catchup_and_backfill.py
[2024-09-26T00:41:53.886+0000] {logging_mixin.py:190} INFO - [2024-09-26T00:41:53.886+0000] {dag.py:3229} INFO - Sync 1 DAGs
[2024-09-26T00:41:53.909+0000] {logging_mixin.py:190} INFO - [2024-09-26T00:41:53.909+0000] {dag.py:4156} INFO - Setting next_dagrun for dag_with_catchup_backfill_v01.3 to 2024-09-25 00:00:00+00:00, run_after=2024-09-26 00:00:00+00:00
[2024-09-26T00:41:53.938+0000] {processor.py:208} INFO - Processing /opt/airflow/dags/dag_with_catchup_and_backfill.py took 0.200 seconds
[2024-09-26T00:42:24.539+0000] {processor.py:186} INFO - Started process (PID=133749) to work on /opt/airflow/dags/dag_with_catchup_and_backfill.py
[2024-09-26T00:42:24.541+0000] {processor.py:914} INFO - Processing file /opt/airflow/dags/dag_with_catchup_and_backfill.py for tasks to queue
[2024-09-26T00:42:24.544+0000] {logging_mixin.py:190} INFO - [2024-09-26T00:42:24.544+0000] {dagbag.py:587} INFO - Filling up the DagBag from /opt/airflow/dags/dag_with_catchup_and_backfill.py
[2024-09-26T00:42:24.622+0000] {processor.py:925} INFO - DAG(s) 'dag_with_catchup_backfill_v01.3' retrieved from /opt/airflow/dags/dag_with_catchup_and_backfill.py
[2024-09-26T00:42:24.648+0000] {logging_mixin.py:190} INFO - [2024-09-26T00:42:24.647+0000] {dag.py:3229} INFO - Sync 1 DAGs
[2024-09-26T00:42:24.671+0000] {logging_mixin.py:190} INFO - [2024-09-26T00:42:24.670+0000] {dag.py:4156} INFO - Setting next_dagrun for dag_with_catchup_backfill_v01.3 to 2024-09-25 00:00:00+00:00, run_after=2024-09-26 00:00:00+00:00
[2024-09-26T00:42:24.704+0000] {processor.py:208} INFO - Processing /opt/airflow/dags/dag_with_catchup_and_backfill.py took 0.171 seconds
[2024-09-26T00:42:54.902+0000] {processor.py:186} INFO - Started process (PID=133792) to work on /opt/airflow/dags/dag_with_catchup_and_backfill.py
[2024-09-26T00:42:54.904+0000] {processor.py:914} INFO - Processing file /opt/airflow/dags/dag_with_catchup_and_backfill.py for tasks to queue
[2024-09-26T00:42:54.906+0000] {logging_mixin.py:190} INFO - [2024-09-26T00:42:54.906+0000] {dagbag.py:587} INFO - Filling up the DagBag from /opt/airflow/dags/dag_with_catchup_and_backfill.py
[2024-09-26T00:42:55.013+0000] {processor.py:925} INFO - DAG(s) 'dag_with_catchup_backfill_v01.3' retrieved from /opt/airflow/dags/dag_with_catchup_and_backfill.py
[2024-09-26T00:42:55.036+0000] {logging_mixin.py:190} INFO - [2024-09-26T00:42:55.036+0000] {dag.py:3229} INFO - Sync 1 DAGs
[2024-09-26T00:42:55.058+0000] {logging_mixin.py:190} INFO - [2024-09-26T00:42:55.058+0000] {dag.py:4156} INFO - Setting next_dagrun for dag_with_catchup_backfill_v01.3 to 2024-09-25 00:00:00+00:00, run_after=2024-09-26 00:00:00+00:00
[2024-09-26T00:42:55.088+0000] {processor.py:208} INFO - Processing /opt/airflow/dags/dag_with_catchup_and_backfill.py took 0.191 seconds
[2024-09-26T00:43:25.384+0000] {processor.py:186} INFO - Started process (PID=133835) to work on /opt/airflow/dags/dag_with_catchup_and_backfill.py
[2024-09-26T00:43:25.387+0000] {processor.py:914} INFO - Processing file /opt/airflow/dags/dag_with_catchup_and_backfill.py for tasks to queue
[2024-09-26T00:43:25.389+0000] {logging_mixin.py:190} INFO - [2024-09-26T00:43:25.388+0000] {dagbag.py:587} INFO - Filling up the DagBag from /opt/airflow/dags/dag_with_catchup_and_backfill.py
[2024-09-26T00:43:25.502+0000] {processor.py:925} INFO - DAG(s) 'dag_with_catchup_backfill_v01.3' retrieved from /opt/airflow/dags/dag_with_catchup_and_backfill.py
[2024-09-26T00:43:25.526+0000] {logging_mixin.py:190} INFO - [2024-09-26T00:43:25.525+0000] {dag.py:3229} INFO - Sync 1 DAGs
[2024-09-26T00:43:25.549+0000] {logging_mixin.py:190} INFO - [2024-09-26T00:43:25.549+0000] {dag.py:4156} INFO - Setting next_dagrun for dag_with_catchup_backfill_v01.3 to 2024-09-25 00:00:00+00:00, run_after=2024-09-26 00:00:00+00:00
[2024-09-26T00:43:25.573+0000] {processor.py:208} INFO - Processing /opt/airflow/dags/dag_with_catchup_and_backfill.py took 0.197 seconds
[2024-09-26T00:43:56.039+0000] {processor.py:186} INFO - Started process (PID=133878) to work on /opt/airflow/dags/dag_with_catchup_and_backfill.py
[2024-09-26T00:43:56.040+0000] {processor.py:914} INFO - Processing file /opt/airflow/dags/dag_with_catchup_and_backfill.py for tasks to queue
[2024-09-26T00:43:56.042+0000] {logging_mixin.py:190} INFO - [2024-09-26T00:43:56.042+0000] {dagbag.py:587} INFO - Filling up the DagBag from /opt/airflow/dags/dag_with_catchup_and_backfill.py
[2024-09-26T00:43:56.123+0000] {processor.py:925} INFO - DAG(s) 'dag_with_catchup_backfill_v01.3' retrieved from /opt/airflow/dags/dag_with_catchup_and_backfill.py
[2024-09-26T00:43:56.153+0000] {logging_mixin.py:190} INFO - [2024-09-26T00:43:56.153+0000] {dag.py:3229} INFO - Sync 1 DAGs
[2024-09-26T00:43:56.176+0000] {logging_mixin.py:190} INFO - [2024-09-26T00:43:56.176+0000] {dag.py:4156} INFO - Setting next_dagrun for dag_with_catchup_backfill_v01.3 to 2024-09-25 00:00:00+00:00, run_after=2024-09-26 00:00:00+00:00
[2024-09-26T00:43:56.209+0000] {processor.py:208} INFO - Processing /opt/airflow/dags/dag_with_catchup_and_backfill.py took 0.176 seconds
[2024-09-26T00:44:26.699+0000] {processor.py:186} INFO - Started process (PID=133923) to work on /opt/airflow/dags/dag_with_catchup_and_backfill.py
[2024-09-26T00:44:26.701+0000] {processor.py:914} INFO - Processing file /opt/airflow/dags/dag_with_catchup_and_backfill.py for tasks to queue
[2024-09-26T00:44:26.704+0000] {logging_mixin.py:190} INFO - [2024-09-26T00:44:26.704+0000] {dagbag.py:587} INFO - Filling up the DagBag from /opt/airflow/dags/dag_with_catchup_and_backfill.py
[2024-09-26T00:44:26.786+0000] {processor.py:925} INFO - DAG(s) 'dag_with_catchup_backfill_v01.3' retrieved from /opt/airflow/dags/dag_with_catchup_and_backfill.py
[2024-09-26T00:44:26.810+0000] {logging_mixin.py:190} INFO - [2024-09-26T00:44:26.809+0000] {dag.py:3229} INFO - Sync 1 DAGs
[2024-09-26T00:44:26.836+0000] {logging_mixin.py:190} INFO - [2024-09-26T00:44:26.836+0000] {dag.py:4156} INFO - Setting next_dagrun for dag_with_catchup_backfill_v01.3 to 2024-09-25 00:00:00+00:00, run_after=2024-09-26 00:00:00+00:00
[2024-09-26T00:44:26.867+0000] {processor.py:208} INFO - Processing /opt/airflow/dags/dag_with_catchup_and_backfill.py took 0.174 seconds
[2024-09-26T00:44:57.171+0000] {processor.py:186} INFO - Started process (PID=133966) to work on /opt/airflow/dags/dag_with_catchup_and_backfill.py
[2024-09-26T00:44:57.173+0000] {processor.py:914} INFO - Processing file /opt/airflow/dags/dag_with_catchup_and_backfill.py for tasks to queue
[2024-09-26T00:44:57.175+0000] {logging_mixin.py:190} INFO - [2024-09-26T00:44:57.175+0000] {dagbag.py:587} INFO - Filling up the DagBag from /opt/airflow/dags/dag_with_catchup_and_backfill.py
[2024-09-26T00:44:57.261+0000] {processor.py:925} INFO - DAG(s) 'dag_with_catchup_backfill_v01.3' retrieved from /opt/airflow/dags/dag_with_catchup_and_backfill.py
[2024-09-26T00:44:57.287+0000] {logging_mixin.py:190} INFO - [2024-09-26T00:44:57.287+0000] {dag.py:3229} INFO - Sync 1 DAGs
[2024-09-26T00:44:57.310+0000] {logging_mixin.py:190} INFO - [2024-09-26T00:44:57.310+0000] {dag.py:4156} INFO - Setting next_dagrun for dag_with_catchup_backfill_v01.3 to 2024-09-25 00:00:00+00:00, run_after=2024-09-26 00:00:00+00:00
[2024-09-26T00:44:57.336+0000] {processor.py:208} INFO - Processing /opt/airflow/dags/dag_with_catchup_and_backfill.py took 0.172 seconds
[2024-09-26T00:45:27.672+0000] {processor.py:186} INFO - Started process (PID=134007) to work on /opt/airflow/dags/dag_with_catchup_and_backfill.py
[2024-09-26T00:45:27.675+0000] {processor.py:914} INFO - Processing file /opt/airflow/dags/dag_with_catchup_and_backfill.py for tasks to queue
[2024-09-26T00:45:27.679+0000] {logging_mixin.py:190} INFO - [2024-09-26T00:45:27.678+0000] {dagbag.py:587} INFO - Filling up the DagBag from /opt/airflow/dags/dag_with_catchup_and_backfill.py
[2024-09-26T00:45:27.798+0000] {processor.py:925} INFO - DAG(s) 'dag_with_catchup_backfill_v01.3' retrieved from /opt/airflow/dags/dag_with_catchup_and_backfill.py
[2024-09-26T00:45:27.833+0000] {logging_mixin.py:190} INFO - [2024-09-26T00:45:27.833+0000] {dag.py:3229} INFO - Sync 1 DAGs
[2024-09-26T00:45:27.863+0000] {logging_mixin.py:190} INFO - [2024-09-26T00:45:27.863+0000] {dag.py:4156} INFO - Setting next_dagrun for dag_with_catchup_backfill_v01.3 to 2024-09-25 00:00:00+00:00, run_after=2024-09-26 00:00:00+00:00
[2024-09-26T00:45:27.892+0000] {processor.py:208} INFO - Processing /opt/airflow/dags/dag_with_catchup_and_backfill.py took 0.229 seconds
[2024-09-26T00:45:58.203+0000] {processor.py:186} INFO - Started process (PID=134050) to work on /opt/airflow/dags/dag_with_catchup_and_backfill.py
[2024-09-26T00:45:58.205+0000] {processor.py:914} INFO - Processing file /opt/airflow/dags/dag_with_catchup_and_backfill.py for tasks to queue
[2024-09-26T00:45:58.208+0000] {logging_mixin.py:190} INFO - [2024-09-26T00:45:58.207+0000] {dagbag.py:587} INFO - Filling up the DagBag from /opt/airflow/dags/dag_with_catchup_and_backfill.py
[2024-09-26T00:45:58.297+0000] {processor.py:925} INFO - DAG(s) 'dag_with_catchup_backfill_v01.3' retrieved from /opt/airflow/dags/dag_with_catchup_and_backfill.py
[2024-09-26T00:45:58.321+0000] {logging_mixin.py:190} INFO - [2024-09-26T00:45:58.321+0000] {dag.py:3229} INFO - Sync 1 DAGs
[2024-09-26T00:45:58.344+0000] {logging_mixin.py:190} INFO - [2024-09-26T00:45:58.344+0000] {dag.py:4156} INFO - Setting next_dagrun for dag_with_catchup_backfill_v01.3 to 2024-09-25 00:00:00+00:00, run_after=2024-09-26 00:00:00+00:00
[2024-09-26T00:45:58.364+0000] {processor.py:208} INFO - Processing /opt/airflow/dags/dag_with_catchup_and_backfill.py took 0.166 seconds
[2024-09-26T00:46:28.776+0000] {processor.py:186} INFO - Started process (PID=134093) to work on /opt/airflow/dags/dag_with_catchup_and_backfill.py
[2024-09-26T00:46:28.777+0000] {processor.py:914} INFO - Processing file /opt/airflow/dags/dag_with_catchup_and_backfill.py for tasks to queue
[2024-09-26T00:46:28.780+0000] {logging_mixin.py:190} INFO - [2024-09-26T00:46:28.779+0000] {dagbag.py:587} INFO - Filling up the DagBag from /opt/airflow/dags/dag_with_catchup_and_backfill.py
[2024-09-26T00:46:28.864+0000] {processor.py:925} INFO - DAG(s) 'dag_with_catchup_backfill_v01.3' retrieved from /opt/airflow/dags/dag_with_catchup_and_backfill.py
[2024-09-26T00:46:28.898+0000] {logging_mixin.py:190} INFO - [2024-09-26T00:46:28.897+0000] {dag.py:3229} INFO - Sync 1 DAGs
[2024-09-26T00:46:28.927+0000] {logging_mixin.py:190} INFO - [2024-09-26T00:46:28.927+0000] {dag.py:4156} INFO - Setting next_dagrun for dag_with_catchup_backfill_v01.3 to 2024-09-25 00:00:00+00:00, run_after=2024-09-26 00:00:00+00:00
[2024-09-26T00:46:28.958+0000] {processor.py:208} INFO - Processing /opt/airflow/dags/dag_with_catchup_and_backfill.py took 0.188 seconds
[2024-09-26T00:46:59.524+0000] {processor.py:186} INFO - Started process (PID=134136) to work on /opt/airflow/dags/dag_with_catchup_and_backfill.py
[2024-09-26T00:46:59.526+0000] {processor.py:914} INFO - Processing file /opt/airflow/dags/dag_with_catchup_and_backfill.py for tasks to queue
[2024-09-26T00:46:59.529+0000] {logging_mixin.py:190} INFO - [2024-09-26T00:46:59.529+0000] {dagbag.py:587} INFO - Filling up the DagBag from /opt/airflow/dags/dag_with_catchup_and_backfill.py
[2024-09-26T00:46:59.630+0000] {processor.py:925} INFO - DAG(s) 'dag_with_catchup_backfill_v01.3' retrieved from /opt/airflow/dags/dag_with_catchup_and_backfill.py
[2024-09-26T00:46:59.655+0000] {logging_mixin.py:190} INFO - [2024-09-26T00:46:59.655+0000] {dag.py:3229} INFO - Sync 1 DAGs
[2024-09-26T00:46:59.682+0000] {logging_mixin.py:190} INFO - [2024-09-26T00:46:59.682+0000] {dag.py:4156} INFO - Setting next_dagrun for dag_with_catchup_backfill_v01.3 to 2024-09-25 00:00:00+00:00, run_after=2024-09-26 00:00:00+00:00
[2024-09-26T00:46:59.710+0000] {processor.py:208} INFO - Processing /opt/airflow/dags/dag_with_catchup_and_backfill.py took 0.195 seconds
[2024-09-26T00:47:30.081+0000] {processor.py:186} INFO - Started process (PID=134179) to work on /opt/airflow/dags/dag_with_catchup_and_backfill.py
[2024-09-26T00:47:30.083+0000] {processor.py:914} INFO - Processing file /opt/airflow/dags/dag_with_catchup_and_backfill.py for tasks to queue
[2024-09-26T00:47:30.086+0000] {logging_mixin.py:190} INFO - [2024-09-26T00:47:30.085+0000] {dagbag.py:587} INFO - Filling up the DagBag from /opt/airflow/dags/dag_with_catchup_and_backfill.py
[2024-09-26T00:47:30.157+0000] {processor.py:925} INFO - DAG(s) 'dag_with_catchup_backfill_v01.3' retrieved from /opt/airflow/dags/dag_with_catchup_and_backfill.py
[2024-09-26T00:47:30.180+0000] {logging_mixin.py:190} INFO - [2024-09-26T00:47:30.180+0000] {dag.py:3229} INFO - Sync 1 DAGs
[2024-09-26T00:47:30.203+0000] {logging_mixin.py:190} INFO - [2024-09-26T00:47:30.203+0000] {dag.py:4156} INFO - Setting next_dagrun for dag_with_catchup_backfill_v01.3 to 2024-09-25 00:00:00+00:00, run_after=2024-09-26 00:00:00+00:00
[2024-09-26T00:47:30.231+0000] {processor.py:208} INFO - Processing /opt/airflow/dags/dag_with_catchup_and_backfill.py took 0.156 seconds
[2024-09-26T00:48:00.593+0000] {processor.py:186} INFO - Started process (PID=134222) to work on /opt/airflow/dags/dag_with_catchup_and_backfill.py
[2024-09-26T00:48:00.594+0000] {processor.py:914} INFO - Processing file /opt/airflow/dags/dag_with_catchup_and_backfill.py for tasks to queue
[2024-09-26T00:48:00.596+0000] {logging_mixin.py:190} INFO - [2024-09-26T00:48:00.595+0000] {dagbag.py:587} INFO - Filling up the DagBag from /opt/airflow/dags/dag_with_catchup_and_backfill.py
[2024-09-26T00:48:00.669+0000] {processor.py:925} INFO - DAG(s) 'dag_with_catchup_backfill_v01.3' retrieved from /opt/airflow/dags/dag_with_catchup_and_backfill.py
[2024-09-26T00:48:00.700+0000] {logging_mixin.py:190} INFO - [2024-09-26T00:48:00.699+0000] {dag.py:3229} INFO - Sync 1 DAGs
[2024-09-26T00:48:00.728+0000] {logging_mixin.py:190} INFO - [2024-09-26T00:48:00.728+0000] {dag.py:4156} INFO - Setting next_dagrun for dag_with_catchup_backfill_v01.3 to 2024-09-25 00:00:00+00:00, run_after=2024-09-26 00:00:00+00:00
[2024-09-26T00:48:00.754+0000] {processor.py:208} INFO - Processing /opt/airflow/dags/dag_with_catchup_and_backfill.py took 0.166 seconds
[2024-09-26T00:48:31.176+0000] {processor.py:186} INFO - Started process (PID=134265) to work on /opt/airflow/dags/dag_with_catchup_and_backfill.py
[2024-09-26T00:48:31.178+0000] {processor.py:914} INFO - Processing file /opt/airflow/dags/dag_with_catchup_and_backfill.py for tasks to queue
[2024-09-26T00:48:31.180+0000] {logging_mixin.py:190} INFO - [2024-09-26T00:48:31.179+0000] {dagbag.py:587} INFO - Filling up the DagBag from /opt/airflow/dags/dag_with_catchup_and_backfill.py
[2024-09-26T00:48:31.239+0000] {processor.py:925} INFO - DAG(s) 'dag_with_catchup_backfill_v01.3' retrieved from /opt/airflow/dags/dag_with_catchup_and_backfill.py
[2024-09-26T00:48:31.276+0000] {logging_mixin.py:190} INFO - [2024-09-26T00:48:31.275+0000] {dag.py:3229} INFO - Sync 1 DAGs
[2024-09-26T00:48:31.310+0000] {logging_mixin.py:190} INFO - [2024-09-26T00:48:31.310+0000] {dag.py:4156} INFO - Setting next_dagrun for dag_with_catchup_backfill_v01.3 to 2024-09-25 00:00:00+00:00, run_after=2024-09-26 00:00:00+00:00
[2024-09-26T00:48:31.341+0000] {processor.py:208} INFO - Processing /opt/airflow/dags/dag_with_catchup_and_backfill.py took 0.172 seconds
[2024-09-26T00:49:01.722+0000] {processor.py:186} INFO - Started process (PID=134308) to work on /opt/airflow/dags/dag_with_catchup_and_backfill.py
[2024-09-26T00:49:01.724+0000] {processor.py:914} INFO - Processing file /opt/airflow/dags/dag_with_catchup_and_backfill.py for tasks to queue
[2024-09-26T00:49:01.726+0000] {logging_mixin.py:190} INFO - [2024-09-26T00:49:01.726+0000] {dagbag.py:587} INFO - Filling up the DagBag from /opt/airflow/dags/dag_with_catchup_and_backfill.py
[2024-09-26T00:49:01.803+0000] {processor.py:925} INFO - DAG(s) 'dag_with_catchup_backfill_v01.3' retrieved from /opt/airflow/dags/dag_with_catchup_and_backfill.py
[2024-09-26T00:49:01.838+0000] {logging_mixin.py:190} INFO - [2024-09-26T00:49:01.837+0000] {dag.py:3229} INFO - Sync 1 DAGs
[2024-09-26T00:49:01.863+0000] {logging_mixin.py:190} INFO - [2024-09-26T00:49:01.863+0000] {dag.py:4156} INFO - Setting next_dagrun for dag_with_catchup_backfill_v01.3 to 2024-09-25 00:00:00+00:00, run_after=2024-09-26 00:00:00+00:00
[2024-09-26T00:49:01.888+0000] {processor.py:208} INFO - Processing /opt/airflow/dags/dag_with_catchup_and_backfill.py took 0.172 seconds
[2024-09-26T00:49:32.507+0000] {processor.py:186} INFO - Started process (PID=134351) to work on /opt/airflow/dags/dag_with_catchup_and_backfill.py
[2024-09-26T00:49:32.509+0000] {processor.py:914} INFO - Processing file /opt/airflow/dags/dag_with_catchup_and_backfill.py for tasks to queue
[2024-09-26T00:49:32.513+0000] {logging_mixin.py:190} INFO - [2024-09-26T00:49:32.512+0000] {dagbag.py:587} INFO - Filling up the DagBag from /opt/airflow/dags/dag_with_catchup_and_backfill.py
[2024-09-26T00:49:32.631+0000] {processor.py:925} INFO - DAG(s) 'dag_with_catchup_backfill_v01.3' retrieved from /opt/airflow/dags/dag_with_catchup_and_backfill.py
[2024-09-26T00:49:32.659+0000] {logging_mixin.py:190} INFO - [2024-09-26T00:49:32.658+0000] {dag.py:3229} INFO - Sync 1 DAGs
[2024-09-26T00:49:32.686+0000] {logging_mixin.py:190} INFO - [2024-09-26T00:49:32.685+0000] {dag.py:4156} INFO - Setting next_dagrun for dag_with_catchup_backfill_v01.3 to 2024-09-25 00:00:00+00:00, run_after=2024-09-26 00:00:00+00:00
[2024-09-26T00:49:32.712+0000] {processor.py:208} INFO - Processing /opt/airflow/dags/dag_with_catchup_and_backfill.py took 0.217 seconds
[2024-09-26T00:50:03.264+0000] {processor.py:186} INFO - Started process (PID=134396) to work on /opt/airflow/dags/dag_with_catchup_and_backfill.py
[2024-09-26T00:50:03.265+0000] {processor.py:914} INFO - Processing file /opt/airflow/dags/dag_with_catchup_and_backfill.py for tasks to queue
[2024-09-26T00:50:03.268+0000] {logging_mixin.py:190} INFO - [2024-09-26T00:50:03.267+0000] {dagbag.py:587} INFO - Filling up the DagBag from /opt/airflow/dags/dag_with_catchup_and_backfill.py
[2024-09-26T00:50:03.327+0000] {processor.py:925} INFO - DAG(s) 'dag_with_catchup_backfill_v01.3' retrieved from /opt/airflow/dags/dag_with_catchup_and_backfill.py
[2024-09-26T00:50:03.356+0000] {logging_mixin.py:190} INFO - [2024-09-26T00:50:03.355+0000] {dag.py:3229} INFO - Sync 1 DAGs
[2024-09-26T00:50:03.383+0000] {logging_mixin.py:190} INFO - [2024-09-26T00:50:03.383+0000] {dag.py:4156} INFO - Setting next_dagrun for dag_with_catchup_backfill_v01.3 to 2024-09-25 00:00:00+00:00, run_after=2024-09-26 00:00:00+00:00
[2024-09-26T00:50:03.412+0000] {processor.py:208} INFO - Processing /opt/airflow/dags/dag_with_catchup_and_backfill.py took 0.157 seconds
[2024-09-26T00:50:33.723+0000] {processor.py:186} INFO - Started process (PID=134439) to work on /opt/airflow/dags/dag_with_catchup_and_backfill.py
[2024-09-26T00:50:33.724+0000] {processor.py:914} INFO - Processing file /opt/airflow/dags/dag_with_catchup_and_backfill.py for tasks to queue
[2024-09-26T00:50:33.726+0000] {logging_mixin.py:190} INFO - [2024-09-26T00:50:33.726+0000] {dagbag.py:587} INFO - Filling up the DagBag from /opt/airflow/dags/dag_with_catchup_and_backfill.py
[2024-09-26T00:50:33.793+0000] {processor.py:925} INFO - DAG(s) 'dag_with_catchup_backfill_v01.3' retrieved from /opt/airflow/dags/dag_with_catchup_and_backfill.py
[2024-09-26T00:50:33.818+0000] {logging_mixin.py:190} INFO - [2024-09-26T00:50:33.817+0000] {dag.py:3229} INFO - Sync 1 DAGs
[2024-09-26T00:50:33.842+0000] {logging_mixin.py:190} INFO - [2024-09-26T00:50:33.842+0000] {dag.py:4156} INFO - Setting next_dagrun for dag_with_catchup_backfill_v01.3 to 2024-09-25 00:00:00+00:00, run_after=2024-09-26 00:00:00+00:00
[2024-09-26T00:50:33.873+0000] {processor.py:208} INFO - Processing /opt/airflow/dags/dag_with_catchup_and_backfill.py took 0.156 seconds
[2024-09-26T00:51:04.048+0000] {processor.py:186} INFO - Started process (PID=134480) to work on /opt/airflow/dags/dag_with_catchup_and_backfill.py
[2024-09-26T00:51:04.050+0000] {processor.py:914} INFO - Processing file /opt/airflow/dags/dag_with_catchup_and_backfill.py for tasks to queue
[2024-09-26T00:51:04.053+0000] {logging_mixin.py:190} INFO - [2024-09-26T00:51:04.052+0000] {dagbag.py:587} INFO - Filling up the DagBag from /opt/airflow/dags/dag_with_catchup_and_backfill.py
[2024-09-26T00:51:04.148+0000] {processor.py:925} INFO - DAG(s) 'dag_with_catchup_backfill_v01.3' retrieved from /opt/airflow/dags/dag_with_catchup_and_backfill.py
[2024-09-26T00:51:04.177+0000] {logging_mixin.py:190} INFO - [2024-09-26T00:51:04.176+0000] {dag.py:3229} INFO - Sync 1 DAGs
[2024-09-26T00:51:04.201+0000] {logging_mixin.py:190} INFO - [2024-09-26T00:51:04.201+0000] {dag.py:4156} INFO - Setting next_dagrun for dag_with_catchup_backfill_v01.3 to 2024-09-25 00:00:00+00:00, run_after=2024-09-26 00:00:00+00:00
[2024-09-26T00:51:04.229+0000] {processor.py:208} INFO - Processing /opt/airflow/dags/dag_with_catchup_and_backfill.py took 0.187 seconds
[2024-09-26T00:51:34.642+0000] {processor.py:186} INFO - Started process (PID=134523) to work on /opt/airflow/dags/dag_with_catchup_and_backfill.py
[2024-09-26T00:51:34.644+0000] {processor.py:914} INFO - Processing file /opt/airflow/dags/dag_with_catchup_and_backfill.py for tasks to queue
[2024-09-26T00:51:34.647+0000] {logging_mixin.py:190} INFO - [2024-09-26T00:51:34.647+0000] {dagbag.py:587} INFO - Filling up the DagBag from /opt/airflow/dags/dag_with_catchup_and_backfill.py
[2024-09-26T00:51:34.732+0000] {processor.py:925} INFO - DAG(s) 'dag_with_catchup_backfill_v01.3' retrieved from /opt/airflow/dags/dag_with_catchup_and_backfill.py
[2024-09-26T00:51:34.763+0000] {logging_mixin.py:190} INFO - [2024-09-26T00:51:34.763+0000] {dag.py:3229} INFO - Sync 1 DAGs
[2024-09-26T00:51:34.786+0000] {logging_mixin.py:190} INFO - [2024-09-26T00:51:34.786+0000] {dag.py:4156} INFO - Setting next_dagrun for dag_with_catchup_backfill_v01.3 to 2024-09-25 00:00:00+00:00, run_after=2024-09-26 00:00:00+00:00
[2024-09-26T00:51:34.811+0000] {processor.py:208} INFO - Processing /opt/airflow/dags/dag_with_catchup_and_backfill.py took 0.176 seconds
[2024-09-26T00:52:05.254+0000] {processor.py:186} INFO - Started process (PID=134566) to work on /opt/airflow/dags/dag_with_catchup_and_backfill.py
[2024-09-26T00:52:05.256+0000] {processor.py:914} INFO - Processing file /opt/airflow/dags/dag_with_catchup_and_backfill.py for tasks to queue
[2024-09-26T00:52:05.258+0000] {logging_mixin.py:190} INFO - [2024-09-26T00:52:05.257+0000] {dagbag.py:587} INFO - Filling up the DagBag from /opt/airflow/dags/dag_with_catchup_and_backfill.py
[2024-09-26T00:52:05.359+0000] {processor.py:925} INFO - DAG(s) 'dag_with_catchup_backfill_v01.3' retrieved from /opt/airflow/dags/dag_with_catchup_and_backfill.py
[2024-09-26T00:52:05.389+0000] {logging_mixin.py:190} INFO - [2024-09-26T00:52:05.388+0000] {dag.py:3229} INFO - Sync 1 DAGs
[2024-09-26T00:52:05.411+0000] {logging_mixin.py:190} INFO - [2024-09-26T00:52:05.410+0000] {dag.py:4156} INFO - Setting next_dagrun for dag_with_catchup_backfill_v01.3 to 2024-09-25 00:00:00+00:00, run_after=2024-09-26 00:00:00+00:00
[2024-09-26T00:52:05.437+0000] {processor.py:208} INFO - Processing /opt/airflow/dags/dag_with_catchup_and_backfill.py took 0.193 seconds
[2024-09-26T00:52:35.819+0000] {processor.py:186} INFO - Started process (PID=134609) to work on /opt/airflow/dags/dag_with_catchup_and_backfill.py
[2024-09-26T00:52:35.821+0000] {processor.py:914} INFO - Processing file /opt/airflow/dags/dag_with_catchup_and_backfill.py for tasks to queue
[2024-09-26T00:52:35.823+0000] {logging_mixin.py:190} INFO - [2024-09-26T00:52:35.822+0000] {dagbag.py:587} INFO - Filling up the DagBag from /opt/airflow/dags/dag_with_catchup_and_backfill.py
[2024-09-26T00:52:35.922+0000] {processor.py:925} INFO - DAG(s) 'dag_with_catchup_backfill_v01.3' retrieved from /opt/airflow/dags/dag_with_catchup_and_backfill.py
[2024-09-26T00:52:35.948+0000] {logging_mixin.py:190} INFO - [2024-09-26T00:52:35.947+0000] {dag.py:3229} INFO - Sync 1 DAGs
[2024-09-26T00:52:35.969+0000] {logging_mixin.py:190} INFO - [2024-09-26T00:52:35.969+0000] {dag.py:4156} INFO - Setting next_dagrun for dag_with_catchup_backfill_v01.3 to 2024-09-25 00:00:00+00:00, run_after=2024-09-26 00:00:00+00:00
[2024-09-26T00:52:35.992+0000] {processor.py:208} INFO - Processing /opt/airflow/dags/dag_with_catchup_and_backfill.py took 0.178 seconds
[2024-09-26T00:53:06.395+0000] {processor.py:186} INFO - Started process (PID=134654) to work on /opt/airflow/dags/dag_with_catchup_and_backfill.py
[2024-09-26T00:53:06.397+0000] {processor.py:914} INFO - Processing file /opt/airflow/dags/dag_with_catchup_and_backfill.py for tasks to queue
[2024-09-26T00:53:06.400+0000] {logging_mixin.py:190} INFO - [2024-09-26T00:53:06.399+0000] {dagbag.py:587} INFO - Filling up the DagBag from /opt/airflow/dags/dag_with_catchup_and_backfill.py
[2024-09-26T00:53:06.491+0000] {processor.py:925} INFO - DAG(s) 'dag_with_catchup_backfill_v01.3' retrieved from /opt/airflow/dags/dag_with_catchup_and_backfill.py
[2024-09-26T00:53:06.524+0000] {logging_mixin.py:190} INFO - [2024-09-26T00:53:06.524+0000] {dag.py:3229} INFO - Sync 1 DAGs
[2024-09-26T00:53:06.554+0000] {logging_mixin.py:190} INFO - [2024-09-26T00:53:06.554+0000] {dag.py:4156} INFO - Setting next_dagrun for dag_with_catchup_backfill_v01.3 to 2024-09-25 00:00:00+00:00, run_after=2024-09-26 00:00:00+00:00
[2024-09-26T00:53:06.585+0000] {processor.py:208} INFO - Processing /opt/airflow/dags/dag_with_catchup_and_backfill.py took 0.195 seconds
[2024-09-26T00:53:37.046+0000] {processor.py:186} INFO - Started process (PID=134695) to work on /opt/airflow/dags/dag_with_catchup_and_backfill.py
[2024-09-26T00:53:37.047+0000] {processor.py:914} INFO - Processing file /opt/airflow/dags/dag_with_catchup_and_backfill.py for tasks to queue
[2024-09-26T00:53:37.050+0000] {logging_mixin.py:190} INFO - [2024-09-26T00:53:37.049+0000] {dagbag.py:587} INFO - Filling up the DagBag from /opt/airflow/dags/dag_with_catchup_and_backfill.py
[2024-09-26T00:53:37.127+0000] {processor.py:925} INFO - DAG(s) 'dag_with_catchup_backfill_v01.3' retrieved from /opt/airflow/dags/dag_with_catchup_and_backfill.py
[2024-09-26T00:53:37.157+0000] {logging_mixin.py:190} INFO - [2024-09-26T00:53:37.156+0000] {dag.py:3229} INFO - Sync 1 DAGs
[2024-09-26T00:53:37.181+0000] {logging_mixin.py:190} INFO - [2024-09-26T00:53:37.181+0000] {dag.py:4156} INFO - Setting next_dagrun for dag_with_catchup_backfill_v01.3 to 2024-09-25 00:00:00+00:00, run_after=2024-09-26 00:00:00+00:00
[2024-09-26T00:53:37.208+0000] {processor.py:208} INFO - Processing /opt/airflow/dags/dag_with_catchup_and_backfill.py took 0.167 seconds
[2024-09-26T00:54:07.602+0000] {processor.py:186} INFO - Started process (PID=134738) to work on /opt/airflow/dags/dag_with_catchup_and_backfill.py
[2024-09-26T00:54:07.604+0000] {processor.py:914} INFO - Processing file /opt/airflow/dags/dag_with_catchup_and_backfill.py for tasks to queue
[2024-09-26T00:54:07.606+0000] {logging_mixin.py:190} INFO - [2024-09-26T00:54:07.606+0000] {dagbag.py:587} INFO - Filling up the DagBag from /opt/airflow/dags/dag_with_catchup_and_backfill.py
[2024-09-26T00:54:07.719+0000] {processor.py:925} INFO - DAG(s) 'dag_with_catchup_backfill_v01.3' retrieved from /opt/airflow/dags/dag_with_catchup_and_backfill.py
[2024-09-26T00:54:07.747+0000] {logging_mixin.py:190} INFO - [2024-09-26T00:54:07.747+0000] {dag.py:3229} INFO - Sync 1 DAGs
[2024-09-26T00:54:07.770+0000] {logging_mixin.py:190} INFO - [2024-09-26T00:54:07.770+0000] {dag.py:4156} INFO - Setting next_dagrun for dag_with_catchup_backfill_v01.3 to 2024-09-25 00:00:00+00:00, run_after=2024-09-26 00:00:00+00:00
[2024-09-26T00:54:07.797+0000] {processor.py:208} INFO - Processing /opt/airflow/dags/dag_with_catchup_and_backfill.py took 0.205 seconds
[2024-09-26T00:54:38.352+0000] {processor.py:186} INFO - Started process (PID=134781) to work on /opt/airflow/dags/dag_with_catchup_and_backfill.py
[2024-09-26T00:54:38.355+0000] {processor.py:914} INFO - Processing file /opt/airflow/dags/dag_with_catchup_and_backfill.py for tasks to queue
[2024-09-26T00:54:38.359+0000] {logging_mixin.py:190} INFO - [2024-09-26T00:54:38.358+0000] {dagbag.py:587} INFO - Filling up the DagBag from /opt/airflow/dags/dag_with_catchup_and_backfill.py
[2024-09-26T00:54:38.487+0000] {processor.py:925} INFO - DAG(s) 'dag_with_catchup_backfill_v01.3' retrieved from /opt/airflow/dags/dag_with_catchup_and_backfill.py
[2024-09-26T00:54:38.518+0000] {logging_mixin.py:190} INFO - [2024-09-26T00:54:38.518+0000] {dag.py:3229} INFO - Sync 1 DAGs
[2024-09-26T00:54:38.552+0000] {logging_mixin.py:190} INFO - [2024-09-26T00:54:38.552+0000] {dag.py:4156} INFO - Setting next_dagrun for dag_with_catchup_backfill_v01.3 to 2024-09-25 00:00:00+00:00, run_after=2024-09-26 00:00:00+00:00
[2024-09-26T00:54:38.580+0000] {processor.py:208} INFO - Processing /opt/airflow/dags/dag_with_catchup_and_backfill.py took 0.239 seconds
[2024-09-26T00:55:08.926+0000] {processor.py:186} INFO - Started process (PID=134824) to work on /opt/airflow/dags/dag_with_catchup_and_backfill.py
[2024-09-26T00:55:08.928+0000] {processor.py:914} INFO - Processing file /opt/airflow/dags/dag_with_catchup_and_backfill.py for tasks to queue
[2024-09-26T00:55:08.930+0000] {logging_mixin.py:190} INFO - [2024-09-26T00:55:08.930+0000] {dagbag.py:587} INFO - Filling up the DagBag from /opt/airflow/dags/dag_with_catchup_and_backfill.py
[2024-09-26T00:55:09.021+0000] {processor.py:925} INFO - DAG(s) 'dag_with_catchup_backfill_v01.3' retrieved from /opt/airflow/dags/dag_with_catchup_and_backfill.py
[2024-09-26T00:55:09.046+0000] {logging_mixin.py:190} INFO - [2024-09-26T00:55:09.046+0000] {dag.py:3229} INFO - Sync 1 DAGs
[2024-09-26T00:55:09.068+0000] {logging_mixin.py:190} INFO - [2024-09-26T00:55:09.068+0000] {dag.py:4156} INFO - Setting next_dagrun for dag_with_catchup_backfill_v01.3 to 2024-09-25 00:00:00+00:00, run_after=2024-09-26 00:00:00+00:00
[2024-09-26T00:55:09.090+0000] {processor.py:208} INFO - Processing /opt/airflow/dags/dag_with_catchup_and_backfill.py took 0.174 seconds
[2024-09-26T00:55:39.550+0000] {processor.py:186} INFO - Started process (PID=134867) to work on /opt/airflow/dags/dag_with_catchup_and_backfill.py
[2024-09-26T00:55:39.552+0000] {processor.py:914} INFO - Processing file /opt/airflow/dags/dag_with_catchup_and_backfill.py for tasks to queue
[2024-09-26T00:55:39.556+0000] {logging_mixin.py:190} INFO - [2024-09-26T00:55:39.555+0000] {dagbag.py:587} INFO - Filling up the DagBag from /opt/airflow/dags/dag_with_catchup_and_backfill.py
[2024-09-26T00:55:39.649+0000] {processor.py:925} INFO - DAG(s) 'dag_with_catchup_backfill_v01.3' retrieved from /opt/airflow/dags/dag_with_catchup_and_backfill.py
[2024-09-26T00:55:39.674+0000] {logging_mixin.py:190} INFO - [2024-09-26T00:55:39.674+0000] {dag.py:3229} INFO - Sync 1 DAGs
[2024-09-26T00:55:39.696+0000] {logging_mixin.py:190} INFO - [2024-09-26T00:55:39.696+0000] {dag.py:4156} INFO - Setting next_dagrun for dag_with_catchup_backfill_v01.3 to 2024-09-25 00:00:00+00:00, run_after=2024-09-26 00:00:00+00:00
[2024-09-26T00:55:39.721+0000] {processor.py:208} INFO - Processing /opt/airflow/dags/dag_with_catchup_and_backfill.py took 0.185 seconds
[2024-09-26T00:56:10.178+0000] {processor.py:186} INFO - Started process (PID=134910) to work on /opt/airflow/dags/dag_with_catchup_and_backfill.py
[2024-09-26T00:56:10.179+0000] {processor.py:914} INFO - Processing file /opt/airflow/dags/dag_with_catchup_and_backfill.py for tasks to queue
[2024-09-26T00:56:10.182+0000] {logging_mixin.py:190} INFO - [2024-09-26T00:56:10.181+0000] {dagbag.py:587} INFO - Filling up the DagBag from /opt/airflow/dags/dag_with_catchup_and_backfill.py
[2024-09-26T00:56:10.277+0000] {processor.py:925} INFO - DAG(s) 'dag_with_catchup_backfill_v01.3' retrieved from /opt/airflow/dags/dag_with_catchup_and_backfill.py
[2024-09-26T00:56:10.303+0000] {logging_mixin.py:190} INFO - [2024-09-26T00:56:10.303+0000] {dag.py:3229} INFO - Sync 1 DAGs
[2024-09-26T00:56:10.325+0000] {logging_mixin.py:190} INFO - [2024-09-26T00:56:10.325+0000] {dag.py:4156} INFO - Setting next_dagrun for dag_with_catchup_backfill_v01.3 to 2024-09-25 00:00:00+00:00, run_after=2024-09-26 00:00:00+00:00
[2024-09-26T00:56:10.350+0000] {processor.py:208} INFO - Processing /opt/airflow/dags/dag_with_catchup_and_backfill.py took 0.179 seconds
[2024-09-26T00:56:40.779+0000] {processor.py:186} INFO - Started process (PID=134953) to work on /opt/airflow/dags/dag_with_catchup_and_backfill.py
[2024-09-26T00:56:40.781+0000] {processor.py:914} INFO - Processing file /opt/airflow/dags/dag_with_catchup_and_backfill.py for tasks to queue
[2024-09-26T00:56:40.784+0000] {logging_mixin.py:190} INFO - [2024-09-26T00:56:40.783+0000] {dagbag.py:587} INFO - Filling up the DagBag from /opt/airflow/dags/dag_with_catchup_and_backfill.py
[2024-09-26T00:56:40.911+0000] {processor.py:925} INFO - DAG(s) 'dag_with_catchup_backfill_v01.3' retrieved from /opt/airflow/dags/dag_with_catchup_and_backfill.py
[2024-09-26T00:56:40.954+0000] {logging_mixin.py:190} INFO - [2024-09-26T00:56:40.954+0000] {dag.py:3229} INFO - Sync 1 DAGs
[2024-09-26T00:56:40.977+0000] {logging_mixin.py:190} INFO - [2024-09-26T00:56:40.977+0000] {dag.py:4156} INFO - Setting next_dagrun for dag_with_catchup_backfill_v01.3 to 2024-09-25 00:00:00+00:00, run_after=2024-09-26 00:00:00+00:00
[2024-09-26T00:56:41.000+0000] {processor.py:208} INFO - Processing /opt/airflow/dags/dag_with_catchup_and_backfill.py took 0.230 seconds
[2024-09-26T00:57:11.270+0000] {processor.py:186} INFO - Started process (PID=134996) to work on /opt/airflow/dags/dag_with_catchup_and_backfill.py
[2024-09-26T00:57:11.271+0000] {processor.py:914} INFO - Processing file /opt/airflow/dags/dag_with_catchup_and_backfill.py for tasks to queue
[2024-09-26T00:57:11.273+0000] {logging_mixin.py:190} INFO - [2024-09-26T00:57:11.272+0000] {dagbag.py:587} INFO - Filling up the DagBag from /opt/airflow/dags/dag_with_catchup_and_backfill.py
[2024-09-26T00:57:11.347+0000] {processor.py:925} INFO - DAG(s) 'dag_with_catchup_backfill_v01.3' retrieved from /opt/airflow/dags/dag_with_catchup_and_backfill.py
[2024-09-26T00:57:11.371+0000] {logging_mixin.py:190} INFO - [2024-09-26T00:57:11.371+0000] {dag.py:3229} INFO - Sync 1 DAGs
[2024-09-26T00:57:11.394+0000] {logging_mixin.py:190} INFO - [2024-09-26T00:57:11.394+0000] {dag.py:4156} INFO - Setting next_dagrun for dag_with_catchup_backfill_v01.3 to 2024-09-25 00:00:00+00:00, run_after=2024-09-26 00:00:00+00:00
[2024-09-26T00:57:11.420+0000] {processor.py:208} INFO - Processing /opt/airflow/dags/dag_with_catchup_and_backfill.py took 0.156 seconds
[2024-09-26T00:57:41.781+0000] {processor.py:186} INFO - Started process (PID=135039) to work on /opt/airflow/dags/dag_with_catchup_and_backfill.py
[2024-09-26T00:57:41.782+0000] {processor.py:914} INFO - Processing file /opt/airflow/dags/dag_with_catchup_and_backfill.py for tasks to queue
[2024-09-26T00:57:41.784+0000] {logging_mixin.py:190} INFO - [2024-09-26T00:57:41.784+0000] {dagbag.py:587} INFO - Filling up the DagBag from /opt/airflow/dags/dag_with_catchup_and_backfill.py
[2024-09-26T00:57:41.853+0000] {processor.py:925} INFO - DAG(s) 'dag_with_catchup_backfill_v01.3' retrieved from /opt/airflow/dags/dag_with_catchup_and_backfill.py
[2024-09-26T00:57:41.882+0000] {logging_mixin.py:190} INFO - [2024-09-26T00:57:41.881+0000] {dag.py:3229} INFO - Sync 1 DAGs
[2024-09-26T00:57:41.908+0000] {logging_mixin.py:190} INFO - [2024-09-26T00:57:41.908+0000] {dag.py:4156} INFO - Setting next_dagrun for dag_with_catchup_backfill_v01.3 to 2024-09-25 00:00:00+00:00, run_after=2024-09-26 00:00:00+00:00
[2024-09-26T00:57:41.935+0000] {processor.py:208} INFO - Processing /opt/airflow/dags/dag_with_catchup_and_backfill.py took 0.161 seconds
[2024-09-26T00:58:12.445+0000] {processor.py:186} INFO - Started process (PID=135082) to work on /opt/airflow/dags/dag_with_catchup_and_backfill.py
[2024-09-26T00:58:12.446+0000] {processor.py:914} INFO - Processing file /opt/airflow/dags/dag_with_catchup_and_backfill.py for tasks to queue
[2024-09-26T00:58:12.448+0000] {logging_mixin.py:190} INFO - [2024-09-26T00:58:12.448+0000] {dagbag.py:587} INFO - Filling up the DagBag from /opt/airflow/dags/dag_with_catchup_and_backfill.py
[2024-09-26T00:58:12.513+0000] {processor.py:925} INFO - DAG(s) 'dag_with_catchup_backfill_v01.3' retrieved from /opt/airflow/dags/dag_with_catchup_and_backfill.py
[2024-09-26T00:58:12.544+0000] {logging_mixin.py:190} INFO - [2024-09-26T00:58:12.544+0000] {dag.py:3229} INFO - Sync 1 DAGs
[2024-09-26T00:58:12.573+0000] {logging_mixin.py:190} INFO - [2024-09-26T00:58:12.573+0000] {dag.py:4156} INFO - Setting next_dagrun for dag_with_catchup_backfill_v01.3 to 2024-09-25 00:00:00+00:00, run_after=2024-09-26 00:00:00+00:00
[2024-09-26T00:58:12.603+0000] {processor.py:208} INFO - Processing /opt/airflow/dags/dag_with_catchup_and_backfill.py took 0.164 seconds
[2024-09-26T00:58:42.993+0000] {processor.py:186} INFO - Started process (PID=135125) to work on /opt/airflow/dags/dag_with_catchup_and_backfill.py
[2024-09-26T00:58:42.996+0000] {processor.py:914} INFO - Processing file /opt/airflow/dags/dag_with_catchup_and_backfill.py for tasks to queue
[2024-09-26T00:58:42.999+0000] {logging_mixin.py:190} INFO - [2024-09-26T00:58:42.998+0000] {dagbag.py:587} INFO - Filling up the DagBag from /opt/airflow/dags/dag_with_catchup_and_backfill.py
[2024-09-26T00:58:43.112+0000] {processor.py:925} INFO - DAG(s) 'dag_with_catchup_backfill_v01.3' retrieved from /opt/airflow/dags/dag_with_catchup_and_backfill.py
[2024-09-26T00:58:43.139+0000] {logging_mixin.py:190} INFO - [2024-09-26T00:58:43.138+0000] {dag.py:3229} INFO - Sync 1 DAGs
[2024-09-26T00:58:43.161+0000] {logging_mixin.py:190} INFO - [2024-09-26T00:58:43.161+0000] {dag.py:4156} INFO - Setting next_dagrun for dag_with_catchup_backfill_v01.3 to 2024-09-25 00:00:00+00:00, run_after=2024-09-26 00:00:00+00:00
[2024-09-26T00:58:43.187+0000] {processor.py:208} INFO - Processing /opt/airflow/dags/dag_with_catchup_and_backfill.py took 0.205 seconds
[2024-09-26T00:59:13.528+0000] {processor.py:186} INFO - Started process (PID=135168) to work on /opt/airflow/dags/dag_with_catchup_and_backfill.py
[2024-09-26T00:59:13.531+0000] {processor.py:914} INFO - Processing file /opt/airflow/dags/dag_with_catchup_and_backfill.py for tasks to queue
[2024-09-26T00:59:13.534+0000] {logging_mixin.py:190} INFO - [2024-09-26T00:59:13.533+0000] {dagbag.py:587} INFO - Filling up the DagBag from /opt/airflow/dags/dag_with_catchup_and_backfill.py
[2024-09-26T00:59:13.627+0000] {processor.py:925} INFO - DAG(s) 'dag_with_catchup_backfill_v01.3' retrieved from /opt/airflow/dags/dag_with_catchup_and_backfill.py
[2024-09-26T00:59:13.655+0000] {logging_mixin.py:190} INFO - [2024-09-26T00:59:13.655+0000] {dag.py:3229} INFO - Sync 1 DAGs
[2024-09-26T00:59:13.680+0000] {logging_mixin.py:190} INFO - [2024-09-26T00:59:13.680+0000] {dag.py:4156} INFO - Setting next_dagrun for dag_with_catchup_backfill_v01.3 to 2024-09-25 00:00:00+00:00, run_after=2024-09-26 00:00:00+00:00
[2024-09-26T00:59:13.711+0000] {processor.py:208} INFO - Processing /opt/airflow/dags/dag_with_catchup_and_backfill.py took 0.191 seconds
[2024-09-26T00:59:44.066+0000] {processor.py:186} INFO - Started process (PID=135211) to work on /opt/airflow/dags/dag_with_catchup_and_backfill.py
[2024-09-26T00:59:44.068+0000] {processor.py:914} INFO - Processing file /opt/airflow/dags/dag_with_catchup_and_backfill.py for tasks to queue
[2024-09-26T00:59:44.070+0000] {logging_mixin.py:190} INFO - [2024-09-26T00:59:44.070+0000] {dagbag.py:587} INFO - Filling up the DagBag from /opt/airflow/dags/dag_with_catchup_and_backfill.py
[2024-09-26T00:59:44.166+0000] {processor.py:925} INFO - DAG(s) 'dag_with_catchup_backfill_v01.3' retrieved from /opt/airflow/dags/dag_with_catchup_and_backfill.py
[2024-09-26T00:59:44.190+0000] {logging_mixin.py:190} INFO - [2024-09-26T00:59:44.190+0000] {dag.py:3229} INFO - Sync 1 DAGs
[2024-09-26T00:59:44.214+0000] {logging_mixin.py:190} INFO - [2024-09-26T00:59:44.213+0000] {dag.py:4156} INFO - Setting next_dagrun for dag_with_catchup_backfill_v01.3 to 2024-09-25 00:00:00+00:00, run_after=2024-09-26 00:00:00+00:00
[2024-09-26T00:59:44.236+0000] {processor.py:208} INFO - Processing /opt/airflow/dags/dag_with_catchup_and_backfill.py took 0.181 seconds
[2024-09-26T01:00:14.787+0000] {processor.py:186} INFO - Started process (PID=135256) to work on /opt/airflow/dags/dag_with_catchup_and_backfill.py
[2024-09-26T01:00:14.789+0000] {processor.py:914} INFO - Processing file /opt/airflow/dags/dag_with_catchup_and_backfill.py for tasks to queue
[2024-09-26T01:00:14.791+0000] {logging_mixin.py:190} INFO - [2024-09-26T01:00:14.791+0000] {dagbag.py:587} INFO - Filling up the DagBag from /opt/airflow/dags/dag_with_catchup_and_backfill.py
[2024-09-26T01:00:14.888+0000] {processor.py:925} INFO - DAG(s) 'dag_with_catchup_backfill_v01.3' retrieved from /opt/airflow/dags/dag_with_catchup_and_backfill.py
[2024-09-26T01:00:14.923+0000] {logging_mixin.py:190} INFO - [2024-09-26T01:00:14.923+0000] {dag.py:3229} INFO - Sync 1 DAGs
[2024-09-26T01:00:14.951+0000] {logging_mixin.py:190} INFO - [2024-09-26T01:00:14.951+0000] {dag.py:4156} INFO - Setting next_dagrun for dag_with_catchup_backfill_v01.3 to 2024-09-25 00:00:00+00:00, run_after=2024-09-26 00:00:00+00:00
[2024-09-26T01:00:14.977+0000] {processor.py:208} INFO - Processing /opt/airflow/dags/dag_with_catchup_and_backfill.py took 0.195 seconds
[2024-09-26T01:00:45.277+0000] {processor.py:186} INFO - Started process (PID=135297) to work on /opt/airflow/dags/dag_with_catchup_and_backfill.py
[2024-09-26T01:00:45.281+0000] {processor.py:914} INFO - Processing file /opt/airflow/dags/dag_with_catchup_and_backfill.py for tasks to queue
[2024-09-26T01:00:45.286+0000] {logging_mixin.py:190} INFO - [2024-09-26T01:00:45.285+0000] {dagbag.py:587} INFO - Filling up the DagBag from /opt/airflow/dags/dag_with_catchup_and_backfill.py
[2024-09-26T01:00:45.388+0000] {processor.py:925} INFO - DAG(s) 'dag_with_catchup_backfill_v01.3' retrieved from /opt/airflow/dags/dag_with_catchup_and_backfill.py
[2024-09-26T01:00:45.410+0000] {logging_mixin.py:190} INFO - [2024-09-26T01:00:45.410+0000] {dag.py:3229} INFO - Sync 1 DAGs
[2024-09-26T01:00:45.431+0000] {logging_mixin.py:190} INFO - [2024-09-26T01:00:45.430+0000] {dag.py:4156} INFO - Setting next_dagrun for dag_with_catchup_backfill_v01.3 to 2024-09-25 00:00:00+00:00, run_after=2024-09-26 00:00:00+00:00
[2024-09-26T01:00:45.454+0000] {processor.py:208} INFO - Processing /opt/airflow/dags/dag_with_catchup_and_backfill.py took 0.187 seconds
[2024-09-26T01:01:15.811+0000] {processor.py:186} INFO - Started process (PID=135340) to work on /opt/airflow/dags/dag_with_catchup_and_backfill.py
[2024-09-26T01:01:15.813+0000] {processor.py:914} INFO - Processing file /opt/airflow/dags/dag_with_catchup_and_backfill.py for tasks to queue
[2024-09-26T01:01:15.815+0000] {logging_mixin.py:190} INFO - [2024-09-26T01:01:15.815+0000] {dagbag.py:587} INFO - Filling up the DagBag from /opt/airflow/dags/dag_with_catchup_and_backfill.py
[2024-09-26T01:01:15.924+0000] {processor.py:925} INFO - DAG(s) 'dag_with_catchup_backfill_v01.3' retrieved from /opt/airflow/dags/dag_with_catchup_and_backfill.py
[2024-09-26T01:01:15.950+0000] {logging_mixin.py:190} INFO - [2024-09-26T01:01:15.950+0000] {dag.py:3229} INFO - Sync 1 DAGs
[2024-09-26T01:01:15.970+0000] {logging_mixin.py:190} INFO - [2024-09-26T01:01:15.970+0000] {dag.py:4156} INFO - Setting next_dagrun for dag_with_catchup_backfill_v01.3 to 2024-09-25 00:00:00+00:00, run_after=2024-09-26 00:00:00+00:00
[2024-09-26T01:01:15.994+0000] {processor.py:208} INFO - Processing /opt/airflow/dags/dag_with_catchup_and_backfill.py took 0.189 seconds
[2024-09-26T01:01:46.302+0000] {processor.py:186} INFO - Started process (PID=135383) to work on /opt/airflow/dags/dag_with_catchup_and_backfill.py
[2024-09-26T01:01:46.303+0000] {processor.py:914} INFO - Processing file /opt/airflow/dags/dag_with_catchup_and_backfill.py for tasks to queue
[2024-09-26T01:01:46.305+0000] {logging_mixin.py:190} INFO - [2024-09-26T01:01:46.305+0000] {dagbag.py:587} INFO - Filling up the DagBag from /opt/airflow/dags/dag_with_catchup_and_backfill.py
[2024-09-26T01:01:46.391+0000] {processor.py:925} INFO - DAG(s) 'dag_with_catchup_backfill_v01.3' retrieved from /opt/airflow/dags/dag_with_catchup_and_backfill.py
[2024-09-26T01:01:46.419+0000] {logging_mixin.py:190} INFO - [2024-09-26T01:01:46.419+0000] {dag.py:3229} INFO - Sync 1 DAGs
[2024-09-26T01:01:46.442+0000] {logging_mixin.py:190} INFO - [2024-09-26T01:01:46.442+0000] {dag.py:4156} INFO - Setting next_dagrun for dag_with_catchup_backfill_v01.3 to 2024-09-25 00:00:00+00:00, run_after=2024-09-26 00:00:00+00:00
[2024-09-26T01:01:46.467+0000] {processor.py:208} INFO - Processing /opt/airflow/dags/dag_with_catchup_and_backfill.py took 0.171 seconds
[2024-09-26T01:02:16.955+0000] {processor.py:186} INFO - Started process (PID=135426) to work on /opt/airflow/dags/dag_with_catchup_and_backfill.py
[2024-09-26T01:02:16.957+0000] {processor.py:914} INFO - Processing file /opt/airflow/dags/dag_with_catchup_and_backfill.py for tasks to queue
[2024-09-26T01:02:16.959+0000] {logging_mixin.py:190} INFO - [2024-09-26T01:02:16.959+0000] {dagbag.py:587} INFO - Filling up the DagBag from /opt/airflow/dags/dag_with_catchup_and_backfill.py
[2024-09-26T01:02:17.043+0000] {processor.py:925} INFO - DAG(s) 'dag_with_catchup_backfill_v01.3' retrieved from /opt/airflow/dags/dag_with_catchup_and_backfill.py
[2024-09-26T01:02:17.063+0000] {logging_mixin.py:190} INFO - [2024-09-26T01:02:17.063+0000] {dag.py:3229} INFO - Sync 1 DAGs
[2024-09-26T01:02:17.085+0000] {logging_mixin.py:190} INFO - [2024-09-26T01:02:17.085+0000] {dag.py:4156} INFO - Setting next_dagrun for dag_with_catchup_backfill_v01.3 to 2024-09-25 00:00:00+00:00, run_after=2024-09-26 00:00:00+00:00
[2024-09-26T01:02:17.111+0000] {processor.py:208} INFO - Processing /opt/airflow/dags/dag_with_catchup_and_backfill.py took 0.165 seconds
[2024-09-26T01:02:47.576+0000] {processor.py:186} INFO - Started process (PID=135471) to work on /opt/airflow/dags/dag_with_catchup_and_backfill.py
[2024-09-26T01:02:47.578+0000] {processor.py:914} INFO - Processing file /opt/airflow/dags/dag_with_catchup_and_backfill.py for tasks to queue
[2024-09-26T01:02:47.581+0000] {logging_mixin.py:190} INFO - [2024-09-26T01:02:47.581+0000] {dagbag.py:587} INFO - Filling up the DagBag from /opt/airflow/dags/dag_with_catchup_and_backfill.py
[2024-09-26T01:02:47.665+0000] {processor.py:925} INFO - DAG(s) 'dag_with_catchup_backfill_v01.3' retrieved from /opt/airflow/dags/dag_with_catchup_and_backfill.py
[2024-09-26T01:02:47.688+0000] {logging_mixin.py:190} INFO - [2024-09-26T01:02:47.688+0000] {dag.py:3229} INFO - Sync 1 DAGs
[2024-09-26T01:02:47.710+0000] {logging_mixin.py:190} INFO - [2024-09-26T01:02:47.709+0000] {dag.py:4156} INFO - Setting next_dagrun for dag_with_catchup_backfill_v01.3 to 2024-09-25 00:00:00+00:00, run_after=2024-09-26 00:00:00+00:00
[2024-09-26T01:02:47.742+0000] {processor.py:208} INFO - Processing /opt/airflow/dags/dag_with_catchup_and_backfill.py took 0.177 seconds
[2024-09-26T01:03:18.167+0000] {processor.py:186} INFO - Started process (PID=135512) to work on /opt/airflow/dags/dag_with_catchup_and_backfill.py
[2024-09-26T01:03:18.169+0000] {processor.py:914} INFO - Processing file /opt/airflow/dags/dag_with_catchup_and_backfill.py for tasks to queue
[2024-09-26T01:03:18.170+0000] {logging_mixin.py:190} INFO - [2024-09-26T01:03:18.170+0000] {dagbag.py:587} INFO - Filling up the DagBag from /opt/airflow/dags/dag_with_catchup_and_backfill.py
[2024-09-26T01:03:18.258+0000] {processor.py:925} INFO - DAG(s) 'dag_with_catchup_backfill_v01.3' retrieved from /opt/airflow/dags/dag_with_catchup_and_backfill.py
[2024-09-26T01:03:18.283+0000] {logging_mixin.py:190} INFO - [2024-09-26T01:03:18.282+0000] {dag.py:3229} INFO - Sync 1 DAGs
[2024-09-26T01:03:18.303+0000] {logging_mixin.py:190} INFO - [2024-09-26T01:03:18.303+0000] {dag.py:4156} INFO - Setting next_dagrun for dag_with_catchup_backfill_v01.3 to 2024-09-25 00:00:00+00:00, run_after=2024-09-26 00:00:00+00:00
[2024-09-26T01:03:18.327+0000] {processor.py:208} INFO - Processing /opt/airflow/dags/dag_with_catchup_and_backfill.py took 0.166 seconds
[2024-09-26T01:03:48.809+0000] {processor.py:186} INFO - Started process (PID=135555) to work on /opt/airflow/dags/dag_with_catchup_and_backfill.py
[2024-09-26T01:03:48.811+0000] {processor.py:914} INFO - Processing file /opt/airflow/dags/dag_with_catchup_and_backfill.py for tasks to queue
[2024-09-26T01:03:48.814+0000] {logging_mixin.py:190} INFO - [2024-09-26T01:03:48.813+0000] {dagbag.py:587} INFO - Filling up the DagBag from /opt/airflow/dags/dag_with_catchup_and_backfill.py
[2024-09-26T01:03:48.904+0000] {processor.py:925} INFO - DAG(s) 'dag_with_catchup_backfill_v01.3' retrieved from /opt/airflow/dags/dag_with_catchup_and_backfill.py
[2024-09-26T01:03:48.927+0000] {logging_mixin.py:190} INFO - [2024-09-26T01:03:48.927+0000] {dag.py:3229} INFO - Sync 1 DAGs
[2024-09-26T01:03:48.949+0000] {logging_mixin.py:190} INFO - [2024-09-26T01:03:48.949+0000] {dag.py:4156} INFO - Setting next_dagrun for dag_with_catchup_backfill_v01.3 to 2024-09-25 00:00:00+00:00, run_after=2024-09-26 00:00:00+00:00
[2024-09-26T01:03:48.971+0000] {processor.py:208} INFO - Processing /opt/airflow/dags/dag_with_catchup_and_backfill.py took 0.172 seconds
[2024-09-26T01:04:19.263+0000] {processor.py:186} INFO - Started process (PID=135598) to work on /opt/airflow/dags/dag_with_catchup_and_backfill.py
[2024-09-26T01:04:19.266+0000] {processor.py:914} INFO - Processing file /opt/airflow/dags/dag_with_catchup_and_backfill.py for tasks to queue
[2024-09-26T01:04:19.269+0000] {logging_mixin.py:190} INFO - [2024-09-26T01:04:19.268+0000] {dagbag.py:587} INFO - Filling up the DagBag from /opt/airflow/dags/dag_with_catchup_and_backfill.py
[2024-09-26T01:04:19.363+0000] {processor.py:925} INFO - DAG(s) 'dag_with_catchup_backfill_v01.3' retrieved from /opt/airflow/dags/dag_with_catchup_and_backfill.py
[2024-09-26T01:04:19.391+0000] {logging_mixin.py:190} INFO - [2024-09-26T01:04:19.390+0000] {dag.py:3229} INFO - Sync 1 DAGs
[2024-09-26T01:04:19.419+0000] {logging_mixin.py:190} INFO - [2024-09-26T01:04:19.418+0000] {dag.py:4156} INFO - Setting next_dagrun for dag_with_catchup_backfill_v01.3 to 2024-09-25 00:00:00+00:00, run_after=2024-09-26 00:00:00+00:00
[2024-09-26T01:04:19.449+0000] {processor.py:208} INFO - Processing /opt/airflow/dags/dag_with_catchup_and_backfill.py took 0.192 seconds
[2024-09-26T01:04:49.957+0000] {processor.py:186} INFO - Started process (PID=135641) to work on /opt/airflow/dags/dag_with_catchup_and_backfill.py
[2024-09-26T01:04:49.959+0000] {processor.py:914} INFO - Processing file /opt/airflow/dags/dag_with_catchup_and_backfill.py for tasks to queue
[2024-09-26T01:04:49.961+0000] {logging_mixin.py:190} INFO - [2024-09-26T01:04:49.961+0000] {dagbag.py:587} INFO - Filling up the DagBag from /opt/airflow/dags/dag_with_catchup_and_backfill.py
[2024-09-26T01:04:50.065+0000] {processor.py:925} INFO - DAG(s) 'dag_with_catchup_backfill_v01.3' retrieved from /opt/airflow/dags/dag_with_catchup_and_backfill.py
[2024-09-26T01:04:50.093+0000] {logging_mixin.py:190} INFO - [2024-09-26T01:04:50.093+0000] {dag.py:3229} INFO - Sync 1 DAGs
[2024-09-26T01:04:50.117+0000] {logging_mixin.py:190} INFO - [2024-09-26T01:04:50.116+0000] {dag.py:4156} INFO - Setting next_dagrun for dag_with_catchup_backfill_v01.3 to 2024-09-25 00:00:00+00:00, run_after=2024-09-26 00:00:00+00:00
[2024-09-26T01:04:50.145+0000] {processor.py:208} INFO - Processing /opt/airflow/dags/dag_with_catchup_and_backfill.py took 0.195 seconds
[2024-09-26T01:05:20.428+0000] {processor.py:186} INFO - Started process (PID=135684) to work on /opt/airflow/dags/dag_with_catchup_and_backfill.py
[2024-09-26T01:05:20.430+0000] {processor.py:914} INFO - Processing file /opt/airflow/dags/dag_with_catchup_and_backfill.py for tasks to queue
[2024-09-26T01:05:20.432+0000] {logging_mixin.py:190} INFO - [2024-09-26T01:05:20.432+0000] {dagbag.py:587} INFO - Filling up the DagBag from /opt/airflow/dags/dag_with_catchup_and_backfill.py
[2024-09-26T01:05:20.544+0000] {processor.py:925} INFO - DAG(s) 'dag_with_catchup_backfill_v01.3' retrieved from /opt/airflow/dags/dag_with_catchup_and_backfill.py
[2024-09-26T01:05:20.580+0000] {logging_mixin.py:190} INFO - [2024-09-26T01:05:20.579+0000] {dag.py:3229} INFO - Sync 1 DAGs
[2024-09-26T01:05:20.604+0000] {logging_mixin.py:190} INFO - [2024-09-26T01:05:20.604+0000] {dag.py:4156} INFO - Setting next_dagrun for dag_with_catchup_backfill_v01.3 to 2024-09-25 00:00:00+00:00, run_after=2024-09-26 00:00:00+00:00
[2024-09-26T01:05:20.637+0000] {processor.py:208} INFO - Processing /opt/airflow/dags/dag_with_catchup_and_backfill.py took 0.214 seconds
[2024-09-26T01:05:51.002+0000] {processor.py:186} INFO - Started process (PID=135727) to work on /opt/airflow/dags/dag_with_catchup_and_backfill.py
[2024-09-26T01:05:51.004+0000] {processor.py:914} INFO - Processing file /opt/airflow/dags/dag_with_catchup_and_backfill.py for tasks to queue
[2024-09-26T01:05:51.008+0000] {logging_mixin.py:190} INFO - [2024-09-26T01:05:51.007+0000] {dagbag.py:587} INFO - Filling up the DagBag from /opt/airflow/dags/dag_with_catchup_and_backfill.py
[2024-09-26T01:05:51.126+0000] {processor.py:925} INFO - DAG(s) 'dag_with_catchup_backfill_v01.3' retrieved from /opt/airflow/dags/dag_with_catchup_and_backfill.py
[2024-09-26T01:05:51.153+0000] {logging_mixin.py:190} INFO - [2024-09-26T01:05:51.152+0000] {dag.py:3229} INFO - Sync 1 DAGs
[2024-09-26T01:05:51.175+0000] {logging_mixin.py:190} INFO - [2024-09-26T01:05:51.175+0000] {dag.py:4156} INFO - Setting next_dagrun for dag_with_catchup_backfill_v01.3 to 2024-09-25 00:00:00+00:00, run_after=2024-09-26 00:00:00+00:00
[2024-09-26T01:05:51.198+0000] {processor.py:208} INFO - Processing /opt/airflow/dags/dag_with_catchup_and_backfill.py took 0.208 seconds
[2024-09-26T01:06:21.655+0000] {processor.py:186} INFO - Started process (PID=135770) to work on /opt/airflow/dags/dag_with_catchup_and_backfill.py
[2024-09-26T01:06:21.656+0000] {processor.py:914} INFO - Processing file /opt/airflow/dags/dag_with_catchup_and_backfill.py for tasks to queue
[2024-09-26T01:06:21.658+0000] {logging_mixin.py:190} INFO - [2024-09-26T01:06:21.658+0000] {dagbag.py:587} INFO - Filling up the DagBag from /opt/airflow/dags/dag_with_catchup_and_backfill.py
[2024-09-26T01:06:21.755+0000] {processor.py:925} INFO - DAG(s) 'dag_with_catchup_backfill_v01.3' retrieved from /opt/airflow/dags/dag_with_catchup_and_backfill.py
[2024-09-26T01:06:21.782+0000] {logging_mixin.py:190} INFO - [2024-09-26T01:06:21.782+0000] {dag.py:3229} INFO - Sync 1 DAGs
[2024-09-26T01:06:21.802+0000] {logging_mixin.py:190} INFO - [2024-09-26T01:06:21.802+0000] {dag.py:4156} INFO - Setting next_dagrun for dag_with_catchup_backfill_v01.3 to 2024-09-25 00:00:00+00:00, run_after=2024-09-26 00:00:00+00:00
[2024-09-26T01:06:21.825+0000] {processor.py:208} INFO - Processing /opt/airflow/dags/dag_with_catchup_and_backfill.py took 0.177 seconds
[2024-09-26T01:06:52.203+0000] {processor.py:186} INFO - Started process (PID=135813) to work on /opt/airflow/dags/dag_with_catchup_and_backfill.py
[2024-09-26T01:06:52.205+0000] {processor.py:914} INFO - Processing file /opt/airflow/dags/dag_with_catchup_and_backfill.py for tasks to queue
[2024-09-26T01:06:52.207+0000] {logging_mixin.py:190} INFO - [2024-09-26T01:06:52.207+0000] {dagbag.py:587} INFO - Filling up the DagBag from /opt/airflow/dags/dag_with_catchup_and_backfill.py
[2024-09-26T01:06:52.301+0000] {processor.py:925} INFO - DAG(s) 'dag_with_catchup_backfill_v01.3' retrieved from /opt/airflow/dags/dag_with_catchup_and_backfill.py
[2024-09-26T01:06:52.328+0000] {logging_mixin.py:190} INFO - [2024-09-26T01:06:52.328+0000] {dag.py:3229} INFO - Sync 1 DAGs
[2024-09-26T01:06:52.352+0000] {logging_mixin.py:190} INFO - [2024-09-26T01:06:52.352+0000] {dag.py:4156} INFO - Setting next_dagrun for dag_with_catchup_backfill_v01.3 to 2024-09-25 00:00:00+00:00, run_after=2024-09-26 00:00:00+00:00
[2024-09-26T01:06:52.373+0000] {processor.py:208} INFO - Processing /opt/airflow/dags/dag_with_catchup_and_backfill.py took 0.179 seconds
[2024-09-26T01:07:22.707+0000] {processor.py:186} INFO - Started process (PID=135856) to work on /opt/airflow/dags/dag_with_catchup_and_backfill.py
[2024-09-26T01:07:22.708+0000] {processor.py:914} INFO - Processing file /opt/airflow/dags/dag_with_catchup_and_backfill.py for tasks to queue
[2024-09-26T01:07:22.711+0000] {logging_mixin.py:190} INFO - [2024-09-26T01:07:22.710+0000] {dagbag.py:587} INFO - Filling up the DagBag from /opt/airflow/dags/dag_with_catchup_and_backfill.py
[2024-09-26T01:07:22.791+0000] {processor.py:925} INFO - DAG(s) 'dag_with_catchup_backfill_v01.3' retrieved from /opt/airflow/dags/dag_with_catchup_and_backfill.py
[2024-09-26T01:07:22.813+0000] {logging_mixin.py:190} INFO - [2024-09-26T01:07:22.813+0000] {dag.py:3229} INFO - Sync 1 DAGs
[2024-09-26T01:07:22.837+0000] {logging_mixin.py:190} INFO - [2024-09-26T01:07:22.837+0000] {dag.py:4156} INFO - Setting next_dagrun for dag_with_catchup_backfill_v01.3 to 2024-09-25 00:00:00+00:00, run_after=2024-09-26 00:00:00+00:00
[2024-09-26T01:07:22.864+0000] {processor.py:208} INFO - Processing /opt/airflow/dags/dag_with_catchup_and_backfill.py took 0.162 seconds
[2024-09-26T01:07:53.226+0000] {processor.py:186} INFO - Started process (PID=135899) to work on /opt/airflow/dags/dag_with_catchup_and_backfill.py
[2024-09-26T01:07:53.227+0000] {processor.py:914} INFO - Processing file /opt/airflow/dags/dag_with_catchup_and_backfill.py for tasks to queue
[2024-09-26T01:07:53.229+0000] {logging_mixin.py:190} INFO - [2024-09-26T01:07:53.229+0000] {dagbag.py:587} INFO - Filling up the DagBag from /opt/airflow/dags/dag_with_catchup_and_backfill.py
[2024-09-26T01:07:53.308+0000] {processor.py:925} INFO - DAG(s) 'dag_with_catchup_backfill_v01.3' retrieved from /opt/airflow/dags/dag_with_catchup_and_backfill.py
[2024-09-26T01:07:53.333+0000] {logging_mixin.py:190} INFO - [2024-09-26T01:07:53.333+0000] {dag.py:3229} INFO - Sync 1 DAGs
[2024-09-26T01:07:53.355+0000] {logging_mixin.py:190} INFO - [2024-09-26T01:07:53.354+0000] {dag.py:4156} INFO - Setting next_dagrun for dag_with_catchup_backfill_v01.3 to 2024-09-25 00:00:00+00:00, run_after=2024-09-26 00:00:00+00:00
[2024-09-26T01:07:53.378+0000] {processor.py:208} INFO - Processing /opt/airflow/dags/dag_with_catchup_and_backfill.py took 0.159 seconds
[2024-09-26T01:08:23.771+0000] {processor.py:186} INFO - Started process (PID=135942) to work on /opt/airflow/dags/dag_with_catchup_and_backfill.py
[2024-09-26T01:08:23.773+0000] {processor.py:914} INFO - Processing file /opt/airflow/dags/dag_with_catchup_and_backfill.py for tasks to queue
[2024-09-26T01:08:23.775+0000] {logging_mixin.py:190} INFO - [2024-09-26T01:08:23.774+0000] {dagbag.py:587} INFO - Filling up the DagBag from /opt/airflow/dags/dag_with_catchup_and_backfill.py
[2024-09-26T01:08:23.873+0000] {processor.py:925} INFO - DAG(s) 'dag_with_catchup_backfill_v01.3' retrieved from /opt/airflow/dags/dag_with_catchup_and_backfill.py
[2024-09-26T01:08:23.905+0000] {logging_mixin.py:190} INFO - [2024-09-26T01:08:23.905+0000] {dag.py:3229} INFO - Sync 1 DAGs
[2024-09-26T01:08:23.925+0000] {logging_mixin.py:190} INFO - [2024-09-26T01:08:23.925+0000] {dag.py:4156} INFO - Setting next_dagrun for dag_with_catchup_backfill_v01.3 to 2024-09-25 00:00:00+00:00, run_after=2024-09-26 00:00:00+00:00
[2024-09-26T01:08:23.948+0000] {processor.py:208} INFO - Processing /opt/airflow/dags/dag_with_catchup_and_backfill.py took 0.182 seconds
[2024-09-26T01:08:54.196+0000] {processor.py:186} INFO - Started process (PID=135985) to work on /opt/airflow/dags/dag_with_catchup_and_backfill.py
[2024-09-26T01:08:54.199+0000] {processor.py:914} INFO - Processing file /opt/airflow/dags/dag_with_catchup_and_backfill.py for tasks to queue
[2024-09-26T01:08:54.201+0000] {logging_mixin.py:190} INFO - [2024-09-26T01:08:54.201+0000] {dagbag.py:587} INFO - Filling up the DagBag from /opt/airflow/dags/dag_with_catchup_and_backfill.py
[2024-09-26T01:08:54.293+0000] {processor.py:925} INFO - DAG(s) 'dag_with_catchup_backfill_v01.3' retrieved from /opt/airflow/dags/dag_with_catchup_and_backfill.py
[2024-09-26T01:08:54.322+0000] {logging_mixin.py:190} INFO - [2024-09-26T01:08:54.322+0000] {dag.py:3229} INFO - Sync 1 DAGs
[2024-09-26T01:08:54.346+0000] {logging_mixin.py:190} INFO - [2024-09-26T01:08:54.346+0000] {dag.py:4156} INFO - Setting next_dagrun for dag_with_catchup_backfill_v01.3 to 2024-09-25 00:00:00+00:00, run_after=2024-09-26 00:00:00+00:00
[2024-09-26T01:08:54.375+0000] {processor.py:208} INFO - Processing /opt/airflow/dags/dag_with_catchup_and_backfill.py took 0.188 seconds
[2024-09-26T01:09:24.694+0000] {processor.py:186} INFO - Started process (PID=136028) to work on /opt/airflow/dags/dag_with_catchup_and_backfill.py
[2024-09-26T01:09:24.696+0000] {processor.py:914} INFO - Processing file /opt/airflow/dags/dag_with_catchup_and_backfill.py for tasks to queue
[2024-09-26T01:09:24.698+0000] {logging_mixin.py:190} INFO - [2024-09-26T01:09:24.698+0000] {dagbag.py:587} INFO - Filling up the DagBag from /opt/airflow/dags/dag_with_catchup_and_backfill.py
[2024-09-26T01:09:24.766+0000] {processor.py:925} INFO - DAG(s) 'dag_with_catchup_backfill_v01.3' retrieved from /opt/airflow/dags/dag_with_catchup_and_backfill.py
[2024-09-26T01:09:24.795+0000] {logging_mixin.py:190} INFO - [2024-09-26T01:09:24.795+0000] {dag.py:3229} INFO - Sync 1 DAGs
[2024-09-26T01:09:24.821+0000] {logging_mixin.py:190} INFO - [2024-09-26T01:09:24.820+0000] {dag.py:4156} INFO - Setting next_dagrun for dag_with_catchup_backfill_v01.3 to 2024-09-25 00:00:00+00:00, run_after=2024-09-26 00:00:00+00:00
[2024-09-26T01:09:24.852+0000] {processor.py:208} INFO - Processing /opt/airflow/dags/dag_with_catchup_and_backfill.py took 0.165 seconds
[2024-09-26T01:09:55.298+0000] {processor.py:186} INFO - Started process (PID=136071) to work on /opt/airflow/dags/dag_with_catchup_and_backfill.py
[2024-09-26T01:09:55.300+0000] {processor.py:914} INFO - Processing file /opt/airflow/dags/dag_with_catchup_and_backfill.py for tasks to queue
[2024-09-26T01:09:55.303+0000] {logging_mixin.py:190} INFO - [2024-09-26T01:09:55.302+0000] {dagbag.py:587} INFO - Filling up the DagBag from /opt/airflow/dags/dag_with_catchup_and_backfill.py
[2024-09-26T01:09:55.411+0000] {processor.py:925} INFO - DAG(s) 'dag_with_catchup_backfill_v01.3' retrieved from /opt/airflow/dags/dag_with_catchup_and_backfill.py
[2024-09-26T01:09:55.440+0000] {logging_mixin.py:190} INFO - [2024-09-26T01:09:55.439+0000] {dag.py:3229} INFO - Sync 1 DAGs
[2024-09-26T01:09:55.464+0000] {logging_mixin.py:190} INFO - [2024-09-26T01:09:55.464+0000] {dag.py:4156} INFO - Setting next_dagrun for dag_with_catchup_backfill_v01.3 to 2024-09-25 00:00:00+00:00, run_after=2024-09-26 00:00:00+00:00
[2024-09-26T01:09:55.486+0000] {processor.py:208} INFO - Processing /opt/airflow/dags/dag_with_catchup_and_backfill.py took 0.197 seconds
[2024-09-26T01:10:25.912+0000] {processor.py:186} INFO - Started process (PID=136114) to work on /opt/airflow/dags/dag_with_catchup_and_backfill.py
[2024-09-26T01:10:25.913+0000] {processor.py:914} INFO - Processing file /opt/airflow/dags/dag_with_catchup_and_backfill.py for tasks to queue
[2024-09-26T01:10:25.915+0000] {logging_mixin.py:190} INFO - [2024-09-26T01:10:25.915+0000] {dagbag.py:587} INFO - Filling up the DagBag from /opt/airflow/dags/dag_with_catchup_and_backfill.py
[2024-09-26T01:10:25.992+0000] {processor.py:925} INFO - DAG(s) 'dag_with_catchup_backfill_v01.3' retrieved from /opt/airflow/dags/dag_with_catchup_and_backfill.py
[2024-09-26T01:10:26.020+0000] {logging_mixin.py:190} INFO - [2024-09-26T01:10:26.020+0000] {dag.py:3229} INFO - Sync 1 DAGs
[2024-09-26T01:10:26.047+0000] {logging_mixin.py:190} INFO - [2024-09-26T01:10:26.047+0000] {dag.py:4156} INFO - Setting next_dagrun for dag_with_catchup_backfill_v01.3 to 2024-09-25 00:00:00+00:00, run_after=2024-09-26 00:00:00+00:00
[2024-09-26T01:10:26.072+0000] {processor.py:208} INFO - Processing /opt/airflow/dags/dag_with_catchup_and_backfill.py took 0.167 seconds
[2024-09-26T01:10:56.412+0000] {processor.py:186} INFO - Started process (PID=136157) to work on /opt/airflow/dags/dag_with_catchup_and_backfill.py
[2024-09-26T01:10:56.413+0000] {processor.py:914} INFO - Processing file /opt/airflow/dags/dag_with_catchup_and_backfill.py for tasks to queue
[2024-09-26T01:10:56.416+0000] {logging_mixin.py:190} INFO - [2024-09-26T01:10:56.415+0000] {dagbag.py:587} INFO - Filling up the DagBag from /opt/airflow/dags/dag_with_catchup_and_backfill.py
[2024-09-26T01:10:56.505+0000] {processor.py:925} INFO - DAG(s) 'dag_with_catchup_backfill_v01.3' retrieved from /opt/airflow/dags/dag_with_catchup_and_backfill.py
[2024-09-26T01:10:56.529+0000] {logging_mixin.py:190} INFO - [2024-09-26T01:10:56.529+0000] {dag.py:3229} INFO - Sync 1 DAGs
[2024-09-26T01:10:56.554+0000] {logging_mixin.py:190} INFO - [2024-09-26T01:10:56.554+0000] {dag.py:4156} INFO - Setting next_dagrun for dag_with_catchup_backfill_v01.3 to 2024-09-25 00:00:00+00:00, run_after=2024-09-26 00:00:00+00:00
[2024-09-26T01:10:56.576+0000] {processor.py:208} INFO - Processing /opt/airflow/dags/dag_with_catchup_and_backfill.py took 0.175 seconds
[2024-09-26T01:11:26.991+0000] {processor.py:186} INFO - Started process (PID=136200) to work on /opt/airflow/dags/dag_with_catchup_and_backfill.py
[2024-09-26T01:11:26.994+0000] {processor.py:914} INFO - Processing file /opt/airflow/dags/dag_with_catchup_and_backfill.py for tasks to queue
[2024-09-26T01:11:26.999+0000] {logging_mixin.py:190} INFO - [2024-09-26T01:11:26.998+0000] {dagbag.py:587} INFO - Filling up the DagBag from /opt/airflow/dags/dag_with_catchup_and_backfill.py
[2024-09-26T01:11:27.119+0000] {processor.py:925} INFO - DAG(s) 'dag_with_catchup_backfill_v01.3' retrieved from /opt/airflow/dags/dag_with_catchup_and_backfill.py
[2024-09-26T01:11:27.145+0000] {logging_mixin.py:190} INFO - [2024-09-26T01:11:27.145+0000] {dag.py:3229} INFO - Sync 1 DAGs
[2024-09-26T01:11:27.166+0000] {logging_mixin.py:190} INFO - [2024-09-26T01:11:27.166+0000] {dag.py:4156} INFO - Setting next_dagrun for dag_with_catchup_backfill_v01.3 to 2024-09-25 00:00:00+00:00, run_after=2024-09-26 00:00:00+00:00
[2024-09-26T01:11:27.195+0000] {processor.py:208} INFO - Processing /opt/airflow/dags/dag_with_catchup_and_backfill.py took 0.209 seconds
[2024-09-26T01:11:57.726+0000] {processor.py:186} INFO - Started process (PID=136243) to work on /opt/airflow/dags/dag_with_catchup_and_backfill.py
[2024-09-26T01:11:57.729+0000] {processor.py:914} INFO - Processing file /opt/airflow/dags/dag_with_catchup_and_backfill.py for tasks to queue
[2024-09-26T01:11:57.732+0000] {logging_mixin.py:190} INFO - [2024-09-26T01:11:57.732+0000] {dagbag.py:587} INFO - Filling up the DagBag from /opt/airflow/dags/dag_with_catchup_and_backfill.py
[2024-09-26T01:11:57.825+0000] {processor.py:925} INFO - DAG(s) 'dag_with_catchup_backfill_v01.3' retrieved from /opt/airflow/dags/dag_with_catchup_and_backfill.py
[2024-09-26T01:11:57.852+0000] {logging_mixin.py:190} INFO - [2024-09-26T01:11:57.852+0000] {dag.py:3229} INFO - Sync 1 DAGs
[2024-09-26T01:11:57.878+0000] {logging_mixin.py:190} INFO - [2024-09-26T01:11:57.878+0000] {dag.py:4156} INFO - Setting next_dagrun for dag_with_catchup_backfill_v01.3 to 2024-09-25 00:00:00+00:00, run_after=2024-09-26 00:00:00+00:00
[2024-09-26T01:11:57.906+0000] {processor.py:208} INFO - Processing /opt/airflow/dags/dag_with_catchup_and_backfill.py took 0.191 seconds
[2024-09-26T01:12:28.219+0000] {processor.py:186} INFO - Started process (PID=136286) to work on /opt/airflow/dags/dag_with_catchup_and_backfill.py
[2024-09-26T01:12:28.221+0000] {processor.py:914} INFO - Processing file /opt/airflow/dags/dag_with_catchup_and_backfill.py for tasks to queue
[2024-09-26T01:12:28.222+0000] {logging_mixin.py:190} INFO - [2024-09-26T01:12:28.222+0000] {dagbag.py:587} INFO - Filling up the DagBag from /opt/airflow/dags/dag_with_catchup_and_backfill.py
[2024-09-26T01:12:28.311+0000] {processor.py:925} INFO - DAG(s) 'dag_with_catchup_backfill_v01.3' retrieved from /opt/airflow/dags/dag_with_catchup_and_backfill.py
[2024-09-26T01:12:28.346+0000] {logging_mixin.py:190} INFO - [2024-09-26T01:12:28.346+0000] {dag.py:3229} INFO - Sync 1 DAGs
[2024-09-26T01:12:28.371+0000] {logging_mixin.py:190} INFO - [2024-09-26T01:12:28.371+0000] {dag.py:4156} INFO - Setting next_dagrun for dag_with_catchup_backfill_v01.3 to 2024-09-25 00:00:00+00:00, run_after=2024-09-26 00:00:00+00:00
[2024-09-26T01:12:28.396+0000] {processor.py:208} INFO - Processing /opt/airflow/dags/dag_with_catchup_and_backfill.py took 0.181 seconds
[2024-09-26T01:12:58.905+0000] {processor.py:186} INFO - Started process (PID=136329) to work on /opt/airflow/dags/dag_with_catchup_and_backfill.py
[2024-09-26T01:12:58.908+0000] {processor.py:914} INFO - Processing file /opt/airflow/dags/dag_with_catchup_and_backfill.py for tasks to queue
[2024-09-26T01:12:58.913+0000] {logging_mixin.py:190} INFO - [2024-09-26T01:12:58.912+0000] {dagbag.py:587} INFO - Filling up the DagBag from /opt/airflow/dags/dag_with_catchup_and_backfill.py
[2024-09-26T01:12:59.022+0000] {processor.py:925} INFO - DAG(s) 'dag_with_catchup_backfill_v01.3' retrieved from /opt/airflow/dags/dag_with_catchup_and_backfill.py
[2024-09-26T01:12:59.047+0000] {logging_mixin.py:190} INFO - [2024-09-26T01:12:59.047+0000] {dag.py:3229} INFO - Sync 1 DAGs
[2024-09-26T01:12:59.068+0000] {logging_mixin.py:190} INFO - [2024-09-26T01:12:59.068+0000] {dag.py:4156} INFO - Setting next_dagrun for dag_with_catchup_backfill_v01.3 to 2024-09-25 00:00:00+00:00, run_after=2024-09-26 00:00:00+00:00
[2024-09-26T01:12:59.091+0000] {processor.py:208} INFO - Processing /opt/airflow/dags/dag_with_catchup_and_backfill.py took 0.202 seconds
[2024-09-26T01:13:29.459+0000] {processor.py:186} INFO - Started process (PID=136372) to work on /opt/airflow/dags/dag_with_catchup_and_backfill.py
[2024-09-26T01:13:29.460+0000] {processor.py:914} INFO - Processing file /opt/airflow/dags/dag_with_catchup_and_backfill.py for tasks to queue
[2024-09-26T01:13:29.462+0000] {logging_mixin.py:190} INFO - [2024-09-26T01:13:29.462+0000] {dagbag.py:587} INFO - Filling up the DagBag from /opt/airflow/dags/dag_with_catchup_and_backfill.py
[2024-09-26T01:13:29.565+0000] {processor.py:925} INFO - DAG(s) 'dag_with_catchup_backfill_v01.3' retrieved from /opt/airflow/dags/dag_with_catchup_and_backfill.py
[2024-09-26T01:13:29.597+0000] {logging_mixin.py:190} INFO - [2024-09-26T01:13:29.596+0000] {dag.py:3229} INFO - Sync 1 DAGs
[2024-09-26T01:13:29.618+0000] {logging_mixin.py:190} INFO - [2024-09-26T01:13:29.617+0000] {dag.py:4156} INFO - Setting next_dagrun for dag_with_catchup_backfill_v01.3 to 2024-09-25 00:00:00+00:00, run_after=2024-09-26 00:00:00+00:00
[2024-09-26T01:13:29.643+0000] {processor.py:208} INFO - Processing /opt/airflow/dags/dag_with_catchup_and_backfill.py took 0.190 seconds
[2024-09-26T01:13:59.860+0000] {processor.py:186} INFO - Started process (PID=136415) to work on /opt/airflow/dags/dag_with_catchup_and_backfill.py
[2024-09-26T01:13:59.862+0000] {processor.py:914} INFO - Processing file /opt/airflow/dags/dag_with_catchup_and_backfill.py for tasks to queue
[2024-09-26T01:13:59.864+0000] {logging_mixin.py:190} INFO - [2024-09-26T01:13:59.863+0000] {dagbag.py:587} INFO - Filling up the DagBag from /opt/airflow/dags/dag_with_catchup_and_backfill.py
[2024-09-26T01:13:59.951+0000] {processor.py:925} INFO - DAG(s) 'dag_with_catchup_backfill_v01.3' retrieved from /opt/airflow/dags/dag_with_catchup_and_backfill.py
[2024-09-26T01:13:59.979+0000] {logging_mixin.py:190} INFO - [2024-09-26T01:13:59.979+0000] {dag.py:3229} INFO - Sync 1 DAGs
[2024-09-26T01:14:00.002+0000] {logging_mixin.py:190} INFO - [2024-09-26T01:14:00.002+0000] {dag.py:4156} INFO - Setting next_dagrun for dag_with_catchup_backfill_v01.3 to 2024-09-25 00:00:00+00:00, run_after=2024-09-26 00:00:00+00:00
[2024-09-26T01:14:00.031+0000] {processor.py:208} INFO - Processing /opt/airflow/dags/dag_with_catchup_and_backfill.py took 0.176 seconds
[2024-09-26T01:14:30.403+0000] {processor.py:186} INFO - Started process (PID=136458) to work on /opt/airflow/dags/dag_with_catchup_and_backfill.py
[2024-09-26T01:14:30.405+0000] {processor.py:914} INFO - Processing file /opt/airflow/dags/dag_with_catchup_and_backfill.py for tasks to queue
[2024-09-26T01:14:30.408+0000] {logging_mixin.py:190} INFO - [2024-09-26T01:14:30.407+0000] {dagbag.py:587} INFO - Filling up the DagBag from /opt/airflow/dags/dag_with_catchup_and_backfill.py
[2024-09-26T01:14:30.483+0000] {processor.py:925} INFO - DAG(s) 'dag_with_catchup_backfill_v01.3' retrieved from /opt/airflow/dags/dag_with_catchup_and_backfill.py
[2024-09-26T01:14:30.510+0000] {logging_mixin.py:190} INFO - [2024-09-26T01:14:30.510+0000] {dag.py:3229} INFO - Sync 1 DAGs
[2024-09-26T01:14:30.534+0000] {logging_mixin.py:190} INFO - [2024-09-26T01:14:30.534+0000] {dag.py:4156} INFO - Setting next_dagrun for dag_with_catchup_backfill_v01.3 to 2024-09-25 00:00:00+00:00, run_after=2024-09-26 00:00:00+00:00
[2024-09-26T01:14:30.559+0000] {processor.py:208} INFO - Processing /opt/airflow/dags/dag_with_catchup_and_backfill.py took 0.165 seconds
[2024-09-26T01:15:01.073+0000] {processor.py:186} INFO - Started process (PID=136501) to work on /opt/airflow/dags/dag_with_catchup_and_backfill.py
[2024-09-26T01:15:01.075+0000] {processor.py:914} INFO - Processing file /opt/airflow/dags/dag_with_catchup_and_backfill.py for tasks to queue
[2024-09-26T01:15:01.077+0000] {logging_mixin.py:190} INFO - [2024-09-26T01:15:01.077+0000] {dagbag.py:587} INFO - Filling up the DagBag from /opt/airflow/dags/dag_with_catchup_and_backfill.py
[2024-09-26T01:15:01.177+0000] {processor.py:925} INFO - DAG(s) 'dag_with_catchup_backfill_v01.3' retrieved from /opt/airflow/dags/dag_with_catchup_and_backfill.py
[2024-09-26T01:15:01.204+0000] {logging_mixin.py:190} INFO - [2024-09-26T01:15:01.204+0000] {dag.py:3229} INFO - Sync 1 DAGs
[2024-09-26T01:15:01.225+0000] {logging_mixin.py:190} INFO - [2024-09-26T01:15:01.225+0000] {dag.py:4156} INFO - Setting next_dagrun for dag_with_catchup_backfill_v01.3 to 2024-09-25 00:00:00+00:00, run_after=2024-09-26 00:00:00+00:00
[2024-09-26T01:15:01.251+0000] {processor.py:208} INFO - Processing /opt/airflow/dags/dag_with_catchup_and_backfill.py took 0.184 seconds
[2024-09-26T01:15:31.660+0000] {processor.py:186} INFO - Started process (PID=136544) to work on /opt/airflow/dags/dag_with_catchup_and_backfill.py
[2024-09-26T01:15:31.662+0000] {processor.py:914} INFO - Processing file /opt/airflow/dags/dag_with_catchup_and_backfill.py for tasks to queue
[2024-09-26T01:15:31.663+0000] {logging_mixin.py:190} INFO - [2024-09-26T01:15:31.663+0000] {dagbag.py:587} INFO - Filling up the DagBag from /opt/airflow/dags/dag_with_catchup_and_backfill.py
[2024-09-26T01:15:31.755+0000] {processor.py:925} INFO - DAG(s) 'dag_with_catchup_backfill_v01.3' retrieved from /opt/airflow/dags/dag_with_catchup_and_backfill.py
[2024-09-26T01:15:31.778+0000] {logging_mixin.py:190} INFO - [2024-09-26T01:15:31.778+0000] {dag.py:3229} INFO - Sync 1 DAGs
[2024-09-26T01:15:31.800+0000] {logging_mixin.py:190} INFO - [2024-09-26T01:15:31.800+0000] {dag.py:4156} INFO - Setting next_dagrun for dag_with_catchup_backfill_v01.3 to 2024-09-25 00:00:00+00:00, run_after=2024-09-26 00:00:00+00:00
[2024-09-26T01:15:31.826+0000] {processor.py:208} INFO - Processing /opt/airflow/dags/dag_with_catchup_and_backfill.py took 0.171 seconds
[2024-09-26T01:16:02.196+0000] {processor.py:186} INFO - Started process (PID=136587) to work on /opt/airflow/dags/dag_with_catchup_and_backfill.py
[2024-09-26T01:16:02.197+0000] {processor.py:914} INFO - Processing file /opt/airflow/dags/dag_with_catchup_and_backfill.py for tasks to queue
[2024-09-26T01:16:02.199+0000] {logging_mixin.py:190} INFO - [2024-09-26T01:16:02.199+0000] {dagbag.py:587} INFO - Filling up the DagBag from /opt/airflow/dags/dag_with_catchup_and_backfill.py
[2024-09-26T01:16:02.275+0000] {processor.py:925} INFO - DAG(s) 'dag_with_catchup_backfill_v01.3' retrieved from /opt/airflow/dags/dag_with_catchup_and_backfill.py
[2024-09-26T01:16:02.301+0000] {logging_mixin.py:190} INFO - [2024-09-26T01:16:02.300+0000] {dag.py:3229} INFO - Sync 1 DAGs
[2024-09-26T01:16:02.324+0000] {logging_mixin.py:190} INFO - [2024-09-26T01:16:02.323+0000] {dag.py:4156} INFO - Setting next_dagrun for dag_with_catchup_backfill_v01.3 to 2024-09-25 00:00:00+00:00, run_after=2024-09-26 00:00:00+00:00
[2024-09-26T01:16:02.351+0000] {processor.py:208} INFO - Processing /opt/airflow/dags/dag_with_catchup_and_backfill.py took 0.161 seconds
[2024-09-26T01:16:32.869+0000] {processor.py:186} INFO - Started process (PID=136630) to work on /opt/airflow/dags/dag_with_catchup_and_backfill.py
[2024-09-26T01:16:32.871+0000] {processor.py:914} INFO - Processing file /opt/airflow/dags/dag_with_catchup_and_backfill.py for tasks to queue
[2024-09-26T01:16:32.874+0000] {logging_mixin.py:190} INFO - [2024-09-26T01:16:32.873+0000] {dagbag.py:587} INFO - Filling up the DagBag from /opt/airflow/dags/dag_with_catchup_and_backfill.py
[2024-09-26T01:16:33.006+0000] {processor.py:925} INFO - DAG(s) 'dag_with_catchup_backfill_v01.3' retrieved from /opt/airflow/dags/dag_with_catchup_and_backfill.py
[2024-09-26T01:16:33.039+0000] {logging_mixin.py:190} INFO - [2024-09-26T01:16:33.038+0000] {dag.py:3229} INFO - Sync 1 DAGs
[2024-09-26T01:16:33.059+0000] {logging_mixin.py:190} INFO - [2024-09-26T01:16:33.059+0000] {dag.py:4156} INFO - Setting next_dagrun for dag_with_catchup_backfill_v01.3 to 2024-09-25 00:00:00+00:00, run_after=2024-09-26 00:00:00+00:00
[2024-09-26T01:16:33.084+0000] {processor.py:208} INFO - Processing /opt/airflow/dags/dag_with_catchup_and_backfill.py took 0.224 seconds
[2024-09-26T01:17:03.570+0000] {processor.py:186} INFO - Started process (PID=136673) to work on /opt/airflow/dags/dag_with_catchup_and_backfill.py
[2024-09-26T01:17:03.572+0000] {processor.py:914} INFO - Processing file /opt/airflow/dags/dag_with_catchup_and_backfill.py for tasks to queue
[2024-09-26T01:17:03.574+0000] {logging_mixin.py:190} INFO - [2024-09-26T01:17:03.573+0000] {dagbag.py:587} INFO - Filling up the DagBag from /opt/airflow/dags/dag_with_catchup_and_backfill.py
[2024-09-26T01:17:03.664+0000] {processor.py:925} INFO - DAG(s) 'dag_with_catchup_backfill_v01.3' retrieved from /opt/airflow/dags/dag_with_catchup_and_backfill.py
[2024-09-26T01:17:03.689+0000] {logging_mixin.py:190} INFO - [2024-09-26T01:17:03.689+0000] {dag.py:3229} INFO - Sync 1 DAGs
[2024-09-26T01:17:03.709+0000] {logging_mixin.py:190} INFO - [2024-09-26T01:17:03.709+0000] {dag.py:4156} INFO - Setting next_dagrun for dag_with_catchup_backfill_v01.3 to 2024-09-25 00:00:00+00:00, run_after=2024-09-26 00:00:00+00:00
[2024-09-26T01:17:03.732+0000] {processor.py:208} INFO - Processing /opt/airflow/dags/dag_with_catchup_and_backfill.py took 0.167 seconds
[2024-09-26T01:17:34.207+0000] {processor.py:186} INFO - Started process (PID=136716) to work on /opt/airflow/dags/dag_with_catchup_and_backfill.py
[2024-09-26T01:17:34.209+0000] {processor.py:914} INFO - Processing file /opt/airflow/dags/dag_with_catchup_and_backfill.py for tasks to queue
[2024-09-26T01:17:34.211+0000] {logging_mixin.py:190} INFO - [2024-09-26T01:17:34.211+0000] {dagbag.py:587} INFO - Filling up the DagBag from /opt/airflow/dags/dag_with_catchup_and_backfill.py
[2024-09-26T01:17:34.312+0000] {processor.py:925} INFO - DAG(s) 'dag_with_catchup_backfill_v01.3' retrieved from /opt/airflow/dags/dag_with_catchup_and_backfill.py
[2024-09-26T01:17:34.337+0000] {logging_mixin.py:190} INFO - [2024-09-26T01:17:34.337+0000] {dag.py:3229} INFO - Sync 1 DAGs
[2024-09-26T01:17:34.358+0000] {logging_mixin.py:190} INFO - [2024-09-26T01:17:34.357+0000] {dag.py:4156} INFO - Setting next_dagrun for dag_with_catchup_backfill_v01.3 to 2024-09-25 00:00:00+00:00, run_after=2024-09-26 00:00:00+00:00
[2024-09-26T01:17:34.382+0000] {processor.py:208} INFO - Processing /opt/airflow/dags/dag_with_catchup_and_backfill.py took 0.181 seconds
[2024-09-26T01:18:04.675+0000] {processor.py:186} INFO - Started process (PID=136759) to work on /opt/airflow/dags/dag_with_catchup_and_backfill.py
[2024-09-26T01:18:04.677+0000] {processor.py:914} INFO - Processing file /opt/airflow/dags/dag_with_catchup_and_backfill.py for tasks to queue
[2024-09-26T01:18:04.679+0000] {logging_mixin.py:190} INFO - [2024-09-26T01:18:04.679+0000] {dagbag.py:587} INFO - Filling up the DagBag from /opt/airflow/dags/dag_with_catchup_and_backfill.py
[2024-09-26T01:18:04.766+0000] {processor.py:925} INFO - DAG(s) 'dag_with_catchup_backfill_v01.3' retrieved from /opt/airflow/dags/dag_with_catchup_and_backfill.py
[2024-09-26T01:18:04.789+0000] {logging_mixin.py:190} INFO - [2024-09-26T01:18:04.789+0000] {dag.py:3229} INFO - Sync 1 DAGs
[2024-09-26T01:18:04.810+0000] {logging_mixin.py:190} INFO - [2024-09-26T01:18:04.809+0000] {dag.py:4156} INFO - Setting next_dagrun for dag_with_catchup_backfill_v01.3 to 2024-09-25 00:00:00+00:00, run_after=2024-09-26 00:00:00+00:00
[2024-09-26T01:18:04.833+0000] {processor.py:208} INFO - Processing /opt/airflow/dags/dag_with_catchup_and_backfill.py took 0.164 seconds
[2024-09-26T01:18:35.294+0000] {processor.py:186} INFO - Started process (PID=136802) to work on /opt/airflow/dags/dag_with_catchup_and_backfill.py
[2024-09-26T01:18:35.295+0000] {processor.py:914} INFO - Processing file /opt/airflow/dags/dag_with_catchup_and_backfill.py for tasks to queue
[2024-09-26T01:18:35.299+0000] {logging_mixin.py:190} INFO - [2024-09-26T01:18:35.298+0000] {dagbag.py:587} INFO - Filling up the DagBag from /opt/airflow/dags/dag_with_catchup_and_backfill.py
[2024-09-26T01:18:35.386+0000] {processor.py:925} INFO - DAG(s) 'dag_with_catchup_backfill_v01.3' retrieved from /opt/airflow/dags/dag_with_catchup_and_backfill.py
[2024-09-26T01:18:35.416+0000] {logging_mixin.py:190} INFO - [2024-09-26T01:18:35.415+0000] {dag.py:3229} INFO - Sync 1 DAGs
[2024-09-26T01:18:35.439+0000] {logging_mixin.py:190} INFO - [2024-09-26T01:18:35.438+0000] {dag.py:4156} INFO - Setting next_dagrun for dag_with_catchup_backfill_v01.3 to 2024-09-25 00:00:00+00:00, run_after=2024-09-26 00:00:00+00:00
[2024-09-26T01:18:35.464+0000] {processor.py:208} INFO - Processing /opt/airflow/dags/dag_with_catchup_and_backfill.py took 0.175 seconds
[2024-09-26T01:19:05.902+0000] {processor.py:186} INFO - Started process (PID=136845) to work on /opt/airflow/dags/dag_with_catchup_and_backfill.py
[2024-09-26T01:19:05.904+0000] {processor.py:914} INFO - Processing file /opt/airflow/dags/dag_with_catchup_and_backfill.py for tasks to queue
[2024-09-26T01:19:05.907+0000] {logging_mixin.py:190} INFO - [2024-09-26T01:19:05.906+0000] {dagbag.py:587} INFO - Filling up the DagBag from /opt/airflow/dags/dag_with_catchup_and_backfill.py
[2024-09-26T01:19:06.003+0000] {processor.py:925} INFO - DAG(s) 'dag_with_catchup_backfill_v01.3' retrieved from /opt/airflow/dags/dag_with_catchup_and_backfill.py
[2024-09-26T01:19:06.028+0000] {logging_mixin.py:190} INFO - [2024-09-26T01:19:06.028+0000] {dag.py:3229} INFO - Sync 1 DAGs
[2024-09-26T01:19:06.048+0000] {logging_mixin.py:190} INFO - [2024-09-26T01:19:06.048+0000] {dag.py:4156} INFO - Setting next_dagrun for dag_with_catchup_backfill_v01.3 to 2024-09-25 00:00:00+00:00, run_after=2024-09-26 00:00:00+00:00
[2024-09-26T01:19:06.074+0000] {processor.py:208} INFO - Processing /opt/airflow/dags/dag_with_catchup_and_backfill.py took 0.179 seconds
[2024-09-26T01:19:36.500+0000] {processor.py:186} INFO - Started process (PID=136888) to work on /opt/airflow/dags/dag_with_catchup_and_backfill.py
[2024-09-26T01:19:36.502+0000] {processor.py:914} INFO - Processing file /opt/airflow/dags/dag_with_catchup_and_backfill.py for tasks to queue
[2024-09-26T01:19:36.506+0000] {logging_mixin.py:190} INFO - [2024-09-26T01:19:36.505+0000] {dagbag.py:587} INFO - Filling up the DagBag from /opt/airflow/dags/dag_with_catchup_and_backfill.py
[2024-09-26T01:19:36.590+0000] {processor.py:925} INFO - DAG(s) 'dag_with_catchup_backfill_v01.3' retrieved from /opt/airflow/dags/dag_with_catchup_and_backfill.py
[2024-09-26T01:19:36.621+0000] {logging_mixin.py:190} INFO - [2024-09-26T01:19:36.621+0000] {dag.py:3229} INFO - Sync 1 DAGs
[2024-09-26T01:19:36.652+0000] {logging_mixin.py:190} INFO - [2024-09-26T01:19:36.652+0000] {dag.py:4156} INFO - Setting next_dagrun for dag_with_catchup_backfill_v01.3 to 2024-09-25 00:00:00+00:00, run_after=2024-09-26 00:00:00+00:00
[2024-09-26T01:19:36.677+0000] {processor.py:208} INFO - Processing /opt/airflow/dags/dag_with_catchup_and_backfill.py took 0.186 seconds
[2024-09-26T01:20:07.147+0000] {processor.py:186} INFO - Started process (PID=136933) to work on /opt/airflow/dags/dag_with_catchup_and_backfill.py
[2024-09-26T01:20:07.150+0000] {processor.py:914} INFO - Processing file /opt/airflow/dags/dag_with_catchup_and_backfill.py for tasks to queue
[2024-09-26T01:20:07.152+0000] {logging_mixin.py:190} INFO - [2024-09-26T01:20:07.152+0000] {dagbag.py:587} INFO - Filling up the DagBag from /opt/airflow/dags/dag_with_catchup_and_backfill.py
[2024-09-26T01:20:07.251+0000] {processor.py:925} INFO - DAG(s) 'dag_with_catchup_backfill_v01.3' retrieved from /opt/airflow/dags/dag_with_catchup_and_backfill.py
[2024-09-26T01:20:07.279+0000] {logging_mixin.py:190} INFO - [2024-09-26T01:20:07.278+0000] {dag.py:3229} INFO - Sync 1 DAGs
[2024-09-26T01:20:07.304+0000] {logging_mixin.py:190} INFO - [2024-09-26T01:20:07.303+0000] {dag.py:4156} INFO - Setting next_dagrun for dag_with_catchup_backfill_v01.3 to 2024-09-25 00:00:00+00:00, run_after=2024-09-26 00:00:00+00:00
[2024-09-26T01:20:07.330+0000] {processor.py:208} INFO - Processing /opt/airflow/dags/dag_with_catchup_and_backfill.py took 0.192 seconds
[2024-09-26T01:20:37.798+0000] {processor.py:186} INFO - Started process (PID=136974) to work on /opt/airflow/dags/dag_with_catchup_and_backfill.py
[2024-09-26T01:20:37.800+0000] {processor.py:914} INFO - Processing file /opt/airflow/dags/dag_with_catchup_and_backfill.py for tasks to queue
[2024-09-26T01:20:37.803+0000] {logging_mixin.py:190} INFO - [2024-09-26T01:20:37.802+0000] {dagbag.py:587} INFO - Filling up the DagBag from /opt/airflow/dags/dag_with_catchup_and_backfill.py
[2024-09-26T01:20:37.920+0000] {processor.py:925} INFO - DAG(s) 'dag_with_catchup_backfill_v01.3' retrieved from /opt/airflow/dags/dag_with_catchup_and_backfill.py
[2024-09-26T01:20:37.944+0000] {logging_mixin.py:190} INFO - [2024-09-26T01:20:37.943+0000] {dag.py:3229} INFO - Sync 1 DAGs
[2024-09-26T01:20:37.964+0000] {logging_mixin.py:190} INFO - [2024-09-26T01:20:37.963+0000] {dag.py:4156} INFO - Setting next_dagrun for dag_with_catchup_backfill_v01.3 to 2024-09-25 00:00:00+00:00, run_after=2024-09-26 00:00:00+00:00
[2024-09-26T01:20:37.986+0000] {processor.py:208} INFO - Processing /opt/airflow/dags/dag_with_catchup_and_backfill.py took 0.198 seconds
[2024-09-26T01:21:08.160+0000] {processor.py:186} INFO - Started process (PID=137017) to work on /opt/airflow/dags/dag_with_catchup_and_backfill.py
[2024-09-26T01:21:08.162+0000] {processor.py:914} INFO - Processing file /opt/airflow/dags/dag_with_catchup_and_backfill.py for tasks to queue
[2024-09-26T01:21:08.163+0000] {logging_mixin.py:190} INFO - [2024-09-26T01:21:08.163+0000] {dagbag.py:587} INFO - Filling up the DagBag from /opt/airflow/dags/dag_with_catchup_and_backfill.py
[2024-09-26T01:21:08.225+0000] {processor.py:925} INFO - DAG(s) 'dag_with_catchup_backfill_v01.3' retrieved from /opt/airflow/dags/dag_with_catchup_and_backfill.py
[2024-09-26T01:21:08.252+0000] {logging_mixin.py:190} INFO - [2024-09-26T01:21:08.251+0000] {dag.py:3229} INFO - Sync 1 DAGs
[2024-09-26T01:21:08.276+0000] {logging_mixin.py:190} INFO - [2024-09-26T01:21:08.276+0000] {dag.py:4156} INFO - Setting next_dagrun for dag_with_catchup_backfill_v01.3 to 2024-09-25 00:00:00+00:00, run_after=2024-09-26 00:00:00+00:00
[2024-09-26T01:21:08.301+0000] {processor.py:208} INFO - Processing /opt/airflow/dags/dag_with_catchup_and_backfill.py took 0.148 seconds
[2024-09-26T01:21:38.842+0000] {processor.py:186} INFO - Started process (PID=137062) to work on /opt/airflow/dags/dag_with_catchup_and_backfill.py
[2024-09-26T01:21:38.845+0000] {processor.py:914} INFO - Processing file /opt/airflow/dags/dag_with_catchup_and_backfill.py for tasks to queue
[2024-09-26T01:21:38.848+0000] {logging_mixin.py:190} INFO - [2024-09-26T01:21:38.848+0000] {dagbag.py:587} INFO - Filling up the DagBag from /opt/airflow/dags/dag_with_catchup_and_backfill.py
[2024-09-26T01:21:38.973+0000] {processor.py:925} INFO - DAG(s) 'dag_with_catchup_backfill_v01.3' retrieved from /opt/airflow/dags/dag_with_catchup_and_backfill.py
[2024-09-26T01:21:39.002+0000] {logging_mixin.py:190} INFO - [2024-09-26T01:21:39.002+0000] {dag.py:3229} INFO - Sync 1 DAGs
[2024-09-26T01:21:39.025+0000] {logging_mixin.py:190} INFO - [2024-09-26T01:21:39.025+0000] {dag.py:4156} INFO - Setting next_dagrun for dag_with_catchup_backfill_v01.3 to 2024-09-25 00:00:00+00:00, run_after=2024-09-26 00:00:00+00:00
[2024-09-26T01:21:39.064+0000] {processor.py:208} INFO - Processing /opt/airflow/dags/dag_with_catchup_and_backfill.py took 0.233 seconds
[2024-09-26T01:22:09.505+0000] {processor.py:186} INFO - Started process (PID=137103) to work on /opt/airflow/dags/dag_with_catchup_and_backfill.py
[2024-09-26T01:22:09.508+0000] {processor.py:914} INFO - Processing file /opt/airflow/dags/dag_with_catchup_and_backfill.py for tasks to queue
[2024-09-26T01:22:09.513+0000] {logging_mixin.py:190} INFO - [2024-09-26T01:22:09.512+0000] {dagbag.py:587} INFO - Filling up the DagBag from /opt/airflow/dags/dag_with_catchup_and_backfill.py
[2024-09-26T01:22:09.636+0000] {processor.py:925} INFO - DAG(s) 'dag_with_catchup_backfill_v01.3' retrieved from /opt/airflow/dags/dag_with_catchup_and_backfill.py
[2024-09-26T01:22:09.679+0000] {logging_mixin.py:190} INFO - [2024-09-26T01:22:09.679+0000] {dag.py:3229} INFO - Sync 1 DAGs
[2024-09-26T01:22:09.713+0000] {logging_mixin.py:190} INFO - [2024-09-26T01:22:09.713+0000] {dag.py:4156} INFO - Setting next_dagrun for dag_with_catchup_backfill_v01.3 to 2024-09-25 00:00:00+00:00, run_after=2024-09-26 00:00:00+00:00
[2024-09-26T01:22:09.758+0000] {processor.py:208} INFO - Processing /opt/airflow/dags/dag_with_catchup_and_backfill.py took 0.267 seconds
[2024-09-26T01:22:40.297+0000] {processor.py:186} INFO - Started process (PID=137146) to work on /opt/airflow/dags/dag_with_catchup_and_backfill.py
[2024-09-26T01:22:40.299+0000] {processor.py:914} INFO - Processing file /opt/airflow/dags/dag_with_catchup_and_backfill.py for tasks to queue
[2024-09-26T01:22:40.301+0000] {logging_mixin.py:190} INFO - [2024-09-26T01:22:40.301+0000] {dagbag.py:587} INFO - Filling up the DagBag from /opt/airflow/dags/dag_with_catchup_and_backfill.py
[2024-09-26T01:22:40.397+0000] {processor.py:925} INFO - DAG(s) 'dag_with_catchup_backfill_v01.3' retrieved from /opt/airflow/dags/dag_with_catchup_and_backfill.py
[2024-09-26T01:22:40.424+0000] {logging_mixin.py:190} INFO - [2024-09-26T01:22:40.424+0000] {dag.py:3229} INFO - Sync 1 DAGs
[2024-09-26T01:22:40.445+0000] {logging_mixin.py:190} INFO - [2024-09-26T01:22:40.445+0000] {dag.py:4156} INFO - Setting next_dagrun for dag_with_catchup_backfill_v01.3 to 2024-09-25 00:00:00+00:00, run_after=2024-09-26 00:00:00+00:00
[2024-09-26T01:22:40.467+0000] {processor.py:208} INFO - Processing /opt/airflow/dags/dag_with_catchup_and_backfill.py took 0.181 seconds
[2024-09-26T01:23:10.880+0000] {processor.py:186} INFO - Started process (PID=137189) to work on /opt/airflow/dags/dag_with_catchup_and_backfill.py
[2024-09-26T01:23:10.882+0000] {processor.py:914} INFO - Processing file /opt/airflow/dags/dag_with_catchup_and_backfill.py for tasks to queue
[2024-09-26T01:23:10.884+0000] {logging_mixin.py:190} INFO - [2024-09-26T01:23:10.884+0000] {dagbag.py:587} INFO - Filling up the DagBag from /opt/airflow/dags/dag_with_catchup_and_backfill.py
[2024-09-26T01:23:10.986+0000] {processor.py:925} INFO - DAG(s) 'dag_with_catchup_backfill_v01.3' retrieved from /opt/airflow/dags/dag_with_catchup_and_backfill.py
[2024-09-26T01:23:11.013+0000] {logging_mixin.py:190} INFO - [2024-09-26T01:23:11.013+0000] {dag.py:3229} INFO - Sync 1 DAGs
[2024-09-26T01:23:11.035+0000] {logging_mixin.py:190} INFO - [2024-09-26T01:23:11.035+0000] {dag.py:4156} INFO - Setting next_dagrun for dag_with_catchup_backfill_v01.3 to 2024-09-25 00:00:00+00:00, run_after=2024-09-26 00:00:00+00:00
[2024-09-26T01:23:11.056+0000] {processor.py:208} INFO - Processing /opt/airflow/dags/dag_with_catchup_and_backfill.py took 0.183 seconds
[2024-09-26T01:23:41.495+0000] {processor.py:186} INFO - Started process (PID=137232) to work on /opt/airflow/dags/dag_with_catchup_and_backfill.py
[2024-09-26T01:23:41.496+0000] {processor.py:914} INFO - Processing file /opt/airflow/dags/dag_with_catchup_and_backfill.py for tasks to queue
[2024-09-26T01:23:41.502+0000] {logging_mixin.py:190} INFO - [2024-09-26T01:23:41.501+0000] {dagbag.py:587} INFO - Filling up the DagBag from /opt/airflow/dags/dag_with_catchup_and_backfill.py
[2024-09-26T01:23:41.554+0000] {processor.py:925} INFO - DAG(s) 'dag_with_catchup_backfill_v01.3' retrieved from /opt/airflow/dags/dag_with_catchup_and_backfill.py
[2024-09-26T01:23:41.584+0000] {logging_mixin.py:190} INFO - [2024-09-26T01:23:41.584+0000] {dag.py:3229} INFO - Sync 1 DAGs
[2024-09-26T01:23:41.610+0000] {logging_mixin.py:190} INFO - [2024-09-26T01:23:41.610+0000] {dag.py:4156} INFO - Setting next_dagrun for dag_with_catchup_backfill_v01.3 to 2024-09-25 00:00:00+00:00, run_after=2024-09-26 00:00:00+00:00
[2024-09-26T01:23:41.641+0000] {processor.py:208} INFO - Processing /opt/airflow/dags/dag_with_catchup_and_backfill.py took 0.152 seconds
[2024-09-26T01:24:11.925+0000] {processor.py:186} INFO - Started process (PID=137275) to work on /opt/airflow/dags/dag_with_catchup_and_backfill.py
[2024-09-26T01:24:11.927+0000] {processor.py:914} INFO - Processing file /opt/airflow/dags/dag_with_catchup_and_backfill.py for tasks to queue
[2024-09-26T01:24:11.929+0000] {logging_mixin.py:190} INFO - [2024-09-26T01:24:11.928+0000] {dagbag.py:587} INFO - Filling up the DagBag from /opt/airflow/dags/dag_with_catchup_and_backfill.py
[2024-09-26T01:24:11.998+0000] {processor.py:925} INFO - DAG(s) 'dag_with_catchup_backfill_v01.3' retrieved from /opt/airflow/dags/dag_with_catchup_and_backfill.py
[2024-09-26T01:24:12.027+0000] {logging_mixin.py:190} INFO - [2024-09-26T01:24:12.027+0000] {dag.py:3229} INFO - Sync 1 DAGs
[2024-09-26T01:24:12.054+0000] {logging_mixin.py:190} INFO - [2024-09-26T01:24:12.054+0000] {dag.py:4156} INFO - Setting next_dagrun for dag_with_catchup_backfill_v01.3 to 2024-09-25 00:00:00+00:00, run_after=2024-09-26 00:00:00+00:00
[2024-09-26T01:24:12.085+0000] {processor.py:208} INFO - Processing /opt/airflow/dags/dag_with_catchup_and_backfill.py took 0.167 seconds
[2024-09-26T01:24:42.384+0000] {processor.py:186} INFO - Started process (PID=137318) to work on /opt/airflow/dags/dag_with_catchup_and_backfill.py
[2024-09-26T01:24:42.386+0000] {processor.py:914} INFO - Processing file /opt/airflow/dags/dag_with_catchup_and_backfill.py for tasks to queue
[2024-09-26T01:24:42.388+0000] {logging_mixin.py:190} INFO - [2024-09-26T01:24:42.388+0000] {dagbag.py:587} INFO - Filling up the DagBag from /opt/airflow/dags/dag_with_catchup_and_backfill.py
[2024-09-26T01:24:42.463+0000] {processor.py:925} INFO - DAG(s) 'dag_with_catchup_backfill_v01.3' retrieved from /opt/airflow/dags/dag_with_catchup_and_backfill.py
[2024-09-26T01:24:42.500+0000] {logging_mixin.py:190} INFO - [2024-09-26T01:24:42.499+0000] {dag.py:3229} INFO - Sync 1 DAGs
[2024-09-26T01:24:42.531+0000] {logging_mixin.py:190} INFO - [2024-09-26T01:24:42.531+0000] {dag.py:4156} INFO - Setting next_dagrun for dag_with_catchup_backfill_v01.3 to 2024-09-25 00:00:00+00:00, run_after=2024-09-26 00:00:00+00:00
[2024-09-26T01:24:42.557+0000] {processor.py:208} INFO - Processing /opt/airflow/dags/dag_with_catchup_and_backfill.py took 0.182 seconds
[2024-09-26T01:25:12.866+0000] {processor.py:186} INFO - Started process (PID=137361) to work on /opt/airflow/dags/dag_with_catchup_and_backfill.py
[2024-09-26T01:25:12.869+0000] {processor.py:914} INFO - Processing file /opt/airflow/dags/dag_with_catchup_and_backfill.py for tasks to queue
[2024-09-26T01:25:12.871+0000] {logging_mixin.py:190} INFO - [2024-09-26T01:25:12.871+0000] {dagbag.py:587} INFO - Filling up the DagBag from /opt/airflow/dags/dag_with_catchup_and_backfill.py
[2024-09-26T01:25:12.958+0000] {processor.py:925} INFO - DAG(s) 'dag_with_catchup_backfill_v01.3' retrieved from /opt/airflow/dags/dag_with_catchup_and_backfill.py
[2024-09-26T01:25:12.983+0000] {logging_mixin.py:190} INFO - [2024-09-26T01:25:12.983+0000] {dag.py:3229} INFO - Sync 1 DAGs
[2024-09-26T01:25:13.005+0000] {logging_mixin.py:190} INFO - [2024-09-26T01:25:13.005+0000] {dag.py:4156} INFO - Setting next_dagrun for dag_with_catchup_backfill_v01.3 to 2024-09-25 00:00:00+00:00, run_after=2024-09-26 00:00:00+00:00
[2024-09-26T01:25:13.029+0000] {processor.py:208} INFO - Processing /opt/airflow/dags/dag_with_catchup_and_backfill.py took 0.172 seconds
[2024-09-26T01:25:43.582+0000] {processor.py:186} INFO - Started process (PID=137406) to work on /opt/airflow/dags/dag_with_catchup_and_backfill.py
[2024-09-26T01:25:43.584+0000] {processor.py:914} INFO - Processing file /opt/airflow/dags/dag_with_catchup_and_backfill.py for tasks to queue
[2024-09-26T01:25:43.587+0000] {logging_mixin.py:190} INFO - [2024-09-26T01:25:43.586+0000] {dagbag.py:587} INFO - Filling up the DagBag from /opt/airflow/dags/dag_with_catchup_and_backfill.py
[2024-09-26T01:25:43.697+0000] {processor.py:925} INFO - DAG(s) 'dag_with_catchup_backfill_v01.3' retrieved from /opt/airflow/dags/dag_with_catchup_and_backfill.py
[2024-09-26T01:25:43.729+0000] {logging_mixin.py:190} INFO - [2024-09-26T01:25:43.729+0000] {dag.py:3229} INFO - Sync 1 DAGs
[2024-09-26T01:25:43.749+0000] {logging_mixin.py:190} INFO - [2024-09-26T01:25:43.749+0000] {dag.py:4156} INFO - Setting next_dagrun for dag_with_catchup_backfill_v01.3 to 2024-09-25 00:00:00+00:00, run_after=2024-09-26 00:00:00+00:00
[2024-09-26T01:25:43.778+0000] {processor.py:208} INFO - Processing /opt/airflow/dags/dag_with_catchup_and_backfill.py took 0.203 seconds
[2024-09-26T01:26:14.259+0000] {processor.py:186} INFO - Started process (PID=137449) to work on /opt/airflow/dags/dag_with_catchup_and_backfill.py
[2024-09-26T01:26:14.261+0000] {processor.py:914} INFO - Processing file /opt/airflow/dags/dag_with_catchup_and_backfill.py for tasks to queue
[2024-09-26T01:26:14.263+0000] {logging_mixin.py:190} INFO - [2024-09-26T01:26:14.263+0000] {dagbag.py:587} INFO - Filling up the DagBag from /opt/airflow/dags/dag_with_catchup_and_backfill.py
[2024-09-26T01:26:14.371+0000] {processor.py:925} INFO - DAG(s) 'dag_with_catchup_backfill_v01.3' retrieved from /opt/airflow/dags/dag_with_catchup_and_backfill.py
[2024-09-26T01:26:14.404+0000] {logging_mixin.py:190} INFO - [2024-09-26T01:26:14.403+0000] {dag.py:3229} INFO - Sync 1 DAGs
[2024-09-26T01:26:14.426+0000] {logging_mixin.py:190} INFO - [2024-09-26T01:26:14.426+0000] {dag.py:4156} INFO - Setting next_dagrun for dag_with_catchup_backfill_v01.3 to 2024-09-25 00:00:00+00:00, run_after=2024-09-26 00:00:00+00:00
[2024-09-26T01:26:14.455+0000] {processor.py:208} INFO - Processing /opt/airflow/dags/dag_with_catchup_and_backfill.py took 0.202 seconds
[2024-09-26T01:26:44.981+0000] {processor.py:186} INFO - Started process (PID=137492) to work on /opt/airflow/dags/dag_with_catchup_and_backfill.py
[2024-09-26T01:26:44.983+0000] {processor.py:914} INFO - Processing file /opt/airflow/dags/dag_with_catchup_and_backfill.py for tasks to queue
[2024-09-26T01:26:44.985+0000] {logging_mixin.py:190} INFO - [2024-09-26T01:26:44.985+0000] {dagbag.py:587} INFO - Filling up the DagBag from /opt/airflow/dags/dag_with_catchup_and_backfill.py
[2024-09-26T01:26:45.100+0000] {processor.py:925} INFO - DAG(s) 'dag_with_catchup_backfill_v01.3' retrieved from /opt/airflow/dags/dag_with_catchup_and_backfill.py
[2024-09-26T01:26:45.141+0000] {logging_mixin.py:190} INFO - [2024-09-26T01:26:45.141+0000] {dag.py:3229} INFO - Sync 1 DAGs
[2024-09-26T01:26:45.166+0000] {logging_mixin.py:190} INFO - [2024-09-26T01:26:45.166+0000] {dag.py:4156} INFO - Setting next_dagrun for dag_with_catchup_backfill_v01.3 to 2024-09-25 00:00:00+00:00, run_after=2024-09-26 00:00:00+00:00
[2024-09-26T01:26:45.197+0000] {processor.py:208} INFO - Processing /opt/airflow/dags/dag_with_catchup_and_backfill.py took 0.224 seconds
[2024-09-26T01:27:15.572+0000] {processor.py:186} INFO - Started process (PID=137535) to work on /opt/airflow/dags/dag_with_catchup_and_backfill.py
[2024-09-26T01:27:15.574+0000] {processor.py:914} INFO - Processing file /opt/airflow/dags/dag_with_catchup_and_backfill.py for tasks to queue
[2024-09-26T01:27:15.578+0000] {logging_mixin.py:190} INFO - [2024-09-26T01:27:15.577+0000] {dagbag.py:587} INFO - Filling up the DagBag from /opt/airflow/dags/dag_with_catchup_and_backfill.py
[2024-09-26T01:27:15.698+0000] {processor.py:925} INFO - DAG(s) 'dag_with_catchup_backfill_v01.3' retrieved from /opt/airflow/dags/dag_with_catchup_and_backfill.py
[2024-09-26T01:27:15.741+0000] {logging_mixin.py:190} INFO - [2024-09-26T01:27:15.740+0000] {dag.py:3229} INFO - Sync 1 DAGs
[2024-09-26T01:27:15.781+0000] {logging_mixin.py:190} INFO - [2024-09-26T01:27:15.781+0000] {dag.py:4156} INFO - Setting next_dagrun for dag_with_catchup_backfill_v01.3 to 2024-09-25 00:00:00+00:00, run_after=2024-09-26 00:00:00+00:00
[2024-09-26T01:27:15.838+0000] {processor.py:208} INFO - Processing /opt/airflow/dags/dag_with_catchup_and_backfill.py took 0.279 seconds
[2024-09-26T01:27:46.223+0000] {processor.py:186} INFO - Started process (PID=137578) to work on /opt/airflow/dags/dag_with_catchup_and_backfill.py
[2024-09-26T01:27:46.225+0000] {processor.py:914} INFO - Processing file /opt/airflow/dags/dag_with_catchup_and_backfill.py for tasks to queue
[2024-09-26T01:27:46.227+0000] {logging_mixin.py:190} INFO - [2024-09-26T01:27:46.227+0000] {dagbag.py:587} INFO - Filling up the DagBag from /opt/airflow/dags/dag_with_catchup_and_backfill.py
[2024-09-26T01:27:46.314+0000] {processor.py:925} INFO - DAG(s) 'dag_with_catchup_backfill_v01.3' retrieved from /opt/airflow/dags/dag_with_catchup_and_backfill.py
[2024-09-26T01:27:46.336+0000] {logging_mixin.py:190} INFO - [2024-09-26T01:27:46.335+0000] {dag.py:3229} INFO - Sync 1 DAGs
[2024-09-26T01:27:46.359+0000] {logging_mixin.py:190} INFO - [2024-09-26T01:27:46.359+0000] {dag.py:4156} INFO - Setting next_dagrun for dag_with_catchup_backfill_v01.3 to 2024-09-25 00:00:00+00:00, run_after=2024-09-26 00:00:00+00:00
[2024-09-26T01:27:46.392+0000] {processor.py:208} INFO - Processing /opt/airflow/dags/dag_with_catchup_and_backfill.py took 0.176 seconds
[2024-09-26T01:28:16.849+0000] {processor.py:186} INFO - Started process (PID=137621) to work on /opt/airflow/dags/dag_with_catchup_and_backfill.py
[2024-09-26T01:28:16.850+0000] {processor.py:914} INFO - Processing file /opt/airflow/dags/dag_with_catchup_and_backfill.py for tasks to queue
[2024-09-26T01:28:16.853+0000] {logging_mixin.py:190} INFO - [2024-09-26T01:28:16.852+0000] {dagbag.py:587} INFO - Filling up the DagBag from /opt/airflow/dags/dag_with_catchup_and_backfill.py
[2024-09-26T01:28:16.958+0000] {processor.py:925} INFO - DAG(s) 'dag_with_catchup_backfill_v01.3' retrieved from /opt/airflow/dags/dag_with_catchup_and_backfill.py
[2024-09-26T01:28:16.981+0000] {logging_mixin.py:190} INFO - [2024-09-26T01:28:16.981+0000] {dag.py:3229} INFO - Sync 1 DAGs
[2024-09-26T01:28:17.002+0000] {logging_mixin.py:190} INFO - [2024-09-26T01:28:17.002+0000] {dag.py:4156} INFO - Setting next_dagrun for dag_with_catchup_backfill_v01.3 to 2024-09-25 00:00:00+00:00, run_after=2024-09-26 00:00:00+00:00
[2024-09-26T01:28:17.038+0000] {processor.py:208} INFO - Processing /opt/airflow/dags/dag_with_catchup_and_backfill.py took 0.201 seconds
[2024-09-26T01:28:47.451+0000] {processor.py:186} INFO - Started process (PID=137664) to work on /opt/airflow/dags/dag_with_catchup_and_backfill.py
[2024-09-26T01:28:47.454+0000] {processor.py:914} INFO - Processing file /opt/airflow/dags/dag_with_catchup_and_backfill.py for tasks to queue
[2024-09-26T01:28:47.458+0000] {logging_mixin.py:190} INFO - [2024-09-26T01:28:47.457+0000] {dagbag.py:587} INFO - Filling up the DagBag from /opt/airflow/dags/dag_with_catchup_and_backfill.py
[2024-09-26T01:28:47.569+0000] {processor.py:925} INFO - DAG(s) 'dag_with_catchup_backfill_v01.3' retrieved from /opt/airflow/dags/dag_with_catchup_and_backfill.py
[2024-09-26T01:28:47.621+0000] {logging_mixin.py:190} INFO - [2024-09-26T01:28:47.621+0000] {dag.py:3229} INFO - Sync 1 DAGs
[2024-09-26T01:28:47.644+0000] {logging_mixin.py:190} INFO - [2024-09-26T01:28:47.644+0000] {dag.py:4156} INFO - Setting next_dagrun for dag_with_catchup_backfill_v01.3 to 2024-09-25 00:00:00+00:00, run_after=2024-09-26 00:00:00+00:00
[2024-09-26T01:28:47.672+0000] {processor.py:208} INFO - Processing /opt/airflow/dags/dag_with_catchup_and_backfill.py took 0.233 seconds
[2024-09-26T01:29:17.911+0000] {processor.py:186} INFO - Started process (PID=137705) to work on /opt/airflow/dags/dag_with_catchup_and_backfill.py
[2024-09-26T01:29:17.913+0000] {processor.py:914} INFO - Processing file /opt/airflow/dags/dag_with_catchup_and_backfill.py for tasks to queue
[2024-09-26T01:29:17.915+0000] {logging_mixin.py:190} INFO - [2024-09-26T01:29:17.915+0000] {dagbag.py:587} INFO - Filling up the DagBag from /opt/airflow/dags/dag_with_catchup_and_backfill.py
[2024-09-26T01:29:17.985+0000] {processor.py:925} INFO - DAG(s) 'dag_with_catchup_backfill_v01.3' retrieved from /opt/airflow/dags/dag_with_catchup_and_backfill.py
[2024-09-26T01:29:18.015+0000] {logging_mixin.py:190} INFO - [2024-09-26T01:29:18.014+0000] {dag.py:3229} INFO - Sync 1 DAGs
[2024-09-26T01:29:18.037+0000] {logging_mixin.py:190} INFO - [2024-09-26T01:29:18.036+0000] {dag.py:4156} INFO - Setting next_dagrun for dag_with_catchup_backfill_v01.3 to 2024-09-25 00:00:00+00:00, run_after=2024-09-26 00:00:00+00:00
[2024-09-26T01:29:18.058+0000] {processor.py:208} INFO - Processing /opt/airflow/dags/dag_with_catchup_and_backfill.py took 0.152 seconds
[2024-09-26T01:29:48.427+0000] {processor.py:186} INFO - Started process (PID=137748) to work on /opt/airflow/dags/dag_with_catchup_and_backfill.py
[2024-09-26T01:29:48.429+0000] {processor.py:914} INFO - Processing file /opt/airflow/dags/dag_with_catchup_and_backfill.py for tasks to queue
[2024-09-26T01:29:48.432+0000] {logging_mixin.py:190} INFO - [2024-09-26T01:29:48.431+0000] {dagbag.py:587} INFO - Filling up the DagBag from /opt/airflow/dags/dag_with_catchup_and_backfill.py
[2024-09-26T01:29:48.554+0000] {processor.py:925} INFO - DAG(s) 'dag_with_catchup_backfill_v01.3' retrieved from /opt/airflow/dags/dag_with_catchup_and_backfill.py
[2024-09-26T01:29:48.579+0000] {logging_mixin.py:190} INFO - [2024-09-26T01:29:48.579+0000] {dag.py:3229} INFO - Sync 1 DAGs
[2024-09-26T01:29:48.604+0000] {logging_mixin.py:190} INFO - [2024-09-26T01:29:48.604+0000] {dag.py:4156} INFO - Setting next_dagrun for dag_with_catchup_backfill_v01.3 to 2024-09-25 00:00:00+00:00, run_after=2024-09-26 00:00:00+00:00
[2024-09-26T01:29:48.629+0000] {processor.py:208} INFO - Processing /opt/airflow/dags/dag_with_catchup_and_backfill.py took 0.214 seconds
[2024-09-26T01:30:18.916+0000] {processor.py:186} INFO - Started process (PID=137791) to work on /opt/airflow/dags/dag_with_catchup_and_backfill.py
[2024-09-26T01:30:18.918+0000] {processor.py:914} INFO - Processing file /opt/airflow/dags/dag_with_catchup_and_backfill.py for tasks to queue
[2024-09-26T01:30:18.921+0000] {logging_mixin.py:190} INFO - [2024-09-26T01:30:18.921+0000] {dagbag.py:587} INFO - Filling up the DagBag from /opt/airflow/dags/dag_with_catchup_and_backfill.py
[2024-09-26T01:30:19.013+0000] {processor.py:925} INFO - DAG(s) 'dag_with_catchup_backfill_v01.3' retrieved from /opt/airflow/dags/dag_with_catchup_and_backfill.py
[2024-09-26T01:30:19.034+0000] {logging_mixin.py:190} INFO - [2024-09-26T01:30:19.034+0000] {dag.py:3229} INFO - Sync 1 DAGs
[2024-09-26T01:30:19.055+0000] {logging_mixin.py:190} INFO - [2024-09-26T01:30:19.055+0000] {dag.py:4156} INFO - Setting next_dagrun for dag_with_catchup_backfill_v01.3 to 2024-09-25 00:00:00+00:00, run_after=2024-09-26 00:00:00+00:00
[2024-09-26T01:30:19.076+0000] {processor.py:208} INFO - Processing /opt/airflow/dags/dag_with_catchup_and_backfill.py took 0.168 seconds
[2024-09-26T01:30:49.528+0000] {processor.py:186} INFO - Started process (PID=137834) to work on /opt/airflow/dags/dag_with_catchup_and_backfill.py
[2024-09-26T01:30:49.530+0000] {processor.py:914} INFO - Processing file /opt/airflow/dags/dag_with_catchup_and_backfill.py for tasks to queue
[2024-09-26T01:30:49.533+0000] {logging_mixin.py:190} INFO - [2024-09-26T01:30:49.532+0000] {dagbag.py:587} INFO - Filling up the DagBag from /opt/airflow/dags/dag_with_catchup_and_backfill.py
[2024-09-26T01:30:49.633+0000] {processor.py:925} INFO - DAG(s) 'dag_with_catchup_backfill_v01.3' retrieved from /opt/airflow/dags/dag_with_catchup_and_backfill.py
[2024-09-26T01:30:49.659+0000] {logging_mixin.py:190} INFO - [2024-09-26T01:30:49.659+0000] {dag.py:3229} INFO - Sync 1 DAGs
[2024-09-26T01:30:49.680+0000] {logging_mixin.py:190} INFO - [2024-09-26T01:30:49.680+0000] {dag.py:4156} INFO - Setting next_dagrun for dag_with_catchup_backfill_v01.3 to 2024-09-25 00:00:00+00:00, run_after=2024-09-26 00:00:00+00:00
[2024-09-26T01:30:49.705+0000] {processor.py:208} INFO - Processing /opt/airflow/dags/dag_with_catchup_and_backfill.py took 0.182 seconds
[2024-09-26T01:31:20.066+0000] {processor.py:186} INFO - Started process (PID=137877) to work on /opt/airflow/dags/dag_with_catchup_and_backfill.py
[2024-09-26T01:31:20.068+0000] {processor.py:914} INFO - Processing file /opt/airflow/dags/dag_with_catchup_and_backfill.py for tasks to queue
[2024-09-26T01:31:20.071+0000] {logging_mixin.py:190} INFO - [2024-09-26T01:31:20.070+0000] {dagbag.py:587} INFO - Filling up the DagBag from /opt/airflow/dags/dag_with_catchup_and_backfill.py
[2024-09-26T01:31:20.151+0000] {processor.py:925} INFO - DAG(s) 'dag_with_catchup_backfill_v01.3' retrieved from /opt/airflow/dags/dag_with_catchup_and_backfill.py
[2024-09-26T01:31:20.175+0000] {logging_mixin.py:190} INFO - [2024-09-26T01:31:20.175+0000] {dag.py:3229} INFO - Sync 1 DAGs
[2024-09-26T01:31:20.199+0000] {logging_mixin.py:190} INFO - [2024-09-26T01:31:20.199+0000] {dag.py:4156} INFO - Setting next_dagrun for dag_with_catchup_backfill_v01.3 to 2024-09-25 00:00:00+00:00, run_after=2024-09-26 00:00:00+00:00
[2024-09-26T01:31:20.227+0000] {processor.py:208} INFO - Processing /opt/airflow/dags/dag_with_catchup_and_backfill.py took 0.165 seconds
[2024-09-26T01:31:50.730+0000] {processor.py:186} INFO - Started process (PID=137922) to work on /opt/airflow/dags/dag_with_catchup_and_backfill.py
[2024-09-26T01:31:50.732+0000] {processor.py:914} INFO - Processing file /opt/airflow/dags/dag_with_catchup_and_backfill.py for tasks to queue
[2024-09-26T01:31:50.735+0000] {logging_mixin.py:190} INFO - [2024-09-26T01:31:50.735+0000] {dagbag.py:587} INFO - Filling up the DagBag from /opt/airflow/dags/dag_with_catchup_and_backfill.py
[2024-09-26T01:31:50.822+0000] {processor.py:925} INFO - DAG(s) 'dag_with_catchup_backfill_v01.3' retrieved from /opt/airflow/dags/dag_with_catchup_and_backfill.py
[2024-09-26T01:31:50.847+0000] {logging_mixin.py:190} INFO - [2024-09-26T01:31:50.846+0000] {dag.py:3229} INFO - Sync 1 DAGs
[2024-09-26T01:31:50.871+0000] {logging_mixin.py:190} INFO - [2024-09-26T01:31:50.871+0000] {dag.py:4156} INFO - Setting next_dagrun for dag_with_catchup_backfill_v01.3 to 2024-09-25 00:00:00+00:00, run_after=2024-09-26 00:00:00+00:00
[2024-09-26T01:31:50.899+0000] {processor.py:208} INFO - Processing /opt/airflow/dags/dag_with_catchup_and_backfill.py took 0.178 seconds
[2024-09-26T01:32:21.141+0000] {processor.py:186} INFO - Started process (PID=137963) to work on /opt/airflow/dags/dag_with_catchup_and_backfill.py
[2024-09-26T01:32:21.142+0000] {processor.py:914} INFO - Processing file /opt/airflow/dags/dag_with_catchup_and_backfill.py for tasks to queue
[2024-09-26T01:32:21.145+0000] {logging_mixin.py:190} INFO - [2024-09-26T01:32:21.145+0000] {dagbag.py:587} INFO - Filling up the DagBag from /opt/airflow/dags/dag_with_catchup_and_backfill.py
[2024-09-26T01:32:21.230+0000] {processor.py:925} INFO - DAG(s) 'dag_with_catchup_backfill_v01.3' retrieved from /opt/airflow/dags/dag_with_catchup_and_backfill.py
[2024-09-26T01:32:21.255+0000] {logging_mixin.py:190} INFO - [2024-09-26T01:32:21.254+0000] {dag.py:3229} INFO - Sync 1 DAGs
[2024-09-26T01:32:21.277+0000] {logging_mixin.py:190} INFO - [2024-09-26T01:32:21.277+0000] {dag.py:4156} INFO - Setting next_dagrun for dag_with_catchup_backfill_v01.3 to 2024-09-25 00:00:00+00:00, run_after=2024-09-26 00:00:00+00:00
[2024-09-26T01:32:21.304+0000] {processor.py:208} INFO - Processing /opt/airflow/dags/dag_with_catchup_and_backfill.py took 0.168 seconds
[2024-09-26T01:32:51.672+0000] {processor.py:186} INFO - Started process (PID=138006) to work on /opt/airflow/dags/dag_with_catchup_and_backfill.py
[2024-09-26T01:32:51.675+0000] {processor.py:914} INFO - Processing file /opt/airflow/dags/dag_with_catchup_and_backfill.py for tasks to queue
[2024-09-26T01:32:51.679+0000] {logging_mixin.py:190} INFO - [2024-09-26T01:32:51.678+0000] {dagbag.py:587} INFO - Filling up the DagBag from /opt/airflow/dags/dag_with_catchup_and_backfill.py
[2024-09-26T01:32:51.763+0000] {processor.py:925} INFO - DAG(s) 'dag_with_catchup_backfill_v01.3' retrieved from /opt/airflow/dags/dag_with_catchup_and_backfill.py
[2024-09-26T01:32:51.787+0000] {logging_mixin.py:190} INFO - [2024-09-26T01:32:51.787+0000] {dag.py:3229} INFO - Sync 1 DAGs
[2024-09-26T01:32:51.814+0000] {logging_mixin.py:190} INFO - [2024-09-26T01:32:51.814+0000] {dag.py:4156} INFO - Setting next_dagrun for dag_with_catchup_backfill_v01.3 to 2024-09-25 00:00:00+00:00, run_after=2024-09-26 00:00:00+00:00
[2024-09-26T01:32:51.842+0000] {processor.py:208} INFO - Processing /opt/airflow/dags/dag_with_catchup_and_backfill.py took 0.175 seconds
[2024-09-26T01:33:22.404+0000] {processor.py:186} INFO - Started process (PID=138051) to work on /opt/airflow/dags/dag_with_catchup_and_backfill.py
[2024-09-26T01:33:22.406+0000] {processor.py:914} INFO - Processing file /opt/airflow/dags/dag_with_catchup_and_backfill.py for tasks to queue
[2024-09-26T01:33:22.409+0000] {logging_mixin.py:190} INFO - [2024-09-26T01:33:22.408+0000] {dagbag.py:587} INFO - Filling up the DagBag from /opt/airflow/dags/dag_with_catchup_and_backfill.py
[2024-09-26T01:33:22.524+0000] {processor.py:925} INFO - DAG(s) 'dag_with_catchup_backfill_v01.3' retrieved from /opt/airflow/dags/dag_with_catchup_and_backfill.py
[2024-09-26T01:33:22.550+0000] {logging_mixin.py:190} INFO - [2024-09-26T01:33:22.550+0000] {dag.py:3229} INFO - Sync 1 DAGs
[2024-09-26T01:33:22.572+0000] {logging_mixin.py:190} INFO - [2024-09-26T01:33:22.572+0000] {dag.py:4156} INFO - Setting next_dagrun for dag_with_catchup_backfill_v01.3 to 2024-09-25 00:00:00+00:00, run_after=2024-09-26 00:00:00+00:00
[2024-09-26T01:33:22.603+0000] {processor.py:208} INFO - Processing /opt/airflow/dags/dag_with_catchup_and_backfill.py took 0.209 seconds
[2024-09-26T01:33:53.072+0000] {processor.py:186} INFO - Started process (PID=138094) to work on /opt/airflow/dags/dag_with_catchup_and_backfill.py
[2024-09-26T01:33:53.074+0000] {processor.py:914} INFO - Processing file /opt/airflow/dags/dag_with_catchup_and_backfill.py for tasks to queue
[2024-09-26T01:33:53.076+0000] {logging_mixin.py:190} INFO - [2024-09-26T01:33:53.075+0000] {dagbag.py:587} INFO - Filling up the DagBag from /opt/airflow/dags/dag_with_catchup_and_backfill.py
[2024-09-26T01:33:53.161+0000] {processor.py:925} INFO - DAG(s) 'dag_with_catchup_backfill_v01.3' retrieved from /opt/airflow/dags/dag_with_catchup_and_backfill.py
[2024-09-26T01:33:53.193+0000] {logging_mixin.py:190} INFO - [2024-09-26T01:33:53.192+0000] {dag.py:3229} INFO - Sync 1 DAGs
[2024-09-26T01:33:53.230+0000] {logging_mixin.py:190} INFO - [2024-09-26T01:33:53.230+0000] {dag.py:4156} INFO - Setting next_dagrun for dag_with_catchup_backfill_v01.3 to 2024-09-25 00:00:00+00:00, run_after=2024-09-26 00:00:00+00:00
[2024-09-26T01:33:53.256+0000] {processor.py:208} INFO - Processing /opt/airflow/dags/dag_with_catchup_and_backfill.py took 0.189 seconds
[2024-09-26T01:34:23.467+0000] {processor.py:186} INFO - Started process (PID=138137) to work on /opt/airflow/dags/dag_with_catchup_and_backfill.py
[2024-09-26T01:34:23.468+0000] {processor.py:914} INFO - Processing file /opt/airflow/dags/dag_with_catchup_and_backfill.py for tasks to queue
[2024-09-26T01:34:23.471+0000] {logging_mixin.py:190} INFO - [2024-09-26T01:34:23.470+0000] {dagbag.py:587} INFO - Filling up the DagBag from /opt/airflow/dags/dag_with_catchup_and_backfill.py
[2024-09-26T01:34:23.530+0000] {processor.py:925} INFO - DAG(s) 'dag_with_catchup_backfill_v01.3' retrieved from /opt/airflow/dags/dag_with_catchup_and_backfill.py
[2024-09-26T01:34:23.556+0000] {logging_mixin.py:190} INFO - [2024-09-26T01:34:23.556+0000] {dag.py:3229} INFO - Sync 1 DAGs
[2024-09-26T01:34:23.579+0000] {logging_mixin.py:190} INFO - [2024-09-26T01:34:23.579+0000] {dag.py:4156} INFO - Setting next_dagrun for dag_with_catchup_backfill_v01.3 to 2024-09-25 00:00:00+00:00, run_after=2024-09-26 00:00:00+00:00
[2024-09-26T01:34:23.608+0000] {processor.py:208} INFO - Processing /opt/airflow/dags/dag_with_catchup_and_backfill.py took 0.148 seconds
[2024-09-26T01:34:54.951+0000] {processor.py:186} INFO - Started process (PID=138180) to work on /opt/airflow/dags/dag_with_catchup_and_backfill.py
[2024-09-26T01:34:54.952+0000] {processor.py:914} INFO - Processing file /opt/airflow/dags/dag_with_catchup_and_backfill.py for tasks to queue
[2024-09-26T01:34:54.954+0000] {logging_mixin.py:190} INFO - [2024-09-26T01:34:54.954+0000] {dagbag.py:587} INFO - Filling up the DagBag from /opt/airflow/dags/dag_with_catchup_and_backfill.py
[2024-09-26T01:34:55.034+0000] {processor.py:925} INFO - DAG(s) 'dag_with_catchup_backfill_v01.3' retrieved from /opt/airflow/dags/dag_with_catchup_and_backfill.py
[2024-09-26T01:34:55.060+0000] {logging_mixin.py:190} INFO - [2024-09-26T01:34:55.059+0000] {dag.py:3229} INFO - Sync 1 DAGs
[2024-09-26T01:34:55.081+0000] {logging_mixin.py:190} INFO - [2024-09-26T01:34:55.081+0000] {dag.py:4156} INFO - Setting next_dagrun for dag_with_catchup_backfill_v01.3 to 2024-09-25 00:00:00+00:00, run_after=2024-09-26 00:00:00+00:00
[2024-09-26T01:34:55.106+0000] {processor.py:208} INFO - Processing /opt/airflow/dags/dag_with_catchup_and_backfill.py took 0.161 seconds
[2024-09-26T01:35:25.802+0000] {processor.py:186} INFO - Started process (PID=138223) to work on /opt/airflow/dags/dag_with_catchup_and_backfill.py
[2024-09-26T01:35:25.804+0000] {processor.py:914} INFO - Processing file /opt/airflow/dags/dag_with_catchup_and_backfill.py for tasks to queue
[2024-09-26T01:35:25.806+0000] {logging_mixin.py:190} INFO - [2024-09-26T01:35:25.805+0000] {dagbag.py:587} INFO - Filling up the DagBag from /opt/airflow/dags/dag_with_catchup_and_backfill.py
[2024-09-26T01:35:25.925+0000] {processor.py:925} INFO - DAG(s) 'dag_with_catchup_backfill_v01.3' retrieved from /opt/airflow/dags/dag_with_catchup_and_backfill.py
[2024-09-26T01:35:25.956+0000] {logging_mixin.py:190} INFO - [2024-09-26T01:35:25.956+0000] {dag.py:3229} INFO - Sync 1 DAGs
[2024-09-26T01:35:25.980+0000] {logging_mixin.py:190} INFO - [2024-09-26T01:35:25.980+0000] {dag.py:4156} INFO - Setting next_dagrun for dag_with_catchup_backfill_v01.3 to 2024-09-25 00:00:00+00:00, run_after=2024-09-26 00:00:00+00:00
[2024-09-26T01:35:26.022+0000] {processor.py:208} INFO - Processing /opt/airflow/dags/dag_with_catchup_and_backfill.py took 0.228 seconds
[2024-09-26T01:35:56.501+0000] {processor.py:186} INFO - Started process (PID=138266) to work on /opt/airflow/dags/dag_with_catchup_and_backfill.py
[2024-09-26T01:35:56.503+0000] {processor.py:914} INFO - Processing file /opt/airflow/dags/dag_with_catchup_and_backfill.py for tasks to queue
[2024-09-26T01:35:56.507+0000] {logging_mixin.py:190} INFO - [2024-09-26T01:35:56.506+0000] {dagbag.py:587} INFO - Filling up the DagBag from /opt/airflow/dags/dag_with_catchup_and_backfill.py
[2024-09-26T01:35:56.610+0000] {processor.py:925} INFO - DAG(s) 'dag_with_catchup_backfill_v01.3' retrieved from /opt/airflow/dags/dag_with_catchup_and_backfill.py
[2024-09-26T01:35:56.671+0000] {logging_mixin.py:190} INFO - [2024-09-26T01:35:56.670+0000] {dag.py:3229} INFO - Sync 1 DAGs
[2024-09-26T01:35:56.696+0000] {logging_mixin.py:190} INFO - [2024-09-26T01:35:56.696+0000] {dag.py:4156} INFO - Setting next_dagrun for dag_with_catchup_backfill_v01.3 to 2024-09-25 00:00:00+00:00, run_after=2024-09-26 00:00:00+00:00
[2024-09-26T01:35:56.736+0000] {processor.py:208} INFO - Processing /opt/airflow/dags/dag_with_catchup_and_backfill.py took 0.247 seconds
[2024-09-26T01:36:27.187+0000] {processor.py:186} INFO - Started process (PID=138309) to work on /opt/airflow/dags/dag_with_catchup_and_backfill.py
[2024-09-26T01:36:27.189+0000] {processor.py:914} INFO - Processing file /opt/airflow/dags/dag_with_catchup_and_backfill.py for tasks to queue
[2024-09-26T01:36:27.193+0000] {logging_mixin.py:190} INFO - [2024-09-26T01:36:27.192+0000] {dagbag.py:587} INFO - Filling up the DagBag from /opt/airflow/dags/dag_with_catchup_and_backfill.py
[2024-09-26T01:36:27.273+0000] {processor.py:925} INFO - DAG(s) 'dag_with_catchup_backfill_v01.3' retrieved from /opt/airflow/dags/dag_with_catchup_and_backfill.py
[2024-09-26T01:36:27.296+0000] {logging_mixin.py:190} INFO - [2024-09-26T01:36:27.295+0000] {dag.py:3229} INFO - Sync 1 DAGs
[2024-09-26T01:36:27.316+0000] {logging_mixin.py:190} INFO - [2024-09-26T01:36:27.316+0000] {dag.py:4156} INFO - Setting next_dagrun for dag_with_catchup_backfill_v01.3 to 2024-09-25 00:00:00+00:00, run_after=2024-09-26 00:00:00+00:00
[2024-09-26T01:36:27.342+0000] {processor.py:208} INFO - Processing /opt/airflow/dags/dag_with_catchup_and_backfill.py took 0.162 seconds
[2024-09-26T01:36:57.906+0000] {processor.py:186} INFO - Started process (PID=138352) to work on /opt/airflow/dags/dag_with_catchup_and_backfill.py
[2024-09-26T01:36:57.909+0000] {processor.py:914} INFO - Processing file /opt/airflow/dags/dag_with_catchup_and_backfill.py for tasks to queue
[2024-09-26T01:36:57.912+0000] {logging_mixin.py:190} INFO - [2024-09-26T01:36:57.911+0000] {dagbag.py:587} INFO - Filling up the DagBag from /opt/airflow/dags/dag_with_catchup_and_backfill.py
[2024-09-26T01:36:58.016+0000] {processor.py:925} INFO - DAG(s) 'dag_with_catchup_backfill_v01.3' retrieved from /opt/airflow/dags/dag_with_catchup_and_backfill.py
[2024-09-26T01:36:58.053+0000] {logging_mixin.py:190} INFO - [2024-09-26T01:36:58.053+0000] {dag.py:3229} INFO - Sync 1 DAGs
[2024-09-26T01:36:58.073+0000] {logging_mixin.py:190} INFO - [2024-09-26T01:36:58.073+0000] {dag.py:4156} INFO - Setting next_dagrun for dag_with_catchup_backfill_v01.3 to 2024-09-25 00:00:00+00:00, run_after=2024-09-26 00:00:00+00:00
[2024-09-26T01:36:58.099+0000] {processor.py:208} INFO - Processing /opt/airflow/dags/dag_with_catchup_and_backfill.py took 0.203 seconds
[2024-09-26T01:37:28.562+0000] {processor.py:186} INFO - Started process (PID=138395) to work on /opt/airflow/dags/dag_with_catchup_and_backfill.py
[2024-09-26T01:37:28.564+0000] {processor.py:914} INFO - Processing file /opt/airflow/dags/dag_with_catchup_and_backfill.py for tasks to queue
[2024-09-26T01:37:28.566+0000] {logging_mixin.py:190} INFO - [2024-09-26T01:37:28.566+0000] {dagbag.py:587} INFO - Filling up the DagBag from /opt/airflow/dags/dag_with_catchup_and_backfill.py
[2024-09-26T01:37:28.675+0000] {processor.py:925} INFO - DAG(s) 'dag_with_catchup_backfill_v01.3' retrieved from /opt/airflow/dags/dag_with_catchup_and_backfill.py
[2024-09-26T01:37:28.702+0000] {logging_mixin.py:190} INFO - [2024-09-26T01:37:28.701+0000] {dag.py:3229} INFO - Sync 1 DAGs
[2024-09-26T01:37:28.723+0000] {logging_mixin.py:190} INFO - [2024-09-26T01:37:28.722+0000] {dag.py:4156} INFO - Setting next_dagrun for dag_with_catchup_backfill_v01.3 to 2024-09-25 00:00:00+00:00, run_after=2024-09-26 00:00:00+00:00
[2024-09-26T01:37:28.756+0000] {processor.py:208} INFO - Processing /opt/airflow/dags/dag_with_catchup_and_backfill.py took 0.200 seconds
[2024-09-26T01:37:59.176+0000] {processor.py:186} INFO - Started process (PID=138438) to work on /opt/airflow/dags/dag_with_catchup_and_backfill.py
[2024-09-26T01:37:59.178+0000] {processor.py:914} INFO - Processing file /opt/airflow/dags/dag_with_catchup_and_backfill.py for tasks to queue
[2024-09-26T01:37:59.181+0000] {logging_mixin.py:190} INFO - [2024-09-26T01:37:59.181+0000] {dagbag.py:587} INFO - Filling up the DagBag from /opt/airflow/dags/dag_with_catchup_and_backfill.py
[2024-09-26T01:37:59.271+0000] {processor.py:925} INFO - DAG(s) 'dag_with_catchup_backfill_v01.3' retrieved from /opt/airflow/dags/dag_with_catchup_and_backfill.py
[2024-09-26T01:37:59.292+0000] {logging_mixin.py:190} INFO - [2024-09-26T01:37:59.292+0000] {dag.py:3229} INFO - Sync 1 DAGs
[2024-09-26T01:37:59.312+0000] {logging_mixin.py:190} INFO - [2024-09-26T01:37:59.311+0000] {dag.py:4156} INFO - Setting next_dagrun for dag_with_catchup_backfill_v01.3 to 2024-09-25 00:00:00+00:00, run_after=2024-09-26 00:00:00+00:00
[2024-09-26T01:37:59.338+0000] {processor.py:208} INFO - Processing /opt/airflow/dags/dag_with_catchup_and_backfill.py took 0.172 seconds
[2024-09-26T01:38:29.801+0000] {processor.py:186} INFO - Started process (PID=138481) to work on /opt/airflow/dags/dag_with_catchup_and_backfill.py
[2024-09-26T01:38:29.802+0000] {processor.py:914} INFO - Processing file /opt/airflow/dags/dag_with_catchup_and_backfill.py for tasks to queue
[2024-09-26T01:38:29.804+0000] {logging_mixin.py:190} INFO - [2024-09-26T01:38:29.804+0000] {dagbag.py:587} INFO - Filling up the DagBag from /opt/airflow/dags/dag_with_catchup_and_backfill.py
[2024-09-26T01:38:29.883+0000] {processor.py:925} INFO - DAG(s) 'dag_with_catchup_backfill_v01.3' retrieved from /opt/airflow/dags/dag_with_catchup_and_backfill.py
[2024-09-26T01:38:29.909+0000] {logging_mixin.py:190} INFO - [2024-09-26T01:38:29.909+0000] {dag.py:3229} INFO - Sync 1 DAGs
[2024-09-26T01:38:29.938+0000] {logging_mixin.py:190} INFO - [2024-09-26T01:38:29.937+0000] {dag.py:4156} INFO - Setting next_dagrun for dag_with_catchup_backfill_v01.3 to 2024-09-25 00:00:00+00:00, run_after=2024-09-26 00:00:00+00:00
[2024-09-26T01:38:29.973+0000] {processor.py:208} INFO - Processing /opt/airflow/dags/dag_with_catchup_and_backfill.py took 0.177 seconds
[2024-09-26T01:39:00.396+0000] {processor.py:186} INFO - Started process (PID=138524) to work on /opt/airflow/dags/dag_with_catchup_and_backfill.py
[2024-09-26T01:39:00.399+0000] {processor.py:914} INFO - Processing file /opt/airflow/dags/dag_with_catchup_and_backfill.py for tasks to queue
[2024-09-26T01:39:00.401+0000] {logging_mixin.py:190} INFO - [2024-09-26T01:39:00.401+0000] {dagbag.py:587} INFO - Filling up the DagBag from /opt/airflow/dags/dag_with_catchup_and_backfill.py
[2024-09-26T01:39:00.513+0000] {processor.py:925} INFO - DAG(s) 'dag_with_catchup_backfill_v01.3' retrieved from /opt/airflow/dags/dag_with_catchup_and_backfill.py
[2024-09-26T01:39:00.538+0000] {logging_mixin.py:190} INFO - [2024-09-26T01:39:00.538+0000] {dag.py:3229} INFO - Sync 1 DAGs
[2024-09-26T01:39:00.557+0000] {logging_mixin.py:190} INFO - [2024-09-26T01:39:00.557+0000] {dag.py:4156} INFO - Setting next_dagrun for dag_with_catchup_backfill_v01.3 to 2024-09-25 00:00:00+00:00, run_after=2024-09-26 00:00:00+00:00
[2024-09-26T01:39:00.595+0000] {processor.py:208} INFO - Processing /opt/airflow/dags/dag_with_catchup_and_backfill.py took 0.205 seconds
[2024-09-26T01:39:30.955+0000] {processor.py:186} INFO - Started process (PID=138567) to work on /opt/airflow/dags/dag_with_catchup_and_backfill.py
[2024-09-26T01:39:30.957+0000] {processor.py:914} INFO - Processing file /opt/airflow/dags/dag_with_catchup_and_backfill.py for tasks to queue
[2024-09-26T01:39:30.959+0000] {logging_mixin.py:190} INFO - [2024-09-26T01:39:30.958+0000] {dagbag.py:587} INFO - Filling up the DagBag from /opt/airflow/dags/dag_with_catchup_and_backfill.py
[2024-09-26T01:39:31.066+0000] {processor.py:925} INFO - DAG(s) 'dag_with_catchup_backfill_v01.3' retrieved from /opt/airflow/dags/dag_with_catchup_and_backfill.py
[2024-09-26T01:39:31.129+0000] {logging_mixin.py:190} INFO - [2024-09-26T01:39:31.129+0000] {dag.py:3229} INFO - Sync 1 DAGs
[2024-09-26T01:39:31.184+0000] {logging_mixin.py:190} INFO - [2024-09-26T01:39:31.183+0000] {dag.py:4156} INFO - Setting next_dagrun for dag_with_catchup_backfill_v01.3 to 2024-09-25 00:00:00+00:00, run_after=2024-09-26 00:00:00+00:00
[2024-09-26T01:39:31.237+0000] {processor.py:208} INFO - Processing /opt/airflow/dags/dag_with_catchup_and_backfill.py took 0.288 seconds
[2024-09-26T01:40:01.668+0000] {processor.py:186} INFO - Started process (PID=138610) to work on /opt/airflow/dags/dag_with_catchup_and_backfill.py
[2024-09-26T01:40:01.670+0000] {processor.py:914} INFO - Processing file /opt/airflow/dags/dag_with_catchup_and_backfill.py for tasks to queue
[2024-09-26T01:40:01.673+0000] {logging_mixin.py:190} INFO - [2024-09-26T01:40:01.672+0000] {dagbag.py:587} INFO - Filling up the DagBag from /opt/airflow/dags/dag_with_catchup_and_backfill.py
[2024-09-26T01:40:01.784+0000] {processor.py:925} INFO - DAG(s) 'dag_with_catchup_backfill_v01.3' retrieved from /opt/airflow/dags/dag_with_catchup_and_backfill.py
[2024-09-26T01:40:01.809+0000] {logging_mixin.py:190} INFO - [2024-09-26T01:40:01.809+0000] {dag.py:3229} INFO - Sync 1 DAGs
[2024-09-26T01:40:01.831+0000] {logging_mixin.py:190} INFO - [2024-09-26T01:40:01.831+0000] {dag.py:4156} INFO - Setting next_dagrun for dag_with_catchup_backfill_v01.3 to 2024-09-25 00:00:00+00:00, run_after=2024-09-26 00:00:00+00:00
[2024-09-26T01:40:01.863+0000] {processor.py:208} INFO - Processing /opt/airflow/dags/dag_with_catchup_and_backfill.py took 0.206 seconds
[2024-09-26T01:40:32.247+0000] {processor.py:186} INFO - Started process (PID=138653) to work on /opt/airflow/dags/dag_with_catchup_and_backfill.py
[2024-09-26T01:40:32.249+0000] {processor.py:914} INFO - Processing file /opt/airflow/dags/dag_with_catchup_and_backfill.py for tasks to queue
[2024-09-26T01:40:32.252+0000] {logging_mixin.py:190} INFO - [2024-09-26T01:40:32.251+0000] {dagbag.py:587} INFO - Filling up the DagBag from /opt/airflow/dags/dag_with_catchup_and_backfill.py
[2024-09-26T01:40:32.370+0000] {processor.py:925} INFO - DAG(s) 'dag_with_catchup_backfill_v01.3' retrieved from /opt/airflow/dags/dag_with_catchup_and_backfill.py
[2024-09-26T01:40:32.395+0000] {logging_mixin.py:190} INFO - [2024-09-26T01:40:32.395+0000] {dag.py:3229} INFO - Sync 1 DAGs
[2024-09-26T01:40:32.417+0000] {logging_mixin.py:190} INFO - [2024-09-26T01:40:32.417+0000] {dag.py:4156} INFO - Setting next_dagrun for dag_with_catchup_backfill_v01.3 to 2024-09-25 00:00:00+00:00, run_after=2024-09-26 00:00:00+00:00
[2024-09-26T01:40:32.446+0000] {processor.py:208} INFO - Processing /opt/airflow/dags/dag_with_catchup_and_backfill.py took 0.204 seconds
[2024-09-26T01:41:02.963+0000] {processor.py:186} INFO - Started process (PID=138696) to work on /opt/airflow/dags/dag_with_catchup_and_backfill.py
[2024-09-26T01:41:02.965+0000] {processor.py:914} INFO - Processing file /opt/airflow/dags/dag_with_catchup_and_backfill.py for tasks to queue
[2024-09-26T01:41:02.967+0000] {logging_mixin.py:190} INFO - [2024-09-26T01:41:02.967+0000] {dagbag.py:587} INFO - Filling up the DagBag from /opt/airflow/dags/dag_with_catchup_and_backfill.py
[2024-09-26T01:41:03.052+0000] {processor.py:925} INFO - DAG(s) 'dag_with_catchup_backfill_v01.3' retrieved from /opt/airflow/dags/dag_with_catchup_and_backfill.py
[2024-09-26T01:41:03.077+0000] {logging_mixin.py:190} INFO - [2024-09-26T01:41:03.077+0000] {dag.py:3229} INFO - Sync 1 DAGs
[2024-09-26T01:41:03.098+0000] {logging_mixin.py:190} INFO - [2024-09-26T01:41:03.098+0000] {dag.py:4156} INFO - Setting next_dagrun for dag_with_catchup_backfill_v01.3 to 2024-09-25 00:00:00+00:00, run_after=2024-09-26 00:00:00+00:00
[2024-09-26T01:41:03.135+0000] {processor.py:208} INFO - Processing /opt/airflow/dags/dag_with_catchup_and_backfill.py took 0.177 seconds
[2024-09-26T01:41:33.548+0000] {processor.py:186} INFO - Started process (PID=138739) to work on /opt/airflow/dags/dag_with_catchup_and_backfill.py
[2024-09-26T01:41:33.551+0000] {processor.py:914} INFO - Processing file /opt/airflow/dags/dag_with_catchup_and_backfill.py for tasks to queue
[2024-09-26T01:41:33.554+0000] {logging_mixin.py:190} INFO - [2024-09-26T01:41:33.553+0000] {dagbag.py:587} INFO - Filling up the DagBag from /opt/airflow/dags/dag_with_catchup_and_backfill.py
[2024-09-26T01:41:33.670+0000] {processor.py:925} INFO - DAG(s) 'dag_with_catchup_backfill_v01.3' retrieved from /opt/airflow/dags/dag_with_catchup_and_backfill.py
[2024-09-26T01:41:33.697+0000] {logging_mixin.py:190} INFO - [2024-09-26T01:41:33.696+0000] {dag.py:3229} INFO - Sync 1 DAGs
[2024-09-26T01:41:33.719+0000] {logging_mixin.py:190} INFO - [2024-09-26T01:41:33.719+0000] {dag.py:4156} INFO - Setting next_dagrun for dag_with_catchup_backfill_v01.3 to 2024-09-25 00:00:00+00:00, run_after=2024-09-26 00:00:00+00:00
[2024-09-26T01:41:33.746+0000] {processor.py:208} INFO - Processing /opt/airflow/dags/dag_with_catchup_and_backfill.py took 0.208 seconds
[2024-09-26T01:42:04.229+0000] {processor.py:186} INFO - Started process (PID=138782) to work on /opt/airflow/dags/dag_with_catchup_and_backfill.py
[2024-09-26T01:42:04.231+0000] {processor.py:914} INFO - Processing file /opt/airflow/dags/dag_with_catchup_and_backfill.py for tasks to queue
[2024-09-26T01:42:04.234+0000] {logging_mixin.py:190} INFO - [2024-09-26T01:42:04.233+0000] {dagbag.py:587} INFO - Filling up the DagBag from /opt/airflow/dags/dag_with_catchup_and_backfill.py
[2024-09-26T01:42:04.315+0000] {processor.py:925} INFO - DAG(s) 'dag_with_catchup_backfill_v01.3' retrieved from /opt/airflow/dags/dag_with_catchup_and_backfill.py
[2024-09-26T01:42:04.342+0000] {logging_mixin.py:190} INFO - [2024-09-26T01:42:04.341+0000] {dag.py:3229} INFO - Sync 1 DAGs
[2024-09-26T01:42:04.366+0000] {logging_mixin.py:190} INFO - [2024-09-26T01:42:04.366+0000] {dag.py:4156} INFO - Setting next_dagrun for dag_with_catchup_backfill_v01.3 to 2024-09-25 00:00:00+00:00, run_after=2024-09-26 00:00:00+00:00
[2024-09-26T01:42:04.387+0000] {processor.py:208} INFO - Processing /opt/airflow/dags/dag_with_catchup_and_backfill.py took 0.163 seconds
[2024-09-26T01:42:34.669+0000] {processor.py:186} INFO - Started process (PID=138825) to work on /opt/airflow/dags/dag_with_catchup_and_backfill.py
[2024-09-26T01:42:34.671+0000] {processor.py:914} INFO - Processing file /opt/airflow/dags/dag_with_catchup_and_backfill.py for tasks to queue
[2024-09-26T01:42:34.673+0000] {logging_mixin.py:190} INFO - [2024-09-26T01:42:34.673+0000] {dagbag.py:587} INFO - Filling up the DagBag from /opt/airflow/dags/dag_with_catchup_and_backfill.py
[2024-09-26T01:42:34.746+0000] {processor.py:925} INFO - DAG(s) 'dag_with_catchup_backfill_v01.3' retrieved from /opt/airflow/dags/dag_with_catchup_and_backfill.py
[2024-09-26T01:42:34.771+0000] {logging_mixin.py:190} INFO - [2024-09-26T01:42:34.771+0000] {dag.py:3229} INFO - Sync 1 DAGs
[2024-09-26T01:42:34.793+0000] {logging_mixin.py:190} INFO - [2024-09-26T01:42:34.793+0000] {dag.py:4156} INFO - Setting next_dagrun for dag_with_catchup_backfill_v01.3 to 2024-09-25 00:00:00+00:00, run_after=2024-09-26 00:00:00+00:00
[2024-09-26T01:42:34.826+0000] {processor.py:208} INFO - Processing /opt/airflow/dags/dag_with_catchup_and_backfill.py took 0.162 seconds
[2024-09-26T01:43:05.135+0000] {processor.py:186} INFO - Started process (PID=138868) to work on /opt/airflow/dags/dag_with_catchup_and_backfill.py
[2024-09-26T01:43:05.136+0000] {processor.py:914} INFO - Processing file /opt/airflow/dags/dag_with_catchup_and_backfill.py for tasks to queue
[2024-09-26T01:43:05.139+0000] {logging_mixin.py:190} INFO - [2024-09-26T01:43:05.138+0000] {dagbag.py:587} INFO - Filling up the DagBag from /opt/airflow/dags/dag_with_catchup_and_backfill.py
[2024-09-26T01:43:05.219+0000] {processor.py:925} INFO - DAG(s) 'dag_with_catchup_backfill_v01.3' retrieved from /opt/airflow/dags/dag_with_catchup_and_backfill.py
[2024-09-26T01:43:05.244+0000] {logging_mixin.py:190} INFO - [2024-09-26T01:43:05.244+0000] {dag.py:3229} INFO - Sync 1 DAGs
[2024-09-26T01:43:05.273+0000] {logging_mixin.py:190} INFO - [2024-09-26T01:43:05.273+0000] {dag.py:4156} INFO - Setting next_dagrun for dag_with_catchup_backfill_v01.3 to 2024-09-25 00:00:00+00:00, run_after=2024-09-26 00:00:00+00:00
[2024-09-26T01:43:05.310+0000] {processor.py:208} INFO - Processing /opt/airflow/dags/dag_with_catchup_and_backfill.py took 0.180 seconds
[2024-09-26T01:43:35.646+0000] {processor.py:186} INFO - Started process (PID=138911) to work on /opt/airflow/dags/dag_with_catchup_and_backfill.py
[2024-09-26T01:43:35.647+0000] {processor.py:914} INFO - Processing file /opt/airflow/dags/dag_with_catchup_and_backfill.py for tasks to queue
[2024-09-26T01:43:35.649+0000] {logging_mixin.py:190} INFO - [2024-09-26T01:43:35.649+0000] {dagbag.py:587} INFO - Filling up the DagBag from /opt/airflow/dags/dag_with_catchup_and_backfill.py
[2024-09-26T01:43:35.728+0000] {processor.py:925} INFO - DAG(s) 'dag_with_catchup_backfill_v01.3' retrieved from /opt/airflow/dags/dag_with_catchup_and_backfill.py
[2024-09-26T01:43:35.757+0000] {logging_mixin.py:190} INFO - [2024-09-26T01:43:35.756+0000] {dag.py:3229} INFO - Sync 1 DAGs
[2024-09-26T01:43:35.780+0000] {logging_mixin.py:190} INFO - [2024-09-26T01:43:35.780+0000] {dag.py:4156} INFO - Setting next_dagrun for dag_with_catchup_backfill_v01.3 to 2024-09-25 00:00:00+00:00, run_after=2024-09-26 00:00:00+00:00
[2024-09-26T01:43:35.814+0000] {processor.py:208} INFO - Processing /opt/airflow/dags/dag_with_catchup_and_backfill.py took 0.173 seconds
[2024-09-26T01:44:06.009+0000] {processor.py:186} INFO - Started process (PID=138954) to work on /opt/airflow/dags/dag_with_catchup_and_backfill.py
[2024-09-26T01:44:06.010+0000] {processor.py:914} INFO - Processing file /opt/airflow/dags/dag_with_catchup_and_backfill.py for tasks to queue
[2024-09-26T01:44:06.012+0000] {logging_mixin.py:190} INFO - [2024-09-26T01:44:06.012+0000] {dagbag.py:587} INFO - Filling up the DagBag from /opt/airflow/dags/dag_with_catchup_and_backfill.py
[2024-09-26T01:44:06.067+0000] {processor.py:925} INFO - DAG(s) 'dag_with_catchup_backfill_v01.3' retrieved from /opt/airflow/dags/dag_with_catchup_and_backfill.py
[2024-09-26T01:44:06.105+0000] {logging_mixin.py:190} INFO - [2024-09-26T01:44:06.105+0000] {dag.py:3229} INFO - Sync 1 DAGs
[2024-09-26T01:44:06.138+0000] {logging_mixin.py:190} INFO - [2024-09-26T01:44:06.138+0000] {dag.py:4156} INFO - Setting next_dagrun for dag_with_catchup_backfill_v01.3 to 2024-09-25 00:00:00+00:00, run_after=2024-09-26 00:00:00+00:00
[2024-09-26T01:44:06.162+0000] {processor.py:208} INFO - Processing /opt/airflow/dags/dag_with_catchup_and_backfill.py took 0.159 seconds
[2024-09-26T01:44:36.716+0000] {processor.py:186} INFO - Started process (PID=138997) to work on /opt/airflow/dags/dag_with_catchup_and_backfill.py
[2024-09-26T01:44:36.718+0000] {processor.py:914} INFO - Processing file /opt/airflow/dags/dag_with_catchup_and_backfill.py for tasks to queue
[2024-09-26T01:44:36.720+0000] {logging_mixin.py:190} INFO - [2024-09-26T01:44:36.720+0000] {dagbag.py:587} INFO - Filling up the DagBag from /opt/airflow/dags/dag_with_catchup_and_backfill.py
[2024-09-26T01:44:36.805+0000] {processor.py:925} INFO - DAG(s) 'dag_with_catchup_backfill_v01.3' retrieved from /opt/airflow/dags/dag_with_catchup_and_backfill.py
[2024-09-26T01:44:36.826+0000] {logging_mixin.py:190} INFO - [2024-09-26T01:44:36.825+0000] {dag.py:3229} INFO - Sync 1 DAGs
[2024-09-26T01:44:36.848+0000] {logging_mixin.py:190} INFO - [2024-09-26T01:44:36.848+0000] {dag.py:4156} INFO - Setting next_dagrun for dag_with_catchup_backfill_v01.3 to 2024-09-25 00:00:00+00:00, run_after=2024-09-26 00:00:00+00:00
[2024-09-26T01:44:36.886+0000] {processor.py:208} INFO - Processing /opt/airflow/dags/dag_with_catchup_and_backfill.py took 0.175 seconds
[2024-09-26T01:45:07.327+0000] {processor.py:186} INFO - Started process (PID=139038) to work on /opt/airflow/dags/dag_with_catchup_and_backfill.py
[2024-09-26T01:45:07.330+0000] {processor.py:914} INFO - Processing file /opt/airflow/dags/dag_with_catchup_and_backfill.py for tasks to queue
[2024-09-26T01:45:07.334+0000] {logging_mixin.py:190} INFO - [2024-09-26T01:45:07.333+0000] {dagbag.py:587} INFO - Filling up the DagBag from /opt/airflow/dags/dag_with_catchup_and_backfill.py
[2024-09-26T01:45:07.441+0000] {processor.py:925} INFO - DAG(s) 'dag_with_catchup_backfill_v01.3' retrieved from /opt/airflow/dags/dag_with_catchup_and_backfill.py
[2024-09-26T01:45:07.468+0000] {logging_mixin.py:190} INFO - [2024-09-26T01:45:07.468+0000] {dag.py:3229} INFO - Sync 1 DAGs
[2024-09-26T01:45:07.489+0000] {logging_mixin.py:190} INFO - [2024-09-26T01:45:07.489+0000] {dag.py:4156} INFO - Setting next_dagrun for dag_with_catchup_backfill_v01.3 to 2024-09-25 00:00:00+00:00, run_after=2024-09-26 00:00:00+00:00
[2024-09-26T01:45:07.515+0000] {processor.py:208} INFO - Processing /opt/airflow/dags/dag_with_catchup_and_backfill.py took 0.203 seconds
[2024-09-26T01:45:37.836+0000] {processor.py:186} INFO - Started process (PID=139081) to work on /opt/airflow/dags/dag_with_catchup_and_backfill.py
[2024-09-26T01:45:37.838+0000] {processor.py:914} INFO - Processing file /opt/airflow/dags/dag_with_catchup_and_backfill.py for tasks to queue
[2024-09-26T01:45:37.842+0000] {logging_mixin.py:190} INFO - [2024-09-26T01:45:37.841+0000] {dagbag.py:587} INFO - Filling up the DagBag from /opt/airflow/dags/dag_with_catchup_and_backfill.py
[2024-09-26T01:45:37.932+0000] {processor.py:925} INFO - DAG(s) 'dag_with_catchup_backfill_v01.3' retrieved from /opt/airflow/dags/dag_with_catchup_and_backfill.py
[2024-09-26T01:45:37.961+0000] {logging_mixin.py:190} INFO - [2024-09-26T01:45:37.961+0000] {dag.py:3229} INFO - Sync 1 DAGs
[2024-09-26T01:45:37.982+0000] {logging_mixin.py:190} INFO - [2024-09-26T01:45:37.982+0000] {dag.py:4156} INFO - Setting next_dagrun for dag_with_catchup_backfill_v01.3 to 2024-09-25 00:00:00+00:00, run_after=2024-09-26 00:00:00+00:00
[2024-09-26T01:45:38.004+0000] {processor.py:208} INFO - Processing /opt/airflow/dags/dag_with_catchup_and_backfill.py took 0.178 seconds
[2024-09-26T01:46:08.447+0000] {processor.py:186} INFO - Started process (PID=139124) to work on /opt/airflow/dags/dag_with_catchup_and_backfill.py
[2024-09-26T01:46:08.449+0000] {processor.py:914} INFO - Processing file /opt/airflow/dags/dag_with_catchup_and_backfill.py for tasks to queue
[2024-09-26T01:46:08.452+0000] {logging_mixin.py:190} INFO - [2024-09-26T01:46:08.451+0000] {dagbag.py:587} INFO - Filling up the DagBag from /opt/airflow/dags/dag_with_catchup_and_backfill.py
[2024-09-26T01:46:08.564+0000] {processor.py:925} INFO - DAG(s) 'dag_with_catchup_backfill_v01.3' retrieved from /opt/airflow/dags/dag_with_catchup_and_backfill.py
[2024-09-26T01:46:08.592+0000] {logging_mixin.py:190} INFO - [2024-09-26T01:46:08.592+0000] {dag.py:3229} INFO - Sync 1 DAGs
[2024-09-26T01:46:08.612+0000] {logging_mixin.py:190} INFO - [2024-09-26T01:46:08.612+0000] {dag.py:4156} INFO - Setting next_dagrun for dag_with_catchup_backfill_v01.3 to 2024-09-25 00:00:00+00:00, run_after=2024-09-26 00:00:00+00:00
[2024-09-26T01:46:08.636+0000] {processor.py:208} INFO - Processing /opt/airflow/dags/dag_with_catchup_and_backfill.py took 0.201 seconds
[2024-09-26T01:46:39.007+0000] {processor.py:186} INFO - Started process (PID=139167) to work on /opt/airflow/dags/dag_with_catchup_and_backfill.py
[2024-09-26T01:46:39.009+0000] {processor.py:914} INFO - Processing file /opt/airflow/dags/dag_with_catchup_and_backfill.py for tasks to queue
[2024-09-26T01:46:39.011+0000] {logging_mixin.py:190} INFO - [2024-09-26T01:46:39.011+0000] {dagbag.py:587} INFO - Filling up the DagBag from /opt/airflow/dags/dag_with_catchup_and_backfill.py
[2024-09-26T01:46:39.112+0000] {processor.py:925} INFO - DAG(s) 'dag_with_catchup_backfill_v01.3' retrieved from /opt/airflow/dags/dag_with_catchup_and_backfill.py
[2024-09-26T01:46:39.136+0000] {logging_mixin.py:190} INFO - [2024-09-26T01:46:39.136+0000] {dag.py:3229} INFO - Sync 1 DAGs
[2024-09-26T01:46:39.157+0000] {logging_mixin.py:190} INFO - [2024-09-26T01:46:39.157+0000] {dag.py:4156} INFO - Setting next_dagrun for dag_with_catchup_backfill_v01.3 to 2024-09-25 00:00:00+00:00, run_after=2024-09-26 00:00:00+00:00
[2024-09-26T01:46:39.188+0000] {processor.py:208} INFO - Processing /opt/airflow/dags/dag_with_catchup_and_backfill.py took 0.186 seconds
[2024-09-26T01:47:10.471+0000] {processor.py:186} INFO - Started process (PID=139212) to work on /opt/airflow/dags/dag_with_catchup_and_backfill.py
[2024-09-26T01:47:10.473+0000] {processor.py:914} INFO - Processing file /opt/airflow/dags/dag_with_catchup_and_backfill.py for tasks to queue
[2024-09-26T01:47:10.478+0000] {logging_mixin.py:190} INFO - [2024-09-26T01:47:10.477+0000] {dagbag.py:587} INFO - Filling up the DagBag from /opt/airflow/dags/dag_with_catchup_and_backfill.py
[2024-09-26T01:47:10.588+0000] {processor.py:925} INFO - DAG(s) 'dag_with_catchup_backfill_v01.3' retrieved from /opt/airflow/dags/dag_with_catchup_and_backfill.py
[2024-09-26T01:47:10.628+0000] {logging_mixin.py:190} INFO - [2024-09-26T01:47:10.627+0000] {dag.py:3229} INFO - Sync 1 DAGs
[2024-09-26T01:47:10.672+0000] {logging_mixin.py:190} INFO - [2024-09-26T01:47:10.672+0000] {dag.py:4156} INFO - Setting next_dagrun for dag_with_catchup_backfill_v01.3 to 2024-09-25 00:00:00+00:00, run_after=2024-09-26 00:00:00+00:00
[2024-09-26T01:47:10.753+0000] {processor.py:208} INFO - Processing /opt/airflow/dags/dag_with_catchup_and_backfill.py took 0.289 seconds
[2024-09-26T01:47:41.541+0000] {processor.py:186} INFO - Started process (PID=139255) to work on /opt/airflow/dags/dag_with_catchup_and_backfill.py
[2024-09-26T01:47:41.543+0000] {processor.py:914} INFO - Processing file /opt/airflow/dags/dag_with_catchup_and_backfill.py for tasks to queue
[2024-09-26T01:47:41.547+0000] {logging_mixin.py:190} INFO - [2024-09-26T01:47:41.545+0000] {dagbag.py:587} INFO - Filling up the DagBag from /opt/airflow/dags/dag_with_catchup_and_backfill.py
[2024-09-26T01:47:41.613+0000] {processor.py:925} INFO - DAG(s) 'dag_with_catchup_backfill_v01.3' retrieved from /opt/airflow/dags/dag_with_catchup_and_backfill.py
[2024-09-26T01:47:41.659+0000] {logging_mixin.py:190} INFO - [2024-09-26T01:47:41.658+0000] {dag.py:3229} INFO - Sync 1 DAGs
[2024-09-26T01:47:41.710+0000] {logging_mixin.py:190} INFO - [2024-09-26T01:47:41.710+0000] {dag.py:4156} INFO - Setting next_dagrun for dag_with_catchup_backfill_v01.3 to 2024-09-25 00:00:00+00:00, run_after=2024-09-26 00:00:00+00:00
[2024-09-26T01:47:41.753+0000] {processor.py:208} INFO - Processing /opt/airflow/dags/dag_with_catchup_and_backfill.py took 0.223 seconds
[2024-09-26T01:48:12.629+0000] {processor.py:186} INFO - Started process (PID=139298) to work on /opt/airflow/dags/dag_with_catchup_and_backfill.py
[2024-09-26T01:48:12.631+0000] {processor.py:914} INFO - Processing file /opt/airflow/dags/dag_with_catchup_and_backfill.py for tasks to queue
[2024-09-26T01:48:12.635+0000] {logging_mixin.py:190} INFO - [2024-09-26T01:48:12.634+0000] {dagbag.py:587} INFO - Filling up the DagBag from /opt/airflow/dags/dag_with_catchup_and_backfill.py
[2024-09-26T01:48:12.753+0000] {processor.py:925} INFO - DAG(s) 'dag_with_catchup_backfill_v01.3' retrieved from /opt/airflow/dags/dag_with_catchup_and_backfill.py
[2024-09-26T01:48:12.802+0000] {logging_mixin.py:190} INFO - [2024-09-26T01:48:12.802+0000] {dag.py:3229} INFO - Sync 1 DAGs
[2024-09-26T01:48:12.855+0000] {logging_mixin.py:190} INFO - [2024-09-26T01:48:12.855+0000] {dag.py:4156} INFO - Setting next_dagrun for dag_with_catchup_backfill_v01.3 to 2024-09-25 00:00:00+00:00, run_after=2024-09-26 00:00:00+00:00
[2024-09-26T01:48:12.905+0000] {processor.py:208} INFO - Processing /opt/airflow/dags/dag_with_catchup_and_backfill.py took 0.290 seconds
[2024-09-26T01:48:43.383+0000] {processor.py:186} INFO - Started process (PID=139341) to work on /opt/airflow/dags/dag_with_catchup_and_backfill.py
[2024-09-26T01:48:43.390+0000] {processor.py:914} INFO - Processing file /opt/airflow/dags/dag_with_catchup_and_backfill.py for tasks to queue
[2024-09-26T01:48:43.399+0000] {logging_mixin.py:190} INFO - [2024-09-26T01:48:43.398+0000] {dagbag.py:587} INFO - Filling up the DagBag from /opt/airflow/dags/dag_with_catchup_and_backfill.py
[2024-09-26T01:48:43.505+0000] {processor.py:925} INFO - DAG(s) 'dag_with_catchup_backfill_v01.3' retrieved from /opt/airflow/dags/dag_with_catchup_and_backfill.py
[2024-09-26T01:48:43.551+0000] {logging_mixin.py:190} INFO - [2024-09-26T01:48:43.551+0000] {dag.py:3229} INFO - Sync 1 DAGs
[2024-09-26T01:48:43.608+0000] {logging_mixin.py:190} INFO - [2024-09-26T01:48:43.608+0000] {dag.py:4156} INFO - Setting next_dagrun for dag_with_catchup_backfill_v01.3 to 2024-09-25 00:00:00+00:00, run_after=2024-09-26 00:00:00+00:00
[2024-09-26T01:48:43.656+0000] {processor.py:208} INFO - Processing /opt/airflow/dags/dag_with_catchup_and_backfill.py took 0.290 seconds
[2024-09-26T01:49:14.643+0000] {processor.py:186} INFO - Started process (PID=139384) to work on /opt/airflow/dags/dag_with_catchup_and_backfill.py
[2024-09-26T01:49:14.645+0000] {processor.py:914} INFO - Processing file /opt/airflow/dags/dag_with_catchup_and_backfill.py for tasks to queue
[2024-09-26T01:49:14.648+0000] {logging_mixin.py:190} INFO - [2024-09-26T01:49:14.647+0000] {dagbag.py:587} INFO - Filling up the DagBag from /opt/airflow/dags/dag_with_catchup_and_backfill.py
[2024-09-26T01:49:14.725+0000] {processor.py:925} INFO - DAG(s) 'dag_with_catchup_backfill_v01.3' retrieved from /opt/airflow/dags/dag_with_catchup_and_backfill.py
[2024-09-26T01:49:14.749+0000] {logging_mixin.py:190} INFO - [2024-09-26T01:49:14.749+0000] {dag.py:3229} INFO - Sync 1 DAGs
[2024-09-26T01:49:14.773+0000] {logging_mixin.py:190} INFO - [2024-09-26T01:49:14.773+0000] {dag.py:4156} INFO - Setting next_dagrun for dag_with_catchup_backfill_v01.3 to 2024-09-25 00:00:00+00:00, run_after=2024-09-26 00:00:00+00:00
[2024-09-26T01:49:14.799+0000] {processor.py:208} INFO - Processing /opt/airflow/dags/dag_with_catchup_and_backfill.py took 0.162 seconds
[2024-09-26T01:49:45.231+0000] {processor.py:186} INFO - Started process (PID=139427) to work on /opt/airflow/dags/dag_with_catchup_and_backfill.py
[2024-09-26T01:49:45.233+0000] {processor.py:914} INFO - Processing file /opt/airflow/dags/dag_with_catchup_and_backfill.py for tasks to queue
[2024-09-26T01:49:45.235+0000] {logging_mixin.py:190} INFO - [2024-09-26T01:49:45.235+0000] {dagbag.py:587} INFO - Filling up the DagBag from /opt/airflow/dags/dag_with_catchup_and_backfill.py
[2024-09-26T01:49:45.304+0000] {processor.py:925} INFO - DAG(s) 'dag_with_catchup_backfill_v01.3' retrieved from /opt/airflow/dags/dag_with_catchup_and_backfill.py
[2024-09-26T01:49:45.330+0000] {logging_mixin.py:190} INFO - [2024-09-26T01:49:45.329+0000] {dag.py:3229} INFO - Sync 1 DAGs
[2024-09-26T01:49:45.355+0000] {logging_mixin.py:190} INFO - [2024-09-26T01:49:45.354+0000] {dag.py:4156} INFO - Setting next_dagrun for dag_with_catchup_backfill_v01.3 to 2024-09-25 00:00:00+00:00, run_after=2024-09-26 00:00:00+00:00
[2024-09-26T01:49:45.379+0000] {processor.py:208} INFO - Processing /opt/airflow/dags/dag_with_catchup_and_backfill.py took 0.155 seconds
[2024-09-26T01:50:15.795+0000] {processor.py:186} INFO - Started process (PID=139470) to work on /opt/airflow/dags/dag_with_catchup_and_backfill.py
[2024-09-26T01:50:15.796+0000] {processor.py:914} INFO - Processing file /opt/airflow/dags/dag_with_catchup_and_backfill.py for tasks to queue
[2024-09-26T01:50:15.798+0000] {logging_mixin.py:190} INFO - [2024-09-26T01:50:15.797+0000] {dagbag.py:587} INFO - Filling up the DagBag from /opt/airflow/dags/dag_with_catchup_and_backfill.py
[2024-09-26T01:50:15.852+0000] {processor.py:925} INFO - DAG(s) 'dag_with_catchup_backfill_v01.3' retrieved from /opt/airflow/dags/dag_with_catchup_and_backfill.py
[2024-09-26T01:50:15.879+0000] {logging_mixin.py:190} INFO - [2024-09-26T01:50:15.879+0000] {dag.py:3229} INFO - Sync 1 DAGs
[2024-09-26T01:50:15.901+0000] {logging_mixin.py:190} INFO - [2024-09-26T01:50:15.901+0000] {dag.py:4156} INFO - Setting next_dagrun for dag_with_catchup_backfill_v01.3 to 2024-09-25 00:00:00+00:00, run_after=2024-09-26 00:00:00+00:00
[2024-09-26T01:50:15.921+0000] {processor.py:208} INFO - Processing /opt/airflow/dags/dag_with_catchup_and_backfill.py took 0.133 seconds
[2024-09-26T01:50:46.318+0000] {processor.py:186} INFO - Started process (PID=139513) to work on /opt/airflow/dags/dag_with_catchup_and_backfill.py
[2024-09-26T01:50:46.319+0000] {processor.py:914} INFO - Processing file /opt/airflow/dags/dag_with_catchup_and_backfill.py for tasks to queue
[2024-09-26T01:50:46.321+0000] {logging_mixin.py:190} INFO - [2024-09-26T01:50:46.321+0000] {dagbag.py:587} INFO - Filling up the DagBag from /opt/airflow/dags/dag_with_catchup_and_backfill.py
[2024-09-26T01:50:46.404+0000] {processor.py:925} INFO - DAG(s) 'dag_with_catchup_backfill_v01.3' retrieved from /opt/airflow/dags/dag_with_catchup_and_backfill.py
[2024-09-26T01:50:46.450+0000] {logging_mixin.py:190} INFO - [2024-09-26T01:50:46.450+0000] {dag.py:3229} INFO - Sync 1 DAGs
[2024-09-26T01:50:46.474+0000] {logging_mixin.py:190} INFO - [2024-09-26T01:50:46.473+0000] {dag.py:4156} INFO - Setting next_dagrun for dag_with_catchup_backfill_v01.3 to 2024-09-25 00:00:00+00:00, run_after=2024-09-26 00:00:00+00:00
[2024-09-26T01:50:46.497+0000] {processor.py:208} INFO - Processing /opt/airflow/dags/dag_with_catchup_and_backfill.py took 0.185 seconds
[2024-09-26T01:51:16.852+0000] {processor.py:186} INFO - Started process (PID=139556) to work on /opt/airflow/dags/dag_with_catchup_and_backfill.py
[2024-09-26T01:51:16.853+0000] {processor.py:914} INFO - Processing file /opt/airflow/dags/dag_with_catchup_and_backfill.py for tasks to queue
[2024-09-26T01:51:16.856+0000] {logging_mixin.py:190} INFO - [2024-09-26T01:51:16.856+0000] {dagbag.py:587} INFO - Filling up the DagBag from /opt/airflow/dags/dag_with_catchup_and_backfill.py
[2024-09-26T01:51:16.961+0000] {processor.py:925} INFO - DAG(s) 'dag_with_catchup_backfill_v01.3' retrieved from /opt/airflow/dags/dag_with_catchup_and_backfill.py
[2024-09-26T01:51:17.005+0000] {logging_mixin.py:190} INFO - [2024-09-26T01:51:17.004+0000] {dag.py:3229} INFO - Sync 1 DAGs
[2024-09-26T01:51:17.032+0000] {logging_mixin.py:190} INFO - [2024-09-26T01:51:17.032+0000] {dag.py:4156} INFO - Setting next_dagrun for dag_with_catchup_backfill_v01.3 to 2024-09-25 00:00:00+00:00, run_after=2024-09-26 00:00:00+00:00
[2024-09-26T01:51:17.063+0000] {processor.py:208} INFO - Processing /opt/airflow/dags/dag_with_catchup_and_backfill.py took 0.219 seconds
[2024-09-26T01:51:47.600+0000] {processor.py:186} INFO - Started process (PID=139599) to work on /opt/airflow/dags/dag_with_catchup_and_backfill.py
[2024-09-26T01:51:47.602+0000] {processor.py:914} INFO - Processing file /opt/airflow/dags/dag_with_catchup_and_backfill.py for tasks to queue
[2024-09-26T01:51:47.605+0000] {logging_mixin.py:190} INFO - [2024-09-26T01:51:47.605+0000] {dagbag.py:587} INFO - Filling up the DagBag from /opt/airflow/dags/dag_with_catchup_and_backfill.py
[2024-09-26T01:51:47.739+0000] {processor.py:925} INFO - DAG(s) 'dag_with_catchup_backfill_v01.3' retrieved from /opt/airflow/dags/dag_with_catchup_and_backfill.py
[2024-09-26T01:51:47.779+0000] {logging_mixin.py:190} INFO - [2024-09-26T01:51:47.779+0000] {dag.py:3229} INFO - Sync 1 DAGs
[2024-09-26T01:51:47.814+0000] {logging_mixin.py:190} INFO - [2024-09-26T01:51:47.814+0000] {dag.py:4156} INFO - Setting next_dagrun for dag_with_catchup_backfill_v01.3 to 2024-09-25 00:00:00+00:00, run_after=2024-09-26 00:00:00+00:00
[2024-09-26T01:51:47.850+0000] {processor.py:208} INFO - Processing /opt/airflow/dags/dag_with_catchup_and_backfill.py took 0.262 seconds
[2024-09-26T01:52:18.022+0000] {processor.py:186} INFO - Started process (PID=139640) to work on /opt/airflow/dags/dag_with_catchup_and_backfill.py
[2024-09-26T01:52:18.023+0000] {processor.py:914} INFO - Processing file /opt/airflow/dags/dag_with_catchup_and_backfill.py for tasks to queue
[2024-09-26T01:52:18.026+0000] {logging_mixin.py:190} INFO - [2024-09-26T01:52:18.025+0000] {dagbag.py:587} INFO - Filling up the DagBag from /opt/airflow/dags/dag_with_catchup_and_backfill.py
[2024-09-26T01:52:18.083+0000] {processor.py:925} INFO - DAG(s) 'dag_with_catchup_backfill_v01.3' retrieved from /opt/airflow/dags/dag_with_catchup_and_backfill.py
[2024-09-26T01:52:18.121+0000] {logging_mixin.py:190} INFO - [2024-09-26T01:52:18.120+0000] {dag.py:3229} INFO - Sync 1 DAGs
[2024-09-26T01:52:18.154+0000] {logging_mixin.py:190} INFO - [2024-09-26T01:52:18.153+0000] {dag.py:4156} INFO - Setting next_dagrun for dag_with_catchup_backfill_v01.3 to 2024-09-25 00:00:00+00:00, run_after=2024-09-26 00:00:00+00:00
[2024-09-26T01:52:18.181+0000] {processor.py:208} INFO - Processing /opt/airflow/dags/dag_with_catchup_and_backfill.py took 0.167 seconds
[2024-09-26T01:52:48.543+0000] {processor.py:186} INFO - Started process (PID=139683) to work on /opt/airflow/dags/dag_with_catchup_and_backfill.py
[2024-09-26T01:52:48.546+0000] {processor.py:914} INFO - Processing file /opt/airflow/dags/dag_with_catchup_and_backfill.py for tasks to queue
[2024-09-26T01:52:48.549+0000] {logging_mixin.py:190} INFO - [2024-09-26T01:52:48.549+0000] {dagbag.py:587} INFO - Filling up the DagBag from /opt/airflow/dags/dag_with_catchup_and_backfill.py
[2024-09-26T01:52:48.629+0000] {processor.py:925} INFO - DAG(s) 'dag_with_catchup_backfill_v01.3' retrieved from /opt/airflow/dags/dag_with_catchup_and_backfill.py
[2024-09-26T01:52:48.654+0000] {logging_mixin.py:190} INFO - [2024-09-26T01:52:48.654+0000] {dag.py:3229} INFO - Sync 1 DAGs
[2024-09-26T01:52:48.675+0000] {logging_mixin.py:190} INFO - [2024-09-26T01:52:48.675+0000] {dag.py:4156} INFO - Setting next_dagrun for dag_with_catchup_backfill_v01.3 to 2024-09-25 00:00:00+00:00, run_after=2024-09-26 00:00:00+00:00
[2024-09-26T01:52:48.695+0000] {processor.py:208} INFO - Processing /opt/airflow/dags/dag_with_catchup_and_backfill.py took 0.162 seconds
[2024-09-26T01:53:19.243+0000] {processor.py:186} INFO - Started process (PID=139726) to work on /opt/airflow/dags/dag_with_catchup_and_backfill.py
[2024-09-26T01:53:19.249+0000] {processor.py:914} INFO - Processing file /opt/airflow/dags/dag_with_catchup_and_backfill.py for tasks to queue
[2024-09-26T01:53:19.255+0000] {logging_mixin.py:190} INFO - [2024-09-26T01:53:19.254+0000] {dagbag.py:587} INFO - Filling up the DagBag from /opt/airflow/dags/dag_with_catchup_and_backfill.py
[2024-09-26T01:53:19.369+0000] {processor.py:925} INFO - DAG(s) 'dag_with_catchup_backfill_v01.3' retrieved from /opt/airflow/dags/dag_with_catchup_and_backfill.py
[2024-09-26T01:53:19.405+0000] {logging_mixin.py:190} INFO - [2024-09-26T01:53:19.405+0000] {dag.py:3229} INFO - Sync 1 DAGs
[2024-09-26T01:53:19.446+0000] {logging_mixin.py:190} INFO - [2024-09-26T01:53:19.446+0000] {dag.py:4156} INFO - Setting next_dagrun for dag_with_catchup_backfill_v01.3 to 2024-09-25 00:00:00+00:00, run_after=2024-09-26 00:00:00+00:00
[2024-09-26T01:53:19.478+0000] {processor.py:208} INFO - Processing /opt/airflow/dags/dag_with_catchup_and_backfill.py took 0.262 seconds
[2024-09-26T01:53:49.766+0000] {processor.py:186} INFO - Started process (PID=139769) to work on /opt/airflow/dags/dag_with_catchup_and_backfill.py
[2024-09-26T01:53:49.768+0000] {processor.py:914} INFO - Processing file /opt/airflow/dags/dag_with_catchup_and_backfill.py for tasks to queue
[2024-09-26T01:53:49.771+0000] {logging_mixin.py:190} INFO - [2024-09-26T01:53:49.771+0000] {dagbag.py:587} INFO - Filling up the DagBag from /opt/airflow/dags/dag_with_catchup_and_backfill.py
[2024-09-26T01:53:49.843+0000] {processor.py:925} INFO - DAG(s) 'dag_with_catchup_backfill_v01.3' retrieved from /opt/airflow/dags/dag_with_catchup_and_backfill.py
[2024-09-26T01:53:49.868+0000] {logging_mixin.py:190} INFO - [2024-09-26T01:53:49.867+0000] {dag.py:3229} INFO - Sync 1 DAGs
[2024-09-26T01:53:49.893+0000] {logging_mixin.py:190} INFO - [2024-09-26T01:53:49.893+0000] {dag.py:4156} INFO - Setting next_dagrun for dag_with_catchup_backfill_v01.3 to 2024-09-25 00:00:00+00:00, run_after=2024-09-26 00:00:00+00:00
[2024-09-26T01:53:49.924+0000] {processor.py:208} INFO - Processing /opt/airflow/dags/dag_with_catchup_and_backfill.py took 0.166 seconds
[2024-09-26T01:54:20.249+0000] {processor.py:186} INFO - Started process (PID=139812) to work on /opt/airflow/dags/dag_with_catchup_and_backfill.py
[2024-09-26T01:54:20.252+0000] {processor.py:914} INFO - Processing file /opt/airflow/dags/dag_with_catchup_and_backfill.py for tasks to queue
[2024-09-26T01:54:20.255+0000] {logging_mixin.py:190} INFO - [2024-09-26T01:54:20.255+0000] {dagbag.py:587} INFO - Filling up the DagBag from /opt/airflow/dags/dag_with_catchup_and_backfill.py
[2024-09-26T01:54:20.345+0000] {processor.py:925} INFO - DAG(s) 'dag_with_catchup_backfill_v01.3' retrieved from /opt/airflow/dags/dag_with_catchup_and_backfill.py
[2024-09-26T01:54:20.368+0000] {logging_mixin.py:190} INFO - [2024-09-26T01:54:20.368+0000] {dag.py:3229} INFO - Sync 1 DAGs
[2024-09-26T01:54:20.391+0000] {logging_mixin.py:190} INFO - [2024-09-26T01:54:20.391+0000] {dag.py:4156} INFO - Setting next_dagrun for dag_with_catchup_backfill_v01.3 to 2024-09-25 00:00:00+00:00, run_after=2024-09-26 00:00:00+00:00
[2024-09-26T01:54:20.417+0000] {processor.py:208} INFO - Processing /opt/airflow/dags/dag_with_catchup_and_backfill.py took 0.177 seconds
[2024-09-26T01:54:50.797+0000] {processor.py:186} INFO - Started process (PID=139855) to work on /opt/airflow/dags/dag_with_catchup_and_backfill.py
[2024-09-26T01:54:50.799+0000] {processor.py:914} INFO - Processing file /opt/airflow/dags/dag_with_catchup_and_backfill.py for tasks to queue
[2024-09-26T01:54:50.801+0000] {logging_mixin.py:190} INFO - [2024-09-26T01:54:50.800+0000] {dagbag.py:587} INFO - Filling up the DagBag from /opt/airflow/dags/dag_with_catchup_and_backfill.py
[2024-09-26T01:54:50.898+0000] {processor.py:925} INFO - DAG(s) 'dag_with_catchup_backfill_v01.3' retrieved from /opt/airflow/dags/dag_with_catchup_and_backfill.py
[2024-09-26T01:54:50.927+0000] {logging_mixin.py:190} INFO - [2024-09-26T01:54:50.927+0000] {dag.py:3229} INFO - Sync 1 DAGs
[2024-09-26T01:54:50.959+0000] {logging_mixin.py:190} INFO - [2024-09-26T01:54:50.959+0000] {dag.py:4156} INFO - Setting next_dagrun for dag_with_catchup_backfill_v01.3 to 2024-09-25 00:00:00+00:00, run_after=2024-09-26 00:00:00+00:00
[2024-09-26T01:54:50.988+0000] {processor.py:208} INFO - Processing /opt/airflow/dags/dag_with_catchup_and_backfill.py took 0.196 seconds
[2024-09-26T01:55:21.722+0000] {processor.py:186} INFO - Started process (PID=139900) to work on /opt/airflow/dags/dag_with_catchup_and_backfill.py
[2024-09-26T01:55:21.724+0000] {processor.py:914} INFO - Processing file /opt/airflow/dags/dag_with_catchup_and_backfill.py for tasks to queue
[2024-09-26T01:55:21.727+0000] {logging_mixin.py:190} INFO - [2024-09-26T01:55:21.726+0000] {dagbag.py:587} INFO - Filling up the DagBag from /opt/airflow/dags/dag_with_catchup_and_backfill.py
[2024-09-26T01:55:21.827+0000] {processor.py:925} INFO - DAG(s) 'dag_with_catchup_backfill_v01.3' retrieved from /opt/airflow/dags/dag_with_catchup_and_backfill.py
[2024-09-26T01:55:21.858+0000] {logging_mixin.py:190} INFO - [2024-09-26T01:55:21.858+0000] {dag.py:3229} INFO - Sync 1 DAGs
[2024-09-26T01:55:21.883+0000] {logging_mixin.py:190} INFO - [2024-09-26T01:55:21.883+0000] {dag.py:4156} INFO - Setting next_dagrun for dag_with_catchup_backfill_v01.3 to 2024-09-25 00:00:00+00:00, run_after=2024-09-26 00:00:00+00:00
[2024-09-26T01:55:21.920+0000] {processor.py:208} INFO - Processing /opt/airflow/dags/dag_with_catchup_and_backfill.py took 0.211 seconds
[2024-09-26T01:55:52.174+0000] {processor.py:186} INFO - Started process (PID=139943) to work on /opt/airflow/dags/dag_with_catchup_and_backfill.py
[2024-09-26T01:55:52.176+0000] {processor.py:914} INFO - Processing file /opt/airflow/dags/dag_with_catchup_and_backfill.py for tasks to queue
[2024-09-26T01:55:52.179+0000] {logging_mixin.py:190} INFO - [2024-09-26T01:55:52.179+0000] {dagbag.py:587} INFO - Filling up the DagBag from /opt/airflow/dags/dag_with_catchup_and_backfill.py
[2024-09-26T01:55:52.273+0000] {processor.py:925} INFO - DAG(s) 'dag_with_catchup_backfill_v01.3' retrieved from /opt/airflow/dags/dag_with_catchup_and_backfill.py
[2024-09-26T01:55:52.306+0000] {logging_mixin.py:190} INFO - [2024-09-26T01:55:52.306+0000] {dag.py:3229} INFO - Sync 1 DAGs
[2024-09-26T01:55:52.330+0000] {logging_mixin.py:190} INFO - [2024-09-26T01:55:52.330+0000] {dag.py:4156} INFO - Setting next_dagrun for dag_with_catchup_backfill_v01.3 to 2024-09-25 00:00:00+00:00, run_after=2024-09-26 00:00:00+00:00
[2024-09-26T01:55:52.364+0000] {processor.py:208} INFO - Processing /opt/airflow/dags/dag_with_catchup_and_backfill.py took 0.203 seconds
[2024-09-26T01:56:22.692+0000] {processor.py:186} INFO - Started process (PID=139986) to work on /opt/airflow/dags/dag_with_catchup_and_backfill.py
[2024-09-26T01:56:22.694+0000] {processor.py:914} INFO - Processing file /opt/airflow/dags/dag_with_catchup_and_backfill.py for tasks to queue
[2024-09-26T01:56:22.696+0000] {logging_mixin.py:190} INFO - [2024-09-26T01:56:22.696+0000] {dagbag.py:587} INFO - Filling up the DagBag from /opt/airflow/dags/dag_with_catchup_and_backfill.py
[2024-09-26T01:56:22.786+0000] {processor.py:925} INFO - DAG(s) 'dag_with_catchup_backfill_v01.3' retrieved from /opt/airflow/dags/dag_with_catchup_and_backfill.py
[2024-09-26T01:56:22.815+0000] {logging_mixin.py:190} INFO - [2024-09-26T01:56:22.814+0000] {dag.py:3229} INFO - Sync 1 DAGs
[2024-09-26T01:56:22.841+0000] {logging_mixin.py:190} INFO - [2024-09-26T01:56:22.841+0000] {dag.py:4156} INFO - Setting next_dagrun for dag_with_catchup_backfill_v01.3 to 2024-09-25 00:00:00+00:00, run_after=2024-09-26 00:00:00+00:00
[2024-09-26T01:56:22.868+0000] {processor.py:208} INFO - Processing /opt/airflow/dags/dag_with_catchup_and_backfill.py took 0.186 seconds
[2024-09-26T01:56:53.286+0000] {processor.py:186} INFO - Started process (PID=140029) to work on /opt/airflow/dags/dag_with_catchup_and_backfill.py
[2024-09-26T01:56:53.288+0000] {processor.py:914} INFO - Processing file /opt/airflow/dags/dag_with_catchup_and_backfill.py for tasks to queue
[2024-09-26T01:56:53.290+0000] {logging_mixin.py:190} INFO - [2024-09-26T01:56:53.290+0000] {dagbag.py:587} INFO - Filling up the DagBag from /opt/airflow/dags/dag_with_catchup_and_backfill.py
[2024-09-26T01:56:53.390+0000] {processor.py:925} INFO - DAG(s) 'dag_with_catchup_backfill_v01.3' retrieved from /opt/airflow/dags/dag_with_catchup_and_backfill.py
[2024-09-26T01:56:53.413+0000] {logging_mixin.py:190} INFO - [2024-09-26T01:56:53.413+0000] {dag.py:3229} INFO - Sync 1 DAGs
[2024-09-26T01:56:53.436+0000] {logging_mixin.py:190} INFO - [2024-09-26T01:56:53.435+0000] {dag.py:4156} INFO - Setting next_dagrun for dag_with_catchup_backfill_v01.3 to 2024-09-25 00:00:00+00:00, run_after=2024-09-26 00:00:00+00:00
[2024-09-26T01:56:53.462+0000] {processor.py:208} INFO - Processing /opt/airflow/dags/dag_with_catchup_and_backfill.py took 0.185 seconds
[2024-09-26T01:57:23.677+0000] {processor.py:186} INFO - Started process (PID=140072) to work on /opt/airflow/dags/dag_with_catchup_and_backfill.py
[2024-09-26T01:57:23.679+0000] {processor.py:914} INFO - Processing file /opt/airflow/dags/dag_with_catchup_and_backfill.py for tasks to queue
[2024-09-26T01:57:23.682+0000] {logging_mixin.py:190} INFO - [2024-09-26T01:57:23.681+0000] {dagbag.py:587} INFO - Filling up the DagBag from /opt/airflow/dags/dag_with_catchup_and_backfill.py
[2024-09-26T01:57:23.782+0000] {processor.py:925} INFO - DAG(s) 'dag_with_catchup_backfill_v01.3' retrieved from /opt/airflow/dags/dag_with_catchup_and_backfill.py
[2024-09-26T01:57:23.808+0000] {logging_mixin.py:190} INFO - [2024-09-26T01:57:23.808+0000] {dag.py:3229} INFO - Sync 1 DAGs
[2024-09-26T01:57:23.831+0000] {logging_mixin.py:190} INFO - [2024-09-26T01:57:23.830+0000] {dag.py:4156} INFO - Setting next_dagrun for dag_with_catchup_backfill_v01.3 to 2024-09-25 00:00:00+00:00, run_after=2024-09-26 00:00:00+00:00
[2024-09-26T01:57:23.861+0000] {processor.py:208} INFO - Processing /opt/airflow/dags/dag_with_catchup_and_backfill.py took 0.189 seconds
[2024-09-26T01:57:54.300+0000] {processor.py:186} INFO - Started process (PID=140112) to work on /opt/airflow/dags/dag_with_catchup_and_backfill.py
[2024-09-26T01:57:54.302+0000] {processor.py:914} INFO - Processing file /opt/airflow/dags/dag_with_catchup_and_backfill.py for tasks to queue
[2024-09-26T01:57:54.304+0000] {logging_mixin.py:190} INFO - [2024-09-26T01:57:54.303+0000] {dagbag.py:587} INFO - Filling up the DagBag from /opt/airflow/dags/dag_with_catchup_and_backfill.py
[2024-09-26T01:57:54.395+0000] {processor.py:925} INFO - DAG(s) 'dag_with_catchup_backfill_v01.3' retrieved from /opt/airflow/dags/dag_with_catchup_and_backfill.py
[2024-09-26T01:57:54.417+0000] {logging_mixin.py:190} INFO - [2024-09-26T01:57:54.417+0000] {dag.py:3229} INFO - Sync 1 DAGs
[2024-09-26T01:57:54.437+0000] {logging_mixin.py:190} INFO - [2024-09-26T01:57:54.437+0000] {dag.py:4156} INFO - Setting next_dagrun for dag_with_catchup_backfill_v01.3 to 2024-09-25 00:00:00+00:00, run_after=2024-09-26 00:00:00+00:00
[2024-09-26T01:57:54.464+0000] {processor.py:208} INFO - Processing /opt/airflow/dags/dag_with_catchup_and_backfill.py took 0.173 seconds
[2024-09-26T01:58:25.009+0000] {processor.py:186} INFO - Started process (PID=140155) to work on /opt/airflow/dags/dag_with_catchup_and_backfill.py
[2024-09-26T01:58:25.011+0000] {processor.py:914} INFO - Processing file /opt/airflow/dags/dag_with_catchup_and_backfill.py for tasks to queue
[2024-09-26T01:58:25.013+0000] {logging_mixin.py:190} INFO - [2024-09-26T01:58:25.013+0000] {dagbag.py:587} INFO - Filling up the DagBag from /opt/airflow/dags/dag_with_catchup_and_backfill.py
[2024-09-26T01:58:25.120+0000] {processor.py:925} INFO - DAG(s) 'dag_with_catchup_backfill_v01.3' retrieved from /opt/airflow/dags/dag_with_catchup_and_backfill.py
[2024-09-26T01:58:25.147+0000] {logging_mixin.py:190} INFO - [2024-09-26T01:58:25.147+0000] {dag.py:3229} INFO - Sync 1 DAGs
[2024-09-26T01:58:25.169+0000] {logging_mixin.py:190} INFO - [2024-09-26T01:58:25.169+0000] {dag.py:4156} INFO - Setting next_dagrun for dag_with_catchup_backfill_v01.3 to 2024-09-25 00:00:00+00:00, run_after=2024-09-26 00:00:00+00:00
[2024-09-26T01:58:25.209+0000] {processor.py:208} INFO - Processing /opt/airflow/dags/dag_with_catchup_and_backfill.py took 0.206 seconds
[2024-09-26T01:58:55.513+0000] {processor.py:186} INFO - Started process (PID=140198) to work on /opt/airflow/dags/dag_with_catchup_and_backfill.py
[2024-09-26T01:58:55.515+0000] {processor.py:914} INFO - Processing file /opt/airflow/dags/dag_with_catchup_and_backfill.py for tasks to queue
[2024-09-26T01:58:55.517+0000] {logging_mixin.py:190} INFO - [2024-09-26T01:58:55.517+0000] {dagbag.py:587} INFO - Filling up the DagBag from /opt/airflow/dags/dag_with_catchup_and_backfill.py
[2024-09-26T01:58:55.609+0000] {processor.py:925} INFO - DAG(s) 'dag_with_catchup_backfill_v01.3' retrieved from /opt/airflow/dags/dag_with_catchup_and_backfill.py
[2024-09-26T01:58:55.646+0000] {logging_mixin.py:190} INFO - [2024-09-26T01:58:55.646+0000] {dag.py:3229} INFO - Sync 1 DAGs
[2024-09-26T01:58:55.670+0000] {logging_mixin.py:190} INFO - [2024-09-26T01:58:55.669+0000] {dag.py:4156} INFO - Setting next_dagrun for dag_with_catchup_backfill_v01.3 to 2024-09-25 00:00:00+00:00, run_after=2024-09-26 00:00:00+00:00
[2024-09-26T01:58:55.704+0000] {processor.py:208} INFO - Processing /opt/airflow/dags/dag_with_catchup_and_backfill.py took 0.202 seconds
[2024-09-26T01:59:26.065+0000] {processor.py:186} INFO - Started process (PID=140241) to work on /opt/airflow/dags/dag_with_catchup_and_backfill.py
[2024-09-26T01:59:26.067+0000] {processor.py:914} INFO - Processing file /opt/airflow/dags/dag_with_catchup_and_backfill.py for tasks to queue
[2024-09-26T01:59:26.069+0000] {logging_mixin.py:190} INFO - [2024-09-26T01:59:26.069+0000] {dagbag.py:587} INFO - Filling up the DagBag from /opt/airflow/dags/dag_with_catchup_and_backfill.py
[2024-09-26T01:59:26.180+0000] {processor.py:925} INFO - DAG(s) 'dag_with_catchup_backfill_v01.3' retrieved from /opt/airflow/dags/dag_with_catchup_and_backfill.py
[2024-09-26T01:59:26.212+0000] {logging_mixin.py:190} INFO - [2024-09-26T01:59:26.212+0000] {dag.py:3229} INFO - Sync 1 DAGs
[2024-09-26T01:59:26.238+0000] {logging_mixin.py:190} INFO - [2024-09-26T01:59:26.238+0000] {dag.py:4156} INFO - Setting next_dagrun for dag_with_catchup_backfill_v01.3 to 2024-09-25 00:00:00+00:00, run_after=2024-09-26 00:00:00+00:00
[2024-09-26T01:59:26.262+0000] {processor.py:208} INFO - Processing /opt/airflow/dags/dag_with_catchup_and_backfill.py took 0.208 seconds
[2024-09-26T01:59:57.323+0000] {processor.py:186} INFO - Started process (PID=140284) to work on /opt/airflow/dags/dag_with_catchup_and_backfill.py
[2024-09-26T01:59:57.325+0000] {processor.py:914} INFO - Processing file /opt/airflow/dags/dag_with_catchup_and_backfill.py for tasks to queue
[2024-09-26T01:59:57.327+0000] {logging_mixin.py:190} INFO - [2024-09-26T01:59:57.327+0000] {dagbag.py:587} INFO - Filling up the DagBag from /opt/airflow/dags/dag_with_catchup_and_backfill.py
[2024-09-26T01:59:57.414+0000] {processor.py:925} INFO - DAG(s) 'dag_with_catchup_backfill_v01.3' retrieved from /opt/airflow/dags/dag_with_catchup_and_backfill.py
[2024-09-26T01:59:57.449+0000] {logging_mixin.py:190} INFO - [2024-09-26T01:59:57.448+0000] {dag.py:3229} INFO - Sync 1 DAGs
[2024-09-26T01:59:57.472+0000] {logging_mixin.py:190} INFO - [2024-09-26T01:59:57.472+0000] {dag.py:4156} INFO - Setting next_dagrun for dag_with_catchup_backfill_v01.3 to 2024-09-25 00:00:00+00:00, run_after=2024-09-26 00:00:00+00:00
[2024-09-26T01:59:57.495+0000] {processor.py:208} INFO - Processing /opt/airflow/dags/dag_with_catchup_and_backfill.py took 0.184 seconds
[2024-09-26T02:00:28.703+0000] {processor.py:186} INFO - Started process (PID=140330) to work on /opt/airflow/dags/dag_with_catchup_and_backfill.py
[2024-09-26T02:00:28.705+0000] {processor.py:914} INFO - Processing file /opt/airflow/dags/dag_with_catchup_and_backfill.py for tasks to queue
[2024-09-26T02:00:28.707+0000] {logging_mixin.py:190} INFO - [2024-09-26T02:00:28.707+0000] {dagbag.py:587} INFO - Filling up the DagBag from /opt/airflow/dags/dag_with_catchup_and_backfill.py
[2024-09-26T02:00:28.781+0000] {processor.py:925} INFO - DAG(s) 'dag_with_catchup_backfill_v01.3' retrieved from /opt/airflow/dags/dag_with_catchup_and_backfill.py
[2024-09-26T02:00:28.825+0000] {logging_mixin.py:190} INFO - [2024-09-26T02:00:28.825+0000] {dag.py:3229} INFO - Sync 1 DAGs
[2024-09-26T02:00:28.879+0000] {logging_mixin.py:190} INFO - [2024-09-26T02:00:28.879+0000] {dag.py:4156} INFO - Setting next_dagrun for dag_with_catchup_backfill_v01.3 to 2024-09-25 00:00:00+00:00, run_after=2024-09-26 00:00:00+00:00
[2024-09-26T02:00:28.930+0000] {processor.py:208} INFO - Processing /opt/airflow/dags/dag_with_catchup_and_backfill.py took 0.234 seconds
[2024-09-26T02:00:59.948+0000] {processor.py:186} INFO - Started process (PID=140373) to work on /opt/airflow/dags/dag_with_catchup_and_backfill.py
[2024-09-26T02:00:59.950+0000] {processor.py:914} INFO - Processing file /opt/airflow/dags/dag_with_catchup_and_backfill.py for tasks to queue
[2024-09-26T02:00:59.952+0000] {logging_mixin.py:190} INFO - [2024-09-26T02:00:59.952+0000] {dagbag.py:587} INFO - Filling up the DagBag from /opt/airflow/dags/dag_with_catchup_and_backfill.py
[2024-09-26T02:01:00.064+0000] {processor.py:925} INFO - DAG(s) 'dag_with_catchup_backfill_v01.3' retrieved from /opt/airflow/dags/dag_with_catchup_and_backfill.py
[2024-09-26T02:01:00.113+0000] {logging_mixin.py:190} INFO - [2024-09-26T02:01:00.113+0000] {dag.py:3229} INFO - Sync 1 DAGs
[2024-09-26T02:01:00.136+0000] {logging_mixin.py:190} INFO - [2024-09-26T02:01:00.136+0000] {dag.py:4156} INFO - Setting next_dagrun for dag_with_catchup_backfill_v01.3 to 2024-09-25 00:00:00+00:00, run_after=2024-09-26 00:00:00+00:00
[2024-09-26T02:01:00.162+0000] {processor.py:208} INFO - Processing /opt/airflow/dags/dag_with_catchup_and_backfill.py took 0.219 seconds
[2024-09-26T02:01:30.894+0000] {processor.py:186} INFO - Started process (PID=140416) to work on /opt/airflow/dags/dag_with_catchup_and_backfill.py
[2024-09-26T02:01:30.897+0000] {processor.py:914} INFO - Processing file /opt/airflow/dags/dag_with_catchup_and_backfill.py for tasks to queue
[2024-09-26T02:01:30.902+0000] {logging_mixin.py:190} INFO - [2024-09-26T02:01:30.901+0000] {dagbag.py:587} INFO - Filling up the DagBag from /opt/airflow/dags/dag_with_catchup_and_backfill.py
[2024-09-26T02:01:30.999+0000] {processor.py:925} INFO - DAG(s) 'dag_with_catchup_backfill_v01.3' retrieved from /opt/airflow/dags/dag_with_catchup_and_backfill.py
[2024-09-26T02:01:31.024+0000] {logging_mixin.py:190} INFO - [2024-09-26T02:01:31.024+0000] {dag.py:3229} INFO - Sync 1 DAGs
[2024-09-26T02:01:31.045+0000] {logging_mixin.py:190} INFO - [2024-09-26T02:01:31.045+0000] {dag.py:4156} INFO - Setting next_dagrun for dag_with_catchup_backfill_v01.3 to 2024-09-25 00:00:00+00:00, run_after=2024-09-26 00:00:00+00:00
[2024-09-26T02:01:31.074+0000] {processor.py:208} INFO - Processing /opt/airflow/dags/dag_with_catchup_and_backfill.py took 0.191 seconds
[2024-09-26T02:02:01.476+0000] {processor.py:186} INFO - Started process (PID=140459) to work on /opt/airflow/dags/dag_with_catchup_and_backfill.py
[2024-09-26T02:02:01.477+0000] {processor.py:914} INFO - Processing file /opt/airflow/dags/dag_with_catchup_and_backfill.py for tasks to queue
[2024-09-26T02:02:01.479+0000] {logging_mixin.py:190} INFO - [2024-09-26T02:02:01.478+0000] {dagbag.py:587} INFO - Filling up the DagBag from /opt/airflow/dags/dag_with_catchup_and_backfill.py
[2024-09-26T02:02:01.603+0000] {processor.py:925} INFO - DAG(s) 'dag_with_catchup_backfill_v01.3' retrieved from /opt/airflow/dags/dag_with_catchup_and_backfill.py
[2024-09-26T02:02:01.639+0000] {logging_mixin.py:190} INFO - [2024-09-26T02:02:01.639+0000] {dag.py:3229} INFO - Sync 1 DAGs
[2024-09-26T02:02:01.662+0000] {logging_mixin.py:190} INFO - [2024-09-26T02:02:01.662+0000] {dag.py:4156} INFO - Setting next_dagrun for dag_with_catchup_backfill_v01.3 to 2024-09-25 00:00:00+00:00, run_after=2024-09-26 00:00:00+00:00
[2024-09-26T02:02:01.688+0000] {processor.py:208} INFO - Processing /opt/airflow/dags/dag_with_catchup_and_backfill.py took 0.223 seconds
[2024-09-26T02:02:32.136+0000] {processor.py:186} INFO - Started process (PID=140502) to work on /opt/airflow/dags/dag_with_catchup_and_backfill.py
[2024-09-26T02:02:32.138+0000] {processor.py:914} INFO - Processing file /opt/airflow/dags/dag_with_catchup_and_backfill.py for tasks to queue
[2024-09-26T02:02:32.140+0000] {logging_mixin.py:190} INFO - [2024-09-26T02:02:32.140+0000] {dagbag.py:587} INFO - Filling up the DagBag from /opt/airflow/dags/dag_with_catchup_and_backfill.py
[2024-09-26T02:02:32.247+0000] {processor.py:925} INFO - DAG(s) 'dag_with_catchup_backfill_v01.3' retrieved from /opt/airflow/dags/dag_with_catchup_and_backfill.py
[2024-09-26T02:02:32.278+0000] {logging_mixin.py:190} INFO - [2024-09-26T02:02:32.277+0000] {dag.py:3229} INFO - Sync 1 DAGs
[2024-09-26T02:02:32.301+0000] {logging_mixin.py:190} INFO - [2024-09-26T02:02:32.300+0000] {dag.py:4156} INFO - Setting next_dagrun for dag_with_catchup_backfill_v01.3 to 2024-09-25 00:00:00+00:00, run_after=2024-09-26 00:00:00+00:00
[2024-09-26T02:02:32.325+0000] {processor.py:208} INFO - Processing /opt/airflow/dags/dag_with_catchup_and_backfill.py took 0.197 seconds
[2024-09-26T02:03:02.682+0000] {processor.py:186} INFO - Started process (PID=140545) to work on /opt/airflow/dags/dag_with_catchup_and_backfill.py
[2024-09-26T02:03:02.684+0000] {processor.py:914} INFO - Processing file /opt/airflow/dags/dag_with_catchup_and_backfill.py for tasks to queue
[2024-09-26T02:03:02.686+0000] {logging_mixin.py:190} INFO - [2024-09-26T02:03:02.686+0000] {dagbag.py:587} INFO - Filling up the DagBag from /opt/airflow/dags/dag_with_catchup_and_backfill.py
[2024-09-26T02:03:02.774+0000] {processor.py:925} INFO - DAG(s) 'dag_with_catchup_backfill_v01.3' retrieved from /opt/airflow/dags/dag_with_catchup_and_backfill.py
[2024-09-26T02:03:02.800+0000] {logging_mixin.py:190} INFO - [2024-09-26T02:03:02.800+0000] {dag.py:3229} INFO - Sync 1 DAGs
[2024-09-26T02:03:02.820+0000] {logging_mixin.py:190} INFO - [2024-09-26T02:03:02.820+0000] {dag.py:4156} INFO - Setting next_dagrun for dag_with_catchup_backfill_v01.3 to 2024-09-25 00:00:00+00:00, run_after=2024-09-26 00:00:00+00:00
[2024-09-26T02:03:02.844+0000] {processor.py:208} INFO - Processing /opt/airflow/dags/dag_with_catchup_and_backfill.py took 0.168 seconds
[2024-09-26T02:03:33.645+0000] {processor.py:186} INFO - Started process (PID=140588) to work on /opt/airflow/dags/dag_with_catchup_and_backfill.py
[2024-09-26T02:03:33.647+0000] {processor.py:914} INFO - Processing file /opt/airflow/dags/dag_with_catchup_and_backfill.py for tasks to queue
[2024-09-26T02:03:33.649+0000] {logging_mixin.py:190} INFO - [2024-09-26T02:03:33.649+0000] {dagbag.py:587} INFO - Filling up the DagBag from /opt/airflow/dags/dag_with_catchup_and_backfill.py
[2024-09-26T02:03:33.751+0000] {processor.py:925} INFO - DAG(s) 'dag_with_catchup_backfill_v01.3' retrieved from /opt/airflow/dags/dag_with_catchup_and_backfill.py
[2024-09-26T02:03:33.780+0000] {logging_mixin.py:190} INFO - [2024-09-26T02:03:33.780+0000] {dag.py:3229} INFO - Sync 1 DAGs
[2024-09-26T02:03:33.802+0000] {logging_mixin.py:190} INFO - [2024-09-26T02:03:33.801+0000] {dag.py:4156} INFO - Setting next_dagrun for dag_with_catchup_backfill_v01.3 to 2024-09-25 00:00:00+00:00, run_after=2024-09-26 00:00:00+00:00
[2024-09-26T02:03:33.827+0000] {processor.py:208} INFO - Processing /opt/airflow/dags/dag_with_catchup_and_backfill.py took 0.190 seconds
[2024-09-26T02:04:04.279+0000] {processor.py:186} INFO - Started process (PID=140628) to work on /opt/airflow/dags/dag_with_catchup_and_backfill.py
[2024-09-26T02:04:04.281+0000] {processor.py:914} INFO - Processing file /opt/airflow/dags/dag_with_catchup_and_backfill.py for tasks to queue
[2024-09-26T02:04:04.282+0000] {logging_mixin.py:190} INFO - [2024-09-26T02:04:04.282+0000] {dagbag.py:587} INFO - Filling up the DagBag from /opt/airflow/dags/dag_with_catchup_and_backfill.py
[2024-09-26T02:04:04.361+0000] {processor.py:925} INFO - DAG(s) 'dag_with_catchup_backfill_v01.3' retrieved from /opt/airflow/dags/dag_with_catchup_and_backfill.py
[2024-09-26T02:04:04.383+0000] {logging_mixin.py:190} INFO - [2024-09-26T02:04:04.383+0000] {dag.py:3229} INFO - Sync 1 DAGs
[2024-09-26T02:04:04.403+0000] {logging_mixin.py:190} INFO - [2024-09-26T02:04:04.403+0000] {dag.py:4156} INFO - Setting next_dagrun for dag_with_catchup_backfill_v01.3 to 2024-09-25 00:00:00+00:00, run_after=2024-09-26 00:00:00+00:00
[2024-09-26T02:04:04.431+0000] {processor.py:208} INFO - Processing /opt/airflow/dags/dag_with_catchup_and_backfill.py took 0.158 seconds
[2024-09-26T02:04:34.902+0000] {processor.py:186} INFO - Started process (PID=140674) to work on /opt/airflow/dags/dag_with_catchup_and_backfill.py
[2024-09-26T02:04:34.904+0000] {processor.py:914} INFO - Processing file /opt/airflow/dags/dag_with_catchup_and_backfill.py for tasks to queue
[2024-09-26T02:04:34.908+0000] {logging_mixin.py:190} INFO - [2024-09-26T02:04:34.907+0000] {dagbag.py:587} INFO - Filling up the DagBag from /opt/airflow/dags/dag_with_catchup_and_backfill.py
[2024-09-26T02:04:35.009+0000] {processor.py:925} INFO - DAG(s) 'dag_with_catchup_backfill_v01.3' retrieved from /opt/airflow/dags/dag_with_catchup_and_backfill.py
[2024-09-26T02:04:35.036+0000] {logging_mixin.py:190} INFO - [2024-09-26T02:04:35.036+0000] {dag.py:3229} INFO - Sync 1 DAGs
[2024-09-26T02:04:35.058+0000] {logging_mixin.py:190} INFO - [2024-09-26T02:04:35.058+0000] {dag.py:4156} INFO - Setting next_dagrun for dag_with_catchup_backfill_v01.3 to 2024-09-25 00:00:00+00:00, run_after=2024-09-26 00:00:00+00:00
[2024-09-26T02:04:35.085+0000] {processor.py:208} INFO - Processing /opt/airflow/dags/dag_with_catchup_and_backfill.py took 0.189 seconds
[2024-09-26T02:05:05.345+0000] {processor.py:186} INFO - Started process (PID=140714) to work on /opt/airflow/dags/dag_with_catchup_and_backfill.py
[2024-09-26T02:05:05.346+0000] {processor.py:914} INFO - Processing file /opt/airflow/dags/dag_with_catchup_and_backfill.py for tasks to queue
[2024-09-26T02:05:05.348+0000] {logging_mixin.py:190} INFO - [2024-09-26T02:05:05.348+0000] {dagbag.py:587} INFO - Filling up the DagBag from /opt/airflow/dags/dag_with_catchup_and_backfill.py
[2024-09-26T02:05:05.413+0000] {processor.py:925} INFO - DAG(s) 'dag_with_catchup_backfill_v01.3' retrieved from /opt/airflow/dags/dag_with_catchup_and_backfill.py
[2024-09-26T02:05:05.438+0000] {logging_mixin.py:190} INFO - [2024-09-26T02:05:05.438+0000] {dag.py:3229} INFO - Sync 1 DAGs
[2024-09-26T02:05:05.461+0000] {logging_mixin.py:190} INFO - [2024-09-26T02:05:05.461+0000] {dag.py:4156} INFO - Setting next_dagrun for dag_with_catchup_backfill_v01.3 to 2024-09-25 00:00:00+00:00, run_after=2024-09-26 00:00:00+00:00
[2024-09-26T02:05:05.483+0000] {processor.py:208} INFO - Processing /opt/airflow/dags/dag_with_catchup_and_backfill.py took 0.145 seconds
[2024-09-26T02:05:36.757+0000] {processor.py:186} INFO - Started process (PID=140760) to work on /opt/airflow/dags/dag_with_catchup_and_backfill.py
[2024-09-26T02:05:36.759+0000] {processor.py:914} INFO - Processing file /opt/airflow/dags/dag_with_catchup_and_backfill.py for tasks to queue
[2024-09-26T02:05:36.761+0000] {logging_mixin.py:190} INFO - [2024-09-26T02:05:36.761+0000] {dagbag.py:587} INFO - Filling up the DagBag from /opt/airflow/dags/dag_with_catchup_and_backfill.py
[2024-09-26T02:05:36.861+0000] {processor.py:925} INFO - DAG(s) 'dag_with_catchup_backfill_v01.3' retrieved from /opt/airflow/dags/dag_with_catchup_and_backfill.py
[2024-09-26T02:05:36.898+0000] {logging_mixin.py:190} INFO - [2024-09-26T02:05:36.898+0000] {dag.py:3229} INFO - Sync 1 DAGs
[2024-09-26T02:05:36.919+0000] {logging_mixin.py:190} INFO - [2024-09-26T02:05:36.919+0000] {dag.py:4156} INFO - Setting next_dagrun for dag_with_catchup_backfill_v01.3 to 2024-09-25 00:00:00+00:00, run_after=2024-09-26 00:00:00+00:00
[2024-09-26T02:05:36.948+0000] {processor.py:208} INFO - Processing /opt/airflow/dags/dag_with_catchup_and_backfill.py took 0.196 seconds
[2024-09-26T02:06:07.608+0000] {processor.py:186} INFO - Started process (PID=140803) to work on /opt/airflow/dags/dag_with_catchup_and_backfill.py
[2024-09-26T02:06:07.611+0000] {processor.py:914} INFO - Processing file /opt/airflow/dags/dag_with_catchup_and_backfill.py for tasks to queue
[2024-09-26T02:06:07.613+0000] {logging_mixin.py:190} INFO - [2024-09-26T02:06:07.613+0000] {dagbag.py:587} INFO - Filling up the DagBag from /opt/airflow/dags/dag_with_catchup_and_backfill.py
[2024-09-26T02:06:07.698+0000] {processor.py:925} INFO - DAG(s) 'dag_with_catchup_backfill_v01.3' retrieved from /opt/airflow/dags/dag_with_catchup_and_backfill.py
[2024-09-26T02:06:07.723+0000] {logging_mixin.py:190} INFO - [2024-09-26T02:06:07.723+0000] {dag.py:3229} INFO - Sync 1 DAGs
[2024-09-26T02:06:07.750+0000] {logging_mixin.py:190} INFO - [2024-09-26T02:06:07.750+0000] {dag.py:4156} INFO - Setting next_dagrun for dag_with_catchup_backfill_v01.3 to 2024-09-25 00:00:00+00:00, run_after=2024-09-26 00:00:00+00:00
[2024-09-26T02:06:07.776+0000] {processor.py:208} INFO - Processing /opt/airflow/dags/dag_with_catchup_and_backfill.py took 0.174 seconds
[2024-09-26T02:06:38.242+0000] {processor.py:186} INFO - Started process (PID=140843) to work on /opt/airflow/dags/dag_with_catchup_and_backfill.py
[2024-09-26T02:06:38.245+0000] {processor.py:914} INFO - Processing file /opt/airflow/dags/dag_with_catchup_and_backfill.py for tasks to queue
[2024-09-26T02:06:38.249+0000] {logging_mixin.py:190} INFO - [2024-09-26T02:06:38.248+0000] {dagbag.py:587} INFO - Filling up the DagBag from /opt/airflow/dags/dag_with_catchup_and_backfill.py
[2024-09-26T02:06:38.347+0000] {processor.py:925} INFO - DAG(s) 'dag_with_catchup_backfill_v01.3' retrieved from /opt/airflow/dags/dag_with_catchup_and_backfill.py
[2024-09-26T02:06:38.378+0000] {logging_mixin.py:190} INFO - [2024-09-26T02:06:38.378+0000] {dag.py:3229} INFO - Sync 1 DAGs
[2024-09-26T02:06:38.401+0000] {logging_mixin.py:190} INFO - [2024-09-26T02:06:38.401+0000] {dag.py:4156} INFO - Setting next_dagrun for dag_with_catchup_backfill_v01.3 to 2024-09-25 00:00:00+00:00, run_after=2024-09-26 00:00:00+00:00
[2024-09-26T02:06:38.427+0000] {processor.py:208} INFO - Processing /opt/airflow/dags/dag_with_catchup_and_backfill.py took 0.200 seconds
[2024-09-26T02:07:08.880+0000] {processor.py:186} INFO - Started process (PID=140886) to work on /opt/airflow/dags/dag_with_catchup_and_backfill.py
[2024-09-26T02:07:08.884+0000] {processor.py:914} INFO - Processing file /opt/airflow/dags/dag_with_catchup_and_backfill.py for tasks to queue
[2024-09-26T02:07:08.888+0000] {logging_mixin.py:190} INFO - [2024-09-26T02:07:08.887+0000] {dagbag.py:587} INFO - Filling up the DagBag from /opt/airflow/dags/dag_with_catchup_and_backfill.py
[2024-09-26T02:07:09.028+0000] {processor.py:925} INFO - DAG(s) 'dag_with_catchup_backfill_v01.3' retrieved from /opt/airflow/dags/dag_with_catchup_and_backfill.py
[2024-09-26T02:07:09.104+0000] {logging_mixin.py:190} INFO - [2024-09-26T02:07:09.104+0000] {dag.py:3229} INFO - Sync 1 DAGs
[2024-09-26T02:07:09.141+0000] {logging_mixin.py:190} INFO - [2024-09-26T02:07:09.141+0000] {dag.py:4156} INFO - Setting next_dagrun for dag_with_catchup_backfill_v01.3 to 2024-09-25 00:00:00+00:00, run_after=2024-09-26 00:00:00+00:00
[2024-09-26T02:07:09.181+0000] {processor.py:208} INFO - Processing /opt/airflow/dags/dag_with_catchup_and_backfill.py took 0.320 seconds
[2024-09-26T02:07:39.492+0000] {processor.py:186} INFO - Started process (PID=140929) to work on /opt/airflow/dags/dag_with_catchup_and_backfill.py
[2024-09-26T02:07:39.493+0000] {processor.py:914} INFO - Processing file /opt/airflow/dags/dag_with_catchup_and_backfill.py for tasks to queue
[2024-09-26T02:07:39.496+0000] {logging_mixin.py:190} INFO - [2024-09-26T02:07:39.495+0000] {dagbag.py:587} INFO - Filling up the DagBag from /opt/airflow/dags/dag_with_catchup_and_backfill.py
[2024-09-26T02:07:39.584+0000] {processor.py:925} INFO - DAG(s) 'dag_with_catchup_backfill_v01.3' retrieved from /opt/airflow/dags/dag_with_catchup_and_backfill.py
[2024-09-26T02:07:39.612+0000] {logging_mixin.py:190} INFO - [2024-09-26T02:07:39.611+0000] {dag.py:3229} INFO - Sync 1 DAGs
[2024-09-26T02:07:39.636+0000] {logging_mixin.py:190} INFO - [2024-09-26T02:07:39.636+0000] {dag.py:4156} INFO - Setting next_dagrun for dag_with_catchup_backfill_v01.3 to 2024-09-25 00:00:00+00:00, run_after=2024-09-26 00:00:00+00:00
[2024-09-26T02:07:39.675+0000] {processor.py:208} INFO - Processing /opt/airflow/dags/dag_with_catchup_and_backfill.py took 0.191 seconds
[2024-09-26T02:08:10.279+0000] {processor.py:186} INFO - Started process (PID=140972) to work on /opt/airflow/dags/dag_with_catchup_and_backfill.py
[2024-09-26T02:08:10.280+0000] {processor.py:914} INFO - Processing file /opt/airflow/dags/dag_with_catchup_and_backfill.py for tasks to queue
[2024-09-26T02:08:10.283+0000] {logging_mixin.py:190} INFO - [2024-09-26T02:08:10.282+0000] {dagbag.py:587} INFO - Filling up the DagBag from /opt/airflow/dags/dag_with_catchup_and_backfill.py
[2024-09-26T02:08:10.406+0000] {processor.py:925} INFO - DAG(s) 'dag_with_catchup_backfill_v01.3' retrieved from /opt/airflow/dags/dag_with_catchup_and_backfill.py
[2024-09-26T02:08:10.434+0000] {logging_mixin.py:190} INFO - [2024-09-26T02:08:10.434+0000] {dag.py:3229} INFO - Sync 1 DAGs
[2024-09-26T02:08:10.456+0000] {logging_mixin.py:190} INFO - [2024-09-26T02:08:10.456+0000] {dag.py:4156} INFO - Setting next_dagrun for dag_with_catchup_backfill_v01.3 to 2024-09-25 00:00:00+00:00, run_after=2024-09-26 00:00:00+00:00
[2024-09-26T02:08:10.482+0000] {processor.py:208} INFO - Processing /opt/airflow/dags/dag_with_catchup_and_backfill.py took 0.209 seconds
[2024-09-26T02:08:40.763+0000] {processor.py:186} INFO - Started process (PID=141015) to work on /opt/airflow/dags/dag_with_catchup_and_backfill.py
[2024-09-26T02:08:40.765+0000] {processor.py:914} INFO - Processing file /opt/airflow/dags/dag_with_catchup_and_backfill.py for tasks to queue
[2024-09-26T02:08:40.767+0000] {logging_mixin.py:190} INFO - [2024-09-26T02:08:40.767+0000] {dagbag.py:587} INFO - Filling up the DagBag from /opt/airflow/dags/dag_with_catchup_and_backfill.py
[2024-09-26T02:08:40.869+0000] {processor.py:925} INFO - DAG(s) 'dag_with_catchup_backfill_v01.3' retrieved from /opt/airflow/dags/dag_with_catchup_and_backfill.py
[2024-09-26T02:08:40.901+0000] {logging_mixin.py:190} INFO - [2024-09-26T02:08:40.901+0000] {dag.py:3229} INFO - Sync 1 DAGs
[2024-09-26T02:08:40.926+0000] {logging_mixin.py:190} INFO - [2024-09-26T02:08:40.926+0000] {dag.py:4156} INFO - Setting next_dagrun for dag_with_catchup_backfill_v01.3 to 2024-09-25 00:00:00+00:00, run_after=2024-09-26 00:00:00+00:00
[2024-09-26T02:08:40.960+0000] {processor.py:208} INFO - Processing /opt/airflow/dags/dag_with_catchup_and_backfill.py took 0.203 seconds
[2024-09-26T02:09:11.933+0000] {processor.py:186} INFO - Started process (PID=141058) to work on /opt/airflow/dags/dag_with_catchup_and_backfill.py
[2024-09-26T02:09:11.934+0000] {processor.py:914} INFO - Processing file /opt/airflow/dags/dag_with_catchup_and_backfill.py for tasks to queue
[2024-09-26T02:09:11.937+0000] {logging_mixin.py:190} INFO - [2024-09-26T02:09:11.936+0000] {dagbag.py:587} INFO - Filling up the DagBag from /opt/airflow/dags/dag_with_catchup_and_backfill.py
[2024-09-26T02:09:12.029+0000] {processor.py:925} INFO - DAG(s) 'dag_with_catchup_backfill_v01.3' retrieved from /opt/airflow/dags/dag_with_catchup_and_backfill.py
[2024-09-26T02:09:12.058+0000] {logging_mixin.py:190} INFO - [2024-09-26T02:09:12.058+0000] {dag.py:3229} INFO - Sync 1 DAGs
[2024-09-26T02:09:12.084+0000] {logging_mixin.py:190} INFO - [2024-09-26T02:09:12.084+0000] {dag.py:4156} INFO - Setting next_dagrun for dag_with_catchup_backfill_v01.3 to 2024-09-25 00:00:00+00:00, run_after=2024-09-26 00:00:00+00:00
[2024-09-26T02:09:12.113+0000] {processor.py:208} INFO - Processing /opt/airflow/dags/dag_with_catchup_and_backfill.py took 0.190 seconds
[2024-09-26T02:09:42.560+0000] {processor.py:186} INFO - Started process (PID=141101) to work on /opt/airflow/dags/dag_with_catchup_and_backfill.py
[2024-09-26T02:09:42.561+0000] {processor.py:914} INFO - Processing file /opt/airflow/dags/dag_with_catchup_and_backfill.py for tasks to queue
[2024-09-26T02:09:42.564+0000] {logging_mixin.py:190} INFO - [2024-09-26T02:09:42.564+0000] {dagbag.py:587} INFO - Filling up the DagBag from /opt/airflow/dags/dag_with_catchup_and_backfill.py
[2024-09-26T02:09:42.669+0000] {processor.py:925} INFO - DAG(s) 'dag_with_catchup_backfill_v01.3' retrieved from /opt/airflow/dags/dag_with_catchup_and_backfill.py
[2024-09-26T02:09:42.695+0000] {logging_mixin.py:190} INFO - [2024-09-26T02:09:42.695+0000] {dag.py:3229} INFO - Sync 1 DAGs
[2024-09-26T02:09:42.718+0000] {logging_mixin.py:190} INFO - [2024-09-26T02:09:42.718+0000] {dag.py:4156} INFO - Setting next_dagrun for dag_with_catchup_backfill_v01.3 to 2024-09-25 00:00:00+00:00, run_after=2024-09-26 00:00:00+00:00
[2024-09-26T02:09:42.747+0000] {processor.py:208} INFO - Processing /opt/airflow/dags/dag_with_catchup_and_backfill.py took 0.192 seconds
[2024-09-26T02:10:13.212+0000] {processor.py:186} INFO - Started process (PID=141144) to work on /opt/airflow/dags/dag_with_catchup_and_backfill.py
[2024-09-26T02:10:13.216+0000] {processor.py:914} INFO - Processing file /opt/airflow/dags/dag_with_catchup_and_backfill.py for tasks to queue
[2024-09-26T02:10:13.220+0000] {logging_mixin.py:190} INFO - [2024-09-26T02:10:13.219+0000] {dagbag.py:587} INFO - Filling up the DagBag from /opt/airflow/dags/dag_with_catchup_and_backfill.py
[2024-09-26T02:10:13.330+0000] {processor.py:925} INFO - DAG(s) 'dag_with_catchup_backfill_v01.3' retrieved from /opt/airflow/dags/dag_with_catchup_and_backfill.py
[2024-09-26T02:10:13.351+0000] {logging_mixin.py:190} INFO - [2024-09-26T02:10:13.351+0000] {dag.py:3229} INFO - Sync 1 DAGs
[2024-09-26T02:10:13.374+0000] {logging_mixin.py:190} INFO - [2024-09-26T02:10:13.374+0000] {dag.py:4156} INFO - Setting next_dagrun for dag_with_catchup_backfill_v01.3 to 2024-09-25 00:00:00+00:00, run_after=2024-09-26 00:00:00+00:00
[2024-09-26T02:10:13.407+0000] {processor.py:208} INFO - Processing /opt/airflow/dags/dag_with_catchup_and_backfill.py took 0.205 seconds
[2024-09-26T02:10:43.829+0000] {processor.py:186} INFO - Started process (PID=141187) to work on /opt/airflow/dags/dag_with_catchup_and_backfill.py
[2024-09-26T02:10:43.831+0000] {processor.py:914} INFO - Processing file /opt/airflow/dags/dag_with_catchup_and_backfill.py for tasks to queue
[2024-09-26T02:10:43.834+0000] {logging_mixin.py:190} INFO - [2024-09-26T02:10:43.834+0000] {dagbag.py:587} INFO - Filling up the DagBag from /opt/airflow/dags/dag_with_catchup_and_backfill.py
[2024-09-26T02:10:43.956+0000] {processor.py:925} INFO - DAG(s) 'dag_with_catchup_backfill_v01.3' retrieved from /opt/airflow/dags/dag_with_catchup_and_backfill.py
[2024-09-26T02:10:43.982+0000] {logging_mixin.py:190} INFO - [2024-09-26T02:10:43.982+0000] {dag.py:3229} INFO - Sync 1 DAGs
[2024-09-26T02:10:44.003+0000] {logging_mixin.py:190} INFO - [2024-09-26T02:10:44.003+0000] {dag.py:4156} INFO - Setting next_dagrun for dag_with_catchup_backfill_v01.3 to 2024-09-25 00:00:00+00:00, run_after=2024-09-26 00:00:00+00:00
[2024-09-26T02:10:44.028+0000] {processor.py:208} INFO - Processing /opt/airflow/dags/dag_with_catchup_and_backfill.py took 0.207 seconds
[2024-09-26T02:11:14.261+0000] {processor.py:186} INFO - Started process (PID=141230) to work on /opt/airflow/dags/dag_with_catchup_and_backfill.py
[2024-09-26T02:11:14.262+0000] {processor.py:914} INFO - Processing file /opt/airflow/dags/dag_with_catchup_and_backfill.py for tasks to queue
[2024-09-26T02:11:14.264+0000] {logging_mixin.py:190} INFO - [2024-09-26T02:11:14.264+0000] {dagbag.py:587} INFO - Filling up the DagBag from /opt/airflow/dags/dag_with_catchup_and_backfill.py
[2024-09-26T02:11:14.381+0000] {processor.py:925} INFO - DAG(s) 'dag_with_catchup_backfill_v01.3' retrieved from /opt/airflow/dags/dag_with_catchup_and_backfill.py
[2024-09-26T02:11:14.404+0000] {logging_mixin.py:190} INFO - [2024-09-26T02:11:14.404+0000] {dag.py:3229} INFO - Sync 1 DAGs
[2024-09-26T02:11:14.427+0000] {logging_mixin.py:190} INFO - [2024-09-26T02:11:14.426+0000] {dag.py:4156} INFO - Setting next_dagrun for dag_with_catchup_backfill_v01.3 to 2024-09-25 00:00:00+00:00, run_after=2024-09-26 00:00:00+00:00
[2024-09-26T02:11:14.458+0000] {processor.py:208} INFO - Processing /opt/airflow/dags/dag_with_catchup_and_backfill.py took 0.206 seconds
[2024-09-26T02:11:45.068+0000] {processor.py:186} INFO - Started process (PID=141273) to work on /opt/airflow/dags/dag_with_catchup_and_backfill.py
[2024-09-26T02:11:45.069+0000] {processor.py:914} INFO - Processing file /opt/airflow/dags/dag_with_catchup_and_backfill.py for tasks to queue
[2024-09-26T02:11:45.071+0000] {logging_mixin.py:190} INFO - [2024-09-26T02:11:45.071+0000] {dagbag.py:587} INFO - Filling up the DagBag from /opt/airflow/dags/dag_with_catchup_and_backfill.py
[2024-09-26T02:11:45.182+0000] {processor.py:925} INFO - DAG(s) 'dag_with_catchup_backfill_v01.3' retrieved from /opt/airflow/dags/dag_with_catchup_and_backfill.py
[2024-09-26T02:11:45.206+0000] {logging_mixin.py:190} INFO - [2024-09-26T02:11:45.206+0000] {dag.py:3229} INFO - Sync 1 DAGs
[2024-09-26T02:11:45.230+0000] {logging_mixin.py:190} INFO - [2024-09-26T02:11:45.230+0000] {dag.py:4156} INFO - Setting next_dagrun for dag_with_catchup_backfill_v01.3 to 2024-09-25 00:00:00+00:00, run_after=2024-09-26 00:00:00+00:00
[2024-09-26T02:11:45.260+0000] {processor.py:208} INFO - Processing /opt/airflow/dags/dag_with_catchup_and_backfill.py took 0.199 seconds
[2024-09-26T02:12:15.674+0000] {processor.py:186} INFO - Started process (PID=141316) to work on /opt/airflow/dags/dag_with_catchup_and_backfill.py
[2024-09-26T02:12:15.676+0000] {processor.py:914} INFO - Processing file /opt/airflow/dags/dag_with_catchup_and_backfill.py for tasks to queue
[2024-09-26T02:12:15.678+0000] {logging_mixin.py:190} INFO - [2024-09-26T02:12:15.677+0000] {dagbag.py:587} INFO - Filling up the DagBag from /opt/airflow/dags/dag_with_catchup_and_backfill.py
[2024-09-26T02:12:15.797+0000] {processor.py:925} INFO - DAG(s) 'dag_with_catchup_backfill_v01.3' retrieved from /opt/airflow/dags/dag_with_catchup_and_backfill.py
[2024-09-26T02:12:15.822+0000] {logging_mixin.py:190} INFO - [2024-09-26T02:12:15.821+0000] {dag.py:3229} INFO - Sync 1 DAGs
[2024-09-26T02:12:15.843+0000] {logging_mixin.py:190} INFO - [2024-09-26T02:12:15.843+0000] {dag.py:4156} INFO - Setting next_dagrun for dag_with_catchup_backfill_v01.3 to 2024-09-25 00:00:00+00:00, run_after=2024-09-26 00:00:00+00:00
[2024-09-26T02:12:15.870+0000] {processor.py:208} INFO - Processing /opt/airflow/dags/dag_with_catchup_and_backfill.py took 0.202 seconds
[2024-09-26T02:12:46.173+0000] {processor.py:186} INFO - Started process (PID=141359) to work on /opt/airflow/dags/dag_with_catchup_and_backfill.py
[2024-09-26T02:12:46.175+0000] {processor.py:914} INFO - Processing file /opt/airflow/dags/dag_with_catchup_and_backfill.py for tasks to queue
[2024-09-26T02:12:46.177+0000] {logging_mixin.py:190} INFO - [2024-09-26T02:12:46.176+0000] {dagbag.py:587} INFO - Filling up the DagBag from /opt/airflow/dags/dag_with_catchup_and_backfill.py
[2024-09-26T02:12:46.260+0000] {processor.py:925} INFO - DAG(s) 'dag_with_catchup_backfill_v01.3' retrieved from /opt/airflow/dags/dag_with_catchup_and_backfill.py
[2024-09-26T02:12:46.290+0000] {logging_mixin.py:190} INFO - [2024-09-26T02:12:46.290+0000] {dag.py:3229} INFO - Sync 1 DAGs
[2024-09-26T02:12:46.329+0000] {logging_mixin.py:190} INFO - [2024-09-26T02:12:46.329+0000] {dag.py:4156} INFO - Setting next_dagrun for dag_with_catchup_backfill_v01.3 to 2024-09-25 00:00:00+00:00, run_after=2024-09-26 00:00:00+00:00
[2024-09-26T02:12:46.367+0000] {processor.py:208} INFO - Processing /opt/airflow/dags/dag_with_catchup_and_backfill.py took 0.201 seconds
[2024-09-26T02:13:16.632+0000] {processor.py:186} INFO - Started process (PID=141402) to work on /opt/airflow/dags/dag_with_catchup_and_backfill.py
[2024-09-26T02:13:16.634+0000] {processor.py:914} INFO - Processing file /opt/airflow/dags/dag_with_catchup_and_backfill.py for tasks to queue
[2024-09-26T02:13:16.635+0000] {logging_mixin.py:190} INFO - [2024-09-26T02:13:16.635+0000] {dagbag.py:587} INFO - Filling up the DagBag from /opt/airflow/dags/dag_with_catchup_and_backfill.py
[2024-09-26T02:13:16.748+0000] {processor.py:925} INFO - DAG(s) 'dag_with_catchup_backfill_v01.3' retrieved from /opt/airflow/dags/dag_with_catchup_and_backfill.py
[2024-09-26T02:13:16.770+0000] {logging_mixin.py:190} INFO - [2024-09-26T02:13:16.770+0000] {dag.py:3229} INFO - Sync 1 DAGs
[2024-09-26T02:13:16.791+0000] {logging_mixin.py:190} INFO - [2024-09-26T02:13:16.791+0000] {dag.py:4156} INFO - Setting next_dagrun for dag_with_catchup_backfill_v01.3 to 2024-09-25 00:00:00+00:00, run_after=2024-09-26 00:00:00+00:00
[2024-09-26T02:13:16.820+0000] {processor.py:208} INFO - Processing /opt/airflow/dags/dag_with_catchup_and_backfill.py took 0.194 seconds
[2024-09-26T02:13:47.022+0000] {processor.py:186} INFO - Started process (PID=141445) to work on /opt/airflow/dags/dag_with_catchup_and_backfill.py
[2024-09-26T02:13:47.024+0000] {processor.py:914} INFO - Processing file /opt/airflow/dags/dag_with_catchup_and_backfill.py for tasks to queue
[2024-09-26T02:13:47.027+0000] {logging_mixin.py:190} INFO - [2024-09-26T02:13:47.027+0000] {dagbag.py:587} INFO - Filling up the DagBag from /opt/airflow/dags/dag_with_catchup_and_backfill.py
[2024-09-26T02:13:47.122+0000] {processor.py:925} INFO - DAG(s) 'dag_with_catchup_backfill_v01.3' retrieved from /opt/airflow/dags/dag_with_catchup_and_backfill.py
[2024-09-26T02:13:47.144+0000] {logging_mixin.py:190} INFO - [2024-09-26T02:13:47.143+0000] {dag.py:3229} INFO - Sync 1 DAGs
[2024-09-26T02:13:47.170+0000] {logging_mixin.py:190} INFO - [2024-09-26T02:13:47.170+0000] {dag.py:4156} INFO - Setting next_dagrun for dag_with_catchup_backfill_v01.3 to 2024-09-25 00:00:00+00:00, run_after=2024-09-26 00:00:00+00:00
[2024-09-26T02:13:47.202+0000] {processor.py:208} INFO - Processing /opt/airflow/dags/dag_with_catchup_and_backfill.py took 0.187 seconds
[2024-09-26T02:14:17.502+0000] {processor.py:186} INFO - Started process (PID=141488) to work on /opt/airflow/dags/dag_with_catchup_and_backfill.py
[2024-09-26T02:14:17.504+0000] {processor.py:914} INFO - Processing file /opt/airflow/dags/dag_with_catchup_and_backfill.py for tasks to queue
[2024-09-26T02:14:17.507+0000] {logging_mixin.py:190} INFO - [2024-09-26T02:14:17.506+0000] {dagbag.py:587} INFO - Filling up the DagBag from /opt/airflow/dags/dag_with_catchup_and_backfill.py
[2024-09-26T02:14:17.585+0000] {processor.py:925} INFO - DAG(s) 'dag_with_catchup_backfill_v01.3' retrieved from /opt/airflow/dags/dag_with_catchup_and_backfill.py
[2024-09-26T02:14:17.610+0000] {logging_mixin.py:190} INFO - [2024-09-26T02:14:17.609+0000] {dag.py:3229} INFO - Sync 1 DAGs
[2024-09-26T02:14:17.634+0000] {logging_mixin.py:190} INFO - [2024-09-26T02:14:17.634+0000] {dag.py:4156} INFO - Setting next_dagrun for dag_with_catchup_backfill_v01.3 to 2024-09-25 00:00:00+00:00, run_after=2024-09-26 00:00:00+00:00
[2024-09-26T02:14:17.658+0000] {processor.py:208} INFO - Processing /opt/airflow/dags/dag_with_catchup_and_backfill.py took 0.162 seconds
[2024-09-26T02:14:48.194+0000] {processor.py:186} INFO - Started process (PID=141531) to work on /opt/airflow/dags/dag_with_catchup_and_backfill.py
[2024-09-26T02:14:48.195+0000] {processor.py:914} INFO - Processing file /opt/airflow/dags/dag_with_catchup_and_backfill.py for tasks to queue
[2024-09-26T02:14:48.197+0000] {logging_mixin.py:190} INFO - [2024-09-26T02:14:48.197+0000] {dagbag.py:587} INFO - Filling up the DagBag from /opt/airflow/dags/dag_with_catchup_and_backfill.py
[2024-09-26T02:14:48.265+0000] {processor.py:925} INFO - DAG(s) 'dag_with_catchup_backfill_v01.3' retrieved from /opt/airflow/dags/dag_with_catchup_and_backfill.py
[2024-09-26T02:14:48.304+0000] {logging_mixin.py:190} INFO - [2024-09-26T02:14:48.304+0000] {dag.py:3229} INFO - Sync 1 DAGs
[2024-09-26T02:14:48.338+0000] {logging_mixin.py:190} INFO - [2024-09-26T02:14:48.338+0000] {dag.py:4156} INFO - Setting next_dagrun for dag_with_catchup_backfill_v01.3 to 2024-09-25 00:00:00+00:00, run_after=2024-09-26 00:00:00+00:00
[2024-09-26T02:14:48.370+0000] {processor.py:208} INFO - Processing /opt/airflow/dags/dag_with_catchup_and_backfill.py took 0.187 seconds
[2024-09-26T02:15:18.913+0000] {processor.py:186} INFO - Started process (PID=141574) to work on /opt/airflow/dags/dag_with_catchup_and_backfill.py
[2024-09-26T02:15:18.916+0000] {processor.py:914} INFO - Processing file /opt/airflow/dags/dag_with_catchup_and_backfill.py for tasks to queue
[2024-09-26T02:15:18.918+0000] {logging_mixin.py:190} INFO - [2024-09-26T02:15:18.918+0000] {dagbag.py:587} INFO - Filling up the DagBag from /opt/airflow/dags/dag_with_catchup_and_backfill.py
[2024-09-26T02:15:19.003+0000] {processor.py:925} INFO - DAG(s) 'dag_with_catchup_backfill_v01.3' retrieved from /opt/airflow/dags/dag_with_catchup_and_backfill.py
[2024-09-26T02:15:19.035+0000] {logging_mixin.py:190} INFO - [2024-09-26T02:15:19.035+0000] {dag.py:3229} INFO - Sync 1 DAGs
[2024-09-26T02:15:19.063+0000] {logging_mixin.py:190} INFO - [2024-09-26T02:15:19.062+0000] {dag.py:4156} INFO - Setting next_dagrun for dag_with_catchup_backfill_v01.3 to 2024-09-25 00:00:00+00:00, run_after=2024-09-26 00:00:00+00:00
[2024-09-26T02:15:19.091+0000] {processor.py:208} INFO - Processing /opt/airflow/dags/dag_with_catchup_and_backfill.py took 0.188 seconds
[2024-09-26T02:15:49.630+0000] {processor.py:186} INFO - Started process (PID=141617) to work on /opt/airflow/dags/dag_with_catchup_and_backfill.py
[2024-09-26T02:15:49.632+0000] {processor.py:914} INFO - Processing file /opt/airflow/dags/dag_with_catchup_and_backfill.py for tasks to queue
[2024-09-26T02:15:49.634+0000] {logging_mixin.py:190} INFO - [2024-09-26T02:15:49.634+0000] {dagbag.py:587} INFO - Filling up the DagBag from /opt/airflow/dags/dag_with_catchup_and_backfill.py
[2024-09-26T02:15:49.761+0000] {processor.py:925} INFO - DAG(s) 'dag_with_catchup_backfill_v01.3' retrieved from /opt/airflow/dags/dag_with_catchup_and_backfill.py
[2024-09-26T02:15:49.788+0000] {logging_mixin.py:190} INFO - [2024-09-26T02:15:49.788+0000] {dag.py:3229} INFO - Sync 1 DAGs
[2024-09-26T02:15:49.813+0000] {logging_mixin.py:190} INFO - [2024-09-26T02:15:49.813+0000] {dag.py:4156} INFO - Setting next_dagrun for dag_with_catchup_backfill_v01.3 to 2024-09-25 00:00:00+00:00, run_after=2024-09-26 00:00:00+00:00
[2024-09-26T02:15:49.849+0000] {processor.py:208} INFO - Processing /opt/airflow/dags/dag_with_catchup_and_backfill.py took 0.227 seconds
[2024-09-26T02:16:20.145+0000] {processor.py:186} INFO - Started process (PID=141660) to work on /opt/airflow/dags/dag_with_catchup_and_backfill.py
[2024-09-26T02:16:20.147+0000] {processor.py:914} INFO - Processing file /opt/airflow/dags/dag_with_catchup_and_backfill.py for tasks to queue
[2024-09-26T02:16:20.151+0000] {logging_mixin.py:190} INFO - [2024-09-26T02:16:20.150+0000] {dagbag.py:587} INFO - Filling up the DagBag from /opt/airflow/dags/dag_with_catchup_and_backfill.py
[2024-09-26T02:16:20.258+0000] {processor.py:925} INFO - DAG(s) 'dag_with_catchup_backfill_v01.3' retrieved from /opt/airflow/dags/dag_with_catchup_and_backfill.py
[2024-09-26T02:16:20.291+0000] {logging_mixin.py:190} INFO - [2024-09-26T02:16:20.290+0000] {dag.py:3229} INFO - Sync 1 DAGs
[2024-09-26T02:16:20.317+0000] {logging_mixin.py:190} INFO - [2024-09-26T02:16:20.317+0000] {dag.py:4156} INFO - Setting next_dagrun for dag_with_catchup_backfill_v01.3 to 2024-09-25 00:00:00+00:00, run_after=2024-09-26 00:00:00+00:00
[2024-09-26T02:16:20.345+0000] {processor.py:208} INFO - Processing /opt/airflow/dags/dag_with_catchup_and_backfill.py took 0.211 seconds
[2024-09-26T02:16:50.695+0000] {processor.py:186} INFO - Started process (PID=141703) to work on /opt/airflow/dags/dag_with_catchup_and_backfill.py
[2024-09-26T02:16:50.697+0000] {processor.py:914} INFO - Processing file /opt/airflow/dags/dag_with_catchup_and_backfill.py for tasks to queue
[2024-09-26T02:16:50.700+0000] {logging_mixin.py:190} INFO - [2024-09-26T02:16:50.699+0000] {dagbag.py:587} INFO - Filling up the DagBag from /opt/airflow/dags/dag_with_catchup_and_backfill.py
[2024-09-26T02:16:50.813+0000] {processor.py:925} INFO - DAG(s) 'dag_with_catchup_backfill_v01.3' retrieved from /opt/airflow/dags/dag_with_catchup_and_backfill.py
[2024-09-26T02:16:50.843+0000] {logging_mixin.py:190} INFO - [2024-09-26T02:16:50.842+0000] {dag.py:3229} INFO - Sync 1 DAGs
[2024-09-26T02:16:50.865+0000] {logging_mixin.py:190} INFO - [2024-09-26T02:16:50.865+0000] {dag.py:4156} INFO - Setting next_dagrun for dag_with_catchup_backfill_v01.3 to 2024-09-25 00:00:00+00:00, run_after=2024-09-26 00:00:00+00:00
[2024-09-26T02:16:50.898+0000] {processor.py:208} INFO - Processing /opt/airflow/dags/dag_with_catchup_and_backfill.py took 0.214 seconds
[2024-09-26T02:17:21.126+0000] {processor.py:186} INFO - Started process (PID=141746) to work on /opt/airflow/dags/dag_with_catchup_and_backfill.py
[2024-09-26T02:17:21.128+0000] {processor.py:914} INFO - Processing file /opt/airflow/dags/dag_with_catchup_and_backfill.py for tasks to queue
[2024-09-26T02:17:21.131+0000] {logging_mixin.py:190} INFO - [2024-09-26T02:17:21.130+0000] {dagbag.py:587} INFO - Filling up the DagBag from /opt/airflow/dags/dag_with_catchup_and_backfill.py
[2024-09-26T02:17:21.225+0000] {processor.py:925} INFO - DAG(s) 'dag_with_catchup_backfill_v01.3' retrieved from /opt/airflow/dags/dag_with_catchup_and_backfill.py
[2024-09-26T02:17:21.256+0000] {logging_mixin.py:190} INFO - [2024-09-26T02:17:21.256+0000] {dag.py:3229} INFO - Sync 1 DAGs
[2024-09-26T02:17:21.281+0000] {logging_mixin.py:190} INFO - [2024-09-26T02:17:21.281+0000] {dag.py:4156} INFO - Setting next_dagrun for dag_with_catchup_backfill_v01.3 to 2024-09-25 00:00:00+00:00, run_after=2024-09-26 00:00:00+00:00
[2024-09-26T02:17:21.306+0000] {processor.py:208} INFO - Processing /opt/airflow/dags/dag_with_catchup_and_backfill.py took 0.186 seconds
[2024-09-26T02:17:51.634+0000] {processor.py:186} INFO - Started process (PID=141789) to work on /opt/airflow/dags/dag_with_catchup_and_backfill.py
[2024-09-26T02:17:51.635+0000] {processor.py:914} INFO - Processing file /opt/airflow/dags/dag_with_catchup_and_backfill.py for tasks to queue
[2024-09-26T02:17:51.637+0000] {logging_mixin.py:190} INFO - [2024-09-26T02:17:51.637+0000] {dagbag.py:587} INFO - Filling up the DagBag from /opt/airflow/dags/dag_with_catchup_and_backfill.py
[2024-09-26T02:17:51.726+0000] {processor.py:925} INFO - DAG(s) 'dag_with_catchup_backfill_v01.3' retrieved from /opt/airflow/dags/dag_with_catchup_and_backfill.py
[2024-09-26T02:17:51.774+0000] {logging_mixin.py:190} INFO - [2024-09-26T02:17:51.773+0000] {dag.py:3229} INFO - Sync 1 DAGs
[2024-09-26T02:17:51.799+0000] {logging_mixin.py:190} INFO - [2024-09-26T02:17:51.799+0000] {dag.py:4156} INFO - Setting next_dagrun for dag_with_catchup_backfill_v01.3 to 2024-09-25 00:00:00+00:00, run_after=2024-09-26 00:00:00+00:00
[2024-09-26T02:17:51.828+0000] {processor.py:208} INFO - Processing /opt/airflow/dags/dag_with_catchup_and_backfill.py took 0.201 seconds
[2024-09-26T02:18:22.099+0000] {processor.py:186} INFO - Started process (PID=141832) to work on /opt/airflow/dags/dag_with_catchup_and_backfill.py
[2024-09-26T02:18:22.102+0000] {processor.py:914} INFO - Processing file /opt/airflow/dags/dag_with_catchup_and_backfill.py for tasks to queue
[2024-09-26T02:18:22.104+0000] {logging_mixin.py:190} INFO - [2024-09-26T02:18:22.104+0000] {dagbag.py:587} INFO - Filling up the DagBag from /opt/airflow/dags/dag_with_catchup_and_backfill.py
[2024-09-26T02:18:22.206+0000] {processor.py:925} INFO - DAG(s) 'dag_with_catchup_backfill_v01.3' retrieved from /opt/airflow/dags/dag_with_catchup_and_backfill.py
[2024-09-26T02:18:22.226+0000] {logging_mixin.py:190} INFO - [2024-09-26T02:18:22.226+0000] {dag.py:3229} INFO - Sync 1 DAGs
[2024-09-26T02:18:22.246+0000] {logging_mixin.py:190} INFO - [2024-09-26T02:18:22.246+0000] {dag.py:4156} INFO - Setting next_dagrun for dag_with_catchup_backfill_v01.3 to 2024-09-25 00:00:00+00:00, run_after=2024-09-26 00:00:00+00:00
[2024-09-26T02:18:22.274+0000] {processor.py:208} INFO - Processing /opt/airflow/dags/dag_with_catchup_and_backfill.py took 0.186 seconds
[2024-09-26T02:18:52.767+0000] {processor.py:186} INFO - Started process (PID=141875) to work on /opt/airflow/dags/dag_with_catchup_and_backfill.py
[2024-09-26T02:18:52.769+0000] {processor.py:914} INFO - Processing file /opt/airflow/dags/dag_with_catchup_and_backfill.py for tasks to queue
[2024-09-26T02:18:52.772+0000] {logging_mixin.py:190} INFO - [2024-09-26T02:18:52.772+0000] {dagbag.py:587} INFO - Filling up the DagBag from /opt/airflow/dags/dag_with_catchup_and_backfill.py
[2024-09-26T02:18:52.886+0000] {processor.py:925} INFO - DAG(s) 'dag_with_catchup_backfill_v01.3' retrieved from /opt/airflow/dags/dag_with_catchup_and_backfill.py
[2024-09-26T02:18:52.911+0000] {logging_mixin.py:190} INFO - [2024-09-26T02:18:52.911+0000] {dag.py:3229} INFO - Sync 1 DAGs
[2024-09-26T02:18:52.936+0000] {logging_mixin.py:190} INFO - [2024-09-26T02:18:52.936+0000] {dag.py:4156} INFO - Setting next_dagrun for dag_with_catchup_backfill_v01.3 to 2024-09-25 00:00:00+00:00, run_after=2024-09-26 00:00:00+00:00
[2024-09-26T02:18:52.963+0000] {processor.py:208} INFO - Processing /opt/airflow/dags/dag_with_catchup_and_backfill.py took 0.202 seconds
[2024-09-26T02:19:23.499+0000] {processor.py:186} INFO - Started process (PID=141918) to work on /opt/airflow/dags/dag_with_catchup_and_backfill.py
[2024-09-26T02:19:23.502+0000] {processor.py:914} INFO - Processing file /opt/airflow/dags/dag_with_catchup_and_backfill.py for tasks to queue
[2024-09-26T02:19:23.504+0000] {logging_mixin.py:190} INFO - [2024-09-26T02:19:23.503+0000] {dagbag.py:587} INFO - Filling up the DagBag from /opt/airflow/dags/dag_with_catchup_and_backfill.py
[2024-09-26T02:19:23.600+0000] {processor.py:925} INFO - DAG(s) 'dag_with_catchup_backfill_v01.3' retrieved from /opt/airflow/dags/dag_with_catchup_and_backfill.py
[2024-09-26T02:19:23.641+0000] {logging_mixin.py:190} INFO - [2024-09-26T02:19:23.641+0000] {dag.py:3229} INFO - Sync 1 DAGs
[2024-09-26T02:19:23.668+0000] {logging_mixin.py:190} INFO - [2024-09-26T02:19:23.668+0000] {dag.py:4156} INFO - Setting next_dagrun for dag_with_catchup_backfill_v01.3 to 2024-09-25 00:00:00+00:00, run_after=2024-09-26 00:00:00+00:00
[2024-09-26T02:19:23.696+0000] {processor.py:208} INFO - Processing /opt/airflow/dags/dag_with_catchup_and_backfill.py took 0.206 seconds
[2024-09-26T02:19:54.423+0000] {processor.py:186} INFO - Started process (PID=141961) to work on /opt/airflow/dags/dag_with_catchup_and_backfill.py
[2024-09-26T02:19:54.425+0000] {processor.py:914} INFO - Processing file /opt/airflow/dags/dag_with_catchup_and_backfill.py for tasks to queue
[2024-09-26T02:19:54.427+0000] {logging_mixin.py:190} INFO - [2024-09-26T02:19:54.426+0000] {dagbag.py:587} INFO - Filling up the DagBag from /opt/airflow/dags/dag_with_catchup_and_backfill.py
[2024-09-26T02:19:54.517+0000] {processor.py:925} INFO - DAG(s) 'dag_with_catchup_backfill_v01.3' retrieved from /opt/airflow/dags/dag_with_catchup_and_backfill.py
[2024-09-26T02:19:54.541+0000] {logging_mixin.py:190} INFO - [2024-09-26T02:19:54.541+0000] {dag.py:3229} INFO - Sync 1 DAGs
[2024-09-26T02:19:54.561+0000] {logging_mixin.py:190} INFO - [2024-09-26T02:19:54.561+0000] {dag.py:4156} INFO - Setting next_dagrun for dag_with_catchup_backfill_v01.3 to 2024-09-25 00:00:00+00:00, run_after=2024-09-26 00:00:00+00:00
[2024-09-26T02:19:54.586+0000] {processor.py:208} INFO - Processing /opt/airflow/dags/dag_with_catchup_and_backfill.py took 0.168 seconds
[2024-09-26T02:20:24.926+0000] {processor.py:186} INFO - Started process (PID=142004) to work on /opt/airflow/dags/dag_with_catchup_and_backfill.py
[2024-09-26T02:20:24.928+0000] {processor.py:914} INFO - Processing file /opt/airflow/dags/dag_with_catchup_and_backfill.py for tasks to queue
[2024-09-26T02:20:24.930+0000] {logging_mixin.py:190} INFO - [2024-09-26T02:20:24.929+0000] {dagbag.py:587} INFO - Filling up the DagBag from /opt/airflow/dags/dag_with_catchup_and_backfill.py
[2024-09-26T02:20:25.041+0000] {processor.py:925} INFO - DAG(s) 'dag_with_catchup_backfill_v01.3' retrieved from /opt/airflow/dags/dag_with_catchup_and_backfill.py
[2024-09-26T02:20:25.063+0000] {logging_mixin.py:190} INFO - [2024-09-26T02:20:25.063+0000] {dag.py:3229} INFO - Sync 1 DAGs
[2024-09-26T02:20:25.086+0000] {logging_mixin.py:190} INFO - [2024-09-26T02:20:25.085+0000] {dag.py:4156} INFO - Setting next_dagrun for dag_with_catchup_backfill_v01.3 to 2024-09-25 00:00:00+00:00, run_after=2024-09-26 00:00:00+00:00
[2024-09-26T02:20:25.124+0000] {processor.py:208} INFO - Processing /opt/airflow/dags/dag_with_catchup_and_backfill.py took 0.205 seconds
[2024-09-26T02:20:55.428+0000] {processor.py:186} INFO - Started process (PID=142047) to work on /opt/airflow/dags/dag_with_catchup_and_backfill.py
[2024-09-26T02:20:55.429+0000] {processor.py:914} INFO - Processing file /opt/airflow/dags/dag_with_catchup_and_backfill.py for tasks to queue
[2024-09-26T02:20:55.432+0000] {logging_mixin.py:190} INFO - [2024-09-26T02:20:55.432+0000] {dagbag.py:587} INFO - Filling up the DagBag from /opt/airflow/dags/dag_with_catchup_and_backfill.py
[2024-09-26T02:20:55.506+0000] {processor.py:925} INFO - DAG(s) 'dag_with_catchup_backfill_v01.3' retrieved from /opt/airflow/dags/dag_with_catchup_and_backfill.py
[2024-09-26T02:20:55.542+0000] {logging_mixin.py:190} INFO - [2024-09-26T02:20:55.541+0000] {dag.py:3229} INFO - Sync 1 DAGs
[2024-09-26T02:20:55.569+0000] {logging_mixin.py:190} INFO - [2024-09-26T02:20:55.569+0000] {dag.py:4156} INFO - Setting next_dagrun for dag_with_catchup_backfill_v01.3 to 2024-09-25 00:00:00+00:00, run_after=2024-09-26 00:00:00+00:00
[2024-09-26T02:20:55.598+0000] {processor.py:208} INFO - Processing /opt/airflow/dags/dag_with_catchup_and_backfill.py took 0.176 seconds
[2024-09-26T02:21:25.817+0000] {processor.py:186} INFO - Started process (PID=142090) to work on /opt/airflow/dags/dag_with_catchup_and_backfill.py
[2024-09-26T02:21:25.818+0000] {processor.py:914} INFO - Processing file /opt/airflow/dags/dag_with_catchup_and_backfill.py for tasks to queue
[2024-09-26T02:21:25.822+0000] {logging_mixin.py:190} INFO - [2024-09-26T02:21:25.821+0000] {dagbag.py:587} INFO - Filling up the DagBag from /opt/airflow/dags/dag_with_catchup_and_backfill.py
[2024-09-26T02:21:25.896+0000] {processor.py:925} INFO - DAG(s) 'dag_with_catchup_backfill_v01.3' retrieved from /opt/airflow/dags/dag_with_catchup_and_backfill.py
[2024-09-26T02:21:25.928+0000] {logging_mixin.py:190} INFO - [2024-09-26T02:21:25.928+0000] {dag.py:3229} INFO - Sync 1 DAGs
[2024-09-26T02:21:25.954+0000] {logging_mixin.py:190} INFO - [2024-09-26T02:21:25.954+0000] {dag.py:4156} INFO - Setting next_dagrun for dag_with_catchup_backfill_v01.3 to 2024-09-25 00:00:00+00:00, run_after=2024-09-26 00:00:00+00:00
[2024-09-26T02:21:25.979+0000] {processor.py:208} INFO - Processing /opt/airflow/dags/dag_with_catchup_and_backfill.py took 0.169 seconds
[2024-09-26T02:21:56.439+0000] {processor.py:186} INFO - Started process (PID=142133) to work on /opt/airflow/dags/dag_with_catchup_and_backfill.py
[2024-09-26T02:21:56.442+0000] {processor.py:914} INFO - Processing file /opt/airflow/dags/dag_with_catchup_and_backfill.py for tasks to queue
[2024-09-26T02:21:56.445+0000] {logging_mixin.py:190} INFO - [2024-09-26T02:21:56.444+0000] {dagbag.py:587} INFO - Filling up the DagBag from /opt/airflow/dags/dag_with_catchup_and_backfill.py
[2024-09-26T02:21:56.499+0000] {processor.py:925} INFO - DAG(s) 'dag_with_catchup_backfill_v01.3' retrieved from /opt/airflow/dags/dag_with_catchup_and_backfill.py
[2024-09-26T02:21:56.531+0000] {logging_mixin.py:190} INFO - [2024-09-26T02:21:56.530+0000] {dag.py:3229} INFO - Sync 1 DAGs
[2024-09-26T02:21:56.560+0000] {logging_mixin.py:190} INFO - [2024-09-26T02:21:56.559+0000] {dag.py:4156} INFO - Setting next_dagrun for dag_with_catchup_backfill_v01.3 to 2024-09-25 00:00:00+00:00, run_after=2024-09-26 00:00:00+00:00
[2024-09-26T02:21:56.583+0000] {processor.py:208} INFO - Processing /opt/airflow/dags/dag_with_catchup_and_backfill.py took 0.154 seconds
[2024-09-26T02:22:27.117+0000] {processor.py:186} INFO - Started process (PID=142176) to work on /opt/airflow/dags/dag_with_catchup_and_backfill.py
[2024-09-26T02:22:27.119+0000] {processor.py:914} INFO - Processing file /opt/airflow/dags/dag_with_catchup_and_backfill.py for tasks to queue
[2024-09-26T02:22:27.121+0000] {logging_mixin.py:190} INFO - [2024-09-26T02:22:27.121+0000] {dagbag.py:587} INFO - Filling up the DagBag from /opt/airflow/dags/dag_with_catchup_and_backfill.py
[2024-09-26T02:22:27.236+0000] {processor.py:925} INFO - DAG(s) 'dag_with_catchup_backfill_v01.3' retrieved from /opt/airflow/dags/dag_with_catchup_and_backfill.py
[2024-09-26T02:22:27.261+0000] {logging_mixin.py:190} INFO - [2024-09-26T02:22:27.261+0000] {dag.py:3229} INFO - Sync 1 DAGs
[2024-09-26T02:22:27.284+0000] {logging_mixin.py:190} INFO - [2024-09-26T02:22:27.284+0000] {dag.py:4156} INFO - Setting next_dagrun for dag_with_catchup_backfill_v01.3 to 2024-09-25 00:00:00+00:00, run_after=2024-09-26 00:00:00+00:00
[2024-09-26T02:22:27.315+0000] {processor.py:208} INFO - Processing /opt/airflow/dags/dag_with_catchup_and_backfill.py took 0.207 seconds
[2024-09-26T02:22:57.588+0000] {processor.py:186} INFO - Started process (PID=142219) to work on /opt/airflow/dags/dag_with_catchup_and_backfill.py
[2024-09-26T02:22:57.590+0000] {processor.py:914} INFO - Processing file /opt/airflow/dags/dag_with_catchup_and_backfill.py for tasks to queue
[2024-09-26T02:22:57.592+0000] {logging_mixin.py:190} INFO - [2024-09-26T02:22:57.592+0000] {dagbag.py:587} INFO - Filling up the DagBag from /opt/airflow/dags/dag_with_catchup_and_backfill.py
[2024-09-26T02:22:57.714+0000] {processor.py:925} INFO - DAG(s) 'dag_with_catchup_backfill_v01.3' retrieved from /opt/airflow/dags/dag_with_catchup_and_backfill.py
[2024-09-26T02:22:57.741+0000] {logging_mixin.py:190} INFO - [2024-09-26T02:22:57.740+0000] {dag.py:3229} INFO - Sync 1 DAGs
[2024-09-26T02:22:57.770+0000] {logging_mixin.py:190} INFO - [2024-09-26T02:22:57.770+0000] {dag.py:4156} INFO - Setting next_dagrun for dag_with_catchup_backfill_v01.3 to 2024-09-25 00:00:00+00:00, run_after=2024-09-26 00:00:00+00:00
[2024-09-26T02:22:57.806+0000] {processor.py:208} INFO - Processing /opt/airflow/dags/dag_with_catchup_and_backfill.py took 0.227 seconds
[2024-09-26T02:23:28.147+0000] {processor.py:186} INFO - Started process (PID=142262) to work on /opt/airflow/dags/dag_with_catchup_and_backfill.py
[2024-09-26T02:23:28.149+0000] {processor.py:914} INFO - Processing file /opt/airflow/dags/dag_with_catchup_and_backfill.py for tasks to queue
[2024-09-26T02:23:28.153+0000] {logging_mixin.py:190} INFO - [2024-09-26T02:23:28.151+0000] {dagbag.py:587} INFO - Filling up the DagBag from /opt/airflow/dags/dag_with_catchup_and_backfill.py
[2024-09-26T02:23:28.222+0000] {processor.py:925} INFO - DAG(s) 'dag_with_catchup_backfill_v01.3' retrieved from /opt/airflow/dags/dag_with_catchup_and_backfill.py
[2024-09-26T02:23:28.251+0000] {logging_mixin.py:190} INFO - [2024-09-26T02:23:28.250+0000] {dag.py:3229} INFO - Sync 1 DAGs
[2024-09-26T02:23:28.278+0000] {logging_mixin.py:190} INFO - [2024-09-26T02:23:28.278+0000] {dag.py:4156} INFO - Setting next_dagrun for dag_with_catchup_backfill_v01.3 to 2024-09-25 00:00:00+00:00, run_after=2024-09-26 00:00:00+00:00
[2024-09-26T02:23:28.300+0000] {processor.py:208} INFO - Processing /opt/airflow/dags/dag_with_catchup_and_backfill.py took 0.164 seconds
[2024-09-26T02:23:58.600+0000] {processor.py:186} INFO - Started process (PID=142305) to work on /opt/airflow/dags/dag_with_catchup_and_backfill.py
[2024-09-26T02:23:58.602+0000] {processor.py:914} INFO - Processing file /opt/airflow/dags/dag_with_catchup_and_backfill.py for tasks to queue
[2024-09-26T02:23:58.605+0000] {logging_mixin.py:190} INFO - [2024-09-26T02:23:58.604+0000] {dagbag.py:587} INFO - Filling up the DagBag from /opt/airflow/dags/dag_with_catchup_and_backfill.py
[2024-09-26T02:23:58.713+0000] {processor.py:925} INFO - DAG(s) 'dag_with_catchup_backfill_v01.3' retrieved from /opt/airflow/dags/dag_with_catchup_and_backfill.py
[2024-09-26T02:23:58.736+0000] {logging_mixin.py:190} INFO - [2024-09-26T02:23:58.735+0000] {dag.py:3229} INFO - Sync 1 DAGs
[2024-09-26T02:23:58.756+0000] {logging_mixin.py:190} INFO - [2024-09-26T02:23:58.756+0000] {dag.py:4156} INFO - Setting next_dagrun for dag_with_catchup_backfill_v01.3 to 2024-09-25 00:00:00+00:00, run_after=2024-09-26 00:00:00+00:00
[2024-09-26T02:23:58.788+0000] {processor.py:208} INFO - Processing /opt/airflow/dags/dag_with_catchup_and_backfill.py took 0.196 seconds
[2024-09-26T02:24:29.211+0000] {processor.py:186} INFO - Started process (PID=142348) to work on /opt/airflow/dags/dag_with_catchup_and_backfill.py
[2024-09-26T02:24:29.213+0000] {processor.py:914} INFO - Processing file /opt/airflow/dags/dag_with_catchup_and_backfill.py for tasks to queue
[2024-09-26T02:24:29.218+0000] {logging_mixin.py:190} INFO - [2024-09-26T02:24:29.217+0000] {dagbag.py:587} INFO - Filling up the DagBag from /opt/airflow/dags/dag_with_catchup_and_backfill.py
[2024-09-26T02:24:29.337+0000] {processor.py:925} INFO - DAG(s) 'dag_with_catchup_backfill_v01.3' retrieved from /opt/airflow/dags/dag_with_catchup_and_backfill.py
[2024-09-26T02:24:29.368+0000] {logging_mixin.py:190} INFO - [2024-09-26T02:24:29.368+0000] {dag.py:3229} INFO - Sync 1 DAGs
[2024-09-26T02:24:29.391+0000] {logging_mixin.py:190} INFO - [2024-09-26T02:24:29.390+0000] {dag.py:4156} INFO - Setting next_dagrun for dag_with_catchup_backfill_v01.3 to 2024-09-25 00:00:00+00:00, run_after=2024-09-26 00:00:00+00:00
[2024-09-26T02:24:29.416+0000] {processor.py:208} INFO - Processing /opt/airflow/dags/dag_with_catchup_and_backfill.py took 0.212 seconds
[2024-09-26T02:25:00.247+0000] {processor.py:186} INFO - Started process (PID=142391) to work on /opt/airflow/dags/dag_with_catchup_and_backfill.py
[2024-09-26T02:25:00.249+0000] {processor.py:914} INFO - Processing file /opt/airflow/dags/dag_with_catchup_and_backfill.py for tasks to queue
[2024-09-26T02:25:00.252+0000] {logging_mixin.py:190} INFO - [2024-09-26T02:25:00.251+0000] {dagbag.py:587} INFO - Filling up the DagBag from /opt/airflow/dags/dag_with_catchup_and_backfill.py
[2024-09-26T02:25:00.359+0000] {processor.py:925} INFO - DAG(s) 'dag_with_catchup_backfill_v01.3' retrieved from /opt/airflow/dags/dag_with_catchup_and_backfill.py
[2024-09-26T02:25:00.382+0000] {logging_mixin.py:190} INFO - [2024-09-26T02:25:00.382+0000] {dag.py:3229} INFO - Sync 1 DAGs
[2024-09-26T02:25:00.406+0000] {logging_mixin.py:190} INFO - [2024-09-26T02:25:00.405+0000] {dag.py:4156} INFO - Setting next_dagrun for dag_with_catchup_backfill_v01.3 to 2024-09-25 00:00:00+00:00, run_after=2024-09-26 00:00:00+00:00
[2024-09-26T02:25:00.432+0000] {processor.py:208} INFO - Processing /opt/airflow/dags/dag_with_catchup_and_backfill.py took 0.196 seconds
[2024-09-26T02:25:31.548+0000] {processor.py:186} INFO - Started process (PID=142434) to work on /opt/airflow/dags/dag_with_catchup_and_backfill.py
[2024-09-26T02:25:31.551+0000] {processor.py:914} INFO - Processing file /opt/airflow/dags/dag_with_catchup_and_backfill.py for tasks to queue
[2024-09-26T02:25:31.554+0000] {logging_mixin.py:190} INFO - [2024-09-26T02:25:31.554+0000] {dagbag.py:587} INFO - Filling up the DagBag from /opt/airflow/dags/dag_with_catchup_and_backfill.py
[2024-09-26T02:25:31.673+0000] {processor.py:925} INFO - DAG(s) 'dag_with_catchup_backfill_v01.3' retrieved from /opt/airflow/dags/dag_with_catchup_and_backfill.py
[2024-09-26T02:25:31.709+0000] {logging_mixin.py:190} INFO - [2024-09-26T02:25:31.708+0000] {dag.py:3229} INFO - Sync 1 DAGs
[2024-09-26T02:25:31.730+0000] {logging_mixin.py:190} INFO - [2024-09-26T02:25:31.730+0000] {dag.py:4156} INFO - Setting next_dagrun for dag_with_catchup_backfill_v01.3 to 2024-09-25 00:00:00+00:00, run_after=2024-09-26 00:00:00+00:00
[2024-09-26T02:25:31.754+0000] {processor.py:208} INFO - Processing /opt/airflow/dags/dag_with_catchup_and_backfill.py took 0.213 seconds
[2024-09-26T02:26:02.137+0000] {processor.py:186} INFO - Started process (PID=142477) to work on /opt/airflow/dags/dag_with_catchup_and_backfill.py
[2024-09-26T02:26:02.139+0000] {processor.py:914} INFO - Processing file /opt/airflow/dags/dag_with_catchup_and_backfill.py for tasks to queue
[2024-09-26T02:26:02.143+0000] {logging_mixin.py:190} INFO - [2024-09-26T02:26:02.142+0000] {dagbag.py:587} INFO - Filling up the DagBag from /opt/airflow/dags/dag_with_catchup_and_backfill.py
[2024-09-26T02:26:02.253+0000] {processor.py:925} INFO - DAG(s) 'dag_with_catchup_backfill_v01.3' retrieved from /opt/airflow/dags/dag_with_catchup_and_backfill.py
[2024-09-26T02:26:02.298+0000] {logging_mixin.py:190} INFO - [2024-09-26T02:26:02.298+0000] {dag.py:3229} INFO - Sync 1 DAGs
[2024-09-26T02:26:02.327+0000] {logging_mixin.py:190} INFO - [2024-09-26T02:26:02.327+0000] {dag.py:4156} INFO - Setting next_dagrun for dag_with_catchup_backfill_v01.3 to 2024-09-25 00:00:00+00:00, run_after=2024-09-26 00:00:00+00:00
[2024-09-26T02:26:02.357+0000] {processor.py:208} INFO - Processing /opt/airflow/dags/dag_with_catchup_and_backfill.py took 0.226 seconds
[2024-09-26T02:26:32.865+0000] {processor.py:186} INFO - Started process (PID=142520) to work on /opt/airflow/dags/dag_with_catchup_and_backfill.py
[2024-09-26T02:26:32.867+0000] {processor.py:914} INFO - Processing file /opt/airflow/dags/dag_with_catchup_and_backfill.py for tasks to queue
[2024-09-26T02:26:32.869+0000] {logging_mixin.py:190} INFO - [2024-09-26T02:26:32.868+0000] {dagbag.py:587} INFO - Filling up the DagBag from /opt/airflow/dags/dag_with_catchup_and_backfill.py
[2024-09-26T02:26:32.979+0000] {processor.py:925} INFO - DAG(s) 'dag_with_catchup_backfill_v01.3' retrieved from /opt/airflow/dags/dag_with_catchup_and_backfill.py
[2024-09-26T02:26:33.023+0000] {logging_mixin.py:190} INFO - [2024-09-26T02:26:33.023+0000] {dag.py:3229} INFO - Sync 1 DAGs
[2024-09-26T02:26:33.048+0000] {logging_mixin.py:190} INFO - [2024-09-26T02:26:33.048+0000] {dag.py:4156} INFO - Setting next_dagrun for dag_with_catchup_backfill_v01.3 to 2024-09-25 00:00:00+00:00, run_after=2024-09-26 00:00:00+00:00
[2024-09-26T02:26:33.074+0000] {processor.py:208} INFO - Processing /opt/airflow/dags/dag_with_catchup_and_backfill.py took 0.222 seconds
[2024-09-26T02:27:03.453+0000] {processor.py:186} INFO - Started process (PID=142563) to work on /opt/airflow/dags/dag_with_catchup_and_backfill.py
[2024-09-26T02:27:03.454+0000] {processor.py:914} INFO - Processing file /opt/airflow/dags/dag_with_catchup_and_backfill.py for tasks to queue
[2024-09-26T02:27:03.456+0000] {logging_mixin.py:190} INFO - [2024-09-26T02:27:03.456+0000] {dagbag.py:587} INFO - Filling up the DagBag from /opt/airflow/dags/dag_with_catchup_and_backfill.py
[2024-09-26T02:27:03.579+0000] {processor.py:925} INFO - DAG(s) 'dag_with_catchup_backfill_v01.3' retrieved from /opt/airflow/dags/dag_with_catchup_and_backfill.py
[2024-09-26T02:27:03.608+0000] {logging_mixin.py:190} INFO - [2024-09-26T02:27:03.608+0000] {dag.py:3229} INFO - Sync 1 DAGs
[2024-09-26T02:27:03.629+0000] {logging_mixin.py:190} INFO - [2024-09-26T02:27:03.629+0000] {dag.py:4156} INFO - Setting next_dagrun for dag_with_catchup_backfill_v01.3 to 2024-09-25 00:00:00+00:00, run_after=2024-09-26 00:00:00+00:00
[2024-09-26T02:27:03.657+0000] {processor.py:208} INFO - Processing /opt/airflow/dags/dag_with_catchup_and_backfill.py took 0.210 seconds
[2024-09-26T02:27:34.100+0000] {processor.py:186} INFO - Started process (PID=142606) to work on /opt/airflow/dags/dag_with_catchup_and_backfill.py
[2024-09-26T02:27:34.102+0000] {processor.py:914} INFO - Processing file /opt/airflow/dags/dag_with_catchup_and_backfill.py for tasks to queue
[2024-09-26T02:27:34.105+0000] {logging_mixin.py:190} INFO - [2024-09-26T02:27:34.104+0000] {dagbag.py:587} INFO - Filling up the DagBag from /opt/airflow/dags/dag_with_catchup_and_backfill.py
[2024-09-26T02:27:34.215+0000] {processor.py:925} INFO - DAG(s) 'dag_with_catchup_backfill_v01.3' retrieved from /opt/airflow/dags/dag_with_catchup_and_backfill.py
[2024-09-26T02:27:34.242+0000] {logging_mixin.py:190} INFO - [2024-09-26T02:27:34.242+0000] {dag.py:3229} INFO - Sync 1 DAGs
[2024-09-26T02:27:34.266+0000] {logging_mixin.py:190} INFO - [2024-09-26T02:27:34.266+0000] {dag.py:4156} INFO - Setting next_dagrun for dag_with_catchup_backfill_v01.3 to 2024-09-25 00:00:00+00:00, run_after=2024-09-26 00:00:00+00:00
[2024-09-26T02:27:34.301+0000] {processor.py:208} INFO - Processing /opt/airflow/dags/dag_with_catchup_and_backfill.py took 0.212 seconds
[2024-09-26T02:28:04.714+0000] {processor.py:186} INFO - Started process (PID=142649) to work on /opt/airflow/dags/dag_with_catchup_and_backfill.py
[2024-09-26T02:28:04.716+0000] {processor.py:914} INFO - Processing file /opt/airflow/dags/dag_with_catchup_and_backfill.py for tasks to queue
[2024-09-26T02:28:04.719+0000] {logging_mixin.py:190} INFO - [2024-09-26T02:28:04.718+0000] {dagbag.py:587} INFO - Filling up the DagBag from /opt/airflow/dags/dag_with_catchup_and_backfill.py
[2024-09-26T02:28:04.816+0000] {processor.py:925} INFO - DAG(s) 'dag_with_catchup_backfill_v01.3' retrieved from /opt/airflow/dags/dag_with_catchup_and_backfill.py
[2024-09-26T02:28:04.847+0000] {logging_mixin.py:190} INFO - [2024-09-26T02:28:04.847+0000] {dag.py:3229} INFO - Sync 1 DAGs
[2024-09-26T02:28:04.879+0000] {logging_mixin.py:190} INFO - [2024-09-26T02:28:04.878+0000] {dag.py:4156} INFO - Setting next_dagrun for dag_with_catchup_backfill_v01.3 to 2024-09-25 00:00:00+00:00, run_after=2024-09-26 00:00:00+00:00
[2024-09-26T02:28:04.909+0000] {processor.py:208} INFO - Processing /opt/airflow/dags/dag_with_catchup_and_backfill.py took 0.201 seconds
[2024-09-26T02:28:35.166+0000] {processor.py:186} INFO - Started process (PID=142692) to work on /opt/airflow/dags/dag_with_catchup_and_backfill.py
[2024-09-26T02:28:35.168+0000] {processor.py:914} INFO - Processing file /opt/airflow/dags/dag_with_catchup_and_backfill.py for tasks to queue
[2024-09-26T02:28:35.170+0000] {logging_mixin.py:190} INFO - [2024-09-26T02:28:35.170+0000] {dagbag.py:587} INFO - Filling up the DagBag from /opt/airflow/dags/dag_with_catchup_and_backfill.py
[2024-09-26T02:28:35.250+0000] {processor.py:925} INFO - DAG(s) 'dag_with_catchup_backfill_v01.3' retrieved from /opt/airflow/dags/dag_with_catchup_and_backfill.py
[2024-09-26T02:28:35.277+0000] {logging_mixin.py:190} INFO - [2024-09-26T02:28:35.276+0000] {dag.py:3229} INFO - Sync 1 DAGs
[2024-09-26T02:28:35.303+0000] {logging_mixin.py:190} INFO - [2024-09-26T02:28:35.303+0000] {dag.py:4156} INFO - Setting next_dagrun for dag_with_catchup_backfill_v01.3 to 2024-09-25 00:00:00+00:00, run_after=2024-09-26 00:00:00+00:00
[2024-09-26T02:28:35.333+0000] {processor.py:208} INFO - Processing /opt/airflow/dags/dag_with_catchup_and_backfill.py took 0.174 seconds
[2024-09-26T02:29:06.014+0000] {processor.py:186} INFO - Started process (PID=142735) to work on /opt/airflow/dags/dag_with_catchup_and_backfill.py
[2024-09-26T02:29:06.016+0000] {processor.py:914} INFO - Processing file /opt/airflow/dags/dag_with_catchup_and_backfill.py for tasks to queue
[2024-09-26T02:29:06.017+0000] {logging_mixin.py:190} INFO - [2024-09-26T02:29:06.017+0000] {dagbag.py:587} INFO - Filling up the DagBag from /opt/airflow/dags/dag_with_catchup_and_backfill.py
[2024-09-26T02:29:06.131+0000] {processor.py:925} INFO - DAG(s) 'dag_with_catchup_backfill_v01.3' retrieved from /opt/airflow/dags/dag_with_catchup_and_backfill.py
[2024-09-26T02:29:06.180+0000] {logging_mixin.py:190} INFO - [2024-09-26T02:29:06.180+0000] {dag.py:3229} INFO - Sync 1 DAGs
[2024-09-26T02:29:06.224+0000] {logging_mixin.py:190} INFO - [2024-09-26T02:29:06.224+0000] {dag.py:4156} INFO - Setting next_dagrun for dag_with_catchup_backfill_v01.3 to 2024-09-25 00:00:00+00:00, run_after=2024-09-26 00:00:00+00:00
[2024-09-26T02:29:06.277+0000] {processor.py:208} INFO - Processing /opt/airflow/dags/dag_with_catchup_and_backfill.py took 0.267 seconds
[2024-09-26T02:29:36.490+0000] {processor.py:186} INFO - Started process (PID=142778) to work on /opt/airflow/dags/dag_with_catchup_and_backfill.py
[2024-09-26T02:29:36.492+0000] {processor.py:914} INFO - Processing file /opt/airflow/dags/dag_with_catchup_and_backfill.py for tasks to queue
[2024-09-26T02:29:36.495+0000] {logging_mixin.py:190} INFO - [2024-09-26T02:29:36.494+0000] {dagbag.py:587} INFO - Filling up the DagBag from /opt/airflow/dags/dag_with_catchup_and_backfill.py
[2024-09-26T02:29:36.559+0000] {processor.py:925} INFO - DAG(s) 'dag_with_catchup_backfill_v01.3' retrieved from /opt/airflow/dags/dag_with_catchup_and_backfill.py
[2024-09-26T02:29:36.586+0000] {logging_mixin.py:190} INFO - [2024-09-26T02:29:36.586+0000] {dag.py:3229} INFO - Sync 1 DAGs
[2024-09-26T02:29:36.611+0000] {logging_mixin.py:190} INFO - [2024-09-26T02:29:36.611+0000] {dag.py:4156} INFO - Setting next_dagrun for dag_with_catchup_backfill_v01.3 to 2024-09-25 00:00:00+00:00, run_after=2024-09-26 00:00:00+00:00
[2024-09-26T02:29:36.665+0000] {processor.py:208} INFO - Processing /opt/airflow/dags/dag_with_catchup_and_backfill.py took 0.181 seconds
[2024-09-26T02:30:07.024+0000] {processor.py:186} INFO - Started process (PID=142821) to work on /opt/airflow/dags/dag_with_catchup_and_backfill.py
[2024-09-26T02:30:07.026+0000] {processor.py:914} INFO - Processing file /opt/airflow/dags/dag_with_catchup_and_backfill.py for tasks to queue
[2024-09-26T02:30:07.028+0000] {logging_mixin.py:190} INFO - [2024-09-26T02:30:07.028+0000] {dagbag.py:587} INFO - Filling up the DagBag from /opt/airflow/dags/dag_with_catchup_and_backfill.py
[2024-09-26T02:30:07.145+0000] {processor.py:925} INFO - DAG(s) 'dag_with_catchup_backfill_v01.3' retrieved from /opt/airflow/dags/dag_with_catchup_and_backfill.py
[2024-09-26T02:30:07.187+0000] {logging_mixin.py:190} INFO - [2024-09-26T02:30:07.187+0000] {dag.py:3229} INFO - Sync 1 DAGs
[2024-09-26T02:30:07.211+0000] {logging_mixin.py:190} INFO - [2024-09-26T02:30:07.210+0000] {dag.py:4156} INFO - Setting next_dagrun for dag_with_catchup_backfill_v01.3 to 2024-09-25 00:00:00+00:00, run_after=2024-09-26 00:00:00+00:00
[2024-09-26T02:30:07.237+0000] {processor.py:208} INFO - Processing /opt/airflow/dags/dag_with_catchup_and_backfill.py took 0.219 seconds
[2024-09-26T02:30:38.282+0000] {processor.py:186} INFO - Started process (PID=142864) to work on /opt/airflow/dags/dag_with_catchup_and_backfill.py
[2024-09-26T02:30:38.283+0000] {processor.py:914} INFO - Processing file /opt/airflow/dags/dag_with_catchup_and_backfill.py for tasks to queue
[2024-09-26T02:30:38.285+0000] {logging_mixin.py:190} INFO - [2024-09-26T02:30:38.285+0000] {dagbag.py:587} INFO - Filling up the DagBag from /opt/airflow/dags/dag_with_catchup_and_backfill.py
[2024-09-26T02:30:38.365+0000] {processor.py:925} INFO - DAG(s) 'dag_with_catchup_backfill_v01.3' retrieved from /opt/airflow/dags/dag_with_catchup_and_backfill.py
[2024-09-26T02:30:38.389+0000] {logging_mixin.py:190} INFO - [2024-09-26T02:30:38.389+0000] {dag.py:3229} INFO - Sync 1 DAGs
[2024-09-26T02:30:38.412+0000] {logging_mixin.py:190} INFO - [2024-09-26T02:30:38.411+0000] {dag.py:4156} INFO - Setting next_dagrun for dag_with_catchup_backfill_v01.3 to 2024-09-25 00:00:00+00:00, run_after=2024-09-26 00:00:00+00:00
[2024-09-26T02:30:38.437+0000] {processor.py:208} INFO - Processing /opt/airflow/dags/dag_with_catchup_and_backfill.py took 0.161 seconds
[2024-09-26T02:31:09.244+0000] {processor.py:186} INFO - Started process (PID=142907) to work on /opt/airflow/dags/dag_with_catchup_and_backfill.py
[2024-09-26T02:31:09.247+0000] {processor.py:914} INFO - Processing file /opt/airflow/dags/dag_with_catchup_and_backfill.py for tasks to queue
[2024-09-26T02:31:09.250+0000] {logging_mixin.py:190} INFO - [2024-09-26T02:31:09.249+0000] {dagbag.py:587} INFO - Filling up the DagBag from /opt/airflow/dags/dag_with_catchup_and_backfill.py
[2024-09-26T02:31:09.351+0000] {processor.py:925} INFO - DAG(s) 'dag_with_catchup_backfill_v01.3' retrieved from /opt/airflow/dags/dag_with_catchup_and_backfill.py
[2024-09-26T02:31:09.392+0000] {logging_mixin.py:190} INFO - [2024-09-26T02:31:09.391+0000] {dag.py:3229} INFO - Sync 1 DAGs
[2024-09-26T02:31:09.432+0000] {logging_mixin.py:190} INFO - [2024-09-26T02:31:09.431+0000] {dag.py:4156} INFO - Setting next_dagrun for dag_with_catchup_backfill_v01.3 to 2024-09-25 00:00:00+00:00, run_after=2024-09-26 00:00:00+00:00
[2024-09-26T02:31:09.473+0000] {processor.py:208} INFO - Processing /opt/airflow/dags/dag_with_catchup_and_backfill.py took 0.239 seconds
[2024-09-26T02:31:39.698+0000] {processor.py:186} INFO - Started process (PID=142950) to work on /opt/airflow/dags/dag_with_catchup_and_backfill.py
[2024-09-26T02:31:39.700+0000] {processor.py:914} INFO - Processing file /opt/airflow/dags/dag_with_catchup_and_backfill.py for tasks to queue
[2024-09-26T02:31:39.703+0000] {logging_mixin.py:190} INFO - [2024-09-26T02:31:39.702+0000] {dagbag.py:587} INFO - Filling up the DagBag from /opt/airflow/dags/dag_with_catchup_and_backfill.py
[2024-09-26T02:31:39.809+0000] {processor.py:925} INFO - DAG(s) 'dag_with_catchup_backfill_v01.3' retrieved from /opt/airflow/dags/dag_with_catchup_and_backfill.py
[2024-09-26T02:31:39.835+0000] {logging_mixin.py:190} INFO - [2024-09-26T02:31:39.835+0000] {dag.py:3229} INFO - Sync 1 DAGs
[2024-09-26T02:31:39.858+0000] {logging_mixin.py:190} INFO - [2024-09-26T02:31:39.858+0000] {dag.py:4156} INFO - Setting next_dagrun for dag_with_catchup_backfill_v01.3 to 2024-09-25 00:00:00+00:00, run_after=2024-09-26 00:00:00+00:00
[2024-09-26T02:31:39.907+0000] {processor.py:208} INFO - Processing /opt/airflow/dags/dag_with_catchup_and_backfill.py took 0.215 seconds
[2024-09-26T02:32:10.174+0000] {processor.py:186} INFO - Started process (PID=142993) to work on /opt/airflow/dags/dag_with_catchup_and_backfill.py
[2024-09-26T02:32:10.176+0000] {processor.py:914} INFO - Processing file /opt/airflow/dags/dag_with_catchup_and_backfill.py for tasks to queue
[2024-09-26T02:32:10.178+0000] {logging_mixin.py:190} INFO - [2024-09-26T02:32:10.177+0000] {dagbag.py:587} INFO - Filling up the DagBag from /opt/airflow/dags/dag_with_catchup_and_backfill.py
[2024-09-26T02:32:10.303+0000] {processor.py:925} INFO - DAG(s) 'dag_with_catchup_backfill_v01.3' retrieved from /opt/airflow/dags/dag_with_catchup_and_backfill.py
[2024-09-26T02:32:10.336+0000] {logging_mixin.py:190} INFO - [2024-09-26T02:32:10.335+0000] {dag.py:3229} INFO - Sync 1 DAGs
[2024-09-26T02:32:10.362+0000] {logging_mixin.py:190} INFO - [2024-09-26T02:32:10.362+0000] {dag.py:4156} INFO - Setting next_dagrun for dag_with_catchup_backfill_v01.3 to 2024-09-25 00:00:00+00:00, run_after=2024-09-26 00:00:00+00:00
[2024-09-26T02:32:10.401+0000] {processor.py:208} INFO - Processing /opt/airflow/dags/dag_with_catchup_and_backfill.py took 0.237 seconds
[2024-09-26T02:32:40.702+0000] {processor.py:186} INFO - Started process (PID=143036) to work on /opt/airflow/dags/dag_with_catchup_and_backfill.py
[2024-09-26T02:32:40.704+0000] {processor.py:914} INFO - Processing file /opt/airflow/dags/dag_with_catchup_and_backfill.py for tasks to queue
[2024-09-26T02:32:40.706+0000] {logging_mixin.py:190} INFO - [2024-09-26T02:32:40.705+0000] {dagbag.py:587} INFO - Filling up the DagBag from /opt/airflow/dags/dag_with_catchup_and_backfill.py
[2024-09-26T02:32:40.808+0000] {processor.py:925} INFO - DAG(s) 'dag_with_catchup_backfill_v01.3' retrieved from /opt/airflow/dags/dag_with_catchup_and_backfill.py
[2024-09-26T02:32:40.834+0000] {logging_mixin.py:190} INFO - [2024-09-26T02:32:40.834+0000] {dag.py:3229} INFO - Sync 1 DAGs
[2024-09-26T02:32:40.858+0000] {logging_mixin.py:190} INFO - [2024-09-26T02:32:40.858+0000] {dag.py:4156} INFO - Setting next_dagrun for dag_with_catchup_backfill_v01.3 to 2024-09-25 00:00:00+00:00, run_after=2024-09-26 00:00:00+00:00
[2024-09-26T02:32:40.882+0000] {processor.py:208} INFO - Processing /opt/airflow/dags/dag_with_catchup_and_backfill.py took 0.190 seconds
[2024-09-26T02:33:11.254+0000] {processor.py:186} INFO - Started process (PID=143079) to work on /opt/airflow/dags/dag_with_catchup_and_backfill.py
[2024-09-26T02:33:11.258+0000] {processor.py:914} INFO - Processing file /opt/airflow/dags/dag_with_catchup_and_backfill.py for tasks to queue
[2024-09-26T02:33:11.262+0000] {logging_mixin.py:190} INFO - [2024-09-26T02:33:11.261+0000] {dagbag.py:587} INFO - Filling up the DagBag from /opt/airflow/dags/dag_with_catchup_and_backfill.py
[2024-09-26T02:33:11.361+0000] {processor.py:925} INFO - DAG(s) 'dag_with_catchup_backfill_v01.3' retrieved from /opt/airflow/dags/dag_with_catchup_and_backfill.py
[2024-09-26T02:33:11.391+0000] {logging_mixin.py:190} INFO - [2024-09-26T02:33:11.391+0000] {dag.py:3229} INFO - Sync 1 DAGs
[2024-09-26T02:33:11.413+0000] {logging_mixin.py:190} INFO - [2024-09-26T02:33:11.413+0000] {dag.py:4156} INFO - Setting next_dagrun for dag_with_catchup_backfill_v01.3 to 2024-09-25 00:00:00+00:00, run_after=2024-09-26 00:00:00+00:00
[2024-09-26T02:33:11.440+0000] {processor.py:208} INFO - Processing /opt/airflow/dags/dag_with_catchup_and_backfill.py took 0.197 seconds
[2024-09-26T02:33:41.840+0000] {processor.py:186} INFO - Started process (PID=143122) to work on /opt/airflow/dags/dag_with_catchup_and_backfill.py
[2024-09-26T02:33:41.842+0000] {processor.py:914} INFO - Processing file /opt/airflow/dags/dag_with_catchup_and_backfill.py for tasks to queue
[2024-09-26T02:33:41.844+0000] {logging_mixin.py:190} INFO - [2024-09-26T02:33:41.843+0000] {dagbag.py:587} INFO - Filling up the DagBag from /opt/airflow/dags/dag_with_catchup_and_backfill.py
[2024-09-26T02:33:41.916+0000] {processor.py:925} INFO - DAG(s) 'dag_with_catchup_backfill_v01.3' retrieved from /opt/airflow/dags/dag_with_catchup_and_backfill.py
[2024-09-26T02:33:41.940+0000] {logging_mixin.py:190} INFO - [2024-09-26T02:33:41.940+0000] {dag.py:3229} INFO - Sync 1 DAGs
[2024-09-26T02:33:41.969+0000] {logging_mixin.py:190} INFO - [2024-09-26T02:33:41.968+0000] {dag.py:4156} INFO - Setting next_dagrun for dag_with_catchup_backfill_v01.3 to 2024-09-25 00:00:00+00:00, run_after=2024-09-26 00:00:00+00:00
[2024-09-26T02:33:42.001+0000] {processor.py:208} INFO - Processing /opt/airflow/dags/dag_with_catchup_and_backfill.py took 0.168 seconds
[2024-09-26T02:34:12.396+0000] {processor.py:186} INFO - Started process (PID=143165) to work on /opt/airflow/dags/dag_with_catchup_and_backfill.py
[2024-09-26T02:34:12.398+0000] {processor.py:914} INFO - Processing file /opt/airflow/dags/dag_with_catchup_and_backfill.py for tasks to queue
[2024-09-26T02:34:12.401+0000] {logging_mixin.py:190} INFO - [2024-09-26T02:34:12.401+0000] {dagbag.py:587} INFO - Filling up the DagBag from /opt/airflow/dags/dag_with_catchup_and_backfill.py
[2024-09-26T02:34:12.495+0000] {processor.py:925} INFO - DAG(s) 'dag_with_catchup_backfill_v01.3' retrieved from /opt/airflow/dags/dag_with_catchup_and_backfill.py
[2024-09-26T02:34:12.531+0000] {logging_mixin.py:190} INFO - [2024-09-26T02:34:12.531+0000] {dag.py:3229} INFO - Sync 1 DAGs
[2024-09-26T02:34:12.561+0000] {logging_mixin.py:190} INFO - [2024-09-26T02:34:12.560+0000] {dag.py:4156} INFO - Setting next_dagrun for dag_with_catchup_backfill_v01.3 to 2024-09-25 00:00:00+00:00, run_after=2024-09-26 00:00:00+00:00
[2024-09-26T02:34:12.589+0000] {processor.py:208} INFO - Processing /opt/airflow/dags/dag_with_catchup_and_backfill.py took 0.198 seconds
[2024-09-26T02:34:43.778+0000] {processor.py:186} INFO - Started process (PID=143208) to work on /opt/airflow/dags/dag_with_catchup_and_backfill.py
[2024-09-26T02:34:43.781+0000] {processor.py:914} INFO - Processing file /opt/airflow/dags/dag_with_catchup_and_backfill.py for tasks to queue
[2024-09-26T02:34:43.784+0000] {logging_mixin.py:190} INFO - [2024-09-26T02:34:43.783+0000] {dagbag.py:587} INFO - Filling up the DagBag from /opt/airflow/dags/dag_with_catchup_and_backfill.py
[2024-09-26T02:34:43.900+0000] {processor.py:925} INFO - DAG(s) 'dag_with_catchup_backfill_v01.3' retrieved from /opt/airflow/dags/dag_with_catchup_and_backfill.py
[2024-09-26T02:34:43.935+0000] {logging_mixin.py:190} INFO - [2024-09-26T02:34:43.935+0000] {dag.py:3229} INFO - Sync 1 DAGs
[2024-09-26T02:34:43.959+0000] {logging_mixin.py:190} INFO - [2024-09-26T02:34:43.959+0000] {dag.py:4156} INFO - Setting next_dagrun for dag_with_catchup_backfill_v01.3 to 2024-09-25 00:00:00+00:00, run_after=2024-09-26 00:00:00+00:00
[2024-09-26T02:34:43.984+0000] {processor.py:208} INFO - Processing /opt/airflow/dags/dag_with_catchup_and_backfill.py took 0.217 seconds
[2024-09-26T02:35:14.766+0000] {processor.py:186} INFO - Started process (PID=143251) to work on /opt/airflow/dags/dag_with_catchup_and_backfill.py
[2024-09-26T02:35:14.769+0000] {processor.py:914} INFO - Processing file /opt/airflow/dags/dag_with_catchup_and_backfill.py for tasks to queue
[2024-09-26T02:35:14.772+0000] {logging_mixin.py:190} INFO - [2024-09-26T02:35:14.771+0000] {dagbag.py:587} INFO - Filling up the DagBag from /opt/airflow/dags/dag_with_catchup_and_backfill.py
[2024-09-26T02:35:14.902+0000] {processor.py:925} INFO - DAG(s) 'dag_with_catchup_backfill_v01.3' retrieved from /opt/airflow/dags/dag_with_catchup_and_backfill.py
[2024-09-26T02:35:14.934+0000] {logging_mixin.py:190} INFO - [2024-09-26T02:35:14.934+0000] {dag.py:3229} INFO - Sync 1 DAGs
[2024-09-26T02:35:14.963+0000] {logging_mixin.py:190} INFO - [2024-09-26T02:35:14.962+0000] {dag.py:4156} INFO - Setting next_dagrun for dag_with_catchup_backfill_v01.3 to 2024-09-25 00:00:00+00:00, run_after=2024-09-26 00:00:00+00:00
[2024-09-26T02:35:14.990+0000] {processor.py:208} INFO - Processing /opt/airflow/dags/dag_with_catchup_and_backfill.py took 0.236 seconds
[2024-09-26T02:35:45.484+0000] {processor.py:186} INFO - Started process (PID=143294) to work on /opt/airflow/dags/dag_with_catchup_and_backfill.py
[2024-09-26T02:35:45.487+0000] {processor.py:914} INFO - Processing file /opt/airflow/dags/dag_with_catchup_and_backfill.py for tasks to queue
[2024-09-26T02:35:45.490+0000] {logging_mixin.py:190} INFO - [2024-09-26T02:35:45.490+0000] {dagbag.py:587} INFO - Filling up the DagBag from /opt/airflow/dags/dag_with_catchup_and_backfill.py
[2024-09-26T02:35:45.619+0000] {processor.py:925} INFO - DAG(s) 'dag_with_catchup_backfill_v01.3' retrieved from /opt/airflow/dags/dag_with_catchup_and_backfill.py
[2024-09-26T02:35:45.657+0000] {logging_mixin.py:190} INFO - [2024-09-26T02:35:45.657+0000] {dag.py:3229} INFO - Sync 1 DAGs
[2024-09-26T02:35:45.681+0000] {logging_mixin.py:190} INFO - [2024-09-26T02:35:45.680+0000] {dag.py:4156} INFO - Setting next_dagrun for dag_with_catchup_backfill_v01.3 to 2024-09-25 00:00:00+00:00, run_after=2024-09-26 00:00:00+00:00
[2024-09-26T02:35:45.706+0000] {processor.py:208} INFO - Processing /opt/airflow/dags/dag_with_catchup_and_backfill.py took 0.231 seconds
[2024-09-26T02:36:16.332+0000] {processor.py:186} INFO - Started process (PID=143337) to work on /opt/airflow/dags/dag_with_catchup_and_backfill.py
[2024-09-26T02:36:16.335+0000] {processor.py:914} INFO - Processing file /opt/airflow/dags/dag_with_catchup_and_backfill.py for tasks to queue
[2024-09-26T02:36:16.339+0000] {logging_mixin.py:190} INFO - [2024-09-26T02:36:16.338+0000] {dagbag.py:587} INFO - Filling up the DagBag from /opt/airflow/dags/dag_with_catchup_and_backfill.py
[2024-09-26T02:36:16.426+0000] {processor.py:925} INFO - DAG(s) 'dag_with_catchup_backfill_v01.3' retrieved from /opt/airflow/dags/dag_with_catchup_and_backfill.py
[2024-09-26T02:36:16.449+0000] {logging_mixin.py:190} INFO - [2024-09-26T02:36:16.449+0000] {dag.py:3229} INFO - Sync 1 DAGs
[2024-09-26T02:36:16.470+0000] {logging_mixin.py:190} INFO - [2024-09-26T02:36:16.470+0000] {dag.py:4156} INFO - Setting next_dagrun for dag_with_catchup_backfill_v01.3 to 2024-09-25 00:00:00+00:00, run_after=2024-09-26 00:00:00+00:00
[2024-09-26T02:36:16.492+0000] {processor.py:208} INFO - Processing /opt/airflow/dags/dag_with_catchup_and_backfill.py took 0.169 seconds
[2024-09-26T02:36:47.105+0000] {processor.py:186} INFO - Started process (PID=143380) to work on /opt/airflow/dags/dag_with_catchup_and_backfill.py
[2024-09-26T02:36:47.106+0000] {processor.py:914} INFO - Processing file /opt/airflow/dags/dag_with_catchup_and_backfill.py for tasks to queue
[2024-09-26T02:36:47.108+0000] {logging_mixin.py:190} INFO - [2024-09-26T02:36:47.108+0000] {dagbag.py:587} INFO - Filling up the DagBag from /opt/airflow/dags/dag_with_catchup_and_backfill.py
[2024-09-26T02:36:47.213+0000] {processor.py:925} INFO - DAG(s) 'dag_with_catchup_backfill_v01.3' retrieved from /opt/airflow/dags/dag_with_catchup_and_backfill.py
[2024-09-26T02:36:47.243+0000] {logging_mixin.py:190} INFO - [2024-09-26T02:36:47.242+0000] {dag.py:3229} INFO - Sync 1 DAGs
[2024-09-26T02:36:47.265+0000] {logging_mixin.py:190} INFO - [2024-09-26T02:36:47.265+0000] {dag.py:4156} INFO - Setting next_dagrun for dag_with_catchup_backfill_v01.3 to 2024-09-25 00:00:00+00:00, run_after=2024-09-26 00:00:00+00:00
[2024-09-26T02:36:47.305+0000] {processor.py:208} INFO - Processing /opt/airflow/dags/dag_with_catchup_and_backfill.py took 0.205 seconds
[2024-09-26T02:37:17.711+0000] {processor.py:186} INFO - Started process (PID=143423) to work on /opt/airflow/dags/dag_with_catchup_and_backfill.py
[2024-09-26T02:37:17.713+0000] {processor.py:914} INFO - Processing file /opt/airflow/dags/dag_with_catchup_and_backfill.py for tasks to queue
[2024-09-26T02:37:17.716+0000] {logging_mixin.py:190} INFO - [2024-09-26T02:37:17.716+0000] {dagbag.py:587} INFO - Filling up the DagBag from /opt/airflow/dags/dag_with_catchup_and_backfill.py
[2024-09-26T02:37:17.796+0000] {processor.py:925} INFO - DAG(s) 'dag_with_catchup_backfill_v01.3' retrieved from /opt/airflow/dags/dag_with_catchup_and_backfill.py
[2024-09-26T02:37:17.824+0000] {logging_mixin.py:190} INFO - [2024-09-26T02:37:17.824+0000] {dag.py:3229} INFO - Sync 1 DAGs
[2024-09-26T02:37:17.851+0000] {logging_mixin.py:190} INFO - [2024-09-26T02:37:17.850+0000] {dag.py:4156} INFO - Setting next_dagrun for dag_with_catchup_backfill_v01.3 to 2024-09-25 00:00:00+00:00, run_after=2024-09-26 00:00:00+00:00
[2024-09-26T02:37:17.875+0000] {processor.py:208} INFO - Processing /opt/airflow/dags/dag_with_catchup_and_backfill.py took 0.169 seconds
[2024-09-26T02:37:48.186+0000] {processor.py:186} INFO - Started process (PID=143466) to work on /opt/airflow/dags/dag_with_catchup_and_backfill.py
[2024-09-26T02:37:48.188+0000] {processor.py:914} INFO - Processing file /opt/airflow/dags/dag_with_catchup_and_backfill.py for tasks to queue
[2024-09-26T02:37:48.191+0000] {logging_mixin.py:190} INFO - [2024-09-26T02:37:48.190+0000] {dagbag.py:587} INFO - Filling up the DagBag from /opt/airflow/dags/dag_with_catchup_and_backfill.py
[2024-09-26T02:37:48.281+0000] {processor.py:925} INFO - DAG(s) 'dag_with_catchup_backfill_v01.3' retrieved from /opt/airflow/dags/dag_with_catchup_and_backfill.py
[2024-09-26T02:37:48.307+0000] {logging_mixin.py:190} INFO - [2024-09-26T02:37:48.307+0000] {dag.py:3229} INFO - Sync 1 DAGs
[2024-09-26T02:37:48.327+0000] {logging_mixin.py:190} INFO - [2024-09-26T02:37:48.327+0000] {dag.py:4156} INFO - Setting next_dagrun for dag_with_catchup_backfill_v01.3 to 2024-09-25 00:00:00+00:00, run_after=2024-09-26 00:00:00+00:00
[2024-09-26T02:37:48.352+0000] {processor.py:208} INFO - Processing /opt/airflow/dags/dag_with_catchup_and_backfill.py took 0.181 seconds
[2024-09-26T02:38:18.783+0000] {processor.py:186} INFO - Started process (PID=143509) to work on /opt/airflow/dags/dag_with_catchup_and_backfill.py
[2024-09-26T02:38:18.785+0000] {processor.py:914} INFO - Processing file /opt/airflow/dags/dag_with_catchup_and_backfill.py for tasks to queue
[2024-09-26T02:38:18.787+0000] {logging_mixin.py:190} INFO - [2024-09-26T02:38:18.787+0000] {dagbag.py:587} INFO - Filling up the DagBag from /opt/airflow/dags/dag_with_catchup_and_backfill.py
[2024-09-26T02:38:18.886+0000] {processor.py:925} INFO - DAG(s) 'dag_with_catchup_backfill_v01.3' retrieved from /opt/airflow/dags/dag_with_catchup_and_backfill.py
[2024-09-26T02:38:18.911+0000] {logging_mixin.py:190} INFO - [2024-09-26T02:38:18.911+0000] {dag.py:3229} INFO - Sync 1 DAGs
[2024-09-26T02:38:18.934+0000] {logging_mixin.py:190} INFO - [2024-09-26T02:38:18.934+0000] {dag.py:4156} INFO - Setting next_dagrun for dag_with_catchup_backfill_v01.3 to 2024-09-25 00:00:00+00:00, run_after=2024-09-26 00:00:00+00:00
[2024-09-26T02:38:18.962+0000] {processor.py:208} INFO - Processing /opt/airflow/dags/dag_with_catchup_and_backfill.py took 0.190 seconds
[2024-09-26T02:38:49.429+0000] {processor.py:186} INFO - Started process (PID=143552) to work on /opt/airflow/dags/dag_with_catchup_and_backfill.py
[2024-09-26T02:38:49.431+0000] {processor.py:914} INFO - Processing file /opt/airflow/dags/dag_with_catchup_and_backfill.py for tasks to queue
[2024-09-26T02:38:49.433+0000] {logging_mixin.py:190} INFO - [2024-09-26T02:38:49.433+0000] {dagbag.py:587} INFO - Filling up the DagBag from /opt/airflow/dags/dag_with_catchup_and_backfill.py
[2024-09-26T02:38:49.529+0000] {processor.py:925} INFO - DAG(s) 'dag_with_catchup_backfill_v01.3' retrieved from /opt/airflow/dags/dag_with_catchup_and_backfill.py
[2024-09-26T02:38:49.556+0000] {logging_mixin.py:190} INFO - [2024-09-26T02:38:49.555+0000] {dag.py:3229} INFO - Sync 1 DAGs
[2024-09-26T02:38:49.579+0000] {logging_mixin.py:190} INFO - [2024-09-26T02:38:49.579+0000] {dag.py:4156} INFO - Setting next_dagrun for dag_with_catchup_backfill_v01.3 to 2024-09-25 00:00:00+00:00, run_after=2024-09-26 00:00:00+00:00
[2024-09-26T02:38:49.607+0000] {processor.py:208} INFO - Processing /opt/airflow/dags/dag_with_catchup_and_backfill.py took 0.186 seconds
[2024-09-26T02:39:20.040+0000] {processor.py:186} INFO - Started process (PID=143595) to work on /opt/airflow/dags/dag_with_catchup_and_backfill.py
[2024-09-26T02:39:20.042+0000] {processor.py:914} INFO - Processing file /opt/airflow/dags/dag_with_catchup_and_backfill.py for tasks to queue
[2024-09-26T02:39:20.044+0000] {logging_mixin.py:190} INFO - [2024-09-26T02:39:20.043+0000] {dagbag.py:587} INFO - Filling up the DagBag from /opt/airflow/dags/dag_with_catchup_and_backfill.py
[2024-09-26T02:39:20.144+0000] {processor.py:925} INFO - DAG(s) 'dag_with_catchup_backfill_v01.3' retrieved from /opt/airflow/dags/dag_with_catchup_and_backfill.py
[2024-09-26T02:39:20.166+0000] {logging_mixin.py:190} INFO - [2024-09-26T02:39:20.166+0000] {dag.py:3229} INFO - Sync 1 DAGs
[2024-09-26T02:39:20.188+0000] {logging_mixin.py:190} INFO - [2024-09-26T02:39:20.187+0000] {dag.py:4156} INFO - Setting next_dagrun for dag_with_catchup_backfill_v01.3 to 2024-09-25 00:00:00+00:00, run_after=2024-09-26 00:00:00+00:00
[2024-09-26T02:39:20.213+0000] {processor.py:208} INFO - Processing /opt/airflow/dags/dag_with_catchup_and_backfill.py took 0.181 seconds
[2024-09-26T02:39:50.852+0000] {processor.py:186} INFO - Started process (PID=143638) to work on /opt/airflow/dags/dag_with_catchup_and_backfill.py
[2024-09-26T02:39:50.853+0000] {processor.py:914} INFO - Processing file /opt/airflow/dags/dag_with_catchup_and_backfill.py for tasks to queue
[2024-09-26T02:39:50.855+0000] {logging_mixin.py:190} INFO - [2024-09-26T02:39:50.854+0000] {dagbag.py:587} INFO - Filling up the DagBag from /opt/airflow/dags/dag_with_catchup_and_backfill.py
[2024-09-26T02:39:50.919+0000] {processor.py:925} INFO - DAG(s) 'dag_with_catchup_backfill_v01.3' retrieved from /opt/airflow/dags/dag_with_catchup_and_backfill.py
[2024-09-26T02:39:50.946+0000] {logging_mixin.py:190} INFO - [2024-09-26T02:39:50.946+0000] {dag.py:3229} INFO - Sync 1 DAGs
[2024-09-26T02:39:50.969+0000] {logging_mixin.py:190} INFO - [2024-09-26T02:39:50.969+0000] {dag.py:4156} INFO - Setting next_dagrun for dag_with_catchup_backfill_v01.3 to 2024-09-25 00:00:00+00:00, run_after=2024-09-26 00:00:00+00:00
[2024-09-26T02:39:50.992+0000] {processor.py:208} INFO - Processing /opt/airflow/dags/dag_with_catchup_and_backfill.py took 0.146 seconds
[2024-09-26T02:40:22.103+0000] {processor.py:186} INFO - Started process (PID=143681) to work on /opt/airflow/dags/dag_with_catchup_and_backfill.py
[2024-09-26T02:40:22.106+0000] {processor.py:914} INFO - Processing file /opt/airflow/dags/dag_with_catchup_and_backfill.py for tasks to queue
[2024-09-26T02:40:22.109+0000] {logging_mixin.py:190} INFO - [2024-09-26T02:40:22.109+0000] {dagbag.py:587} INFO - Filling up the DagBag from /opt/airflow/dags/dag_with_catchup_and_backfill.py
[2024-09-26T02:40:22.244+0000] {processor.py:925} INFO - DAG(s) 'dag_with_catchup_backfill_v01.3' retrieved from /opt/airflow/dags/dag_with_catchup_and_backfill.py
[2024-09-26T02:40:22.268+0000] {logging_mixin.py:190} INFO - [2024-09-26T02:40:22.268+0000] {dag.py:3229} INFO - Sync 1 DAGs
[2024-09-26T02:40:22.288+0000] {logging_mixin.py:190} INFO - [2024-09-26T02:40:22.288+0000] {dag.py:4156} INFO - Setting next_dagrun for dag_with_catchup_backfill_v01.3 to 2024-09-25 00:00:00+00:00, run_after=2024-09-26 00:00:00+00:00
[2024-09-26T02:40:22.318+0000] {processor.py:208} INFO - Processing /opt/airflow/dags/dag_with_catchup_and_backfill.py took 0.226 seconds
[2024-09-26T02:40:52.890+0000] {processor.py:186} INFO - Started process (PID=143724) to work on /opt/airflow/dags/dag_with_catchup_and_backfill.py
[2024-09-26T02:40:52.892+0000] {processor.py:914} INFO - Processing file /opt/airflow/dags/dag_with_catchup_and_backfill.py for tasks to queue
[2024-09-26T02:40:52.894+0000] {logging_mixin.py:190} INFO - [2024-09-26T02:40:52.894+0000] {dagbag.py:587} INFO - Filling up the DagBag from /opt/airflow/dags/dag_with_catchup_and_backfill.py
[2024-09-26T02:40:53.001+0000] {processor.py:925} INFO - DAG(s) 'dag_with_catchup_backfill_v01.3' retrieved from /opt/airflow/dags/dag_with_catchup_and_backfill.py
[2024-09-26T02:40:53.028+0000] {logging_mixin.py:190} INFO - [2024-09-26T02:40:53.028+0000] {dag.py:3229} INFO - Sync 1 DAGs
[2024-09-26T02:40:53.052+0000] {logging_mixin.py:190} INFO - [2024-09-26T02:40:53.051+0000] {dag.py:4156} INFO - Setting next_dagrun for dag_with_catchup_backfill_v01.3 to 2024-09-25 00:00:00+00:00, run_after=2024-09-26 00:00:00+00:00
[2024-09-26T02:40:53.080+0000] {processor.py:208} INFO - Processing /opt/airflow/dags/dag_with_catchup_and_backfill.py took 0.198 seconds
[2024-09-26T02:41:23.654+0000] {processor.py:186} INFO - Started process (PID=143767) to work on /opt/airflow/dags/dag_with_catchup_and_backfill.py
[2024-09-26T02:41:23.655+0000] {processor.py:914} INFO - Processing file /opt/airflow/dags/dag_with_catchup_and_backfill.py for tasks to queue
[2024-09-26T02:41:23.657+0000] {logging_mixin.py:190} INFO - [2024-09-26T02:41:23.657+0000] {dagbag.py:587} INFO - Filling up the DagBag from /opt/airflow/dags/dag_with_catchup_and_backfill.py
[2024-09-26T02:41:23.734+0000] {processor.py:925} INFO - DAG(s) 'dag_with_catchup_backfill_v01.3' retrieved from /opt/airflow/dags/dag_with_catchup_and_backfill.py
[2024-09-26T02:41:23.757+0000] {logging_mixin.py:190} INFO - [2024-09-26T02:41:23.757+0000] {dag.py:3229} INFO - Sync 1 DAGs
[2024-09-26T02:41:23.779+0000] {logging_mixin.py:190} INFO - [2024-09-26T02:41:23.779+0000] {dag.py:4156} INFO - Setting next_dagrun for dag_with_catchup_backfill_v01.3 to 2024-09-25 00:00:00+00:00, run_after=2024-09-26 00:00:00+00:00
[2024-09-26T02:41:23.817+0000] {processor.py:208} INFO - Processing /opt/airflow/dags/dag_with_catchup_and_backfill.py took 0.168 seconds
[2024-09-26T02:41:54.167+0000] {processor.py:186} INFO - Started process (PID=143810) to work on /opt/airflow/dags/dag_with_catchup_and_backfill.py
[2024-09-26T02:41:54.170+0000] {processor.py:914} INFO - Processing file /opt/airflow/dags/dag_with_catchup_and_backfill.py for tasks to queue
[2024-09-26T02:41:54.174+0000] {logging_mixin.py:190} INFO - [2024-09-26T02:41:54.173+0000] {dagbag.py:587} INFO - Filling up the DagBag from /opt/airflow/dags/dag_with_catchup_and_backfill.py
[2024-09-26T02:41:54.286+0000] {processor.py:925} INFO - DAG(s) 'dag_with_catchup_backfill_v01.3' retrieved from /opt/airflow/dags/dag_with_catchup_and_backfill.py
[2024-09-26T02:41:54.318+0000] {logging_mixin.py:190} INFO - [2024-09-26T02:41:54.318+0000] {dag.py:3229} INFO - Sync 1 DAGs
[2024-09-26T02:41:54.347+0000] {logging_mixin.py:190} INFO - [2024-09-26T02:41:54.346+0000] {dag.py:4156} INFO - Setting next_dagrun for dag_with_catchup_backfill_v01.3 to 2024-09-25 00:00:00+00:00, run_after=2024-09-26 00:00:00+00:00
[2024-09-26T02:41:54.373+0000] {processor.py:208} INFO - Processing /opt/airflow/dags/dag_with_catchup_and_backfill.py took 0.216 seconds
[2024-09-26T02:42:24.919+0000] {processor.py:186} INFO - Started process (PID=143853) to work on /opt/airflow/dags/dag_with_catchup_and_backfill.py
[2024-09-26T02:42:24.921+0000] {processor.py:914} INFO - Processing file /opt/airflow/dags/dag_with_catchup_and_backfill.py for tasks to queue
[2024-09-26T02:42:24.924+0000] {logging_mixin.py:190} INFO - [2024-09-26T02:42:24.923+0000] {dagbag.py:587} INFO - Filling up the DagBag from /opt/airflow/dags/dag_with_catchup_and_backfill.py
[2024-09-26T02:42:25.027+0000] {processor.py:925} INFO - DAG(s) 'dag_with_catchup_backfill_v01.3' retrieved from /opt/airflow/dags/dag_with_catchup_and_backfill.py
[2024-09-26T02:42:25.060+0000] {logging_mixin.py:190} INFO - [2024-09-26T02:42:25.059+0000] {dag.py:3229} INFO - Sync 1 DAGs
[2024-09-26T02:42:25.081+0000] {logging_mixin.py:190} INFO - [2024-09-26T02:42:25.081+0000] {dag.py:4156} INFO - Setting next_dagrun for dag_with_catchup_backfill_v01.3 to 2024-09-25 00:00:00+00:00, run_after=2024-09-26 00:00:00+00:00
[2024-09-26T02:42:25.116+0000] {processor.py:208} INFO - Processing /opt/airflow/dags/dag_with_catchup_and_backfill.py took 0.206 seconds
[2024-09-26T02:42:55.606+0000] {processor.py:186} INFO - Started process (PID=143896) to work on /opt/airflow/dags/dag_with_catchup_and_backfill.py
[2024-09-26T02:42:55.608+0000] {processor.py:914} INFO - Processing file /opt/airflow/dags/dag_with_catchup_and_backfill.py for tasks to queue
[2024-09-26T02:42:55.610+0000] {logging_mixin.py:190} INFO - [2024-09-26T02:42:55.610+0000] {dagbag.py:587} INFO - Filling up the DagBag from /opt/airflow/dags/dag_with_catchup_and_backfill.py
[2024-09-26T02:42:55.693+0000] {processor.py:925} INFO - DAG(s) 'dag_with_catchup_backfill_v01.3' retrieved from /opt/airflow/dags/dag_with_catchup_and_backfill.py
[2024-09-26T02:42:55.720+0000] {logging_mixin.py:190} INFO - [2024-09-26T02:42:55.720+0000] {dag.py:3229} INFO - Sync 1 DAGs
[2024-09-26T02:42:55.747+0000] {logging_mixin.py:190} INFO - [2024-09-26T02:42:55.747+0000] {dag.py:4156} INFO - Setting next_dagrun for dag_with_catchup_backfill_v01.3 to 2024-09-25 00:00:00+00:00, run_after=2024-09-26 00:00:00+00:00
[2024-09-26T02:42:55.774+0000] {processor.py:208} INFO - Processing /opt/airflow/dags/dag_with_catchup_and_backfill.py took 0.173 seconds
[2024-09-26T02:43:26.265+0000] {processor.py:186} INFO - Started process (PID=143939) to work on /opt/airflow/dags/dag_with_catchup_and_backfill.py
[2024-09-26T02:43:26.267+0000] {processor.py:914} INFO - Processing file /opt/airflow/dags/dag_with_catchup_and_backfill.py for tasks to queue
[2024-09-26T02:43:26.270+0000] {logging_mixin.py:190} INFO - [2024-09-26T02:43:26.270+0000] {dagbag.py:587} INFO - Filling up the DagBag from /opt/airflow/dags/dag_with_catchup_and_backfill.py
[2024-09-26T02:43:26.388+0000] {processor.py:925} INFO - DAG(s) 'dag_with_catchup_backfill_v01.3' retrieved from /opt/airflow/dags/dag_with_catchup_and_backfill.py
[2024-09-26T02:43:26.415+0000] {logging_mixin.py:190} INFO - [2024-09-26T02:43:26.414+0000] {dag.py:3229} INFO - Sync 1 DAGs
[2024-09-26T02:43:26.435+0000] {logging_mixin.py:190} INFO - [2024-09-26T02:43:26.435+0000] {dag.py:4156} INFO - Setting next_dagrun for dag_with_catchup_backfill_v01.3 to 2024-09-25 00:00:00+00:00, run_after=2024-09-26 00:00:00+00:00
[2024-09-26T02:43:26.468+0000] {processor.py:208} INFO - Processing /opt/airflow/dags/dag_with_catchup_and_backfill.py took 0.215 seconds
[2024-09-26T02:43:56.992+0000] {processor.py:186} INFO - Started process (PID=143982) to work on /opt/airflow/dags/dag_with_catchup_and_backfill.py
[2024-09-26T02:43:56.994+0000] {processor.py:914} INFO - Processing file /opt/airflow/dags/dag_with_catchup_and_backfill.py for tasks to queue
[2024-09-26T02:43:56.997+0000] {logging_mixin.py:190} INFO - [2024-09-26T02:43:56.996+0000] {dagbag.py:587} INFO - Filling up the DagBag from /opt/airflow/dags/dag_with_catchup_and_backfill.py
[2024-09-26T02:43:57.105+0000] {processor.py:925} INFO - DAG(s) 'dag_with_catchup_backfill_v01.3' retrieved from /opt/airflow/dags/dag_with_catchup_and_backfill.py
[2024-09-26T02:43:57.135+0000] {logging_mixin.py:190} INFO - [2024-09-26T02:43:57.135+0000] {dag.py:3229} INFO - Sync 1 DAGs
[2024-09-26T02:43:57.156+0000] {logging_mixin.py:190} INFO - [2024-09-26T02:43:57.156+0000] {dag.py:4156} INFO - Setting next_dagrun for dag_with_catchup_backfill_v01.3 to 2024-09-25 00:00:00+00:00, run_after=2024-09-26 00:00:00+00:00
[2024-09-26T02:43:57.181+0000] {processor.py:208} INFO - Processing /opt/airflow/dags/dag_with_catchup_and_backfill.py took 0.204 seconds
[2024-09-26T02:44:27.703+0000] {processor.py:186} INFO - Started process (PID=144025) to work on /opt/airflow/dags/dag_with_catchup_and_backfill.py
[2024-09-26T02:44:27.706+0000] {processor.py:914} INFO - Processing file /opt/airflow/dags/dag_with_catchup_and_backfill.py for tasks to queue
[2024-09-26T02:44:27.710+0000] {logging_mixin.py:190} INFO - [2024-09-26T02:44:27.709+0000] {dagbag.py:587} INFO - Filling up the DagBag from /opt/airflow/dags/dag_with_catchup_and_backfill.py
[2024-09-26T02:44:27.826+0000] {processor.py:925} INFO - DAG(s) 'dag_with_catchup_backfill_v01.3' retrieved from /opt/airflow/dags/dag_with_catchup_and_backfill.py
[2024-09-26T02:44:27.856+0000] {logging_mixin.py:190} INFO - [2024-09-26T02:44:27.856+0000] {dag.py:3229} INFO - Sync 1 DAGs
[2024-09-26T02:44:27.878+0000] {logging_mixin.py:190} INFO - [2024-09-26T02:44:27.878+0000] {dag.py:4156} INFO - Setting next_dagrun for dag_with_catchup_backfill_v01.3 to 2024-09-25 00:00:00+00:00, run_after=2024-09-26 00:00:00+00:00
[2024-09-26T02:44:27.915+0000] {processor.py:208} INFO - Processing /opt/airflow/dags/dag_with_catchup_and_backfill.py took 0.223 seconds
[2024-09-26T02:44:59.156+0000] {processor.py:186} INFO - Started process (PID=144068) to work on /opt/airflow/dags/dag_with_catchup_and_backfill.py
[2024-09-26T02:44:59.160+0000] {processor.py:914} INFO - Processing file /opt/airflow/dags/dag_with_catchup_and_backfill.py for tasks to queue
[2024-09-26T02:44:59.165+0000] {logging_mixin.py:190} INFO - [2024-09-26T02:44:59.164+0000] {dagbag.py:587} INFO - Filling up the DagBag from /opt/airflow/dags/dag_with_catchup_and_backfill.py
[2024-09-26T02:44:59.287+0000] {processor.py:925} INFO - DAG(s) 'dag_with_catchup_backfill_v01.3' retrieved from /opt/airflow/dags/dag_with_catchup_and_backfill.py
[2024-09-26T02:44:59.335+0000] {logging_mixin.py:190} INFO - [2024-09-26T02:44:59.335+0000] {dag.py:3229} INFO - Sync 1 DAGs
[2024-09-26T02:44:59.359+0000] {logging_mixin.py:190} INFO - [2024-09-26T02:44:59.359+0000] {dag.py:4156} INFO - Setting next_dagrun for dag_with_catchup_backfill_v01.3 to 2024-09-25 00:00:00+00:00, run_after=2024-09-26 00:00:00+00:00
[2024-09-26T02:44:59.380+0000] {processor.py:208} INFO - Processing /opt/airflow/dags/dag_with_catchup_and_backfill.py took 0.238 seconds
[2024-09-26T02:45:30.197+0000] {processor.py:186} INFO - Started process (PID=144111) to work on /opt/airflow/dags/dag_with_catchup_and_backfill.py
[2024-09-26T02:45:30.200+0000] {processor.py:914} INFO - Processing file /opt/airflow/dags/dag_with_catchup_and_backfill.py for tasks to queue
[2024-09-26T02:45:30.203+0000] {logging_mixin.py:190} INFO - [2024-09-26T02:45:30.203+0000] {dagbag.py:587} INFO - Filling up the DagBag from /opt/airflow/dags/dag_with_catchup_and_backfill.py
[2024-09-26T02:45:30.321+0000] {processor.py:925} INFO - DAG(s) 'dag_with_catchup_backfill_v01.3' retrieved from /opt/airflow/dags/dag_with_catchup_and_backfill.py
[2024-09-26T02:45:30.350+0000] {logging_mixin.py:190} INFO - [2024-09-26T02:45:30.350+0000] {dag.py:3229} INFO - Sync 1 DAGs
[2024-09-26T02:45:30.371+0000] {logging_mixin.py:190} INFO - [2024-09-26T02:45:30.371+0000] {dag.py:4156} INFO - Setting next_dagrun for dag_with_catchup_backfill_v01.3 to 2024-09-25 00:00:00+00:00, run_after=2024-09-26 00:00:00+00:00
[2024-09-26T02:45:30.414+0000] {processor.py:208} INFO - Processing /opt/airflow/dags/dag_with_catchup_and_backfill.py took 0.227 seconds
[2024-09-26T02:46:00.934+0000] {processor.py:186} INFO - Started process (PID=144154) to work on /opt/airflow/dags/dag_with_catchup_and_backfill.py
[2024-09-26T02:46:00.936+0000] {processor.py:914} INFO - Processing file /opt/airflow/dags/dag_with_catchup_and_backfill.py for tasks to queue
[2024-09-26T02:46:00.940+0000] {logging_mixin.py:190} INFO - [2024-09-26T02:46:00.939+0000] {dagbag.py:587} INFO - Filling up the DagBag from /opt/airflow/dags/dag_with_catchup_and_backfill.py
[2024-09-26T02:46:01.040+0000] {processor.py:925} INFO - DAG(s) 'dag_with_catchup_backfill_v01.3' retrieved from /opt/airflow/dags/dag_with_catchup_and_backfill.py
[2024-09-26T02:46:01.062+0000] {logging_mixin.py:190} INFO - [2024-09-26T02:46:01.062+0000] {dag.py:3229} INFO - Sync 1 DAGs
[2024-09-26T02:46:01.089+0000] {logging_mixin.py:190} INFO - [2024-09-26T02:46:01.089+0000] {dag.py:4156} INFO - Setting next_dagrun for dag_with_catchup_backfill_v01.3 to 2024-09-25 00:00:00+00:00, run_after=2024-09-26 00:00:00+00:00
[2024-09-26T02:46:01.117+0000] {processor.py:208} INFO - Processing /opt/airflow/dags/dag_with_catchup_and_backfill.py took 0.193 seconds
[2024-09-26T02:46:31.835+0000] {processor.py:186} INFO - Started process (PID=144197) to work on /opt/airflow/dags/dag_with_catchup_and_backfill.py
[2024-09-26T02:46:31.837+0000] {processor.py:914} INFO - Processing file /opt/airflow/dags/dag_with_catchup_and_backfill.py for tasks to queue
[2024-09-26T02:46:31.839+0000] {logging_mixin.py:190} INFO - [2024-09-26T02:46:31.839+0000] {dagbag.py:587} INFO - Filling up the DagBag from /opt/airflow/dags/dag_with_catchup_and_backfill.py
[2024-09-26T02:46:31.955+0000] {processor.py:925} INFO - DAG(s) 'dag_with_catchup_backfill_v01.3' retrieved from /opt/airflow/dags/dag_with_catchup_and_backfill.py
[2024-09-26T02:46:31.982+0000] {logging_mixin.py:190} INFO - [2024-09-26T02:46:31.982+0000] {dag.py:3229} INFO - Sync 1 DAGs
[2024-09-26T02:46:32.003+0000] {logging_mixin.py:190} INFO - [2024-09-26T02:46:32.003+0000] {dag.py:4156} INFO - Setting next_dagrun for dag_with_catchup_backfill_v01.3 to 2024-09-25 00:00:00+00:00, run_after=2024-09-26 00:00:00+00:00
[2024-09-26T02:46:32.037+0000] {processor.py:208} INFO - Processing /opt/airflow/dags/dag_with_catchup_and_backfill.py took 0.208 seconds
[2024-09-26T02:47:02.487+0000] {processor.py:186} INFO - Started process (PID=144240) to work on /opt/airflow/dags/dag_with_catchup_and_backfill.py
[2024-09-26T02:47:02.489+0000] {processor.py:914} INFO - Processing file /opt/airflow/dags/dag_with_catchup_and_backfill.py for tasks to queue
[2024-09-26T02:47:02.492+0000] {logging_mixin.py:190} INFO - [2024-09-26T02:47:02.492+0000] {dagbag.py:587} INFO - Filling up the DagBag from /opt/airflow/dags/dag_with_catchup_and_backfill.py
[2024-09-26T02:47:02.593+0000] {processor.py:925} INFO - DAG(s) 'dag_with_catchup_backfill_v01.3' retrieved from /opt/airflow/dags/dag_with_catchup_and_backfill.py
[2024-09-26T02:47:02.617+0000] {logging_mixin.py:190} INFO - [2024-09-26T02:47:02.617+0000] {dag.py:3229} INFO - Sync 1 DAGs
[2024-09-26T02:47:02.636+0000] {logging_mixin.py:190} INFO - [2024-09-26T02:47:02.636+0000] {dag.py:4156} INFO - Setting next_dagrun for dag_with_catchup_backfill_v01.3 to 2024-09-25 00:00:00+00:00, run_after=2024-09-26 00:00:00+00:00
[2024-09-26T02:47:02.666+0000] {processor.py:208} INFO - Processing /opt/airflow/dags/dag_with_catchup_and_backfill.py took 0.190 seconds
[2024-09-26T02:47:33.429+0000] {processor.py:186} INFO - Started process (PID=144283) to work on /opt/airflow/dags/dag_with_catchup_and_backfill.py
[2024-09-26T02:47:33.431+0000] {processor.py:914} INFO - Processing file /opt/airflow/dags/dag_with_catchup_and_backfill.py for tasks to queue
[2024-09-26T02:47:33.432+0000] {logging_mixin.py:190} INFO - [2024-09-26T02:47:33.432+0000] {dagbag.py:587} INFO - Filling up the DagBag from /opt/airflow/dags/dag_with_catchup_and_backfill.py
[2024-09-26T02:47:33.541+0000] {processor.py:925} INFO - DAG(s) 'dag_with_catchup_backfill_v01.3' retrieved from /opt/airflow/dags/dag_with_catchup_and_backfill.py
[2024-09-26T02:47:33.569+0000] {logging_mixin.py:190} INFO - [2024-09-26T02:47:33.568+0000] {dag.py:3229} INFO - Sync 1 DAGs
[2024-09-26T02:47:33.599+0000] {logging_mixin.py:190} INFO - [2024-09-26T02:47:33.599+0000] {dag.py:4156} INFO - Setting next_dagrun for dag_with_catchup_backfill_v01.3 to 2024-09-25 00:00:00+00:00, run_after=2024-09-26 00:00:00+00:00
[2024-09-26T02:47:33.625+0000] {processor.py:208} INFO - Processing /opt/airflow/dags/dag_with_catchup_and_backfill.py took 0.201 seconds
[2024-09-26T02:48:04.426+0000] {processor.py:186} INFO - Started process (PID=144326) to work on /opt/airflow/dags/dag_with_catchup_and_backfill.py
[2024-09-26T02:48:04.429+0000] {processor.py:914} INFO - Processing file /opt/airflow/dags/dag_with_catchup_and_backfill.py for tasks to queue
[2024-09-26T02:48:04.431+0000] {logging_mixin.py:190} INFO - [2024-09-26T02:48:04.431+0000] {dagbag.py:587} INFO - Filling up the DagBag from /opt/airflow/dags/dag_with_catchup_and_backfill.py
[2024-09-26T02:48:04.539+0000] {processor.py:925} INFO - DAG(s) 'dag_with_catchup_backfill_v01.3' retrieved from /opt/airflow/dags/dag_with_catchup_and_backfill.py
[2024-09-26T02:48:04.569+0000] {logging_mixin.py:190} INFO - [2024-09-26T02:48:04.569+0000] {dag.py:3229} INFO - Sync 1 DAGs
[2024-09-26T02:48:04.594+0000] {logging_mixin.py:190} INFO - [2024-09-26T02:48:04.594+0000] {dag.py:4156} INFO - Setting next_dagrun for dag_with_catchup_backfill_v01.3 to 2024-09-25 00:00:00+00:00, run_after=2024-09-26 00:00:00+00:00
[2024-09-26T02:48:04.626+0000] {processor.py:208} INFO - Processing /opt/airflow/dags/dag_with_catchup_and_backfill.py took 0.211 seconds
[2024-09-26T02:48:35.479+0000] {processor.py:186} INFO - Started process (PID=144369) to work on /opt/airflow/dags/dag_with_catchup_and_backfill.py
[2024-09-26T02:48:35.481+0000] {processor.py:914} INFO - Processing file /opt/airflow/dags/dag_with_catchup_and_backfill.py for tasks to queue
[2024-09-26T02:48:35.483+0000] {logging_mixin.py:190} INFO - [2024-09-26T02:48:35.483+0000] {dagbag.py:587} INFO - Filling up the DagBag from /opt/airflow/dags/dag_with_catchup_and_backfill.py
[2024-09-26T02:48:35.592+0000] {processor.py:925} INFO - DAG(s) 'dag_with_catchup_backfill_v01.3' retrieved from /opt/airflow/dags/dag_with_catchup_and_backfill.py
[2024-09-26T02:48:35.619+0000] {logging_mixin.py:190} INFO - [2024-09-26T02:48:35.619+0000] {dag.py:3229} INFO - Sync 1 DAGs
[2024-09-26T02:48:35.643+0000] {logging_mixin.py:190} INFO - [2024-09-26T02:48:35.643+0000] {dag.py:4156} INFO - Setting next_dagrun for dag_with_catchup_backfill_v01.3 to 2024-09-25 00:00:00+00:00, run_after=2024-09-26 00:00:00+00:00
[2024-09-26T02:48:35.672+0000] {processor.py:208} INFO - Processing /opt/airflow/dags/dag_with_catchup_and_backfill.py took 0.203 seconds
[2024-09-26T02:49:06.501+0000] {processor.py:186} INFO - Started process (PID=144412) to work on /opt/airflow/dags/dag_with_catchup_and_backfill.py
[2024-09-26T02:49:06.503+0000] {processor.py:914} INFO - Processing file /opt/airflow/dags/dag_with_catchup_and_backfill.py for tasks to queue
[2024-09-26T02:49:06.505+0000] {logging_mixin.py:190} INFO - [2024-09-26T02:49:06.504+0000] {dagbag.py:587} INFO - Filling up the DagBag from /opt/airflow/dags/dag_with_catchup_and_backfill.py
[2024-09-26T02:49:06.591+0000] {processor.py:925} INFO - DAG(s) 'dag_with_catchup_backfill_v01.3' retrieved from /opt/airflow/dags/dag_with_catchup_and_backfill.py
[2024-09-26T02:49:06.624+0000] {logging_mixin.py:190} INFO - [2024-09-26T02:49:06.624+0000] {dag.py:3229} INFO - Sync 1 DAGs
[2024-09-26T02:49:06.646+0000] {logging_mixin.py:190} INFO - [2024-09-26T02:49:06.646+0000] {dag.py:4156} INFO - Setting next_dagrun for dag_with_catchup_backfill_v01.3 to 2024-09-25 00:00:00+00:00, run_after=2024-09-26 00:00:00+00:00
[2024-09-26T02:49:06.673+0000] {processor.py:208} INFO - Processing /opt/airflow/dags/dag_with_catchup_and_backfill.py took 0.178 seconds
[2024-09-26T02:49:37.578+0000] {processor.py:186} INFO - Started process (PID=144455) to work on /opt/airflow/dags/dag_with_catchup_and_backfill.py
[2024-09-26T02:49:37.580+0000] {processor.py:914} INFO - Processing file /opt/airflow/dags/dag_with_catchup_and_backfill.py for tasks to queue
[2024-09-26T02:49:37.581+0000] {logging_mixin.py:190} INFO - [2024-09-26T02:49:37.581+0000] {dagbag.py:587} INFO - Filling up the DagBag from /opt/airflow/dags/dag_with_catchup_and_backfill.py
[2024-09-26T02:49:37.662+0000] {processor.py:925} INFO - DAG(s) 'dag_with_catchup_backfill_v01.3' retrieved from /opt/airflow/dags/dag_with_catchup_and_backfill.py
[2024-09-26T02:49:37.687+0000] {logging_mixin.py:190} INFO - [2024-09-26T02:49:37.686+0000] {dag.py:3229} INFO - Sync 1 DAGs
[2024-09-26T02:49:37.716+0000] {logging_mixin.py:190} INFO - [2024-09-26T02:49:37.716+0000] {dag.py:4156} INFO - Setting next_dagrun for dag_with_catchup_backfill_v01.3 to 2024-09-25 00:00:00+00:00, run_after=2024-09-26 00:00:00+00:00
[2024-09-26T02:49:37.741+0000] {processor.py:208} INFO - Processing /opt/airflow/dags/dag_with_catchup_and_backfill.py took 0.172 seconds
[2024-09-26T02:50:08.076+0000] {processor.py:186} INFO - Started process (PID=144498) to work on /opt/airflow/dags/dag_with_catchup_and_backfill.py
[2024-09-26T02:50:08.078+0000] {processor.py:914} INFO - Processing file /opt/airflow/dags/dag_with_catchup_and_backfill.py for tasks to queue
[2024-09-26T02:50:08.080+0000] {logging_mixin.py:190} INFO - [2024-09-26T02:50:08.079+0000] {dagbag.py:587} INFO - Filling up the DagBag from /opt/airflow/dags/dag_with_catchup_and_backfill.py
[2024-09-26T02:50:08.195+0000] {processor.py:925} INFO - DAG(s) 'dag_with_catchup_backfill_v01.3' retrieved from /opt/airflow/dags/dag_with_catchup_and_backfill.py
[2024-09-26T02:50:08.224+0000] {logging_mixin.py:190} INFO - [2024-09-26T02:50:08.223+0000] {dag.py:3229} INFO - Sync 1 DAGs
[2024-09-26T02:50:08.247+0000] {logging_mixin.py:190} INFO - [2024-09-26T02:50:08.247+0000] {dag.py:4156} INFO - Setting next_dagrun for dag_with_catchup_backfill_v01.3 to 2024-09-25 00:00:00+00:00, run_after=2024-09-26 00:00:00+00:00
[2024-09-26T02:50:08.277+0000] {processor.py:208} INFO - Processing /opt/airflow/dags/dag_with_catchup_and_backfill.py took 0.207 seconds
[2024-09-26T02:50:38.719+0000] {processor.py:186} INFO - Started process (PID=144541) to work on /opt/airflow/dags/dag_with_catchup_and_backfill.py
[2024-09-26T02:50:38.721+0000] {processor.py:914} INFO - Processing file /opt/airflow/dags/dag_with_catchup_and_backfill.py for tasks to queue
[2024-09-26T02:50:38.723+0000] {logging_mixin.py:190} INFO - [2024-09-26T02:50:38.722+0000] {dagbag.py:587} INFO - Filling up the DagBag from /opt/airflow/dags/dag_with_catchup_and_backfill.py
[2024-09-26T02:50:38.802+0000] {processor.py:925} INFO - DAG(s) 'dag_with_catchup_backfill_v01.3' retrieved from /opt/airflow/dags/dag_with_catchup_and_backfill.py
[2024-09-26T02:50:38.824+0000] {logging_mixin.py:190} INFO - [2024-09-26T02:50:38.824+0000] {dag.py:3229} INFO - Sync 1 DAGs
[2024-09-26T02:50:38.849+0000] {logging_mixin.py:190} INFO - [2024-09-26T02:50:38.848+0000] {dag.py:4156} INFO - Setting next_dagrun for dag_with_catchup_backfill_v01.3 to 2024-09-25 00:00:00+00:00, run_after=2024-09-26 00:00:00+00:00
[2024-09-26T02:50:38.874+0000] {processor.py:208} INFO - Processing /opt/airflow/dags/dag_with_catchup_and_backfill.py took 0.160 seconds
[2024-09-26T02:51:09.279+0000] {processor.py:186} INFO - Started process (PID=144582) to work on /opt/airflow/dags/dag_with_catchup_and_backfill.py
[2024-09-26T02:51:09.281+0000] {processor.py:914} INFO - Processing file /opt/airflow/dags/dag_with_catchup_and_backfill.py for tasks to queue
[2024-09-26T02:51:09.284+0000] {logging_mixin.py:190} INFO - [2024-09-26T02:51:09.283+0000] {dagbag.py:587} INFO - Filling up the DagBag from /opt/airflow/dags/dag_with_catchup_and_backfill.py
[2024-09-26T02:51:09.418+0000] {processor.py:925} INFO - DAG(s) 'dag_with_catchup_backfill_v01.3' retrieved from /opt/airflow/dags/dag_with_catchup_and_backfill.py
[2024-09-26T02:51:09.457+0000] {logging_mixin.py:190} INFO - [2024-09-26T02:51:09.457+0000] {dag.py:3229} INFO - Sync 1 DAGs
[2024-09-26T02:51:09.480+0000] {logging_mixin.py:190} INFO - [2024-09-26T02:51:09.480+0000] {dag.py:4156} INFO - Setting next_dagrun for dag_with_catchup_backfill_v01.3 to 2024-09-25 00:00:00+00:00, run_after=2024-09-26 00:00:00+00:00
[2024-09-26T02:51:09.502+0000] {processor.py:208} INFO - Processing /opt/airflow/dags/dag_with_catchup_and_backfill.py took 0.229 seconds
[2024-09-26T02:51:40.321+0000] {processor.py:186} INFO - Started process (PID=144627) to work on /opt/airflow/dags/dag_with_catchup_and_backfill.py
[2024-09-26T02:51:40.323+0000] {processor.py:914} INFO - Processing file /opt/airflow/dags/dag_with_catchup_and_backfill.py for tasks to queue
[2024-09-26T02:51:40.325+0000] {logging_mixin.py:190} INFO - [2024-09-26T02:51:40.324+0000] {dagbag.py:587} INFO - Filling up the DagBag from /opt/airflow/dags/dag_with_catchup_and_backfill.py
[2024-09-26T02:51:40.399+0000] {processor.py:925} INFO - DAG(s) 'dag_with_catchup_backfill_v01.3' retrieved from /opt/airflow/dags/dag_with_catchup_and_backfill.py
[2024-09-26T02:51:40.424+0000] {logging_mixin.py:190} INFO - [2024-09-26T02:51:40.423+0000] {dag.py:3229} INFO - Sync 1 DAGs
[2024-09-26T02:51:40.449+0000] {logging_mixin.py:190} INFO - [2024-09-26T02:51:40.449+0000] {dag.py:4156} INFO - Setting next_dagrun for dag_with_catchup_backfill_v01.3 to 2024-09-25 00:00:00+00:00, run_after=2024-09-26 00:00:00+00:00
[2024-09-26T02:51:40.469+0000] {processor.py:208} INFO - Processing /opt/airflow/dags/dag_with_catchup_and_backfill.py took 0.156 seconds
[2024-09-26T02:52:11.102+0000] {processor.py:186} INFO - Started process (PID=144668) to work on /opt/airflow/dags/dag_with_catchup_and_backfill.py
[2024-09-26T02:52:11.104+0000] {processor.py:914} INFO - Processing file /opt/airflow/dags/dag_with_catchup_and_backfill.py for tasks to queue
[2024-09-26T02:52:11.107+0000] {logging_mixin.py:190} INFO - [2024-09-26T02:52:11.106+0000] {dagbag.py:587} INFO - Filling up the DagBag from /opt/airflow/dags/dag_with_catchup_and_backfill.py
[2024-09-26T02:52:11.174+0000] {processor.py:925} INFO - DAG(s) 'dag_with_catchup_backfill_v01.3' retrieved from /opt/airflow/dags/dag_with_catchup_and_backfill.py
[2024-09-26T02:52:11.210+0000] {logging_mixin.py:190} INFO - [2024-09-26T02:52:11.210+0000] {dag.py:3229} INFO - Sync 1 DAGs
[2024-09-26T02:52:11.243+0000] {logging_mixin.py:190} INFO - [2024-09-26T02:52:11.242+0000] {dag.py:4156} INFO - Setting next_dagrun for dag_with_catchup_backfill_v01.3 to 2024-09-25 00:00:00+00:00, run_after=2024-09-26 00:00:00+00:00
[2024-09-26T02:52:11.274+0000] {processor.py:208} INFO - Processing /opt/airflow/dags/dag_with_catchup_and_backfill.py took 0.181 seconds
[2024-09-26T02:52:42.057+0000] {processor.py:186} INFO - Started process (PID=144718) to work on /opt/airflow/dags/dag_with_catchup_and_backfill.py
[2024-09-26T02:52:42.060+0000] {processor.py:914} INFO - Processing file /opt/airflow/dags/dag_with_catchup_and_backfill.py for tasks to queue
[2024-09-26T02:52:42.062+0000] {logging_mixin.py:190} INFO - [2024-09-26T02:52:42.062+0000] {dagbag.py:587} INFO - Filling up the DagBag from /opt/airflow/dags/dag_with_catchup_and_backfill.py
[2024-09-26T02:52:42.175+0000] {processor.py:925} INFO - DAG(s) 'dag_with_catchup_backfill_v01.3' retrieved from /opt/airflow/dags/dag_with_catchup_and_backfill.py
[2024-09-26T02:52:42.201+0000] {logging_mixin.py:190} INFO - [2024-09-26T02:52:42.201+0000] {dag.py:3229} INFO - Sync 1 DAGs
[2024-09-26T02:52:42.222+0000] {logging_mixin.py:190} INFO - [2024-09-26T02:52:42.222+0000] {dag.py:4156} INFO - Setting next_dagrun for dag_with_catchup_backfill_v01.3 to 2024-09-25 00:00:00+00:00, run_after=2024-09-26 00:00:00+00:00
[2024-09-26T02:52:42.257+0000] {processor.py:208} INFO - Processing /opt/airflow/dags/dag_with_catchup_and_backfill.py took 0.209 seconds
[2024-09-26T02:53:13.173+0000] {processor.py:186} INFO - Started process (PID=144764) to work on /opt/airflow/dags/dag_with_catchup_and_backfill.py
[2024-09-26T02:53:13.174+0000] {processor.py:914} INFO - Processing file /opt/airflow/dags/dag_with_catchup_and_backfill.py for tasks to queue
[2024-09-26T02:53:13.176+0000] {logging_mixin.py:190} INFO - [2024-09-26T02:53:13.176+0000] {dagbag.py:587} INFO - Filling up the DagBag from /opt/airflow/dags/dag_with_catchup_and_backfill.py
[2024-09-26T02:53:13.256+0000] {processor.py:925} INFO - DAG(s) 'dag_with_catchup_backfill_v01.3' retrieved from /opt/airflow/dags/dag_with_catchup_and_backfill.py
[2024-09-26T02:53:13.282+0000] {logging_mixin.py:190} INFO - [2024-09-26T02:53:13.281+0000] {dag.py:3229} INFO - Sync 1 DAGs
[2024-09-26T02:53:13.304+0000] {logging_mixin.py:190} INFO - [2024-09-26T02:53:13.304+0000] {dag.py:4156} INFO - Setting next_dagrun for dag_with_catchup_backfill_v01.3 to 2024-09-25 00:00:00+00:00, run_after=2024-09-26 00:00:00+00:00
[2024-09-26T02:53:13.333+0000] {processor.py:208} INFO - Processing /opt/airflow/dags/dag_with_catchup_and_backfill.py took 0.166 seconds
[2024-09-26T02:53:44.183+0000] {processor.py:186} INFO - Started process (PID=144807) to work on /opt/airflow/dags/dag_with_catchup_and_backfill.py
[2024-09-26T02:53:44.185+0000] {processor.py:914} INFO - Processing file /opt/airflow/dags/dag_with_catchup_and_backfill.py for tasks to queue
[2024-09-26T02:53:44.189+0000] {logging_mixin.py:190} INFO - [2024-09-26T02:53:44.188+0000] {dagbag.py:587} INFO - Filling up the DagBag from /opt/airflow/dags/dag_with_catchup_and_backfill.py
[2024-09-26T02:53:44.279+0000] {processor.py:925} INFO - DAG(s) 'dag_with_catchup_backfill_v01.3' retrieved from /opt/airflow/dags/dag_with_catchup_and_backfill.py
[2024-09-26T02:53:44.305+0000] {logging_mixin.py:190} INFO - [2024-09-26T02:53:44.305+0000] {dag.py:3229} INFO - Sync 1 DAGs
[2024-09-26T02:53:44.328+0000] {logging_mixin.py:190} INFO - [2024-09-26T02:53:44.328+0000] {dag.py:4156} INFO - Setting next_dagrun for dag_with_catchup_backfill_v01.3 to 2024-09-25 00:00:00+00:00, run_after=2024-09-26 00:00:00+00:00
[2024-09-26T02:53:44.351+0000] {processor.py:208} INFO - Processing /opt/airflow/dags/dag_with_catchup_and_backfill.py took 0.179 seconds
[2024-09-26T02:54:15.021+0000] {processor.py:186} INFO - Started process (PID=144850) to work on /opt/airflow/dags/dag_with_catchup_and_backfill.py
[2024-09-26T02:54:15.022+0000] {processor.py:914} INFO - Processing file /opt/airflow/dags/dag_with_catchup_and_backfill.py for tasks to queue
[2024-09-26T02:54:15.024+0000] {logging_mixin.py:190} INFO - [2024-09-26T02:54:15.024+0000] {dagbag.py:587} INFO - Filling up the DagBag from /opt/airflow/dags/dag_with_catchup_and_backfill.py
[2024-09-26T02:54:15.113+0000] {processor.py:925} INFO - DAG(s) 'dag_with_catchup_backfill_v01.3' retrieved from /opt/airflow/dags/dag_with_catchup_and_backfill.py
[2024-09-26T02:54:15.140+0000] {logging_mixin.py:190} INFO - [2024-09-26T02:54:15.140+0000] {dag.py:3229} INFO - Sync 1 DAGs
[2024-09-26T02:54:15.163+0000] {logging_mixin.py:190} INFO - [2024-09-26T02:54:15.162+0000] {dag.py:4156} INFO - Setting next_dagrun for dag_with_catchup_backfill_v01.3 to 2024-09-25 00:00:00+00:00, run_after=2024-09-26 00:00:00+00:00
[2024-09-26T02:54:15.188+0000] {processor.py:208} INFO - Processing /opt/airflow/dags/dag_with_catchup_and_backfill.py took 0.173 seconds
[2024-09-26T02:54:46.139+0000] {processor.py:186} INFO - Started process (PID=144893) to work on /opt/airflow/dags/dag_with_catchup_and_backfill.py
[2024-09-26T02:54:46.141+0000] {processor.py:914} INFO - Processing file /opt/airflow/dags/dag_with_catchup_and_backfill.py for tasks to queue
[2024-09-26T02:54:46.143+0000] {logging_mixin.py:190} INFO - [2024-09-26T02:54:46.142+0000] {dagbag.py:587} INFO - Filling up the DagBag from /opt/airflow/dags/dag_with_catchup_and_backfill.py
[2024-09-26T02:54:46.232+0000] {processor.py:925} INFO - DAG(s) 'dag_with_catchup_backfill_v01.3' retrieved from /opt/airflow/dags/dag_with_catchup_and_backfill.py
[2024-09-26T02:54:46.258+0000] {logging_mixin.py:190} INFO - [2024-09-26T02:54:46.258+0000] {dag.py:3229} INFO - Sync 1 DAGs
[2024-09-26T02:54:46.282+0000] {logging_mixin.py:190} INFO - [2024-09-26T02:54:46.281+0000] {dag.py:4156} INFO - Setting next_dagrun for dag_with_catchup_backfill_v01.3 to 2024-09-25 00:00:00+00:00, run_after=2024-09-26 00:00:00+00:00
[2024-09-26T02:54:46.313+0000] {processor.py:208} INFO - Processing /opt/airflow/dags/dag_with_catchup_and_backfill.py took 0.181 seconds
[2024-09-26T02:55:16.924+0000] {processor.py:186} INFO - Started process (PID=144936) to work on /opt/airflow/dags/dag_with_catchup_and_backfill.py
[2024-09-26T02:55:16.926+0000] {processor.py:914} INFO - Processing file /opt/airflow/dags/dag_with_catchup_and_backfill.py for tasks to queue
[2024-09-26T02:55:16.928+0000] {logging_mixin.py:190} INFO - [2024-09-26T02:55:16.927+0000] {dagbag.py:587} INFO - Filling up the DagBag from /opt/airflow/dags/dag_with_catchup_and_backfill.py
[2024-09-26T02:55:17.031+0000] {processor.py:925} INFO - DAG(s) 'dag_with_catchup_backfill_v01.3' retrieved from /opt/airflow/dags/dag_with_catchup_and_backfill.py
[2024-09-26T02:55:17.057+0000] {logging_mixin.py:190} INFO - [2024-09-26T02:55:17.057+0000] {dag.py:3229} INFO - Sync 1 DAGs
[2024-09-26T02:55:17.077+0000] {logging_mixin.py:190} INFO - [2024-09-26T02:55:17.077+0000] {dag.py:4156} INFO - Setting next_dagrun for dag_with_catchup_backfill_v01.3 to 2024-09-25 00:00:00+00:00, run_after=2024-09-26 00:00:00+00:00
[2024-09-26T02:55:17.100+0000] {processor.py:208} INFO - Processing /opt/airflow/dags/dag_with_catchup_and_backfill.py took 0.182 seconds
[2024-09-26T02:55:47.763+0000] {processor.py:186} INFO - Started process (PID=144979) to work on /opt/airflow/dags/dag_with_catchup_and_backfill.py
[2024-09-26T02:55:47.765+0000] {processor.py:914} INFO - Processing file /opt/airflow/dags/dag_with_catchup_and_backfill.py for tasks to queue
[2024-09-26T02:55:47.767+0000] {logging_mixin.py:190} INFO - [2024-09-26T02:55:47.766+0000] {dagbag.py:587} INFO - Filling up the DagBag from /opt/airflow/dags/dag_with_catchup_and_backfill.py
[2024-09-26T02:55:47.864+0000] {processor.py:925} INFO - DAG(s) 'dag_with_catchup_backfill_v01.3' retrieved from /opt/airflow/dags/dag_with_catchup_and_backfill.py
[2024-09-26T02:55:47.892+0000] {logging_mixin.py:190} INFO - [2024-09-26T02:55:47.892+0000] {dag.py:3229} INFO - Sync 1 DAGs
[2024-09-26T02:55:47.916+0000] {logging_mixin.py:190} INFO - [2024-09-26T02:55:47.916+0000] {dag.py:4156} INFO - Setting next_dagrun for dag_with_catchup_backfill_v01.3 to 2024-09-25 00:00:00+00:00, run_after=2024-09-26 00:00:00+00:00
[2024-09-26T02:55:47.939+0000] {processor.py:208} INFO - Processing /opt/airflow/dags/dag_with_catchup_and_backfill.py took 0.181 seconds
[2024-09-26T02:56:18.495+0000] {processor.py:186} INFO - Started process (PID=145022) to work on /opt/airflow/dags/dag_with_catchup_and_backfill.py
[2024-09-26T02:56:18.497+0000] {processor.py:914} INFO - Processing file /opt/airflow/dags/dag_with_catchup_and_backfill.py for tasks to queue
[2024-09-26T02:56:18.499+0000] {logging_mixin.py:190} INFO - [2024-09-26T02:56:18.499+0000] {dagbag.py:587} INFO - Filling up the DagBag from /opt/airflow/dags/dag_with_catchup_and_backfill.py
[2024-09-26T02:56:18.590+0000] {processor.py:925} INFO - DAG(s) 'dag_with_catchup_backfill_v01.3' retrieved from /opt/airflow/dags/dag_with_catchup_and_backfill.py
[2024-09-26T02:56:18.619+0000] {logging_mixin.py:190} INFO - [2024-09-26T02:56:18.618+0000] {dag.py:3229} INFO - Sync 1 DAGs
[2024-09-26T02:56:18.642+0000] {logging_mixin.py:190} INFO - [2024-09-26T02:56:18.642+0000] {dag.py:4156} INFO - Setting next_dagrun for dag_with_catchup_backfill_v01.3 to 2024-09-25 00:00:00+00:00, run_after=2024-09-26 00:00:00+00:00
[2024-09-26T02:56:18.667+0000] {processor.py:208} INFO - Processing /opt/airflow/dags/dag_with_catchup_and_backfill.py took 0.181 seconds
[2024-09-26T02:56:49.089+0000] {processor.py:186} INFO - Started process (PID=145065) to work on /opt/airflow/dags/dag_with_catchup_and_backfill.py
[2024-09-26T02:56:49.090+0000] {processor.py:914} INFO - Processing file /opt/airflow/dags/dag_with_catchup_and_backfill.py for tasks to queue
[2024-09-26T02:56:49.093+0000] {logging_mixin.py:190} INFO - [2024-09-26T02:56:49.092+0000] {dagbag.py:587} INFO - Filling up the DagBag from /opt/airflow/dags/dag_with_catchup_and_backfill.py
[2024-09-26T02:56:49.182+0000] {processor.py:925} INFO - DAG(s) 'dag_with_catchup_backfill_v01.3' retrieved from /opt/airflow/dags/dag_with_catchup_and_backfill.py
[2024-09-26T02:56:49.208+0000] {logging_mixin.py:190} INFO - [2024-09-26T02:56:49.208+0000] {dag.py:3229} INFO - Sync 1 DAGs
[2024-09-26T02:56:49.238+0000] {logging_mixin.py:190} INFO - [2024-09-26T02:56:49.237+0000] {dag.py:4156} INFO - Setting next_dagrun for dag_with_catchup_backfill_v01.3 to 2024-09-25 00:00:00+00:00, run_after=2024-09-26 00:00:00+00:00
[2024-09-26T02:56:49.263+0000] {processor.py:208} INFO - Processing /opt/airflow/dags/dag_with_catchup_and_backfill.py took 0.182 seconds
[2024-09-26T02:57:19.771+0000] {processor.py:186} INFO - Started process (PID=145108) to work on /opt/airflow/dags/dag_with_catchup_and_backfill.py
[2024-09-26T02:57:19.773+0000] {processor.py:914} INFO - Processing file /opt/airflow/dags/dag_with_catchup_and_backfill.py for tasks to queue
[2024-09-26T02:57:19.775+0000] {logging_mixin.py:190} INFO - [2024-09-26T02:57:19.775+0000] {dagbag.py:587} INFO - Filling up the DagBag from /opt/airflow/dags/dag_with_catchup_and_backfill.py
[2024-09-26T02:57:19.869+0000] {processor.py:925} INFO - DAG(s) 'dag_with_catchup_backfill_v01.3' retrieved from /opt/airflow/dags/dag_with_catchup_and_backfill.py
[2024-09-26T02:57:19.897+0000] {logging_mixin.py:190} INFO - [2024-09-26T02:57:19.896+0000] {dag.py:3229} INFO - Sync 1 DAGs
[2024-09-26T02:57:19.917+0000] {logging_mixin.py:190} INFO - [2024-09-26T02:57:19.917+0000] {dag.py:4156} INFO - Setting next_dagrun for dag_with_catchup_backfill_v01.3 to 2024-09-25 00:00:00+00:00, run_after=2024-09-26 00:00:00+00:00
[2024-09-26T02:57:19.944+0000] {processor.py:208} INFO - Processing /opt/airflow/dags/dag_with_catchup_and_backfill.py took 0.178 seconds
[2024-09-26T02:57:50.324+0000] {processor.py:186} INFO - Started process (PID=145151) to work on /opt/airflow/dags/dag_with_catchup_and_backfill.py
[2024-09-26T02:57:50.326+0000] {processor.py:914} INFO - Processing file /opt/airflow/dags/dag_with_catchup_and_backfill.py for tasks to queue
[2024-09-26T02:57:50.328+0000] {logging_mixin.py:190} INFO - [2024-09-26T02:57:50.328+0000] {dagbag.py:587} INFO - Filling up the DagBag from /opt/airflow/dags/dag_with_catchup_and_backfill.py
[2024-09-26T02:57:50.401+0000] {processor.py:925} INFO - DAG(s) 'dag_with_catchup_backfill_v01.3' retrieved from /opt/airflow/dags/dag_with_catchup_and_backfill.py
[2024-09-26T02:57:50.483+0000] {logging_mixin.py:190} INFO - [2024-09-26T02:57:50.483+0000] {dag.py:3229} INFO - Sync 1 DAGs
[2024-09-26T02:57:50.610+0000] {logging_mixin.py:190} INFO - [2024-09-26T02:57:50.610+0000] {dag.py:4156} INFO - Setting next_dagrun for dag_with_catchup_backfill_v01.3 to 2024-09-25 00:00:00+00:00, run_after=2024-09-26 00:00:00+00:00
[2024-09-26T02:57:50.638+0000] {processor.py:208} INFO - Processing /opt/airflow/dags/dag_with_catchup_and_backfill.py took 0.320 seconds
[2024-09-26T02:58:21.339+0000] {processor.py:186} INFO - Started process (PID=145194) to work on /opt/airflow/dags/dag_with_catchup_and_backfill.py
[2024-09-26T02:58:21.341+0000] {processor.py:914} INFO - Processing file /opt/airflow/dags/dag_with_catchup_and_backfill.py for tasks to queue
[2024-09-26T02:58:21.342+0000] {logging_mixin.py:190} INFO - [2024-09-26T02:58:21.342+0000] {dagbag.py:587} INFO - Filling up the DagBag from /opt/airflow/dags/dag_with_catchup_and_backfill.py
[2024-09-26T02:58:21.415+0000] {processor.py:925} INFO - DAG(s) 'dag_with_catchup_backfill_v01.3' retrieved from /opt/airflow/dags/dag_with_catchup_and_backfill.py
[2024-09-26T02:58:21.445+0000] {logging_mixin.py:190} INFO - [2024-09-26T02:58:21.445+0000] {dag.py:3229} INFO - Sync 1 DAGs
[2024-09-26T02:58:21.469+0000] {logging_mixin.py:190} INFO - [2024-09-26T02:58:21.469+0000] {dag.py:4156} INFO - Setting next_dagrun for dag_with_catchup_backfill_v01.3 to 2024-09-25 00:00:00+00:00, run_after=2024-09-26 00:00:00+00:00
[2024-09-26T02:58:21.494+0000] {processor.py:208} INFO - Processing /opt/airflow/dags/dag_with_catchup_and_backfill.py took 0.160 seconds
[2024-09-26T02:58:52.102+0000] {processor.py:186} INFO - Started process (PID=145237) to work on /opt/airflow/dags/dag_with_catchup_and_backfill.py
[2024-09-26T02:58:52.103+0000] {processor.py:914} INFO - Processing file /opt/airflow/dags/dag_with_catchup_and_backfill.py for tasks to queue
[2024-09-26T02:58:52.105+0000] {logging_mixin.py:190} INFO - [2024-09-26T02:58:52.105+0000] {dagbag.py:587} INFO - Filling up the DagBag from /opt/airflow/dags/dag_with_catchup_and_backfill.py
[2024-09-26T02:58:52.174+0000] {processor.py:925} INFO - DAG(s) 'dag_with_catchup_backfill_v01.3' retrieved from /opt/airflow/dags/dag_with_catchup_and_backfill.py
[2024-09-26T02:58:52.206+0000] {logging_mixin.py:190} INFO - [2024-09-26T02:58:52.206+0000] {dag.py:3229} INFO - Sync 1 DAGs
[2024-09-26T02:58:52.237+0000] {logging_mixin.py:190} INFO - [2024-09-26T02:58:52.236+0000] {dag.py:4156} INFO - Setting next_dagrun for dag_with_catchup_backfill_v01.3 to 2024-09-25 00:00:00+00:00, run_after=2024-09-26 00:00:00+00:00
[2024-09-26T02:58:52.270+0000] {processor.py:208} INFO - Processing /opt/airflow/dags/dag_with_catchup_and_backfill.py took 0.174 seconds
[2024-09-26T02:59:22.747+0000] {processor.py:186} INFO - Started process (PID=145280) to work on /opt/airflow/dags/dag_with_catchup_and_backfill.py
[2024-09-26T02:59:22.749+0000] {processor.py:914} INFO - Processing file /opt/airflow/dags/dag_with_catchup_and_backfill.py for tasks to queue
[2024-09-26T02:59:22.751+0000] {logging_mixin.py:190} INFO - [2024-09-26T02:59:22.751+0000] {dagbag.py:587} INFO - Filling up the DagBag from /opt/airflow/dags/dag_with_catchup_and_backfill.py
[2024-09-26T02:59:22.829+0000] {processor.py:925} INFO - DAG(s) 'dag_with_catchup_backfill_v01.3' retrieved from /opt/airflow/dags/dag_with_catchup_and_backfill.py
[2024-09-26T02:59:22.859+0000] {logging_mixin.py:190} INFO - [2024-09-26T02:59:22.859+0000] {dag.py:3229} INFO - Sync 1 DAGs
[2024-09-26T02:59:22.883+0000] {logging_mixin.py:190} INFO - [2024-09-26T02:59:22.883+0000] {dag.py:4156} INFO - Setting next_dagrun for dag_with_catchup_backfill_v01.3 to 2024-09-25 00:00:00+00:00, run_after=2024-09-26 00:00:00+00:00
[2024-09-26T02:59:22.907+0000] {processor.py:208} INFO - Processing /opt/airflow/dags/dag_with_catchup_and_backfill.py took 0.169 seconds
[2024-09-26T02:59:53.197+0000] {processor.py:186} INFO - Started process (PID=145323) to work on /opt/airflow/dags/dag_with_catchup_and_backfill.py
[2024-09-26T02:59:53.199+0000] {processor.py:914} INFO - Processing file /opt/airflow/dags/dag_with_catchup_and_backfill.py for tasks to queue
[2024-09-26T02:59:53.201+0000] {logging_mixin.py:190} INFO - [2024-09-26T02:59:53.200+0000] {dagbag.py:587} INFO - Filling up the DagBag from /opt/airflow/dags/dag_with_catchup_and_backfill.py
[2024-09-26T02:59:53.272+0000] {processor.py:925} INFO - DAG(s) 'dag_with_catchup_backfill_v01.3' retrieved from /opt/airflow/dags/dag_with_catchup_and_backfill.py
[2024-09-26T02:59:53.298+0000] {logging_mixin.py:190} INFO - [2024-09-26T02:59:53.298+0000] {dag.py:3229} INFO - Sync 1 DAGs
[2024-09-26T02:59:53.324+0000] {logging_mixin.py:190} INFO - [2024-09-26T02:59:53.324+0000] {dag.py:4156} INFO - Setting next_dagrun for dag_with_catchup_backfill_v01.3 to 2024-09-25 00:00:00+00:00, run_after=2024-09-26 00:00:00+00:00
[2024-09-26T02:59:53.349+0000] {processor.py:208} INFO - Processing /opt/airflow/dags/dag_with_catchup_and_backfill.py took 0.159 seconds
[2024-09-26T03:00:24.519+0000] {processor.py:186} INFO - Started process (PID=145366) to work on /opt/airflow/dags/dag_with_catchup_and_backfill.py
[2024-09-26T03:00:24.520+0000] {processor.py:914} INFO - Processing file /opt/airflow/dags/dag_with_catchup_and_backfill.py for tasks to queue
[2024-09-26T03:00:24.522+0000] {logging_mixin.py:190} INFO - [2024-09-26T03:00:24.522+0000] {dagbag.py:587} INFO - Filling up the DagBag from /opt/airflow/dags/dag_with_catchup_and_backfill.py
[2024-09-26T03:00:24.590+0000] {processor.py:925} INFO - DAG(s) 'dag_with_catchup_backfill_v01.3' retrieved from /opt/airflow/dags/dag_with_catchup_and_backfill.py
[2024-09-26T03:00:24.621+0000] {logging_mixin.py:190} INFO - [2024-09-26T03:00:24.621+0000] {dag.py:3229} INFO - Sync 1 DAGs
[2024-09-26T03:00:24.652+0000] {logging_mixin.py:190} INFO - [2024-09-26T03:00:24.652+0000] {dag.py:4156} INFO - Setting next_dagrun for dag_with_catchup_backfill_v01.3 to 2024-09-25 00:00:00+00:00, run_after=2024-09-26 00:00:00+00:00
[2024-09-26T03:00:24.677+0000] {processor.py:208} INFO - Processing /opt/airflow/dags/dag_with_catchup_and_backfill.py took 0.164 seconds
[2024-09-26T03:00:55.967+0000] {processor.py:186} INFO - Started process (PID=145409) to work on /opt/airflow/dags/dag_with_catchup_and_backfill.py
[2024-09-26T03:00:55.969+0000] {processor.py:914} INFO - Processing file /opt/airflow/dags/dag_with_catchup_and_backfill.py for tasks to queue
[2024-09-26T03:00:55.971+0000] {logging_mixin.py:190} INFO - [2024-09-26T03:00:55.971+0000] {dagbag.py:587} INFO - Filling up the DagBag from /opt/airflow/dags/dag_with_catchup_and_backfill.py
[2024-09-26T03:00:56.058+0000] {processor.py:925} INFO - DAG(s) 'dag_with_catchup_backfill_v01.3' retrieved from /opt/airflow/dags/dag_with_catchup_and_backfill.py
[2024-09-26T03:00:56.086+0000] {logging_mixin.py:190} INFO - [2024-09-26T03:00:56.086+0000] {dag.py:3229} INFO - Sync 1 DAGs
[2024-09-26T03:00:56.110+0000] {logging_mixin.py:190} INFO - [2024-09-26T03:00:56.110+0000] {dag.py:4156} INFO - Setting next_dagrun for dag_with_catchup_backfill_v01.3 to 2024-09-25 00:00:00+00:00, run_after=2024-09-26 00:00:00+00:00
[2024-09-26T03:00:56.133+0000] {processor.py:208} INFO - Processing /opt/airflow/dags/dag_with_catchup_and_backfill.py took 0.172 seconds
[2024-09-26T03:01:26.569+0000] {processor.py:186} INFO - Started process (PID=145452) to work on /opt/airflow/dags/dag_with_catchup_and_backfill.py
[2024-09-26T03:01:26.571+0000] {processor.py:914} INFO - Processing file /opt/airflow/dags/dag_with_catchup_and_backfill.py for tasks to queue
[2024-09-26T03:01:26.573+0000] {logging_mixin.py:190} INFO - [2024-09-26T03:01:26.573+0000] {dagbag.py:587} INFO - Filling up the DagBag from /opt/airflow/dags/dag_with_catchup_and_backfill.py
[2024-09-26T03:01:26.685+0000] {processor.py:925} INFO - DAG(s) 'dag_with_catchup_backfill_v01.3' retrieved from /opt/airflow/dags/dag_with_catchup_and_backfill.py
[2024-09-26T03:01:26.715+0000] {logging_mixin.py:190} INFO - [2024-09-26T03:01:26.715+0000] {dag.py:3229} INFO - Sync 1 DAGs
[2024-09-26T03:01:26.737+0000] {logging_mixin.py:190} INFO - [2024-09-26T03:01:26.736+0000] {dag.py:4156} INFO - Setting next_dagrun for dag_with_catchup_backfill_v01.3 to 2024-09-25 00:00:00+00:00, run_after=2024-09-26 00:00:00+00:00
[2024-09-26T03:01:26.759+0000] {processor.py:208} INFO - Processing /opt/airflow/dags/dag_with_catchup_and_backfill.py took 0.198 seconds
[2024-09-26T03:01:57.188+0000] {processor.py:186} INFO - Started process (PID=145495) to work on /opt/airflow/dags/dag_with_catchup_and_backfill.py
[2024-09-26T03:01:57.189+0000] {processor.py:914} INFO - Processing file /opt/airflow/dags/dag_with_catchup_and_backfill.py for tasks to queue
[2024-09-26T03:01:57.191+0000] {logging_mixin.py:190} INFO - [2024-09-26T03:01:57.191+0000] {dagbag.py:587} INFO - Filling up the DagBag from /opt/airflow/dags/dag_with_catchup_and_backfill.py
[2024-09-26T03:01:57.291+0000] {processor.py:925} INFO - DAG(s) 'dag_with_catchup_backfill_v01.3' retrieved from /opt/airflow/dags/dag_with_catchup_and_backfill.py
[2024-09-26T03:01:57.329+0000] {logging_mixin.py:190} INFO - [2024-09-26T03:01:57.329+0000] {dag.py:3229} INFO - Sync 1 DAGs
[2024-09-26T03:01:57.354+0000] {logging_mixin.py:190} INFO - [2024-09-26T03:01:57.353+0000] {dag.py:4156} INFO - Setting next_dagrun for dag_with_catchup_backfill_v01.3 to 2024-09-25 00:00:00+00:00, run_after=2024-09-26 00:00:00+00:00
[2024-09-26T03:01:57.381+0000] {processor.py:208} INFO - Processing /opt/airflow/dags/dag_with_catchup_and_backfill.py took 0.199 seconds
[2024-09-26T03:02:28.328+0000] {processor.py:186} INFO - Started process (PID=145538) to work on /opt/airflow/dags/dag_with_catchup_and_backfill.py
[2024-09-26T03:02:28.329+0000] {processor.py:914} INFO - Processing file /opt/airflow/dags/dag_with_catchup_and_backfill.py for tasks to queue
[2024-09-26T03:02:28.331+0000] {logging_mixin.py:190} INFO - [2024-09-26T03:02:28.331+0000] {dagbag.py:587} INFO - Filling up the DagBag from /opt/airflow/dags/dag_with_catchup_and_backfill.py
[2024-09-26T03:02:28.397+0000] {processor.py:925} INFO - DAG(s) 'dag_with_catchup_backfill_v01.3' retrieved from /opt/airflow/dags/dag_with_catchup_and_backfill.py
[2024-09-26T03:02:28.424+0000] {logging_mixin.py:190} INFO - [2024-09-26T03:02:28.423+0000] {dag.py:3229} INFO - Sync 1 DAGs
[2024-09-26T03:02:28.455+0000] {logging_mixin.py:190} INFO - [2024-09-26T03:02:28.455+0000] {dag.py:4156} INFO - Setting next_dagrun for dag_with_catchup_backfill_v01.3 to 2024-09-25 00:00:00+00:00, run_after=2024-09-26 00:00:00+00:00
[2024-09-26T03:02:28.485+0000] {processor.py:208} INFO - Processing /opt/airflow/dags/dag_with_catchup_and_backfill.py took 0.166 seconds
[2024-09-26T03:02:59.222+0000] {processor.py:186} INFO - Started process (PID=145581) to work on /opt/airflow/dags/dag_with_catchup_and_backfill.py
[2024-09-26T03:02:59.223+0000] {processor.py:914} INFO - Processing file /opt/airflow/dags/dag_with_catchup_and_backfill.py for tasks to queue
[2024-09-26T03:02:59.225+0000] {logging_mixin.py:190} INFO - [2024-09-26T03:02:59.225+0000] {dagbag.py:587} INFO - Filling up the DagBag from /opt/airflow/dags/dag_with_catchup_and_backfill.py
[2024-09-26T03:02:59.320+0000] {processor.py:925} INFO - DAG(s) 'dag_with_catchup_backfill_v01.3' retrieved from /opt/airflow/dags/dag_with_catchup_and_backfill.py
[2024-09-26T03:02:59.348+0000] {logging_mixin.py:190} INFO - [2024-09-26T03:02:59.347+0000] {dag.py:3229} INFO - Sync 1 DAGs
[2024-09-26T03:02:59.371+0000] {logging_mixin.py:190} INFO - [2024-09-26T03:02:59.371+0000] {dag.py:4156} INFO - Setting next_dagrun for dag_with_catchup_backfill_v01.3 to 2024-09-25 00:00:00+00:00, run_after=2024-09-26 00:00:00+00:00
[2024-09-26T03:02:59.393+0000] {processor.py:208} INFO - Processing /opt/airflow/dags/dag_with_catchup_and_backfill.py took 0.177 seconds
[2024-09-26T03:03:30.256+0000] {processor.py:186} INFO - Started process (PID=145624) to work on /opt/airflow/dags/dag_with_catchup_and_backfill.py
[2024-09-26T03:03:30.258+0000] {processor.py:914} INFO - Processing file /opt/airflow/dags/dag_with_catchup_and_backfill.py for tasks to queue
[2024-09-26T03:03:30.261+0000] {logging_mixin.py:190} INFO - [2024-09-26T03:03:30.261+0000] {dagbag.py:587} INFO - Filling up the DagBag from /opt/airflow/dags/dag_with_catchup_and_backfill.py
[2024-09-26T03:03:30.328+0000] {processor.py:925} INFO - DAG(s) 'dag_with_catchup_backfill_v01.3' retrieved from /opt/airflow/dags/dag_with_catchup_and_backfill.py
[2024-09-26T03:03:30.357+0000] {logging_mixin.py:190} INFO - [2024-09-26T03:03:30.356+0000] {dag.py:3229} INFO - Sync 1 DAGs
[2024-09-26T03:03:30.380+0000] {logging_mixin.py:190} INFO - [2024-09-26T03:03:30.380+0000] {dag.py:4156} INFO - Setting next_dagrun for dag_with_catchup_backfill_v01.3 to 2024-09-25 00:00:00+00:00, run_after=2024-09-26 00:00:00+00:00
[2024-09-26T03:03:30.402+0000] {processor.py:208} INFO - Processing /opt/airflow/dags/dag_with_catchup_and_backfill.py took 0.155 seconds
[2024-09-26T03:04:00.886+0000] {processor.py:186} INFO - Started process (PID=145667) to work on /opt/airflow/dags/dag_with_catchup_and_backfill.py
[2024-09-26T03:04:00.888+0000] {processor.py:914} INFO - Processing file /opt/airflow/dags/dag_with_catchup_and_backfill.py for tasks to queue
[2024-09-26T03:04:00.891+0000] {logging_mixin.py:190} INFO - [2024-09-26T03:04:00.890+0000] {dagbag.py:587} INFO - Filling up the DagBag from /opt/airflow/dags/dag_with_catchup_and_backfill.py
[2024-09-26T03:04:00.968+0000] {processor.py:925} INFO - DAG(s) 'dag_with_catchup_backfill_v01.3' retrieved from /opt/airflow/dags/dag_with_catchup_and_backfill.py
[2024-09-26T03:04:00.994+0000] {logging_mixin.py:190} INFO - [2024-09-26T03:04:00.993+0000] {dag.py:3229} INFO - Sync 1 DAGs
[2024-09-26T03:04:01.016+0000] {logging_mixin.py:190} INFO - [2024-09-26T03:04:01.015+0000] {dag.py:4156} INFO - Setting next_dagrun for dag_with_catchup_backfill_v01.3 to 2024-09-25 00:00:00+00:00, run_after=2024-09-26 00:00:00+00:00
[2024-09-26T03:04:01.043+0000] {processor.py:208} INFO - Processing /opt/airflow/dags/dag_with_catchup_and_backfill.py took 0.162 seconds
[2024-09-26T03:04:31.546+0000] {processor.py:186} INFO - Started process (PID=145710) to work on /opt/airflow/dags/dag_with_catchup_and_backfill.py
[2024-09-26T03:04:31.553+0000] {processor.py:914} INFO - Processing file /opt/airflow/dags/dag_with_catchup_and_backfill.py for tasks to queue
[2024-09-26T03:04:31.556+0000] {logging_mixin.py:190} INFO - [2024-09-26T03:04:31.556+0000] {dagbag.py:587} INFO - Filling up the DagBag from /opt/airflow/dags/dag_with_catchup_and_backfill.py
[2024-09-26T03:04:31.737+0000] {processor.py:925} INFO - DAG(s) 'dag_with_catchup_backfill_v01.3' retrieved from /opt/airflow/dags/dag_with_catchup_and_backfill.py
[2024-09-26T03:04:31.761+0000] {logging_mixin.py:190} INFO - [2024-09-26T03:04:31.761+0000] {dag.py:3229} INFO - Sync 1 DAGs
[2024-09-26T03:04:31.781+0000] {logging_mixin.py:190} INFO - [2024-09-26T03:04:31.781+0000] {dag.py:4156} INFO - Setting next_dagrun for dag_with_catchup_backfill_v01.3 to 2024-09-25 00:00:00+00:00, run_after=2024-09-26 00:00:00+00:00
[2024-09-26T03:04:31.804+0000] {processor.py:208} INFO - Processing /opt/airflow/dags/dag_with_catchup_and_backfill.py took 0.265 seconds
[2024-09-26T03:05:02.411+0000] {processor.py:186} INFO - Started process (PID=145755) to work on /opt/airflow/dags/dag_with_catchup_and_backfill.py
[2024-09-26T03:05:02.413+0000] {processor.py:914} INFO - Processing file /opt/airflow/dags/dag_with_catchup_and_backfill.py for tasks to queue
[2024-09-26T03:05:02.416+0000] {logging_mixin.py:190} INFO - [2024-09-26T03:05:02.416+0000] {dagbag.py:587} INFO - Filling up the DagBag from /opt/airflow/dags/dag_with_catchup_and_backfill.py
[2024-09-26T03:05:02.536+0000] {processor.py:925} INFO - DAG(s) 'dag_with_catchup_backfill_v01.3' retrieved from /opt/airflow/dags/dag_with_catchup_and_backfill.py
[2024-09-26T03:05:02.577+0000] {logging_mixin.py:190} INFO - [2024-09-26T03:05:02.576+0000] {dag.py:3229} INFO - Sync 1 DAGs
[2024-09-26T03:05:02.627+0000] {logging_mixin.py:190} INFO - [2024-09-26T03:05:02.626+0000] {dag.py:4156} INFO - Setting next_dagrun for dag_with_catchup_backfill_v01.3 to 2024-09-25 00:00:00+00:00, run_after=2024-09-26 00:00:00+00:00
[2024-09-26T03:05:02.671+0000] {processor.py:208} INFO - Processing /opt/airflow/dags/dag_with_catchup_and_backfill.py took 0.268 seconds
[2024-09-26T03:05:33.599+0000] {processor.py:186} INFO - Started process (PID=145798) to work on /opt/airflow/dags/dag_with_catchup_and_backfill.py
[2024-09-26T03:05:33.601+0000] {processor.py:914} INFO - Processing file /opt/airflow/dags/dag_with_catchup_and_backfill.py for tasks to queue
[2024-09-26T03:05:33.603+0000] {logging_mixin.py:190} INFO - [2024-09-26T03:05:33.603+0000] {dagbag.py:587} INFO - Filling up the DagBag from /opt/airflow/dags/dag_with_catchup_and_backfill.py
[2024-09-26T03:05:33.686+0000] {processor.py:925} INFO - DAG(s) 'dag_with_catchup_backfill_v01.3' retrieved from /opt/airflow/dags/dag_with_catchup_and_backfill.py
[2024-09-26T03:05:33.713+0000] {logging_mixin.py:190} INFO - [2024-09-26T03:05:33.713+0000] {dag.py:3229} INFO - Sync 1 DAGs
[2024-09-26T03:05:33.746+0000] {logging_mixin.py:190} INFO - [2024-09-26T03:05:33.746+0000] {dag.py:4156} INFO - Setting next_dagrun for dag_with_catchup_backfill_v01.3 to 2024-09-25 00:00:00+00:00, run_after=2024-09-26 00:00:00+00:00
[2024-09-26T03:05:33.772+0000] {processor.py:208} INFO - Processing /opt/airflow/dags/dag_with_catchup_and_backfill.py took 0.179 seconds
[2024-09-26T03:06:04.204+0000] {processor.py:186} INFO - Started process (PID=145841) to work on /opt/airflow/dags/dag_with_catchup_and_backfill.py
[2024-09-26T03:06:04.207+0000] {processor.py:914} INFO - Processing file /opt/airflow/dags/dag_with_catchup_and_backfill.py for tasks to queue
[2024-09-26T03:06:04.209+0000] {logging_mixin.py:190} INFO - [2024-09-26T03:06:04.209+0000] {dagbag.py:587} INFO - Filling up the DagBag from /opt/airflow/dags/dag_with_catchup_and_backfill.py
[2024-09-26T03:06:04.308+0000] {processor.py:925} INFO - DAG(s) 'dag_with_catchup_backfill_v01.3' retrieved from /opt/airflow/dags/dag_with_catchup_and_backfill.py
[2024-09-26T03:06:04.330+0000] {logging_mixin.py:190} INFO - [2024-09-26T03:06:04.329+0000] {dag.py:3229} INFO - Sync 1 DAGs
[2024-09-26T03:06:04.355+0000] {logging_mixin.py:190} INFO - [2024-09-26T03:06:04.355+0000] {dag.py:4156} INFO - Setting next_dagrun for dag_with_catchup_backfill_v01.3 to 2024-09-25 00:00:00+00:00, run_after=2024-09-26 00:00:00+00:00
[2024-09-26T03:06:04.386+0000] {processor.py:208} INFO - Processing /opt/airflow/dags/dag_with_catchup_and_backfill.py took 0.191 seconds
[2024-09-26T03:06:34.827+0000] {processor.py:186} INFO - Started process (PID=145884) to work on /opt/airflow/dags/dag_with_catchup_and_backfill.py
[2024-09-26T03:06:34.829+0000] {processor.py:914} INFO - Processing file /opt/airflow/dags/dag_with_catchup_and_backfill.py for tasks to queue
[2024-09-26T03:06:34.831+0000] {logging_mixin.py:190} INFO - [2024-09-26T03:06:34.830+0000] {dagbag.py:587} INFO - Filling up the DagBag from /opt/airflow/dags/dag_with_catchup_and_backfill.py
[2024-09-26T03:06:34.909+0000] {processor.py:925} INFO - DAG(s) 'dag_with_catchup_backfill_v01.3' retrieved from /opt/airflow/dags/dag_with_catchup_and_backfill.py
[2024-09-26T03:06:34.936+0000] {logging_mixin.py:190} INFO - [2024-09-26T03:06:34.936+0000] {dag.py:3229} INFO - Sync 1 DAGs
[2024-09-26T03:06:34.963+0000] {logging_mixin.py:190} INFO - [2024-09-26T03:06:34.963+0000] {dag.py:4156} INFO - Setting next_dagrun for dag_with_catchup_backfill_v01.3 to 2024-09-25 00:00:00+00:00, run_after=2024-09-26 00:00:00+00:00
[2024-09-26T03:06:34.989+0000] {processor.py:208} INFO - Processing /opt/airflow/dags/dag_with_catchup_and_backfill.py took 0.168 seconds
[2024-09-26T03:07:05.592+0000] {processor.py:186} INFO - Started process (PID=145927) to work on /opt/airflow/dags/dag_with_catchup_and_backfill.py
[2024-09-26T03:07:05.595+0000] {processor.py:914} INFO - Processing file /opt/airflow/dags/dag_with_catchup_and_backfill.py for tasks to queue
[2024-09-26T03:07:05.598+0000] {logging_mixin.py:190} INFO - [2024-09-26T03:07:05.597+0000] {dagbag.py:587} INFO - Filling up the DagBag from /opt/airflow/dags/dag_with_catchup_and_backfill.py
[2024-09-26T03:07:05.666+0000] {processor.py:925} INFO - DAG(s) 'dag_with_catchup_backfill_v01.3' retrieved from /opt/airflow/dags/dag_with_catchup_and_backfill.py
[2024-09-26T03:07:05.693+0000] {logging_mixin.py:190} INFO - [2024-09-26T03:07:05.693+0000] {dag.py:3229} INFO - Sync 1 DAGs
[2024-09-26T03:07:05.718+0000] {logging_mixin.py:190} INFO - [2024-09-26T03:07:05.718+0000] {dag.py:4156} INFO - Setting next_dagrun for dag_with_catchup_backfill_v01.3 to 2024-09-25 00:00:00+00:00, run_after=2024-09-26 00:00:00+00:00
[2024-09-26T03:07:05.744+0000] {processor.py:208} INFO - Processing /opt/airflow/dags/dag_with_catchup_and_backfill.py took 0.161 seconds
[2024-09-26T03:07:36.376+0000] {processor.py:186} INFO - Started process (PID=145970) to work on /opt/airflow/dags/dag_with_catchup_and_backfill.py
[2024-09-26T03:07:36.377+0000] {processor.py:914} INFO - Processing file /opt/airflow/dags/dag_with_catchup_and_backfill.py for tasks to queue
[2024-09-26T03:07:36.380+0000] {logging_mixin.py:190} INFO - [2024-09-26T03:07:36.380+0000] {dagbag.py:587} INFO - Filling up the DagBag from /opt/airflow/dags/dag_with_catchup_and_backfill.py
[2024-09-26T03:07:36.488+0000] {processor.py:925} INFO - DAG(s) 'dag_with_catchup_backfill_v01.3' retrieved from /opt/airflow/dags/dag_with_catchup_and_backfill.py
[2024-09-26T03:07:36.521+0000] {logging_mixin.py:190} INFO - [2024-09-26T03:07:36.520+0000] {dag.py:3229} INFO - Sync 1 DAGs
[2024-09-26T03:07:36.542+0000] {logging_mixin.py:190} INFO - [2024-09-26T03:07:36.542+0000] {dag.py:4156} INFO - Setting next_dagrun for dag_with_catchup_backfill_v01.3 to 2024-09-25 00:00:00+00:00, run_after=2024-09-26 00:00:00+00:00
[2024-09-26T03:07:36.566+0000] {processor.py:208} INFO - Processing /opt/airflow/dags/dag_with_catchup_and_backfill.py took 0.199 seconds
[2024-09-26T03:08:07.064+0000] {processor.py:186} INFO - Started process (PID=146013) to work on /opt/airflow/dags/dag_with_catchup_and_backfill.py
[2024-09-26T03:08:07.066+0000] {processor.py:914} INFO - Processing file /opt/airflow/dags/dag_with_catchup_and_backfill.py for tasks to queue
[2024-09-26T03:08:07.068+0000] {logging_mixin.py:190} INFO - [2024-09-26T03:08:07.068+0000] {dagbag.py:587} INFO - Filling up the DagBag from /opt/airflow/dags/dag_with_catchup_and_backfill.py
[2024-09-26T03:08:07.165+0000] {processor.py:925} INFO - DAG(s) 'dag_with_catchup_backfill_v01.3' retrieved from /opt/airflow/dags/dag_with_catchup_and_backfill.py
[2024-09-26T03:08:07.188+0000] {logging_mixin.py:190} INFO - [2024-09-26T03:08:07.188+0000] {dag.py:3229} INFO - Sync 1 DAGs
[2024-09-26T03:08:07.210+0000] {logging_mixin.py:190} INFO - [2024-09-26T03:08:07.210+0000] {dag.py:4156} INFO - Setting next_dagrun for dag_with_catchup_backfill_v01.3 to 2024-09-25 00:00:00+00:00, run_after=2024-09-26 00:00:00+00:00
[2024-09-26T03:08:07.242+0000] {processor.py:208} INFO - Processing /opt/airflow/dags/dag_with_catchup_and_backfill.py took 0.188 seconds
[2024-09-26T03:08:37.699+0000] {processor.py:186} INFO - Started process (PID=146056) to work on /opt/airflow/dags/dag_with_catchup_and_backfill.py
[2024-09-26T03:08:37.700+0000] {processor.py:914} INFO - Processing file /opt/airflow/dags/dag_with_catchup_and_backfill.py for tasks to queue
[2024-09-26T03:08:37.702+0000] {logging_mixin.py:190} INFO - [2024-09-26T03:08:37.702+0000] {dagbag.py:587} INFO - Filling up the DagBag from /opt/airflow/dags/dag_with_catchup_and_backfill.py
[2024-09-26T03:08:37.835+0000] {processor.py:925} INFO - DAG(s) 'dag_with_catchup_backfill_v01.3' retrieved from /opt/airflow/dags/dag_with_catchup_and_backfill.py
[2024-09-26T03:08:37.870+0000] {logging_mixin.py:190} INFO - [2024-09-26T03:08:37.870+0000] {dag.py:3229} INFO - Sync 1 DAGs
[2024-09-26T03:08:37.891+0000] {logging_mixin.py:190} INFO - [2024-09-26T03:08:37.891+0000] {dag.py:4156} INFO - Setting next_dagrun for dag_with_catchup_backfill_v01.3 to 2024-09-25 00:00:00+00:00, run_after=2024-09-26 00:00:00+00:00
[2024-09-26T03:08:37.914+0000] {processor.py:208} INFO - Processing /opt/airflow/dags/dag_with_catchup_and_backfill.py took 0.221 seconds
[2024-09-26T03:09:08.552+0000] {processor.py:186} INFO - Started process (PID=146099) to work on /opt/airflow/dags/dag_with_catchup_and_backfill.py
[2024-09-26T03:09:08.554+0000] {processor.py:914} INFO - Processing file /opt/airflow/dags/dag_with_catchup_and_backfill.py for tasks to queue
[2024-09-26T03:09:08.556+0000] {logging_mixin.py:190} INFO - [2024-09-26T03:09:08.556+0000] {dagbag.py:587} INFO - Filling up the DagBag from /opt/airflow/dags/dag_with_catchup_and_backfill.py
[2024-09-26T03:09:08.668+0000] {processor.py:925} INFO - DAG(s) 'dag_with_catchup_backfill_v01.3' retrieved from /opt/airflow/dags/dag_with_catchup_and_backfill.py
[2024-09-26T03:09:08.689+0000] {logging_mixin.py:190} INFO - [2024-09-26T03:09:08.689+0000] {dag.py:3229} INFO - Sync 1 DAGs
[2024-09-26T03:09:08.712+0000] {logging_mixin.py:190} INFO - [2024-09-26T03:09:08.712+0000] {dag.py:4156} INFO - Setting next_dagrun for dag_with_catchup_backfill_v01.3 to 2024-09-25 00:00:00+00:00, run_after=2024-09-26 00:00:00+00:00
[2024-09-26T03:09:08.738+0000] {processor.py:208} INFO - Processing /opt/airflow/dags/dag_with_catchup_and_backfill.py took 0.194 seconds
[2024-09-26T03:09:39.345+0000] {processor.py:186} INFO - Started process (PID=146142) to work on /opt/airflow/dags/dag_with_catchup_and_backfill.py
[2024-09-26T03:09:39.347+0000] {processor.py:914} INFO - Processing file /opt/airflow/dags/dag_with_catchup_and_backfill.py for tasks to queue
[2024-09-26T03:09:39.350+0000] {logging_mixin.py:190} INFO - [2024-09-26T03:09:39.350+0000] {dagbag.py:587} INFO - Filling up the DagBag from /opt/airflow/dags/dag_with_catchup_and_backfill.py
[2024-09-26T03:09:39.458+0000] {processor.py:925} INFO - DAG(s) 'dag_with_catchup_backfill_v01.3' retrieved from /opt/airflow/dags/dag_with_catchup_and_backfill.py
[2024-09-26T03:09:39.481+0000] {logging_mixin.py:190} INFO - [2024-09-26T03:09:39.481+0000] {dag.py:3229} INFO - Sync 1 DAGs
[2024-09-26T03:09:39.503+0000] {logging_mixin.py:190} INFO - [2024-09-26T03:09:39.503+0000] {dag.py:4156} INFO - Setting next_dagrun for dag_with_catchup_backfill_v01.3 to 2024-09-25 00:00:00+00:00, run_after=2024-09-26 00:00:00+00:00
[2024-09-26T03:09:39.537+0000] {processor.py:208} INFO - Processing /opt/airflow/dags/dag_with_catchup_and_backfill.py took 0.201 seconds
[2024-09-26T03:10:09.785+0000] {processor.py:186} INFO - Started process (PID=146185) to work on /opt/airflow/dags/dag_with_catchup_and_backfill.py
[2024-09-26T03:10:09.787+0000] {processor.py:914} INFO - Processing file /opt/airflow/dags/dag_with_catchup_and_backfill.py for tasks to queue
[2024-09-26T03:10:09.788+0000] {logging_mixin.py:190} INFO - [2024-09-26T03:10:09.788+0000] {dagbag.py:587} INFO - Filling up the DagBag from /opt/airflow/dags/dag_with_catchup_and_backfill.py
[2024-09-26T03:10:09.905+0000] {processor.py:925} INFO - DAG(s) 'dag_with_catchup_backfill_v01.3' retrieved from /opt/airflow/dags/dag_with_catchup_and_backfill.py
[2024-09-26T03:10:09.946+0000] {logging_mixin.py:190} INFO - [2024-09-26T03:10:09.946+0000] {dag.py:3229} INFO - Sync 1 DAGs
[2024-09-26T03:10:09.975+0000] {logging_mixin.py:190} INFO - [2024-09-26T03:10:09.975+0000] {dag.py:4156} INFO - Setting next_dagrun for dag_with_catchup_backfill_v01.3 to 2024-09-25 00:00:00+00:00, run_after=2024-09-26 00:00:00+00:00
[2024-09-26T03:10:10.000+0000] {processor.py:208} INFO - Processing /opt/airflow/dags/dag_with_catchup_and_backfill.py took 0.220 seconds
[2024-09-26T03:10:40.532+0000] {processor.py:186} INFO - Started process (PID=146228) to work on /opt/airflow/dags/dag_with_catchup_and_backfill.py
[2024-09-26T03:10:40.534+0000] {processor.py:914} INFO - Processing file /opt/airflow/dags/dag_with_catchup_and_backfill.py for tasks to queue
[2024-09-26T03:10:40.538+0000] {logging_mixin.py:190} INFO - [2024-09-26T03:10:40.537+0000] {dagbag.py:587} INFO - Filling up the DagBag from /opt/airflow/dags/dag_with_catchup_and_backfill.py
[2024-09-26T03:10:40.664+0000] {processor.py:925} INFO - DAG(s) 'dag_with_catchup_backfill_v01.3' retrieved from /opt/airflow/dags/dag_with_catchup_and_backfill.py
[2024-09-26T03:10:40.704+0000] {logging_mixin.py:190} INFO - [2024-09-26T03:10:40.704+0000] {dag.py:3229} INFO - Sync 1 DAGs
[2024-09-26T03:10:40.727+0000] {logging_mixin.py:190} INFO - [2024-09-26T03:10:40.727+0000] {dag.py:4156} INFO - Setting next_dagrun for dag_with_catchup_backfill_v01.3 to 2024-09-25 00:00:00+00:00, run_after=2024-09-26 00:00:00+00:00
[2024-09-26T03:10:40.761+0000] {processor.py:208} INFO - Processing /opt/airflow/dags/dag_with_catchup_and_backfill.py took 0.241 seconds
[2024-09-26T03:11:11.213+0000] {processor.py:186} INFO - Started process (PID=146271) to work on /opt/airflow/dags/dag_with_catchup_and_backfill.py
[2024-09-26T03:11:11.215+0000] {processor.py:914} INFO - Processing file /opt/airflow/dags/dag_with_catchup_and_backfill.py for tasks to queue
[2024-09-26T03:11:11.218+0000] {logging_mixin.py:190} INFO - [2024-09-26T03:11:11.217+0000] {dagbag.py:587} INFO - Filling up the DagBag from /opt/airflow/dags/dag_with_catchup_and_backfill.py
[2024-09-26T03:11:11.335+0000] {processor.py:925} INFO - DAG(s) 'dag_with_catchup_backfill_v01.3' retrieved from /opt/airflow/dags/dag_with_catchup_and_backfill.py
[2024-09-26T03:11:11.359+0000] {logging_mixin.py:190} INFO - [2024-09-26T03:11:11.358+0000] {dag.py:3229} INFO - Sync 1 DAGs
[2024-09-26T03:11:11.380+0000] {logging_mixin.py:190} INFO - [2024-09-26T03:11:11.380+0000] {dag.py:4156} INFO - Setting next_dagrun for dag_with_catchup_backfill_v01.3 to 2024-09-25 00:00:00+00:00, run_after=2024-09-26 00:00:00+00:00
[2024-09-26T03:11:11.409+0000] {processor.py:208} INFO - Processing /opt/airflow/dags/dag_with_catchup_and_backfill.py took 0.205 seconds
[2024-09-26T03:11:41.898+0000] {processor.py:186} INFO - Started process (PID=146314) to work on /opt/airflow/dags/dag_with_catchup_and_backfill.py
[2024-09-26T03:11:41.901+0000] {processor.py:914} INFO - Processing file /opt/airflow/dags/dag_with_catchup_and_backfill.py for tasks to queue
[2024-09-26T03:11:41.905+0000] {logging_mixin.py:190} INFO - [2024-09-26T03:11:41.904+0000] {dagbag.py:587} INFO - Filling up the DagBag from /opt/airflow/dags/dag_with_catchup_and_backfill.py
[2024-09-26T03:11:42.128+0000] {processor.py:925} INFO - DAG(s) 'dag_with_catchup_backfill_v01.3' retrieved from /opt/airflow/dags/dag_with_catchup_and_backfill.py
[2024-09-26T03:11:42.170+0000] {logging_mixin.py:190} INFO - [2024-09-26T03:11:42.170+0000] {dag.py:3229} INFO - Sync 1 DAGs
[2024-09-26T03:11:42.222+0000] {logging_mixin.py:190} INFO - [2024-09-26T03:11:42.222+0000] {dag.py:4156} INFO - Setting next_dagrun for dag_with_catchup_backfill_v01.3 to 2024-09-25 00:00:00+00:00, run_after=2024-09-26 00:00:00+00:00
[2024-09-26T03:11:42.276+0000] {processor.py:208} INFO - Processing /opt/airflow/dags/dag_with_catchup_and_backfill.py took 0.385 seconds
[2024-09-26T03:12:12.665+0000] {processor.py:186} INFO - Started process (PID=146357) to work on /opt/airflow/dags/dag_with_catchup_and_backfill.py
[2024-09-26T03:12:12.666+0000] {processor.py:914} INFO - Processing file /opt/airflow/dags/dag_with_catchup_and_backfill.py for tasks to queue
[2024-09-26T03:12:12.668+0000] {logging_mixin.py:190} INFO - [2024-09-26T03:12:12.668+0000] {dagbag.py:587} INFO - Filling up the DagBag from /opt/airflow/dags/dag_with_catchup_and_backfill.py
[2024-09-26T03:12:12.777+0000] {processor.py:925} INFO - DAG(s) 'dag_with_catchup_backfill_v01.3' retrieved from /opt/airflow/dags/dag_with_catchup_and_backfill.py
[2024-09-26T03:12:12.802+0000] {logging_mixin.py:190} INFO - [2024-09-26T03:12:12.802+0000] {dag.py:3229} INFO - Sync 1 DAGs
[2024-09-26T03:12:12.823+0000] {logging_mixin.py:190} INFO - [2024-09-26T03:12:12.823+0000] {dag.py:4156} INFO - Setting next_dagrun for dag_with_catchup_backfill_v01.3 to 2024-09-25 00:00:00+00:00, run_after=2024-09-26 00:00:00+00:00
[2024-09-26T03:12:12.850+0000] {processor.py:208} INFO - Processing /opt/airflow/dags/dag_with_catchup_and_backfill.py took 0.191 seconds
[2024-09-26T03:12:43.352+0000] {processor.py:186} INFO - Started process (PID=146400) to work on /opt/airflow/dags/dag_with_catchup_and_backfill.py
[2024-09-26T03:12:43.354+0000] {processor.py:914} INFO - Processing file /opt/airflow/dags/dag_with_catchup_and_backfill.py for tasks to queue
[2024-09-26T03:12:43.356+0000] {logging_mixin.py:190} INFO - [2024-09-26T03:12:43.356+0000] {dagbag.py:587} INFO - Filling up the DagBag from /opt/airflow/dags/dag_with_catchup_and_backfill.py
[2024-09-26T03:12:43.444+0000] {processor.py:925} INFO - DAG(s) 'dag_with_catchup_backfill_v01.3' retrieved from /opt/airflow/dags/dag_with_catchup_and_backfill.py
[2024-09-26T03:12:43.476+0000] {logging_mixin.py:190} INFO - [2024-09-26T03:12:43.476+0000] {dag.py:3229} INFO - Sync 1 DAGs
[2024-09-26T03:12:43.508+0000] {logging_mixin.py:190} INFO - [2024-09-26T03:12:43.508+0000] {dag.py:4156} INFO - Setting next_dagrun for dag_with_catchup_backfill_v01.3 to 2024-09-25 00:00:00+00:00, run_after=2024-09-26 00:00:00+00:00
[2024-09-26T03:12:43.543+0000] {processor.py:208} INFO - Processing /opt/airflow/dags/dag_with_catchup_and_backfill.py took 0.198 seconds
[2024-09-26T03:13:13.981+0000] {processor.py:186} INFO - Started process (PID=146443) to work on /opt/airflow/dags/dag_with_catchup_and_backfill.py
[2024-09-26T03:13:13.983+0000] {processor.py:914} INFO - Processing file /opt/airflow/dags/dag_with_catchup_and_backfill.py for tasks to queue
[2024-09-26T03:13:13.985+0000] {logging_mixin.py:190} INFO - [2024-09-26T03:13:13.985+0000] {dagbag.py:587} INFO - Filling up the DagBag from /opt/airflow/dags/dag_with_catchup_and_backfill.py
[2024-09-26T03:13:14.065+0000] {processor.py:925} INFO - DAG(s) 'dag_with_catchup_backfill_v01.3' retrieved from /opt/airflow/dags/dag_with_catchup_and_backfill.py
[2024-09-26T03:13:14.096+0000] {logging_mixin.py:190} INFO - [2024-09-26T03:13:14.096+0000] {dag.py:3229} INFO - Sync 1 DAGs
[2024-09-26T03:13:14.127+0000] {logging_mixin.py:190} INFO - [2024-09-26T03:13:14.127+0000] {dag.py:4156} INFO - Setting next_dagrun for dag_with_catchup_backfill_v01.3 to 2024-09-25 00:00:00+00:00, run_after=2024-09-26 00:00:00+00:00
[2024-09-26T03:13:14.172+0000] {processor.py:208} INFO - Processing /opt/airflow/dags/dag_with_catchup_and_backfill.py took 0.198 seconds
[2024-09-26T03:13:44.560+0000] {processor.py:186} INFO - Started process (PID=146486) to work on /opt/airflow/dags/dag_with_catchup_and_backfill.py
[2024-09-26T03:13:44.562+0000] {processor.py:914} INFO - Processing file /opt/airflow/dags/dag_with_catchup_and_backfill.py for tasks to queue
[2024-09-26T03:13:44.564+0000] {logging_mixin.py:190} INFO - [2024-09-26T03:13:44.564+0000] {dagbag.py:587} INFO - Filling up the DagBag from /opt/airflow/dags/dag_with_catchup_and_backfill.py
[2024-09-26T03:13:44.646+0000] {processor.py:925} INFO - DAG(s) 'dag_with_catchup_backfill_v01.3' retrieved from /opt/airflow/dags/dag_with_catchup_and_backfill.py
[2024-09-26T03:13:44.673+0000] {logging_mixin.py:190} INFO - [2024-09-26T03:13:44.673+0000] {dag.py:3229} INFO - Sync 1 DAGs
[2024-09-26T03:13:44.698+0000] {logging_mixin.py:190} INFO - [2024-09-26T03:13:44.698+0000] {dag.py:4156} INFO - Setting next_dagrun for dag_with_catchup_backfill_v01.3 to 2024-09-25 00:00:00+00:00, run_after=2024-09-26 00:00:00+00:00
[2024-09-26T03:13:44.738+0000] {processor.py:208} INFO - Processing /opt/airflow/dags/dag_with_catchup_and_backfill.py took 0.185 seconds
[2024-09-26T03:14:15.043+0000] {processor.py:186} INFO - Started process (PID=146529) to work on /opt/airflow/dags/dag_with_catchup_and_backfill.py
[2024-09-26T03:14:15.045+0000] {processor.py:914} INFO - Processing file /opt/airflow/dags/dag_with_catchup_and_backfill.py for tasks to queue
[2024-09-26T03:14:15.049+0000] {logging_mixin.py:190} INFO - [2024-09-26T03:14:15.048+0000] {dagbag.py:587} INFO - Filling up the DagBag from /opt/airflow/dags/dag_with_catchup_and_backfill.py
[2024-09-26T03:14:15.171+0000] {processor.py:925} INFO - DAG(s) 'dag_with_catchup_backfill_v01.3' retrieved from /opt/airflow/dags/dag_with_catchup_and_backfill.py
[2024-09-26T03:14:15.220+0000] {logging_mixin.py:190} INFO - [2024-09-26T03:14:15.220+0000] {dag.py:3229} INFO - Sync 1 DAGs
[2024-09-26T03:14:15.250+0000] {logging_mixin.py:190} INFO - [2024-09-26T03:14:15.250+0000] {dag.py:4156} INFO - Setting next_dagrun for dag_with_catchup_backfill_v01.3 to 2024-09-25 00:00:00+00:00, run_after=2024-09-26 00:00:00+00:00
[2024-09-26T03:14:15.279+0000] {processor.py:208} INFO - Processing /opt/airflow/dags/dag_with_catchup_and_backfill.py took 0.243 seconds
[2024-09-26T03:14:45.770+0000] {processor.py:186} INFO - Started process (PID=146572) to work on /opt/airflow/dags/dag_with_catchup_and_backfill.py
[2024-09-26T03:14:45.772+0000] {processor.py:914} INFO - Processing file /opt/airflow/dags/dag_with_catchup_and_backfill.py for tasks to queue
[2024-09-26T03:14:45.774+0000] {logging_mixin.py:190} INFO - [2024-09-26T03:14:45.774+0000] {dagbag.py:587} INFO - Filling up the DagBag from /opt/airflow/dags/dag_with_catchup_and_backfill.py
[2024-09-26T03:14:45.861+0000] {processor.py:925} INFO - DAG(s) 'dag_with_catchup_backfill_v01.3' retrieved from /opt/airflow/dags/dag_with_catchup_and_backfill.py
[2024-09-26T03:14:45.886+0000] {logging_mixin.py:190} INFO - [2024-09-26T03:14:45.886+0000] {dag.py:3229} INFO - Sync 1 DAGs
[2024-09-26T03:14:45.910+0000] {logging_mixin.py:190} INFO - [2024-09-26T03:14:45.909+0000] {dag.py:4156} INFO - Setting next_dagrun for dag_with_catchup_backfill_v01.3 to 2024-09-25 00:00:00+00:00, run_after=2024-09-26 00:00:00+00:00
[2024-09-26T03:14:45.935+0000] {processor.py:208} INFO - Processing /opt/airflow/dags/dag_with_catchup_and_backfill.py took 0.170 seconds
[2024-09-26T03:15:16.585+0000] {processor.py:186} INFO - Started process (PID=146615) to work on /opt/airflow/dags/dag_with_catchup_and_backfill.py
[2024-09-26T03:15:16.587+0000] {processor.py:914} INFO - Processing file /opt/airflow/dags/dag_with_catchup_and_backfill.py for tasks to queue
[2024-09-26T03:15:16.589+0000] {logging_mixin.py:190} INFO - [2024-09-26T03:15:16.589+0000] {dagbag.py:587} INFO - Filling up the DagBag from /opt/airflow/dags/dag_with_catchup_and_backfill.py
[2024-09-26T03:15:16.701+0000] {processor.py:925} INFO - DAG(s) 'dag_with_catchup_backfill_v01.3' retrieved from /opt/airflow/dags/dag_with_catchup_and_backfill.py
[2024-09-26T03:15:16.731+0000] {logging_mixin.py:190} INFO - [2024-09-26T03:15:16.730+0000] {dag.py:3229} INFO - Sync 1 DAGs
[2024-09-26T03:15:16.755+0000] {logging_mixin.py:190} INFO - [2024-09-26T03:15:16.755+0000] {dag.py:4156} INFO - Setting next_dagrun for dag_with_catchup_backfill_v01.3 to 2024-09-25 00:00:00+00:00, run_after=2024-09-26 00:00:00+00:00
[2024-09-26T03:15:16.783+0000] {processor.py:208} INFO - Processing /opt/airflow/dags/dag_with_catchup_and_backfill.py took 0.203 seconds
[2024-09-26T03:15:47.281+0000] {processor.py:186} INFO - Started process (PID=146658) to work on /opt/airflow/dags/dag_with_catchup_and_backfill.py
[2024-09-26T03:15:47.282+0000] {processor.py:914} INFO - Processing file /opt/airflow/dags/dag_with_catchup_and_backfill.py for tasks to queue
[2024-09-26T03:15:47.284+0000] {logging_mixin.py:190} INFO - [2024-09-26T03:15:47.284+0000] {dagbag.py:587} INFO - Filling up the DagBag from /opt/airflow/dags/dag_with_catchup_and_backfill.py
[2024-09-26T03:15:47.376+0000] {processor.py:925} INFO - DAG(s) 'dag_with_catchup_backfill_v01.3' retrieved from /opt/airflow/dags/dag_with_catchup_and_backfill.py
[2024-09-26T03:15:47.406+0000] {logging_mixin.py:190} INFO - [2024-09-26T03:15:47.405+0000] {dag.py:3229} INFO - Sync 1 DAGs
[2024-09-26T03:15:47.429+0000] {logging_mixin.py:190} INFO - [2024-09-26T03:15:47.429+0000] {dag.py:4156} INFO - Setting next_dagrun for dag_with_catchup_backfill_v01.3 to 2024-09-25 00:00:00+00:00, run_after=2024-09-26 00:00:00+00:00
[2024-09-26T03:15:47.454+0000] {processor.py:208} INFO - Processing /opt/airflow/dags/dag_with_catchup_and_backfill.py took 0.179 seconds
[2024-09-26T03:16:17.946+0000] {processor.py:186} INFO - Started process (PID=146701) to work on /opt/airflow/dags/dag_with_catchup_and_backfill.py
[2024-09-26T03:16:17.948+0000] {processor.py:914} INFO - Processing file /opt/airflow/dags/dag_with_catchup_and_backfill.py for tasks to queue
[2024-09-26T03:16:17.952+0000] {logging_mixin.py:190} INFO - [2024-09-26T03:16:17.950+0000] {dagbag.py:587} INFO - Filling up the DagBag from /opt/airflow/dags/dag_with_catchup_and_backfill.py
[2024-09-26T03:16:18.070+0000] {processor.py:925} INFO - DAG(s) 'dag_with_catchup_backfill_v01.3' retrieved from /opt/airflow/dags/dag_with_catchup_and_backfill.py
[2024-09-26T03:16:18.100+0000] {logging_mixin.py:190} INFO - [2024-09-26T03:16:18.100+0000] {dag.py:3229} INFO - Sync 1 DAGs
[2024-09-26T03:16:18.122+0000] {logging_mixin.py:190} INFO - [2024-09-26T03:16:18.122+0000] {dag.py:4156} INFO - Setting next_dagrun for dag_with_catchup_backfill_v01.3 to 2024-09-25 00:00:00+00:00, run_after=2024-09-26 00:00:00+00:00
[2024-09-26T03:16:18.147+0000] {processor.py:208} INFO - Processing /opt/airflow/dags/dag_with_catchup_and_backfill.py took 0.209 seconds
[2024-09-26T03:16:48.520+0000] {processor.py:186} INFO - Started process (PID=146744) to work on /opt/airflow/dags/dag_with_catchup_and_backfill.py
[2024-09-26T03:16:48.522+0000] {processor.py:914} INFO - Processing file /opt/airflow/dags/dag_with_catchup_and_backfill.py for tasks to queue
[2024-09-26T03:16:48.526+0000] {logging_mixin.py:190} INFO - [2024-09-26T03:16:48.525+0000] {dagbag.py:587} INFO - Filling up the DagBag from /opt/airflow/dags/dag_with_catchup_and_backfill.py
[2024-09-26T03:16:48.647+0000] {processor.py:925} INFO - DAG(s) 'dag_with_catchup_backfill_v01.3' retrieved from /opt/airflow/dags/dag_with_catchup_and_backfill.py
[2024-09-26T03:16:48.690+0000] {logging_mixin.py:190} INFO - [2024-09-26T03:16:48.689+0000] {dag.py:3229} INFO - Sync 1 DAGs
[2024-09-26T03:16:48.715+0000] {logging_mixin.py:190} INFO - [2024-09-26T03:16:48.715+0000] {dag.py:4156} INFO - Setting next_dagrun for dag_with_catchup_backfill_v01.3 to 2024-09-25 00:00:00+00:00, run_after=2024-09-26 00:00:00+00:00
[2024-09-26T03:16:48.752+0000] {processor.py:208} INFO - Processing /opt/airflow/dags/dag_with_catchup_and_backfill.py took 0.240 seconds
[2024-09-26T03:17:19.308+0000] {processor.py:186} INFO - Started process (PID=146787) to work on /opt/airflow/dags/dag_with_catchup_and_backfill.py
[2024-09-26T03:17:19.310+0000] {processor.py:914} INFO - Processing file /opt/airflow/dags/dag_with_catchup_and_backfill.py for tasks to queue
[2024-09-26T03:17:19.312+0000] {logging_mixin.py:190} INFO - [2024-09-26T03:17:19.312+0000] {dagbag.py:587} INFO - Filling up the DagBag from /opt/airflow/dags/dag_with_catchup_and_backfill.py
[2024-09-26T03:17:19.391+0000] {processor.py:925} INFO - DAG(s) 'dag_with_catchup_backfill_v01.3' retrieved from /opt/airflow/dags/dag_with_catchup_and_backfill.py
[2024-09-26T03:17:19.437+0000] {logging_mixin.py:190} INFO - [2024-09-26T03:17:19.437+0000] {dag.py:3229} INFO - Sync 1 DAGs
[2024-09-26T03:17:19.462+0000] {logging_mixin.py:190} INFO - [2024-09-26T03:17:19.461+0000] {dag.py:4156} INFO - Setting next_dagrun for dag_with_catchup_backfill_v01.3 to 2024-09-25 00:00:00+00:00, run_after=2024-09-26 00:00:00+00:00
[2024-09-26T03:17:19.485+0000] {processor.py:208} INFO - Processing /opt/airflow/dags/dag_with_catchup_and_backfill.py took 0.183 seconds
[2024-09-26T03:17:49.872+0000] {processor.py:186} INFO - Started process (PID=146830) to work on /opt/airflow/dags/dag_with_catchup_and_backfill.py
[2024-09-26T03:17:49.873+0000] {processor.py:914} INFO - Processing file /opt/airflow/dags/dag_with_catchup_and_backfill.py for tasks to queue
[2024-09-26T03:17:49.875+0000] {logging_mixin.py:190} INFO - [2024-09-26T03:17:49.874+0000] {dagbag.py:587} INFO - Filling up the DagBag from /opt/airflow/dags/dag_with_catchup_and_backfill.py
[2024-09-26T03:17:49.946+0000] {processor.py:925} INFO - DAG(s) 'dag_with_catchup_backfill_v01.3' retrieved from /opt/airflow/dags/dag_with_catchup_and_backfill.py
[2024-09-26T03:17:49.966+0000] {logging_mixin.py:190} INFO - [2024-09-26T03:17:49.966+0000] {dag.py:3229} INFO - Sync 1 DAGs
[2024-09-26T03:17:49.988+0000] {logging_mixin.py:190} INFO - [2024-09-26T03:17:49.988+0000] {dag.py:4156} INFO - Setting next_dagrun for dag_with_catchup_backfill_v01.3 to 2024-09-25 00:00:00+00:00, run_after=2024-09-26 00:00:00+00:00
[2024-09-26T03:17:50.014+0000] {processor.py:208} INFO - Processing /opt/airflow/dags/dag_with_catchup_and_backfill.py took 0.148 seconds
[2024-09-26T03:18:20.583+0000] {processor.py:186} INFO - Started process (PID=146873) to work on /opt/airflow/dags/dag_with_catchup_and_backfill.py
[2024-09-26T03:18:20.585+0000] {processor.py:914} INFO - Processing file /opt/airflow/dags/dag_with_catchup_and_backfill.py for tasks to queue
[2024-09-26T03:18:20.587+0000] {logging_mixin.py:190} INFO - [2024-09-26T03:18:20.587+0000] {dagbag.py:587} INFO - Filling up the DagBag from /opt/airflow/dags/dag_with_catchup_and_backfill.py
[2024-09-26T03:18:20.700+0000] {processor.py:925} INFO - DAG(s) 'dag_with_catchup_backfill_v01.3' retrieved from /opt/airflow/dags/dag_with_catchup_and_backfill.py
[2024-09-26T03:18:20.740+0000] {logging_mixin.py:190} INFO - [2024-09-26T03:18:20.739+0000] {dag.py:3229} INFO - Sync 1 DAGs
[2024-09-26T03:18:20.763+0000] {logging_mixin.py:190} INFO - [2024-09-26T03:18:20.762+0000] {dag.py:4156} INFO - Setting next_dagrun for dag_with_catchup_backfill_v01.3 to 2024-09-25 00:00:00+00:00, run_after=2024-09-26 00:00:00+00:00
[2024-09-26T03:18:20.788+0000] {processor.py:208} INFO - Processing /opt/airflow/dags/dag_with_catchup_and_backfill.py took 0.212 seconds
[2024-09-26T03:18:51.317+0000] {processor.py:186} INFO - Started process (PID=146916) to work on /opt/airflow/dags/dag_with_catchup_and_backfill.py
[2024-09-26T03:18:51.319+0000] {processor.py:914} INFO - Processing file /opt/airflow/dags/dag_with_catchup_and_backfill.py for tasks to queue
[2024-09-26T03:18:51.323+0000] {logging_mixin.py:190} INFO - [2024-09-26T03:18:51.322+0000] {dagbag.py:587} INFO - Filling up the DagBag from /opt/airflow/dags/dag_with_catchup_and_backfill.py
[2024-09-26T03:18:51.440+0000] {processor.py:925} INFO - DAG(s) 'dag_with_catchup_backfill_v01.3' retrieved from /opt/airflow/dags/dag_with_catchup_and_backfill.py
[2024-09-26T03:18:51.468+0000] {logging_mixin.py:190} INFO - [2024-09-26T03:18:51.468+0000] {dag.py:3229} INFO - Sync 1 DAGs
[2024-09-26T03:18:51.498+0000] {logging_mixin.py:190} INFO - [2024-09-26T03:18:51.497+0000] {dag.py:4156} INFO - Setting next_dagrun for dag_with_catchup_backfill_v01.3 to 2024-09-25 00:00:00+00:00, run_after=2024-09-26 00:00:00+00:00
[2024-09-26T03:18:51.523+0000] {processor.py:208} INFO - Processing /opt/airflow/dags/dag_with_catchup_and_backfill.py took 0.216 seconds
[2024-09-26T03:19:21.979+0000] {processor.py:186} INFO - Started process (PID=146959) to work on /opt/airflow/dags/dag_with_catchup_and_backfill.py
[2024-09-26T03:19:21.980+0000] {processor.py:914} INFO - Processing file /opt/airflow/dags/dag_with_catchup_and_backfill.py for tasks to queue
[2024-09-26T03:19:21.982+0000] {logging_mixin.py:190} INFO - [2024-09-26T03:19:21.982+0000] {dagbag.py:587} INFO - Filling up the DagBag from /opt/airflow/dags/dag_with_catchup_and_backfill.py
[2024-09-26T03:19:22.067+0000] {processor.py:925} INFO - DAG(s) 'dag_with_catchup_backfill_v01.3' retrieved from /opt/airflow/dags/dag_with_catchup_and_backfill.py
[2024-09-26T03:19:22.089+0000] {logging_mixin.py:190} INFO - [2024-09-26T03:19:22.088+0000] {dag.py:3229} INFO - Sync 1 DAGs
[2024-09-26T03:19:22.111+0000] {logging_mixin.py:190} INFO - [2024-09-26T03:19:22.111+0000] {dag.py:4156} INFO - Setting next_dagrun for dag_with_catchup_backfill_v01.3 to 2024-09-25 00:00:00+00:00, run_after=2024-09-26 00:00:00+00:00
[2024-09-26T03:19:22.140+0000] {processor.py:208} INFO - Processing /opt/airflow/dags/dag_with_catchup_and_backfill.py took 0.167 seconds
[2024-09-26T03:19:52.686+0000] {processor.py:186} INFO - Started process (PID=147002) to work on /opt/airflow/dags/dag_with_catchup_and_backfill.py
[2024-09-26T03:19:52.688+0000] {processor.py:914} INFO - Processing file /opt/airflow/dags/dag_with_catchup_and_backfill.py for tasks to queue
[2024-09-26T03:19:52.690+0000] {logging_mixin.py:190} INFO - [2024-09-26T03:19:52.690+0000] {dagbag.py:587} INFO - Filling up the DagBag from /opt/airflow/dags/dag_with_catchup_and_backfill.py
[2024-09-26T03:19:52.769+0000] {processor.py:925} INFO - DAG(s) 'dag_with_catchup_backfill_v01.3' retrieved from /opt/airflow/dags/dag_with_catchup_and_backfill.py
[2024-09-26T03:19:52.801+0000] {logging_mixin.py:190} INFO - [2024-09-26T03:19:52.801+0000] {dag.py:3229} INFO - Sync 1 DAGs
[2024-09-26T03:19:52.835+0000] {logging_mixin.py:190} INFO - [2024-09-26T03:19:52.835+0000] {dag.py:4156} INFO - Setting next_dagrun for dag_with_catchup_backfill_v01.3 to 2024-09-25 00:00:00+00:00, run_after=2024-09-26 00:00:00+00:00
[2024-09-26T03:19:52.862+0000] {processor.py:208} INFO - Processing /opt/airflow/dags/dag_with_catchup_and_backfill.py took 0.187 seconds
[2024-09-26T03:20:23.291+0000] {processor.py:186} INFO - Started process (PID=147045) to work on /opt/airflow/dags/dag_with_catchup_and_backfill.py
[2024-09-26T03:20:23.294+0000] {processor.py:914} INFO - Processing file /opt/airflow/dags/dag_with_catchup_and_backfill.py for tasks to queue
[2024-09-26T03:20:23.297+0000] {logging_mixin.py:190} INFO - [2024-09-26T03:20:23.297+0000] {dagbag.py:587} INFO - Filling up the DagBag from /opt/airflow/dags/dag_with_catchup_and_backfill.py
[2024-09-26T03:20:23.419+0000] {processor.py:925} INFO - DAG(s) 'dag_with_catchup_backfill_v01.3' retrieved from /opt/airflow/dags/dag_with_catchup_and_backfill.py
[2024-09-26T03:20:23.448+0000] {logging_mixin.py:190} INFO - [2024-09-26T03:20:23.448+0000] {dag.py:3229} INFO - Sync 1 DAGs
[2024-09-26T03:20:23.472+0000] {logging_mixin.py:190} INFO - [2024-09-26T03:20:23.472+0000] {dag.py:4156} INFO - Setting next_dagrun for dag_with_catchup_backfill_v01.3 to 2024-09-25 00:00:00+00:00, run_after=2024-09-26 00:00:00+00:00
[2024-09-26T03:20:23.496+0000] {processor.py:208} INFO - Processing /opt/airflow/dags/dag_with_catchup_and_backfill.py took 0.219 seconds
[2024-09-26T03:20:54.115+0000] {processor.py:186} INFO - Started process (PID=147088) to work on /opt/airflow/dags/dag_with_catchup_and_backfill.py
[2024-09-26T03:20:54.118+0000] {processor.py:914} INFO - Processing file /opt/airflow/dags/dag_with_catchup_and_backfill.py for tasks to queue
[2024-09-26T03:20:54.122+0000] {logging_mixin.py:190} INFO - [2024-09-26T03:20:54.121+0000] {dagbag.py:587} INFO - Filling up the DagBag from /opt/airflow/dags/dag_with_catchup_and_backfill.py
[2024-09-26T03:20:54.220+0000] {processor.py:925} INFO - DAG(s) 'dag_with_catchup_backfill_v01.3' retrieved from /opt/airflow/dags/dag_with_catchup_and_backfill.py
[2024-09-26T03:20:54.244+0000] {logging_mixin.py:190} INFO - [2024-09-26T03:20:54.244+0000] {dag.py:3229} INFO - Sync 1 DAGs
[2024-09-26T03:20:54.269+0000] {logging_mixin.py:190} INFO - [2024-09-26T03:20:54.269+0000] {dag.py:4156} INFO - Setting next_dagrun for dag_with_catchup_backfill_v01.3 to 2024-09-25 00:00:00+00:00, run_after=2024-09-26 00:00:00+00:00
[2024-09-26T03:20:54.296+0000] {processor.py:208} INFO - Processing /opt/airflow/dags/dag_with_catchup_and_backfill.py took 0.193 seconds
[2024-09-26T03:21:24.750+0000] {processor.py:186} INFO - Started process (PID=147131) to work on /opt/airflow/dags/dag_with_catchup_and_backfill.py
[2024-09-26T03:21:24.753+0000] {processor.py:914} INFO - Processing file /opt/airflow/dags/dag_with_catchup_and_backfill.py for tasks to queue
[2024-09-26T03:21:24.755+0000] {logging_mixin.py:190} INFO - [2024-09-26T03:21:24.755+0000] {dagbag.py:587} INFO - Filling up the DagBag from /opt/airflow/dags/dag_with_catchup_and_backfill.py
[2024-09-26T03:21:24.889+0000] {processor.py:925} INFO - DAG(s) 'dag_with_catchup_backfill_v01.3' retrieved from /opt/airflow/dags/dag_with_catchup_and_backfill.py
[2024-09-26T03:21:24.938+0000] {logging_mixin.py:190} INFO - [2024-09-26T03:21:24.937+0000] {dag.py:3229} INFO - Sync 1 DAGs
[2024-09-26T03:21:24.961+0000] {logging_mixin.py:190} INFO - [2024-09-26T03:21:24.960+0000] {dag.py:4156} INFO - Setting next_dagrun for dag_with_catchup_backfill_v01.3 to 2024-09-25 00:00:00+00:00, run_after=2024-09-26 00:00:00+00:00
[2024-09-26T03:21:25.003+0000] {processor.py:208} INFO - Processing /opt/airflow/dags/dag_with_catchup_and_backfill.py took 0.264 seconds
[2024-09-26T03:21:55.418+0000] {processor.py:186} INFO - Started process (PID=147174) to work on /opt/airflow/dags/dag_with_catchup_and_backfill.py
[2024-09-26T03:21:55.421+0000] {processor.py:914} INFO - Processing file /opt/airflow/dags/dag_with_catchup_and_backfill.py for tasks to queue
[2024-09-26T03:21:55.425+0000] {logging_mixin.py:190} INFO - [2024-09-26T03:21:55.424+0000] {dagbag.py:587} INFO - Filling up the DagBag from /opt/airflow/dags/dag_with_catchup_and_backfill.py
[2024-09-26T03:21:55.546+0000] {processor.py:925} INFO - DAG(s) 'dag_with_catchup_backfill_v01.3' retrieved from /opt/airflow/dags/dag_with_catchup_and_backfill.py
[2024-09-26T03:21:55.573+0000] {logging_mixin.py:190} INFO - [2024-09-26T03:21:55.573+0000] {dag.py:3229} INFO - Sync 1 DAGs
[2024-09-26T03:21:55.596+0000] {logging_mixin.py:190} INFO - [2024-09-26T03:21:55.596+0000] {dag.py:4156} INFO - Setting next_dagrun for dag_with_catchup_backfill_v01.3 to 2024-09-25 00:00:00+00:00, run_after=2024-09-26 00:00:00+00:00
[2024-09-26T03:21:55.622+0000] {processor.py:208} INFO - Processing /opt/airflow/dags/dag_with_catchup_and_backfill.py took 0.217 seconds
[2024-09-26T03:22:26.170+0000] {processor.py:186} INFO - Started process (PID=147217) to work on /opt/airflow/dags/dag_with_catchup_and_backfill.py
[2024-09-26T03:22:26.172+0000] {processor.py:914} INFO - Processing file /opt/airflow/dags/dag_with_catchup_and_backfill.py for tasks to queue
[2024-09-26T03:22:26.175+0000] {logging_mixin.py:190} INFO - [2024-09-26T03:22:26.175+0000] {dagbag.py:587} INFO - Filling up the DagBag from /opt/airflow/dags/dag_with_catchup_and_backfill.py
[2024-09-26T03:22:26.279+0000] {processor.py:925} INFO - DAG(s) 'dag_with_catchup_backfill_v01.3' retrieved from /opt/airflow/dags/dag_with_catchup_and_backfill.py
[2024-09-26T03:22:26.309+0000] {logging_mixin.py:190} INFO - [2024-09-26T03:22:26.308+0000] {dag.py:3229} INFO - Sync 1 DAGs
[2024-09-26T03:22:26.331+0000] {logging_mixin.py:190} INFO - [2024-09-26T03:22:26.331+0000] {dag.py:4156} INFO - Setting next_dagrun for dag_with_catchup_backfill_v01.3 to 2024-09-25 00:00:00+00:00, run_after=2024-09-26 00:00:00+00:00
[2024-09-26T03:22:26.365+0000] {processor.py:208} INFO - Processing /opt/airflow/dags/dag_with_catchup_and_backfill.py took 0.201 seconds
[2024-09-26T03:22:56.845+0000] {processor.py:186} INFO - Started process (PID=147260) to work on /opt/airflow/dags/dag_with_catchup_and_backfill.py
[2024-09-26T03:22:56.847+0000] {processor.py:914} INFO - Processing file /opt/airflow/dags/dag_with_catchup_and_backfill.py for tasks to queue
[2024-09-26T03:22:56.850+0000] {logging_mixin.py:190} INFO - [2024-09-26T03:22:56.849+0000] {dagbag.py:587} INFO - Filling up the DagBag from /opt/airflow/dags/dag_with_catchup_and_backfill.py
[2024-09-26T03:22:56.962+0000] {processor.py:925} INFO - DAG(s) 'dag_with_catchup_backfill_v01.3' retrieved from /opt/airflow/dags/dag_with_catchup_and_backfill.py
[2024-09-26T03:22:56.983+0000] {logging_mixin.py:190} INFO - [2024-09-26T03:22:56.983+0000] {dag.py:3229} INFO - Sync 1 DAGs
[2024-09-26T03:22:57.004+0000] {logging_mixin.py:190} INFO - [2024-09-26T03:22:57.004+0000] {dag.py:4156} INFO - Setting next_dagrun for dag_with_catchup_backfill_v01.3 to 2024-09-25 00:00:00+00:00, run_after=2024-09-26 00:00:00+00:00
[2024-09-26T03:22:57.038+0000] {processor.py:208} INFO - Processing /opt/airflow/dags/dag_with_catchup_and_backfill.py took 0.202 seconds
[2024-09-26T03:23:27.636+0000] {processor.py:186} INFO - Started process (PID=147303) to work on /opt/airflow/dags/dag_with_catchup_and_backfill.py
[2024-09-26T03:23:27.638+0000] {processor.py:914} INFO - Processing file /opt/airflow/dags/dag_with_catchup_and_backfill.py for tasks to queue
[2024-09-26T03:23:27.640+0000] {logging_mixin.py:190} INFO - [2024-09-26T03:23:27.640+0000] {dagbag.py:587} INFO - Filling up the DagBag from /opt/airflow/dags/dag_with_catchup_and_backfill.py
[2024-09-26T03:23:27.749+0000] {processor.py:925} INFO - DAG(s) 'dag_with_catchup_backfill_v01.3' retrieved from /opt/airflow/dags/dag_with_catchup_and_backfill.py
[2024-09-26T03:23:27.775+0000] {logging_mixin.py:190} INFO - [2024-09-26T03:23:27.774+0000] {dag.py:3229} INFO - Sync 1 DAGs
[2024-09-26T03:23:27.796+0000] {logging_mixin.py:190} INFO - [2024-09-26T03:23:27.796+0000] {dag.py:4156} INFO - Setting next_dagrun for dag_with_catchup_backfill_v01.3 to 2024-09-25 00:00:00+00:00, run_after=2024-09-26 00:00:00+00:00
[2024-09-26T03:23:27.830+0000] {processor.py:208} INFO - Processing /opt/airflow/dags/dag_with_catchup_and_backfill.py took 0.199 seconds
[2024-09-26T03:23:58.284+0000] {processor.py:186} INFO - Started process (PID=147346) to work on /opt/airflow/dags/dag_with_catchup_and_backfill.py
[2024-09-26T03:23:58.286+0000] {processor.py:914} INFO - Processing file /opt/airflow/dags/dag_with_catchup_and_backfill.py for tasks to queue
[2024-09-26T03:23:58.291+0000] {logging_mixin.py:190} INFO - [2024-09-26T03:23:58.290+0000] {dagbag.py:587} INFO - Filling up the DagBag from /opt/airflow/dags/dag_with_catchup_and_backfill.py
[2024-09-26T03:23:58.388+0000] {processor.py:925} INFO - DAG(s) 'dag_with_catchup_backfill_v01.3' retrieved from /opt/airflow/dags/dag_with_catchup_and_backfill.py
[2024-09-26T03:23:58.411+0000] {logging_mixin.py:190} INFO - [2024-09-26T03:23:58.411+0000] {dag.py:3229} INFO - Sync 1 DAGs
[2024-09-26T03:23:58.435+0000] {logging_mixin.py:190} INFO - [2024-09-26T03:23:58.435+0000] {dag.py:4156} INFO - Setting next_dagrun for dag_with_catchup_backfill_v01.3 to 2024-09-25 00:00:00+00:00, run_after=2024-09-26 00:00:00+00:00
[2024-09-26T03:23:58.456+0000] {processor.py:208} INFO - Processing /opt/airflow/dags/dag_with_catchup_and_backfill.py took 0.181 seconds
[2024-09-26T03:24:28.989+0000] {processor.py:186} INFO - Started process (PID=147389) to work on /opt/airflow/dags/dag_with_catchup_and_backfill.py
[2024-09-26T03:24:28.990+0000] {processor.py:914} INFO - Processing file /opt/airflow/dags/dag_with_catchup_and_backfill.py for tasks to queue
[2024-09-26T03:24:28.992+0000] {logging_mixin.py:190} INFO - [2024-09-26T03:24:28.992+0000] {dagbag.py:587} INFO - Filling up the DagBag from /opt/airflow/dags/dag_with_catchup_and_backfill.py
[2024-09-26T03:24:29.089+0000] {processor.py:925} INFO - DAG(s) 'dag_with_catchup_backfill_v01.3' retrieved from /opt/airflow/dags/dag_with_catchup_and_backfill.py
[2024-09-26T03:24:29.113+0000] {logging_mixin.py:190} INFO - [2024-09-26T03:24:29.112+0000] {dag.py:3229} INFO - Sync 1 DAGs
[2024-09-26T03:24:29.137+0000] {logging_mixin.py:190} INFO - [2024-09-26T03:24:29.137+0000] {dag.py:4156} INFO - Setting next_dagrun for dag_with_catchup_backfill_v01.3 to 2024-09-25 00:00:00+00:00, run_after=2024-09-26 00:00:00+00:00
[2024-09-26T03:24:29.175+0000] {processor.py:208} INFO - Processing /opt/airflow/dags/dag_with_catchup_and_backfill.py took 0.193 seconds
[2024-09-26T03:24:59.606+0000] {processor.py:186} INFO - Started process (PID=147432) to work on /opt/airflow/dags/dag_with_catchup_and_backfill.py
[2024-09-26T03:24:59.608+0000] {processor.py:914} INFO - Processing file /opt/airflow/dags/dag_with_catchup_and_backfill.py for tasks to queue
[2024-09-26T03:24:59.611+0000] {logging_mixin.py:190} INFO - [2024-09-26T03:24:59.610+0000] {dagbag.py:587} INFO - Filling up the DagBag from /opt/airflow/dags/dag_with_catchup_and_backfill.py
[2024-09-26T03:24:59.686+0000] {processor.py:925} INFO - DAG(s) 'dag_with_catchup_backfill_v01.3' retrieved from /opt/airflow/dags/dag_with_catchup_and_backfill.py
[2024-09-26T03:24:59.711+0000] {logging_mixin.py:190} INFO - [2024-09-26T03:24:59.711+0000] {dag.py:3229} INFO - Sync 1 DAGs
[2024-09-26T03:24:59.732+0000] {logging_mixin.py:190} INFO - [2024-09-26T03:24:59.732+0000] {dag.py:4156} INFO - Setting next_dagrun for dag_with_catchup_backfill_v01.3 to 2024-09-25 00:00:00+00:00, run_after=2024-09-26 00:00:00+00:00
[2024-09-26T03:24:59.759+0000] {processor.py:208} INFO - Processing /opt/airflow/dags/dag_with_catchup_and_backfill.py took 0.159 seconds
[2024-09-26T03:25:30.197+0000] {processor.py:186} INFO - Started process (PID=147475) to work on /opt/airflow/dags/dag_with_catchup_and_backfill.py
[2024-09-26T03:25:30.198+0000] {processor.py:914} INFO - Processing file /opt/airflow/dags/dag_with_catchup_and_backfill.py for tasks to queue
[2024-09-26T03:25:30.201+0000] {logging_mixin.py:190} INFO - [2024-09-26T03:25:30.200+0000] {dagbag.py:587} INFO - Filling up the DagBag from /opt/airflow/dags/dag_with_catchup_and_backfill.py
[2024-09-26T03:25:30.319+0000] {processor.py:925} INFO - DAG(s) 'dag_with_catchup_backfill_v01.3' retrieved from /opt/airflow/dags/dag_with_catchup_and_backfill.py
[2024-09-26T03:25:30.344+0000] {logging_mixin.py:190} INFO - [2024-09-26T03:25:30.343+0000] {dag.py:3229} INFO - Sync 1 DAGs
[2024-09-26T03:25:30.366+0000] {logging_mixin.py:190} INFO - [2024-09-26T03:25:30.366+0000] {dag.py:4156} INFO - Setting next_dagrun for dag_with_catchup_backfill_v01.3 to 2024-09-25 00:00:00+00:00, run_after=2024-09-26 00:00:00+00:00
[2024-09-26T03:25:30.391+0000] {processor.py:208} INFO - Processing /opt/airflow/dags/dag_with_catchup_and_backfill.py took 0.205 seconds
[2024-09-26T03:26:01.174+0000] {processor.py:186} INFO - Started process (PID=147518) to work on /opt/airflow/dags/dag_with_catchup_and_backfill.py
[2024-09-26T03:26:01.177+0000] {processor.py:914} INFO - Processing file /opt/airflow/dags/dag_with_catchup_and_backfill.py for tasks to queue
[2024-09-26T03:26:01.181+0000] {logging_mixin.py:190} INFO - [2024-09-26T03:26:01.180+0000] {dagbag.py:587} INFO - Filling up the DagBag from /opt/airflow/dags/dag_with_catchup_and_backfill.py
[2024-09-26T03:26:01.292+0000] {processor.py:925} INFO - DAG(s) 'dag_with_catchup_backfill_v01.3' retrieved from /opt/airflow/dags/dag_with_catchup_and_backfill.py
[2024-09-26T03:26:01.319+0000] {logging_mixin.py:190} INFO - [2024-09-26T03:26:01.318+0000] {dag.py:3229} INFO - Sync 1 DAGs
[2024-09-26T03:26:01.341+0000] {logging_mixin.py:190} INFO - [2024-09-26T03:26:01.340+0000] {dag.py:4156} INFO - Setting next_dagrun for dag_with_catchup_backfill_v01.3 to 2024-09-25 00:00:00+00:00, run_after=2024-09-26 00:00:00+00:00
[2024-09-26T03:26:01.375+0000] {processor.py:208} INFO - Processing /opt/airflow/dags/dag_with_catchup_and_backfill.py took 0.208 seconds
[2024-09-26T03:26:31.870+0000] {processor.py:186} INFO - Started process (PID=147561) to work on /opt/airflow/dags/dag_with_catchup_and_backfill.py
[2024-09-26T03:26:31.872+0000] {processor.py:914} INFO - Processing file /opt/airflow/dags/dag_with_catchup_and_backfill.py for tasks to queue
[2024-09-26T03:26:31.874+0000] {logging_mixin.py:190} INFO - [2024-09-26T03:26:31.874+0000] {dagbag.py:587} INFO - Filling up the DagBag from /opt/airflow/dags/dag_with_catchup_and_backfill.py
[2024-09-26T03:26:31.971+0000] {processor.py:925} INFO - DAG(s) 'dag_with_catchup_backfill_v01.3' retrieved from /opt/airflow/dags/dag_with_catchup_and_backfill.py
[2024-09-26T03:26:31.996+0000] {logging_mixin.py:190} INFO - [2024-09-26T03:26:31.996+0000] {dag.py:3229} INFO - Sync 1 DAGs
[2024-09-26T03:26:32.019+0000] {logging_mixin.py:190} INFO - [2024-09-26T03:26:32.019+0000] {dag.py:4156} INFO - Setting next_dagrun for dag_with_catchup_backfill_v01.3 to 2024-09-25 00:00:00+00:00, run_after=2024-09-26 00:00:00+00:00
[2024-09-26T03:26:32.048+0000] {processor.py:208} INFO - Processing /opt/airflow/dags/dag_with_catchup_and_backfill.py took 0.182 seconds
[2024-09-26T03:27:02.416+0000] {processor.py:186} INFO - Started process (PID=147604) to work on /opt/airflow/dags/dag_with_catchup_and_backfill.py
[2024-09-26T03:27:02.417+0000] {processor.py:914} INFO - Processing file /opt/airflow/dags/dag_with_catchup_and_backfill.py for tasks to queue
[2024-09-26T03:27:02.420+0000] {logging_mixin.py:190} INFO - [2024-09-26T03:27:02.419+0000] {dagbag.py:587} INFO - Filling up the DagBag from /opt/airflow/dags/dag_with_catchup_and_backfill.py
[2024-09-26T03:27:02.482+0000] {processor.py:925} INFO - DAG(s) 'dag_with_catchup_backfill_v01.3' retrieved from /opt/airflow/dags/dag_with_catchup_and_backfill.py
[2024-09-26T03:27:02.514+0000] {logging_mixin.py:190} INFO - [2024-09-26T03:27:02.514+0000] {dag.py:3229} INFO - Sync 1 DAGs
[2024-09-26T03:27:02.550+0000] {logging_mixin.py:190} INFO - [2024-09-26T03:27:02.550+0000] {dag.py:4156} INFO - Setting next_dagrun for dag_with_catchup_backfill_v01.3 to 2024-09-25 00:00:00+00:00, run_after=2024-09-26 00:00:00+00:00
[2024-09-26T03:27:02.576+0000] {processor.py:208} INFO - Processing /opt/airflow/dags/dag_with_catchup_and_backfill.py took 0.166 seconds
[2024-09-26T03:27:33.045+0000] {processor.py:186} INFO - Started process (PID=147647) to work on /opt/airflow/dags/dag_with_catchup_and_backfill.py
[2024-09-26T03:27:33.046+0000] {processor.py:914} INFO - Processing file /opt/airflow/dags/dag_with_catchup_and_backfill.py for tasks to queue
[2024-09-26T03:27:33.048+0000] {logging_mixin.py:190} INFO - [2024-09-26T03:27:33.047+0000] {dagbag.py:587} INFO - Filling up the DagBag from /opt/airflow/dags/dag_with_catchup_and_backfill.py
[2024-09-26T03:27:33.129+0000] {processor.py:925} INFO - DAG(s) 'dag_with_catchup_backfill_v01.3' retrieved from /opt/airflow/dags/dag_with_catchup_and_backfill.py
[2024-09-26T03:27:33.153+0000] {logging_mixin.py:190} INFO - [2024-09-26T03:27:33.153+0000] {dag.py:3229} INFO - Sync 1 DAGs
[2024-09-26T03:27:33.173+0000] {logging_mixin.py:190} INFO - [2024-09-26T03:27:33.173+0000] {dag.py:4156} INFO - Setting next_dagrun for dag_with_catchup_backfill_v01.3 to 2024-09-25 00:00:00+00:00, run_after=2024-09-26 00:00:00+00:00
[2024-09-26T03:27:33.206+0000] {processor.py:208} INFO - Processing /opt/airflow/dags/dag_with_catchup_and_backfill.py took 0.168 seconds
[2024-09-26T03:28:03.591+0000] {processor.py:186} INFO - Started process (PID=147690) to work on /opt/airflow/dags/dag_with_catchup_and_backfill.py
[2024-09-26T03:28:03.593+0000] {processor.py:914} INFO - Processing file /opt/airflow/dags/dag_with_catchup_and_backfill.py for tasks to queue
[2024-09-26T03:28:03.595+0000] {logging_mixin.py:190} INFO - [2024-09-26T03:28:03.595+0000] {dagbag.py:587} INFO - Filling up the DagBag from /opt/airflow/dags/dag_with_catchup_and_backfill.py
[2024-09-26T03:28:03.705+0000] {processor.py:925} INFO - DAG(s) 'dag_with_catchup_backfill_v01.3' retrieved from /opt/airflow/dags/dag_with_catchup_and_backfill.py
[2024-09-26T03:28:03.732+0000] {logging_mixin.py:190} INFO - [2024-09-26T03:28:03.731+0000] {dag.py:3229} INFO - Sync 1 DAGs
[2024-09-26T03:28:03.756+0000] {logging_mixin.py:190} INFO - [2024-09-26T03:28:03.756+0000] {dag.py:4156} INFO - Setting next_dagrun for dag_with_catchup_backfill_v01.3 to 2024-09-25 00:00:00+00:00, run_after=2024-09-26 00:00:00+00:00
[2024-09-26T03:28:03.785+0000] {processor.py:208} INFO - Processing /opt/airflow/dags/dag_with_catchup_and_backfill.py took 0.199 seconds
[2024-09-26T03:28:34.049+0000] {processor.py:186} INFO - Started process (PID=147733) to work on /opt/airflow/dags/dag_with_catchup_and_backfill.py
[2024-09-26T03:28:34.052+0000] {processor.py:914} INFO - Processing file /opt/airflow/dags/dag_with_catchup_and_backfill.py for tasks to queue
[2024-09-26T03:28:34.054+0000] {logging_mixin.py:190} INFO - [2024-09-26T03:28:34.054+0000] {dagbag.py:587} INFO - Filling up the DagBag from /opt/airflow/dags/dag_with_catchup_and_backfill.py
[2024-09-26T03:28:34.153+0000] {processor.py:925} INFO - DAG(s) 'dag_with_catchup_backfill_v01.3' retrieved from /opt/airflow/dags/dag_with_catchup_and_backfill.py
[2024-09-26T03:28:34.180+0000] {logging_mixin.py:190} INFO - [2024-09-26T03:28:34.179+0000] {dag.py:3229} INFO - Sync 1 DAGs
[2024-09-26T03:28:34.202+0000] {logging_mixin.py:190} INFO - [2024-09-26T03:28:34.202+0000] {dag.py:4156} INFO - Setting next_dagrun for dag_with_catchup_backfill_v01.3 to 2024-09-25 00:00:00+00:00, run_after=2024-09-26 00:00:00+00:00
[2024-09-26T03:28:34.228+0000] {processor.py:208} INFO - Processing /opt/airflow/dags/dag_with_catchup_and_backfill.py took 0.190 seconds
[2024-09-26T03:29:04.567+0000] {processor.py:186} INFO - Started process (PID=147776) to work on /opt/airflow/dags/dag_with_catchup_and_backfill.py
[2024-09-26T03:29:04.568+0000] {processor.py:914} INFO - Processing file /opt/airflow/dags/dag_with_catchup_and_backfill.py for tasks to queue
[2024-09-26T03:29:04.570+0000] {logging_mixin.py:190} INFO - [2024-09-26T03:29:04.570+0000] {dagbag.py:587} INFO - Filling up the DagBag from /opt/airflow/dags/dag_with_catchup_and_backfill.py
[2024-09-26T03:29:04.695+0000] {processor.py:925} INFO - DAG(s) 'dag_with_catchup_backfill_v01.3' retrieved from /opt/airflow/dags/dag_with_catchup_and_backfill.py
[2024-09-26T03:29:04.729+0000] {logging_mixin.py:190} INFO - [2024-09-26T03:29:04.729+0000] {dag.py:3229} INFO - Sync 1 DAGs
[2024-09-26T03:29:04.752+0000] {logging_mixin.py:190} INFO - [2024-09-26T03:29:04.752+0000] {dag.py:4156} INFO - Setting next_dagrun for dag_with_catchup_backfill_v01.3 to 2024-09-25 00:00:00+00:00, run_after=2024-09-26 00:00:00+00:00
[2024-09-26T03:29:04.776+0000] {processor.py:208} INFO - Processing /opt/airflow/dags/dag_with_catchup_and_backfill.py took 0.215 seconds
[2024-09-26T03:29:35.440+0000] {processor.py:186} INFO - Started process (PID=147819) to work on /opt/airflow/dags/dag_with_catchup_and_backfill.py
[2024-09-26T03:29:35.442+0000] {processor.py:914} INFO - Processing file /opt/airflow/dags/dag_with_catchup_and_backfill.py for tasks to queue
[2024-09-26T03:29:35.445+0000] {logging_mixin.py:190} INFO - [2024-09-26T03:29:35.445+0000] {dagbag.py:587} INFO - Filling up the DagBag from /opt/airflow/dags/dag_with_catchup_and_backfill.py
[2024-09-26T03:29:35.521+0000] {processor.py:925} INFO - DAG(s) 'dag_with_catchup_backfill_v01.3' retrieved from /opt/airflow/dags/dag_with_catchup_and_backfill.py
[2024-09-26T03:29:35.543+0000] {logging_mixin.py:190} INFO - [2024-09-26T03:29:35.543+0000] {dag.py:3229} INFO - Sync 1 DAGs
[2024-09-26T03:29:35.569+0000] {logging_mixin.py:190} INFO - [2024-09-26T03:29:35.569+0000] {dag.py:4156} INFO - Setting next_dagrun for dag_with_catchup_backfill_v01.3 to 2024-09-25 00:00:00+00:00, run_after=2024-09-26 00:00:00+00:00
[2024-09-26T03:29:35.599+0000] {processor.py:208} INFO - Processing /opt/airflow/dags/dag_with_catchup_and_backfill.py took 0.164 seconds
[2024-09-26T03:30:06.155+0000] {processor.py:186} INFO - Started process (PID=147862) to work on /opt/airflow/dags/dag_with_catchup_and_backfill.py
[2024-09-26T03:30:06.157+0000] {processor.py:914} INFO - Processing file /opt/airflow/dags/dag_with_catchup_and_backfill.py for tasks to queue
[2024-09-26T03:30:06.159+0000] {logging_mixin.py:190} INFO - [2024-09-26T03:30:06.159+0000] {dagbag.py:587} INFO - Filling up the DagBag from /opt/airflow/dags/dag_with_catchup_and_backfill.py
[2024-09-26T03:30:06.245+0000] {processor.py:925} INFO - DAG(s) 'dag_with_catchup_backfill_v01.3' retrieved from /opt/airflow/dags/dag_with_catchup_and_backfill.py
[2024-09-26T03:30:06.269+0000] {logging_mixin.py:190} INFO - [2024-09-26T03:30:06.269+0000] {dag.py:3229} INFO - Sync 1 DAGs
[2024-09-26T03:30:06.292+0000] {logging_mixin.py:190} INFO - [2024-09-26T03:30:06.292+0000] {dag.py:4156} INFO - Setting next_dagrun for dag_with_catchup_backfill_v01.3 to 2024-09-25 00:00:00+00:00, run_after=2024-09-26 00:00:00+00:00
[2024-09-26T03:30:06.318+0000] {processor.py:208} INFO - Processing /opt/airflow/dags/dag_with_catchup_and_backfill.py took 0.176 seconds
[2024-09-26T03:30:36.951+0000] {processor.py:186} INFO - Started process (PID=147905) to work on /opt/airflow/dags/dag_with_catchup_and_backfill.py
[2024-09-26T03:30:36.953+0000] {processor.py:914} INFO - Processing file /opt/airflow/dags/dag_with_catchup_and_backfill.py for tasks to queue
[2024-09-26T03:30:36.955+0000] {logging_mixin.py:190} INFO - [2024-09-26T03:30:36.955+0000] {dagbag.py:587} INFO - Filling up the DagBag from /opt/airflow/dags/dag_with_catchup_and_backfill.py
[2024-09-26T03:30:37.047+0000] {processor.py:925} INFO - DAG(s) 'dag_with_catchup_backfill_v01.3' retrieved from /opt/airflow/dags/dag_with_catchup_and_backfill.py
[2024-09-26T03:30:37.075+0000] {logging_mixin.py:190} INFO - [2024-09-26T03:30:37.075+0000] {dag.py:3229} INFO - Sync 1 DAGs
[2024-09-26T03:30:37.101+0000] {logging_mixin.py:190} INFO - [2024-09-26T03:30:37.101+0000] {dag.py:4156} INFO - Setting next_dagrun for dag_with_catchup_backfill_v01.3 to 2024-09-25 00:00:00+00:00, run_after=2024-09-26 00:00:00+00:00
[2024-09-26T03:30:37.127+0000] {processor.py:208} INFO - Processing /opt/airflow/dags/dag_with_catchup_and_backfill.py took 0.182 seconds
[2024-09-26T03:31:07.641+0000] {processor.py:186} INFO - Started process (PID=147948) to work on /opt/airflow/dags/dag_with_catchup_and_backfill.py
[2024-09-26T03:31:07.645+0000] {processor.py:914} INFO - Processing file /opt/airflow/dags/dag_with_catchup_and_backfill.py for tasks to queue
[2024-09-26T03:31:07.649+0000] {logging_mixin.py:190} INFO - [2024-09-26T03:31:07.649+0000] {dagbag.py:587} INFO - Filling up the DagBag from /opt/airflow/dags/dag_with_catchup_and_backfill.py
[2024-09-26T03:31:07.769+0000] {processor.py:925} INFO - DAG(s) 'dag_with_catchup_backfill_v01.3' retrieved from /opt/airflow/dags/dag_with_catchup_and_backfill.py
[2024-09-26T03:31:07.809+0000] {logging_mixin.py:190} INFO - [2024-09-26T03:31:07.808+0000] {dag.py:3229} INFO - Sync 1 DAGs
[2024-09-26T03:31:07.835+0000] {logging_mixin.py:190} INFO - [2024-09-26T03:31:07.834+0000] {dag.py:4156} INFO - Setting next_dagrun for dag_with_catchup_backfill_v01.3 to 2024-09-25 00:00:00+00:00, run_after=2024-09-26 00:00:00+00:00
[2024-09-26T03:31:07.873+0000] {processor.py:208} INFO - Processing /opt/airflow/dags/dag_with_catchup_and_backfill.py took 0.244 seconds
[2024-09-26T03:31:38.563+0000] {processor.py:186} INFO - Started process (PID=147991) to work on /opt/airflow/dags/dag_with_catchup_and_backfill.py
[2024-09-26T03:31:38.565+0000] {processor.py:914} INFO - Processing file /opt/airflow/dags/dag_with_catchup_and_backfill.py for tasks to queue
[2024-09-26T03:31:38.567+0000] {logging_mixin.py:190} INFO - [2024-09-26T03:31:38.566+0000] {dagbag.py:587} INFO - Filling up the DagBag from /opt/airflow/dags/dag_with_catchup_and_backfill.py
[2024-09-26T03:31:38.691+0000] {processor.py:925} INFO - DAG(s) 'dag_with_catchup_backfill_v01.3' retrieved from /opt/airflow/dags/dag_with_catchup_and_backfill.py
[2024-09-26T03:31:38.732+0000] {logging_mixin.py:190} INFO - [2024-09-26T03:31:38.732+0000] {dag.py:3229} INFO - Sync 1 DAGs
[2024-09-26T03:31:38.754+0000] {logging_mixin.py:190} INFO - [2024-09-26T03:31:38.754+0000] {dag.py:4156} INFO - Setting next_dagrun for dag_with_catchup_backfill_v01.3 to 2024-09-25 00:00:00+00:00, run_after=2024-09-26 00:00:00+00:00
[2024-09-26T03:31:38.789+0000] {processor.py:208} INFO - Processing /opt/airflow/dags/dag_with_catchup_and_backfill.py took 0.234 seconds
[2024-09-26T03:32:09.417+0000] {processor.py:186} INFO - Started process (PID=148034) to work on /opt/airflow/dags/dag_with_catchup_and_backfill.py
[2024-09-26T03:32:09.426+0000] {processor.py:914} INFO - Processing file /opt/airflow/dags/dag_with_catchup_and_backfill.py for tasks to queue
[2024-09-26T03:32:09.432+0000] {logging_mixin.py:190} INFO - [2024-09-26T03:32:09.431+0000] {dagbag.py:587} INFO - Filling up the DagBag from /opt/airflow/dags/dag_with_catchup_and_backfill.py
[2024-09-26T03:32:09.541+0000] {processor.py:925} INFO - DAG(s) 'dag_with_catchup_backfill_v01.3' retrieved from /opt/airflow/dags/dag_with_catchup_and_backfill.py
[2024-09-26T03:32:09.566+0000] {logging_mixin.py:190} INFO - [2024-09-26T03:32:09.565+0000] {dag.py:3229} INFO - Sync 1 DAGs
[2024-09-26T03:32:09.591+0000] {logging_mixin.py:190} INFO - [2024-09-26T03:32:09.591+0000] {dag.py:4156} INFO - Setting next_dagrun for dag_with_catchup_backfill_v01.3 to 2024-09-25 00:00:00+00:00, run_after=2024-09-26 00:00:00+00:00
[2024-09-26T03:32:09.616+0000] {processor.py:208} INFO - Processing /opt/airflow/dags/dag_with_catchup_and_backfill.py took 0.215 seconds
[2024-09-26T03:32:40.022+0000] {processor.py:186} INFO - Started process (PID=148077) to work on /opt/airflow/dags/dag_with_catchup_and_backfill.py
[2024-09-26T03:32:40.024+0000] {processor.py:914} INFO - Processing file /opt/airflow/dags/dag_with_catchup_and_backfill.py for tasks to queue
[2024-09-26T03:32:40.026+0000] {logging_mixin.py:190} INFO - [2024-09-26T03:32:40.026+0000] {dagbag.py:587} INFO - Filling up the DagBag from /opt/airflow/dags/dag_with_catchup_and_backfill.py
[2024-09-26T03:32:40.111+0000] {processor.py:925} INFO - DAG(s) 'dag_with_catchup_backfill_v01.3' retrieved from /opt/airflow/dags/dag_with_catchup_and_backfill.py
[2024-09-26T03:32:40.137+0000] {logging_mixin.py:190} INFO - [2024-09-26T03:32:40.137+0000] {dag.py:3229} INFO - Sync 1 DAGs
[2024-09-26T03:32:40.167+0000] {logging_mixin.py:190} INFO - [2024-09-26T03:32:40.167+0000] {dag.py:4156} INFO - Setting next_dagrun for dag_with_catchup_backfill_v01.3 to 2024-09-25 00:00:00+00:00, run_after=2024-09-26 00:00:00+00:00
[2024-09-26T03:32:40.202+0000] {processor.py:208} INFO - Processing /opt/airflow/dags/dag_with_catchup_and_backfill.py took 0.187 seconds
[2024-09-26T03:33:10.827+0000] {processor.py:186} INFO - Started process (PID=148120) to work on /opt/airflow/dags/dag_with_catchup_and_backfill.py
[2024-09-26T03:33:10.829+0000] {processor.py:914} INFO - Processing file /opt/airflow/dags/dag_with_catchup_and_backfill.py for tasks to queue
[2024-09-26T03:33:10.832+0000] {logging_mixin.py:190} INFO - [2024-09-26T03:33:10.831+0000] {dagbag.py:587} INFO - Filling up the DagBag from /opt/airflow/dags/dag_with_catchup_and_backfill.py
[2024-09-26T03:33:10.900+0000] {processor.py:925} INFO - DAG(s) 'dag_with_catchup_backfill_v01.3' retrieved from /opt/airflow/dags/dag_with_catchup_and_backfill.py
[2024-09-26T03:33:10.940+0000] {logging_mixin.py:190} INFO - [2024-09-26T03:33:10.939+0000] {dag.py:3229} INFO - Sync 1 DAGs
[2024-09-26T03:33:10.971+0000] {logging_mixin.py:190} INFO - [2024-09-26T03:33:10.971+0000] {dag.py:4156} INFO - Setting next_dagrun for dag_with_catchup_backfill_v01.3 to 2024-09-25 00:00:00+00:00, run_after=2024-09-26 00:00:00+00:00
[2024-09-26T03:33:11.005+0000] {processor.py:208} INFO - Processing /opt/airflow/dags/dag_with_catchup_and_backfill.py took 0.184 seconds
[2024-09-26T03:33:41.741+0000] {processor.py:186} INFO - Started process (PID=148163) to work on /opt/airflow/dags/dag_with_catchup_and_backfill.py
[2024-09-26T03:33:41.743+0000] {processor.py:914} INFO - Processing file /opt/airflow/dags/dag_with_catchup_and_backfill.py for tasks to queue
[2024-09-26T03:33:41.746+0000] {logging_mixin.py:190} INFO - [2024-09-26T03:33:41.745+0000] {dagbag.py:587} INFO - Filling up the DagBag from /opt/airflow/dags/dag_with_catchup_and_backfill.py
[2024-09-26T03:33:41.845+0000] {processor.py:925} INFO - DAG(s) 'dag_with_catchup_backfill_v01.3' retrieved from /opt/airflow/dags/dag_with_catchup_and_backfill.py
[2024-09-26T03:33:41.874+0000] {logging_mixin.py:190} INFO - [2024-09-26T03:33:41.874+0000] {dag.py:3229} INFO - Sync 1 DAGs
[2024-09-26T03:33:41.902+0000] {logging_mixin.py:190} INFO - [2024-09-26T03:33:41.901+0000] {dag.py:4156} INFO - Setting next_dagrun for dag_with_catchup_backfill_v01.3 to 2024-09-25 00:00:00+00:00, run_after=2024-09-26 00:00:00+00:00
[2024-09-26T03:33:41.931+0000] {processor.py:208} INFO - Processing /opt/airflow/dags/dag_with_catchup_and_backfill.py took 0.200 seconds
[2024-09-26T03:34:12.212+0000] {processor.py:186} INFO - Started process (PID=148206) to work on /opt/airflow/dags/dag_with_catchup_and_backfill.py
[2024-09-26T03:34:12.213+0000] {processor.py:914} INFO - Processing file /opt/airflow/dags/dag_with_catchup_and_backfill.py for tasks to queue
[2024-09-26T03:34:12.216+0000] {logging_mixin.py:190} INFO - [2024-09-26T03:34:12.216+0000] {dagbag.py:587} INFO - Filling up the DagBag from /opt/airflow/dags/dag_with_catchup_and_backfill.py
[2024-09-26T03:34:12.281+0000] {processor.py:925} INFO - DAG(s) 'dag_with_catchup_backfill_v01.3' retrieved from /opt/airflow/dags/dag_with_catchup_and_backfill.py
[2024-09-26T03:34:12.319+0000] {logging_mixin.py:190} INFO - [2024-09-26T03:34:12.319+0000] {dag.py:3229} INFO - Sync 1 DAGs
[2024-09-26T03:34:12.351+0000] {logging_mixin.py:190} INFO - [2024-09-26T03:34:12.351+0000] {dag.py:4156} INFO - Setting next_dagrun for dag_with_catchup_backfill_v01.3 to 2024-09-25 00:00:00+00:00, run_after=2024-09-26 00:00:00+00:00
[2024-09-26T03:34:12.384+0000] {processor.py:208} INFO - Processing /opt/airflow/dags/dag_with_catchup_and_backfill.py took 0.178 seconds
[2024-09-26T03:34:42.835+0000] {processor.py:186} INFO - Started process (PID=148249) to work on /opt/airflow/dags/dag_with_catchup_and_backfill.py
[2024-09-26T03:34:42.837+0000] {processor.py:914} INFO - Processing file /opt/airflow/dags/dag_with_catchup_and_backfill.py for tasks to queue
[2024-09-26T03:34:42.840+0000] {logging_mixin.py:190} INFO - [2024-09-26T03:34:42.840+0000] {dagbag.py:587} INFO - Filling up the DagBag from /opt/airflow/dags/dag_with_catchup_and_backfill.py
[2024-09-26T03:34:42.963+0000] {processor.py:925} INFO - DAG(s) 'dag_with_catchup_backfill_v01.3' retrieved from /opt/airflow/dags/dag_with_catchup_and_backfill.py
[2024-09-26T03:34:42.994+0000] {logging_mixin.py:190} INFO - [2024-09-26T03:34:42.994+0000] {dag.py:3229} INFO - Sync 1 DAGs
[2024-09-26T03:34:43.019+0000] {logging_mixin.py:190} INFO - [2024-09-26T03:34:43.019+0000] {dag.py:4156} INFO - Setting next_dagrun for dag_with_catchup_backfill_v01.3 to 2024-09-25 00:00:00+00:00, run_after=2024-09-26 00:00:00+00:00
[2024-09-26T03:34:43.048+0000] {processor.py:208} INFO - Processing /opt/airflow/dags/dag_with_catchup_and_backfill.py took 0.222 seconds
[2024-09-26T03:35:13.765+0000] {processor.py:186} INFO - Started process (PID=148292) to work on /opt/airflow/dags/dag_with_catchup_and_backfill.py
[2024-09-26T03:35:13.767+0000] {processor.py:914} INFO - Processing file /opt/airflow/dags/dag_with_catchup_and_backfill.py for tasks to queue
[2024-09-26T03:35:13.769+0000] {logging_mixin.py:190} INFO - [2024-09-26T03:35:13.769+0000] {dagbag.py:587} INFO - Filling up the DagBag from /opt/airflow/dags/dag_with_catchup_and_backfill.py
[2024-09-26T03:35:13.881+0000] {processor.py:925} INFO - DAG(s) 'dag_with_catchup_backfill_v01.3' retrieved from /opt/airflow/dags/dag_with_catchup_and_backfill.py
[2024-09-26T03:35:13.918+0000] {logging_mixin.py:190} INFO - [2024-09-26T03:35:13.917+0000] {dag.py:3229} INFO - Sync 1 DAGs
[2024-09-26T03:35:13.939+0000] {logging_mixin.py:190} INFO - [2024-09-26T03:35:13.939+0000] {dag.py:4156} INFO - Setting next_dagrun for dag_with_catchup_backfill_v01.3 to 2024-09-25 00:00:00+00:00, run_after=2024-09-26 00:00:00+00:00
[2024-09-26T03:35:13.965+0000] {processor.py:208} INFO - Processing /opt/airflow/dags/dag_with_catchup_and_backfill.py took 0.209 seconds
[2024-09-26T03:35:44.398+0000] {processor.py:186} INFO - Started process (PID=148335) to work on /opt/airflow/dags/dag_with_catchup_and_backfill.py
[2024-09-26T03:35:44.400+0000] {processor.py:914} INFO - Processing file /opt/airflow/dags/dag_with_catchup_and_backfill.py for tasks to queue
[2024-09-26T03:35:44.402+0000] {logging_mixin.py:190} INFO - [2024-09-26T03:35:44.401+0000] {dagbag.py:587} INFO - Filling up the DagBag from /opt/airflow/dags/dag_with_catchup_and_backfill.py
[2024-09-26T03:35:44.514+0000] {processor.py:925} INFO - DAG(s) 'dag_with_catchup_backfill_v01.3' retrieved from /opt/airflow/dags/dag_with_catchup_and_backfill.py
[2024-09-26T03:35:44.547+0000] {logging_mixin.py:190} INFO - [2024-09-26T03:35:44.547+0000] {dag.py:3229} INFO - Sync 1 DAGs
[2024-09-26T03:35:44.572+0000] {logging_mixin.py:190} INFO - [2024-09-26T03:35:44.571+0000] {dag.py:4156} INFO - Setting next_dagrun for dag_with_catchup_backfill_v01.3 to 2024-09-25 00:00:00+00:00, run_after=2024-09-26 00:00:00+00:00
[2024-09-26T03:35:44.609+0000] {processor.py:208} INFO - Processing /opt/airflow/dags/dag_with_catchup_and_backfill.py took 0.219 seconds
[2024-09-26T03:36:15.060+0000] {processor.py:186} INFO - Started process (PID=148378) to work on /opt/airflow/dags/dag_with_catchup_and_backfill.py
[2024-09-26T03:36:15.062+0000] {processor.py:914} INFO - Processing file /opt/airflow/dags/dag_with_catchup_and_backfill.py for tasks to queue
[2024-09-26T03:36:15.063+0000] {logging_mixin.py:190} INFO - [2024-09-26T03:36:15.063+0000] {dagbag.py:587} INFO - Filling up the DagBag from /opt/airflow/dags/dag_with_catchup_and_backfill.py
[2024-09-26T03:36:15.159+0000] {processor.py:925} INFO - DAG(s) 'dag_with_catchup_backfill_v01.3' retrieved from /opt/airflow/dags/dag_with_catchup_and_backfill.py
[2024-09-26T03:36:15.181+0000] {logging_mixin.py:190} INFO - [2024-09-26T03:36:15.181+0000] {dag.py:3229} INFO - Sync 1 DAGs
[2024-09-26T03:36:15.204+0000] {logging_mixin.py:190} INFO - [2024-09-26T03:36:15.204+0000] {dag.py:4156} INFO - Setting next_dagrun for dag_with_catchup_backfill_v01.3 to 2024-09-25 00:00:00+00:00, run_after=2024-09-26 00:00:00+00:00
[2024-09-26T03:36:15.226+0000] {processor.py:208} INFO - Processing /opt/airflow/dags/dag_with_catchup_and_backfill.py took 0.175 seconds
[2024-09-26T03:36:45.685+0000] {processor.py:186} INFO - Started process (PID=148421) to work on /opt/airflow/dags/dag_with_catchup_and_backfill.py
[2024-09-26T03:36:45.687+0000] {processor.py:914} INFO - Processing file /opt/airflow/dags/dag_with_catchup_and_backfill.py for tasks to queue
[2024-09-26T03:36:45.690+0000] {logging_mixin.py:190} INFO - [2024-09-26T03:36:45.689+0000] {dagbag.py:587} INFO - Filling up the DagBag from /opt/airflow/dags/dag_with_catchup_and_backfill.py
[2024-09-26T03:36:45.797+0000] {processor.py:925} INFO - DAG(s) 'dag_with_catchup_backfill_v01.3' retrieved from /opt/airflow/dags/dag_with_catchup_and_backfill.py
[2024-09-26T03:36:45.827+0000] {logging_mixin.py:190} INFO - [2024-09-26T03:36:45.827+0000] {dag.py:3229} INFO - Sync 1 DAGs
[2024-09-26T03:36:45.849+0000] {logging_mixin.py:190} INFO - [2024-09-26T03:36:45.849+0000] {dag.py:4156} INFO - Setting next_dagrun for dag_with_catchup_backfill_v01.3 to 2024-09-25 00:00:00+00:00, run_after=2024-09-26 00:00:00+00:00
[2024-09-26T03:36:45.879+0000] {processor.py:208} INFO - Processing /opt/airflow/dags/dag_with_catchup_and_backfill.py took 0.202 seconds
[2024-09-26T03:37:16.436+0000] {processor.py:186} INFO - Started process (PID=148464) to work on /opt/airflow/dags/dag_with_catchup_and_backfill.py
[2024-09-26T03:37:16.439+0000] {processor.py:914} INFO - Processing file /opt/airflow/dags/dag_with_catchup_and_backfill.py for tasks to queue
[2024-09-26T03:37:16.442+0000] {logging_mixin.py:190} INFO - [2024-09-26T03:37:16.441+0000] {dagbag.py:587} INFO - Filling up the DagBag from /opt/airflow/dags/dag_with_catchup_and_backfill.py
[2024-09-26T03:37:16.528+0000] {processor.py:925} INFO - DAG(s) 'dag_with_catchup_backfill_v01.3' retrieved from /opt/airflow/dags/dag_with_catchup_and_backfill.py
[2024-09-26T03:37:16.555+0000] {logging_mixin.py:190} INFO - [2024-09-26T03:37:16.555+0000] {dag.py:3229} INFO - Sync 1 DAGs
[2024-09-26T03:37:16.589+0000] {logging_mixin.py:190} INFO - [2024-09-26T03:37:16.589+0000] {dag.py:4156} INFO - Setting next_dagrun for dag_with_catchup_backfill_v01.3 to 2024-09-25 00:00:00+00:00, run_after=2024-09-26 00:00:00+00:00
[2024-09-26T03:37:16.620+0000] {processor.py:208} INFO - Processing /opt/airflow/dags/dag_with_catchup_and_backfill.py took 0.193 seconds
[2024-09-26T03:37:47.005+0000] {processor.py:186} INFO - Started process (PID=148507) to work on /opt/airflow/dags/dag_with_catchup_and_backfill.py
[2024-09-26T03:37:47.007+0000] {processor.py:914} INFO - Processing file /opt/airflow/dags/dag_with_catchup_and_backfill.py for tasks to queue
[2024-09-26T03:37:47.009+0000] {logging_mixin.py:190} INFO - [2024-09-26T03:37:47.009+0000] {dagbag.py:587} INFO - Filling up the DagBag from /opt/airflow/dags/dag_with_catchup_and_backfill.py
[2024-09-26T03:37:47.133+0000] {processor.py:925} INFO - DAG(s) 'dag_with_catchup_backfill_v01.3' retrieved from /opt/airflow/dags/dag_with_catchup_and_backfill.py
[2024-09-26T03:37:47.169+0000] {logging_mixin.py:190} INFO - [2024-09-26T03:37:47.169+0000] {dag.py:3229} INFO - Sync 1 DAGs
[2024-09-26T03:37:47.191+0000] {logging_mixin.py:190} INFO - [2024-09-26T03:37:47.191+0000] {dag.py:4156} INFO - Setting next_dagrun for dag_with_catchup_backfill_v01.3 to 2024-09-25 00:00:00+00:00, run_after=2024-09-26 00:00:00+00:00
[2024-09-26T03:37:47.214+0000] {processor.py:208} INFO - Processing /opt/airflow/dags/dag_with_catchup_and_backfill.py took 0.220 seconds
[2024-09-26T03:38:17.768+0000] {processor.py:186} INFO - Started process (PID=148550) to work on /opt/airflow/dags/dag_with_catchup_and_backfill.py
[2024-09-26T03:38:17.771+0000] {processor.py:914} INFO - Processing file /opt/airflow/dags/dag_with_catchup_and_backfill.py for tasks to queue
[2024-09-26T03:38:17.773+0000] {logging_mixin.py:190} INFO - [2024-09-26T03:38:17.773+0000] {dagbag.py:587} INFO - Filling up the DagBag from /opt/airflow/dags/dag_with_catchup_and_backfill.py
[2024-09-26T03:38:17.916+0000] {processor.py:925} INFO - DAG(s) 'dag_with_catchup_backfill_v01.3' retrieved from /opt/airflow/dags/dag_with_catchup_and_backfill.py
[2024-09-26T03:38:17.970+0000] {logging_mixin.py:190} INFO - [2024-09-26T03:38:17.969+0000] {dag.py:3229} INFO - Sync 1 DAGs
[2024-09-26T03:38:17.993+0000] {logging_mixin.py:190} INFO - [2024-09-26T03:38:17.993+0000] {dag.py:4156} INFO - Setting next_dagrun for dag_with_catchup_backfill_v01.3 to 2024-09-25 00:00:00+00:00, run_after=2024-09-26 00:00:00+00:00
[2024-09-26T03:38:18.020+0000] {processor.py:208} INFO - Processing /opt/airflow/dags/dag_with_catchup_and_backfill.py took 0.257 seconds
[2024-09-26T03:38:48.507+0000] {processor.py:186} INFO - Started process (PID=148593) to work on /opt/airflow/dags/dag_with_catchup_and_backfill.py
[2024-09-26T03:38:48.509+0000] {processor.py:914} INFO - Processing file /opt/airflow/dags/dag_with_catchup_and_backfill.py for tasks to queue
[2024-09-26T03:38:48.511+0000] {logging_mixin.py:190} INFO - [2024-09-26T03:38:48.511+0000] {dagbag.py:587} INFO - Filling up the DagBag from /opt/airflow/dags/dag_with_catchup_and_backfill.py
[2024-09-26T03:38:48.635+0000] {processor.py:925} INFO - DAG(s) 'dag_with_catchup_backfill_v01.3' retrieved from /opt/airflow/dags/dag_with_catchup_and_backfill.py
[2024-09-26T03:38:48.672+0000] {logging_mixin.py:190} INFO - [2024-09-26T03:38:48.671+0000] {dag.py:3229} INFO - Sync 1 DAGs
[2024-09-26T03:38:48.696+0000] {logging_mixin.py:190} INFO - [2024-09-26T03:38:48.696+0000] {dag.py:4156} INFO - Setting next_dagrun for dag_with_catchup_backfill_v01.3 to 2024-09-25 00:00:00+00:00, run_after=2024-09-26 00:00:00+00:00
[2024-09-26T03:38:48.731+0000] {processor.py:208} INFO - Processing /opt/airflow/dags/dag_with_catchup_and_backfill.py took 0.233 seconds
[2024-09-26T03:39:19.536+0000] {processor.py:186} INFO - Started process (PID=148636) to work on /opt/airflow/dags/dag_with_catchup_and_backfill.py
[2024-09-26T03:39:19.538+0000] {processor.py:914} INFO - Processing file /opt/airflow/dags/dag_with_catchup_and_backfill.py for tasks to queue
[2024-09-26T03:39:19.541+0000] {logging_mixin.py:190} INFO - [2024-09-26T03:39:19.540+0000] {dagbag.py:587} INFO - Filling up the DagBag from /opt/airflow/dags/dag_with_catchup_and_backfill.py
[2024-09-26T03:39:19.633+0000] {processor.py:925} INFO - DAG(s) 'dag_with_catchup_backfill_v01.3' retrieved from /opt/airflow/dags/dag_with_catchup_and_backfill.py
[2024-09-26T03:39:19.658+0000] {logging_mixin.py:190} INFO - [2024-09-26T03:39:19.658+0000] {dag.py:3229} INFO - Sync 1 DAGs
[2024-09-26T03:39:19.682+0000] {logging_mixin.py:190} INFO - [2024-09-26T03:39:19.682+0000] {dag.py:4156} INFO - Setting next_dagrun for dag_with_catchup_backfill_v01.3 to 2024-09-25 00:00:00+00:00, run_after=2024-09-26 00:00:00+00:00
[2024-09-26T03:39:19.707+0000] {processor.py:208} INFO - Processing /opt/airflow/dags/dag_with_catchup_and_backfill.py took 0.179 seconds
[2024-09-26T03:39:50.207+0000] {processor.py:186} INFO - Started process (PID=148679) to work on /opt/airflow/dags/dag_with_catchup_and_backfill.py
[2024-09-26T03:39:50.209+0000] {processor.py:914} INFO - Processing file /opt/airflow/dags/dag_with_catchup_and_backfill.py for tasks to queue
[2024-09-26T03:39:50.210+0000] {logging_mixin.py:190} INFO - [2024-09-26T03:39:50.210+0000] {dagbag.py:587} INFO - Filling up the DagBag from /opt/airflow/dags/dag_with_catchup_and_backfill.py
[2024-09-26T03:39:50.323+0000] {processor.py:925} INFO - DAG(s) 'dag_with_catchup_backfill_v01.3' retrieved from /opt/airflow/dags/dag_with_catchup_and_backfill.py
[2024-09-26T03:39:50.350+0000] {logging_mixin.py:190} INFO - [2024-09-26T03:39:50.350+0000] {dag.py:3229} INFO - Sync 1 DAGs
[2024-09-26T03:39:50.371+0000] {logging_mixin.py:190} INFO - [2024-09-26T03:39:50.371+0000] {dag.py:4156} INFO - Setting next_dagrun for dag_with_catchup_backfill_v01.3 to 2024-09-25 00:00:00+00:00, run_after=2024-09-26 00:00:00+00:00
[2024-09-26T03:39:50.397+0000] {processor.py:208} INFO - Processing /opt/airflow/dags/dag_with_catchup_and_backfill.py took 0.196 seconds
[2024-09-26T03:40:21.106+0000] {processor.py:186} INFO - Started process (PID=148722) to work on /opt/airflow/dags/dag_with_catchup_and_backfill.py
[2024-09-26T03:40:21.108+0000] {processor.py:914} INFO - Processing file /opt/airflow/dags/dag_with_catchup_and_backfill.py for tasks to queue
[2024-09-26T03:40:21.111+0000] {logging_mixin.py:190} INFO - [2024-09-26T03:40:21.110+0000] {dagbag.py:587} INFO - Filling up the DagBag from /opt/airflow/dags/dag_with_catchup_and_backfill.py
[2024-09-26T03:40:21.233+0000] {processor.py:925} INFO - DAG(s) 'dag_with_catchup_backfill_v01.3' retrieved from /opt/airflow/dags/dag_with_catchup_and_backfill.py
[2024-09-26T03:40:21.256+0000] {logging_mixin.py:190} INFO - [2024-09-26T03:40:21.255+0000] {dag.py:3229} INFO - Sync 1 DAGs
[2024-09-26T03:40:21.279+0000] {logging_mixin.py:190} INFO - [2024-09-26T03:40:21.279+0000] {dag.py:4156} INFO - Setting next_dagrun for dag_with_catchup_backfill_v01.3 to 2024-09-25 00:00:00+00:00, run_after=2024-09-26 00:00:00+00:00
[2024-09-26T03:40:21.304+0000] {processor.py:208} INFO - Processing /opt/airflow/dags/dag_with_catchup_and_backfill.py took 0.210 seconds
[2024-09-26T03:40:52.033+0000] {processor.py:186} INFO - Started process (PID=148765) to work on /opt/airflow/dags/dag_with_catchup_and_backfill.py
[2024-09-26T03:40:52.036+0000] {processor.py:914} INFO - Processing file /opt/airflow/dags/dag_with_catchup_and_backfill.py for tasks to queue
[2024-09-26T03:40:52.042+0000] {logging_mixin.py:190} INFO - [2024-09-26T03:40:52.041+0000] {dagbag.py:587} INFO - Filling up the DagBag from /opt/airflow/dags/dag_with_catchup_and_backfill.py
[2024-09-26T03:40:52.225+0000] {processor.py:925} INFO - DAG(s) 'dag_with_catchup_backfill_v01.3' retrieved from /opt/airflow/dags/dag_with_catchup_and_backfill.py
[2024-09-26T03:40:52.267+0000] {logging_mixin.py:190} INFO - [2024-09-26T03:40:52.266+0000] {dag.py:3229} INFO - Sync 1 DAGs
[2024-09-26T03:40:52.302+0000] {logging_mixin.py:190} INFO - [2024-09-26T03:40:52.302+0000] {dag.py:4156} INFO - Setting next_dagrun for dag_with_catchup_backfill_v01.3 to 2024-09-25 00:00:00+00:00, run_after=2024-09-26 00:00:00+00:00
[2024-09-26T03:40:52.338+0000] {processor.py:208} INFO - Processing /opt/airflow/dags/dag_with_catchup_and_backfill.py took 0.320 seconds
[2024-09-26T03:41:23.332+0000] {processor.py:186} INFO - Started process (PID=148808) to work on /opt/airflow/dags/dag_with_catchup_and_backfill.py
[2024-09-26T03:41:23.333+0000] {processor.py:914} INFO - Processing file /opt/airflow/dags/dag_with_catchup_and_backfill.py for tasks to queue
[2024-09-26T03:41:23.336+0000] {logging_mixin.py:190} INFO - [2024-09-26T03:41:23.335+0000] {dagbag.py:587} INFO - Filling up the DagBag from /opt/airflow/dags/dag_with_catchup_and_backfill.py
[2024-09-26T03:41:23.411+0000] {processor.py:925} INFO - DAG(s) 'dag_with_catchup_backfill_v01.3' retrieved from /opt/airflow/dags/dag_with_catchup_and_backfill.py
[2024-09-26T03:41:23.442+0000] {logging_mixin.py:190} INFO - [2024-09-26T03:41:23.441+0000] {dag.py:3229} INFO - Sync 1 DAGs
[2024-09-26T03:41:23.471+0000] {logging_mixin.py:190} INFO - [2024-09-26T03:41:23.470+0000] {dag.py:4156} INFO - Setting next_dagrun for dag_with_catchup_backfill_v01.3 to 2024-09-25 00:00:00+00:00, run_after=2024-09-26 00:00:00+00:00
[2024-09-26T03:41:23.498+0000] {processor.py:208} INFO - Processing /opt/airflow/dags/dag_with_catchup_and_backfill.py took 0.172 seconds
[2024-09-26T03:41:53.947+0000] {processor.py:186} INFO - Started process (PID=148851) to work on /opt/airflow/dags/dag_with_catchup_and_backfill.py
[2024-09-26T03:41:53.950+0000] {processor.py:914} INFO - Processing file /opt/airflow/dags/dag_with_catchup_and_backfill.py for tasks to queue
[2024-09-26T03:41:53.955+0000] {logging_mixin.py:190} INFO - [2024-09-26T03:41:53.955+0000] {dagbag.py:587} INFO - Filling up the DagBag from /opt/airflow/dags/dag_with_catchup_and_backfill.py
[2024-09-26T03:41:54.038+0000] {processor.py:925} INFO - DAG(s) 'dag_with_catchup_backfill_v01.3' retrieved from /opt/airflow/dags/dag_with_catchup_and_backfill.py
[2024-09-26T03:41:54.074+0000] {logging_mixin.py:190} INFO - [2024-09-26T03:41:54.074+0000] {dag.py:3229} INFO - Sync 1 DAGs
[2024-09-26T03:41:54.099+0000] {logging_mixin.py:190} INFO - [2024-09-26T03:41:54.099+0000] {dag.py:4156} INFO - Setting next_dagrun for dag_with_catchup_backfill_v01.3 to 2024-09-25 00:00:00+00:00, run_after=2024-09-26 00:00:00+00:00
[2024-09-26T03:41:54.132+0000] {processor.py:208} INFO - Processing /opt/airflow/dags/dag_with_catchup_and_backfill.py took 0.191 seconds
[2024-09-26T03:42:24.564+0000] {processor.py:186} INFO - Started process (PID=148894) to work on /opt/airflow/dags/dag_with_catchup_and_backfill.py
[2024-09-26T03:42:24.566+0000] {processor.py:914} INFO - Processing file /opt/airflow/dags/dag_with_catchup_and_backfill.py for tasks to queue
[2024-09-26T03:42:24.569+0000] {logging_mixin.py:190} INFO - [2024-09-26T03:42:24.568+0000] {dagbag.py:587} INFO - Filling up the DagBag from /opt/airflow/dags/dag_with_catchup_and_backfill.py
[2024-09-26T03:42:24.678+0000] {processor.py:925} INFO - DAG(s) 'dag_with_catchup_backfill_v01.3' retrieved from /opt/airflow/dags/dag_with_catchup_and_backfill.py
[2024-09-26T03:42:24.729+0000] {logging_mixin.py:190} INFO - [2024-09-26T03:42:24.729+0000] {dag.py:3229} INFO - Sync 1 DAGs
[2024-09-26T03:42:24.754+0000] {logging_mixin.py:190} INFO - [2024-09-26T03:42:24.754+0000] {dag.py:4156} INFO - Setting next_dagrun for dag_with_catchup_backfill_v01.3 to 2024-09-25 00:00:00+00:00, run_after=2024-09-26 00:00:00+00:00
[2024-09-26T03:42:24.780+0000] {processor.py:208} INFO - Processing /opt/airflow/dags/dag_with_catchup_and_backfill.py took 0.225 seconds
[2024-09-26T03:42:55.374+0000] {processor.py:186} INFO - Started process (PID=148937) to work on /opt/airflow/dags/dag_with_catchup_and_backfill.py
[2024-09-26T03:42:55.376+0000] {processor.py:914} INFO - Processing file /opt/airflow/dags/dag_with_catchup_and_backfill.py for tasks to queue
[2024-09-26T03:42:55.377+0000] {logging_mixin.py:190} INFO - [2024-09-26T03:42:55.377+0000] {dagbag.py:587} INFO - Filling up the DagBag from /opt/airflow/dags/dag_with_catchup_and_backfill.py
[2024-09-26T03:42:55.490+0000] {processor.py:925} INFO - DAG(s) 'dag_with_catchup_backfill_v01.3' retrieved from /opt/airflow/dags/dag_with_catchup_and_backfill.py
[2024-09-26T03:42:55.525+0000] {logging_mixin.py:190} INFO - [2024-09-26T03:42:55.525+0000] {dag.py:3229} INFO - Sync 1 DAGs
[2024-09-26T03:42:55.547+0000] {logging_mixin.py:190} INFO - [2024-09-26T03:42:55.547+0000] {dag.py:4156} INFO - Setting next_dagrun for dag_with_catchup_backfill_v01.3 to 2024-09-25 00:00:00+00:00, run_after=2024-09-26 00:00:00+00:00
[2024-09-26T03:42:55.584+0000] {processor.py:208} INFO - Processing /opt/airflow/dags/dag_with_catchup_and_backfill.py took 0.217 seconds
[2024-09-26T03:43:25.764+0000] {processor.py:186} INFO - Started process (PID=148980) to work on /opt/airflow/dags/dag_with_catchup_and_backfill.py
[2024-09-26T03:43:25.773+0000] {processor.py:914} INFO - Processing file /opt/airflow/dags/dag_with_catchup_and_backfill.py for tasks to queue
[2024-09-26T03:43:25.775+0000] {logging_mixin.py:190} INFO - [2024-09-26T03:43:25.775+0000] {dagbag.py:587} INFO - Filling up the DagBag from /opt/airflow/dags/dag_with_catchup_and_backfill.py
[2024-09-26T03:43:25.853+0000] {processor.py:925} INFO - DAG(s) 'dag_with_catchup_backfill_v01.3' retrieved from /opt/airflow/dags/dag_with_catchup_and_backfill.py
[2024-09-26T03:43:25.877+0000] {logging_mixin.py:190} INFO - [2024-09-26T03:43:25.876+0000] {dag.py:3229} INFO - Sync 1 DAGs
[2024-09-26T03:43:25.901+0000] {logging_mixin.py:190} INFO - [2024-09-26T03:43:25.901+0000] {dag.py:4156} INFO - Setting next_dagrun for dag_with_catchup_backfill_v01.3 to 2024-09-25 00:00:00+00:00, run_after=2024-09-26 00:00:00+00:00
[2024-09-26T03:43:25.937+0000] {processor.py:208} INFO - Processing /opt/airflow/dags/dag_with_catchup_and_backfill.py took 0.180 seconds
[2024-09-26T03:43:56.810+0000] {processor.py:186} INFO - Started process (PID=149023) to work on /opt/airflow/dags/dag_with_catchup_and_backfill.py
[2024-09-26T03:43:56.812+0000] {processor.py:914} INFO - Processing file /opt/airflow/dags/dag_with_catchup_and_backfill.py for tasks to queue
[2024-09-26T03:43:56.814+0000] {logging_mixin.py:190} INFO - [2024-09-26T03:43:56.814+0000] {dagbag.py:587} INFO - Filling up the DagBag from /opt/airflow/dags/dag_with_catchup_and_backfill.py
[2024-09-26T03:43:56.903+0000] {processor.py:925} INFO - DAG(s) 'dag_with_catchup_backfill_v01.3' retrieved from /opt/airflow/dags/dag_with_catchup_and_backfill.py
[2024-09-26T03:43:56.929+0000] {logging_mixin.py:190} INFO - [2024-09-26T03:43:56.929+0000] {dag.py:3229} INFO - Sync 1 DAGs
[2024-09-26T03:43:56.954+0000] {logging_mixin.py:190} INFO - [2024-09-26T03:43:56.954+0000] {dag.py:4156} INFO - Setting next_dagrun for dag_with_catchup_backfill_v01.3 to 2024-09-25 00:00:00+00:00, run_after=2024-09-26 00:00:00+00:00
[2024-09-26T03:43:56.978+0000] {processor.py:208} INFO - Processing /opt/airflow/dags/dag_with_catchup_and_backfill.py took 0.173 seconds
[2024-09-26T03:44:27.329+0000] {processor.py:186} INFO - Started process (PID=149066) to work on /opt/airflow/dags/dag_with_catchup_and_backfill.py
[2024-09-26T03:44:27.330+0000] {processor.py:914} INFO - Processing file /opt/airflow/dags/dag_with_catchup_and_backfill.py for tasks to queue
[2024-09-26T03:44:27.332+0000] {logging_mixin.py:190} INFO - [2024-09-26T03:44:27.332+0000] {dagbag.py:587} INFO - Filling up the DagBag from /opt/airflow/dags/dag_with_catchup_and_backfill.py
[2024-09-26T03:44:27.402+0000] {processor.py:925} INFO - DAG(s) 'dag_with_catchup_backfill_v01.3' retrieved from /opt/airflow/dags/dag_with_catchup_and_backfill.py
[2024-09-26T03:44:27.425+0000] {logging_mixin.py:190} INFO - [2024-09-26T03:44:27.425+0000] {dag.py:3229} INFO - Sync 1 DAGs
[2024-09-26T03:44:27.450+0000] {logging_mixin.py:190} INFO - [2024-09-26T03:44:27.449+0000] {dag.py:4156} INFO - Setting next_dagrun for dag_with_catchup_backfill_v01.3 to 2024-09-25 00:00:00+00:00, run_after=2024-09-26 00:00:00+00:00
[2024-09-26T03:44:27.481+0000] {processor.py:208} INFO - Processing /opt/airflow/dags/dag_with_catchup_and_backfill.py took 0.157 seconds
[2024-09-26T03:44:58.104+0000] {processor.py:186} INFO - Started process (PID=149109) to work on /opt/airflow/dags/dag_with_catchup_and_backfill.py
[2024-09-26T03:44:58.106+0000] {processor.py:914} INFO - Processing file /opt/airflow/dags/dag_with_catchup_and_backfill.py for tasks to queue
[2024-09-26T03:44:58.109+0000] {logging_mixin.py:190} INFO - [2024-09-26T03:44:58.109+0000] {dagbag.py:587} INFO - Filling up the DagBag from /opt/airflow/dags/dag_with_catchup_and_backfill.py
[2024-09-26T03:44:58.220+0000] {processor.py:925} INFO - DAG(s) 'dag_with_catchup_backfill_v01.3' retrieved from /opt/airflow/dags/dag_with_catchup_and_backfill.py
[2024-09-26T03:44:58.252+0000] {logging_mixin.py:190} INFO - [2024-09-26T03:44:58.252+0000] {dag.py:3229} INFO - Sync 1 DAGs
[2024-09-26T03:44:58.276+0000] {logging_mixin.py:190} INFO - [2024-09-26T03:44:58.276+0000] {dag.py:4156} INFO - Setting next_dagrun for dag_with_catchup_backfill_v01.3 to 2024-09-25 00:00:00+00:00, run_after=2024-09-26 00:00:00+00:00
[2024-09-26T03:44:58.304+0000] {processor.py:208} INFO - Processing /opt/airflow/dags/dag_with_catchup_and_backfill.py took 0.212 seconds
[2024-09-26T03:45:28.765+0000] {processor.py:186} INFO - Started process (PID=149152) to work on /opt/airflow/dags/dag_with_catchup_and_backfill.py
[2024-09-26T03:45:28.768+0000] {processor.py:914} INFO - Processing file /opt/airflow/dags/dag_with_catchup_and_backfill.py for tasks to queue
[2024-09-26T03:45:28.772+0000] {logging_mixin.py:190} INFO - [2024-09-26T03:45:28.771+0000] {dagbag.py:587} INFO - Filling up the DagBag from /opt/airflow/dags/dag_with_catchup_and_backfill.py
[2024-09-26T03:45:28.876+0000] {processor.py:925} INFO - DAG(s) 'dag_with_catchup_backfill_v01.3' retrieved from /opt/airflow/dags/dag_with_catchup_and_backfill.py
[2024-09-26T03:45:28.902+0000] {logging_mixin.py:190} INFO - [2024-09-26T03:45:28.902+0000] {dag.py:3229} INFO - Sync 1 DAGs
[2024-09-26T03:45:28.926+0000] {logging_mixin.py:190} INFO - [2024-09-26T03:45:28.925+0000] {dag.py:4156} INFO - Setting next_dagrun for dag_with_catchup_backfill_v01.3 to 2024-09-25 00:00:00+00:00, run_after=2024-09-26 00:00:00+00:00
[2024-09-26T03:45:28.947+0000] {processor.py:208} INFO - Processing /opt/airflow/dags/dag_with_catchup_and_backfill.py took 0.191 seconds
[2024-09-26T03:45:59.186+0000] {processor.py:186} INFO - Started process (PID=149195) to work on /opt/airflow/dags/dag_with_catchup_and_backfill.py
[2024-09-26T03:45:59.189+0000] {processor.py:914} INFO - Processing file /opt/airflow/dags/dag_with_catchup_and_backfill.py for tasks to queue
[2024-09-26T03:45:59.191+0000] {logging_mixin.py:190} INFO - [2024-09-26T03:45:59.191+0000] {dagbag.py:587} INFO - Filling up the DagBag from /opt/airflow/dags/dag_with_catchup_and_backfill.py
[2024-09-26T03:45:59.294+0000] {processor.py:925} INFO - DAG(s) 'dag_with_catchup_backfill_v01.3' retrieved from /opt/airflow/dags/dag_with_catchup_and_backfill.py
[2024-09-26T03:45:59.322+0000] {logging_mixin.py:190} INFO - [2024-09-26T03:45:59.322+0000] {dag.py:3229} INFO - Sync 1 DAGs
[2024-09-26T03:45:59.347+0000] {logging_mixin.py:190} INFO - [2024-09-26T03:45:59.346+0000] {dag.py:4156} INFO - Setting next_dagrun for dag_with_catchup_backfill_v01.3 to 2024-09-25 00:00:00+00:00, run_after=2024-09-26 00:00:00+00:00
[2024-09-26T03:45:59.370+0000] {processor.py:208} INFO - Processing /opt/airflow/dags/dag_with_catchup_and_backfill.py took 0.189 seconds
[2024-09-26T03:46:29.821+0000] {processor.py:186} INFO - Started process (PID=149238) to work on /opt/airflow/dags/dag_with_catchup_and_backfill.py
[2024-09-26T03:46:29.824+0000] {processor.py:914} INFO - Processing file /opt/airflow/dags/dag_with_catchup_and_backfill.py for tasks to queue
[2024-09-26T03:46:29.827+0000] {logging_mixin.py:190} INFO - [2024-09-26T03:46:29.826+0000] {dagbag.py:587} INFO - Filling up the DagBag from /opt/airflow/dags/dag_with_catchup_and_backfill.py
[2024-09-26T03:46:29.928+0000] {processor.py:925} INFO - DAG(s) 'dag_with_catchup_backfill_v01.3' retrieved from /opt/airflow/dags/dag_with_catchup_and_backfill.py
[2024-09-26T03:46:29.966+0000] {logging_mixin.py:190} INFO - [2024-09-26T03:46:29.965+0000] {dag.py:3229} INFO - Sync 1 DAGs
[2024-09-26T03:46:29.989+0000] {logging_mixin.py:190} INFO - [2024-09-26T03:46:29.989+0000] {dag.py:4156} INFO - Setting next_dagrun for dag_with_catchup_backfill_v01.3 to 2024-09-25 00:00:00+00:00, run_after=2024-09-26 00:00:00+00:00
[2024-09-26T03:46:30.019+0000] {processor.py:208} INFO - Processing /opt/airflow/dags/dag_with_catchup_and_backfill.py took 0.213 seconds
[2024-09-26T03:47:00.803+0000] {processor.py:186} INFO - Started process (PID=149281) to work on /opt/airflow/dags/dag_with_catchup_and_backfill.py
[2024-09-26T03:47:00.805+0000] {processor.py:914} INFO - Processing file /opt/airflow/dags/dag_with_catchup_and_backfill.py for tasks to queue
[2024-09-26T03:47:00.808+0000] {logging_mixin.py:190} INFO - [2024-09-26T03:47:00.808+0000] {dagbag.py:587} INFO - Filling up the DagBag from /opt/airflow/dags/dag_with_catchup_and_backfill.py
[2024-09-26T03:47:00.920+0000] {processor.py:925} INFO - DAG(s) 'dag_with_catchup_backfill_v01.3' retrieved from /opt/airflow/dags/dag_with_catchup_and_backfill.py
[2024-09-26T03:47:00.943+0000] {logging_mixin.py:190} INFO - [2024-09-26T03:47:00.943+0000] {dag.py:3229} INFO - Sync 1 DAGs
[2024-09-26T03:47:00.966+0000] {logging_mixin.py:190} INFO - [2024-09-26T03:47:00.966+0000] {dag.py:4156} INFO - Setting next_dagrun for dag_with_catchup_backfill_v01.3 to 2024-09-25 00:00:00+00:00, run_after=2024-09-26 00:00:00+00:00
[2024-09-26T03:47:00.994+0000] {processor.py:208} INFO - Processing /opt/airflow/dags/dag_with_catchup_and_backfill.py took 0.202 seconds
[2024-09-26T03:47:31.509+0000] {processor.py:186} INFO - Started process (PID=149324) to work on /opt/airflow/dags/dag_with_catchup_and_backfill.py
[2024-09-26T03:47:31.510+0000] {processor.py:914} INFO - Processing file /opt/airflow/dags/dag_with_catchup_and_backfill.py for tasks to queue
[2024-09-26T03:47:31.513+0000] {logging_mixin.py:190} INFO - [2024-09-26T03:47:31.512+0000] {dagbag.py:587} INFO - Filling up the DagBag from /opt/airflow/dags/dag_with_catchup_and_backfill.py
[2024-09-26T03:47:31.592+0000] {processor.py:925} INFO - DAG(s) 'dag_with_catchup_backfill_v01.3' retrieved from /opt/airflow/dags/dag_with_catchup_and_backfill.py
[2024-09-26T03:47:31.624+0000] {logging_mixin.py:190} INFO - [2024-09-26T03:47:31.624+0000] {dag.py:3229} INFO - Sync 1 DAGs
[2024-09-26T03:47:31.645+0000] {logging_mixin.py:190} INFO - [2024-09-26T03:47:31.645+0000] {dag.py:4156} INFO - Setting next_dagrun for dag_with_catchup_backfill_v01.3 to 2024-09-25 00:00:00+00:00, run_after=2024-09-26 00:00:00+00:00
[2024-09-26T03:47:31.672+0000] {processor.py:208} INFO - Processing /opt/airflow/dags/dag_with_catchup_and_backfill.py took 0.170 seconds
[2024-09-26T03:48:02.177+0000] {processor.py:186} INFO - Started process (PID=149367) to work on /opt/airflow/dags/dag_with_catchup_and_backfill.py
[2024-09-26T03:48:02.179+0000] {processor.py:914} INFO - Processing file /opt/airflow/dags/dag_with_catchup_and_backfill.py for tasks to queue
[2024-09-26T03:48:02.182+0000] {logging_mixin.py:190} INFO - [2024-09-26T03:48:02.181+0000] {dagbag.py:587} INFO - Filling up the DagBag from /opt/airflow/dags/dag_with_catchup_and_backfill.py
[2024-09-26T03:48:02.272+0000] {processor.py:925} INFO - DAG(s) 'dag_with_catchup_backfill_v01.3' retrieved from /opt/airflow/dags/dag_with_catchup_and_backfill.py
[2024-09-26T03:48:02.301+0000] {logging_mixin.py:190} INFO - [2024-09-26T03:48:02.300+0000] {dag.py:3229} INFO - Sync 1 DAGs
[2024-09-26T03:48:02.337+0000] {logging_mixin.py:190} INFO - [2024-09-26T03:48:02.337+0000] {dag.py:4156} INFO - Setting next_dagrun for dag_with_catchup_backfill_v01.3 to 2024-09-25 00:00:00+00:00, run_after=2024-09-26 00:00:00+00:00
[2024-09-26T03:48:02.370+0000] {processor.py:208} INFO - Processing /opt/airflow/dags/dag_with_catchup_and_backfill.py took 0.206 seconds
[2024-09-26T03:48:32.693+0000] {processor.py:186} INFO - Started process (PID=149410) to work on /opt/airflow/dags/dag_with_catchup_and_backfill.py
[2024-09-26T03:48:32.694+0000] {processor.py:914} INFO - Processing file /opt/airflow/dags/dag_with_catchup_and_backfill.py for tasks to queue
[2024-09-26T03:48:32.696+0000] {logging_mixin.py:190} INFO - [2024-09-26T03:48:32.696+0000] {dagbag.py:587} INFO - Filling up the DagBag from /opt/airflow/dags/dag_with_catchup_and_backfill.py
[2024-09-26T03:48:32.782+0000] {processor.py:925} INFO - DAG(s) 'dag_with_catchup_backfill_v01.3' retrieved from /opt/airflow/dags/dag_with_catchup_and_backfill.py
[2024-09-26T03:48:32.811+0000] {logging_mixin.py:190} INFO - [2024-09-26T03:48:32.811+0000] {dag.py:3229} INFO - Sync 1 DAGs
[2024-09-26T03:48:32.834+0000] {logging_mixin.py:190} INFO - [2024-09-26T03:48:32.833+0000] {dag.py:4156} INFO - Setting next_dagrun for dag_with_catchup_backfill_v01.3 to 2024-09-25 00:00:00+00:00, run_after=2024-09-26 00:00:00+00:00
[2024-09-26T03:48:32.861+0000] {processor.py:208} INFO - Processing /opt/airflow/dags/dag_with_catchup_and_backfill.py took 0.173 seconds
[2024-09-26T03:49:03.142+0000] {processor.py:186} INFO - Started process (PID=149453) to work on /opt/airflow/dags/dag_with_catchup_and_backfill.py
[2024-09-26T03:49:03.143+0000] {processor.py:914} INFO - Processing file /opt/airflow/dags/dag_with_catchup_and_backfill.py for tasks to queue
[2024-09-26T03:49:03.145+0000] {logging_mixin.py:190} INFO - [2024-09-26T03:49:03.145+0000] {dagbag.py:587} INFO - Filling up the DagBag from /opt/airflow/dags/dag_with_catchup_and_backfill.py
[2024-09-26T03:49:03.222+0000] {processor.py:925} INFO - DAG(s) 'dag_with_catchup_backfill_v01.3' retrieved from /opt/airflow/dags/dag_with_catchup_and_backfill.py
[2024-09-26T03:49:03.247+0000] {logging_mixin.py:190} INFO - [2024-09-26T03:49:03.247+0000] {dag.py:3229} INFO - Sync 1 DAGs
[2024-09-26T03:49:03.275+0000] {logging_mixin.py:190} INFO - [2024-09-26T03:49:03.274+0000] {dag.py:4156} INFO - Setting next_dagrun for dag_with_catchup_backfill_v01.3 to 2024-09-25 00:00:00+00:00, run_after=2024-09-26 00:00:00+00:00
[2024-09-26T03:49:03.310+0000] {processor.py:208} INFO - Processing /opt/airflow/dags/dag_with_catchup_and_backfill.py took 0.174 seconds
[2024-09-26T03:49:33.623+0000] {processor.py:186} INFO - Started process (PID=149496) to work on /opt/airflow/dags/dag_with_catchup_and_backfill.py
[2024-09-26T03:49:33.626+0000] {processor.py:914} INFO - Processing file /opt/airflow/dags/dag_with_catchup_and_backfill.py for tasks to queue
[2024-09-26T03:49:33.630+0000] {logging_mixin.py:190} INFO - [2024-09-26T03:49:33.629+0000] {dagbag.py:587} INFO - Filling up the DagBag from /opt/airflow/dags/dag_with_catchup_and_backfill.py
[2024-09-26T03:49:33.735+0000] {processor.py:925} INFO - DAG(s) 'dag_with_catchup_backfill_v01.3' retrieved from /opt/airflow/dags/dag_with_catchup_and_backfill.py
[2024-09-26T03:49:33.773+0000] {logging_mixin.py:190} INFO - [2024-09-26T03:49:33.773+0000] {dag.py:3229} INFO - Sync 1 DAGs
[2024-09-26T03:49:33.797+0000] {logging_mixin.py:190} INFO - [2024-09-26T03:49:33.797+0000] {dag.py:4156} INFO - Setting next_dagrun for dag_with_catchup_backfill_v01.3 to 2024-09-25 00:00:00+00:00, run_after=2024-09-26 00:00:00+00:00
[2024-09-26T03:49:33.825+0000] {processor.py:208} INFO - Processing /opt/airflow/dags/dag_with_catchup_and_backfill.py took 0.216 seconds
[2024-09-26T03:50:04.054+0000] {processor.py:186} INFO - Started process (PID=149539) to work on /opt/airflow/dags/dag_with_catchup_and_backfill.py
[2024-09-26T03:50:04.057+0000] {processor.py:914} INFO - Processing file /opt/airflow/dags/dag_with_catchup_and_backfill.py for tasks to queue
[2024-09-26T03:50:04.060+0000] {logging_mixin.py:190} INFO - [2024-09-26T03:50:04.060+0000] {dagbag.py:587} INFO - Filling up the DagBag from /opt/airflow/dags/dag_with_catchup_and_backfill.py
[2024-09-26T03:50:04.176+0000] {processor.py:925} INFO - DAG(s) 'dag_with_catchup_backfill_v01.3' retrieved from /opt/airflow/dags/dag_with_catchup_and_backfill.py
[2024-09-26T03:50:04.210+0000] {logging_mixin.py:190} INFO - [2024-09-26T03:50:04.210+0000] {dag.py:3229} INFO - Sync 1 DAGs
[2024-09-26T03:50:04.232+0000] {logging_mixin.py:190} INFO - [2024-09-26T03:50:04.231+0000] {dag.py:4156} INFO - Setting next_dagrun for dag_with_catchup_backfill_v01.3 to 2024-09-25 00:00:00+00:00, run_after=2024-09-26 00:00:00+00:00
[2024-09-26T03:50:04.265+0000] {processor.py:208} INFO - Processing /opt/airflow/dags/dag_with_catchup_and_backfill.py took 0.222 seconds
[2024-09-26T03:50:34.495+0000] {processor.py:186} INFO - Started process (PID=149582) to work on /opt/airflow/dags/dag_with_catchup_and_backfill.py
[2024-09-26T03:50:34.497+0000] {processor.py:914} INFO - Processing file /opt/airflow/dags/dag_with_catchup_and_backfill.py for tasks to queue
[2024-09-26T03:50:34.499+0000] {logging_mixin.py:190} INFO - [2024-09-26T03:50:34.499+0000] {dagbag.py:587} INFO - Filling up the DagBag from /opt/airflow/dags/dag_with_catchup_and_backfill.py
[2024-09-26T03:50:34.571+0000] {processor.py:925} INFO - DAG(s) 'dag_with_catchup_backfill_v01.3' retrieved from /opt/airflow/dags/dag_with_catchup_and_backfill.py
[2024-09-26T03:50:34.592+0000] {logging_mixin.py:190} INFO - [2024-09-26T03:50:34.592+0000] {dag.py:3229} INFO - Sync 1 DAGs
[2024-09-26T03:50:34.614+0000] {logging_mixin.py:190} INFO - [2024-09-26T03:50:34.613+0000] {dag.py:4156} INFO - Setting next_dagrun for dag_with_catchup_backfill_v01.3 to 2024-09-25 00:00:00+00:00, run_after=2024-09-26 00:00:00+00:00
[2024-09-26T03:50:34.650+0000] {processor.py:208} INFO - Processing /opt/airflow/dags/dag_with_catchup_and_backfill.py took 0.162 seconds
[2024-09-26T03:51:05.509+0000] {processor.py:186} INFO - Started process (PID=149625) to work on /opt/airflow/dags/dag_with_catchup_and_backfill.py
[2024-09-26T03:51:05.512+0000] {processor.py:914} INFO - Processing file /opt/airflow/dags/dag_with_catchup_and_backfill.py for tasks to queue
[2024-09-26T03:51:05.517+0000] {logging_mixin.py:190} INFO - [2024-09-26T03:51:05.515+0000] {dagbag.py:587} INFO - Filling up the DagBag from /opt/airflow/dags/dag_with_catchup_and_backfill.py
[2024-09-26T03:51:05.646+0000] {processor.py:925} INFO - DAG(s) 'dag_with_catchup_backfill_v01.3' retrieved from /opt/airflow/dags/dag_with_catchup_and_backfill.py
[2024-09-26T03:51:05.675+0000] {logging_mixin.py:190} INFO - [2024-09-26T03:51:05.675+0000] {dag.py:3229} INFO - Sync 1 DAGs
[2024-09-26T03:51:05.697+0000] {logging_mixin.py:190} INFO - [2024-09-26T03:51:05.697+0000] {dag.py:4156} INFO - Setting next_dagrun for dag_with_catchup_backfill_v01.3 to 2024-09-25 00:00:00+00:00, run_after=2024-09-26 00:00:00+00:00
[2024-09-26T03:51:05.722+0000] {processor.py:208} INFO - Processing /opt/airflow/dags/dag_with_catchup_and_backfill.py took 0.228 seconds
[2024-09-26T03:51:35.996+0000] {processor.py:186} INFO - Started process (PID=149668) to work on /opt/airflow/dags/dag_with_catchup_and_backfill.py
[2024-09-26T03:51:35.998+0000] {processor.py:914} INFO - Processing file /opt/airflow/dags/dag_with_catchup_and_backfill.py for tasks to queue
[2024-09-26T03:51:36.001+0000] {logging_mixin.py:190} INFO - [2024-09-26T03:51:36.000+0000] {dagbag.py:587} INFO - Filling up the DagBag from /opt/airflow/dags/dag_with_catchup_and_backfill.py
[2024-09-26T03:51:36.099+0000] {processor.py:925} INFO - DAG(s) 'dag_with_catchup_backfill_v01.3' retrieved from /opt/airflow/dags/dag_with_catchup_and_backfill.py
[2024-09-26T03:51:36.132+0000] {logging_mixin.py:190} INFO - [2024-09-26T03:51:36.131+0000] {dag.py:3229} INFO - Sync 1 DAGs
[2024-09-26T03:51:36.162+0000] {logging_mixin.py:190} INFO - [2024-09-26T03:51:36.161+0000] {dag.py:4156} INFO - Setting next_dagrun for dag_with_catchup_backfill_v01.3 to 2024-09-25 00:00:00+00:00, run_after=2024-09-26 00:00:00+00:00
[2024-09-26T03:51:36.194+0000] {processor.py:208} INFO - Processing /opt/airflow/dags/dag_with_catchup_and_backfill.py took 0.203 seconds
[2024-09-26T03:52:06.650+0000] {processor.py:186} INFO - Started process (PID=149711) to work on /opt/airflow/dags/dag_with_catchup_and_backfill.py
[2024-09-26T03:52:06.652+0000] {processor.py:914} INFO - Processing file /opt/airflow/dags/dag_with_catchup_and_backfill.py for tasks to queue
[2024-09-26T03:52:06.655+0000] {logging_mixin.py:190} INFO - [2024-09-26T03:52:06.655+0000] {dagbag.py:587} INFO - Filling up the DagBag from /opt/airflow/dags/dag_with_catchup_and_backfill.py
[2024-09-26T03:52:06.776+0000] {processor.py:925} INFO - DAG(s) 'dag_with_catchup_backfill_v01.3' retrieved from /opt/airflow/dags/dag_with_catchup_and_backfill.py
[2024-09-26T03:52:06.804+0000] {logging_mixin.py:190} INFO - [2024-09-26T03:52:06.804+0000] {dag.py:3229} INFO - Sync 1 DAGs
[2024-09-26T03:52:06.831+0000] {logging_mixin.py:190} INFO - [2024-09-26T03:52:06.831+0000] {dag.py:4156} INFO - Setting next_dagrun for dag_with_catchup_backfill_v01.3 to 2024-09-25 00:00:00+00:00, run_after=2024-09-26 00:00:00+00:00
[2024-09-26T03:52:06.866+0000] {processor.py:208} INFO - Processing /opt/airflow/dags/dag_with_catchup_and_backfill.py took 0.223 seconds
[2024-09-26T03:52:37.305+0000] {processor.py:186} INFO - Started process (PID=149754) to work on /opt/airflow/dags/dag_with_catchup_and_backfill.py
[2024-09-26T03:52:37.308+0000] {processor.py:914} INFO - Processing file /opt/airflow/dags/dag_with_catchup_and_backfill.py for tasks to queue
[2024-09-26T03:52:37.311+0000] {logging_mixin.py:190} INFO - [2024-09-26T03:52:37.310+0000] {dagbag.py:587} INFO - Filling up the DagBag from /opt/airflow/dags/dag_with_catchup_and_backfill.py
[2024-09-26T03:52:37.407+0000] {processor.py:925} INFO - DAG(s) 'dag_with_catchup_backfill_v01.3' retrieved from /opt/airflow/dags/dag_with_catchup_and_backfill.py
[2024-09-26T03:52:37.430+0000] {logging_mixin.py:190} INFO - [2024-09-26T03:52:37.430+0000] {dag.py:3229} INFO - Sync 1 DAGs
[2024-09-26T03:52:37.452+0000] {logging_mixin.py:190} INFO - [2024-09-26T03:52:37.452+0000] {dag.py:4156} INFO - Setting next_dagrun for dag_with_catchup_backfill_v01.3 to 2024-09-25 00:00:00+00:00, run_after=2024-09-26 00:00:00+00:00
[2024-09-26T03:52:37.477+0000] {processor.py:208} INFO - Processing /opt/airflow/dags/dag_with_catchup_and_backfill.py took 0.182 seconds
[2024-09-26T03:53:08.092+0000] {processor.py:186} INFO - Started process (PID=149797) to work on /opt/airflow/dags/dag_with_catchup_and_backfill.py
[2024-09-26T03:53:08.093+0000] {processor.py:914} INFO - Processing file /opt/airflow/dags/dag_with_catchup_and_backfill.py for tasks to queue
[2024-09-26T03:53:08.096+0000] {logging_mixin.py:190} INFO - [2024-09-26T03:53:08.095+0000] {dagbag.py:587} INFO - Filling up the DagBag from /opt/airflow/dags/dag_with_catchup_and_backfill.py
[2024-09-26T03:53:08.160+0000] {processor.py:925} INFO - DAG(s) 'dag_with_catchup_backfill_v01.3' retrieved from /opt/airflow/dags/dag_with_catchup_and_backfill.py
[2024-09-26T03:53:08.188+0000] {logging_mixin.py:190} INFO - [2024-09-26T03:53:08.187+0000] {dag.py:3229} INFO - Sync 1 DAGs
[2024-09-26T03:53:08.217+0000] {logging_mixin.py:190} INFO - [2024-09-26T03:53:08.216+0000] {dag.py:4156} INFO - Setting next_dagrun for dag_with_catchup_backfill_v01.3 to 2024-09-25 00:00:00+00:00, run_after=2024-09-26 00:00:00+00:00
[2024-09-26T03:53:08.245+0000] {processor.py:208} INFO - Processing /opt/airflow/dags/dag_with_catchup_and_backfill.py took 0.160 seconds
[2024-09-26T03:53:38.573+0000] {processor.py:186} INFO - Started process (PID=149840) to work on /opt/airflow/dags/dag_with_catchup_and_backfill.py
[2024-09-26T03:53:38.574+0000] {processor.py:914} INFO - Processing file /opt/airflow/dags/dag_with_catchup_and_backfill.py for tasks to queue
[2024-09-26T03:53:38.576+0000] {logging_mixin.py:190} INFO - [2024-09-26T03:53:38.576+0000] {dagbag.py:587} INFO - Filling up the DagBag from /opt/airflow/dags/dag_with_catchup_and_backfill.py
[2024-09-26T03:53:38.694+0000] {processor.py:925} INFO - DAG(s) 'dag_with_catchup_backfill_v01.3' retrieved from /opt/airflow/dags/dag_with_catchup_and_backfill.py
[2024-09-26T03:53:38.722+0000] {logging_mixin.py:190} INFO - [2024-09-26T03:53:38.721+0000] {dag.py:3229} INFO - Sync 1 DAGs
[2024-09-26T03:53:38.756+0000] {logging_mixin.py:190} INFO - [2024-09-26T03:53:38.755+0000] {dag.py:4156} INFO - Setting next_dagrun for dag_with_catchup_backfill_v01.3 to 2024-09-25 00:00:00+00:00, run_after=2024-09-26 00:00:00+00:00
[2024-09-26T03:53:38.788+0000] {processor.py:208} INFO - Processing /opt/airflow/dags/dag_with_catchup_and_backfill.py took 0.221 seconds
[2024-09-26T03:54:09.224+0000] {processor.py:186} INFO - Started process (PID=149883) to work on /opt/airflow/dags/dag_with_catchup_and_backfill.py
[2024-09-26T03:54:09.227+0000] {processor.py:914} INFO - Processing file /opt/airflow/dags/dag_with_catchup_and_backfill.py for tasks to queue
[2024-09-26T03:54:09.231+0000] {logging_mixin.py:190} INFO - [2024-09-26T03:54:09.230+0000] {dagbag.py:587} INFO - Filling up the DagBag from /opt/airflow/dags/dag_with_catchup_and_backfill.py
[2024-09-26T03:54:09.348+0000] {processor.py:925} INFO - DAG(s) 'dag_with_catchup_backfill_v01.3' retrieved from /opt/airflow/dags/dag_with_catchup_and_backfill.py
[2024-09-26T03:54:09.382+0000] {logging_mixin.py:190} INFO - [2024-09-26T03:54:09.382+0000] {dag.py:3229} INFO - Sync 1 DAGs
[2024-09-26T03:54:09.409+0000] {logging_mixin.py:190} INFO - [2024-09-26T03:54:09.409+0000] {dag.py:4156} INFO - Setting next_dagrun for dag_with_catchup_backfill_v01.3 to 2024-09-25 00:00:00+00:00, run_after=2024-09-26 00:00:00+00:00
[2024-09-26T03:54:09.446+0000] {processor.py:208} INFO - Processing /opt/airflow/dags/dag_with_catchup_and_backfill.py took 0.229 seconds
[2024-09-26T03:54:39.891+0000] {processor.py:186} INFO - Started process (PID=149926) to work on /opt/airflow/dags/dag_with_catchup_and_backfill.py
[2024-09-26T03:54:39.894+0000] {processor.py:914} INFO - Processing file /opt/airflow/dags/dag_with_catchup_and_backfill.py for tasks to queue
[2024-09-26T03:54:39.897+0000] {logging_mixin.py:190} INFO - [2024-09-26T03:54:39.896+0000] {dagbag.py:587} INFO - Filling up the DagBag from /opt/airflow/dags/dag_with_catchup_and_backfill.py
[2024-09-26T03:54:40.009+0000] {processor.py:925} INFO - DAG(s) 'dag_with_catchup_backfill_v01.3' retrieved from /opt/airflow/dags/dag_with_catchup_and_backfill.py
[2024-09-26T03:54:40.033+0000] {logging_mixin.py:190} INFO - [2024-09-26T03:54:40.033+0000] {dag.py:3229} INFO - Sync 1 DAGs
[2024-09-26T03:54:40.054+0000] {logging_mixin.py:190} INFO - [2024-09-26T03:54:40.054+0000] {dag.py:4156} INFO - Setting next_dagrun for dag_with_catchup_backfill_v01.3 to 2024-09-25 00:00:00+00:00, run_after=2024-09-26 00:00:00+00:00
[2024-09-26T03:54:40.089+0000] {processor.py:208} INFO - Processing /opt/airflow/dags/dag_with_catchup_and_backfill.py took 0.206 seconds
[2024-09-26T03:55:10.495+0000] {processor.py:186} INFO - Started process (PID=149969) to work on /opt/airflow/dags/dag_with_catchup_and_backfill.py
[2024-09-26T03:55:10.497+0000] {processor.py:914} INFO - Processing file /opt/airflow/dags/dag_with_catchup_and_backfill.py for tasks to queue
[2024-09-26T03:55:10.501+0000] {logging_mixin.py:190} INFO - [2024-09-26T03:55:10.500+0000] {dagbag.py:587} INFO - Filling up the DagBag from /opt/airflow/dags/dag_with_catchup_and_backfill.py
[2024-09-26T03:55:10.574+0000] {processor.py:925} INFO - DAG(s) 'dag_with_catchup_backfill_v01.3' retrieved from /opt/airflow/dags/dag_with_catchup_and_backfill.py
[2024-09-26T03:55:10.601+0000] {logging_mixin.py:190} INFO - [2024-09-26T03:55:10.601+0000] {dag.py:3229} INFO - Sync 1 DAGs
[2024-09-26T03:55:10.628+0000] {logging_mixin.py:190} INFO - [2024-09-26T03:55:10.628+0000] {dag.py:4156} INFO - Setting next_dagrun for dag_with_catchup_backfill_v01.3 to 2024-09-25 00:00:00+00:00, run_after=2024-09-26 00:00:00+00:00
[2024-09-26T03:55:10.658+0000] {processor.py:208} INFO - Processing /opt/airflow/dags/dag_with_catchup_and_backfill.py took 0.171 seconds
[2024-09-26T03:55:41.519+0000] {processor.py:186} INFO - Started process (PID=150012) to work on /opt/airflow/dags/dag_with_catchup_and_backfill.py
[2024-09-26T03:55:41.521+0000] {processor.py:914} INFO - Processing file /opt/airflow/dags/dag_with_catchup_and_backfill.py for tasks to queue
[2024-09-26T03:55:41.523+0000] {logging_mixin.py:190} INFO - [2024-09-26T03:55:41.522+0000] {dagbag.py:587} INFO - Filling up the DagBag from /opt/airflow/dags/dag_with_catchup_and_backfill.py
[2024-09-26T03:55:41.653+0000] {processor.py:925} INFO - DAG(s) 'dag_with_catchup_backfill_v01.3' retrieved from /opt/airflow/dags/dag_with_catchup_and_backfill.py
[2024-09-26T03:55:41.678+0000] {logging_mixin.py:190} INFO - [2024-09-26T03:55:41.678+0000] {dag.py:3229} INFO - Sync 1 DAGs
[2024-09-26T03:55:41.700+0000] {logging_mixin.py:190} INFO - [2024-09-26T03:55:41.700+0000] {dag.py:4156} INFO - Setting next_dagrun for dag_with_catchup_backfill_v01.3 to 2024-09-25 00:00:00+00:00, run_after=2024-09-26 00:00:00+00:00
[2024-09-26T03:55:41.726+0000] {processor.py:208} INFO - Processing /opt/airflow/dags/dag_with_catchup_and_backfill.py took 0.212 seconds
[2024-09-26T03:56:12.297+0000] {processor.py:186} INFO - Started process (PID=150055) to work on /opt/airflow/dags/dag_with_catchup_and_backfill.py
[2024-09-26T03:56:12.299+0000] {processor.py:914} INFO - Processing file /opt/airflow/dags/dag_with_catchup_and_backfill.py for tasks to queue
[2024-09-26T03:56:12.301+0000] {logging_mixin.py:190} INFO - [2024-09-26T03:56:12.301+0000] {dagbag.py:587} INFO - Filling up the DagBag from /opt/airflow/dags/dag_with_catchup_and_backfill.py
[2024-09-26T03:56:12.414+0000] {processor.py:925} INFO - DAG(s) 'dag_with_catchup_backfill_v01.3' retrieved from /opt/airflow/dags/dag_with_catchup_and_backfill.py
[2024-09-26T03:56:12.440+0000] {logging_mixin.py:190} INFO - [2024-09-26T03:56:12.440+0000] {dag.py:3229} INFO - Sync 1 DAGs
[2024-09-26T03:56:12.464+0000] {logging_mixin.py:190} INFO - [2024-09-26T03:56:12.464+0000] {dag.py:4156} INFO - Setting next_dagrun for dag_with_catchup_backfill_v01.3 to 2024-09-25 00:00:00+00:00, run_after=2024-09-26 00:00:00+00:00
[2024-09-26T03:56:12.502+0000] {processor.py:208} INFO - Processing /opt/airflow/dags/dag_with_catchup_and_backfill.py took 0.209 seconds
[2024-09-26T03:56:43.023+0000] {processor.py:186} INFO - Started process (PID=150098) to work on /opt/airflow/dags/dag_with_catchup_and_backfill.py
[2024-09-26T03:56:43.024+0000] {processor.py:914} INFO - Processing file /opt/airflow/dags/dag_with_catchup_and_backfill.py for tasks to queue
[2024-09-26T03:56:43.027+0000] {logging_mixin.py:190} INFO - [2024-09-26T03:56:43.026+0000] {dagbag.py:587} INFO - Filling up the DagBag from /opt/airflow/dags/dag_with_catchup_and_backfill.py
[2024-09-26T03:56:43.114+0000] {processor.py:925} INFO - DAG(s) 'dag_with_catchup_backfill_v01.3' retrieved from /opt/airflow/dags/dag_with_catchup_and_backfill.py
[2024-09-26T03:56:43.158+0000] {logging_mixin.py:190} INFO - [2024-09-26T03:56:43.157+0000] {dag.py:3229} INFO - Sync 1 DAGs
[2024-09-26T03:56:43.194+0000] {logging_mixin.py:190} INFO - [2024-09-26T03:56:43.193+0000] {dag.py:4156} INFO - Setting next_dagrun for dag_with_catchup_backfill_v01.3 to 2024-09-25 00:00:00+00:00, run_after=2024-09-26 00:00:00+00:00
[2024-09-26T03:56:43.216+0000] {processor.py:208} INFO - Processing /opt/airflow/dags/dag_with_catchup_and_backfill.py took 0.199 seconds
[2024-09-26T03:57:13.764+0000] {processor.py:186} INFO - Started process (PID=150141) to work on /opt/airflow/dags/dag_with_catchup_and_backfill.py
[2024-09-26T03:57:13.767+0000] {processor.py:914} INFO - Processing file /opt/airflow/dags/dag_with_catchup_and_backfill.py for tasks to queue
[2024-09-26T03:57:13.771+0000] {logging_mixin.py:190} INFO - [2024-09-26T03:57:13.770+0000] {dagbag.py:587} INFO - Filling up the DagBag from /opt/airflow/dags/dag_with_catchup_and_backfill.py
[2024-09-26T03:57:13.838+0000] {processor.py:925} INFO - DAG(s) 'dag_with_catchup_backfill_v01.3' retrieved from /opt/airflow/dags/dag_with_catchup_and_backfill.py
[2024-09-26T03:57:13.866+0000] {logging_mixin.py:190} INFO - [2024-09-26T03:57:13.866+0000] {dag.py:3229} INFO - Sync 1 DAGs
[2024-09-26T03:57:13.894+0000] {logging_mixin.py:190} INFO - [2024-09-26T03:57:13.894+0000] {dag.py:4156} INFO - Setting next_dagrun for dag_with_catchup_backfill_v01.3 to 2024-09-25 00:00:00+00:00, run_after=2024-09-26 00:00:00+00:00
[2024-09-26T03:57:13.923+0000] {processor.py:208} INFO - Processing /opt/airflow/dags/dag_with_catchup_and_backfill.py took 0.168 seconds
[2024-09-26T03:57:44.307+0000] {processor.py:186} INFO - Started process (PID=150184) to work on /opt/airflow/dags/dag_with_catchup_and_backfill.py
[2024-09-26T03:57:44.310+0000] {processor.py:914} INFO - Processing file /opt/airflow/dags/dag_with_catchup_and_backfill.py for tasks to queue
[2024-09-26T03:57:44.313+0000] {logging_mixin.py:190} INFO - [2024-09-26T03:57:44.312+0000] {dagbag.py:587} INFO - Filling up the DagBag from /opt/airflow/dags/dag_with_catchup_and_backfill.py
[2024-09-26T03:57:44.406+0000] {processor.py:925} INFO - DAG(s) 'dag_with_catchup_backfill_v01.3' retrieved from /opt/airflow/dags/dag_with_catchup_and_backfill.py
[2024-09-26T03:57:44.433+0000] {logging_mixin.py:190} INFO - [2024-09-26T03:57:44.432+0000] {dag.py:3229} INFO - Sync 1 DAGs
[2024-09-26T03:57:44.455+0000] {logging_mixin.py:190} INFO - [2024-09-26T03:57:44.455+0000] {dag.py:4156} INFO - Setting next_dagrun for dag_with_catchup_backfill_v01.3 to 2024-09-25 00:00:00+00:00, run_after=2024-09-26 00:00:00+00:00
[2024-09-26T03:57:44.480+0000] {processor.py:208} INFO - Processing /opt/airflow/dags/dag_with_catchup_and_backfill.py took 0.180 seconds
[2024-09-26T03:58:15.060+0000] {processor.py:186} INFO - Started process (PID=150227) to work on /opt/airflow/dags/dag_with_catchup_and_backfill.py
[2024-09-26T03:58:15.063+0000] {processor.py:914} INFO - Processing file /opt/airflow/dags/dag_with_catchup_and_backfill.py for tasks to queue
[2024-09-26T03:58:15.066+0000] {logging_mixin.py:190} INFO - [2024-09-26T03:58:15.065+0000] {dagbag.py:587} INFO - Filling up the DagBag from /opt/airflow/dags/dag_with_catchup_and_backfill.py
[2024-09-26T03:58:15.179+0000] {processor.py:925} INFO - DAG(s) 'dag_with_catchup_backfill_v01.3' retrieved from /opt/airflow/dags/dag_with_catchup_and_backfill.py
[2024-09-26T03:58:15.201+0000] {logging_mixin.py:190} INFO - [2024-09-26T03:58:15.201+0000] {dag.py:3229} INFO - Sync 1 DAGs
[2024-09-26T03:58:15.222+0000] {logging_mixin.py:190} INFO - [2024-09-26T03:58:15.222+0000] {dag.py:4156} INFO - Setting next_dagrun for dag_with_catchup_backfill_v01.3 to 2024-09-25 00:00:00+00:00, run_after=2024-09-26 00:00:00+00:00
[2024-09-26T03:58:15.258+0000] {processor.py:208} INFO - Processing /opt/airflow/dags/dag_with_catchup_and_backfill.py took 0.209 seconds
[2024-09-26T03:58:45.619+0000] {processor.py:186} INFO - Started process (PID=150270) to work on /opt/airflow/dags/dag_with_catchup_and_backfill.py
[2024-09-26T03:58:45.621+0000] {processor.py:914} INFO - Processing file /opt/airflow/dags/dag_with_catchup_and_backfill.py for tasks to queue
[2024-09-26T03:58:45.624+0000] {logging_mixin.py:190} INFO - [2024-09-26T03:58:45.624+0000] {dagbag.py:587} INFO - Filling up the DagBag from /opt/airflow/dags/dag_with_catchup_and_backfill.py
[2024-09-26T03:58:45.700+0000] {processor.py:925} INFO - DAG(s) 'dag_with_catchup_backfill_v01.3' retrieved from /opt/airflow/dags/dag_with_catchup_and_backfill.py
[2024-09-26T03:58:45.724+0000] {logging_mixin.py:190} INFO - [2024-09-26T03:58:45.724+0000] {dag.py:3229} INFO - Sync 1 DAGs
[2024-09-26T03:58:45.747+0000] {logging_mixin.py:190} INFO - [2024-09-26T03:58:45.747+0000] {dag.py:4156} INFO - Setting next_dagrun for dag_with_catchup_backfill_v01.3 to 2024-09-25 00:00:00+00:00, run_after=2024-09-26 00:00:00+00:00
[2024-09-26T03:58:45.772+0000] {processor.py:208} INFO - Processing /opt/airflow/dags/dag_with_catchup_and_backfill.py took 0.159 seconds
[2024-09-26T03:59:16.295+0000] {processor.py:186} INFO - Started process (PID=150313) to work on /opt/airflow/dags/dag_with_catchup_and_backfill.py
[2024-09-26T03:59:16.298+0000] {processor.py:914} INFO - Processing file /opt/airflow/dags/dag_with_catchup_and_backfill.py for tasks to queue
[2024-09-26T03:59:16.302+0000] {logging_mixin.py:190} INFO - [2024-09-26T03:59:16.301+0000] {dagbag.py:587} INFO - Filling up the DagBag from /opt/airflow/dags/dag_with_catchup_and_backfill.py
[2024-09-26T03:59:16.399+0000] {processor.py:925} INFO - DAG(s) 'dag_with_catchup_backfill_v01.3' retrieved from /opt/airflow/dags/dag_with_catchup_and_backfill.py
[2024-09-26T03:59:16.432+0000] {logging_mixin.py:190} INFO - [2024-09-26T03:59:16.431+0000] {dag.py:3229} INFO - Sync 1 DAGs
[2024-09-26T03:59:16.454+0000] {logging_mixin.py:190} INFO - [2024-09-26T03:59:16.454+0000] {dag.py:4156} INFO - Setting next_dagrun for dag_with_catchup_backfill_v01.3 to 2024-09-25 00:00:00+00:00, run_after=2024-09-26 00:00:00+00:00
[2024-09-26T03:59:16.481+0000] {processor.py:208} INFO - Processing /opt/airflow/dags/dag_with_catchup_and_backfill.py took 0.195 seconds
[2024-09-26T03:59:46.810+0000] {processor.py:186} INFO - Started process (PID=150356) to work on /opt/airflow/dags/dag_with_catchup_and_backfill.py
[2024-09-26T03:59:46.812+0000] {processor.py:914} INFO - Processing file /opt/airflow/dags/dag_with_catchup_and_backfill.py for tasks to queue
[2024-09-26T03:59:46.814+0000] {logging_mixin.py:190} INFO - [2024-09-26T03:59:46.814+0000] {dagbag.py:587} INFO - Filling up the DagBag from /opt/airflow/dags/dag_with_catchup_and_backfill.py
[2024-09-26T03:59:46.899+0000] {processor.py:925} INFO - DAG(s) 'dag_with_catchup_backfill_v01.3' retrieved from /opt/airflow/dags/dag_with_catchup_and_backfill.py
[2024-09-26T03:59:46.926+0000] {logging_mixin.py:190} INFO - [2024-09-26T03:59:46.926+0000] {dag.py:3229} INFO - Sync 1 DAGs
[2024-09-26T03:59:46.948+0000] {logging_mixin.py:190} INFO - [2024-09-26T03:59:46.947+0000] {dag.py:4156} INFO - Setting next_dagrun for dag_with_catchup_backfill_v01.3 to 2024-09-25 00:00:00+00:00, run_after=2024-09-26 00:00:00+00:00
[2024-09-26T03:59:46.973+0000] {processor.py:208} INFO - Processing /opt/airflow/dags/dag_with_catchup_and_backfill.py took 0.169 seconds
[2024-09-26T04:00:17.337+0000] {processor.py:186} INFO - Started process (PID=150399) to work on /opt/airflow/dags/dag_with_catchup_and_backfill.py
[2024-09-26T04:00:17.340+0000] {processor.py:914} INFO - Processing file /opt/airflow/dags/dag_with_catchup_and_backfill.py for tasks to queue
[2024-09-26T04:00:17.344+0000] {logging_mixin.py:190} INFO - [2024-09-26T04:00:17.343+0000] {dagbag.py:587} INFO - Filling up the DagBag from /opt/airflow/dags/dag_with_catchup_and_backfill.py
[2024-09-26T04:00:17.446+0000] {processor.py:925} INFO - DAG(s) 'dag_with_catchup_backfill_v01.3' retrieved from /opt/airflow/dags/dag_with_catchup_and_backfill.py
[2024-09-26T04:00:17.477+0000] {logging_mixin.py:190} INFO - [2024-09-26T04:00:17.476+0000] {dag.py:3229} INFO - Sync 1 DAGs
[2024-09-26T04:00:17.500+0000] {logging_mixin.py:190} INFO - [2024-09-26T04:00:17.500+0000] {dag.py:4156} INFO - Setting next_dagrun for dag_with_catchup_backfill_v01.3 to 2024-09-25 00:00:00+00:00, run_after=2024-09-26 00:00:00+00:00
[2024-09-26T04:00:17.527+0000] {processor.py:208} INFO - Processing /opt/airflow/dags/dag_with_catchup_and_backfill.py took 0.205 seconds
[2024-09-26T04:00:48.143+0000] {processor.py:186} INFO - Started process (PID=150442) to work on /opt/airflow/dags/dag_with_catchup_and_backfill.py
[2024-09-26T04:00:48.145+0000] {processor.py:914} INFO - Processing file /opt/airflow/dags/dag_with_catchup_and_backfill.py for tasks to queue
[2024-09-26T04:00:48.148+0000] {logging_mixin.py:190} INFO - [2024-09-26T04:00:48.147+0000] {dagbag.py:587} INFO - Filling up the DagBag from /opt/airflow/dags/dag_with_catchup_and_backfill.py
[2024-09-26T04:00:48.256+0000] {processor.py:925} INFO - DAG(s) 'dag_with_catchup_backfill_v01.3' retrieved from /opt/airflow/dags/dag_with_catchup_and_backfill.py
[2024-09-26T04:00:48.282+0000] {logging_mixin.py:190} INFO - [2024-09-26T04:00:48.282+0000] {dag.py:3229} INFO - Sync 1 DAGs
[2024-09-26T04:00:48.307+0000] {logging_mixin.py:190} INFO - [2024-09-26T04:00:48.307+0000] {dag.py:4156} INFO - Setting next_dagrun for dag_with_catchup_backfill_v01.3 to 2024-09-25 00:00:00+00:00, run_after=2024-09-26 00:00:00+00:00
[2024-09-26T04:00:48.334+0000] {processor.py:208} INFO - Processing /opt/airflow/dags/dag_with_catchup_and_backfill.py took 0.203 seconds
[2024-09-26T04:01:19.054+0000] {processor.py:186} INFO - Started process (PID=150485) to work on /opt/airflow/dags/dag_with_catchup_and_backfill.py
[2024-09-26T04:01:19.059+0000] {processor.py:914} INFO - Processing file /opt/airflow/dags/dag_with_catchup_and_backfill.py for tasks to queue
[2024-09-26T04:01:19.064+0000] {logging_mixin.py:190} INFO - [2024-09-26T04:01:19.063+0000] {dagbag.py:587} INFO - Filling up the DagBag from /opt/airflow/dags/dag_with_catchup_and_backfill.py
[2024-09-26T04:01:19.197+0000] {processor.py:925} INFO - DAG(s) 'dag_with_catchup_backfill_v01.3' retrieved from /opt/airflow/dags/dag_with_catchup_and_backfill.py
[2024-09-26T04:01:19.268+0000] {logging_mixin.py:190} INFO - [2024-09-26T04:01:19.268+0000] {dag.py:3229} INFO - Sync 1 DAGs
[2024-09-26T04:01:19.309+0000] {logging_mixin.py:190} INFO - [2024-09-26T04:01:19.309+0000] {dag.py:4156} INFO - Setting next_dagrun for dag_with_catchup_backfill_v01.3 to 2024-09-25 00:00:00+00:00, run_after=2024-09-26 00:00:00+00:00
[2024-09-26T04:01:19.348+0000] {processor.py:208} INFO - Processing /opt/airflow/dags/dag_with_catchup_and_backfill.py took 0.311 seconds
[2024-09-26T04:01:49.907+0000] {processor.py:186} INFO - Started process (PID=150528) to work on /opt/airflow/dags/dag_with_catchup_and_backfill.py
[2024-09-26T04:01:49.909+0000] {processor.py:914} INFO - Processing file /opt/airflow/dags/dag_with_catchup_and_backfill.py for tasks to queue
[2024-09-26T04:01:49.912+0000] {logging_mixin.py:190} INFO - [2024-09-26T04:01:49.912+0000] {dagbag.py:587} INFO - Filling up the DagBag from /opt/airflow/dags/dag_with_catchup_and_backfill.py
[2024-09-26T04:01:50.038+0000] {processor.py:925} INFO - DAG(s) 'dag_with_catchup_backfill_v01.3' retrieved from /opt/airflow/dags/dag_with_catchup_and_backfill.py
[2024-09-26T04:01:50.066+0000] {logging_mixin.py:190} INFO - [2024-09-26T04:01:50.066+0000] {dag.py:3229} INFO - Sync 1 DAGs
[2024-09-26T04:01:50.094+0000] {logging_mixin.py:190} INFO - [2024-09-26T04:01:50.094+0000] {dag.py:4156} INFO - Setting next_dagrun for dag_with_catchup_backfill_v01.3 to 2024-09-25 00:00:00+00:00, run_after=2024-09-26 00:00:00+00:00
[2024-09-26T04:01:50.133+0000] {processor.py:208} INFO - Processing /opt/airflow/dags/dag_with_catchup_and_backfill.py took 0.232 seconds
[2024-09-26T04:02:20.611+0000] {processor.py:186} INFO - Started process (PID=150571) to work on /opt/airflow/dags/dag_with_catchup_and_backfill.py
[2024-09-26T04:02:20.614+0000] {processor.py:914} INFO - Processing file /opt/airflow/dags/dag_with_catchup_and_backfill.py for tasks to queue
[2024-09-26T04:02:20.621+0000] {logging_mixin.py:190} INFO - [2024-09-26T04:02:20.618+0000] {dagbag.py:587} INFO - Filling up the DagBag from /opt/airflow/dags/dag_with_catchup_and_backfill.py
[2024-09-26T04:02:20.688+0000] {processor.py:925} INFO - DAG(s) 'dag_with_catchup_backfill_v01.3' retrieved from /opt/airflow/dags/dag_with_catchup_and_backfill.py
[2024-09-26T04:02:20.720+0000] {logging_mixin.py:190} INFO - [2024-09-26T04:02:20.719+0000] {dag.py:3229} INFO - Sync 1 DAGs
[2024-09-26T04:02:20.751+0000] {logging_mixin.py:190} INFO - [2024-09-26T04:02:20.751+0000] {dag.py:4156} INFO - Setting next_dagrun for dag_with_catchup_backfill_v01.3 to 2024-09-25 00:00:00+00:00, run_after=2024-09-26 00:00:00+00:00
[2024-09-26T04:02:20.782+0000] {processor.py:208} INFO - Processing /opt/airflow/dags/dag_with_catchup_and_backfill.py took 0.188 seconds
[2024-09-26T04:02:51.447+0000] {processor.py:186} INFO - Started process (PID=150614) to work on /opt/airflow/dags/dag_with_catchup_and_backfill.py
[2024-09-26T04:02:51.449+0000] {processor.py:914} INFO - Processing file /opt/airflow/dags/dag_with_catchup_and_backfill.py for tasks to queue
[2024-09-26T04:02:51.451+0000] {logging_mixin.py:190} INFO - [2024-09-26T04:02:51.451+0000] {dagbag.py:587} INFO - Filling up the DagBag from /opt/airflow/dags/dag_with_catchup_and_backfill.py
[2024-09-26T04:02:51.568+0000] {processor.py:925} INFO - DAG(s) 'dag_with_catchup_backfill_v01.3' retrieved from /opt/airflow/dags/dag_with_catchup_and_backfill.py
[2024-09-26T04:02:51.601+0000] {logging_mixin.py:190} INFO - [2024-09-26T04:02:51.601+0000] {dag.py:3229} INFO - Sync 1 DAGs
[2024-09-26T04:02:51.627+0000] {logging_mixin.py:190} INFO - [2024-09-26T04:02:51.627+0000] {dag.py:4156} INFO - Setting next_dagrun for dag_with_catchup_backfill_v01.3 to 2024-09-25 00:00:00+00:00, run_after=2024-09-26 00:00:00+00:00
[2024-09-26T04:02:51.663+0000] {processor.py:208} INFO - Processing /opt/airflow/dags/dag_with_catchup_and_backfill.py took 0.226 seconds
[2024-09-26T04:03:22.144+0000] {processor.py:186} INFO - Started process (PID=150657) to work on /opt/airflow/dags/dag_with_catchup_and_backfill.py
[2024-09-26T04:03:22.146+0000] {processor.py:914} INFO - Processing file /opt/airflow/dags/dag_with_catchup_and_backfill.py for tasks to queue
[2024-09-26T04:03:22.148+0000] {logging_mixin.py:190} INFO - [2024-09-26T04:03:22.148+0000] {dagbag.py:587} INFO - Filling up the DagBag from /opt/airflow/dags/dag_with_catchup_and_backfill.py
[2024-09-26T04:03:22.262+0000] {processor.py:925} INFO - DAG(s) 'dag_with_catchup_backfill_v01.3' retrieved from /opt/airflow/dags/dag_with_catchup_and_backfill.py
[2024-09-26T04:03:22.306+0000] {logging_mixin.py:190} INFO - [2024-09-26T04:03:22.306+0000] {dag.py:3229} INFO - Sync 1 DAGs
[2024-09-26T04:03:22.330+0000] {logging_mixin.py:190} INFO - [2024-09-26T04:03:22.330+0000] {dag.py:4156} INFO - Setting next_dagrun for dag_with_catchup_backfill_v01.3 to 2024-09-25 00:00:00+00:00, run_after=2024-09-26 00:00:00+00:00
[2024-09-26T04:03:22.365+0000] {processor.py:208} INFO - Processing /opt/airflow/dags/dag_with_catchup_and_backfill.py took 0.226 seconds
[2024-09-26T04:03:53.098+0000] {processor.py:186} INFO - Started process (PID=150700) to work on /opt/airflow/dags/dag_with_catchup_and_backfill.py
[2024-09-26T04:03:53.100+0000] {processor.py:914} INFO - Processing file /opt/airflow/dags/dag_with_catchup_and_backfill.py for tasks to queue
[2024-09-26T04:03:53.103+0000] {logging_mixin.py:190} INFO - [2024-09-26T04:03:53.102+0000] {dagbag.py:587} INFO - Filling up the DagBag from /opt/airflow/dags/dag_with_catchup_and_backfill.py
[2024-09-26T04:03:53.173+0000] {processor.py:925} INFO - DAG(s) 'dag_with_catchup_backfill_v01.3' retrieved from /opt/airflow/dags/dag_with_catchup_and_backfill.py
[2024-09-26T04:03:53.201+0000] {logging_mixin.py:190} INFO - [2024-09-26T04:03:53.200+0000] {dag.py:3229} INFO - Sync 1 DAGs
[2024-09-26T04:03:53.229+0000] {logging_mixin.py:190} INFO - [2024-09-26T04:03:53.229+0000] {dag.py:4156} INFO - Setting next_dagrun for dag_with_catchup_backfill_v01.3 to 2024-09-25 00:00:00+00:00, run_after=2024-09-26 00:00:00+00:00
[2024-09-26T04:03:53.259+0000] {processor.py:208} INFO - Processing /opt/airflow/dags/dag_with_catchup_and_backfill.py took 0.166 seconds
[2024-09-26T04:04:23.577+0000] {processor.py:186} INFO - Started process (PID=150743) to work on /opt/airflow/dags/dag_with_catchup_and_backfill.py
[2024-09-26T04:04:23.579+0000] {processor.py:914} INFO - Processing file /opt/airflow/dags/dag_with_catchup_and_backfill.py for tasks to queue
[2024-09-26T04:04:23.581+0000] {logging_mixin.py:190} INFO - [2024-09-26T04:04:23.581+0000] {dagbag.py:587} INFO - Filling up the DagBag from /opt/airflow/dags/dag_with_catchup_and_backfill.py
[2024-09-26T04:04:23.704+0000] {processor.py:925} INFO - DAG(s) 'dag_with_catchup_backfill_v01.3' retrieved from /opt/airflow/dags/dag_with_catchup_and_backfill.py
[2024-09-26T04:04:23.731+0000] {logging_mixin.py:190} INFO - [2024-09-26T04:04:23.731+0000] {dag.py:3229} INFO - Sync 1 DAGs
[2024-09-26T04:04:23.754+0000] {logging_mixin.py:190} INFO - [2024-09-26T04:04:23.754+0000] {dag.py:4156} INFO - Setting next_dagrun for dag_with_catchup_backfill_v01.3 to 2024-09-25 00:00:00+00:00, run_after=2024-09-26 00:00:00+00:00
[2024-09-26T04:04:23.779+0000] {processor.py:208} INFO - Processing /opt/airflow/dags/dag_with_catchup_and_backfill.py took 0.209 seconds
[2024-09-26T04:04:54.083+0000] {processor.py:186} INFO - Started process (PID=150786) to work on /opt/airflow/dags/dag_with_catchup_and_backfill.py
[2024-09-26T04:04:54.086+0000] {processor.py:914} INFO - Processing file /opt/airflow/dags/dag_with_catchup_and_backfill.py for tasks to queue
[2024-09-26T04:04:54.091+0000] {logging_mixin.py:190} INFO - [2024-09-26T04:04:54.089+0000] {dagbag.py:587} INFO - Filling up the DagBag from /opt/airflow/dags/dag_with_catchup_and_backfill.py
[2024-09-26T04:04:54.204+0000] {processor.py:925} INFO - DAG(s) 'dag_with_catchup_backfill_v01.3' retrieved from /opt/airflow/dags/dag_with_catchup_and_backfill.py
[2024-09-26T04:04:54.242+0000] {logging_mixin.py:190} INFO - [2024-09-26T04:04:54.242+0000] {dag.py:3229} INFO - Sync 1 DAGs
[2024-09-26T04:04:54.273+0000] {logging_mixin.py:190} INFO - [2024-09-26T04:04:54.273+0000] {dag.py:4156} INFO - Setting next_dagrun for dag_with_catchup_backfill_v01.3 to 2024-09-25 00:00:00+00:00, run_after=2024-09-26 00:00:00+00:00
[2024-09-26T04:04:54.297+0000] {processor.py:208} INFO - Processing /opt/airflow/dags/dag_with_catchup_and_backfill.py took 0.227 seconds
[2024-09-26T04:05:24.567+0000] {processor.py:186} INFO - Started process (PID=150829) to work on /opt/airflow/dags/dag_with_catchup_and_backfill.py
[2024-09-26T04:05:24.569+0000] {processor.py:914} INFO - Processing file /opt/airflow/dags/dag_with_catchup_and_backfill.py for tasks to queue
[2024-09-26T04:05:24.572+0000] {logging_mixin.py:190} INFO - [2024-09-26T04:05:24.572+0000] {dagbag.py:587} INFO - Filling up the DagBag from /opt/airflow/dags/dag_with_catchup_and_backfill.py
[2024-09-26T04:05:24.673+0000] {processor.py:925} INFO - DAG(s) 'dag_with_catchup_backfill_v01.3' retrieved from /opt/airflow/dags/dag_with_catchup_and_backfill.py
[2024-09-26T04:05:24.710+0000] {logging_mixin.py:190} INFO - [2024-09-26T04:05:24.710+0000] {dag.py:3229} INFO - Sync 1 DAGs
[2024-09-26T04:05:24.734+0000] {logging_mixin.py:190} INFO - [2024-09-26T04:05:24.734+0000] {dag.py:4156} INFO - Setting next_dagrun for dag_with_catchup_backfill_v01.3 to 2024-09-25 00:00:00+00:00, run_after=2024-09-26 00:00:00+00:00
[2024-09-26T04:05:24.766+0000] {processor.py:208} INFO - Processing /opt/airflow/dags/dag_with_catchup_and_backfill.py took 0.208 seconds
[2024-09-26T04:05:55.212+0000] {processor.py:186} INFO - Started process (PID=150872) to work on /opt/airflow/dags/dag_with_catchup_and_backfill.py
[2024-09-26T04:05:55.215+0000] {processor.py:914} INFO - Processing file /opt/airflow/dags/dag_with_catchup_and_backfill.py for tasks to queue
[2024-09-26T04:05:55.219+0000] {logging_mixin.py:190} INFO - [2024-09-26T04:05:55.218+0000] {dagbag.py:587} INFO - Filling up the DagBag from /opt/airflow/dags/dag_with_catchup_and_backfill.py
[2024-09-26T04:05:55.318+0000] {processor.py:925} INFO - DAG(s) 'dag_with_catchup_backfill_v01.3' retrieved from /opt/airflow/dags/dag_with_catchup_and_backfill.py
[2024-09-26T04:05:55.346+0000] {logging_mixin.py:190} INFO - [2024-09-26T04:05:55.346+0000] {dag.py:3229} INFO - Sync 1 DAGs
[2024-09-26T04:05:55.370+0000] {logging_mixin.py:190} INFO - [2024-09-26T04:05:55.370+0000] {dag.py:4156} INFO - Setting next_dagrun for dag_with_catchup_backfill_v01.3 to 2024-09-25 00:00:00+00:00, run_after=2024-09-26 00:00:00+00:00
[2024-09-26T04:05:55.412+0000] {processor.py:208} INFO - Processing /opt/airflow/dags/dag_with_catchup_and_backfill.py took 0.212 seconds
[2024-09-26T04:06:25.948+0000] {processor.py:186} INFO - Started process (PID=150915) to work on /opt/airflow/dags/dag_with_catchup_and_backfill.py
[2024-09-26T04:06:25.950+0000] {processor.py:914} INFO - Processing file /opt/airflow/dags/dag_with_catchup_and_backfill.py for tasks to queue
[2024-09-26T04:06:25.953+0000] {logging_mixin.py:190} INFO - [2024-09-26T04:06:25.952+0000] {dagbag.py:587} INFO - Filling up the DagBag from /opt/airflow/dags/dag_with_catchup_and_backfill.py
[2024-09-26T04:06:26.061+0000] {processor.py:925} INFO - DAG(s) 'dag_with_catchup_backfill_v01.3' retrieved from /opt/airflow/dags/dag_with_catchup_and_backfill.py
[2024-09-26T04:06:26.099+0000] {logging_mixin.py:190} INFO - [2024-09-26T04:06:26.099+0000] {dag.py:3229} INFO - Sync 1 DAGs
[2024-09-26T04:06:26.123+0000] {logging_mixin.py:190} INFO - [2024-09-26T04:06:26.123+0000] {dag.py:4156} INFO - Setting next_dagrun for dag_with_catchup_backfill_v01.3 to 2024-09-25 00:00:00+00:00, run_after=2024-09-26 00:00:00+00:00
[2024-09-26T04:06:26.149+0000] {processor.py:208} INFO - Processing /opt/airflow/dags/dag_with_catchup_and_backfill.py took 0.216 seconds
[2024-09-26T04:06:56.493+0000] {processor.py:186} INFO - Started process (PID=150958) to work on /opt/airflow/dags/dag_with_catchup_and_backfill.py
[2024-09-26T04:06:56.497+0000] {processor.py:914} INFO - Processing file /opt/airflow/dags/dag_with_catchup_and_backfill.py for tasks to queue
[2024-09-26T04:06:56.502+0000] {logging_mixin.py:190} INFO - [2024-09-26T04:06:56.501+0000] {dagbag.py:587} INFO - Filling up the DagBag from /opt/airflow/dags/dag_with_catchup_and_backfill.py
[2024-09-26T04:06:56.626+0000] {processor.py:925} INFO - DAG(s) 'dag_with_catchup_backfill_v01.3' retrieved from /opt/airflow/dags/dag_with_catchup_and_backfill.py
[2024-09-26T04:06:56.666+0000] {logging_mixin.py:190} INFO - [2024-09-26T04:06:56.666+0000] {dag.py:3229} INFO - Sync 1 DAGs
[2024-09-26T04:06:56.696+0000] {logging_mixin.py:190} INFO - [2024-09-26T04:06:56.696+0000] {dag.py:4156} INFO - Setting next_dagrun for dag_with_catchup_backfill_v01.3 to 2024-09-25 00:00:00+00:00, run_after=2024-09-26 00:00:00+00:00
[2024-09-26T04:06:56.738+0000] {processor.py:208} INFO - Processing /opt/airflow/dags/dag_with_catchup_and_backfill.py took 0.259 seconds
[2024-09-26T04:07:27.426+0000] {processor.py:186} INFO - Started process (PID=151001) to work on /opt/airflow/dags/dag_with_catchup_and_backfill.py
[2024-09-26T04:07:27.430+0000] {processor.py:914} INFO - Processing file /opt/airflow/dags/dag_with_catchup_and_backfill.py for tasks to queue
[2024-09-26T04:07:27.434+0000] {logging_mixin.py:190} INFO - [2024-09-26T04:07:27.433+0000] {dagbag.py:587} INFO - Filling up the DagBag from /opt/airflow/dags/dag_with_catchup_and_backfill.py
[2024-09-26T04:07:27.552+0000] {processor.py:925} INFO - DAG(s) 'dag_with_catchup_backfill_v01.3' retrieved from /opt/airflow/dags/dag_with_catchup_and_backfill.py
[2024-09-26T04:07:27.598+0000] {logging_mixin.py:190} INFO - [2024-09-26T04:07:27.598+0000] {dag.py:3229} INFO - Sync 1 DAGs
[2024-09-26T04:07:27.622+0000] {logging_mixin.py:190} INFO - [2024-09-26T04:07:27.622+0000] {dag.py:4156} INFO - Setting next_dagrun for dag_with_catchup_backfill_v01.3 to 2024-09-25 00:00:00+00:00, run_after=2024-09-26 00:00:00+00:00
[2024-09-26T04:07:27.648+0000] {processor.py:208} INFO - Processing /opt/airflow/dags/dag_with_catchup_and_backfill.py took 0.239 seconds
[2024-09-26T04:07:57.956+0000] {processor.py:186} INFO - Started process (PID=151044) to work on /opt/airflow/dags/dag_with_catchup_and_backfill.py
[2024-09-26T04:07:57.958+0000] {processor.py:914} INFO - Processing file /opt/airflow/dags/dag_with_catchup_and_backfill.py for tasks to queue
[2024-09-26T04:07:57.961+0000] {logging_mixin.py:190} INFO - [2024-09-26T04:07:57.960+0000] {dagbag.py:587} INFO - Filling up the DagBag from /opt/airflow/dags/dag_with_catchup_and_backfill.py
[2024-09-26T04:07:58.053+0000] {processor.py:925} INFO - DAG(s) 'dag_with_catchup_backfill_v01.3' retrieved from /opt/airflow/dags/dag_with_catchup_and_backfill.py
[2024-09-26T04:07:58.083+0000] {logging_mixin.py:190} INFO - [2024-09-26T04:07:58.083+0000] {dag.py:3229} INFO - Sync 1 DAGs
[2024-09-26T04:07:58.106+0000] {logging_mixin.py:190} INFO - [2024-09-26T04:07:58.106+0000] {dag.py:4156} INFO - Setting next_dagrun for dag_with_catchup_backfill_v01.3 to 2024-09-25 00:00:00+00:00, run_after=2024-09-26 00:00:00+00:00
[2024-09-26T04:07:58.136+0000] {processor.py:208} INFO - Processing /opt/airflow/dags/dag_with_catchup_and_backfill.py took 0.185 seconds
[2024-09-26T04:08:28.645+0000] {processor.py:186} INFO - Started process (PID=151087) to work on /opt/airflow/dags/dag_with_catchup_and_backfill.py
[2024-09-26T04:08:28.648+0000] {processor.py:914} INFO - Processing file /opt/airflow/dags/dag_with_catchup_and_backfill.py for tasks to queue
[2024-09-26T04:08:28.651+0000] {logging_mixin.py:190} INFO - [2024-09-26T04:08:28.650+0000] {dagbag.py:587} INFO - Filling up the DagBag from /opt/airflow/dags/dag_with_catchup_and_backfill.py
[2024-09-26T04:08:28.743+0000] {processor.py:925} INFO - DAG(s) 'dag_with_catchup_backfill_v01.3' retrieved from /opt/airflow/dags/dag_with_catchup_and_backfill.py
[2024-09-26T04:08:28.776+0000] {logging_mixin.py:190} INFO - [2024-09-26T04:08:28.776+0000] {dag.py:3229} INFO - Sync 1 DAGs
[2024-09-26T04:08:28.800+0000] {logging_mixin.py:190} INFO - [2024-09-26T04:08:28.799+0000] {dag.py:4156} INFO - Setting next_dagrun for dag_with_catchup_backfill_v01.3 to 2024-09-25 00:00:00+00:00, run_after=2024-09-26 00:00:00+00:00
[2024-09-26T04:08:28.827+0000] {processor.py:208} INFO - Processing /opt/airflow/dags/dag_with_catchup_and_backfill.py took 0.188 seconds
[2024-09-26T04:08:59.192+0000] {processor.py:186} INFO - Started process (PID=151130) to work on /opt/airflow/dags/dag_with_catchup_and_backfill.py
[2024-09-26T04:08:59.194+0000] {processor.py:914} INFO - Processing file /opt/airflow/dags/dag_with_catchup_and_backfill.py for tasks to queue
[2024-09-26T04:08:59.196+0000] {logging_mixin.py:190} INFO - [2024-09-26T04:08:59.196+0000] {dagbag.py:587} INFO - Filling up the DagBag from /opt/airflow/dags/dag_with_catchup_and_backfill.py
[2024-09-26T04:08:59.304+0000] {processor.py:925} INFO - DAG(s) 'dag_with_catchup_backfill_v01.3' retrieved from /opt/airflow/dags/dag_with_catchup_and_backfill.py
[2024-09-26T04:08:59.328+0000] {logging_mixin.py:190} INFO - [2024-09-26T04:08:59.327+0000] {dag.py:3229} INFO - Sync 1 DAGs
[2024-09-26T04:08:59.351+0000] {logging_mixin.py:190} INFO - [2024-09-26T04:08:59.351+0000] {dag.py:4156} INFO - Setting next_dagrun for dag_with_catchup_backfill_v01.3 to 2024-09-25 00:00:00+00:00, run_after=2024-09-26 00:00:00+00:00
[2024-09-26T04:08:59.384+0000] {processor.py:208} INFO - Processing /opt/airflow/dags/dag_with_catchup_and_backfill.py took 0.199 seconds
[2024-09-26T04:09:29.749+0000] {processor.py:186} INFO - Started process (PID=151173) to work on /opt/airflow/dags/dag_with_catchup_and_backfill.py
[2024-09-26T04:09:29.752+0000] {processor.py:914} INFO - Processing file /opt/airflow/dags/dag_with_catchup_and_backfill.py for tasks to queue
[2024-09-26T04:09:29.754+0000] {logging_mixin.py:190} INFO - [2024-09-26T04:09:29.754+0000] {dagbag.py:587} INFO - Filling up the DagBag from /opt/airflow/dags/dag_with_catchup_and_backfill.py
[2024-09-26T04:09:29.837+0000] {processor.py:925} INFO - DAG(s) 'dag_with_catchup_backfill_v01.3' retrieved from /opt/airflow/dags/dag_with_catchup_and_backfill.py
[2024-09-26T04:09:29.868+0000] {logging_mixin.py:190} INFO - [2024-09-26T04:09:29.868+0000] {dag.py:3229} INFO - Sync 1 DAGs
[2024-09-26T04:09:29.901+0000] {logging_mixin.py:190} INFO - [2024-09-26T04:09:29.900+0000] {dag.py:4156} INFO - Setting next_dagrun for dag_with_catchup_backfill_v01.3 to 2024-09-25 00:00:00+00:00, run_after=2024-09-26 00:00:00+00:00
[2024-09-26T04:09:29.935+0000] {processor.py:208} INFO - Processing /opt/airflow/dags/dag_with_catchup_and_backfill.py took 0.196 seconds
[2024-09-26T04:10:00.313+0000] {processor.py:186} INFO - Started process (PID=151216) to work on /opt/airflow/dags/dag_with_catchup_and_backfill.py
[2024-09-26T04:10:00.315+0000] {processor.py:914} INFO - Processing file /opt/airflow/dags/dag_with_catchup_and_backfill.py for tasks to queue
[2024-09-26T04:10:00.317+0000] {logging_mixin.py:190} INFO - [2024-09-26T04:10:00.317+0000] {dagbag.py:587} INFO - Filling up the DagBag from /opt/airflow/dags/dag_with_catchup_and_backfill.py
[2024-09-26T04:10:00.417+0000] {processor.py:925} INFO - DAG(s) 'dag_with_catchup_backfill_v01.3' retrieved from /opt/airflow/dags/dag_with_catchup_and_backfill.py
[2024-09-26T04:10:00.444+0000] {logging_mixin.py:190} INFO - [2024-09-26T04:10:00.444+0000] {dag.py:3229} INFO - Sync 1 DAGs
[2024-09-26T04:10:00.478+0000] {logging_mixin.py:190} INFO - [2024-09-26T04:10:00.478+0000] {dag.py:4156} INFO - Setting next_dagrun for dag_with_catchup_backfill_v01.3 to 2024-09-25 00:00:00+00:00, run_after=2024-09-26 00:00:00+00:00
[2024-09-26T04:10:00.509+0000] {processor.py:208} INFO - Processing /opt/airflow/dags/dag_with_catchup_and_backfill.py took 0.201 seconds
[2024-09-26T04:10:31.403+0000] {processor.py:186} INFO - Started process (PID=151259) to work on /opt/airflow/dags/dag_with_catchup_and_backfill.py
[2024-09-26T04:10:31.405+0000] {processor.py:914} INFO - Processing file /opt/airflow/dags/dag_with_catchup_and_backfill.py for tasks to queue
[2024-09-26T04:10:31.407+0000] {logging_mixin.py:190} INFO - [2024-09-26T04:10:31.407+0000] {dagbag.py:587} INFO - Filling up the DagBag from /opt/airflow/dags/dag_with_catchup_and_backfill.py
[2024-09-26T04:10:31.523+0000] {processor.py:925} INFO - DAG(s) 'dag_with_catchup_backfill_v01.3' retrieved from /opt/airflow/dags/dag_with_catchup_and_backfill.py
[2024-09-26T04:10:31.555+0000] {logging_mixin.py:190} INFO - [2024-09-26T04:10:31.555+0000] {dag.py:3229} INFO - Sync 1 DAGs
[2024-09-26T04:10:31.581+0000] {logging_mixin.py:190} INFO - [2024-09-26T04:10:31.581+0000] {dag.py:4156} INFO - Setting next_dagrun for dag_with_catchup_backfill_v01.3 to 2024-09-25 00:00:00+00:00, run_after=2024-09-26 00:00:00+00:00
[2024-09-26T04:10:31.607+0000] {processor.py:208} INFO - Processing /opt/airflow/dags/dag_with_catchup_and_backfill.py took 0.215 seconds
[2024-09-26T04:11:02.236+0000] {processor.py:186} INFO - Started process (PID=151302) to work on /opt/airflow/dags/dag_with_catchup_and_backfill.py
[2024-09-26T04:11:02.238+0000] {processor.py:914} INFO - Processing file /opt/airflow/dags/dag_with_catchup_and_backfill.py for tasks to queue
[2024-09-26T04:11:02.241+0000] {logging_mixin.py:190} INFO - [2024-09-26T04:11:02.240+0000] {dagbag.py:587} INFO - Filling up the DagBag from /opt/airflow/dags/dag_with_catchup_and_backfill.py
[2024-09-26T04:11:02.337+0000] {processor.py:925} INFO - DAG(s) 'dag_with_catchup_backfill_v01.3' retrieved from /opt/airflow/dags/dag_with_catchup_and_backfill.py
[2024-09-26T04:11:02.358+0000] {logging_mixin.py:190} INFO - [2024-09-26T04:11:02.358+0000] {dag.py:3229} INFO - Sync 1 DAGs
[2024-09-26T04:11:02.379+0000] {logging_mixin.py:190} INFO - [2024-09-26T04:11:02.379+0000] {dag.py:4156} INFO - Setting next_dagrun for dag_with_catchup_backfill_v01.3 to 2024-09-25 00:00:00+00:00, run_after=2024-09-26 00:00:00+00:00
[2024-09-26T04:11:02.401+0000] {processor.py:208} INFO - Processing /opt/airflow/dags/dag_with_catchup_and_backfill.py took 0.176 seconds
[2024-09-26T04:11:32.748+0000] {processor.py:186} INFO - Started process (PID=151345) to work on /opt/airflow/dags/dag_with_catchup_and_backfill.py
[2024-09-26T04:11:32.750+0000] {processor.py:914} INFO - Processing file /opt/airflow/dags/dag_with_catchup_and_backfill.py for tasks to queue
[2024-09-26T04:11:32.752+0000] {logging_mixin.py:190} INFO - [2024-09-26T04:11:32.752+0000] {dagbag.py:587} INFO - Filling up the DagBag from /opt/airflow/dags/dag_with_catchup_and_backfill.py
[2024-09-26T04:11:32.837+0000] {processor.py:925} INFO - DAG(s) 'dag_with_catchup_backfill_v01.3' retrieved from /opt/airflow/dags/dag_with_catchup_and_backfill.py
[2024-09-26T04:11:32.859+0000] {logging_mixin.py:190} INFO - [2024-09-26T04:11:32.859+0000] {dag.py:3229} INFO - Sync 1 DAGs
[2024-09-26T04:11:32.887+0000] {logging_mixin.py:190} INFO - [2024-09-26T04:11:32.886+0000] {dag.py:4156} INFO - Setting next_dagrun for dag_with_catchup_backfill_v01.3 to 2024-09-25 00:00:00+00:00, run_after=2024-09-26 00:00:00+00:00
[2024-09-26T04:11:32.921+0000] {processor.py:208} INFO - Processing /opt/airflow/dags/dag_with_catchup_and_backfill.py took 0.178 seconds
[2024-09-26T04:12:03.376+0000] {processor.py:186} INFO - Started process (PID=151388) to work on /opt/airflow/dags/dag_with_catchup_and_backfill.py
[2024-09-26T04:12:03.378+0000] {processor.py:914} INFO - Processing file /opt/airflow/dags/dag_with_catchup_and_backfill.py for tasks to queue
[2024-09-26T04:12:03.380+0000] {logging_mixin.py:190} INFO - [2024-09-26T04:12:03.379+0000] {dagbag.py:587} INFO - Filling up the DagBag from /opt/airflow/dags/dag_with_catchup_and_backfill.py
[2024-09-26T04:12:03.482+0000] {processor.py:925} INFO - DAG(s) 'dag_with_catchup_backfill_v01.3' retrieved from /opt/airflow/dags/dag_with_catchup_and_backfill.py
[2024-09-26T04:12:03.505+0000] {logging_mixin.py:190} INFO - [2024-09-26T04:12:03.505+0000] {dag.py:3229} INFO - Sync 1 DAGs
[2024-09-26T04:12:03.528+0000] {logging_mixin.py:190} INFO - [2024-09-26T04:12:03.528+0000] {dag.py:4156} INFO - Setting next_dagrun for dag_with_catchup_backfill_v01.3 to 2024-09-25 00:00:00+00:00, run_after=2024-09-26 00:00:00+00:00
[2024-09-26T04:12:03.565+0000] {processor.py:208} INFO - Processing /opt/airflow/dags/dag_with_catchup_and_backfill.py took 0.200 seconds
[2024-09-26T04:12:33.856+0000] {processor.py:186} INFO - Started process (PID=151431) to work on /opt/airflow/dags/dag_with_catchup_and_backfill.py
[2024-09-26T04:12:33.858+0000] {processor.py:914} INFO - Processing file /opt/airflow/dags/dag_with_catchup_and_backfill.py for tasks to queue
[2024-09-26T04:12:33.860+0000] {logging_mixin.py:190} INFO - [2024-09-26T04:12:33.860+0000] {dagbag.py:587} INFO - Filling up the DagBag from /opt/airflow/dags/dag_with_catchup_and_backfill.py
[2024-09-26T04:12:33.955+0000] {processor.py:925} INFO - DAG(s) 'dag_with_catchup_backfill_v01.3' retrieved from /opt/airflow/dags/dag_with_catchup_and_backfill.py
[2024-09-26T04:12:33.986+0000] {logging_mixin.py:190} INFO - [2024-09-26T04:12:33.986+0000] {dag.py:3229} INFO - Sync 1 DAGs
[2024-09-26T04:12:34.016+0000] {logging_mixin.py:190} INFO - [2024-09-26T04:12:34.016+0000] {dag.py:4156} INFO - Setting next_dagrun for dag_with_catchup_backfill_v01.3 to 2024-09-25 00:00:00+00:00, run_after=2024-09-26 00:00:00+00:00
[2024-09-26T04:12:34.050+0000] {processor.py:208} INFO - Processing /opt/airflow/dags/dag_with_catchup_and_backfill.py took 0.199 seconds
[2024-09-26T04:13:04.409+0000] {processor.py:186} INFO - Started process (PID=151474) to work on /opt/airflow/dags/dag_with_catchup_and_backfill.py
[2024-09-26T04:13:04.411+0000] {processor.py:914} INFO - Processing file /opt/airflow/dags/dag_with_catchup_and_backfill.py for tasks to queue
[2024-09-26T04:13:04.413+0000] {logging_mixin.py:190} INFO - [2024-09-26T04:13:04.413+0000] {dagbag.py:587} INFO - Filling up the DagBag from /opt/airflow/dags/dag_with_catchup_and_backfill.py
[2024-09-26T04:13:04.513+0000] {processor.py:925} INFO - DAG(s) 'dag_with_catchup_backfill_v01.3' retrieved from /opt/airflow/dags/dag_with_catchup_and_backfill.py
[2024-09-26T04:13:04.536+0000] {logging_mixin.py:190} INFO - [2024-09-26T04:13:04.535+0000] {dag.py:3229} INFO - Sync 1 DAGs
[2024-09-26T04:13:04.561+0000] {logging_mixin.py:190} INFO - [2024-09-26T04:13:04.561+0000] {dag.py:4156} INFO - Setting next_dagrun for dag_with_catchup_backfill_v01.3 to 2024-09-25 00:00:00+00:00, run_after=2024-09-26 00:00:00+00:00
[2024-09-26T04:13:04.588+0000] {processor.py:208} INFO - Processing /opt/airflow/dags/dag_with_catchup_and_backfill.py took 0.189 seconds
[2024-09-26T04:13:34.882+0000] {processor.py:186} INFO - Started process (PID=151515) to work on /opt/airflow/dags/dag_with_catchup_and_backfill.py
[2024-09-26T04:13:34.884+0000] {processor.py:914} INFO - Processing file /opt/airflow/dags/dag_with_catchup_and_backfill.py for tasks to queue
[2024-09-26T04:13:34.886+0000] {logging_mixin.py:190} INFO - [2024-09-26T04:13:34.885+0000] {dagbag.py:587} INFO - Filling up the DagBag from /opt/airflow/dags/dag_with_catchup_and_backfill.py
[2024-09-26T04:13:34.991+0000] {processor.py:925} INFO - DAG(s) 'dag_with_catchup_backfill_v01.3' retrieved from /opt/airflow/dags/dag_with_catchup_and_backfill.py
[2024-09-26T04:13:35.016+0000] {logging_mixin.py:190} INFO - [2024-09-26T04:13:35.016+0000] {dag.py:3229} INFO - Sync 1 DAGs
[2024-09-26T04:13:35.038+0000] {logging_mixin.py:190} INFO - [2024-09-26T04:13:35.037+0000] {dag.py:4156} INFO - Setting next_dagrun for dag_with_catchup_backfill_v01.3 to 2024-09-25 00:00:00+00:00, run_after=2024-09-26 00:00:00+00:00
[2024-09-26T04:13:35.060+0000] {processor.py:208} INFO - Processing /opt/airflow/dags/dag_with_catchup_and_backfill.py took 0.190 seconds
[2024-09-26T04:14:05.551+0000] {processor.py:186} INFO - Started process (PID=151558) to work on /opt/airflow/dags/dag_with_catchup_and_backfill.py
[2024-09-26T04:14:05.552+0000] {processor.py:914} INFO - Processing file /opt/airflow/dags/dag_with_catchup_and_backfill.py for tasks to queue
[2024-09-26T04:14:05.554+0000] {logging_mixin.py:190} INFO - [2024-09-26T04:14:05.554+0000] {dagbag.py:587} INFO - Filling up the DagBag from /opt/airflow/dags/dag_with_catchup_and_backfill.py
[2024-09-26T04:14:05.644+0000] {processor.py:925} INFO - DAG(s) 'dag_with_catchup_backfill_v01.3' retrieved from /opt/airflow/dags/dag_with_catchup_and_backfill.py
[2024-09-26T04:14:05.668+0000] {logging_mixin.py:190} INFO - [2024-09-26T04:14:05.668+0000] {dag.py:3229} INFO - Sync 1 DAGs
[2024-09-26T04:14:05.689+0000] {logging_mixin.py:190} INFO - [2024-09-26T04:14:05.688+0000] {dag.py:4156} INFO - Setting next_dagrun for dag_with_catchup_backfill_v01.3 to 2024-09-25 00:00:00+00:00, run_after=2024-09-26 00:00:00+00:00
[2024-09-26T04:14:05.710+0000] {processor.py:208} INFO - Processing /opt/airflow/dags/dag_with_catchup_and_backfill.py took 0.166 seconds
[2024-09-26T04:14:36.191+0000] {processor.py:186} INFO - Started process (PID=151601) to work on /opt/airflow/dags/dag_with_catchup_and_backfill.py
[2024-09-26T04:14:36.193+0000] {processor.py:914} INFO - Processing file /opt/airflow/dags/dag_with_catchup_and_backfill.py for tasks to queue
[2024-09-26T04:14:36.195+0000] {logging_mixin.py:190} INFO - [2024-09-26T04:14:36.195+0000] {dagbag.py:587} INFO - Filling up the DagBag from /opt/airflow/dags/dag_with_catchup_and_backfill.py
[2024-09-26T04:14:36.285+0000] {processor.py:925} INFO - DAG(s) 'dag_with_catchup_backfill_v01.3' retrieved from /opt/airflow/dags/dag_with_catchup_and_backfill.py
[2024-09-26T04:14:36.310+0000] {logging_mixin.py:190} INFO - [2024-09-26T04:14:36.310+0000] {dag.py:3229} INFO - Sync 1 DAGs
[2024-09-26T04:14:36.331+0000] {logging_mixin.py:190} INFO - [2024-09-26T04:14:36.331+0000] {dag.py:4156} INFO - Setting next_dagrun for dag_with_catchup_backfill_v01.3 to 2024-09-25 00:00:00+00:00, run_after=2024-09-26 00:00:00+00:00
[2024-09-26T04:14:36.354+0000] {processor.py:208} INFO - Processing /opt/airflow/dags/dag_with_catchup_and_backfill.py took 0.174 seconds
[2024-09-26T04:15:07.684+0000] {processor.py:186} INFO - Started process (PID=151646) to work on /opt/airflow/dags/dag_with_catchup_and_backfill.py
[2024-09-26T04:15:07.687+0000] {processor.py:914} INFO - Processing file /opt/airflow/dags/dag_with_catchup_and_backfill.py for tasks to queue
[2024-09-26T04:15:07.690+0000] {logging_mixin.py:190} INFO - [2024-09-26T04:15:07.690+0000] {dagbag.py:587} INFO - Filling up the DagBag from /opt/airflow/dags/dag_with_catchup_and_backfill.py
[2024-09-26T04:15:07.784+0000] {processor.py:925} INFO - DAG(s) 'dag_with_catchup_backfill_v01.3' retrieved from /opt/airflow/dags/dag_with_catchup_and_backfill.py
[2024-09-26T04:15:07.818+0000] {logging_mixin.py:190} INFO - [2024-09-26T04:15:07.818+0000] {dag.py:3229} INFO - Sync 1 DAGs
[2024-09-26T04:15:07.840+0000] {logging_mixin.py:190} INFO - [2024-09-26T04:15:07.840+0000] {dag.py:4156} INFO - Setting next_dagrun for dag_with_catchup_backfill_v01.3 to 2024-09-25 00:00:00+00:00, run_after=2024-09-26 00:00:00+00:00
[2024-09-26T04:15:07.874+0000] {processor.py:208} INFO - Processing /opt/airflow/dags/dag_with_catchup_and_backfill.py took 0.197 seconds
[2024-09-26T04:15:38.188+0000] {processor.py:186} INFO - Started process (PID=151689) to work on /opt/airflow/dags/dag_with_catchup_and_backfill.py
[2024-09-26T04:15:38.191+0000] {processor.py:914} INFO - Processing file /opt/airflow/dags/dag_with_catchup_and_backfill.py for tasks to queue
[2024-09-26T04:15:38.196+0000] {logging_mixin.py:190} INFO - [2024-09-26T04:15:38.195+0000] {dagbag.py:587} INFO - Filling up the DagBag from /opt/airflow/dags/dag_with_catchup_and_backfill.py
[2024-09-26T04:15:38.302+0000] {processor.py:925} INFO - DAG(s) 'dag_with_catchup_backfill_v01.3' retrieved from /opt/airflow/dags/dag_with_catchup_and_backfill.py
[2024-09-26T04:15:38.334+0000] {logging_mixin.py:190} INFO - [2024-09-26T04:15:38.334+0000] {dag.py:3229} INFO - Sync 1 DAGs
[2024-09-26T04:15:38.359+0000] {logging_mixin.py:190} INFO - [2024-09-26T04:15:38.358+0000] {dag.py:4156} INFO - Setting next_dagrun for dag_with_catchup_backfill_v01.3 to 2024-09-25 00:00:00+00:00, run_after=2024-09-26 00:00:00+00:00
[2024-09-26T04:15:38.384+0000] {processor.py:208} INFO - Processing /opt/airflow/dags/dag_with_catchup_and_backfill.py took 0.206 seconds
[2024-09-26T04:16:08.773+0000] {processor.py:186} INFO - Started process (PID=151732) to work on /opt/airflow/dags/dag_with_catchup_and_backfill.py
[2024-09-26T04:16:08.775+0000] {processor.py:914} INFO - Processing file /opt/airflow/dags/dag_with_catchup_and_backfill.py for tasks to queue
[2024-09-26T04:16:08.778+0000] {logging_mixin.py:190} INFO - [2024-09-26T04:16:08.778+0000] {dagbag.py:587} INFO - Filling up the DagBag from /opt/airflow/dags/dag_with_catchup_and_backfill.py
[2024-09-26T04:16:08.896+0000] {processor.py:925} INFO - DAG(s) 'dag_with_catchup_backfill_v01.3' retrieved from /opt/airflow/dags/dag_with_catchup_and_backfill.py
[2024-09-26T04:16:08.957+0000] {logging_mixin.py:190} INFO - [2024-09-26T04:16:08.957+0000] {dag.py:3229} INFO - Sync 1 DAGs
[2024-09-26T04:16:08.995+0000] {logging_mixin.py:190} INFO - [2024-09-26T04:16:08.994+0000] {dag.py:4156} INFO - Setting next_dagrun for dag_with_catchup_backfill_v01.3 to 2024-09-25 00:00:00+00:00, run_after=2024-09-26 00:00:00+00:00
[2024-09-26T04:16:09.038+0000] {processor.py:208} INFO - Processing /opt/airflow/dags/dag_with_catchup_and_backfill.py took 0.277 seconds
[2024-09-26T04:16:39.351+0000] {processor.py:186} INFO - Started process (PID=151775) to work on /opt/airflow/dags/dag_with_catchup_and_backfill.py
[2024-09-26T04:16:39.352+0000] {processor.py:914} INFO - Processing file /opt/airflow/dags/dag_with_catchup_and_backfill.py for tasks to queue
[2024-09-26T04:16:39.354+0000] {logging_mixin.py:190} INFO - [2024-09-26T04:16:39.354+0000] {dagbag.py:587} INFO - Filling up the DagBag from /opt/airflow/dags/dag_with_catchup_and_backfill.py
[2024-09-26T04:16:39.437+0000] {processor.py:925} INFO - DAG(s) 'dag_with_catchup_backfill_v01.3' retrieved from /opt/airflow/dags/dag_with_catchup_and_backfill.py
[2024-09-26T04:16:39.463+0000] {logging_mixin.py:190} INFO - [2024-09-26T04:16:39.463+0000] {dag.py:3229} INFO - Sync 1 DAGs
[2024-09-26T04:16:39.491+0000] {logging_mixin.py:190} INFO - [2024-09-26T04:16:39.491+0000] {dag.py:4156} INFO - Setting next_dagrun for dag_with_catchup_backfill_v01.3 to 2024-09-25 00:00:00+00:00, run_after=2024-09-26 00:00:00+00:00
[2024-09-26T04:16:39.528+0000] {processor.py:208} INFO - Processing /opt/airflow/dags/dag_with_catchup_and_backfill.py took 0.182 seconds
[2024-09-26T04:17:10.157+0000] {processor.py:186} INFO - Started process (PID=151818) to work on /opt/airflow/dags/dag_with_catchup_and_backfill.py
[2024-09-26T04:17:10.159+0000] {processor.py:914} INFO - Processing file /opt/airflow/dags/dag_with_catchup_and_backfill.py for tasks to queue
[2024-09-26T04:17:10.162+0000] {logging_mixin.py:190} INFO - [2024-09-26T04:17:10.161+0000] {dagbag.py:587} INFO - Filling up the DagBag from /opt/airflow/dags/dag_with_catchup_and_backfill.py
[2024-09-26T04:17:10.275+0000] {processor.py:925} INFO - DAG(s) 'dag_with_catchup_backfill_v01.3' retrieved from /opt/airflow/dags/dag_with_catchup_and_backfill.py
[2024-09-26T04:17:10.300+0000] {logging_mixin.py:190} INFO - [2024-09-26T04:17:10.300+0000] {dag.py:3229} INFO - Sync 1 DAGs
[2024-09-26T04:17:10.321+0000] {logging_mixin.py:190} INFO - [2024-09-26T04:17:10.321+0000] {dag.py:4156} INFO - Setting next_dagrun for dag_with_catchup_backfill_v01.3 to 2024-09-25 00:00:00+00:00, run_after=2024-09-26 00:00:00+00:00
[2024-09-26T04:17:10.346+0000] {processor.py:208} INFO - Processing /opt/airflow/dags/dag_with_catchup_and_backfill.py took 0.199 seconds
[2024-09-26T04:17:40.716+0000] {processor.py:186} INFO - Started process (PID=151861) to work on /opt/airflow/dags/dag_with_catchup_and_backfill.py
[2024-09-26T04:17:40.718+0000] {processor.py:914} INFO - Processing file /opt/airflow/dags/dag_with_catchup_and_backfill.py for tasks to queue
[2024-09-26T04:17:40.720+0000] {logging_mixin.py:190} INFO - [2024-09-26T04:17:40.719+0000] {dagbag.py:587} INFO - Filling up the DagBag from /opt/airflow/dags/dag_with_catchup_and_backfill.py
[2024-09-26T04:17:40.829+0000] {processor.py:925} INFO - DAG(s) 'dag_with_catchup_backfill_v01.3' retrieved from /opt/airflow/dags/dag_with_catchup_and_backfill.py
[2024-09-26T04:17:40.867+0000] {logging_mixin.py:190} INFO - [2024-09-26T04:17:40.867+0000] {dag.py:3229} INFO - Sync 1 DAGs
[2024-09-26T04:17:40.891+0000] {logging_mixin.py:190} INFO - [2024-09-26T04:17:40.891+0000] {dag.py:4156} INFO - Setting next_dagrun for dag_with_catchup_backfill_v01.3 to 2024-09-25 00:00:00+00:00, run_after=2024-09-26 00:00:00+00:00
[2024-09-26T04:17:40.927+0000] {processor.py:208} INFO - Processing /opt/airflow/dags/dag_with_catchup_and_backfill.py took 0.217 seconds
[2024-09-26T04:18:11.210+0000] {processor.py:186} INFO - Started process (PID=151904) to work on /opt/airflow/dags/dag_with_catchup_and_backfill.py
[2024-09-26T04:18:11.212+0000] {processor.py:914} INFO - Processing file /opt/airflow/dags/dag_with_catchup_and_backfill.py for tasks to queue
[2024-09-26T04:18:11.214+0000] {logging_mixin.py:190} INFO - [2024-09-26T04:18:11.214+0000] {dagbag.py:587} INFO - Filling up the DagBag from /opt/airflow/dags/dag_with_catchup_and_backfill.py
[2024-09-26T04:18:11.285+0000] {processor.py:925} INFO - DAG(s) 'dag_with_catchup_backfill_v01.3' retrieved from /opt/airflow/dags/dag_with_catchup_and_backfill.py
[2024-09-26T04:18:11.310+0000] {logging_mixin.py:190} INFO - [2024-09-26T04:18:11.310+0000] {dag.py:3229} INFO - Sync 1 DAGs
[2024-09-26T04:18:11.340+0000] {logging_mixin.py:190} INFO - [2024-09-26T04:18:11.340+0000] {dag.py:4156} INFO - Setting next_dagrun for dag_with_catchup_backfill_v01.3 to 2024-09-25 00:00:00+00:00, run_after=2024-09-26 00:00:00+00:00
[2024-09-26T04:18:11.369+0000] {processor.py:208} INFO - Processing /opt/airflow/dags/dag_with_catchup_and_backfill.py took 0.171 seconds
[2024-09-26T04:18:41.716+0000] {processor.py:186} INFO - Started process (PID=151947) to work on /opt/airflow/dags/dag_with_catchup_and_backfill.py
[2024-09-26T04:18:41.717+0000] {processor.py:914} INFO - Processing file /opt/airflow/dags/dag_with_catchup_and_backfill.py for tasks to queue
[2024-09-26T04:18:41.719+0000] {logging_mixin.py:190} INFO - [2024-09-26T04:18:41.718+0000] {dagbag.py:587} INFO - Filling up the DagBag from /opt/airflow/dags/dag_with_catchup_and_backfill.py
[2024-09-26T04:18:41.808+0000] {processor.py:925} INFO - DAG(s) 'dag_with_catchup_backfill_v01.3' retrieved from /opt/airflow/dags/dag_with_catchup_and_backfill.py
[2024-09-26T04:18:41.834+0000] {logging_mixin.py:190} INFO - [2024-09-26T04:18:41.833+0000] {dag.py:3229} INFO - Sync 1 DAGs
[2024-09-26T04:18:41.860+0000] {logging_mixin.py:190} INFO - [2024-09-26T04:18:41.860+0000] {dag.py:4156} INFO - Setting next_dagrun for dag_with_catchup_backfill_v01.3 to 2024-09-25 00:00:00+00:00, run_after=2024-09-26 00:00:00+00:00
[2024-09-26T04:18:41.882+0000] {processor.py:208} INFO - Processing /opt/airflow/dags/dag_with_catchup_and_backfill.py took 0.173 seconds
[2024-09-26T04:19:12.402+0000] {processor.py:186} INFO - Started process (PID=151990) to work on /opt/airflow/dags/dag_with_catchup_and_backfill.py
[2024-09-26T04:19:12.404+0000] {processor.py:914} INFO - Processing file /opt/airflow/dags/dag_with_catchup_and_backfill.py for tasks to queue
[2024-09-26T04:19:12.406+0000] {logging_mixin.py:190} INFO - [2024-09-26T04:19:12.405+0000] {dagbag.py:587} INFO - Filling up the DagBag from /opt/airflow/dags/dag_with_catchup_and_backfill.py
[2024-09-26T04:19:12.497+0000] {processor.py:925} INFO - DAG(s) 'dag_with_catchup_backfill_v01.3' retrieved from /opt/airflow/dags/dag_with_catchup_and_backfill.py
[2024-09-26T04:19:12.521+0000] {logging_mixin.py:190} INFO - [2024-09-26T04:19:12.521+0000] {dag.py:3229} INFO - Sync 1 DAGs
[2024-09-26T04:19:12.547+0000] {logging_mixin.py:190} INFO - [2024-09-26T04:19:12.547+0000] {dag.py:4156} INFO - Setting next_dagrun for dag_with_catchup_backfill_v01.3 to 2024-09-25 00:00:00+00:00, run_after=2024-09-26 00:00:00+00:00
[2024-09-26T04:19:12.576+0000] {processor.py:208} INFO - Processing /opt/airflow/dags/dag_with_catchup_and_backfill.py took 0.180 seconds
[2024-09-26T04:19:42.998+0000] {processor.py:186} INFO - Started process (PID=152031) to work on /opt/airflow/dags/dag_with_catchup_and_backfill.py
[2024-09-26T04:19:42.999+0000] {processor.py:914} INFO - Processing file /opt/airflow/dags/dag_with_catchup_and_backfill.py for tasks to queue
[2024-09-26T04:19:43.000+0000] {logging_mixin.py:190} INFO - [2024-09-26T04:19:43.000+0000] {dagbag.py:587} INFO - Filling up the DagBag from /opt/airflow/dags/dag_with_catchup_and_backfill.py
[2024-09-26T04:19:43.083+0000] {processor.py:925} INFO - DAG(s) 'dag_with_catchup_backfill_v01.3' retrieved from /opt/airflow/dags/dag_with_catchup_and_backfill.py
[2024-09-26T04:19:43.106+0000] {logging_mixin.py:190} INFO - [2024-09-26T04:19:43.106+0000] {dag.py:3229} INFO - Sync 1 DAGs
[2024-09-26T04:19:43.130+0000] {logging_mixin.py:190} INFO - [2024-09-26T04:19:43.130+0000] {dag.py:4156} INFO - Setting next_dagrun for dag_with_catchup_backfill_v01.3 to 2024-09-25 00:00:00+00:00, run_after=2024-09-26 00:00:00+00:00
[2024-09-26T04:19:43.154+0000] {processor.py:208} INFO - Processing /opt/airflow/dags/dag_with_catchup_and_backfill.py took 0.162 seconds
[2024-09-26T04:20:13.550+0000] {processor.py:186} INFO - Started process (PID=152074) to work on /opt/airflow/dags/dag_with_catchup_and_backfill.py
[2024-09-26T04:20:13.552+0000] {processor.py:914} INFO - Processing file /opt/airflow/dags/dag_with_catchup_and_backfill.py for tasks to queue
[2024-09-26T04:20:13.555+0000] {logging_mixin.py:190} INFO - [2024-09-26T04:20:13.554+0000] {dagbag.py:587} INFO - Filling up the DagBag from /opt/airflow/dags/dag_with_catchup_and_backfill.py
[2024-09-26T04:20:13.662+0000] {processor.py:925} INFO - DAG(s) 'dag_with_catchup_backfill_v01.3' retrieved from /opt/airflow/dags/dag_with_catchup_and_backfill.py
[2024-09-26T04:20:13.691+0000] {logging_mixin.py:190} INFO - [2024-09-26T04:20:13.691+0000] {dag.py:3229} INFO - Sync 1 DAGs
[2024-09-26T04:20:13.715+0000] {logging_mixin.py:190} INFO - [2024-09-26T04:20:13.715+0000] {dag.py:4156} INFO - Setting next_dagrun for dag_with_catchup_backfill_v01.3 to 2024-09-25 00:00:00+00:00, run_after=2024-09-26 00:00:00+00:00
[2024-09-26T04:20:13.744+0000] {processor.py:208} INFO - Processing /opt/airflow/dags/dag_with_catchup_and_backfill.py took 0.204 seconds
[2024-09-26T04:20:44.091+0000] {processor.py:186} INFO - Started process (PID=152117) to work on /opt/airflow/dags/dag_with_catchup_and_backfill.py
[2024-09-26T04:20:44.092+0000] {processor.py:914} INFO - Processing file /opt/airflow/dags/dag_with_catchup_and_backfill.py for tasks to queue
[2024-09-26T04:20:44.094+0000] {logging_mixin.py:190} INFO - [2024-09-26T04:20:44.094+0000] {dagbag.py:587} INFO - Filling up the DagBag from /opt/airflow/dags/dag_with_catchup_and_backfill.py
[2024-09-26T04:20:44.165+0000] {processor.py:925} INFO - DAG(s) 'dag_with_catchup_backfill_v01.3' retrieved from /opt/airflow/dags/dag_with_catchup_and_backfill.py
[2024-09-26T04:20:44.191+0000] {logging_mixin.py:190} INFO - [2024-09-26T04:20:44.191+0000] {dag.py:3229} INFO - Sync 1 DAGs
[2024-09-26T04:20:44.216+0000] {logging_mixin.py:190} INFO - [2024-09-26T04:20:44.216+0000] {dag.py:4156} INFO - Setting next_dagrun for dag_with_catchup_backfill_v01.3 to 2024-09-25 00:00:00+00:00, run_after=2024-09-26 00:00:00+00:00
[2024-09-26T04:20:44.240+0000] {processor.py:208} INFO - Processing /opt/airflow/dags/dag_with_catchup_and_backfill.py took 0.156 seconds
[2024-09-26T04:21:14.884+0000] {processor.py:186} INFO - Started process (PID=152162) to work on /opt/airflow/dags/dag_with_catchup_and_backfill.py
[2024-09-26T04:21:14.886+0000] {processor.py:914} INFO - Processing file /opt/airflow/dags/dag_with_catchup_and_backfill.py for tasks to queue
[2024-09-26T04:21:14.889+0000] {logging_mixin.py:190} INFO - [2024-09-26T04:21:14.889+0000] {dagbag.py:587} INFO - Filling up the DagBag from /opt/airflow/dags/dag_with_catchup_and_backfill.py
[2024-09-26T04:21:15.000+0000] {processor.py:925} INFO - DAG(s) 'dag_with_catchup_backfill_v01.3' retrieved from /opt/airflow/dags/dag_with_catchup_and_backfill.py
[2024-09-26T04:21:15.026+0000] {logging_mixin.py:190} INFO - [2024-09-26T04:21:15.026+0000] {dag.py:3229} INFO - Sync 1 DAGs
[2024-09-26T04:21:15.048+0000] {logging_mixin.py:190} INFO - [2024-09-26T04:21:15.047+0000] {dag.py:4156} INFO - Setting next_dagrun for dag_with_catchup_backfill_v01.3 to 2024-09-25 00:00:00+00:00, run_after=2024-09-26 00:00:00+00:00
[2024-09-26T04:21:15.085+0000] {processor.py:208} INFO - Processing /opt/airflow/dags/dag_with_catchup_and_backfill.py took 0.209 seconds
[2024-09-26T04:21:45.463+0000] {processor.py:186} INFO - Started process (PID=152205) to work on /opt/airflow/dags/dag_with_catchup_and_backfill.py
[2024-09-26T04:21:45.464+0000] {processor.py:914} INFO - Processing file /opt/airflow/dags/dag_with_catchup_and_backfill.py for tasks to queue
[2024-09-26T04:21:45.466+0000] {logging_mixin.py:190} INFO - [2024-09-26T04:21:45.466+0000] {dagbag.py:587} INFO - Filling up the DagBag from /opt/airflow/dags/dag_with_catchup_and_backfill.py
[2024-09-26T04:21:45.542+0000] {processor.py:925} INFO - DAG(s) 'dag_with_catchup_backfill_v01.3' retrieved from /opt/airflow/dags/dag_with_catchup_and_backfill.py
[2024-09-26T04:21:45.567+0000] {logging_mixin.py:190} INFO - [2024-09-26T04:21:45.567+0000] {dag.py:3229} INFO - Sync 1 DAGs
[2024-09-26T04:21:45.589+0000] {logging_mixin.py:190} INFO - [2024-09-26T04:21:45.589+0000] {dag.py:4156} INFO - Setting next_dagrun for dag_with_catchup_backfill_v01.3 to 2024-09-25 00:00:00+00:00, run_after=2024-09-26 00:00:00+00:00
[2024-09-26T04:21:45.620+0000] {processor.py:208} INFO - Processing /opt/airflow/dags/dag_with_catchup_and_backfill.py took 0.163 seconds
[2024-09-26T04:22:16.302+0000] {processor.py:186} INFO - Started process (PID=152248) to work on /opt/airflow/dags/dag_with_catchup_and_backfill.py
[2024-09-26T04:22:16.304+0000] {processor.py:914} INFO - Processing file /opt/airflow/dags/dag_with_catchup_and_backfill.py for tasks to queue
[2024-09-26T04:22:16.306+0000] {logging_mixin.py:190} INFO - [2024-09-26T04:22:16.305+0000] {dagbag.py:587} INFO - Filling up the DagBag from /opt/airflow/dags/dag_with_catchup_and_backfill.py
[2024-09-26T04:22:16.380+0000] {processor.py:925} INFO - DAG(s) 'dag_with_catchup_backfill_v01.3' retrieved from /opt/airflow/dags/dag_with_catchup_and_backfill.py
[2024-09-26T04:22:16.412+0000] {logging_mixin.py:190} INFO - [2024-09-26T04:22:16.412+0000] {dag.py:3229} INFO - Sync 1 DAGs
[2024-09-26T04:22:16.444+0000] {logging_mixin.py:190} INFO - [2024-09-26T04:22:16.444+0000] {dag.py:4156} INFO - Setting next_dagrun for dag_with_catchup_backfill_v01.3 to 2024-09-25 00:00:00+00:00, run_after=2024-09-26 00:00:00+00:00
[2024-09-26T04:22:16.470+0000] {processor.py:208} INFO - Processing /opt/airflow/dags/dag_with_catchup_and_backfill.py took 0.173 seconds
[2024-09-26T04:22:46.929+0000] {processor.py:186} INFO - Started process (PID=152291) to work on /opt/airflow/dags/dag_with_catchup_and_backfill.py
[2024-09-26T04:22:46.931+0000] {processor.py:914} INFO - Processing file /opt/airflow/dags/dag_with_catchup_and_backfill.py for tasks to queue
[2024-09-26T04:22:46.934+0000] {logging_mixin.py:190} INFO - [2024-09-26T04:22:46.933+0000] {dagbag.py:587} INFO - Filling up the DagBag from /opt/airflow/dags/dag_with_catchup_and_backfill.py
[2024-09-26T04:22:47.016+0000] {processor.py:925} INFO - DAG(s) 'dag_with_catchup_backfill_v01.3' retrieved from /opt/airflow/dags/dag_with_catchup_and_backfill.py
[2024-09-26T04:22:47.055+0000] {logging_mixin.py:190} INFO - [2024-09-26T04:22:47.054+0000] {dag.py:3229} INFO - Sync 1 DAGs
[2024-09-26T04:22:47.089+0000] {logging_mixin.py:190} INFO - [2024-09-26T04:22:47.089+0000] {dag.py:4156} INFO - Setting next_dagrun for dag_with_catchup_backfill_v01.3 to 2024-09-25 00:00:00+00:00, run_after=2024-09-26 00:00:00+00:00
[2024-09-26T04:22:47.116+0000] {processor.py:208} INFO - Processing /opt/airflow/dags/dag_with_catchup_and_backfill.py took 0.194 seconds
[2024-09-26T04:23:17.341+0000] {processor.py:186} INFO - Started process (PID=152332) to work on /opt/airflow/dags/dag_with_catchup_and_backfill.py
[2024-09-26T04:23:17.342+0000] {processor.py:914} INFO - Processing file /opt/airflow/dags/dag_with_catchup_and_backfill.py for tasks to queue
[2024-09-26T04:23:17.345+0000] {logging_mixin.py:190} INFO - [2024-09-26T04:23:17.344+0000] {dagbag.py:587} INFO - Filling up the DagBag from /opt/airflow/dags/dag_with_catchup_and_backfill.py
[2024-09-26T04:23:17.413+0000] {processor.py:925} INFO - DAG(s) 'dag_with_catchup_backfill_v01.3' retrieved from /opt/airflow/dags/dag_with_catchup_and_backfill.py
[2024-09-26T04:23:17.438+0000] {logging_mixin.py:190} INFO - [2024-09-26T04:23:17.437+0000] {dag.py:3229} INFO - Sync 1 DAGs
[2024-09-26T04:23:17.460+0000] {logging_mixin.py:190} INFO - [2024-09-26T04:23:17.460+0000] {dag.py:4156} INFO - Setting next_dagrun for dag_with_catchup_backfill_v01.3 to 2024-09-25 00:00:00+00:00, run_after=2024-09-26 00:00:00+00:00
[2024-09-26T04:23:17.485+0000] {processor.py:208} INFO - Processing /opt/airflow/dags/dag_with_catchup_and_backfill.py took 0.151 seconds
[2024-09-26T04:23:48.151+0000] {processor.py:186} INFO - Started process (PID=152375) to work on /opt/airflow/dags/dag_with_catchup_and_backfill.py
[2024-09-26T04:23:48.154+0000] {processor.py:914} INFO - Processing file /opt/airflow/dags/dag_with_catchup_and_backfill.py for tasks to queue
[2024-09-26T04:23:48.157+0000] {logging_mixin.py:190} INFO - [2024-09-26T04:23:48.157+0000] {dagbag.py:587} INFO - Filling up the DagBag from /opt/airflow/dags/dag_with_catchup_and_backfill.py
[2024-09-26T04:23:48.255+0000] {processor.py:925} INFO - DAG(s) 'dag_with_catchup_backfill_v01.3' retrieved from /opt/airflow/dags/dag_with_catchup_and_backfill.py
[2024-09-26T04:23:48.299+0000] {logging_mixin.py:190} INFO - [2024-09-26T04:23:48.298+0000] {dag.py:3229} INFO - Sync 1 DAGs
[2024-09-26T04:23:48.333+0000] {logging_mixin.py:190} INFO - [2024-09-26T04:23:48.332+0000] {dag.py:4156} INFO - Setting next_dagrun for dag_with_catchup_backfill_v01.3 to 2024-09-25 00:00:00+00:00, run_after=2024-09-26 00:00:00+00:00
[2024-09-26T04:23:48.366+0000] {processor.py:208} INFO - Processing /opt/airflow/dags/dag_with_catchup_and_backfill.py took 0.222 seconds
[2024-09-26T04:24:18.835+0000] {processor.py:186} INFO - Started process (PID=152420) to work on /opt/airflow/dags/dag_with_catchup_and_backfill.py
[2024-09-26T04:24:18.838+0000] {processor.py:914} INFO - Processing file /opt/airflow/dags/dag_with_catchup_and_backfill.py for tasks to queue
[2024-09-26T04:24:18.840+0000] {logging_mixin.py:190} INFO - [2024-09-26T04:24:18.840+0000] {dagbag.py:587} INFO - Filling up the DagBag from /opt/airflow/dags/dag_with_catchup_and_backfill.py
[2024-09-26T04:24:18.945+0000] {processor.py:925} INFO - DAG(s) 'dag_with_catchup_backfill_v01.3' retrieved from /opt/airflow/dags/dag_with_catchup_and_backfill.py
[2024-09-26T04:24:19.002+0000] {logging_mixin.py:190} INFO - [2024-09-26T04:24:19.002+0000] {dag.py:3229} INFO - Sync 1 DAGs
[2024-09-26T04:24:19.046+0000] {logging_mixin.py:190} INFO - [2024-09-26T04:24:19.045+0000] {dag.py:4156} INFO - Setting next_dagrun for dag_with_catchup_backfill_v01.3 to 2024-09-25 00:00:00+00:00, run_after=2024-09-26 00:00:00+00:00
[2024-09-26T04:24:19.082+0000] {processor.py:208} INFO - Processing /opt/airflow/dags/dag_with_catchup_and_backfill.py took 0.257 seconds
[2024-09-26T04:24:49.435+0000] {processor.py:186} INFO - Started process (PID=152461) to work on /opt/airflow/dags/dag_with_catchup_and_backfill.py
[2024-09-26T04:24:49.436+0000] {processor.py:914} INFO - Processing file /opt/airflow/dags/dag_with_catchup_and_backfill.py for tasks to queue
[2024-09-26T04:24:49.438+0000] {logging_mixin.py:190} INFO - [2024-09-26T04:24:49.438+0000] {dagbag.py:587} INFO - Filling up the DagBag from /opt/airflow/dags/dag_with_catchup_and_backfill.py
[2024-09-26T04:24:49.534+0000] {processor.py:925} INFO - DAG(s) 'dag_with_catchup_backfill_v01.3' retrieved from /opt/airflow/dags/dag_with_catchup_and_backfill.py
[2024-09-26T04:24:49.561+0000] {logging_mixin.py:190} INFO - [2024-09-26T04:24:49.561+0000] {dag.py:3229} INFO - Sync 1 DAGs
[2024-09-26T04:24:49.586+0000] {logging_mixin.py:190} INFO - [2024-09-26T04:24:49.586+0000] {dag.py:4156} INFO - Setting next_dagrun for dag_with_catchup_backfill_v01.3 to 2024-09-25 00:00:00+00:00, run_after=2024-09-26 00:00:00+00:00
[2024-09-26T04:24:49.614+0000] {processor.py:208} INFO - Processing /opt/airflow/dags/dag_with_catchup_and_backfill.py took 0.186 seconds
[2024-09-26T04:25:20.584+0000] {processor.py:186} INFO - Started process (PID=152504) to work on /opt/airflow/dags/dag_with_catchup_and_backfill.py
[2024-09-26T04:25:20.586+0000] {processor.py:914} INFO - Processing file /opt/airflow/dags/dag_with_catchup_and_backfill.py for tasks to queue
[2024-09-26T04:25:20.587+0000] {logging_mixin.py:190} INFO - [2024-09-26T04:25:20.587+0000] {dagbag.py:587} INFO - Filling up the DagBag from /opt/airflow/dags/dag_with_catchup_and_backfill.py
[2024-09-26T04:25:20.673+0000] {processor.py:925} INFO - DAG(s) 'dag_with_catchup_backfill_v01.3' retrieved from /opt/airflow/dags/dag_with_catchup_and_backfill.py
[2024-09-26T04:25:20.702+0000] {logging_mixin.py:190} INFO - [2024-09-26T04:25:20.702+0000] {dag.py:3229} INFO - Sync 1 DAGs
[2024-09-26T04:25:20.725+0000] {logging_mixin.py:190} INFO - [2024-09-26T04:25:20.725+0000] {dag.py:4156} INFO - Setting next_dagrun for dag_with_catchup_backfill_v01.3 to 2024-09-25 00:00:00+00:00, run_after=2024-09-26 00:00:00+00:00
[2024-09-26T04:25:20.748+0000] {processor.py:208} INFO - Processing /opt/airflow/dags/dag_with_catchup_and_backfill.py took 0.175 seconds
[2024-09-26T04:25:51.755+0000] {processor.py:186} INFO - Started process (PID=152547) to work on /opt/airflow/dags/dag_with_catchup_and_backfill.py
[2024-09-26T04:25:51.757+0000] {processor.py:914} INFO - Processing file /opt/airflow/dags/dag_with_catchup_and_backfill.py for tasks to queue
[2024-09-26T04:25:51.760+0000] {logging_mixin.py:190} INFO - [2024-09-26T04:25:51.759+0000] {dagbag.py:587} INFO - Filling up the DagBag from /opt/airflow/dags/dag_with_catchup_and_backfill.py
[2024-09-26T04:25:51.876+0000] {processor.py:925} INFO - DAG(s) 'dag_with_catchup_backfill_v01.3' retrieved from /opt/airflow/dags/dag_with_catchup_and_backfill.py
[2024-09-26T04:25:51.904+0000] {logging_mixin.py:190} INFO - [2024-09-26T04:25:51.904+0000] {dag.py:3229} INFO - Sync 1 DAGs
[2024-09-26T04:25:51.928+0000] {logging_mixin.py:190} INFO - [2024-09-26T04:25:51.928+0000] {dag.py:4156} INFO - Setting next_dagrun for dag_with_catchup_backfill_v01.3 to 2024-09-25 00:00:00+00:00, run_after=2024-09-26 00:00:00+00:00
[2024-09-26T04:25:51.949+0000] {processor.py:208} INFO - Processing /opt/airflow/dags/dag_with_catchup_and_backfill.py took 0.201 seconds
[2024-09-26T04:26:22.789+0000] {processor.py:186} INFO - Started process (PID=152590) to work on /opt/airflow/dags/dag_with_catchup_and_backfill.py
[2024-09-26T04:26:22.792+0000] {processor.py:914} INFO - Processing file /opt/airflow/dags/dag_with_catchup_and_backfill.py for tasks to queue
[2024-09-26T04:26:22.795+0000] {logging_mixin.py:190} INFO - [2024-09-26T04:26:22.794+0000] {dagbag.py:587} INFO - Filling up the DagBag from /opt/airflow/dags/dag_with_catchup_and_backfill.py
[2024-09-26T04:26:22.902+0000] {processor.py:925} INFO - DAG(s) 'dag_with_catchup_backfill_v01.3' retrieved from /opt/airflow/dags/dag_with_catchup_and_backfill.py
[2024-09-26T04:26:22.934+0000] {logging_mixin.py:190} INFO - [2024-09-26T04:26:22.934+0000] {dag.py:3229} INFO - Sync 1 DAGs
[2024-09-26T04:26:22.963+0000] {logging_mixin.py:190} INFO - [2024-09-26T04:26:22.963+0000] {dag.py:4156} INFO - Setting next_dagrun for dag_with_catchup_backfill_v01.3 to 2024-09-25 00:00:00+00:00, run_after=2024-09-26 00:00:00+00:00
[2024-09-26T04:26:22.988+0000] {processor.py:208} INFO - Processing /opt/airflow/dags/dag_with_catchup_and_backfill.py took 0.212 seconds
[2024-09-26T04:26:53.767+0000] {processor.py:186} INFO - Started process (PID=152633) to work on /opt/airflow/dags/dag_with_catchup_and_backfill.py
[2024-09-26T04:26:53.771+0000] {processor.py:914} INFO - Processing file /opt/airflow/dags/dag_with_catchup_and_backfill.py for tasks to queue
[2024-09-26T04:26:53.775+0000] {logging_mixin.py:190} INFO - [2024-09-26T04:26:53.774+0000] {dagbag.py:587} INFO - Filling up the DagBag from /opt/airflow/dags/dag_with_catchup_and_backfill.py
[2024-09-26T04:26:53.902+0000] {processor.py:925} INFO - DAG(s) 'dag_with_catchup_backfill_v01.3' retrieved from /opt/airflow/dags/dag_with_catchup_and_backfill.py
[2024-09-26T04:26:53.933+0000] {logging_mixin.py:190} INFO - [2024-09-26T04:26:53.933+0000] {dag.py:3229} INFO - Sync 1 DAGs
[2024-09-26T04:26:53.956+0000] {logging_mixin.py:190} INFO - [2024-09-26T04:26:53.956+0000] {dag.py:4156} INFO - Setting next_dagrun for dag_with_catchup_backfill_v01.3 to 2024-09-25 00:00:00+00:00, run_after=2024-09-26 00:00:00+00:00
[2024-09-26T04:26:54.036+0000] {processor.py:208} INFO - Processing /opt/airflow/dags/dag_with_catchup_and_backfill.py took 0.279 seconds
[2024-09-26T04:27:24.956+0000] {processor.py:186} INFO - Started process (PID=152676) to work on /opt/airflow/dags/dag_with_catchup_and_backfill.py
[2024-09-26T04:27:24.957+0000] {processor.py:914} INFO - Processing file /opt/airflow/dags/dag_with_catchup_and_backfill.py for tasks to queue
[2024-09-26T04:27:24.959+0000] {logging_mixin.py:190} INFO - [2024-09-26T04:27:24.959+0000] {dagbag.py:587} INFO - Filling up the DagBag from /opt/airflow/dags/dag_with_catchup_and_backfill.py
[2024-09-26T04:27:25.033+0000] {processor.py:925} INFO - DAG(s) 'dag_with_catchup_backfill_v01.3' retrieved from /opt/airflow/dags/dag_with_catchup_and_backfill.py
[2024-09-26T04:27:25.057+0000] {logging_mixin.py:190} INFO - [2024-09-26T04:27:25.056+0000] {dag.py:3229} INFO - Sync 1 DAGs
[2024-09-26T04:27:25.080+0000] {logging_mixin.py:190} INFO - [2024-09-26T04:27:25.080+0000] {dag.py:4156} INFO - Setting next_dagrun for dag_with_catchup_backfill_v01.3 to 2024-09-25 00:00:00+00:00, run_after=2024-09-26 00:00:00+00:00
[2024-09-26T04:27:25.104+0000] {processor.py:208} INFO - Processing /opt/airflow/dags/dag_with_catchup_and_backfill.py took 0.154 seconds
[2024-09-26T04:27:55.750+0000] {processor.py:186} INFO - Started process (PID=152719) to work on /opt/airflow/dags/dag_with_catchup_and_backfill.py
[2024-09-26T04:27:55.754+0000] {processor.py:914} INFO - Processing file /opt/airflow/dags/dag_with_catchup_and_backfill.py for tasks to queue
[2024-09-26T04:27:55.758+0000] {logging_mixin.py:190} INFO - [2024-09-26T04:27:55.757+0000] {dagbag.py:587} INFO - Filling up the DagBag from /opt/airflow/dags/dag_with_catchup_and_backfill.py
[2024-09-26T04:27:55.853+0000] {processor.py:925} INFO - DAG(s) 'dag_with_catchup_backfill_v01.3' retrieved from /opt/airflow/dags/dag_with_catchup_and_backfill.py
[2024-09-26T04:27:55.879+0000] {logging_mixin.py:190} INFO - [2024-09-26T04:27:55.879+0000] {dag.py:3229} INFO - Sync 1 DAGs
[2024-09-26T04:27:55.900+0000] {logging_mixin.py:190} INFO - [2024-09-26T04:27:55.900+0000] {dag.py:4156} INFO - Setting next_dagrun for dag_with_catchup_backfill_v01.3 to 2024-09-25 00:00:00+00:00, run_after=2024-09-26 00:00:00+00:00
[2024-09-26T04:27:55.922+0000] {processor.py:208} INFO - Processing /opt/airflow/dags/dag_with_catchup_and_backfill.py took 0.190 seconds
[2024-09-26T04:28:26.483+0000] {processor.py:186} INFO - Started process (PID=152762) to work on /opt/airflow/dags/dag_with_catchup_and_backfill.py
[2024-09-26T04:28:26.484+0000] {processor.py:914} INFO - Processing file /opt/airflow/dags/dag_with_catchup_and_backfill.py for tasks to queue
[2024-09-26T04:28:26.487+0000] {logging_mixin.py:190} INFO - [2024-09-26T04:28:26.486+0000] {dagbag.py:587} INFO - Filling up the DagBag from /opt/airflow/dags/dag_with_catchup_and_backfill.py
[2024-09-26T04:28:26.594+0000] {processor.py:925} INFO - DAG(s) 'dag_with_catchup_backfill_v01.3' retrieved from /opt/airflow/dags/dag_with_catchup_and_backfill.py
[2024-09-26T04:28:26.627+0000] {logging_mixin.py:190} INFO - [2024-09-26T04:28:26.627+0000] {dag.py:3229} INFO - Sync 1 DAGs
[2024-09-26T04:28:26.655+0000] {logging_mixin.py:190} INFO - [2024-09-26T04:28:26.655+0000] {dag.py:4156} INFO - Setting next_dagrun for dag_with_catchup_backfill_v01.3 to 2024-09-25 00:00:00+00:00, run_after=2024-09-26 00:00:00+00:00
[2024-09-26T04:28:26.682+0000] {processor.py:208} INFO - Processing /opt/airflow/dags/dag_with_catchup_and_backfill.py took 0.209 seconds
[2024-09-26T04:28:57.303+0000] {processor.py:186} INFO - Started process (PID=152805) to work on /opt/airflow/dags/dag_with_catchup_and_backfill.py
[2024-09-26T04:28:57.305+0000] {processor.py:914} INFO - Processing file /opt/airflow/dags/dag_with_catchup_and_backfill.py for tasks to queue
[2024-09-26T04:28:57.308+0000] {logging_mixin.py:190} INFO - [2024-09-26T04:28:57.307+0000] {dagbag.py:587} INFO - Filling up the DagBag from /opt/airflow/dags/dag_with_catchup_and_backfill.py
[2024-09-26T04:28:57.397+0000] {processor.py:925} INFO - DAG(s) 'dag_with_catchup_backfill_v01.3' retrieved from /opt/airflow/dags/dag_with_catchup_and_backfill.py
[2024-09-26T04:28:57.418+0000] {logging_mixin.py:190} INFO - [2024-09-26T04:28:57.417+0000] {dag.py:3229} INFO - Sync 1 DAGs
[2024-09-26T04:28:57.438+0000] {logging_mixin.py:190} INFO - [2024-09-26T04:28:57.438+0000] {dag.py:4156} INFO - Setting next_dagrun for dag_with_catchup_backfill_v01.3 to 2024-09-25 00:00:00+00:00, run_after=2024-09-26 00:00:00+00:00
[2024-09-26T04:28:57.460+0000] {processor.py:208} INFO - Processing /opt/airflow/dags/dag_with_catchup_and_backfill.py took 0.166 seconds
[2024-09-26T04:29:28.067+0000] {processor.py:186} INFO - Started process (PID=152848) to work on /opt/airflow/dags/dag_with_catchup_and_backfill.py
[2024-09-26T04:29:28.068+0000] {processor.py:914} INFO - Processing file /opt/airflow/dags/dag_with_catchup_and_backfill.py for tasks to queue
[2024-09-26T04:29:28.071+0000] {logging_mixin.py:190} INFO - [2024-09-26T04:29:28.070+0000] {dagbag.py:587} INFO - Filling up the DagBag from /opt/airflow/dags/dag_with_catchup_and_backfill.py
[2024-09-26T04:29:28.143+0000] {processor.py:925} INFO - DAG(s) 'dag_with_catchup_backfill_v01.3' retrieved from /opt/airflow/dags/dag_with_catchup_and_backfill.py
[2024-09-26T04:29:28.166+0000] {logging_mixin.py:190} INFO - [2024-09-26T04:29:28.166+0000] {dag.py:3229} INFO - Sync 1 DAGs
[2024-09-26T04:29:28.188+0000] {logging_mixin.py:190} INFO - [2024-09-26T04:29:28.187+0000] {dag.py:4156} INFO - Setting next_dagrun for dag_with_catchup_backfill_v01.3 to 2024-09-25 00:00:00+00:00, run_after=2024-09-26 00:00:00+00:00
[2024-09-26T04:29:28.216+0000] {processor.py:208} INFO - Processing /opt/airflow/dags/dag_with_catchup_and_backfill.py took 0.157 seconds
[2024-09-26T04:29:58.637+0000] {processor.py:186} INFO - Started process (PID=152891) to work on /opt/airflow/dags/dag_with_catchup_and_backfill.py
[2024-09-26T04:29:58.639+0000] {processor.py:914} INFO - Processing file /opt/airflow/dags/dag_with_catchup_and_backfill.py for tasks to queue
[2024-09-26T04:29:58.641+0000] {logging_mixin.py:190} INFO - [2024-09-26T04:29:58.641+0000] {dagbag.py:587} INFO - Filling up the DagBag from /opt/airflow/dags/dag_with_catchup_and_backfill.py
[2024-09-26T04:29:58.745+0000] {processor.py:925} INFO - DAG(s) 'dag_with_catchup_backfill_v01.3' retrieved from /opt/airflow/dags/dag_with_catchup_and_backfill.py
[2024-09-26T04:29:58.773+0000] {logging_mixin.py:190} INFO - [2024-09-26T04:29:58.772+0000] {dag.py:3229} INFO - Sync 1 DAGs
[2024-09-26T04:29:58.798+0000] {logging_mixin.py:190} INFO - [2024-09-26T04:29:58.798+0000] {dag.py:4156} INFO - Setting next_dagrun for dag_with_catchup_backfill_v01.3 to 2024-09-25 00:00:00+00:00, run_after=2024-09-26 00:00:00+00:00
[2024-09-26T04:29:58.826+0000] {processor.py:208} INFO - Processing /opt/airflow/dags/dag_with_catchup_and_backfill.py took 0.195 seconds
[2024-09-26T04:30:29.545+0000] {processor.py:186} INFO - Started process (PID=152934) to work on /opt/airflow/dags/dag_with_catchup_and_backfill.py
[2024-09-26T04:30:29.547+0000] {processor.py:914} INFO - Processing file /opt/airflow/dags/dag_with_catchup_and_backfill.py for tasks to queue
[2024-09-26T04:30:29.549+0000] {logging_mixin.py:190} INFO - [2024-09-26T04:30:29.549+0000] {dagbag.py:587} INFO - Filling up the DagBag from /opt/airflow/dags/dag_with_catchup_and_backfill.py
[2024-09-26T04:30:29.657+0000] {processor.py:925} INFO - DAG(s) 'dag_with_catchup_backfill_v01.3' retrieved from /opt/airflow/dags/dag_with_catchup_and_backfill.py
[2024-09-26T04:30:29.683+0000] {logging_mixin.py:190} INFO - [2024-09-26T04:30:29.683+0000] {dag.py:3229} INFO - Sync 1 DAGs
[2024-09-26T04:30:29.705+0000] {logging_mixin.py:190} INFO - [2024-09-26T04:30:29.705+0000] {dag.py:4156} INFO - Setting next_dagrun for dag_with_catchup_backfill_v01.3 to 2024-09-25 00:00:00+00:00, run_after=2024-09-26 00:00:00+00:00
[2024-09-26T04:30:29.728+0000] {processor.py:208} INFO - Processing /opt/airflow/dags/dag_with_catchup_and_backfill.py took 0.195 seconds
[2024-09-26T04:31:00.148+0000] {processor.py:186} INFO - Started process (PID=152977) to work on /opt/airflow/dags/dag_with_catchup_and_backfill.py
[2024-09-26T04:31:00.150+0000] {processor.py:914} INFO - Processing file /opt/airflow/dags/dag_with_catchup_and_backfill.py for tasks to queue
[2024-09-26T04:31:00.152+0000] {logging_mixin.py:190} INFO - [2024-09-26T04:31:00.152+0000] {dagbag.py:587} INFO - Filling up the DagBag from /opt/airflow/dags/dag_with_catchup_and_backfill.py
[2024-09-26T04:31:00.254+0000] {processor.py:925} INFO - DAG(s) 'dag_with_catchup_backfill_v01.3' retrieved from /opt/airflow/dags/dag_with_catchup_and_backfill.py
[2024-09-26T04:31:00.277+0000] {logging_mixin.py:190} INFO - [2024-09-26T04:31:00.277+0000] {dag.py:3229} INFO - Sync 1 DAGs
[2024-09-26T04:31:00.299+0000] {logging_mixin.py:190} INFO - [2024-09-26T04:31:00.298+0000] {dag.py:4156} INFO - Setting next_dagrun for dag_with_catchup_backfill_v01.3 to 2024-09-25 00:00:00+00:00, run_after=2024-09-26 00:00:00+00:00
[2024-09-26T04:31:00.324+0000] {processor.py:208} INFO - Processing /opt/airflow/dags/dag_with_catchup_and_backfill.py took 0.185 seconds
[2024-09-26T04:31:30.871+0000] {processor.py:186} INFO - Started process (PID=153020) to work on /opt/airflow/dags/dag_with_catchup_and_backfill.py
[2024-09-26T04:31:30.873+0000] {processor.py:914} INFO - Processing file /opt/airflow/dags/dag_with_catchup_and_backfill.py for tasks to queue
[2024-09-26T04:31:30.876+0000] {logging_mixin.py:190} INFO - [2024-09-26T04:31:30.875+0000] {dagbag.py:587} INFO - Filling up the DagBag from /opt/airflow/dags/dag_with_catchup_and_backfill.py
[2024-09-26T04:31:30.957+0000] {processor.py:925} INFO - DAG(s) 'dag_with_catchup_backfill_v01.3' retrieved from /opt/airflow/dags/dag_with_catchup_and_backfill.py
[2024-09-26T04:31:30.989+0000] {logging_mixin.py:190} INFO - [2024-09-26T04:31:30.988+0000] {dag.py:3229} INFO - Sync 1 DAGs
[2024-09-26T04:31:31.012+0000] {logging_mixin.py:190} INFO - [2024-09-26T04:31:31.012+0000] {dag.py:4156} INFO - Setting next_dagrun for dag_with_catchup_backfill_v01.3 to 2024-09-25 00:00:00+00:00, run_after=2024-09-26 00:00:00+00:00
[2024-09-26T04:31:31.040+0000] {processor.py:208} INFO - Processing /opt/airflow/dags/dag_with_catchup_and_backfill.py took 0.176 seconds
[2024-09-26T04:32:01.408+0000] {processor.py:186} INFO - Started process (PID=153063) to work on /opt/airflow/dags/dag_with_catchup_and_backfill.py
[2024-09-26T04:32:01.410+0000] {processor.py:914} INFO - Processing file /opt/airflow/dags/dag_with_catchup_and_backfill.py for tasks to queue
[2024-09-26T04:32:01.411+0000] {logging_mixin.py:190} INFO - [2024-09-26T04:32:01.411+0000] {dagbag.py:587} INFO - Filling up the DagBag from /opt/airflow/dags/dag_with_catchup_and_backfill.py
[2024-09-26T04:32:01.517+0000] {processor.py:925} INFO - DAG(s) 'dag_with_catchup_backfill_v01.3' retrieved from /opt/airflow/dags/dag_with_catchup_and_backfill.py
[2024-09-26T04:32:01.542+0000] {logging_mixin.py:190} INFO - [2024-09-26T04:32:01.541+0000] {dag.py:3229} INFO - Sync 1 DAGs
[2024-09-26T04:32:01.564+0000] {logging_mixin.py:190} INFO - [2024-09-26T04:32:01.564+0000] {dag.py:4156} INFO - Setting next_dagrun for dag_with_catchup_backfill_v01.3 to 2024-09-25 00:00:00+00:00, run_after=2024-09-26 00:00:00+00:00
[2024-09-26T04:32:01.588+0000] {processor.py:208} INFO - Processing /opt/airflow/dags/dag_with_catchup_and_backfill.py took 0.187 seconds
[2024-09-26T04:32:32.391+0000] {processor.py:186} INFO - Started process (PID=153106) to work on /opt/airflow/dags/dag_with_catchup_and_backfill.py
[2024-09-26T04:32:32.394+0000] {processor.py:914} INFO - Processing file /opt/airflow/dags/dag_with_catchup_and_backfill.py for tasks to queue
[2024-09-26T04:32:32.397+0000] {logging_mixin.py:190} INFO - [2024-09-26T04:32:32.397+0000] {dagbag.py:587} INFO - Filling up the DagBag from /opt/airflow/dags/dag_with_catchup_and_backfill.py
[2024-09-26T04:32:32.497+0000] {processor.py:925} INFO - DAG(s) 'dag_with_catchup_backfill_v01.3' retrieved from /opt/airflow/dags/dag_with_catchup_and_backfill.py
[2024-09-26T04:32:32.528+0000] {logging_mixin.py:190} INFO - [2024-09-26T04:32:32.528+0000] {dag.py:3229} INFO - Sync 1 DAGs
[2024-09-26T04:32:32.551+0000] {logging_mixin.py:190} INFO - [2024-09-26T04:32:32.551+0000] {dag.py:4156} INFO - Setting next_dagrun for dag_with_catchup_backfill_v01.3 to 2024-09-25 00:00:00+00:00, run_after=2024-09-26 00:00:00+00:00
[2024-09-26T04:32:32.578+0000] {processor.py:208} INFO - Processing /opt/airflow/dags/dag_with_catchup_and_backfill.py took 0.199 seconds
[2024-09-26T04:33:03.091+0000] {processor.py:186} INFO - Started process (PID=153149) to work on /opt/airflow/dags/dag_with_catchup_and_backfill.py
[2024-09-26T04:33:03.093+0000] {processor.py:914} INFO - Processing file /opt/airflow/dags/dag_with_catchup_and_backfill.py for tasks to queue
[2024-09-26T04:33:03.095+0000] {logging_mixin.py:190} INFO - [2024-09-26T04:33:03.094+0000] {dagbag.py:587} INFO - Filling up the DagBag from /opt/airflow/dags/dag_with_catchup_and_backfill.py
[2024-09-26T04:33:03.206+0000] {processor.py:925} INFO - DAG(s) 'dag_with_catchup_backfill_v01.3' retrieved from /opt/airflow/dags/dag_with_catchup_and_backfill.py
[2024-09-26T04:33:03.230+0000] {logging_mixin.py:190} INFO - [2024-09-26T04:33:03.230+0000] {dag.py:3229} INFO - Sync 1 DAGs
[2024-09-26T04:33:03.252+0000] {logging_mixin.py:190} INFO - [2024-09-26T04:33:03.252+0000] {dag.py:4156} INFO - Setting next_dagrun for dag_with_catchup_backfill_v01.3 to 2024-09-25 00:00:00+00:00, run_after=2024-09-26 00:00:00+00:00
[2024-09-26T04:33:03.276+0000] {processor.py:208} INFO - Processing /opt/airflow/dags/dag_with_catchup_and_backfill.py took 0.194 seconds
[2024-09-26T04:33:33.879+0000] {processor.py:186} INFO - Started process (PID=153192) to work on /opt/airflow/dags/dag_with_catchup_and_backfill.py
[2024-09-26T04:33:33.881+0000] {processor.py:914} INFO - Processing file /opt/airflow/dags/dag_with_catchup_and_backfill.py for tasks to queue
[2024-09-26T04:33:33.883+0000] {logging_mixin.py:190} INFO - [2024-09-26T04:33:33.883+0000] {dagbag.py:587} INFO - Filling up the DagBag from /opt/airflow/dags/dag_with_catchup_and_backfill.py
[2024-09-26T04:33:34.000+0000] {processor.py:925} INFO - DAG(s) 'dag_with_catchup_backfill_v01.3' retrieved from /opt/airflow/dags/dag_with_catchup_and_backfill.py
[2024-09-26T04:33:34.028+0000] {logging_mixin.py:190} INFO - [2024-09-26T04:33:34.027+0000] {dag.py:3229} INFO - Sync 1 DAGs
[2024-09-26T04:33:34.048+0000] {logging_mixin.py:190} INFO - [2024-09-26T04:33:34.048+0000] {dag.py:4156} INFO - Setting next_dagrun for dag_with_catchup_backfill_v01.3 to 2024-09-25 00:00:00+00:00, run_after=2024-09-26 00:00:00+00:00
[2024-09-26T04:33:34.070+0000] {processor.py:208} INFO - Processing /opt/airflow/dags/dag_with_catchup_and_backfill.py took 0.203 seconds
[2024-09-26T04:34:04.767+0000] {processor.py:186} INFO - Started process (PID=153235) to work on /opt/airflow/dags/dag_with_catchup_and_backfill.py
[2024-09-26T04:34:04.769+0000] {processor.py:914} INFO - Processing file /opt/airflow/dags/dag_with_catchup_and_backfill.py for tasks to queue
[2024-09-26T04:34:04.772+0000] {logging_mixin.py:190} INFO - [2024-09-26T04:34:04.771+0000] {dagbag.py:587} INFO - Filling up the DagBag from /opt/airflow/dags/dag_with_catchup_and_backfill.py
[2024-09-26T04:34:04.882+0000] {processor.py:925} INFO - DAG(s) 'dag_with_catchup_backfill_v01.3' retrieved from /opt/airflow/dags/dag_with_catchup_and_backfill.py
[2024-09-26T04:34:04.913+0000] {logging_mixin.py:190} INFO - [2024-09-26T04:34:04.913+0000] {dag.py:3229} INFO - Sync 1 DAGs
[2024-09-26T04:34:04.940+0000] {logging_mixin.py:190} INFO - [2024-09-26T04:34:04.940+0000] {dag.py:4156} INFO - Setting next_dagrun for dag_with_catchup_backfill_v01.3 to 2024-09-25 00:00:00+00:00, run_after=2024-09-26 00:00:00+00:00
[2024-09-26T04:34:04.977+0000] {processor.py:208} INFO - Processing /opt/airflow/dags/dag_with_catchup_and_backfill.py took 0.217 seconds
[2024-09-26T04:34:35.768+0000] {processor.py:186} INFO - Started process (PID=153280) to work on /opt/airflow/dags/dag_with_catchup_and_backfill.py
[2024-09-26T04:34:35.770+0000] {processor.py:914} INFO - Processing file /opt/airflow/dags/dag_with_catchup_and_backfill.py for tasks to queue
[2024-09-26T04:34:35.772+0000] {logging_mixin.py:190} INFO - [2024-09-26T04:34:35.772+0000] {dagbag.py:587} INFO - Filling up the DagBag from /opt/airflow/dags/dag_with_catchup_and_backfill.py
[2024-09-26T04:34:35.899+0000] {processor.py:925} INFO - DAG(s) 'dag_with_catchup_backfill_v01.3' retrieved from /opt/airflow/dags/dag_with_catchup_and_backfill.py
[2024-09-26T04:34:35.938+0000] {logging_mixin.py:190} INFO - [2024-09-26T04:34:35.938+0000] {dag.py:3229} INFO - Sync 1 DAGs
[2024-09-26T04:34:35.960+0000] {logging_mixin.py:190} INFO - [2024-09-26T04:34:35.960+0000] {dag.py:4156} INFO - Setting next_dagrun for dag_with_catchup_backfill_v01.3 to 2024-09-25 00:00:00+00:00, run_after=2024-09-26 00:00:00+00:00
[2024-09-26T04:34:35.985+0000] {processor.py:208} INFO - Processing /opt/airflow/dags/dag_with_catchup_and_backfill.py took 0.224 seconds
[2024-09-26T04:35:07.089+0000] {processor.py:186} INFO - Started process (PID=153323) to work on /opt/airflow/dags/dag_with_catchup_and_backfill.py
[2024-09-26T04:35:07.090+0000] {processor.py:914} INFO - Processing file /opt/airflow/dags/dag_with_catchup_and_backfill.py for tasks to queue
[2024-09-26T04:35:07.093+0000] {logging_mixin.py:190} INFO - [2024-09-26T04:35:07.092+0000] {dagbag.py:587} INFO - Filling up the DagBag from /opt/airflow/dags/dag_with_catchup_and_backfill.py
[2024-09-26T04:35:07.209+0000] {processor.py:925} INFO - DAG(s) 'dag_with_catchup_backfill_v01.3' retrieved from /opt/airflow/dags/dag_with_catchup_and_backfill.py
[2024-09-26T04:35:07.248+0000] {logging_mixin.py:190} INFO - [2024-09-26T04:35:07.248+0000] {dag.py:3229} INFO - Sync 1 DAGs
[2024-09-26T04:35:07.271+0000] {logging_mixin.py:190} INFO - [2024-09-26T04:35:07.271+0000] {dag.py:4156} INFO - Setting next_dagrun for dag_with_catchup_backfill_v01.3 to 2024-09-25 00:00:00+00:00, run_after=2024-09-26 00:00:00+00:00
[2024-09-26T04:35:07.292+0000] {processor.py:208} INFO - Processing /opt/airflow/dags/dag_with_catchup_and_backfill.py took 0.217 seconds
[2024-09-26T04:35:37.678+0000] {processor.py:186} INFO - Started process (PID=153364) to work on /opt/airflow/dags/dag_with_catchup_and_backfill.py
[2024-09-26T04:35:37.680+0000] {processor.py:914} INFO - Processing file /opt/airflow/dags/dag_with_catchup_and_backfill.py for tasks to queue
[2024-09-26T04:35:37.682+0000] {logging_mixin.py:190} INFO - [2024-09-26T04:35:37.682+0000] {dagbag.py:587} INFO - Filling up the DagBag from /opt/airflow/dags/dag_with_catchup_and_backfill.py
[2024-09-26T04:35:37.777+0000] {processor.py:925} INFO - DAG(s) 'dag_with_catchup_backfill_v01.3' retrieved from /opt/airflow/dags/dag_with_catchup_and_backfill.py
[2024-09-26T04:35:37.807+0000] {logging_mixin.py:190} INFO - [2024-09-26T04:35:37.806+0000] {dag.py:3229} INFO - Sync 1 DAGs
[2024-09-26T04:35:37.834+0000] {logging_mixin.py:190} INFO - [2024-09-26T04:35:37.834+0000] {dag.py:4156} INFO - Setting next_dagrun for dag_with_catchup_backfill_v01.3 to 2024-09-25 00:00:00+00:00, run_after=2024-09-26 00:00:00+00:00
[2024-09-26T04:35:37.860+0000] {processor.py:208} INFO - Processing /opt/airflow/dags/dag_with_catchup_and_backfill.py took 0.194 seconds
[2024-09-26T04:36:08.131+0000] {processor.py:186} INFO - Started process (PID=153407) to work on /opt/airflow/dags/dag_with_catchup_and_backfill.py
[2024-09-26T04:36:08.133+0000] {processor.py:914} INFO - Processing file /opt/airflow/dags/dag_with_catchup_and_backfill.py for tasks to queue
[2024-09-26T04:36:08.135+0000] {logging_mixin.py:190} INFO - [2024-09-26T04:36:08.135+0000] {dagbag.py:587} INFO - Filling up the DagBag from /opt/airflow/dags/dag_with_catchup_and_backfill.py
[2024-09-26T04:36:08.231+0000] {processor.py:925} INFO - DAG(s) 'dag_with_catchup_backfill_v01.3' retrieved from /opt/airflow/dags/dag_with_catchup_and_backfill.py
[2024-09-26T04:36:08.257+0000] {logging_mixin.py:190} INFO - [2024-09-26T04:36:08.256+0000] {dag.py:3229} INFO - Sync 1 DAGs
[2024-09-26T04:36:08.278+0000] {logging_mixin.py:190} INFO - [2024-09-26T04:36:08.277+0000] {dag.py:4156} INFO - Setting next_dagrun for dag_with_catchup_backfill_v01.3 to 2024-09-25 00:00:00+00:00, run_after=2024-09-26 00:00:00+00:00
[2024-09-26T04:36:08.300+0000] {processor.py:208} INFO - Processing /opt/airflow/dags/dag_with_catchup_and_backfill.py took 0.178 seconds
[2024-09-26T04:36:39.602+0000] {processor.py:186} INFO - Started process (PID=153452) to work on /opt/airflow/dags/dag_with_catchup_and_backfill.py
[2024-09-26T04:36:39.604+0000] {processor.py:914} INFO - Processing file /opt/airflow/dags/dag_with_catchup_and_backfill.py for tasks to queue
[2024-09-26T04:36:39.607+0000] {logging_mixin.py:190} INFO - [2024-09-26T04:36:39.606+0000] {dagbag.py:587} INFO - Filling up the DagBag from /opt/airflow/dags/dag_with_catchup_and_backfill.py
[2024-09-26T04:36:39.726+0000] {processor.py:925} INFO - DAG(s) 'dag_with_catchup_backfill_v01.3' retrieved from /opt/airflow/dags/dag_with_catchup_and_backfill.py
[2024-09-26T04:36:39.752+0000] {logging_mixin.py:190} INFO - [2024-09-26T04:36:39.751+0000] {dag.py:3229} INFO - Sync 1 DAGs
[2024-09-26T04:36:39.775+0000] {logging_mixin.py:190} INFO - [2024-09-26T04:36:39.775+0000] {dag.py:4156} INFO - Setting next_dagrun for dag_with_catchup_backfill_v01.3 to 2024-09-25 00:00:00+00:00, run_after=2024-09-26 00:00:00+00:00
[2024-09-26T04:36:39.812+0000] {processor.py:208} INFO - Processing /opt/airflow/dags/dag_with_catchup_and_backfill.py took 0.220 seconds
[2024-09-26T04:37:10.287+0000] {processor.py:186} INFO - Started process (PID=153493) to work on /opt/airflow/dags/dag_with_catchup_and_backfill.py
[2024-09-26T04:37:10.289+0000] {processor.py:914} INFO - Processing file /opt/airflow/dags/dag_with_catchup_and_backfill.py for tasks to queue
[2024-09-26T04:37:10.291+0000] {logging_mixin.py:190} INFO - [2024-09-26T04:37:10.291+0000] {dagbag.py:587} INFO - Filling up the DagBag from /opt/airflow/dags/dag_with_catchup_and_backfill.py
[2024-09-26T04:37:10.395+0000] {processor.py:925} INFO - DAG(s) 'dag_with_catchup_backfill_v01.3' retrieved from /opt/airflow/dags/dag_with_catchup_and_backfill.py
[2024-09-26T04:37:10.420+0000] {logging_mixin.py:190} INFO - [2024-09-26T04:37:10.420+0000] {dag.py:3229} INFO - Sync 1 DAGs
[2024-09-26T04:37:10.441+0000] {logging_mixin.py:190} INFO - [2024-09-26T04:37:10.441+0000] {dag.py:4156} INFO - Setting next_dagrun for dag_with_catchup_backfill_v01.3 to 2024-09-25 00:00:00+00:00, run_after=2024-09-26 00:00:00+00:00
[2024-09-26T04:37:10.462+0000] {processor.py:208} INFO - Processing /opt/airflow/dags/dag_with_catchup_and_backfill.py took 0.185 seconds
[2024-09-26T04:37:40.948+0000] {processor.py:186} INFO - Started process (PID=153537) to work on /opt/airflow/dags/dag_with_catchup_and_backfill.py
[2024-09-26T04:37:40.950+0000] {processor.py:914} INFO - Processing file /opt/airflow/dags/dag_with_catchup_and_backfill.py for tasks to queue
[2024-09-26T04:37:40.953+0000] {logging_mixin.py:190} INFO - [2024-09-26T04:37:40.952+0000] {dagbag.py:587} INFO - Filling up the DagBag from /opt/airflow/dags/dag_with_catchup_and_backfill.py
[2024-09-26T04:37:41.043+0000] {processor.py:925} INFO - DAG(s) 'dag_with_catchup_backfill_v01.3' retrieved from /opt/airflow/dags/dag_with_catchup_and_backfill.py
[2024-09-26T04:37:41.070+0000] {logging_mixin.py:190} INFO - [2024-09-26T04:37:41.070+0000] {dag.py:3229} INFO - Sync 1 DAGs
[2024-09-26T04:37:41.094+0000] {logging_mixin.py:190} INFO - [2024-09-26T04:37:41.094+0000] {dag.py:4156} INFO - Setting next_dagrun for dag_with_catchup_backfill_v01.3 to 2024-09-25 00:00:00+00:00, run_after=2024-09-26 00:00:00+00:00
[2024-09-26T04:37:41.118+0000] {processor.py:208} INFO - Processing /opt/airflow/dags/dag_with_catchup_and_backfill.py took 0.179 seconds
[2024-09-26T04:38:11.950+0000] {processor.py:186} INFO - Started process (PID=153581) to work on /opt/airflow/dags/dag_with_catchup_and_backfill.py
[2024-09-26T04:38:11.952+0000] {processor.py:914} INFO - Processing file /opt/airflow/dags/dag_with_catchup_and_backfill.py for tasks to queue
[2024-09-26T04:38:11.954+0000] {logging_mixin.py:190} INFO - [2024-09-26T04:38:11.954+0000] {dagbag.py:587} INFO - Filling up the DagBag from /opt/airflow/dags/dag_with_catchup_and_backfill.py
[2024-09-26T04:38:12.060+0000] {processor.py:925} INFO - DAG(s) 'dag_with_catchup_backfill_v01.3' retrieved from /opt/airflow/dags/dag_with_catchup_and_backfill.py
[2024-09-26T04:38:12.084+0000] {logging_mixin.py:190} INFO - [2024-09-26T04:38:12.083+0000] {dag.py:3229} INFO - Sync 1 DAGs
[2024-09-26T04:38:12.108+0000] {logging_mixin.py:190} INFO - [2024-09-26T04:38:12.108+0000] {dag.py:4156} INFO - Setting next_dagrun for dag_with_catchup_backfill_v01.3 to 2024-09-25 00:00:00+00:00, run_after=2024-09-26 00:00:00+00:00
[2024-09-26T04:38:12.136+0000] {processor.py:208} INFO - Processing /opt/airflow/dags/dag_with_catchup_and_backfill.py took 0.192 seconds
[2024-09-26T04:38:42.634+0000] {processor.py:186} INFO - Started process (PID=153622) to work on /opt/airflow/dags/dag_with_catchup_and_backfill.py
[2024-09-26T04:38:42.636+0000] {processor.py:914} INFO - Processing file /opt/airflow/dags/dag_with_catchup_and_backfill.py for tasks to queue
[2024-09-26T04:38:42.638+0000] {logging_mixin.py:190} INFO - [2024-09-26T04:38:42.637+0000] {dagbag.py:587} INFO - Filling up the DagBag from /opt/airflow/dags/dag_with_catchup_and_backfill.py
[2024-09-26T04:38:42.736+0000] {processor.py:925} INFO - DAG(s) 'dag_with_catchup_backfill_v01.3' retrieved from /opt/airflow/dags/dag_with_catchup_and_backfill.py
[2024-09-26T04:38:42.761+0000] {logging_mixin.py:190} INFO - [2024-09-26T04:38:42.761+0000] {dag.py:3229} INFO - Sync 1 DAGs
[2024-09-26T04:38:42.783+0000] {logging_mixin.py:190} INFO - [2024-09-26T04:38:42.782+0000] {dag.py:4156} INFO - Setting next_dagrun for dag_with_catchup_backfill_v01.3 to 2024-09-25 00:00:00+00:00, run_after=2024-09-26 00:00:00+00:00
[2024-09-26T04:38:42.808+0000] {processor.py:208} INFO - Processing /opt/airflow/dags/dag_with_catchup_and_backfill.py took 0.182 seconds
[2024-09-26T04:39:13.186+0000] {processor.py:186} INFO - Started process (PID=153665) to work on /opt/airflow/dags/dag_with_catchup_and_backfill.py
[2024-09-26T04:39:13.187+0000] {processor.py:914} INFO - Processing file /opt/airflow/dags/dag_with_catchup_and_backfill.py for tasks to queue
[2024-09-26T04:39:13.191+0000] {logging_mixin.py:190} INFO - [2024-09-26T04:39:13.190+0000] {dagbag.py:587} INFO - Filling up the DagBag from /opt/airflow/dags/dag_with_catchup_and_backfill.py
[2024-09-26T04:39:13.253+0000] {processor.py:925} INFO - DAG(s) 'dag_with_catchup_backfill_v01.3' retrieved from /opt/airflow/dags/dag_with_catchup_and_backfill.py
[2024-09-26T04:39:13.284+0000] {logging_mixin.py:190} INFO - [2024-09-26T04:39:13.284+0000] {dag.py:3229} INFO - Sync 1 DAGs
[2024-09-26T04:39:13.311+0000] {logging_mixin.py:190} INFO - [2024-09-26T04:39:13.311+0000] {dag.py:4156} INFO - Setting next_dagrun for dag_with_catchup_backfill_v01.3 to 2024-09-25 00:00:00+00:00, run_after=2024-09-26 00:00:00+00:00
[2024-09-26T04:39:13.342+0000] {processor.py:208} INFO - Processing /opt/airflow/dags/dag_with_catchup_and_backfill.py took 0.163 seconds
[2024-09-26T04:39:43.772+0000] {processor.py:186} INFO - Started process (PID=153708) to work on /opt/airflow/dags/dag_with_catchup_and_backfill.py
[2024-09-26T04:39:43.774+0000] {processor.py:914} INFO - Processing file /opt/airflow/dags/dag_with_catchup_and_backfill.py for tasks to queue
[2024-09-26T04:39:43.776+0000] {logging_mixin.py:190} INFO - [2024-09-26T04:39:43.776+0000] {dagbag.py:587} INFO - Filling up the DagBag from /opt/airflow/dags/dag_with_catchup_and_backfill.py
[2024-09-26T04:39:43.843+0000] {processor.py:925} INFO - DAG(s) 'dag_with_catchup_backfill_v01.3' retrieved from /opt/airflow/dags/dag_with_catchup_and_backfill.py
[2024-09-26T04:39:43.877+0000] {logging_mixin.py:190} INFO - [2024-09-26T04:39:43.877+0000] {dag.py:3229} INFO - Sync 1 DAGs
[2024-09-26T04:39:43.907+0000] {logging_mixin.py:190} INFO - [2024-09-26T04:39:43.907+0000] {dag.py:4156} INFO - Setting next_dagrun for dag_with_catchup_backfill_v01.3 to 2024-09-25 00:00:00+00:00, run_after=2024-09-26 00:00:00+00:00
[2024-09-26T04:39:43.932+0000] {processor.py:208} INFO - Processing /opt/airflow/dags/dag_with_catchup_and_backfill.py took 0.166 seconds
[2024-09-26T04:40:14.600+0000] {processor.py:186} INFO - Started process (PID=153753) to work on /opt/airflow/dags/dag_with_catchup_and_backfill.py
[2024-09-26T04:40:14.602+0000] {processor.py:914} INFO - Processing file /opt/airflow/dags/dag_with_catchup_and_backfill.py for tasks to queue
[2024-09-26T04:40:14.603+0000] {logging_mixin.py:190} INFO - [2024-09-26T04:40:14.603+0000] {dagbag.py:587} INFO - Filling up the DagBag from /opt/airflow/dags/dag_with_catchup_and_backfill.py
[2024-09-26T04:40:14.668+0000] {processor.py:925} INFO - DAG(s) 'dag_with_catchup_backfill_v01.3' retrieved from /opt/airflow/dags/dag_with_catchup_and_backfill.py
[2024-09-26T04:40:14.689+0000] {logging_mixin.py:190} INFO - [2024-09-26T04:40:14.688+0000] {dag.py:3229} INFO - Sync 1 DAGs
[2024-09-26T04:40:14.711+0000] {logging_mixin.py:190} INFO - [2024-09-26T04:40:14.710+0000] {dag.py:4156} INFO - Setting next_dagrun for dag_with_catchup_backfill_v01.3 to 2024-09-25 00:00:00+00:00, run_after=2024-09-26 00:00:00+00:00
[2024-09-26T04:40:14.731+0000] {processor.py:208} INFO - Processing /opt/airflow/dags/dag_with_catchup_and_backfill.py took 0.137 seconds
[2024-09-26T04:40:45.117+0000] {processor.py:186} INFO - Started process (PID=153794) to work on /opt/airflow/dags/dag_with_catchup_and_backfill.py
[2024-09-26T04:40:45.118+0000] {processor.py:914} INFO - Processing file /opt/airflow/dags/dag_with_catchup_and_backfill.py for tasks to queue
[2024-09-26T04:40:45.121+0000] {logging_mixin.py:190} INFO - [2024-09-26T04:40:45.120+0000] {dagbag.py:587} INFO - Filling up the DagBag from /opt/airflow/dags/dag_with_catchup_and_backfill.py
[2024-09-26T04:40:45.196+0000] {processor.py:925} INFO - DAG(s) 'dag_with_catchup_backfill_v01.3' retrieved from /opt/airflow/dags/dag_with_catchup_and_backfill.py
[2024-09-26T04:40:45.222+0000] {logging_mixin.py:190} INFO - [2024-09-26T04:40:45.222+0000] {dag.py:3229} INFO - Sync 1 DAGs
[2024-09-26T04:40:45.245+0000] {logging_mixin.py:190} INFO - [2024-09-26T04:40:45.245+0000] {dag.py:4156} INFO - Setting next_dagrun for dag_with_catchup_backfill_v01.3 to 2024-09-25 00:00:00+00:00, run_after=2024-09-26 00:00:00+00:00
[2024-09-26T04:40:45.269+0000] {processor.py:208} INFO - Processing /opt/airflow/dags/dag_with_catchup_and_backfill.py took 0.160 seconds
[2024-09-26T04:41:15.784+0000] {processor.py:186} INFO - Started process (PID=153837) to work on /opt/airflow/dags/dag_with_catchup_and_backfill.py
[2024-09-26T04:41:15.786+0000] {processor.py:914} INFO - Processing file /opt/airflow/dags/dag_with_catchup_and_backfill.py for tasks to queue
[2024-09-26T04:41:15.788+0000] {logging_mixin.py:190} INFO - [2024-09-26T04:41:15.788+0000] {dagbag.py:587} INFO - Filling up the DagBag from /opt/airflow/dags/dag_with_catchup_and_backfill.py
[2024-09-26T04:41:15.908+0000] {processor.py:925} INFO - DAG(s) 'dag_with_catchup_backfill_v01.3' retrieved from /opt/airflow/dags/dag_with_catchup_and_backfill.py
[2024-09-26T04:41:15.935+0000] {logging_mixin.py:190} INFO - [2024-09-26T04:41:15.934+0000] {dag.py:3229} INFO - Sync 1 DAGs
[2024-09-26T04:41:15.957+0000] {logging_mixin.py:190} INFO - [2024-09-26T04:41:15.957+0000] {dag.py:4156} INFO - Setting next_dagrun for dag_with_catchup_backfill_v01.3 to 2024-09-25 00:00:00+00:00, run_after=2024-09-26 00:00:00+00:00
[2024-09-26T04:41:15.985+0000] {processor.py:208} INFO - Processing /opt/airflow/dags/dag_with_catchup_and_backfill.py took 0.211 seconds
[2024-09-26T04:41:46.396+0000] {processor.py:186} INFO - Started process (PID=153880) to work on /opt/airflow/dags/dag_with_catchup_and_backfill.py
[2024-09-26T04:41:46.397+0000] {processor.py:914} INFO - Processing file /opt/airflow/dags/dag_with_catchup_and_backfill.py for tasks to queue
[2024-09-26T04:41:46.399+0000] {logging_mixin.py:190} INFO - [2024-09-26T04:41:46.399+0000] {dagbag.py:587} INFO - Filling up the DagBag from /opt/airflow/dags/dag_with_catchup_and_backfill.py
[2024-09-26T04:41:46.476+0000] {processor.py:925} INFO - DAG(s) 'dag_with_catchup_backfill_v01.3' retrieved from /opt/airflow/dags/dag_with_catchup_and_backfill.py
[2024-09-26T04:41:46.503+0000] {logging_mixin.py:190} INFO - [2024-09-26T04:41:46.503+0000] {dag.py:3229} INFO - Sync 1 DAGs
[2024-09-26T04:41:46.530+0000] {logging_mixin.py:190} INFO - [2024-09-26T04:41:46.529+0000] {dag.py:4156} INFO - Setting next_dagrun for dag_with_catchup_backfill_v01.3 to 2024-09-25 00:00:00+00:00, run_after=2024-09-26 00:00:00+00:00
[2024-09-26T04:41:46.553+0000] {processor.py:208} INFO - Processing /opt/airflow/dags/dag_with_catchup_and_backfill.py took 0.163 seconds
[2024-09-26T04:42:17.450+0000] {processor.py:186} INFO - Started process (PID=153923) to work on /opt/airflow/dags/dag_with_catchup_and_backfill.py
[2024-09-26T04:42:17.451+0000] {processor.py:914} INFO - Processing file /opt/airflow/dags/dag_with_catchup_and_backfill.py for tasks to queue
[2024-09-26T04:42:17.454+0000] {logging_mixin.py:190} INFO - [2024-09-26T04:42:17.453+0000] {dagbag.py:587} INFO - Filling up the DagBag from /opt/airflow/dags/dag_with_catchup_and_backfill.py
[2024-09-26T04:42:17.545+0000] {processor.py:925} INFO - DAG(s) 'dag_with_catchup_backfill_v01.3' retrieved from /opt/airflow/dags/dag_with_catchup_and_backfill.py
[2024-09-26T04:42:17.579+0000] {logging_mixin.py:190} INFO - [2024-09-26T04:42:17.579+0000] {dag.py:3229} INFO - Sync 1 DAGs
[2024-09-26T04:42:17.606+0000] {logging_mixin.py:190} INFO - [2024-09-26T04:42:17.606+0000] {dag.py:4156} INFO - Setting next_dagrun for dag_with_catchup_backfill_v01.3 to 2024-09-25 00:00:00+00:00, run_after=2024-09-26 00:00:00+00:00
[2024-09-26T04:42:17.633+0000] {processor.py:208} INFO - Processing /opt/airflow/dags/dag_with_catchup_and_backfill.py took 0.190 seconds
[2024-09-26T04:42:48.035+0000] {processor.py:186} INFO - Started process (PID=153966) to work on /opt/airflow/dags/dag_with_catchup_and_backfill.py
[2024-09-26T04:42:48.037+0000] {processor.py:914} INFO - Processing file /opt/airflow/dags/dag_with_catchup_and_backfill.py for tasks to queue
[2024-09-26T04:42:48.040+0000] {logging_mixin.py:190} INFO - [2024-09-26T04:42:48.039+0000] {dagbag.py:587} INFO - Filling up the DagBag from /opt/airflow/dags/dag_with_catchup_and_backfill.py
[2024-09-26T04:42:48.127+0000] {processor.py:925} INFO - DAG(s) 'dag_with_catchup_backfill_v01.3' retrieved from /opt/airflow/dags/dag_with_catchup_and_backfill.py
[2024-09-26T04:42:48.156+0000] {logging_mixin.py:190} INFO - [2024-09-26T04:42:48.156+0000] {dag.py:3229} INFO - Sync 1 DAGs
[2024-09-26T04:42:48.179+0000] {logging_mixin.py:190} INFO - [2024-09-26T04:42:48.179+0000] {dag.py:4156} INFO - Setting next_dagrun for dag_with_catchup_backfill_v01.3 to 2024-09-25 00:00:00+00:00, run_after=2024-09-26 00:00:00+00:00
[2024-09-26T04:42:48.204+0000] {processor.py:208} INFO - Processing /opt/airflow/dags/dag_with_catchup_and_backfill.py took 0.177 seconds
[2024-09-26T04:43:18.651+0000] {processor.py:186} INFO - Started process (PID=154009) to work on /opt/airflow/dags/dag_with_catchup_and_backfill.py
[2024-09-26T04:43:18.653+0000] {processor.py:914} INFO - Processing file /opt/airflow/dags/dag_with_catchup_and_backfill.py for tasks to queue
[2024-09-26T04:43:18.654+0000] {logging_mixin.py:190} INFO - [2024-09-26T04:43:18.654+0000] {dagbag.py:587} INFO - Filling up the DagBag from /opt/airflow/dags/dag_with_catchup_and_backfill.py
[2024-09-26T04:43:18.785+0000] {processor.py:925} INFO - DAG(s) 'dag_with_catchup_backfill_v01.3' retrieved from /opt/airflow/dags/dag_with_catchup_and_backfill.py
[2024-09-26T04:43:18.813+0000] {logging_mixin.py:190} INFO - [2024-09-26T04:43:18.812+0000] {dag.py:3229} INFO - Sync 1 DAGs
[2024-09-26T04:43:18.837+0000] {logging_mixin.py:190} INFO - [2024-09-26T04:43:18.836+0000] {dag.py:4156} INFO - Setting next_dagrun for dag_with_catchup_backfill_v01.3 to 2024-09-25 00:00:00+00:00, run_after=2024-09-26 00:00:00+00:00
[2024-09-26T04:43:18.861+0000] {processor.py:208} INFO - Processing /opt/airflow/dags/dag_with_catchup_and_backfill.py took 0.216 seconds
[2024-09-26T04:43:49.534+0000] {processor.py:186} INFO - Started process (PID=154052) to work on /opt/airflow/dags/dag_with_catchup_and_backfill.py
[2024-09-26T04:43:49.536+0000] {processor.py:914} INFO - Processing file /opt/airflow/dags/dag_with_catchup_and_backfill.py for tasks to queue
[2024-09-26T04:43:49.538+0000] {logging_mixin.py:190} INFO - [2024-09-26T04:43:49.538+0000] {dagbag.py:587} INFO - Filling up the DagBag from /opt/airflow/dags/dag_with_catchup_and_backfill.py
[2024-09-26T04:43:49.632+0000] {processor.py:925} INFO - DAG(s) 'dag_with_catchup_backfill_v01.3' retrieved from /opt/airflow/dags/dag_with_catchup_and_backfill.py
[2024-09-26T04:43:49.661+0000] {logging_mixin.py:190} INFO - [2024-09-26T04:43:49.660+0000] {dag.py:3229} INFO - Sync 1 DAGs
[2024-09-26T04:43:49.683+0000] {logging_mixin.py:190} INFO - [2024-09-26T04:43:49.683+0000] {dag.py:4156} INFO - Setting next_dagrun for dag_with_catchup_backfill_v01.3 to 2024-09-25 00:00:00+00:00, run_after=2024-09-26 00:00:00+00:00
[2024-09-26T04:43:49.709+0000] {processor.py:208} INFO - Processing /opt/airflow/dags/dag_with_catchup_and_backfill.py took 0.186 seconds
[2024-09-26T04:44:20.073+0000] {processor.py:186} INFO - Started process (PID=154095) to work on /opt/airflow/dags/dag_with_catchup_and_backfill.py
[2024-09-26T04:44:20.075+0000] {processor.py:914} INFO - Processing file /opt/airflow/dags/dag_with_catchup_and_backfill.py for tasks to queue
[2024-09-26T04:44:20.077+0000] {logging_mixin.py:190} INFO - [2024-09-26T04:44:20.077+0000] {dagbag.py:587} INFO - Filling up the DagBag from /opt/airflow/dags/dag_with_catchup_and_backfill.py
[2024-09-26T04:44:20.185+0000] {processor.py:925} INFO - DAG(s) 'dag_with_catchup_backfill_v01.3' retrieved from /opt/airflow/dags/dag_with_catchup_and_backfill.py
[2024-09-26T04:44:20.211+0000] {logging_mixin.py:190} INFO - [2024-09-26T04:44:20.210+0000] {dag.py:3229} INFO - Sync 1 DAGs
[2024-09-26T04:44:20.231+0000] {logging_mixin.py:190} INFO - [2024-09-26T04:44:20.231+0000] {dag.py:4156} INFO - Setting next_dagrun for dag_with_catchup_backfill_v01.3 to 2024-09-25 00:00:00+00:00, run_after=2024-09-26 00:00:00+00:00
[2024-09-26T04:44:20.254+0000] {processor.py:208} INFO - Processing /opt/airflow/dags/dag_with_catchup_and_backfill.py took 0.191 seconds
[2024-09-26T04:44:50.593+0000] {processor.py:186} INFO - Started process (PID=154138) to work on /opt/airflow/dags/dag_with_catchup_and_backfill.py
[2024-09-26T04:44:50.595+0000] {processor.py:914} INFO - Processing file /opt/airflow/dags/dag_with_catchup_and_backfill.py for tasks to queue
[2024-09-26T04:44:50.597+0000] {logging_mixin.py:190} INFO - [2024-09-26T04:44:50.596+0000] {dagbag.py:587} INFO - Filling up the DagBag from /opt/airflow/dags/dag_with_catchup_and_backfill.py
[2024-09-26T04:44:50.679+0000] {processor.py:925} INFO - DAG(s) 'dag_with_catchup_backfill_v01.3' retrieved from /opt/airflow/dags/dag_with_catchup_and_backfill.py
[2024-09-26T04:44:50.707+0000] {logging_mixin.py:190} INFO - [2024-09-26T04:44:50.706+0000] {dag.py:3229} INFO - Sync 1 DAGs
[2024-09-26T04:44:50.730+0000] {logging_mixin.py:190} INFO - [2024-09-26T04:44:50.730+0000] {dag.py:4156} INFO - Setting next_dagrun for dag_with_catchup_backfill_v01.3 to 2024-09-25 00:00:00+00:00, run_after=2024-09-26 00:00:00+00:00
[2024-09-26T04:44:50.755+0000] {processor.py:208} INFO - Processing /opt/airflow/dags/dag_with_catchup_and_backfill.py took 0.167 seconds
[2024-09-26T04:45:21.940+0000] {processor.py:186} INFO - Started process (PID=154181) to work on /opt/airflow/dags/dag_with_catchup_and_backfill.py
[2024-09-26T04:45:21.941+0000] {processor.py:914} INFO - Processing file /opt/airflow/dags/dag_with_catchup_and_backfill.py for tasks to queue
[2024-09-26T04:45:21.943+0000] {logging_mixin.py:190} INFO - [2024-09-26T04:45:21.943+0000] {dagbag.py:587} INFO - Filling up the DagBag from /opt/airflow/dags/dag_with_catchup_and_backfill.py
[2024-09-26T04:45:22.044+0000] {processor.py:925} INFO - DAG(s) 'dag_with_catchup_backfill_v01.3' retrieved from /opt/airflow/dags/dag_with_catchup_and_backfill.py
[2024-09-26T04:45:22.080+0000] {logging_mixin.py:190} INFO - [2024-09-26T04:45:22.079+0000] {dag.py:3229} INFO - Sync 1 DAGs
[2024-09-26T04:45:22.104+0000] {logging_mixin.py:190} INFO - [2024-09-26T04:45:22.104+0000] {dag.py:4156} INFO - Setting next_dagrun for dag_with_catchup_backfill_v01.3 to 2024-09-25 00:00:00+00:00, run_after=2024-09-26 00:00:00+00:00
[2024-09-26T04:45:22.127+0000] {processor.py:208} INFO - Processing /opt/airflow/dags/dag_with_catchup_and_backfill.py took 0.193 seconds
[2024-09-26T04:45:53.015+0000] {processor.py:186} INFO - Started process (PID=154224) to work on /opt/airflow/dags/dag_with_catchup_and_backfill.py
[2024-09-26T04:45:53.017+0000] {processor.py:914} INFO - Processing file /opt/airflow/dags/dag_with_catchup_and_backfill.py for tasks to queue
[2024-09-26T04:45:53.019+0000] {logging_mixin.py:190} INFO - [2024-09-26T04:45:53.019+0000] {dagbag.py:587} INFO - Filling up the DagBag from /opt/airflow/dags/dag_with_catchup_and_backfill.py
[2024-09-26T04:45:53.105+0000] {processor.py:925} INFO - DAG(s) 'dag_with_catchup_backfill_v01.3' retrieved from /opt/airflow/dags/dag_with_catchup_and_backfill.py
[2024-09-26T04:45:53.128+0000] {logging_mixin.py:190} INFO - [2024-09-26T04:45:53.128+0000] {dag.py:3229} INFO - Sync 1 DAGs
[2024-09-26T04:45:53.149+0000] {logging_mixin.py:190} INFO - [2024-09-26T04:45:53.148+0000] {dag.py:4156} INFO - Setting next_dagrun for dag_with_catchup_backfill_v01.3 to 2024-09-25 00:00:00+00:00, run_after=2024-09-26 00:00:00+00:00
[2024-09-26T04:45:53.178+0000] {processor.py:208} INFO - Processing /opt/airflow/dags/dag_with_catchup_and_backfill.py took 0.170 seconds
[2024-09-26T04:46:23.887+0000] {processor.py:186} INFO - Started process (PID=154267) to work on /opt/airflow/dags/dag_with_catchup_and_backfill.py
[2024-09-26T04:46:23.890+0000] {processor.py:914} INFO - Processing file /opt/airflow/dags/dag_with_catchup_and_backfill.py for tasks to queue
[2024-09-26T04:46:23.893+0000] {logging_mixin.py:190} INFO - [2024-09-26T04:46:23.892+0000] {dagbag.py:587} INFO - Filling up the DagBag from /opt/airflow/dags/dag_with_catchup_and_backfill.py
[2024-09-26T04:46:23.987+0000] {processor.py:925} INFO - DAG(s) 'dag_with_catchup_backfill_v01.3' retrieved from /opt/airflow/dags/dag_with_catchup_and_backfill.py
[2024-09-26T04:46:24.018+0000] {logging_mixin.py:190} INFO - [2024-09-26T04:46:24.018+0000] {dag.py:3229} INFO - Sync 1 DAGs
[2024-09-26T04:46:24.047+0000] {logging_mixin.py:190} INFO - [2024-09-26T04:46:24.047+0000] {dag.py:4156} INFO - Setting next_dagrun for dag_with_catchup_backfill_v01.3 to 2024-09-25 00:00:00+00:00, run_after=2024-09-26 00:00:00+00:00
[2024-09-26T04:46:24.074+0000] {processor.py:208} INFO - Processing /opt/airflow/dags/dag_with_catchup_and_backfill.py took 0.198 seconds
[2024-09-26T04:46:54.510+0000] {processor.py:186} INFO - Started process (PID=154310) to work on /opt/airflow/dags/dag_with_catchup_and_backfill.py
[2024-09-26T04:46:54.512+0000] {processor.py:914} INFO - Processing file /opt/airflow/dags/dag_with_catchup_and_backfill.py for tasks to queue
[2024-09-26T04:46:54.514+0000] {logging_mixin.py:190} INFO - [2024-09-26T04:46:54.514+0000] {dagbag.py:587} INFO - Filling up the DagBag from /opt/airflow/dags/dag_with_catchup_and_backfill.py
[2024-09-26T04:46:54.597+0000] {processor.py:925} INFO - DAG(s) 'dag_with_catchup_backfill_v01.3' retrieved from /opt/airflow/dags/dag_with_catchup_and_backfill.py
[2024-09-26T04:46:54.628+0000] {logging_mixin.py:190} INFO - [2024-09-26T04:46:54.627+0000] {dag.py:3229} INFO - Sync 1 DAGs
[2024-09-26T04:46:54.654+0000] {logging_mixin.py:190} INFO - [2024-09-26T04:46:54.654+0000] {dag.py:4156} INFO - Setting next_dagrun for dag_with_catchup_backfill_v01.3 to 2024-09-25 00:00:00+00:00, run_after=2024-09-26 00:00:00+00:00
[2024-09-26T04:46:54.680+0000] {processor.py:208} INFO - Processing /opt/airflow/dags/dag_with_catchup_and_backfill.py took 0.179 seconds
[2024-09-26T04:47:25.314+0000] {processor.py:186} INFO - Started process (PID=154353) to work on /opt/airflow/dags/dag_with_catchup_and_backfill.py
[2024-09-26T04:47:25.316+0000] {processor.py:914} INFO - Processing file /opt/airflow/dags/dag_with_catchup_and_backfill.py for tasks to queue
[2024-09-26T04:47:25.318+0000] {logging_mixin.py:190} INFO - [2024-09-26T04:47:25.317+0000] {dagbag.py:587} INFO - Filling up the DagBag from /opt/airflow/dags/dag_with_catchup_and_backfill.py
[2024-09-26T04:47:25.404+0000] {processor.py:925} INFO - DAG(s) 'dag_with_catchup_backfill_v01.3' retrieved from /opt/airflow/dags/dag_with_catchup_and_backfill.py
[2024-09-26T04:47:25.435+0000] {logging_mixin.py:190} INFO - [2024-09-26T04:47:25.435+0000] {dag.py:3229} INFO - Sync 1 DAGs
[2024-09-26T04:47:25.461+0000] {logging_mixin.py:190} INFO - [2024-09-26T04:47:25.461+0000] {dag.py:4156} INFO - Setting next_dagrun for dag_with_catchup_backfill_v01.3 to 2024-09-25 00:00:00+00:00, run_after=2024-09-26 00:00:00+00:00
[2024-09-26T04:47:25.485+0000] {processor.py:208} INFO - Processing /opt/airflow/dags/dag_with_catchup_and_backfill.py took 0.177 seconds
[2024-09-26T04:47:56.159+0000] {processor.py:186} INFO - Started process (PID=154396) to work on /opt/airflow/dags/dag_with_catchup_and_backfill.py
[2024-09-26T04:47:56.161+0000] {processor.py:914} INFO - Processing file /opt/airflow/dags/dag_with_catchup_and_backfill.py for tasks to queue
[2024-09-26T04:47:56.163+0000] {logging_mixin.py:190} INFO - [2024-09-26T04:47:56.163+0000] {dagbag.py:587} INFO - Filling up the DagBag from /opt/airflow/dags/dag_with_catchup_and_backfill.py
[2024-09-26T04:47:56.282+0000] {processor.py:925} INFO - DAG(s) 'dag_with_catchup_backfill_v01.3' retrieved from /opt/airflow/dags/dag_with_catchup_and_backfill.py
[2024-09-26T04:47:56.317+0000] {logging_mixin.py:190} INFO - [2024-09-26T04:47:56.317+0000] {dag.py:3229} INFO - Sync 1 DAGs
[2024-09-26T04:47:56.337+0000] {logging_mixin.py:190} INFO - [2024-09-26T04:47:56.337+0000] {dag.py:4156} INFO - Setting next_dagrun for dag_with_catchup_backfill_v01.3 to 2024-09-25 00:00:00+00:00, run_after=2024-09-26 00:00:00+00:00
[2024-09-26T04:47:56.361+0000] {processor.py:208} INFO - Processing /opt/airflow/dags/dag_with_catchup_and_backfill.py took 0.207 seconds
[2024-09-26T04:48:26.805+0000] {processor.py:186} INFO - Started process (PID=154439) to work on /opt/airflow/dags/dag_with_catchup_and_backfill.py
[2024-09-26T04:48:26.807+0000] {processor.py:914} INFO - Processing file /opt/airflow/dags/dag_with_catchup_and_backfill.py for tasks to queue
[2024-09-26T04:48:26.810+0000] {logging_mixin.py:190} INFO - [2024-09-26T04:48:26.809+0000] {dagbag.py:587} INFO - Filling up the DagBag from /opt/airflow/dags/dag_with_catchup_and_backfill.py
[2024-09-26T04:48:26.913+0000] {processor.py:925} INFO - DAG(s) 'dag_with_catchup_backfill_v01.3' retrieved from /opt/airflow/dags/dag_with_catchup_and_backfill.py
[2024-09-26T04:48:26.938+0000] {logging_mixin.py:190} INFO - [2024-09-26T04:48:26.938+0000] {dag.py:3229} INFO - Sync 1 DAGs
[2024-09-26T04:48:26.958+0000] {logging_mixin.py:190} INFO - [2024-09-26T04:48:26.958+0000] {dag.py:4156} INFO - Setting next_dagrun for dag_with_catchup_backfill_v01.3 to 2024-09-25 00:00:00+00:00, run_after=2024-09-26 00:00:00+00:00
[2024-09-26T04:48:26.984+0000] {processor.py:208} INFO - Processing /opt/airflow/dags/dag_with_catchup_and_backfill.py took 0.189 seconds
[2024-09-26T04:48:57.536+0000] {processor.py:186} INFO - Started process (PID=154482) to work on /opt/airflow/dags/dag_with_catchup_and_backfill.py
[2024-09-26T04:48:57.538+0000] {processor.py:914} INFO - Processing file /opt/airflow/dags/dag_with_catchup_and_backfill.py for tasks to queue
[2024-09-26T04:48:57.541+0000] {logging_mixin.py:190} INFO - [2024-09-26T04:48:57.540+0000] {dagbag.py:587} INFO - Filling up the DagBag from /opt/airflow/dags/dag_with_catchup_and_backfill.py
[2024-09-26T04:48:57.648+0000] {processor.py:925} INFO - DAG(s) 'dag_with_catchup_backfill_v01.3' retrieved from /opt/airflow/dags/dag_with_catchup_and_backfill.py
[2024-09-26T04:48:57.676+0000] {logging_mixin.py:190} INFO - [2024-09-26T04:48:57.675+0000] {dag.py:3229} INFO - Sync 1 DAGs
[2024-09-26T04:48:57.701+0000] {logging_mixin.py:190} INFO - [2024-09-26T04:48:57.701+0000] {dag.py:4156} INFO - Setting next_dagrun for dag_with_catchup_backfill_v01.3 to 2024-09-25 00:00:00+00:00, run_after=2024-09-26 00:00:00+00:00
[2024-09-26T04:48:57.728+0000] {processor.py:208} INFO - Processing /opt/airflow/dags/dag_with_catchup_and_backfill.py took 0.200 seconds
[2024-09-26T04:49:28.671+0000] {processor.py:186} INFO - Started process (PID=154525) to work on /opt/airflow/dags/dag_with_catchup_and_backfill.py
[2024-09-26T04:49:28.673+0000] {processor.py:914} INFO - Processing file /opt/airflow/dags/dag_with_catchup_and_backfill.py for tasks to queue
[2024-09-26T04:49:28.675+0000] {logging_mixin.py:190} INFO - [2024-09-26T04:49:28.674+0000] {dagbag.py:587} INFO - Filling up the DagBag from /opt/airflow/dags/dag_with_catchup_and_backfill.py
[2024-09-26T04:49:28.769+0000] {processor.py:925} INFO - DAG(s) 'dag_with_catchup_backfill_v01.3' retrieved from /opt/airflow/dags/dag_with_catchup_and_backfill.py
[2024-09-26T04:49:28.800+0000] {logging_mixin.py:190} INFO - [2024-09-26T04:49:28.799+0000] {dag.py:3229} INFO - Sync 1 DAGs
[2024-09-26T04:49:28.829+0000] {logging_mixin.py:190} INFO - [2024-09-26T04:49:28.829+0000] {dag.py:4156} INFO - Setting next_dagrun for dag_with_catchup_backfill_v01.3 to 2024-09-25 00:00:00+00:00, run_after=2024-09-26 00:00:00+00:00
[2024-09-26T04:49:28.861+0000] {processor.py:208} INFO - Processing /opt/airflow/dags/dag_with_catchup_and_backfill.py took 0.199 seconds
[2024-09-26T04:49:59.402+0000] {processor.py:186} INFO - Started process (PID=154568) to work on /opt/airflow/dags/dag_with_catchup_and_backfill.py
[2024-09-26T04:49:59.404+0000] {processor.py:914} INFO - Processing file /opt/airflow/dags/dag_with_catchup_and_backfill.py for tasks to queue
[2024-09-26T04:49:59.407+0000] {logging_mixin.py:190} INFO - [2024-09-26T04:49:59.406+0000] {dagbag.py:587} INFO - Filling up the DagBag from /opt/airflow/dags/dag_with_catchup_and_backfill.py
[2024-09-26T04:49:59.514+0000] {processor.py:925} INFO - DAG(s) 'dag_with_catchup_backfill_v01.3' retrieved from /opt/airflow/dags/dag_with_catchup_and_backfill.py
[2024-09-26T04:49:59.541+0000] {logging_mixin.py:190} INFO - [2024-09-26T04:49:59.541+0000] {dag.py:3229} INFO - Sync 1 DAGs
[2024-09-26T04:49:59.563+0000] {logging_mixin.py:190} INFO - [2024-09-26T04:49:59.563+0000] {dag.py:4156} INFO - Setting next_dagrun for dag_with_catchup_backfill_v01.3 to 2024-09-25 00:00:00+00:00, run_after=2024-09-26 00:00:00+00:00
[2024-09-26T04:49:59.588+0000] {processor.py:208} INFO - Processing /opt/airflow/dags/dag_with_catchup_and_backfill.py took 0.193 seconds
[2024-09-26T04:50:29.999+0000] {processor.py:186} INFO - Started process (PID=154611) to work on /opt/airflow/dags/dag_with_catchup_and_backfill.py
[2024-09-26T04:50:30.001+0000] {processor.py:914} INFO - Processing file /opt/airflow/dags/dag_with_catchup_and_backfill.py for tasks to queue
[2024-09-26T04:50:30.003+0000] {logging_mixin.py:190} INFO - [2024-09-26T04:50:30.003+0000] {dagbag.py:587} INFO - Filling up the DagBag from /opt/airflow/dags/dag_with_catchup_and_backfill.py
[2024-09-26T04:50:30.083+0000] {processor.py:925} INFO - DAG(s) 'dag_with_catchup_backfill_v01.3' retrieved from /opt/airflow/dags/dag_with_catchup_and_backfill.py
[2024-09-26T04:50:30.110+0000] {logging_mixin.py:190} INFO - [2024-09-26T04:50:30.109+0000] {dag.py:3229} INFO - Sync 1 DAGs
[2024-09-26T04:50:30.131+0000] {logging_mixin.py:190} INFO - [2024-09-26T04:50:30.131+0000] {dag.py:4156} INFO - Setting next_dagrun for dag_with_catchup_backfill_v01.3 to 2024-09-25 00:00:00+00:00, run_after=2024-09-26 00:00:00+00:00
[2024-09-26T04:50:30.157+0000] {processor.py:208} INFO - Processing /opt/airflow/dags/dag_with_catchup_and_backfill.py took 0.165 seconds
[2024-09-26T04:51:00.792+0000] {processor.py:186} INFO - Started process (PID=154654) to work on /opt/airflow/dags/dag_with_catchup_and_backfill.py
[2024-09-26T04:51:00.793+0000] {processor.py:914} INFO - Processing file /opt/airflow/dags/dag_with_catchup_and_backfill.py for tasks to queue
[2024-09-26T04:51:00.795+0000] {logging_mixin.py:190} INFO - [2024-09-26T04:51:00.794+0000] {dagbag.py:587} INFO - Filling up the DagBag from /opt/airflow/dags/dag_with_catchup_and_backfill.py
[2024-09-26T04:51:00.867+0000] {processor.py:925} INFO - DAG(s) 'dag_with_catchup_backfill_v01.3' retrieved from /opt/airflow/dags/dag_with_catchup_and_backfill.py
[2024-09-26T04:51:00.896+0000] {logging_mixin.py:190} INFO - [2024-09-26T04:51:00.896+0000] {dag.py:3229} INFO - Sync 1 DAGs
[2024-09-26T04:51:00.918+0000] {logging_mixin.py:190} INFO - [2024-09-26T04:51:00.918+0000] {dag.py:4156} INFO - Setting next_dagrun for dag_with_catchup_backfill_v01.3 to 2024-09-25 00:00:00+00:00, run_after=2024-09-26 00:00:00+00:00
[2024-09-26T04:51:00.941+0000] {processor.py:208} INFO - Processing /opt/airflow/dags/dag_with_catchup_and_backfill.py took 0.155 seconds
[2024-09-26T04:51:31.816+0000] {processor.py:186} INFO - Started process (PID=154697) to work on /opt/airflow/dags/dag_with_catchup_and_backfill.py
[2024-09-26T04:51:31.818+0000] {processor.py:914} INFO - Processing file /opt/airflow/dags/dag_with_catchup_and_backfill.py for tasks to queue
[2024-09-26T04:51:31.820+0000] {logging_mixin.py:190} INFO - [2024-09-26T04:51:31.820+0000] {dagbag.py:587} INFO - Filling up the DagBag from /opt/airflow/dags/dag_with_catchup_and_backfill.py
[2024-09-26T04:51:31.905+0000] {processor.py:925} INFO - DAG(s) 'dag_with_catchup_backfill_v01.3' retrieved from /opt/airflow/dags/dag_with_catchup_and_backfill.py
[2024-09-26T04:51:31.932+0000] {logging_mixin.py:190} INFO - [2024-09-26T04:51:31.932+0000] {dag.py:3229} INFO - Sync 1 DAGs
[2024-09-26T04:51:31.955+0000] {logging_mixin.py:190} INFO - [2024-09-26T04:51:31.955+0000] {dag.py:4156} INFO - Setting next_dagrun for dag_with_catchup_backfill_v01.3 to 2024-09-25 00:00:00+00:00, run_after=2024-09-26 00:00:00+00:00
[2024-09-26T04:51:31.980+0000] {processor.py:208} INFO - Processing /opt/airflow/dags/dag_with_catchup_and_backfill.py took 0.175 seconds
[2024-09-26T04:52:02.842+0000] {processor.py:186} INFO - Started process (PID=154740) to work on /opt/airflow/dags/dag_with_catchup_and_backfill.py
[2024-09-26T04:52:02.844+0000] {processor.py:914} INFO - Processing file /opt/airflow/dags/dag_with_catchup_and_backfill.py for tasks to queue
[2024-09-26T04:52:02.845+0000] {logging_mixin.py:190} INFO - [2024-09-26T04:52:02.845+0000] {dagbag.py:587} INFO - Filling up the DagBag from /opt/airflow/dags/dag_with_catchup_and_backfill.py
[2024-09-26T04:52:02.938+0000] {processor.py:925} INFO - DAG(s) 'dag_with_catchup_backfill_v01.3' retrieved from /opt/airflow/dags/dag_with_catchup_and_backfill.py
[2024-09-26T04:52:02.966+0000] {logging_mixin.py:190} INFO - [2024-09-26T04:52:02.966+0000] {dag.py:3229} INFO - Sync 1 DAGs
[2024-09-26T04:52:02.989+0000] {logging_mixin.py:190} INFO - [2024-09-26T04:52:02.989+0000] {dag.py:4156} INFO - Setting next_dagrun for dag_with_catchup_backfill_v01.3 to 2024-09-25 00:00:00+00:00, run_after=2024-09-26 00:00:00+00:00
[2024-09-26T04:52:03.010+0000] {processor.py:208} INFO - Processing /opt/airflow/dags/dag_with_catchup_and_backfill.py took 0.174 seconds
[2024-09-26T04:52:33.512+0000] {processor.py:186} INFO - Started process (PID=154783) to work on /opt/airflow/dags/dag_with_catchup_and_backfill.py
[2024-09-26T04:52:33.514+0000] {processor.py:914} INFO - Processing file /opt/airflow/dags/dag_with_catchup_and_backfill.py for tasks to queue
[2024-09-26T04:52:33.516+0000] {logging_mixin.py:190} INFO - [2024-09-26T04:52:33.515+0000] {dagbag.py:587} INFO - Filling up the DagBag from /opt/airflow/dags/dag_with_catchup_and_backfill.py
[2024-09-26T04:52:33.605+0000] {processor.py:925} INFO - DAG(s) 'dag_with_catchup_backfill_v01.3' retrieved from /opt/airflow/dags/dag_with_catchup_and_backfill.py
[2024-09-26T04:52:33.631+0000] {logging_mixin.py:190} INFO - [2024-09-26T04:52:33.631+0000] {dag.py:3229} INFO - Sync 1 DAGs
[2024-09-26T04:52:33.652+0000] {logging_mixin.py:190} INFO - [2024-09-26T04:52:33.652+0000] {dag.py:4156} INFO - Setting next_dagrun for dag_with_catchup_backfill_v01.3 to 2024-09-25 00:00:00+00:00, run_after=2024-09-26 00:00:00+00:00
[2024-09-26T04:52:33.676+0000] {processor.py:208} INFO - Processing /opt/airflow/dags/dag_with_catchup_and_backfill.py took 0.173 seconds
[2024-09-26T04:53:04.200+0000] {processor.py:186} INFO - Started process (PID=154827) to work on /opt/airflow/dags/dag_with_catchup_and_backfill.py
[2024-09-26T04:53:04.203+0000] {processor.py:914} INFO - Processing file /opt/airflow/dags/dag_with_catchup_and_backfill.py for tasks to queue
[2024-09-26T04:53:04.205+0000] {logging_mixin.py:190} INFO - [2024-09-26T04:53:04.205+0000] {dagbag.py:587} INFO - Filling up the DagBag from /opt/airflow/dags/dag_with_catchup_and_backfill.py
[2024-09-26T04:53:04.340+0000] {processor.py:925} INFO - DAG(s) 'dag_with_catchup_backfill_v01.3' retrieved from /opt/airflow/dags/dag_with_catchup_and_backfill.py
[2024-09-26T04:53:04.387+0000] {logging_mixin.py:190} INFO - [2024-09-26T04:53:04.387+0000] {dag.py:3229} INFO - Sync 1 DAGs
[2024-09-26T04:53:04.416+0000] {logging_mixin.py:190} INFO - [2024-09-26T04:53:04.415+0000] {dag.py:4156} INFO - Setting next_dagrun for dag_with_catchup_backfill_v01.3 to 2024-09-25 00:00:00+00:00, run_after=2024-09-26 00:00:00+00:00
[2024-09-26T04:53:04.450+0000] {processor.py:208} INFO - Processing /opt/airflow/dags/dag_with_catchup_and_backfill.py took 0.259 seconds
[2024-09-26T04:53:35.050+0000] {processor.py:186} INFO - Started process (PID=154871) to work on /opt/airflow/dags/dag_with_catchup_and_backfill.py
[2024-09-26T04:53:35.052+0000] {processor.py:914} INFO - Processing file /opt/airflow/dags/dag_with_catchup_and_backfill.py for tasks to queue
[2024-09-26T04:53:35.055+0000] {logging_mixin.py:190} INFO - [2024-09-26T04:53:35.054+0000] {dagbag.py:587} INFO - Filling up the DagBag from /opt/airflow/dags/dag_with_catchup_and_backfill.py
[2024-09-26T04:53:35.130+0000] {processor.py:925} INFO - DAG(s) 'dag_with_catchup_backfill_v01.3' retrieved from /opt/airflow/dags/dag_with_catchup_and_backfill.py
[2024-09-26T04:53:35.156+0000] {logging_mixin.py:190} INFO - [2024-09-26T04:53:35.155+0000] {dag.py:3229} INFO - Sync 1 DAGs
[2024-09-26T04:53:35.178+0000] {logging_mixin.py:190} INFO - [2024-09-26T04:53:35.178+0000] {dag.py:4156} INFO - Setting next_dagrun for dag_with_catchup_backfill_v01.3 to 2024-09-25 00:00:00+00:00, run_after=2024-09-26 00:00:00+00:00
[2024-09-26T04:53:35.208+0000] {processor.py:208} INFO - Processing /opt/airflow/dags/dag_with_catchup_and_backfill.py took 0.164 seconds
[2024-09-26T04:54:05.726+0000] {processor.py:186} INFO - Started process (PID=154914) to work on /opt/airflow/dags/dag_with_catchup_and_backfill.py
[2024-09-26T04:54:05.728+0000] {processor.py:914} INFO - Processing file /opt/airflow/dags/dag_with_catchup_and_backfill.py for tasks to queue
[2024-09-26T04:54:05.730+0000] {logging_mixin.py:190} INFO - [2024-09-26T04:54:05.730+0000] {dagbag.py:587} INFO - Filling up the DagBag from /opt/airflow/dags/dag_with_catchup_and_backfill.py
[2024-09-26T04:54:05.805+0000] {processor.py:925} INFO - DAG(s) 'dag_with_catchup_backfill_v01.3' retrieved from /opt/airflow/dags/dag_with_catchup_and_backfill.py
[2024-09-26T04:54:05.827+0000] {logging_mixin.py:190} INFO - [2024-09-26T04:54:05.827+0000] {dag.py:3229} INFO - Sync 1 DAGs
[2024-09-26T04:54:05.848+0000] {logging_mixin.py:190} INFO - [2024-09-26T04:54:05.848+0000] {dag.py:4156} INFO - Setting next_dagrun for dag_with_catchup_backfill_v01.3 to 2024-09-25 00:00:00+00:00, run_after=2024-09-26 00:00:00+00:00
[2024-09-26T04:54:05.874+0000] {processor.py:208} INFO - Processing /opt/airflow/dags/dag_with_catchup_and_backfill.py took 0.153 seconds
[2024-09-26T04:54:36.361+0000] {processor.py:186} INFO - Started process (PID=154955) to work on /opt/airflow/dags/dag_with_catchup_and_backfill.py
[2024-09-26T04:54:36.363+0000] {processor.py:914} INFO - Processing file /opt/airflow/dags/dag_with_catchup_and_backfill.py for tasks to queue
[2024-09-26T04:54:36.364+0000] {logging_mixin.py:190} INFO - [2024-09-26T04:54:36.364+0000] {dagbag.py:587} INFO - Filling up the DagBag from /opt/airflow/dags/dag_with_catchup_and_backfill.py
[2024-09-26T04:54:36.425+0000] {processor.py:925} INFO - DAG(s) 'dag_with_catchup_backfill_v01.3' retrieved from /opt/airflow/dags/dag_with_catchup_and_backfill.py
[2024-09-26T04:54:36.461+0000] {logging_mixin.py:190} INFO - [2024-09-26T04:54:36.460+0000] {dag.py:3229} INFO - Sync 1 DAGs
[2024-09-26T04:54:36.502+0000] {logging_mixin.py:190} INFO - [2024-09-26T04:54:36.502+0000] {dag.py:4156} INFO - Setting next_dagrun for dag_with_catchup_backfill_v01.3 to 2024-09-25 00:00:00+00:00, run_after=2024-09-26 00:00:00+00:00
[2024-09-26T04:54:36.533+0000] {processor.py:208} INFO - Processing /opt/airflow/dags/dag_with_catchup_and_backfill.py took 0.180 seconds
[2024-09-26T04:55:08.004+0000] {processor.py:186} INFO - Started process (PID=154998) to work on /opt/airflow/dags/dag_with_catchup_and_backfill.py
[2024-09-26T04:55:08.007+0000] {processor.py:914} INFO - Processing file /opt/airflow/dags/dag_with_catchup_and_backfill.py for tasks to queue
[2024-09-26T04:55:08.009+0000] {logging_mixin.py:190} INFO - [2024-09-26T04:55:08.009+0000] {dagbag.py:587} INFO - Filling up the DagBag from /opt/airflow/dags/dag_with_catchup_and_backfill.py
[2024-09-26T04:55:08.105+0000] {processor.py:925} INFO - DAG(s) 'dag_with_catchup_backfill_v01.3' retrieved from /opt/airflow/dags/dag_with_catchup_and_backfill.py
[2024-09-26T04:55:08.134+0000] {logging_mixin.py:190} INFO - [2024-09-26T04:55:08.134+0000] {dag.py:3229} INFO - Sync 1 DAGs
[2024-09-26T04:55:08.156+0000] {logging_mixin.py:190} INFO - [2024-09-26T04:55:08.156+0000] {dag.py:4156} INFO - Setting next_dagrun for dag_with_catchup_backfill_v01.3 to 2024-09-25 00:00:00+00:00, run_after=2024-09-26 00:00:00+00:00
[2024-09-26T04:55:08.179+0000] {processor.py:208} INFO - Processing /opt/airflow/dags/dag_with_catchup_and_backfill.py took 0.187 seconds
[2024-09-26T04:55:38.580+0000] {processor.py:186} INFO - Started process (PID=155043) to work on /opt/airflow/dags/dag_with_catchup_and_backfill.py
[2024-09-26T04:55:38.581+0000] {processor.py:914} INFO - Processing file /opt/airflow/dags/dag_with_catchup_and_backfill.py for tasks to queue
[2024-09-26T04:55:38.583+0000] {logging_mixin.py:190} INFO - [2024-09-26T04:55:38.583+0000] {dagbag.py:587} INFO - Filling up the DagBag from /opt/airflow/dags/dag_with_catchup_and_backfill.py
[2024-09-26T04:55:38.642+0000] {processor.py:925} INFO - DAG(s) 'dag_with_catchup_backfill_v01.3' retrieved from /opt/airflow/dags/dag_with_catchup_and_backfill.py
[2024-09-26T04:55:38.666+0000] {logging_mixin.py:190} INFO - [2024-09-26T04:55:38.666+0000] {dag.py:3229} INFO - Sync 1 DAGs
[2024-09-26T04:55:38.690+0000] {logging_mixin.py:190} INFO - [2024-09-26T04:55:38.690+0000] {dag.py:4156} INFO - Setting next_dagrun for dag_with_catchup_backfill_v01.3 to 2024-09-25 00:00:00+00:00, run_after=2024-09-26 00:00:00+00:00
[2024-09-26T04:55:38.722+0000] {processor.py:208} INFO - Processing /opt/airflow/dags/dag_with_catchup_and_backfill.py took 0.148 seconds
[2024-09-26T04:56:09.898+0000] {processor.py:186} INFO - Started process (PID=155086) to work on /opt/airflow/dags/dag_with_catchup_and_backfill.py
[2024-09-26T04:56:09.901+0000] {processor.py:914} INFO - Processing file /opt/airflow/dags/dag_with_catchup_and_backfill.py for tasks to queue
[2024-09-26T04:56:09.905+0000] {logging_mixin.py:190} INFO - [2024-09-26T04:56:09.904+0000] {dagbag.py:587} INFO - Filling up the DagBag from /opt/airflow/dags/dag_with_catchup_and_backfill.py
[2024-09-26T04:56:10.007+0000] {processor.py:925} INFO - DAG(s) 'dag_with_catchup_backfill_v01.3' retrieved from /opt/airflow/dags/dag_with_catchup_and_backfill.py
[2024-09-26T04:56:10.033+0000] {logging_mixin.py:190} INFO - [2024-09-26T04:56:10.032+0000] {dag.py:3229} INFO - Sync 1 DAGs
[2024-09-26T04:56:10.059+0000] {logging_mixin.py:190} INFO - [2024-09-26T04:56:10.059+0000] {dag.py:4156} INFO - Setting next_dagrun for dag_with_catchup_backfill_v01.3 to 2024-09-25 00:00:00+00:00, run_after=2024-09-26 00:00:00+00:00
[2024-09-26T04:56:10.098+0000] {processor.py:208} INFO - Processing /opt/airflow/dags/dag_with_catchup_and_backfill.py took 0.216 seconds
[2024-09-26T04:56:40.587+0000] {processor.py:186} INFO - Started process (PID=155127) to work on /opt/airflow/dags/dag_with_catchup_and_backfill.py
[2024-09-26T04:56:40.589+0000] {processor.py:914} INFO - Processing file /opt/airflow/dags/dag_with_catchup_and_backfill.py for tasks to queue
[2024-09-26T04:56:40.591+0000] {logging_mixin.py:190} INFO - [2024-09-26T04:56:40.591+0000] {dagbag.py:587} INFO - Filling up the DagBag from /opt/airflow/dags/dag_with_catchup_and_backfill.py
[2024-09-26T04:56:40.686+0000] {processor.py:925} INFO - DAG(s) 'dag_with_catchup_backfill_v01.3' retrieved from /opt/airflow/dags/dag_with_catchup_and_backfill.py
[2024-09-26T04:56:40.712+0000] {logging_mixin.py:190} INFO - [2024-09-26T04:56:40.712+0000] {dag.py:3229} INFO - Sync 1 DAGs
[2024-09-26T04:56:40.734+0000] {logging_mixin.py:190} INFO - [2024-09-26T04:56:40.734+0000] {dag.py:4156} INFO - Setting next_dagrun for dag_with_catchup_backfill_v01.3 to 2024-09-25 00:00:00+00:00, run_after=2024-09-26 00:00:00+00:00
[2024-09-26T04:56:40.761+0000] {processor.py:208} INFO - Processing /opt/airflow/dags/dag_with_catchup_and_backfill.py took 0.180 seconds
[2024-09-26T04:57:11.136+0000] {processor.py:186} INFO - Started process (PID=155170) to work on /opt/airflow/dags/dag_with_catchup_and_backfill.py
[2024-09-26T04:57:11.138+0000] {processor.py:914} INFO - Processing file /opt/airflow/dags/dag_with_catchup_and_backfill.py for tasks to queue
[2024-09-26T04:57:11.142+0000] {logging_mixin.py:190} INFO - [2024-09-26T04:57:11.140+0000] {dagbag.py:587} INFO - Filling up the DagBag from /opt/airflow/dags/dag_with_catchup_and_backfill.py
[2024-09-26T04:57:11.222+0000] {processor.py:925} INFO - DAG(s) 'dag_with_catchup_backfill_v01.3' retrieved from /opt/airflow/dags/dag_with_catchup_and_backfill.py
[2024-09-26T04:57:11.249+0000] {logging_mixin.py:190} INFO - [2024-09-26T04:57:11.249+0000] {dag.py:3229} INFO - Sync 1 DAGs
[2024-09-26T04:57:11.279+0000] {logging_mixin.py:190} INFO - [2024-09-26T04:57:11.279+0000] {dag.py:4156} INFO - Setting next_dagrun for dag_with_catchup_backfill_v01.3 to 2024-09-25 00:00:00+00:00, run_after=2024-09-26 00:00:00+00:00
[2024-09-26T04:57:11.307+0000] {processor.py:208} INFO - Processing /opt/airflow/dags/dag_with_catchup_and_backfill.py took 0.180 seconds
[2024-09-26T04:57:41.869+0000] {processor.py:186} INFO - Started process (PID=155213) to work on /opt/airflow/dags/dag_with_catchup_and_backfill.py
[2024-09-26T04:57:41.871+0000] {processor.py:914} INFO - Processing file /opt/airflow/dags/dag_with_catchup_and_backfill.py for tasks to queue
[2024-09-26T04:57:41.875+0000] {logging_mixin.py:190} INFO - [2024-09-26T04:57:41.874+0000] {dagbag.py:587} INFO - Filling up the DagBag from /opt/airflow/dags/dag_with_catchup_and_backfill.py
[2024-09-26T04:57:41.957+0000] {processor.py:925} INFO - DAG(s) 'dag_with_catchup_backfill_v01.3' retrieved from /opt/airflow/dags/dag_with_catchup_and_backfill.py
[2024-09-26T04:57:41.985+0000] {logging_mixin.py:190} INFO - [2024-09-26T04:57:41.985+0000] {dag.py:3229} INFO - Sync 1 DAGs
[2024-09-26T04:57:42.012+0000] {logging_mixin.py:190} INFO - [2024-09-26T04:57:42.011+0000] {dag.py:4156} INFO - Setting next_dagrun for dag_with_catchup_backfill_v01.3 to 2024-09-25 00:00:00+00:00, run_after=2024-09-26 00:00:00+00:00
[2024-09-26T04:57:42.038+0000] {processor.py:208} INFO - Processing /opt/airflow/dags/dag_with_catchup_and_backfill.py took 0.175 seconds
[2024-09-26T04:58:12.751+0000] {processor.py:186} INFO - Started process (PID=155256) to work on /opt/airflow/dags/dag_with_catchup_and_backfill.py
[2024-09-26T04:58:12.753+0000] {processor.py:914} INFO - Processing file /opt/airflow/dags/dag_with_catchup_and_backfill.py for tasks to queue
[2024-09-26T04:58:12.755+0000] {logging_mixin.py:190} INFO - [2024-09-26T04:58:12.755+0000] {dagbag.py:587} INFO - Filling up the DagBag from /opt/airflow/dags/dag_with_catchup_and_backfill.py
[2024-09-26T04:58:12.851+0000] {processor.py:925} INFO - DAG(s) 'dag_with_catchup_backfill_v01.3' retrieved from /opt/airflow/dags/dag_with_catchup_and_backfill.py
[2024-09-26T04:58:12.876+0000] {logging_mixin.py:190} INFO - [2024-09-26T04:58:12.876+0000] {dag.py:3229} INFO - Sync 1 DAGs
[2024-09-26T04:58:12.897+0000] {logging_mixin.py:190} INFO - [2024-09-26T04:58:12.897+0000] {dag.py:4156} INFO - Setting next_dagrun for dag_with_catchup_backfill_v01.3 to 2024-09-25 00:00:00+00:00, run_after=2024-09-26 00:00:00+00:00
[2024-09-26T04:58:12.920+0000] {processor.py:208} INFO - Processing /opt/airflow/dags/dag_with_catchup_and_backfill.py took 0.174 seconds
[2024-09-26T04:58:43.687+0000] {processor.py:186} INFO - Started process (PID=155299) to work on /opt/airflow/dags/dag_with_catchup_and_backfill.py
[2024-09-26T04:58:43.690+0000] {processor.py:914} INFO - Processing file /opt/airflow/dags/dag_with_catchup_and_backfill.py for tasks to queue
[2024-09-26T04:58:43.693+0000] {logging_mixin.py:190} INFO - [2024-09-26T04:58:43.692+0000] {dagbag.py:587} INFO - Filling up the DagBag from /opt/airflow/dags/dag_with_catchup_and_backfill.py
[2024-09-26T04:58:43.807+0000] {processor.py:925} INFO - DAG(s) 'dag_with_catchup_backfill_v01.3' retrieved from /opt/airflow/dags/dag_with_catchup_and_backfill.py
[2024-09-26T04:58:43.843+0000] {logging_mixin.py:190} INFO - [2024-09-26T04:58:43.842+0000] {dag.py:3229} INFO - Sync 1 DAGs
[2024-09-26T04:58:43.876+0000] {logging_mixin.py:190} INFO - [2024-09-26T04:58:43.876+0000] {dag.py:4156} INFO - Setting next_dagrun for dag_with_catchup_backfill_v01.3 to 2024-09-25 00:00:00+00:00, run_after=2024-09-26 00:00:00+00:00
[2024-09-26T04:58:43.906+0000] {processor.py:208} INFO - Processing /opt/airflow/dags/dag_with_catchup_and_backfill.py took 0.225 seconds
[2024-09-26T04:59:14.507+0000] {processor.py:186} INFO - Started process (PID=155342) to work on /opt/airflow/dags/dag_with_catchup_and_backfill.py
[2024-09-26T04:59:14.511+0000] {processor.py:914} INFO - Processing file /opt/airflow/dags/dag_with_catchup_and_backfill.py for tasks to queue
[2024-09-26T04:59:14.515+0000] {logging_mixin.py:190} INFO - [2024-09-26T04:59:14.514+0000] {dagbag.py:587} INFO - Filling up the DagBag from /opt/airflow/dags/dag_with_catchup_and_backfill.py
[2024-09-26T04:59:14.654+0000] {processor.py:925} INFO - DAG(s) 'dag_with_catchup_backfill_v01.3' retrieved from /opt/airflow/dags/dag_with_catchup_and_backfill.py
[2024-09-26T04:59:14.684+0000] {logging_mixin.py:190} INFO - [2024-09-26T04:59:14.684+0000] {dag.py:3229} INFO - Sync 1 DAGs
[2024-09-26T04:59:14.712+0000] {logging_mixin.py:190} INFO - [2024-09-26T04:59:14.712+0000] {dag.py:4156} INFO - Setting next_dagrun for dag_with_catchup_backfill_v01.3 to 2024-09-25 00:00:00+00:00, run_after=2024-09-26 00:00:00+00:00
[2024-09-26T04:59:14.741+0000] {processor.py:208} INFO - Processing /opt/airflow/dags/dag_with_catchup_and_backfill.py took 0.249 seconds
[2024-09-26T04:59:45.027+0000] {processor.py:186} INFO - Started process (PID=155385) to work on /opt/airflow/dags/dag_with_catchup_and_backfill.py
[2024-09-26T04:59:45.029+0000] {processor.py:914} INFO - Processing file /opt/airflow/dags/dag_with_catchup_and_backfill.py for tasks to queue
[2024-09-26T04:59:45.031+0000] {logging_mixin.py:190} INFO - [2024-09-26T04:59:45.030+0000] {dagbag.py:587} INFO - Filling up the DagBag from /opt/airflow/dags/dag_with_catchup_and_backfill.py
[2024-09-26T04:59:45.095+0000] {processor.py:925} INFO - DAG(s) 'dag_with_catchup_backfill_v01.3' retrieved from /opt/airflow/dags/dag_with_catchup_and_backfill.py
[2024-09-26T04:59:45.127+0000] {logging_mixin.py:190} INFO - [2024-09-26T04:59:45.127+0000] {dag.py:3229} INFO - Sync 1 DAGs
[2024-09-26T04:59:45.151+0000] {logging_mixin.py:190} INFO - [2024-09-26T04:59:45.151+0000] {dag.py:4156} INFO - Setting next_dagrun for dag_with_catchup_backfill_v01.3 to 2024-09-25 00:00:00+00:00, run_after=2024-09-26 00:00:00+00:00
[2024-09-26T04:59:45.174+0000] {processor.py:208} INFO - Processing /opt/airflow/dags/dag_with_catchup_and_backfill.py took 0.153 seconds
[2024-09-26T05:00:15.598+0000] {processor.py:186} INFO - Started process (PID=155428) to work on /opt/airflow/dags/dag_with_catchup_and_backfill.py
[2024-09-26T05:00:15.600+0000] {processor.py:914} INFO - Processing file /opt/airflow/dags/dag_with_catchup_and_backfill.py for tasks to queue
[2024-09-26T05:00:15.605+0000] {logging_mixin.py:190} INFO - [2024-09-26T05:00:15.604+0000] {dagbag.py:587} INFO - Filling up the DagBag from /opt/airflow/dags/dag_with_catchup_and_backfill.py
[2024-09-26T05:00:15.704+0000] {processor.py:925} INFO - DAG(s) 'dag_with_catchup_backfill_v01.3' retrieved from /opt/airflow/dags/dag_with_catchup_and_backfill.py
[2024-09-26T05:00:15.735+0000] {logging_mixin.py:190} INFO - [2024-09-26T05:00:15.735+0000] {dag.py:3229} INFO - Sync 1 DAGs
[2024-09-26T05:00:15.758+0000] {logging_mixin.py:190} INFO - [2024-09-26T05:00:15.758+0000] {dag.py:4156} INFO - Setting next_dagrun for dag_with_catchup_backfill_v01.3 to 2024-09-25 00:00:00+00:00, run_after=2024-09-26 00:00:00+00:00
[2024-09-26T05:00:15.782+0000] {processor.py:208} INFO - Processing /opt/airflow/dags/dag_with_catchup_and_backfill.py took 0.192 seconds
[2024-09-26T05:00:46.971+0000] {processor.py:186} INFO - Started process (PID=155473) to work on /opt/airflow/dags/dag_with_catchup_and_backfill.py
[2024-09-26T05:00:46.974+0000] {processor.py:914} INFO - Processing file /opt/airflow/dags/dag_with_catchup_and_backfill.py for tasks to queue
[2024-09-26T05:00:46.984+0000] {logging_mixin.py:190} INFO - [2024-09-26T05:00:46.982+0000] {dagbag.py:587} INFO - Filling up the DagBag from /opt/airflow/dags/dag_with_catchup_and_backfill.py
[2024-09-26T05:00:47.119+0000] {processor.py:925} INFO - DAG(s) 'dag_with_catchup_backfill_v01.3' retrieved from /opt/airflow/dags/dag_with_catchup_and_backfill.py
[2024-09-26T05:00:47.183+0000] {logging_mixin.py:190} INFO - [2024-09-26T05:00:47.182+0000] {dag.py:3229} INFO - Sync 1 DAGs
[2024-09-26T05:00:47.229+0000] {logging_mixin.py:190} INFO - [2024-09-26T05:00:47.229+0000] {dag.py:4156} INFO - Setting next_dagrun for dag_with_catchup_backfill_v01.3 to 2024-09-25 00:00:00+00:00, run_after=2024-09-26 00:00:00+00:00
[2024-09-26T05:00:47.256+0000] {processor.py:208} INFO - Processing /opt/airflow/dags/dag_with_catchup_and_backfill.py took 0.309 seconds
[2024-09-26T05:01:17.892+0000] {processor.py:186} INFO - Started process (PID=155516) to work on /opt/airflow/dags/dag_with_catchup_and_backfill.py
[2024-09-26T05:01:17.894+0000] {processor.py:914} INFO - Processing file /opt/airflow/dags/dag_with_catchup_and_backfill.py for tasks to queue
[2024-09-26T05:01:17.895+0000] {logging_mixin.py:190} INFO - [2024-09-26T05:01:17.895+0000] {dagbag.py:587} INFO - Filling up the DagBag from /opt/airflow/dags/dag_with_catchup_and_backfill.py
[2024-09-26T05:01:18.005+0000] {processor.py:925} INFO - DAG(s) 'dag_with_catchup_backfill_v01.3' retrieved from /opt/airflow/dags/dag_with_catchup_and_backfill.py
[2024-09-26T05:01:18.039+0000] {logging_mixin.py:190} INFO - [2024-09-26T05:01:18.039+0000] {dag.py:3229} INFO - Sync 1 DAGs
[2024-09-26T05:01:18.068+0000] {logging_mixin.py:190} INFO - [2024-09-26T05:01:18.068+0000] {dag.py:4156} INFO - Setting next_dagrun for dag_with_catchup_backfill_v01.3 to 2024-09-25 00:00:00+00:00, run_after=2024-09-26 00:00:00+00:00
[2024-09-26T05:01:18.106+0000] {processor.py:208} INFO - Processing /opt/airflow/dags/dag_with_catchup_and_backfill.py took 0.221 seconds
[2024-09-26T05:01:48.484+0000] {processor.py:186} INFO - Started process (PID=155559) to work on /opt/airflow/dags/dag_with_catchup_and_backfill.py
[2024-09-26T05:01:48.486+0000] {processor.py:914} INFO - Processing file /opt/airflow/dags/dag_with_catchup_and_backfill.py for tasks to queue
[2024-09-26T05:01:48.490+0000] {logging_mixin.py:190} INFO - [2024-09-26T05:01:48.490+0000] {dagbag.py:587} INFO - Filling up the DagBag from /opt/airflow/dags/dag_with_catchup_and_backfill.py
[2024-09-26T05:01:48.566+0000] {processor.py:925} INFO - DAG(s) 'dag_with_catchup_backfill_v01.3' retrieved from /opt/airflow/dags/dag_with_catchup_and_backfill.py
[2024-09-26T05:01:48.594+0000] {logging_mixin.py:190} INFO - [2024-09-26T05:01:48.594+0000] {dag.py:3229} INFO - Sync 1 DAGs
[2024-09-26T05:01:48.625+0000] {logging_mixin.py:190} INFO - [2024-09-26T05:01:48.624+0000] {dag.py:4156} INFO - Setting next_dagrun for dag_with_catchup_backfill_v01.3 to 2024-09-25 00:00:00+00:00, run_after=2024-09-26 00:00:00+00:00
[2024-09-26T05:01:48.653+0000] {processor.py:208} INFO - Processing /opt/airflow/dags/dag_with_catchup_and_backfill.py took 0.190 seconds
[2024-09-26T05:02:19.269+0000] {processor.py:186} INFO - Started process (PID=155602) to work on /opt/airflow/dags/dag_with_catchup_and_backfill.py
[2024-09-26T05:02:19.271+0000] {processor.py:914} INFO - Processing file /opt/airflow/dags/dag_with_catchup_and_backfill.py for tasks to queue
[2024-09-26T05:02:19.274+0000] {logging_mixin.py:190} INFO - [2024-09-26T05:02:19.274+0000] {dagbag.py:587} INFO - Filling up the DagBag from /opt/airflow/dags/dag_with_catchup_and_backfill.py
[2024-09-26T05:02:19.369+0000] {processor.py:925} INFO - DAG(s) 'dag_with_catchup_backfill_v01.3' retrieved from /opt/airflow/dags/dag_with_catchup_and_backfill.py
[2024-09-26T05:02:19.398+0000] {logging_mixin.py:190} INFO - [2024-09-26T05:02:19.397+0000] {dag.py:3229} INFO - Sync 1 DAGs
[2024-09-26T05:02:19.419+0000] {logging_mixin.py:190} INFO - [2024-09-26T05:02:19.419+0000] {dag.py:4156} INFO - Setting next_dagrun for dag_with_catchup_backfill_v01.3 to 2024-09-25 00:00:00+00:00, run_after=2024-09-26 00:00:00+00:00
[2024-09-26T05:02:19.443+0000] {processor.py:208} INFO - Processing /opt/airflow/dags/dag_with_catchup_and_backfill.py took 0.179 seconds
[2024-09-26T05:02:49.677+0000] {processor.py:186} INFO - Started process (PID=155643) to work on /opt/airflow/dags/dag_with_catchup_and_backfill.py
[2024-09-26T05:02:49.678+0000] {processor.py:914} INFO - Processing file /opt/airflow/dags/dag_with_catchup_and_backfill.py for tasks to queue
[2024-09-26T05:02:49.680+0000] {logging_mixin.py:190} INFO - [2024-09-26T05:02:49.679+0000] {dagbag.py:587} INFO - Filling up the DagBag from /opt/airflow/dags/dag_with_catchup_and_backfill.py
[2024-09-26T05:02:49.743+0000] {processor.py:925} INFO - DAG(s) 'dag_with_catchup_backfill_v01.3' retrieved from /opt/airflow/dags/dag_with_catchup_and_backfill.py
[2024-09-26T05:02:49.772+0000] {logging_mixin.py:190} INFO - [2024-09-26T05:02:49.771+0000] {dag.py:3229} INFO - Sync 1 DAGs
[2024-09-26T05:02:49.794+0000] {logging_mixin.py:190} INFO - [2024-09-26T05:02:49.793+0000] {dag.py:4156} INFO - Setting next_dagrun for dag_with_catchup_backfill_v01.3 to 2024-09-25 00:00:00+00:00, run_after=2024-09-26 00:00:00+00:00
[2024-09-26T05:02:49.816+0000] {processor.py:208} INFO - Processing /opt/airflow/dags/dag_with_catchup_and_backfill.py took 0.145 seconds
[2024-09-26T05:03:20.355+0000] {processor.py:186} INFO - Started process (PID=155688) to work on /opt/airflow/dags/dag_with_catchup_and_backfill.py
[2024-09-26T05:03:20.357+0000] {processor.py:914} INFO - Processing file /opt/airflow/dags/dag_with_catchup_and_backfill.py for tasks to queue
[2024-09-26T05:03:20.359+0000] {logging_mixin.py:190} INFO - [2024-09-26T05:03:20.358+0000] {dagbag.py:587} INFO - Filling up the DagBag from /opt/airflow/dags/dag_with_catchup_and_backfill.py
[2024-09-26T05:03:20.469+0000] {processor.py:925} INFO - DAG(s) 'dag_with_catchup_backfill_v01.3' retrieved from /opt/airflow/dags/dag_with_catchup_and_backfill.py
[2024-09-26T05:03:20.492+0000] {logging_mixin.py:190} INFO - [2024-09-26T05:03:20.491+0000] {dag.py:3229} INFO - Sync 1 DAGs
[2024-09-26T05:03:20.514+0000] {logging_mixin.py:190} INFO - [2024-09-26T05:03:20.514+0000] {dag.py:4156} INFO - Setting next_dagrun for dag_with_catchup_backfill_v01.3 to 2024-09-25 00:00:00+00:00, run_after=2024-09-26 00:00:00+00:00
[2024-09-26T05:03:20.540+0000] {processor.py:208} INFO - Processing /opt/airflow/dags/dag_with_catchup_and_backfill.py took 0.193 seconds
[2024-09-26T05:03:50.692+0000] {processor.py:186} INFO - Started process (PID=155729) to work on /opt/airflow/dags/dag_with_catchup_and_backfill.py
[2024-09-26T05:03:50.693+0000] {processor.py:914} INFO - Processing file /opt/airflow/dags/dag_with_catchup_and_backfill.py for tasks to queue
[2024-09-26T05:03:50.696+0000] {logging_mixin.py:190} INFO - [2024-09-26T05:03:50.695+0000] {dagbag.py:587} INFO - Filling up the DagBag from /opt/airflow/dags/dag_with_catchup_and_backfill.py
[2024-09-26T05:03:50.756+0000] {processor.py:925} INFO - DAG(s) 'dag_with_catchup_backfill_v01.3' retrieved from /opt/airflow/dags/dag_with_catchup_and_backfill.py
[2024-09-26T05:03:50.784+0000] {logging_mixin.py:190} INFO - [2024-09-26T05:03:50.784+0000] {dag.py:3229} INFO - Sync 1 DAGs
[2024-09-26T05:03:50.815+0000] {logging_mixin.py:190} INFO - [2024-09-26T05:03:50.815+0000] {dag.py:4156} INFO - Setting next_dagrun for dag_with_catchup_backfill_v01.3 to 2024-09-25 00:00:00+00:00, run_after=2024-09-26 00:00:00+00:00
[2024-09-26T05:03:50.844+0000] {processor.py:208} INFO - Processing /opt/airflow/dags/dag_with_catchup_and_backfill.py took 0.159 seconds
[2024-09-26T05:04:21.596+0000] {processor.py:186} INFO - Started process (PID=155774) to work on /opt/airflow/dags/dag_with_catchup_and_backfill.py
[2024-09-26T05:04:21.598+0000] {processor.py:914} INFO - Processing file /opt/airflow/dags/dag_with_catchup_and_backfill.py for tasks to queue
[2024-09-26T05:04:21.601+0000] {logging_mixin.py:190} INFO - [2024-09-26T05:04:21.600+0000] {dagbag.py:587} INFO - Filling up the DagBag from /opt/airflow/dags/dag_with_catchup_and_backfill.py
[2024-09-26T05:04:21.695+0000] {processor.py:925} INFO - DAG(s) 'dag_with_catchup_backfill_v01.3' retrieved from /opt/airflow/dags/dag_with_catchup_and_backfill.py
[2024-09-26T05:04:21.724+0000] {logging_mixin.py:190} INFO - [2024-09-26T05:04:21.724+0000] {dag.py:3229} INFO - Sync 1 DAGs
[2024-09-26T05:04:21.752+0000] {logging_mixin.py:190} INFO - [2024-09-26T05:04:21.752+0000] {dag.py:4156} INFO - Setting next_dagrun for dag_with_catchup_backfill_v01.3 to 2024-09-25 00:00:00+00:00, run_after=2024-09-26 00:00:00+00:00
[2024-09-26T05:04:21.776+0000] {processor.py:208} INFO - Processing /opt/airflow/dags/dag_with_catchup_and_backfill.py took 0.185 seconds
[2024-09-26T05:04:52.328+0000] {processor.py:186} INFO - Started process (PID=155817) to work on /opt/airflow/dags/dag_with_catchup_and_backfill.py
[2024-09-26T05:04:52.331+0000] {processor.py:914} INFO - Processing file /opt/airflow/dags/dag_with_catchup_and_backfill.py for tasks to queue
[2024-09-26T05:04:52.334+0000] {logging_mixin.py:190} INFO - [2024-09-26T05:04:52.333+0000] {dagbag.py:587} INFO - Filling up the DagBag from /opt/airflow/dags/dag_with_catchup_and_backfill.py
[2024-09-26T05:04:52.420+0000] {processor.py:925} INFO - DAG(s) 'dag_with_catchup_backfill_v01.3' retrieved from /opt/airflow/dags/dag_with_catchup_and_backfill.py
[2024-09-26T05:04:52.448+0000] {logging_mixin.py:190} INFO - [2024-09-26T05:04:52.448+0000] {dag.py:3229} INFO - Sync 1 DAGs
[2024-09-26T05:04:52.472+0000] {logging_mixin.py:190} INFO - [2024-09-26T05:04:52.471+0000] {dag.py:4156} INFO - Setting next_dagrun for dag_with_catchup_backfill_v01.3 to 2024-09-25 00:00:00+00:00, run_after=2024-09-26 00:00:00+00:00
[2024-09-26T05:04:52.496+0000] {processor.py:208} INFO - Processing /opt/airflow/dags/dag_with_catchup_and_backfill.py took 0.178 seconds
[2024-09-26T05:05:23.074+0000] {processor.py:186} INFO - Started process (PID=155860) to work on /opt/airflow/dags/dag_with_catchup_and_backfill.py
[2024-09-26T05:05:23.076+0000] {processor.py:914} INFO - Processing file /opt/airflow/dags/dag_with_catchup_and_backfill.py for tasks to queue
[2024-09-26T05:05:23.079+0000] {logging_mixin.py:190} INFO - [2024-09-26T05:05:23.079+0000] {dagbag.py:587} INFO - Filling up the DagBag from /opt/airflow/dags/dag_with_catchup_and_backfill.py
[2024-09-26T05:05:23.194+0000] {processor.py:925} INFO - DAG(s) 'dag_with_catchup_backfill_v01.3' retrieved from /opt/airflow/dags/dag_with_catchup_and_backfill.py
[2024-09-26T05:05:23.220+0000] {logging_mixin.py:190} INFO - [2024-09-26T05:05:23.219+0000] {dag.py:3229} INFO - Sync 1 DAGs
[2024-09-26T05:05:23.241+0000] {logging_mixin.py:190} INFO - [2024-09-26T05:05:23.240+0000] {dag.py:4156} INFO - Setting next_dagrun for dag_with_catchup_backfill_v01.3 to 2024-09-25 00:00:00+00:00, run_after=2024-09-26 00:00:00+00:00
[2024-09-26T05:05:23.278+0000] {processor.py:208} INFO - Processing /opt/airflow/dags/dag_with_catchup_and_backfill.py took 0.221 seconds
[2024-09-26T05:05:54.026+0000] {processor.py:186} INFO - Started process (PID=155903) to work on /opt/airflow/dags/dag_with_catchup_and_backfill.py
[2024-09-26T05:05:54.027+0000] {processor.py:914} INFO - Processing file /opt/airflow/dags/dag_with_catchup_and_backfill.py for tasks to queue
[2024-09-26T05:05:54.029+0000] {logging_mixin.py:190} INFO - [2024-09-26T05:05:54.029+0000] {dagbag.py:587} INFO - Filling up the DagBag from /opt/airflow/dags/dag_with_catchup_and_backfill.py
[2024-09-26T05:05:54.131+0000] {processor.py:925} INFO - DAG(s) 'dag_with_catchup_backfill_v01.3' retrieved from /opt/airflow/dags/dag_with_catchup_and_backfill.py
[2024-09-26T05:05:54.158+0000] {logging_mixin.py:190} INFO - [2024-09-26T05:05:54.158+0000] {dag.py:3229} INFO - Sync 1 DAGs
[2024-09-26T05:05:54.181+0000] {logging_mixin.py:190} INFO - [2024-09-26T05:05:54.181+0000] {dag.py:4156} INFO - Setting next_dagrun for dag_with_catchup_backfill_v01.3 to 2024-09-25 00:00:00+00:00, run_after=2024-09-26 00:00:00+00:00
[2024-09-26T05:05:54.207+0000] {processor.py:208} INFO - Processing /opt/airflow/dags/dag_with_catchup_and_backfill.py took 0.189 seconds
[2024-09-26T05:06:24.572+0000] {processor.py:186} INFO - Started process (PID=155946) to work on /opt/airflow/dags/dag_with_catchup_and_backfill.py
[2024-09-26T05:06:24.573+0000] {processor.py:914} INFO - Processing file /opt/airflow/dags/dag_with_catchup_and_backfill.py for tasks to queue
[2024-09-26T05:06:24.575+0000] {logging_mixin.py:190} INFO - [2024-09-26T05:06:24.575+0000] {dagbag.py:587} INFO - Filling up the DagBag from /opt/airflow/dags/dag_with_catchup_and_backfill.py
[2024-09-26T05:06:24.658+0000] {processor.py:925} INFO - DAG(s) 'dag_with_catchup_backfill_v01.3' retrieved from /opt/airflow/dags/dag_with_catchup_and_backfill.py
[2024-09-26T05:06:24.687+0000] {logging_mixin.py:190} INFO - [2024-09-26T05:06:24.686+0000] {dag.py:3229} INFO - Sync 1 DAGs
[2024-09-26T05:06:24.715+0000] {logging_mixin.py:190} INFO - [2024-09-26T05:06:24.715+0000] {dag.py:4156} INFO - Setting next_dagrun for dag_with_catchup_backfill_v01.3 to 2024-09-25 00:00:00+00:00, run_after=2024-09-26 00:00:00+00:00
[2024-09-26T05:06:24.746+0000] {processor.py:208} INFO - Processing /opt/airflow/dags/dag_with_catchup_and_backfill.py took 0.180 seconds
[2024-09-26T05:06:55.683+0000] {processor.py:186} INFO - Started process (PID=155989) to work on /opt/airflow/dags/dag_with_catchup_and_backfill.py
[2024-09-26T05:06:55.685+0000] {processor.py:914} INFO - Processing file /opt/airflow/dags/dag_with_catchup_and_backfill.py for tasks to queue
[2024-09-26T05:06:55.689+0000] {logging_mixin.py:190} INFO - [2024-09-26T05:06:55.689+0000] {dagbag.py:587} INFO - Filling up the DagBag from /opt/airflow/dags/dag_with_catchup_and_backfill.py
[2024-09-26T05:06:55.830+0000] {processor.py:925} INFO - DAG(s) 'dag_with_catchup_backfill_v01.3' retrieved from /opt/airflow/dags/dag_with_catchup_and_backfill.py
[2024-09-26T05:06:55.877+0000] {logging_mixin.py:190} INFO - [2024-09-26T05:06:55.876+0000] {dag.py:3229} INFO - Sync 1 DAGs
[2024-09-26T05:06:55.921+0000] {logging_mixin.py:190} INFO - [2024-09-26T05:06:55.920+0000] {dag.py:4156} INFO - Setting next_dagrun for dag_with_catchup_backfill_v01.3 to 2024-09-25 00:00:00+00:00, run_after=2024-09-26 00:00:00+00:00
[2024-09-26T05:06:55.962+0000] {processor.py:208} INFO - Processing /opt/airflow/dags/dag_with_catchup_and_backfill.py took 0.302 seconds
[2024-09-26T05:07:26.153+0000] {processor.py:186} INFO - Started process (PID=156032) to work on /opt/airflow/dags/dag_with_catchup_and_backfill.py
[2024-09-26T05:07:26.155+0000] {processor.py:914} INFO - Processing file /opt/airflow/dags/dag_with_catchup_and_backfill.py for tasks to queue
[2024-09-26T05:07:26.157+0000] {logging_mixin.py:190} INFO - [2024-09-26T05:07:26.157+0000] {dagbag.py:587} INFO - Filling up the DagBag from /opt/airflow/dags/dag_with_catchup_and_backfill.py
[2024-09-26T05:07:26.270+0000] {processor.py:925} INFO - DAG(s) 'dag_with_catchup_backfill_v01.3' retrieved from /opt/airflow/dags/dag_with_catchup_and_backfill.py
[2024-09-26T05:07:26.295+0000] {logging_mixin.py:190} INFO - [2024-09-26T05:07:26.295+0000] {dag.py:3229} INFO - Sync 1 DAGs
[2024-09-26T05:07:26.316+0000] {logging_mixin.py:190} INFO - [2024-09-26T05:07:26.316+0000] {dag.py:4156} INFO - Setting next_dagrun for dag_with_catchup_backfill_v01.3 to 2024-09-25 00:00:00+00:00, run_after=2024-09-26 00:00:00+00:00
[2024-09-26T05:07:26.353+0000] {processor.py:208} INFO - Processing /opt/airflow/dags/dag_with_catchup_and_backfill.py took 0.207 seconds
[2024-09-26T05:07:57.181+0000] {processor.py:186} INFO - Started process (PID=156073) to work on /opt/airflow/dags/dag_with_catchup_and_backfill.py
[2024-09-26T05:07:57.183+0000] {processor.py:914} INFO - Processing file /opt/airflow/dags/dag_with_catchup_and_backfill.py for tasks to queue
[2024-09-26T05:07:57.186+0000] {logging_mixin.py:190} INFO - [2024-09-26T05:07:57.186+0000] {dagbag.py:587} INFO - Filling up the DagBag from /opt/airflow/dags/dag_with_catchup_and_backfill.py
[2024-09-26T05:07:57.281+0000] {processor.py:925} INFO - DAG(s) 'dag_with_catchup_backfill_v01.3' retrieved from /opt/airflow/dags/dag_with_catchup_and_backfill.py
[2024-09-26T05:07:57.303+0000] {logging_mixin.py:190} INFO - [2024-09-26T05:07:57.303+0000] {dag.py:3229} INFO - Sync 1 DAGs
[2024-09-26T05:07:57.325+0000] {logging_mixin.py:190} INFO - [2024-09-26T05:07:57.325+0000] {dag.py:4156} INFO - Setting next_dagrun for dag_with_catchup_backfill_v01.3 to 2024-09-25 00:00:00+00:00, run_after=2024-09-26 00:00:00+00:00
[2024-09-26T05:07:57.346+0000] {processor.py:208} INFO - Processing /opt/airflow/dags/dag_with_catchup_and_backfill.py took 0.174 seconds
[2024-09-26T05:08:29.211+0000] {processor.py:186} INFO - Started process (PID=156116) to work on /opt/airflow/dags/dag_with_catchup_and_backfill.py
[2024-09-26T05:08:29.213+0000] {processor.py:914} INFO - Processing file /opt/airflow/dags/dag_with_catchup_and_backfill.py for tasks to queue
[2024-09-26T05:08:29.215+0000] {logging_mixin.py:190} INFO - [2024-09-26T05:08:29.215+0000] {dagbag.py:587} INFO - Filling up the DagBag from /opt/airflow/dags/dag_with_catchup_and_backfill.py
[2024-09-26T05:08:29.339+0000] {processor.py:925} INFO - DAG(s) 'dag_with_catchup_backfill_v01.3' retrieved from /opt/airflow/dags/dag_with_catchup_and_backfill.py
[2024-09-26T05:08:29.368+0000] {logging_mixin.py:190} INFO - [2024-09-26T05:08:29.367+0000] {dag.py:3229} INFO - Sync 1 DAGs
[2024-09-26T05:08:29.391+0000] {logging_mixin.py:190} INFO - [2024-09-26T05:08:29.391+0000] {dag.py:4156} INFO - Setting next_dagrun for dag_with_catchup_backfill_v01.3 to 2024-09-25 00:00:00+00:00, run_after=2024-09-26 00:00:00+00:00
[2024-09-26T05:08:29.542+0000] {processor.py:208} INFO - Processing /opt/airflow/dags/dag_with_catchup_and_backfill.py took 0.341 seconds
[2024-09-26T05:08:59.921+0000] {processor.py:186} INFO - Started process (PID=156159) to work on /opt/airflow/dags/dag_with_catchup_and_backfill.py
[2024-09-26T05:08:59.923+0000] {processor.py:914} INFO - Processing file /opt/airflow/dags/dag_with_catchup_and_backfill.py for tasks to queue
[2024-09-26T05:08:59.926+0000] {logging_mixin.py:190} INFO - [2024-09-26T05:08:59.925+0000] {dagbag.py:587} INFO - Filling up the DagBag from /opt/airflow/dags/dag_with_catchup_and_backfill.py
[2024-09-26T05:09:00.042+0000] {processor.py:925} INFO - DAG(s) 'dag_with_catchup_backfill_v01.3' retrieved from /opt/airflow/dags/dag_with_catchup_and_backfill.py
[2024-09-26T05:09:00.069+0000] {logging_mixin.py:190} INFO - [2024-09-26T05:09:00.068+0000] {dag.py:3229} INFO - Sync 1 DAGs
[2024-09-26T05:09:00.090+0000] {logging_mixin.py:190} INFO - [2024-09-26T05:09:00.089+0000] {dag.py:4156} INFO - Setting next_dagrun for dag_with_catchup_backfill_v01.3 to 2024-09-25 00:00:00+00:00, run_after=2024-09-26 00:00:00+00:00
[2024-09-26T05:09:00.114+0000] {processor.py:208} INFO - Processing /opt/airflow/dags/dag_with_catchup_and_backfill.py took 0.203 seconds
[2024-09-26T05:09:30.688+0000] {processor.py:186} INFO - Started process (PID=156202) to work on /opt/airflow/dags/dag_with_catchup_and_backfill.py
[2024-09-26T05:09:30.690+0000] {processor.py:914} INFO - Processing file /opt/airflow/dags/dag_with_catchup_and_backfill.py for tasks to queue
[2024-09-26T05:09:30.692+0000] {logging_mixin.py:190} INFO - [2024-09-26T05:09:30.692+0000] {dagbag.py:587} INFO - Filling up the DagBag from /opt/airflow/dags/dag_with_catchup_and_backfill.py
[2024-09-26T05:09:30.793+0000] {processor.py:925} INFO - DAG(s) 'dag_with_catchup_backfill_v01.3' retrieved from /opt/airflow/dags/dag_with_catchup_and_backfill.py
[2024-09-26T05:09:30.818+0000] {logging_mixin.py:190} INFO - [2024-09-26T05:09:30.818+0000] {dag.py:3229} INFO - Sync 1 DAGs
[2024-09-26T05:09:30.838+0000] {logging_mixin.py:190} INFO - [2024-09-26T05:09:30.838+0000] {dag.py:4156} INFO - Setting next_dagrun for dag_with_catchup_backfill_v01.3 to 2024-09-25 00:00:00+00:00, run_after=2024-09-26 00:00:00+00:00
[2024-09-26T05:09:30.862+0000] {processor.py:208} INFO - Processing /opt/airflow/dags/dag_with_catchup_and_backfill.py took 0.181 seconds
[2024-09-26T05:10:01.439+0000] {processor.py:186} INFO - Started process (PID=156245) to work on /opt/airflow/dags/dag_with_catchup_and_backfill.py
[2024-09-26T05:10:01.440+0000] {processor.py:914} INFO - Processing file /opt/airflow/dags/dag_with_catchup_and_backfill.py for tasks to queue
[2024-09-26T05:10:01.442+0000] {logging_mixin.py:190} INFO - [2024-09-26T05:10:01.441+0000] {dagbag.py:587} INFO - Filling up the DagBag from /opt/airflow/dags/dag_with_catchup_and_backfill.py
[2024-09-26T05:10:01.520+0000] {processor.py:925} INFO - DAG(s) 'dag_with_catchup_backfill_v01.3' retrieved from /opt/airflow/dags/dag_with_catchup_and_backfill.py
[2024-09-26T05:10:01.555+0000] {logging_mixin.py:190} INFO - [2024-09-26T05:10:01.555+0000] {dag.py:3229} INFO - Sync 1 DAGs
[2024-09-26T05:10:01.585+0000] {logging_mixin.py:190} INFO - [2024-09-26T05:10:01.585+0000] {dag.py:4156} INFO - Setting next_dagrun for dag_with_catchup_backfill_v01.3 to 2024-09-25 00:00:00+00:00, run_after=2024-09-26 00:00:00+00:00
[2024-09-26T05:10:01.615+0000] {processor.py:208} INFO - Processing /opt/airflow/dags/dag_with_catchup_and_backfill.py took 0.182 seconds
[2024-09-26T05:10:32.115+0000] {processor.py:186} INFO - Started process (PID=156288) to work on /opt/airflow/dags/dag_with_catchup_and_backfill.py
[2024-09-26T05:10:32.118+0000] {processor.py:914} INFO - Processing file /opt/airflow/dags/dag_with_catchup_and_backfill.py for tasks to queue
[2024-09-26T05:10:32.121+0000] {logging_mixin.py:190} INFO - [2024-09-26T05:10:32.121+0000] {dagbag.py:587} INFO - Filling up the DagBag from /opt/airflow/dags/dag_with_catchup_and_backfill.py
[2024-09-26T05:10:32.228+0000] {processor.py:925} INFO - DAG(s) 'dag_with_catchup_backfill_v01.3' retrieved from /opt/airflow/dags/dag_with_catchup_and_backfill.py
[2024-09-26T05:10:32.260+0000] {logging_mixin.py:190} INFO - [2024-09-26T05:10:32.259+0000] {dag.py:3229} INFO - Sync 1 DAGs
[2024-09-26T05:10:32.284+0000] {logging_mixin.py:190} INFO - [2024-09-26T05:10:32.284+0000] {dag.py:4156} INFO - Setting next_dagrun for dag_with_catchup_backfill_v01.3 to 2024-09-25 00:00:00+00:00, run_after=2024-09-26 00:00:00+00:00
[2024-09-26T05:10:32.310+0000] {processor.py:208} INFO - Processing /opt/airflow/dags/dag_with_catchup_and_backfill.py took 0.207 seconds
[2024-09-26T05:11:03.372+0000] {processor.py:186} INFO - Started process (PID=156333) to work on /opt/airflow/dags/dag_with_catchup_and_backfill.py
[2024-09-26T05:11:03.375+0000] {processor.py:914} INFO - Processing file /opt/airflow/dags/dag_with_catchup_and_backfill.py for tasks to queue
[2024-09-26T05:11:03.378+0000] {logging_mixin.py:190} INFO - [2024-09-26T05:11:03.378+0000] {dagbag.py:587} INFO - Filling up the DagBag from /opt/airflow/dags/dag_with_catchup_and_backfill.py
[2024-09-26T05:11:03.506+0000] {processor.py:925} INFO - DAG(s) 'dag_with_catchup_backfill_v01.3' retrieved from /opt/airflow/dags/dag_with_catchup_and_backfill.py
[2024-09-26T05:11:03.531+0000] {logging_mixin.py:190} INFO - [2024-09-26T05:11:03.531+0000] {dag.py:3229} INFO - Sync 1 DAGs
[2024-09-26T05:11:03.553+0000] {logging_mixin.py:190} INFO - [2024-09-26T05:11:03.553+0000] {dag.py:4156} INFO - Setting next_dagrun for dag_with_catchup_backfill_v01.3 to 2024-09-25 00:00:00+00:00, run_after=2024-09-26 00:00:00+00:00
[2024-09-26T05:11:03.702+0000] {processor.py:208} INFO - Processing /opt/airflow/dags/dag_with_catchup_and_backfill.py took 0.339 seconds
[2024-09-26T05:11:34.555+0000] {processor.py:186} INFO - Started process (PID=156376) to work on /opt/airflow/dags/dag_with_catchup_and_backfill.py
[2024-09-26T05:11:34.557+0000] {processor.py:914} INFO - Processing file /opt/airflow/dags/dag_with_catchup_and_backfill.py for tasks to queue
[2024-09-26T05:11:34.560+0000] {logging_mixin.py:190} INFO - [2024-09-26T05:11:34.559+0000] {dagbag.py:587} INFO - Filling up the DagBag from /opt/airflow/dags/dag_with_catchup_and_backfill.py
[2024-09-26T05:11:34.682+0000] {processor.py:925} INFO - DAG(s) 'dag_with_catchup_backfill_v01.3' retrieved from /opt/airflow/dags/dag_with_catchup_and_backfill.py
[2024-09-26T05:11:34.706+0000] {logging_mixin.py:190} INFO - [2024-09-26T05:11:34.706+0000] {dag.py:3229} INFO - Sync 1 DAGs
[2024-09-26T05:11:34.727+0000] {logging_mixin.py:190} INFO - [2024-09-26T05:11:34.727+0000] {dag.py:4156} INFO - Setting next_dagrun for dag_with_catchup_backfill_v01.3 to 2024-09-25 00:00:00+00:00, run_after=2024-09-26 00:00:00+00:00
[2024-09-26T05:11:34.764+0000] {processor.py:208} INFO - Processing /opt/airflow/dags/dag_with_catchup_and_backfill.py took 0.218 seconds
[2024-09-26T05:12:05.339+0000] {processor.py:186} INFO - Started process (PID=156419) to work on /opt/airflow/dags/dag_with_catchup_and_backfill.py
[2024-09-26T05:12:05.341+0000] {processor.py:914} INFO - Processing file /opt/airflow/dags/dag_with_catchup_and_backfill.py for tasks to queue
[2024-09-26T05:12:05.344+0000] {logging_mixin.py:190} INFO - [2024-09-26T05:12:05.343+0000] {dagbag.py:587} INFO - Filling up the DagBag from /opt/airflow/dags/dag_with_catchup_and_backfill.py
[2024-09-26T05:12:05.408+0000] {processor.py:925} INFO - DAG(s) 'dag_with_catchup_backfill_v01.3' retrieved from /opt/airflow/dags/dag_with_catchup_and_backfill.py
[2024-09-26T05:12:05.433+0000] {logging_mixin.py:190} INFO - [2024-09-26T05:12:05.433+0000] {dag.py:3229} INFO - Sync 1 DAGs
[2024-09-26T05:12:05.457+0000] {logging_mixin.py:190} INFO - [2024-09-26T05:12:05.457+0000] {dag.py:4156} INFO - Setting next_dagrun for dag_with_catchup_backfill_v01.3 to 2024-09-25 00:00:00+00:00, run_after=2024-09-26 00:00:00+00:00
[2024-09-26T05:12:05.486+0000] {processor.py:208} INFO - Processing /opt/airflow/dags/dag_with_catchup_and_backfill.py took 0.155 seconds
[2024-09-26T05:12:35.834+0000] {processor.py:186} INFO - Started process (PID=156462) to work on /opt/airflow/dags/dag_with_catchup_and_backfill.py
[2024-09-26T05:12:35.837+0000] {processor.py:914} INFO - Processing file /opt/airflow/dags/dag_with_catchup_and_backfill.py for tasks to queue
[2024-09-26T05:12:35.841+0000] {logging_mixin.py:190} INFO - [2024-09-26T05:12:35.841+0000] {dagbag.py:587} INFO - Filling up the DagBag from /opt/airflow/dags/dag_with_catchup_and_backfill.py
[2024-09-26T05:12:35.938+0000] {processor.py:925} INFO - DAG(s) 'dag_with_catchup_backfill_v01.3' retrieved from /opt/airflow/dags/dag_with_catchup_and_backfill.py
[2024-09-26T05:12:35.963+0000] {logging_mixin.py:190} INFO - [2024-09-26T05:12:35.963+0000] {dag.py:3229} INFO - Sync 1 DAGs
[2024-09-26T05:12:35.984+0000] {logging_mixin.py:190} INFO - [2024-09-26T05:12:35.984+0000] {dag.py:4156} INFO - Setting next_dagrun for dag_with_catchup_backfill_v01.3 to 2024-09-25 00:00:00+00:00, run_after=2024-09-26 00:00:00+00:00
[2024-09-26T05:12:36.011+0000] {processor.py:208} INFO - Processing /opt/airflow/dags/dag_with_catchup_and_backfill.py took 0.187 seconds
[2024-09-26T05:13:06.354+0000] {processor.py:186} INFO - Started process (PID=156505) to work on /opt/airflow/dags/dag_with_catchup_and_backfill.py
[2024-09-26T05:13:06.356+0000] {processor.py:914} INFO - Processing file /opt/airflow/dags/dag_with_catchup_and_backfill.py for tasks to queue
[2024-09-26T05:13:06.359+0000] {logging_mixin.py:190} INFO - [2024-09-26T05:13:06.358+0000] {dagbag.py:587} INFO - Filling up the DagBag from /opt/airflow/dags/dag_with_catchup_and_backfill.py
[2024-09-26T05:13:06.462+0000] {processor.py:925} INFO - DAG(s) 'dag_with_catchup_backfill_v01.3' retrieved from /opt/airflow/dags/dag_with_catchup_and_backfill.py
[2024-09-26T05:13:06.488+0000] {logging_mixin.py:190} INFO - [2024-09-26T05:13:06.488+0000] {dag.py:3229} INFO - Sync 1 DAGs
[2024-09-26T05:13:06.509+0000] {logging_mixin.py:190} INFO - [2024-09-26T05:13:06.509+0000] {dag.py:4156} INFO - Setting next_dagrun for dag_with_catchup_backfill_v01.3 to 2024-09-25 00:00:00+00:00, run_after=2024-09-26 00:00:00+00:00
[2024-09-26T05:13:06.544+0000] {processor.py:208} INFO - Processing /opt/airflow/dags/dag_with_catchup_and_backfill.py took 0.202 seconds
[2024-09-26T05:13:37.149+0000] {processor.py:186} INFO - Started process (PID=156548) to work on /opt/airflow/dags/dag_with_catchup_and_backfill.py
[2024-09-26T05:13:37.151+0000] {processor.py:914} INFO - Processing file /opt/airflow/dags/dag_with_catchup_and_backfill.py for tasks to queue
[2024-09-26T05:13:37.153+0000] {logging_mixin.py:190} INFO - [2024-09-26T05:13:37.153+0000] {dagbag.py:587} INFO - Filling up the DagBag from /opt/airflow/dags/dag_with_catchup_and_backfill.py
[2024-09-26T05:13:37.261+0000] {processor.py:925} INFO - DAG(s) 'dag_with_catchup_backfill_v01.3' retrieved from /opt/airflow/dags/dag_with_catchup_and_backfill.py
[2024-09-26T05:13:37.289+0000] {logging_mixin.py:190} INFO - [2024-09-26T05:13:37.288+0000] {dag.py:3229} INFO - Sync 1 DAGs
[2024-09-26T05:13:37.310+0000] {logging_mixin.py:190} INFO - [2024-09-26T05:13:37.309+0000] {dag.py:4156} INFO - Setting next_dagrun for dag_with_catchup_backfill_v01.3 to 2024-09-25 00:00:00+00:00, run_after=2024-09-26 00:00:00+00:00
[2024-09-26T05:13:37.341+0000] {processor.py:208} INFO - Processing /opt/airflow/dags/dag_with_catchup_and_backfill.py took 0.202 seconds
[2024-09-26T05:14:08.061+0000] {processor.py:186} INFO - Started process (PID=156591) to work on /opt/airflow/dags/dag_with_catchup_and_backfill.py
[2024-09-26T05:14:08.063+0000] {processor.py:914} INFO - Processing file /opt/airflow/dags/dag_with_catchup_and_backfill.py for tasks to queue
[2024-09-26T05:14:08.066+0000] {logging_mixin.py:190} INFO - [2024-09-26T05:14:08.066+0000] {dagbag.py:587} INFO - Filling up the DagBag from /opt/airflow/dags/dag_with_catchup_and_backfill.py
[2024-09-26T05:14:08.186+0000] {processor.py:925} INFO - DAG(s) 'dag_with_catchup_backfill_v01.3' retrieved from /opt/airflow/dags/dag_with_catchup_and_backfill.py
[2024-09-26T05:14:08.215+0000] {logging_mixin.py:190} INFO - [2024-09-26T05:14:08.215+0000] {dag.py:3229} INFO - Sync 1 DAGs
[2024-09-26T05:14:08.356+0000] {logging_mixin.py:190} INFO - [2024-09-26T05:14:08.356+0000] {dag.py:4156} INFO - Setting next_dagrun for dag_with_catchup_backfill_v01.3 to 2024-09-25 00:00:00+00:00, run_after=2024-09-26 00:00:00+00:00
[2024-09-26T05:14:08.386+0000] {processor.py:208} INFO - Processing /opt/airflow/dags/dag_with_catchup_and_backfill.py took 0.336 seconds
[2024-09-26T05:14:38.830+0000] {processor.py:186} INFO - Started process (PID=156634) to work on /opt/airflow/dags/dag_with_catchup_and_backfill.py
[2024-09-26T05:14:38.831+0000] {processor.py:914} INFO - Processing file /opt/airflow/dags/dag_with_catchup_and_backfill.py for tasks to queue
[2024-09-26T05:14:38.832+0000] {logging_mixin.py:190} INFO - [2024-09-26T05:14:38.832+0000] {dagbag.py:587} INFO - Filling up the DagBag from /opt/airflow/dags/dag_with_catchup_and_backfill.py
[2024-09-26T05:14:38.891+0000] {processor.py:925} INFO - DAG(s) 'dag_with_catchup_backfill_v01.3' retrieved from /opt/airflow/dags/dag_with_catchup_and_backfill.py
[2024-09-26T05:14:38.915+0000] {logging_mixin.py:190} INFO - [2024-09-26T05:14:38.915+0000] {dag.py:3229} INFO - Sync 1 DAGs
[2024-09-26T05:14:38.937+0000] {logging_mixin.py:190} INFO - [2024-09-26T05:14:38.937+0000] {dag.py:4156} INFO - Setting next_dagrun for dag_with_catchup_backfill_v01.3 to 2024-09-25 00:00:00+00:00, run_after=2024-09-26 00:00:00+00:00
[2024-09-26T05:14:38.961+0000] {processor.py:208} INFO - Processing /opt/airflow/dags/dag_with_catchup_and_backfill.py took 0.136 seconds
[2024-09-26T05:15:09.503+0000] {processor.py:186} INFO - Started process (PID=156677) to work on /opt/airflow/dags/dag_with_catchup_and_backfill.py
[2024-09-26T05:15:09.505+0000] {processor.py:914} INFO - Processing file /opt/airflow/dags/dag_with_catchup_and_backfill.py for tasks to queue
[2024-09-26T05:15:09.508+0000] {logging_mixin.py:190} INFO - [2024-09-26T05:15:09.507+0000] {dagbag.py:587} INFO - Filling up the DagBag from /opt/airflow/dags/dag_with_catchup_and_backfill.py
[2024-09-26T05:15:09.597+0000] {processor.py:925} INFO - DAG(s) 'dag_with_catchup_backfill_v01.3' retrieved from /opt/airflow/dags/dag_with_catchup_and_backfill.py
[2024-09-26T05:15:09.622+0000] {logging_mixin.py:190} INFO - [2024-09-26T05:15:09.622+0000] {dag.py:3229} INFO - Sync 1 DAGs
[2024-09-26T05:15:09.644+0000] {logging_mixin.py:190} INFO - [2024-09-26T05:15:09.644+0000] {dag.py:4156} INFO - Setting next_dagrun for dag_with_catchup_backfill_v01.3 to 2024-09-25 00:00:00+00:00, run_after=2024-09-26 00:00:00+00:00
[2024-09-26T05:15:09.669+0000] {processor.py:208} INFO - Processing /opt/airflow/dags/dag_with_catchup_and_backfill.py took 0.176 seconds
[2024-09-26T05:15:40.448+0000] {processor.py:186} INFO - Started process (PID=156720) to work on /opt/airflow/dags/dag_with_catchup_and_backfill.py
[2024-09-26T05:15:40.449+0000] {processor.py:914} INFO - Processing file /opt/airflow/dags/dag_with_catchup_and_backfill.py for tasks to queue
[2024-09-26T05:15:40.451+0000] {logging_mixin.py:190} INFO - [2024-09-26T05:15:40.451+0000] {dagbag.py:587} INFO - Filling up the DagBag from /opt/airflow/dags/dag_with_catchup_and_backfill.py
[2024-09-26T05:15:40.553+0000] {processor.py:925} INFO - DAG(s) 'dag_with_catchup_backfill_v01.3' retrieved from /opt/airflow/dags/dag_with_catchup_and_backfill.py
[2024-09-26T05:15:40.587+0000] {logging_mixin.py:190} INFO - [2024-09-26T05:15:40.587+0000] {dag.py:3229} INFO - Sync 1 DAGs
[2024-09-26T05:15:40.619+0000] {logging_mixin.py:190} INFO - [2024-09-26T05:15:40.619+0000] {dag.py:4156} INFO - Setting next_dagrun for dag_with_catchup_backfill_v01.3 to 2024-09-25 00:00:00+00:00, run_after=2024-09-26 00:00:00+00:00
[2024-09-26T05:15:40.648+0000] {processor.py:208} INFO - Processing /opt/airflow/dags/dag_with_catchup_and_backfill.py took 0.206 seconds
[2024-09-26T05:16:11.021+0000] {processor.py:186} INFO - Started process (PID=156761) to work on /opt/airflow/dags/dag_with_catchup_and_backfill.py
[2024-09-26T05:16:11.023+0000] {processor.py:914} INFO - Processing file /opt/airflow/dags/dag_with_catchup_and_backfill.py for tasks to queue
[2024-09-26T05:16:11.025+0000] {logging_mixin.py:190} INFO - [2024-09-26T05:16:11.025+0000] {dagbag.py:587} INFO - Filling up the DagBag from /opt/airflow/dags/dag_with_catchup_and_backfill.py
[2024-09-26T05:16:11.135+0000] {processor.py:925} INFO - DAG(s) 'dag_with_catchup_backfill_v01.3' retrieved from /opt/airflow/dags/dag_with_catchup_and_backfill.py
[2024-09-26T05:16:11.162+0000] {logging_mixin.py:190} INFO - [2024-09-26T05:16:11.162+0000] {dag.py:3229} INFO - Sync 1 DAGs
[2024-09-26T05:16:11.183+0000] {logging_mixin.py:190} INFO - [2024-09-26T05:16:11.183+0000] {dag.py:4156} INFO - Setting next_dagrun for dag_with_catchup_backfill_v01.3 to 2024-09-25 00:00:00+00:00, run_after=2024-09-26 00:00:00+00:00
[2024-09-26T05:16:11.207+0000] {processor.py:208} INFO - Processing /opt/airflow/dags/dag_with_catchup_and_backfill.py took 0.196 seconds
[2024-09-26T05:16:42.044+0000] {processor.py:186} INFO - Started process (PID=156804) to work on /opt/airflow/dags/dag_with_catchup_and_backfill.py
[2024-09-26T05:16:42.046+0000] {processor.py:914} INFO - Processing file /opt/airflow/dags/dag_with_catchup_and_backfill.py for tasks to queue
[2024-09-26T05:16:42.048+0000] {logging_mixin.py:190} INFO - [2024-09-26T05:16:42.048+0000] {dagbag.py:587} INFO - Filling up the DagBag from /opt/airflow/dags/dag_with_catchup_and_backfill.py
[2024-09-26T05:16:42.119+0000] {processor.py:925} INFO - DAG(s) 'dag_with_catchup_backfill_v01.3' retrieved from /opt/airflow/dags/dag_with_catchup_and_backfill.py
[2024-09-26T05:16:42.150+0000] {logging_mixin.py:190} INFO - [2024-09-26T05:16:42.149+0000] {dag.py:3229} INFO - Sync 1 DAGs
[2024-09-26T05:16:42.176+0000] {logging_mixin.py:190} INFO - [2024-09-26T05:16:42.175+0000] {dag.py:4156} INFO - Setting next_dagrun for dag_with_catchup_backfill_v01.3 to 2024-09-25 00:00:00+00:00, run_after=2024-09-26 00:00:00+00:00
[2024-09-26T05:16:42.336+0000] {processor.py:208} INFO - Processing /opt/airflow/dags/dag_with_catchup_and_backfill.py took 0.300 seconds
[2024-09-26T05:17:13.262+0000] {processor.py:186} INFO - Started process (PID=156849) to work on /opt/airflow/dags/dag_with_catchup_and_backfill.py
[2024-09-26T05:17:13.263+0000] {processor.py:914} INFO - Processing file /opt/airflow/dags/dag_with_catchup_and_backfill.py for tasks to queue
[2024-09-26T05:17:13.265+0000] {logging_mixin.py:190} INFO - [2024-09-26T05:17:13.264+0000] {dagbag.py:587} INFO - Filling up the DagBag from /opt/airflow/dags/dag_with_catchup_and_backfill.py
[2024-09-26T05:17:13.355+0000] {processor.py:925} INFO - DAG(s) 'dag_with_catchup_backfill_v01.3' retrieved from /opt/airflow/dags/dag_with_catchup_and_backfill.py
[2024-09-26T05:17:13.384+0000] {logging_mixin.py:190} INFO - [2024-09-26T05:17:13.384+0000] {dag.py:3229} INFO - Sync 1 DAGs
[2024-09-26T05:17:13.405+0000] {logging_mixin.py:190} INFO - [2024-09-26T05:17:13.405+0000] {dag.py:4156} INFO - Setting next_dagrun for dag_with_catchup_backfill_v01.3 to 2024-09-25 00:00:00+00:00, run_after=2024-09-26 00:00:00+00:00
[2024-09-26T05:17:13.430+0000] {processor.py:208} INFO - Processing /opt/airflow/dags/dag_with_catchup_and_backfill.py took 0.174 seconds
[2024-09-26T05:17:43.780+0000] {processor.py:186} INFO - Started process (PID=156892) to work on /opt/airflow/dags/dag_with_catchup_and_backfill.py
[2024-09-26T05:17:43.782+0000] {processor.py:914} INFO - Processing file /opt/airflow/dags/dag_with_catchup_and_backfill.py for tasks to queue
[2024-09-26T05:17:43.784+0000] {logging_mixin.py:190} INFO - [2024-09-26T05:17:43.784+0000] {dagbag.py:587} INFO - Filling up the DagBag from /opt/airflow/dags/dag_with_catchup_and_backfill.py
[2024-09-26T05:17:43.866+0000] {processor.py:925} INFO - DAG(s) 'dag_with_catchup_backfill_v01.3' retrieved from /opt/airflow/dags/dag_with_catchup_and_backfill.py
[2024-09-26T05:17:43.892+0000] {logging_mixin.py:190} INFO - [2024-09-26T05:17:43.891+0000] {dag.py:3229} INFO - Sync 1 DAGs
[2024-09-26T05:17:43.912+0000] {logging_mixin.py:190} INFO - [2024-09-26T05:17:43.912+0000] {dag.py:4156} INFO - Setting next_dagrun for dag_with_catchup_backfill_v01.3 to 2024-09-25 00:00:00+00:00, run_after=2024-09-26 00:00:00+00:00
[2024-09-26T05:17:43.937+0000] {processor.py:208} INFO - Processing /opt/airflow/dags/dag_with_catchup_and_backfill.py took 0.162 seconds
[2024-09-26T05:18:14.304+0000] {processor.py:186} INFO - Started process (PID=156935) to work on /opt/airflow/dags/dag_with_catchup_and_backfill.py
[2024-09-26T05:18:14.306+0000] {processor.py:914} INFO - Processing file /opt/airflow/dags/dag_with_catchup_and_backfill.py for tasks to queue
[2024-09-26T05:18:14.309+0000] {logging_mixin.py:190} INFO - [2024-09-26T05:18:14.309+0000] {dagbag.py:587} INFO - Filling up the DagBag from /opt/airflow/dags/dag_with_catchup_and_backfill.py
[2024-09-26T05:18:14.414+0000] {processor.py:925} INFO - DAG(s) 'dag_with_catchup_backfill_v01.3' retrieved from /opt/airflow/dags/dag_with_catchup_and_backfill.py
[2024-09-26T05:18:14.440+0000] {logging_mixin.py:190} INFO - [2024-09-26T05:18:14.440+0000] {dag.py:3229} INFO - Sync 1 DAGs
[2024-09-26T05:18:14.460+0000] {logging_mixin.py:190} INFO - [2024-09-26T05:18:14.460+0000] {dag.py:4156} INFO - Setting next_dagrun for dag_with_catchup_backfill_v01.3 to 2024-09-25 00:00:00+00:00, run_after=2024-09-26 00:00:00+00:00
[2024-09-26T05:18:14.486+0000] {processor.py:208} INFO - Processing /opt/airflow/dags/dag_with_catchup_and_backfill.py took 0.192 seconds
[2024-09-26T05:18:45.032+0000] {processor.py:186} INFO - Started process (PID=156978) to work on /opt/airflow/dags/dag_with_catchup_and_backfill.py
[2024-09-26T05:18:45.034+0000] {processor.py:914} INFO - Processing file /opt/airflow/dags/dag_with_catchup_and_backfill.py for tasks to queue
[2024-09-26T05:18:45.037+0000] {logging_mixin.py:190} INFO - [2024-09-26T05:18:45.036+0000] {dagbag.py:587} INFO - Filling up the DagBag from /opt/airflow/dags/dag_with_catchup_and_backfill.py
[2024-09-26T05:18:45.136+0000] {processor.py:925} INFO - DAG(s) 'dag_with_catchup_backfill_v01.3' retrieved from /opt/airflow/dags/dag_with_catchup_and_backfill.py
[2024-09-26T05:18:45.160+0000] {logging_mixin.py:190} INFO - [2024-09-26T05:18:45.159+0000] {dag.py:3229} INFO - Sync 1 DAGs
[2024-09-26T05:18:45.181+0000] {logging_mixin.py:190} INFO - [2024-09-26T05:18:45.181+0000] {dag.py:4156} INFO - Setting next_dagrun for dag_with_catchup_backfill_v01.3 to 2024-09-25 00:00:00+00:00, run_after=2024-09-26 00:00:00+00:00
[2024-09-26T05:18:45.206+0000] {processor.py:208} INFO - Processing /opt/airflow/dags/dag_with_catchup_and_backfill.py took 0.186 seconds
[2024-09-26T05:19:15.559+0000] {processor.py:186} INFO - Started process (PID=157021) to work on /opt/airflow/dags/dag_with_catchup_and_backfill.py
[2024-09-26T05:19:15.560+0000] {processor.py:914} INFO - Processing file /opt/airflow/dags/dag_with_catchup_and_backfill.py for tasks to queue
[2024-09-26T05:19:15.562+0000] {logging_mixin.py:190} INFO - [2024-09-26T05:19:15.562+0000] {dagbag.py:587} INFO - Filling up the DagBag from /opt/airflow/dags/dag_with_catchup_and_backfill.py
[2024-09-26T05:19:15.666+0000] {processor.py:925} INFO - DAG(s) 'dag_with_catchup_backfill_v01.3' retrieved from /opt/airflow/dags/dag_with_catchup_and_backfill.py
[2024-09-26T05:19:15.703+0000] {logging_mixin.py:190} INFO - [2024-09-26T05:19:15.703+0000] {dag.py:3229} INFO - Sync 1 DAGs
[2024-09-26T05:19:15.732+0000] {logging_mixin.py:190} INFO - [2024-09-26T05:19:15.732+0000] {dag.py:4156} INFO - Setting next_dagrun for dag_with_catchup_backfill_v01.3 to 2024-09-25 00:00:00+00:00, run_after=2024-09-26 00:00:00+00:00
[2024-09-26T05:19:15.761+0000] {processor.py:208} INFO - Processing /opt/airflow/dags/dag_with_catchup_and_backfill.py took 0.208 seconds
[2024-09-26T05:19:46.526+0000] {processor.py:186} INFO - Started process (PID=157064) to work on /opt/airflow/dags/dag_with_catchup_and_backfill.py
[2024-09-26T05:19:46.530+0000] {processor.py:914} INFO - Processing file /opt/airflow/dags/dag_with_catchup_and_backfill.py for tasks to queue
[2024-09-26T05:19:46.534+0000] {logging_mixin.py:190} INFO - [2024-09-26T05:19:46.533+0000] {dagbag.py:587} INFO - Filling up the DagBag from /opt/airflow/dags/dag_with_catchup_and_backfill.py
[2024-09-26T05:19:46.655+0000] {processor.py:925} INFO - DAG(s) 'dag_with_catchup_backfill_v01.3' retrieved from /opt/airflow/dags/dag_with_catchup_and_backfill.py
[2024-09-26T05:19:46.688+0000] {logging_mixin.py:190} INFO - [2024-09-26T05:19:46.687+0000] {dag.py:3229} INFO - Sync 1 DAGs
[2024-09-26T05:19:46.831+0000] {logging_mixin.py:190} INFO - [2024-09-26T05:19:46.830+0000] {dag.py:4156} INFO - Setting next_dagrun for dag_with_catchup_backfill_v01.3 to 2024-09-25 00:00:00+00:00, run_after=2024-09-26 00:00:00+00:00
[2024-09-26T05:19:46.865+0000] {processor.py:208} INFO - Processing /opt/airflow/dags/dag_with_catchup_and_backfill.py took 0.354 seconds
[2024-09-26T05:20:17.587+0000] {processor.py:186} INFO - Started process (PID=157107) to work on /opt/airflow/dags/dag_with_catchup_and_backfill.py
[2024-09-26T05:20:17.588+0000] {processor.py:914} INFO - Processing file /opt/airflow/dags/dag_with_catchup_and_backfill.py for tasks to queue
[2024-09-26T05:20:17.590+0000] {logging_mixin.py:190} INFO - [2024-09-26T05:20:17.590+0000] {dagbag.py:587} INFO - Filling up the DagBag from /opt/airflow/dags/dag_with_catchup_and_backfill.py
[2024-09-26T05:20:17.668+0000] {processor.py:925} INFO - DAG(s) 'dag_with_catchup_backfill_v01.3' retrieved from /opt/airflow/dags/dag_with_catchup_and_backfill.py
[2024-09-26T05:20:17.696+0000] {logging_mixin.py:190} INFO - [2024-09-26T05:20:17.695+0000] {dag.py:3229} INFO - Sync 1 DAGs
[2024-09-26T05:20:17.719+0000] {logging_mixin.py:190} INFO - [2024-09-26T05:20:17.719+0000] {dag.py:4156} INFO - Setting next_dagrun for dag_with_catchup_backfill_v01.3 to 2024-09-25 00:00:00+00:00, run_after=2024-09-26 00:00:00+00:00
[2024-09-26T05:20:17.752+0000] {processor.py:208} INFO - Processing /opt/airflow/dags/dag_with_catchup_and_backfill.py took 0.174 seconds
[2024-09-26T05:20:48.173+0000] {processor.py:186} INFO - Started process (PID=157150) to work on /opt/airflow/dags/dag_with_catchup_and_backfill.py
[2024-09-26T05:20:48.176+0000] {processor.py:914} INFO - Processing file /opt/airflow/dags/dag_with_catchup_and_backfill.py for tasks to queue
[2024-09-26T05:20:48.179+0000] {logging_mixin.py:190} INFO - [2024-09-26T05:20:48.178+0000] {dagbag.py:587} INFO - Filling up the DagBag from /opt/airflow/dags/dag_with_catchup_and_backfill.py
[2024-09-26T05:20:48.289+0000] {processor.py:925} INFO - DAG(s) 'dag_with_catchup_backfill_v01.3' retrieved from /opt/airflow/dags/dag_with_catchup_and_backfill.py
[2024-09-26T05:20:48.316+0000] {logging_mixin.py:190} INFO - [2024-09-26T05:20:48.316+0000] {dag.py:3229} INFO - Sync 1 DAGs
[2024-09-26T05:20:48.340+0000] {logging_mixin.py:190} INFO - [2024-09-26T05:20:48.340+0000] {dag.py:4156} INFO - Setting next_dagrun for dag_with_catchup_backfill_v01.3 to 2024-09-25 00:00:00+00:00, run_after=2024-09-26 00:00:00+00:00
[2024-09-26T05:20:48.379+0000] {processor.py:208} INFO - Processing /opt/airflow/dags/dag_with_catchup_and_backfill.py took 0.219 seconds
[2024-09-26T05:21:18.788+0000] {processor.py:186} INFO - Started process (PID=157193) to work on /opt/airflow/dags/dag_with_catchup_and_backfill.py
[2024-09-26T05:21:18.790+0000] {processor.py:914} INFO - Processing file /opt/airflow/dags/dag_with_catchup_and_backfill.py for tasks to queue
[2024-09-26T05:21:18.792+0000] {logging_mixin.py:190} INFO - [2024-09-26T05:21:18.791+0000] {dagbag.py:587} INFO - Filling up the DagBag from /opt/airflow/dags/dag_with_catchup_and_backfill.py
[2024-09-26T05:21:18.871+0000] {processor.py:925} INFO - DAG(s) 'dag_with_catchup_backfill_v01.3' retrieved from /opt/airflow/dags/dag_with_catchup_and_backfill.py
[2024-09-26T05:21:18.896+0000] {logging_mixin.py:190} INFO - [2024-09-26T05:21:18.895+0000] {dag.py:3229} INFO - Sync 1 DAGs
[2024-09-26T05:21:18.917+0000] {logging_mixin.py:190} INFO - [2024-09-26T05:21:18.917+0000] {dag.py:4156} INFO - Setting next_dagrun for dag_with_catchup_backfill_v01.3 to 2024-09-25 00:00:00+00:00, run_after=2024-09-26 00:00:00+00:00
[2024-09-26T05:21:18.952+0000] {processor.py:208} INFO - Processing /opt/airflow/dags/dag_with_catchup_and_backfill.py took 0.170 seconds
[2024-09-26T05:21:49.329+0000] {processor.py:186} INFO - Started process (PID=157236) to work on /opt/airflow/dags/dag_with_catchup_and_backfill.py
[2024-09-26T05:21:49.332+0000] {processor.py:914} INFO - Processing file /opt/airflow/dags/dag_with_catchup_and_backfill.py for tasks to queue
[2024-09-26T05:21:49.335+0000] {logging_mixin.py:190} INFO - [2024-09-26T05:21:49.334+0000] {dagbag.py:587} INFO - Filling up the DagBag from /opt/airflow/dags/dag_with_catchup_and_backfill.py
[2024-09-26T05:21:49.459+0000] {processor.py:925} INFO - DAG(s) 'dag_with_catchup_backfill_v01.3' retrieved from /opt/airflow/dags/dag_with_catchup_and_backfill.py
[2024-09-26T05:21:49.488+0000] {logging_mixin.py:190} INFO - [2024-09-26T05:21:49.488+0000] {dag.py:3229} INFO - Sync 1 DAGs
[2024-09-26T05:21:49.509+0000] {logging_mixin.py:190} INFO - [2024-09-26T05:21:49.509+0000] {dag.py:4156} INFO - Setting next_dagrun for dag_with_catchup_backfill_v01.3 to 2024-09-25 00:00:00+00:00, run_after=2024-09-26 00:00:00+00:00
[2024-09-26T05:21:49.535+0000] {processor.py:208} INFO - Processing /opt/airflow/dags/dag_with_catchup_and_backfill.py took 0.217 seconds
[2024-09-26T05:22:20.014+0000] {processor.py:186} INFO - Started process (PID=157279) to work on /opt/airflow/dags/dag_with_catchup_and_backfill.py
[2024-09-26T05:22:20.017+0000] {processor.py:914} INFO - Processing file /opt/airflow/dags/dag_with_catchup_and_backfill.py for tasks to queue
[2024-09-26T05:22:20.019+0000] {logging_mixin.py:190} INFO - [2024-09-26T05:22:20.018+0000] {dagbag.py:587} INFO - Filling up the DagBag from /opt/airflow/dags/dag_with_catchup_and_backfill.py
[2024-09-26T05:22:20.137+0000] {processor.py:925} INFO - DAG(s) 'dag_with_catchup_backfill_v01.3' retrieved from /opt/airflow/dags/dag_with_catchup_and_backfill.py
[2024-09-26T05:22:20.166+0000] {logging_mixin.py:190} INFO - [2024-09-26T05:22:20.166+0000] {dag.py:3229} INFO - Sync 1 DAGs
[2024-09-26T05:22:20.188+0000] {logging_mixin.py:190} INFO - [2024-09-26T05:22:20.188+0000] {dag.py:4156} INFO - Setting next_dagrun for dag_with_catchup_backfill_v01.3 to 2024-09-25 00:00:00+00:00, run_after=2024-09-26 00:00:00+00:00
[2024-09-26T05:22:20.344+0000] {processor.py:208} INFO - Processing /opt/airflow/dags/dag_with_catchup_and_backfill.py took 0.340 seconds
[2024-09-26T05:22:50.684+0000] {processor.py:186} INFO - Started process (PID=157322) to work on /opt/airflow/dags/dag_with_catchup_and_backfill.py
[2024-09-26T05:22:50.685+0000] {processor.py:914} INFO - Processing file /opt/airflow/dags/dag_with_catchup_and_backfill.py for tasks to queue
[2024-09-26T05:22:50.688+0000] {logging_mixin.py:190} INFO - [2024-09-26T05:22:50.688+0000] {dagbag.py:587} INFO - Filling up the DagBag from /opt/airflow/dags/dag_with_catchup_and_backfill.py
[2024-09-26T05:22:50.768+0000] {processor.py:925} INFO - DAG(s) 'dag_with_catchup_backfill_v01.3' retrieved from /opt/airflow/dags/dag_with_catchup_and_backfill.py
[2024-09-26T05:22:50.795+0000] {logging_mixin.py:190} INFO - [2024-09-26T05:22:50.795+0000] {dag.py:3229} INFO - Sync 1 DAGs
[2024-09-26T05:22:50.817+0000] {logging_mixin.py:190} INFO - [2024-09-26T05:22:50.817+0000] {dag.py:4156} INFO - Setting next_dagrun for dag_with_catchup_backfill_v01.3 to 2024-09-25 00:00:00+00:00, run_after=2024-09-26 00:00:00+00:00
[2024-09-26T05:22:50.856+0000] {processor.py:208} INFO - Processing /opt/airflow/dags/dag_with_catchup_and_backfill.py took 0.178 seconds
[2024-09-26T05:23:21.888+0000] {processor.py:186} INFO - Started process (PID=157365) to work on /opt/airflow/dags/dag_with_catchup_and_backfill.py
[2024-09-26T05:23:21.891+0000] {processor.py:914} INFO - Processing file /opt/airflow/dags/dag_with_catchup_and_backfill.py for tasks to queue
[2024-09-26T05:23:21.893+0000] {logging_mixin.py:190} INFO - [2024-09-26T05:23:21.893+0000] {dagbag.py:587} INFO - Filling up the DagBag from /opt/airflow/dags/dag_with_catchup_and_backfill.py
[2024-09-26T05:23:22.008+0000] {processor.py:925} INFO - DAG(s) 'dag_with_catchup_backfill_v01.3' retrieved from /opt/airflow/dags/dag_with_catchup_and_backfill.py
[2024-09-26T05:23:22.034+0000] {logging_mixin.py:190} INFO - [2024-09-26T05:23:22.034+0000] {dag.py:3229} INFO - Sync 1 DAGs
[2024-09-26T05:23:22.054+0000] {logging_mixin.py:190} INFO - [2024-09-26T05:23:22.053+0000] {dag.py:4156} INFO - Setting next_dagrun for dag_with_catchup_backfill_v01.3 to 2024-09-25 00:00:00+00:00, run_after=2024-09-26 00:00:00+00:00
[2024-09-26T05:23:22.080+0000] {processor.py:208} INFO - Processing /opt/airflow/dags/dag_with_catchup_and_backfill.py took 0.202 seconds
[2024-09-26T05:23:52.618+0000] {processor.py:186} INFO - Started process (PID=157408) to work on /opt/airflow/dags/dag_with_catchup_and_backfill.py
[2024-09-26T05:23:52.621+0000] {processor.py:914} INFO - Processing file /opt/airflow/dags/dag_with_catchup_and_backfill.py for tasks to queue
[2024-09-26T05:23:52.623+0000] {logging_mixin.py:190} INFO - [2024-09-26T05:23:52.623+0000] {dagbag.py:587} INFO - Filling up the DagBag from /opt/airflow/dags/dag_with_catchup_and_backfill.py
[2024-09-26T05:23:52.756+0000] {processor.py:925} INFO - DAG(s) 'dag_with_catchup_backfill_v01.3' retrieved from /opt/airflow/dags/dag_with_catchup_and_backfill.py
[2024-09-26T05:23:52.790+0000] {logging_mixin.py:190} INFO - [2024-09-26T05:23:52.790+0000] {dag.py:3229} INFO - Sync 1 DAGs
[2024-09-26T05:23:52.824+0000] {logging_mixin.py:190} INFO - [2024-09-26T05:23:52.824+0000] {dag.py:4156} INFO - Setting next_dagrun for dag_with_catchup_backfill_v01.3 to 2024-09-25 00:00:00+00:00, run_after=2024-09-26 00:00:00+00:00
[2024-09-26T05:23:52.861+0000] {processor.py:208} INFO - Processing /opt/airflow/dags/dag_with_catchup_and_backfill.py took 0.250 seconds
[2024-09-26T05:24:23.496+0000] {processor.py:186} INFO - Started process (PID=157451) to work on /opt/airflow/dags/dag_with_catchup_and_backfill.py
[2024-09-26T05:24:23.498+0000] {processor.py:914} INFO - Processing file /opt/airflow/dags/dag_with_catchup_and_backfill.py for tasks to queue
[2024-09-26T05:24:23.500+0000] {logging_mixin.py:190} INFO - [2024-09-26T05:24:23.500+0000] {dagbag.py:587} INFO - Filling up the DagBag from /opt/airflow/dags/dag_with_catchup_and_backfill.py
[2024-09-26T05:24:23.602+0000] {processor.py:925} INFO - DAG(s) 'dag_with_catchup_backfill_v01.3' retrieved from /opt/airflow/dags/dag_with_catchup_and_backfill.py
[2024-09-26T05:24:23.624+0000] {logging_mixin.py:190} INFO - [2024-09-26T05:24:23.624+0000] {dag.py:3229} INFO - Sync 1 DAGs
[2024-09-26T05:24:23.643+0000] {logging_mixin.py:190} INFO - [2024-09-26T05:24:23.643+0000] {dag.py:4156} INFO - Setting next_dagrun for dag_with_catchup_backfill_v01.3 to 2024-09-25 00:00:00+00:00, run_after=2024-09-26 00:00:00+00:00
[2024-09-26T05:24:23.679+0000] {processor.py:208} INFO - Processing /opt/airflow/dags/dag_with_catchup_and_backfill.py took 0.188 seconds
[2024-09-26T05:24:54.108+0000] {processor.py:186} INFO - Started process (PID=157494) to work on /opt/airflow/dags/dag_with_catchup_and_backfill.py
[2024-09-26T05:24:54.110+0000] {processor.py:914} INFO - Processing file /opt/airflow/dags/dag_with_catchup_and_backfill.py for tasks to queue
[2024-09-26T05:24:54.114+0000] {logging_mixin.py:190} INFO - [2024-09-26T05:24:54.113+0000] {dagbag.py:587} INFO - Filling up the DagBag from /opt/airflow/dags/dag_with_catchup_and_backfill.py
[2024-09-26T05:24:54.187+0000] {processor.py:925} INFO - DAG(s) 'dag_with_catchup_backfill_v01.3' retrieved from /opt/airflow/dags/dag_with_catchup_and_backfill.py
[2024-09-26T05:24:54.218+0000] {logging_mixin.py:190} INFO - [2024-09-26T05:24:54.218+0000] {dag.py:3229} INFO - Sync 1 DAGs
[2024-09-26T05:24:54.256+0000] {logging_mixin.py:190} INFO - [2024-09-26T05:24:54.256+0000] {dag.py:4156} INFO - Setting next_dagrun for dag_with_catchup_backfill_v01.3 to 2024-09-25 00:00:00+00:00, run_after=2024-09-26 00:00:00+00:00
[2024-09-26T05:24:54.284+0000] {processor.py:208} INFO - Processing /opt/airflow/dags/dag_with_catchup_and_backfill.py took 0.181 seconds
[2024-09-26T05:25:25.239+0000] {processor.py:186} INFO - Started process (PID=157537) to work on /opt/airflow/dags/dag_with_catchup_and_backfill.py
[2024-09-26T05:25:25.241+0000] {processor.py:914} INFO - Processing file /opt/airflow/dags/dag_with_catchup_and_backfill.py for tasks to queue
[2024-09-26T05:25:25.243+0000] {logging_mixin.py:190} INFO - [2024-09-26T05:25:25.243+0000] {dagbag.py:587} INFO - Filling up the DagBag from /opt/airflow/dags/dag_with_catchup_and_backfill.py
[2024-09-26T05:25:25.341+0000] {processor.py:925} INFO - DAG(s) 'dag_with_catchup_backfill_v01.3' retrieved from /opt/airflow/dags/dag_with_catchup_and_backfill.py
[2024-09-26T05:25:25.368+0000] {logging_mixin.py:190} INFO - [2024-09-26T05:25:25.368+0000] {dag.py:3229} INFO - Sync 1 DAGs
[2024-09-26T05:25:25.516+0000] {logging_mixin.py:190} INFO - [2024-09-26T05:25:25.516+0000] {dag.py:4156} INFO - Setting next_dagrun for dag_with_catchup_backfill_v01.3 to 2024-09-25 00:00:00+00:00, run_after=2024-09-26 00:00:00+00:00
[2024-09-26T05:25:25.540+0000] {processor.py:208} INFO - Processing /opt/airflow/dags/dag_with_catchup_and_backfill.py took 0.312 seconds
[2024-09-26T05:25:56.057+0000] {processor.py:186} INFO - Started process (PID=157578) to work on /opt/airflow/dags/dag_with_catchup_and_backfill.py
[2024-09-26T05:25:56.058+0000] {processor.py:914} INFO - Processing file /opt/airflow/dags/dag_with_catchup_and_backfill.py for tasks to queue
[2024-09-26T05:25:56.060+0000] {logging_mixin.py:190} INFO - [2024-09-26T05:25:56.060+0000] {dagbag.py:587} INFO - Filling up the DagBag from /opt/airflow/dags/dag_with_catchup_and_backfill.py
[2024-09-26T05:25:56.149+0000] {processor.py:925} INFO - DAG(s) 'dag_with_catchup_backfill_v01.3' retrieved from /opt/airflow/dags/dag_with_catchup_and_backfill.py
[2024-09-26T05:25:56.173+0000] {logging_mixin.py:190} INFO - [2024-09-26T05:25:56.173+0000] {dag.py:3229} INFO - Sync 1 DAGs
[2024-09-26T05:25:56.197+0000] {logging_mixin.py:190} INFO - [2024-09-26T05:25:56.197+0000] {dag.py:4156} INFO - Setting next_dagrun for dag_with_catchup_backfill_v01.3 to 2024-09-25 00:00:00+00:00, run_after=2024-09-26 00:00:00+00:00
[2024-09-26T05:25:56.220+0000] {processor.py:208} INFO - Processing /opt/airflow/dags/dag_with_catchup_and_backfill.py took 0.168 seconds
[2024-09-26T05:26:26.893+0000] {processor.py:186} INFO - Started process (PID=157621) to work on /opt/airflow/dags/dag_with_catchup_and_backfill.py
[2024-09-26T05:26:26.894+0000] {processor.py:914} INFO - Processing file /opt/airflow/dags/dag_with_catchup_and_backfill.py for tasks to queue
[2024-09-26T05:26:26.896+0000] {logging_mixin.py:190} INFO - [2024-09-26T05:26:26.896+0000] {dagbag.py:587} INFO - Filling up the DagBag from /opt/airflow/dags/dag_with_catchup_and_backfill.py
[2024-09-26T05:26:27.002+0000] {processor.py:925} INFO - DAG(s) 'dag_with_catchup_backfill_v01.3' retrieved from /opt/airflow/dags/dag_with_catchup_and_backfill.py
[2024-09-26T05:26:27.037+0000] {logging_mixin.py:190} INFO - [2024-09-26T05:26:27.037+0000] {dag.py:3229} INFO - Sync 1 DAGs
[2024-09-26T05:26:27.064+0000] {logging_mixin.py:190} INFO - [2024-09-26T05:26:27.063+0000] {dag.py:4156} INFO - Setting next_dagrun for dag_with_catchup_backfill_v01.3 to 2024-09-25 00:00:00+00:00, run_after=2024-09-26 00:00:00+00:00
[2024-09-26T05:26:27.090+0000] {processor.py:208} INFO - Processing /opt/airflow/dags/dag_with_catchup_and_backfill.py took 0.203 seconds
[2024-09-26T05:26:57.571+0000] {processor.py:186} INFO - Started process (PID=157664) to work on /opt/airflow/dags/dag_with_catchup_and_backfill.py
[2024-09-26T05:26:57.573+0000] {processor.py:914} INFO - Processing file /opt/airflow/dags/dag_with_catchup_and_backfill.py for tasks to queue
[2024-09-26T05:26:57.576+0000] {logging_mixin.py:190} INFO - [2024-09-26T05:26:57.575+0000] {dagbag.py:587} INFO - Filling up the DagBag from /opt/airflow/dags/dag_with_catchup_and_backfill.py
[2024-09-26T05:26:57.681+0000] {processor.py:925} INFO - DAG(s) 'dag_with_catchup_backfill_v01.3' retrieved from /opt/airflow/dags/dag_with_catchup_and_backfill.py
[2024-09-26T05:26:57.707+0000] {logging_mixin.py:190} INFO - [2024-09-26T05:26:57.707+0000] {dag.py:3229} INFO - Sync 1 DAGs
[2024-09-26T05:26:57.729+0000] {logging_mixin.py:190} INFO - [2024-09-26T05:26:57.729+0000] {dag.py:4156} INFO - Setting next_dagrun for dag_with_catchup_backfill_v01.3 to 2024-09-25 00:00:00+00:00, run_after=2024-09-26 00:00:00+00:00
[2024-09-26T05:26:57.756+0000] {processor.py:208} INFO - Processing /opt/airflow/dags/dag_with_catchup_and_backfill.py took 0.199 seconds
[2024-09-26T05:27:28.243+0000] {processor.py:186} INFO - Started process (PID=157707) to work on /opt/airflow/dags/dag_with_catchup_and_backfill.py
[2024-09-26T05:27:28.244+0000] {processor.py:914} INFO - Processing file /opt/airflow/dags/dag_with_catchup_and_backfill.py for tasks to queue
[2024-09-26T05:27:28.247+0000] {logging_mixin.py:190} INFO - [2024-09-26T05:27:28.246+0000] {dagbag.py:587} INFO - Filling up the DagBag from /opt/airflow/dags/dag_with_catchup_and_backfill.py
[2024-09-26T05:27:28.308+0000] {processor.py:925} INFO - DAG(s) 'dag_with_catchup_backfill_v01.3' retrieved from /opt/airflow/dags/dag_with_catchup_and_backfill.py
[2024-09-26T05:27:28.347+0000] {logging_mixin.py:190} INFO - [2024-09-26T05:27:28.347+0000] {dag.py:3229} INFO - Sync 1 DAGs
[2024-09-26T05:27:28.384+0000] {logging_mixin.py:190} INFO - [2024-09-26T05:27:28.383+0000] {dag.py:4156} INFO - Setting next_dagrun for dag_with_catchup_backfill_v01.3 to 2024-09-25 00:00:00+00:00, run_after=2024-09-26 00:00:00+00:00
[2024-09-26T05:27:28.413+0000] {processor.py:208} INFO - Processing /opt/airflow/dags/dag_with_catchup_and_backfill.py took 0.181 seconds
[2024-09-26T05:27:59.108+0000] {processor.py:186} INFO - Started process (PID=157750) to work on /opt/airflow/dags/dag_with_catchup_and_backfill.py
[2024-09-26T05:27:59.110+0000] {processor.py:914} INFO - Processing file /opt/airflow/dags/dag_with_catchup_and_backfill.py for tasks to queue
[2024-09-26T05:27:59.111+0000] {logging_mixin.py:190} INFO - [2024-09-26T05:27:59.111+0000] {dagbag.py:587} INFO - Filling up the DagBag from /opt/airflow/dags/dag_with_catchup_and_backfill.py
[2024-09-26T05:27:59.212+0000] {processor.py:925} INFO - DAG(s) 'dag_with_catchup_backfill_v01.3' retrieved from /opt/airflow/dags/dag_with_catchup_and_backfill.py
[2024-09-26T05:27:59.239+0000] {logging_mixin.py:190} INFO - [2024-09-26T05:27:59.239+0000] {dag.py:3229} INFO - Sync 1 DAGs
[2024-09-26T05:27:59.265+0000] {logging_mixin.py:190} INFO - [2024-09-26T05:27:59.265+0000] {dag.py:4156} INFO - Setting next_dagrun for dag_with_catchup_backfill_v01.3 to 2024-09-25 00:00:00+00:00, run_after=2024-09-26 00:00:00+00:00
[2024-09-26T05:27:59.446+0000] {processor.py:208} INFO - Processing /opt/airflow/dags/dag_with_catchup_and_backfill.py took 0.348 seconds
[2024-09-26T05:28:30.071+0000] {processor.py:186} INFO - Started process (PID=157793) to work on /opt/airflow/dags/dag_with_catchup_and_backfill.py
[2024-09-26T05:28:30.072+0000] {processor.py:914} INFO - Processing file /opt/airflow/dags/dag_with_catchup_and_backfill.py for tasks to queue
[2024-09-26T05:28:30.075+0000] {logging_mixin.py:190} INFO - [2024-09-26T05:28:30.074+0000] {dagbag.py:587} INFO - Filling up the DagBag from /opt/airflow/dags/dag_with_catchup_and_backfill.py
[2024-09-26T05:28:30.156+0000] {processor.py:925} INFO - DAG(s) 'dag_with_catchup_backfill_v01.3' retrieved from /opt/airflow/dags/dag_with_catchup_and_backfill.py
[2024-09-26T05:28:30.184+0000] {logging_mixin.py:190} INFO - [2024-09-26T05:28:30.184+0000] {dag.py:3229} INFO - Sync 1 DAGs
[2024-09-26T05:28:30.216+0000] {logging_mixin.py:190} INFO - [2024-09-26T05:28:30.215+0000] {dag.py:4156} INFO - Setting next_dagrun for dag_with_catchup_backfill_v01.3 to 2024-09-25 00:00:00+00:00, run_after=2024-09-26 00:00:00+00:00
[2024-09-26T05:28:30.245+0000] {processor.py:208} INFO - Processing /opt/airflow/dags/dag_with_catchup_and_backfill.py took 0.181 seconds
[2024-09-26T05:29:00.683+0000] {processor.py:186} INFO - Started process (PID=157836) to work on /opt/airflow/dags/dag_with_catchup_and_backfill.py
[2024-09-26T05:29:00.685+0000] {processor.py:914} INFO - Processing file /opt/airflow/dags/dag_with_catchup_and_backfill.py for tasks to queue
[2024-09-26T05:29:00.687+0000] {logging_mixin.py:190} INFO - [2024-09-26T05:29:00.687+0000] {dagbag.py:587} INFO - Filling up the DagBag from /opt/airflow/dags/dag_with_catchup_and_backfill.py
[2024-09-26T05:29:00.792+0000] {processor.py:925} INFO - DAG(s) 'dag_with_catchup_backfill_v01.3' retrieved from /opt/airflow/dags/dag_with_catchup_and_backfill.py
[2024-09-26T05:29:00.834+0000] {logging_mixin.py:190} INFO - [2024-09-26T05:29:00.833+0000] {dag.py:3229} INFO - Sync 1 DAGs
[2024-09-26T05:29:00.868+0000] {logging_mixin.py:190} INFO - [2024-09-26T05:29:00.868+0000] {dag.py:4156} INFO - Setting next_dagrun for dag_with_catchup_backfill_v01.3 to 2024-09-25 00:00:00+00:00, run_after=2024-09-26 00:00:00+00:00
[2024-09-26T05:29:00.899+0000] {processor.py:208} INFO - Processing /opt/airflow/dags/dag_with_catchup_and_backfill.py took 0.225 seconds
[2024-09-26T05:29:31.223+0000] {processor.py:186} INFO - Started process (PID=157879) to work on /opt/airflow/dags/dag_with_catchup_and_backfill.py
[2024-09-26T05:29:31.226+0000] {processor.py:914} INFO - Processing file /opt/airflow/dags/dag_with_catchup_and_backfill.py for tasks to queue
[2024-09-26T05:29:31.229+0000] {logging_mixin.py:190} INFO - [2024-09-26T05:29:31.229+0000] {dagbag.py:587} INFO - Filling up the DagBag from /opt/airflow/dags/dag_with_catchup_and_backfill.py
[2024-09-26T05:29:31.336+0000] {processor.py:925} INFO - DAG(s) 'dag_with_catchup_backfill_v01.3' retrieved from /opt/airflow/dags/dag_with_catchup_and_backfill.py
[2024-09-26T05:29:31.378+0000] {logging_mixin.py:190} INFO - [2024-09-26T05:29:31.377+0000] {dag.py:3229} INFO - Sync 1 DAGs
[2024-09-26T05:29:31.400+0000] {logging_mixin.py:190} INFO - [2024-09-26T05:29:31.400+0000] {dag.py:4156} INFO - Setting next_dagrun for dag_with_catchup_backfill_v01.3 to 2024-09-25 00:00:00+00:00, run_after=2024-09-26 00:00:00+00:00
[2024-09-26T05:29:31.428+0000] {processor.py:208} INFO - Processing /opt/airflow/dags/dag_with_catchup_and_backfill.py took 0.212 seconds
[2024-09-26T05:30:01.845+0000] {processor.py:186} INFO - Started process (PID=157922) to work on /opt/airflow/dags/dag_with_catchup_and_backfill.py
[2024-09-26T05:30:01.847+0000] {processor.py:914} INFO - Processing file /opt/airflow/dags/dag_with_catchup_and_backfill.py for tasks to queue
[2024-09-26T05:30:01.850+0000] {logging_mixin.py:190} INFO - [2024-09-26T05:30:01.849+0000] {dagbag.py:587} INFO - Filling up the DagBag from /opt/airflow/dags/dag_with_catchup_and_backfill.py
[2024-09-26T05:30:01.947+0000] {processor.py:925} INFO - DAG(s) 'dag_with_catchup_backfill_v01.3' retrieved from /opt/airflow/dags/dag_with_catchup_and_backfill.py
[2024-09-26T05:30:01.972+0000] {logging_mixin.py:190} INFO - [2024-09-26T05:30:01.972+0000] {dag.py:3229} INFO - Sync 1 DAGs
[2024-09-26T05:30:01.993+0000] {logging_mixin.py:190} INFO - [2024-09-26T05:30:01.993+0000] {dag.py:4156} INFO - Setting next_dagrun for dag_with_catchup_backfill_v01.3 to 2024-09-25 00:00:00+00:00, run_after=2024-09-26 00:00:00+00:00
[2024-09-26T05:30:02.018+0000] {processor.py:208} INFO - Processing /opt/airflow/dags/dag_with_catchup_and_backfill.py took 0.185 seconds
[2024-09-26T05:30:32.368+0000] {processor.py:186} INFO - Started process (PID=157965) to work on /opt/airflow/dags/dag_with_catchup_and_backfill.py
[2024-09-26T05:30:32.371+0000] {processor.py:914} INFO - Processing file /opt/airflow/dags/dag_with_catchup_and_backfill.py for tasks to queue
[2024-09-26T05:30:32.374+0000] {logging_mixin.py:190} INFO - [2024-09-26T05:30:32.373+0000] {dagbag.py:587} INFO - Filling up the DagBag from /opt/airflow/dags/dag_with_catchup_and_backfill.py
[2024-09-26T05:30:32.463+0000] {processor.py:925} INFO - DAG(s) 'dag_with_catchup_backfill_v01.3' retrieved from /opt/airflow/dags/dag_with_catchup_and_backfill.py
[2024-09-26T05:30:32.490+0000] {logging_mixin.py:190} INFO - [2024-09-26T05:30:32.489+0000] {dag.py:3229} INFO - Sync 1 DAGs
[2024-09-26T05:30:32.516+0000] {logging_mixin.py:190} INFO - [2024-09-26T05:30:32.516+0000] {dag.py:4156} INFO - Setting next_dagrun for dag_with_catchup_backfill_v01.3 to 2024-09-25 00:00:00+00:00, run_after=2024-09-26 00:00:00+00:00
[2024-09-26T05:30:32.688+0000] {processor.py:208} INFO - Processing /opt/airflow/dags/dag_with_catchup_and_backfill.py took 0.325 seconds
[2024-09-26T05:31:03.357+0000] {processor.py:186} INFO - Started process (PID=158008) to work on /opt/airflow/dags/dag_with_catchup_and_backfill.py
[2024-09-26T05:31:03.359+0000] {processor.py:914} INFO - Processing file /opt/airflow/dags/dag_with_catchup_and_backfill.py for tasks to queue
[2024-09-26T05:31:03.361+0000] {logging_mixin.py:190} INFO - [2024-09-26T05:31:03.361+0000] {dagbag.py:587} INFO - Filling up the DagBag from /opt/airflow/dags/dag_with_catchup_and_backfill.py
[2024-09-26T05:31:03.451+0000] {processor.py:925} INFO - DAG(s) 'dag_with_catchup_backfill_v01.3' retrieved from /opt/airflow/dags/dag_with_catchup_and_backfill.py
[2024-09-26T05:31:03.477+0000] {logging_mixin.py:190} INFO - [2024-09-26T05:31:03.477+0000] {dag.py:3229} INFO - Sync 1 DAGs
[2024-09-26T05:31:03.626+0000] {logging_mixin.py:190} INFO - [2024-09-26T05:31:03.626+0000] {dag.py:4156} INFO - Setting next_dagrun for dag_with_catchup_backfill_v01.3 to 2024-09-25 00:00:00+00:00, run_after=2024-09-26 00:00:00+00:00
[2024-09-26T05:31:03.663+0000] {processor.py:208} INFO - Processing /opt/airflow/dags/dag_with_catchup_and_backfill.py took 0.311 seconds
[2024-09-26T05:31:33.934+0000] {processor.py:186} INFO - Started process (PID=158053) to work on /opt/airflow/dags/dag_with_catchup_and_backfill.py
[2024-09-26T05:31:33.936+0000] {processor.py:914} INFO - Processing file /opt/airflow/dags/dag_with_catchup_and_backfill.py for tasks to queue
[2024-09-26T05:31:33.939+0000] {logging_mixin.py:190} INFO - [2024-09-26T05:31:33.938+0000] {dagbag.py:587} INFO - Filling up the DagBag from /opt/airflow/dags/dag_with_catchup_and_backfill.py
[2024-09-26T05:31:34.047+0000] {processor.py:925} INFO - DAG(s) 'dag_with_catchup_backfill_v01.3' retrieved from /opt/airflow/dags/dag_with_catchup_and_backfill.py
[2024-09-26T05:31:34.097+0000] {logging_mixin.py:190} INFO - [2024-09-26T05:31:34.097+0000] {dag.py:3229} INFO - Sync 1 DAGs
[2024-09-26T05:31:34.146+0000] {logging_mixin.py:190} INFO - [2024-09-26T05:31:34.146+0000] {dag.py:4156} INFO - Setting next_dagrun for dag_with_catchup_backfill_v01.3 to 2024-09-25 00:00:00+00:00, run_after=2024-09-26 00:00:00+00:00
[2024-09-26T05:31:34.193+0000] {processor.py:208} INFO - Processing /opt/airflow/dags/dag_with_catchup_and_backfill.py took 0.267 seconds
[2024-09-26T05:32:05.095+0000] {processor.py:186} INFO - Started process (PID=158096) to work on /opt/airflow/dags/dag_with_catchup_and_backfill.py
[2024-09-26T05:32:05.097+0000] {processor.py:914} INFO - Processing file /opt/airflow/dags/dag_with_catchup_and_backfill.py for tasks to queue
[2024-09-26T05:32:05.099+0000] {logging_mixin.py:190} INFO - [2024-09-26T05:32:05.099+0000] {dagbag.py:587} INFO - Filling up the DagBag from /opt/airflow/dags/dag_with_catchup_and_backfill.py
[2024-09-26T05:32:05.184+0000] {processor.py:925} INFO - DAG(s) 'dag_with_catchup_backfill_v01.3' retrieved from /opt/airflow/dags/dag_with_catchup_and_backfill.py
[2024-09-26T05:32:05.212+0000] {logging_mixin.py:190} INFO - [2024-09-26T05:32:05.212+0000] {dag.py:3229} INFO - Sync 1 DAGs
[2024-09-26T05:32:05.242+0000] {logging_mixin.py:190} INFO - [2024-09-26T05:32:05.242+0000] {dag.py:4156} INFO - Setting next_dagrun for dag_with_catchup_backfill_v01.3 to 2024-09-25 00:00:00+00:00, run_after=2024-09-26 00:00:00+00:00
[2024-09-26T05:32:05.273+0000] {processor.py:208} INFO - Processing /opt/airflow/dags/dag_with_catchup_and_backfill.py took 0.185 seconds
[2024-09-26T05:32:35.850+0000] {processor.py:186} INFO - Started process (PID=158139) to work on /opt/airflow/dags/dag_with_catchup_and_backfill.py
[2024-09-26T05:32:35.851+0000] {processor.py:914} INFO - Processing file /opt/airflow/dags/dag_with_catchup_and_backfill.py for tasks to queue
[2024-09-26T05:32:35.853+0000] {logging_mixin.py:190} INFO - [2024-09-26T05:32:35.853+0000] {dagbag.py:587} INFO - Filling up the DagBag from /opt/airflow/dags/dag_with_catchup_and_backfill.py
[2024-09-26T05:32:35.965+0000] {processor.py:925} INFO - DAG(s) 'dag_with_catchup_backfill_v01.3' retrieved from /opt/airflow/dags/dag_with_catchup_and_backfill.py
[2024-09-26T05:32:35.989+0000] {logging_mixin.py:190} INFO - [2024-09-26T05:32:35.989+0000] {dag.py:3229} INFO - Sync 1 DAGs
[2024-09-26T05:32:36.012+0000] {logging_mixin.py:190} INFO - [2024-09-26T05:32:36.012+0000] {dag.py:4156} INFO - Setting next_dagrun for dag_with_catchup_backfill_v01.3 to 2024-09-25 00:00:00+00:00, run_after=2024-09-26 00:00:00+00:00
[2024-09-26T05:32:36.037+0000] {processor.py:208} INFO - Processing /opt/airflow/dags/dag_with_catchup_and_backfill.py took 0.192 seconds
[2024-09-26T05:33:06.528+0000] {processor.py:186} INFO - Started process (PID=158182) to work on /opt/airflow/dags/dag_with_catchup_and_backfill.py
[2024-09-26T05:33:06.530+0000] {processor.py:914} INFO - Processing file /opt/airflow/dags/dag_with_catchup_and_backfill.py for tasks to queue
[2024-09-26T05:33:06.532+0000] {logging_mixin.py:190} INFO - [2024-09-26T05:33:06.532+0000] {dagbag.py:587} INFO - Filling up the DagBag from /opt/airflow/dags/dag_with_catchup_and_backfill.py
[2024-09-26T05:33:06.617+0000] {processor.py:925} INFO - DAG(s) 'dag_with_catchup_backfill_v01.3' retrieved from /opt/airflow/dags/dag_with_catchup_and_backfill.py
[2024-09-26T05:33:06.648+0000] {logging_mixin.py:190} INFO - [2024-09-26T05:33:06.648+0000] {dag.py:3229} INFO - Sync 1 DAGs
[2024-09-26T05:33:06.686+0000] {logging_mixin.py:190} INFO - [2024-09-26T05:33:06.685+0000] {dag.py:4156} INFO - Setting next_dagrun for dag_with_catchup_backfill_v01.3 to 2024-09-25 00:00:00+00:00, run_after=2024-09-26 00:00:00+00:00
[2024-09-26T05:33:06.715+0000] {processor.py:208} INFO - Processing /opt/airflow/dags/dag_with_catchup_and_backfill.py took 0.193 seconds
[2024-09-26T05:33:37.455+0000] {processor.py:186} INFO - Started process (PID=158225) to work on /opt/airflow/dags/dag_with_catchup_and_backfill.py
[2024-09-26T05:33:37.457+0000] {processor.py:914} INFO - Processing file /opt/airflow/dags/dag_with_catchup_and_backfill.py for tasks to queue
[2024-09-26T05:33:37.459+0000] {logging_mixin.py:190} INFO - [2024-09-26T05:33:37.459+0000] {dagbag.py:587} INFO - Filling up the DagBag from /opt/airflow/dags/dag_with_catchup_and_backfill.py
[2024-09-26T05:33:37.573+0000] {processor.py:925} INFO - DAG(s) 'dag_with_catchup_backfill_v01.3' retrieved from /opt/airflow/dags/dag_with_catchup_and_backfill.py
[2024-09-26T05:33:37.599+0000] {logging_mixin.py:190} INFO - [2024-09-26T05:33:37.599+0000] {dag.py:3229} INFO - Sync 1 DAGs
[2024-09-26T05:33:37.740+0000] {logging_mixin.py:190} INFO - [2024-09-26T05:33:37.739+0000] {dag.py:4156} INFO - Setting next_dagrun for dag_with_catchup_backfill_v01.3 to 2024-09-25 00:00:00+00:00, run_after=2024-09-26 00:00:00+00:00
[2024-09-26T05:33:37.781+0000] {processor.py:208} INFO - Processing /opt/airflow/dags/dag_with_catchup_and_backfill.py took 0.335 seconds
[2024-09-26T05:34:08.145+0000] {processor.py:186} INFO - Started process (PID=158268) to work on /opt/airflow/dags/dag_with_catchup_and_backfill.py
[2024-09-26T05:34:08.148+0000] {processor.py:914} INFO - Processing file /opt/airflow/dags/dag_with_catchup_and_backfill.py for tasks to queue
[2024-09-26T05:34:08.151+0000] {logging_mixin.py:190} INFO - [2024-09-26T05:34:08.150+0000] {dagbag.py:587} INFO - Filling up the DagBag from /opt/airflow/dags/dag_with_catchup_and_backfill.py
[2024-09-26T05:34:08.237+0000] {processor.py:925} INFO - DAG(s) 'dag_with_catchup_backfill_v01.3' retrieved from /opt/airflow/dags/dag_with_catchup_and_backfill.py
[2024-09-26T05:34:08.276+0000] {logging_mixin.py:190} INFO - [2024-09-26T05:34:08.276+0000] {dag.py:3229} INFO - Sync 1 DAGs
[2024-09-26T05:34:08.306+0000] {logging_mixin.py:190} INFO - [2024-09-26T05:34:08.305+0000] {dag.py:4156} INFO - Setting next_dagrun for dag_with_catchup_backfill_v01.3 to 2024-09-25 00:00:00+00:00, run_after=2024-09-26 00:00:00+00:00
[2024-09-26T05:34:08.342+0000] {processor.py:208} INFO - Processing /opt/airflow/dags/dag_with_catchup_and_backfill.py took 0.204 seconds
[2024-09-26T05:34:38.755+0000] {processor.py:186} INFO - Started process (PID=158311) to work on /opt/airflow/dags/dag_with_catchup_and_backfill.py
[2024-09-26T05:34:38.757+0000] {processor.py:914} INFO - Processing file /opt/airflow/dags/dag_with_catchup_and_backfill.py for tasks to queue
[2024-09-26T05:34:38.761+0000] {logging_mixin.py:190} INFO - [2024-09-26T05:34:38.760+0000] {dagbag.py:587} INFO - Filling up the DagBag from /opt/airflow/dags/dag_with_catchup_and_backfill.py
[2024-09-26T05:34:38.857+0000] {processor.py:925} INFO - DAG(s) 'dag_with_catchup_backfill_v01.3' retrieved from /opt/airflow/dags/dag_with_catchup_and_backfill.py
[2024-09-26T05:34:38.884+0000] {logging_mixin.py:190} INFO - [2024-09-26T05:34:38.884+0000] {dag.py:3229} INFO - Sync 1 DAGs
[2024-09-26T05:34:38.915+0000] {logging_mixin.py:190} INFO - [2024-09-26T05:34:38.914+0000] {dag.py:4156} INFO - Setting next_dagrun for dag_with_catchup_backfill_v01.3 to 2024-09-25 00:00:00+00:00, run_after=2024-09-26 00:00:00+00:00
[2024-09-26T05:34:38.947+0000] {processor.py:208} INFO - Processing /opt/airflow/dags/dag_with_catchup_and_backfill.py took 0.201 seconds
[2024-09-26T05:35:09.333+0000] {processor.py:186} INFO - Started process (PID=158352) to work on /opt/airflow/dags/dag_with_catchup_and_backfill.py
[2024-09-26T05:35:09.337+0000] {processor.py:914} INFO - Processing file /opt/airflow/dags/dag_with_catchup_and_backfill.py for tasks to queue
[2024-09-26T05:35:09.340+0000] {logging_mixin.py:190} INFO - [2024-09-26T05:35:09.339+0000] {dagbag.py:587} INFO - Filling up the DagBag from /opt/airflow/dags/dag_with_catchup_and_backfill.py
[2024-09-26T05:35:09.430+0000] {processor.py:925} INFO - DAG(s) 'dag_with_catchup_backfill_v01.3' retrieved from /opt/airflow/dags/dag_with_catchup_and_backfill.py
[2024-09-26T05:35:09.460+0000] {logging_mixin.py:190} INFO - [2024-09-26T05:35:09.460+0000] {dag.py:3229} INFO - Sync 1 DAGs
[2024-09-26T05:35:09.487+0000] {logging_mixin.py:190} INFO - [2024-09-26T05:35:09.487+0000] {dag.py:4156} INFO - Setting next_dagrun for dag_with_catchup_backfill_v01.3 to 2024-09-25 00:00:00+00:00, run_after=2024-09-26 00:00:00+00:00
[2024-09-26T05:35:09.518+0000] {processor.py:208} INFO - Processing /opt/airflow/dags/dag_with_catchup_and_backfill.py took 0.191 seconds
[2024-09-26T05:35:39.923+0000] {processor.py:186} INFO - Started process (PID=158395) to work on /opt/airflow/dags/dag_with_catchup_and_backfill.py
[2024-09-26T05:35:39.925+0000] {processor.py:914} INFO - Processing file /opt/airflow/dags/dag_with_catchup_and_backfill.py for tasks to queue
[2024-09-26T05:35:39.927+0000] {logging_mixin.py:190} INFO - [2024-09-26T05:35:39.926+0000] {dagbag.py:587} INFO - Filling up the DagBag from /opt/airflow/dags/dag_with_catchup_and_backfill.py
[2024-09-26T05:35:40.005+0000] {processor.py:925} INFO - DAG(s) 'dag_with_catchup_backfill_v01.3' retrieved from /opt/airflow/dags/dag_with_catchup_and_backfill.py
[2024-09-26T05:35:40.031+0000] {logging_mixin.py:190} INFO - [2024-09-26T05:35:40.031+0000] {dag.py:3229} INFO - Sync 1 DAGs
[2024-09-26T05:35:40.053+0000] {logging_mixin.py:190} INFO - [2024-09-26T05:35:40.053+0000] {dag.py:4156} INFO - Setting next_dagrun for dag_with_catchup_backfill_v01.3 to 2024-09-25 00:00:00+00:00, run_after=2024-09-26 00:00:00+00:00
[2024-09-26T05:35:40.079+0000] {processor.py:208} INFO - Processing /opt/airflow/dags/dag_with_catchup_and_backfill.py took 0.164 seconds
[2024-09-26T05:36:10.796+0000] {processor.py:186} INFO - Started process (PID=158438) to work on /opt/airflow/dags/dag_with_catchup_and_backfill.py
[2024-09-26T05:36:10.799+0000] {processor.py:914} INFO - Processing file /opt/airflow/dags/dag_with_catchup_and_backfill.py for tasks to queue
[2024-09-26T05:36:10.803+0000] {logging_mixin.py:190} INFO - [2024-09-26T05:36:10.802+0000] {dagbag.py:587} INFO - Filling up the DagBag from /opt/airflow/dags/dag_with_catchup_and_backfill.py
[2024-09-26T05:36:10.906+0000] {processor.py:925} INFO - DAG(s) 'dag_with_catchup_backfill_v01.3' retrieved from /opt/airflow/dags/dag_with_catchup_and_backfill.py
[2024-09-26T05:36:10.935+0000] {logging_mixin.py:190} INFO - [2024-09-26T05:36:10.935+0000] {dag.py:3229} INFO - Sync 1 DAGs
[2024-09-26T05:36:11.124+0000] {logging_mixin.py:190} INFO - [2024-09-26T05:36:11.124+0000] {dag.py:4156} INFO - Setting next_dagrun for dag_with_catchup_backfill_v01.3 to 2024-09-25 00:00:00+00:00, run_after=2024-09-26 00:00:00+00:00
[2024-09-26T05:36:11.147+0000] {processor.py:208} INFO - Processing /opt/airflow/dags/dag_with_catchup_and_backfill.py took 0.363 seconds
[2024-09-26T05:36:41.667+0000] {processor.py:186} INFO - Started process (PID=158481) to work on /opt/airflow/dags/dag_with_catchup_and_backfill.py
[2024-09-26T05:36:41.670+0000] {processor.py:914} INFO - Processing file /opt/airflow/dags/dag_with_catchup_and_backfill.py for tasks to queue
[2024-09-26T05:36:41.672+0000] {logging_mixin.py:190} INFO - [2024-09-26T05:36:41.672+0000] {dagbag.py:587} INFO - Filling up the DagBag from /opt/airflow/dags/dag_with_catchup_and_backfill.py
[2024-09-26T05:36:41.764+0000] {processor.py:925} INFO - DAG(s) 'dag_with_catchup_backfill_v01.3' retrieved from /opt/airflow/dags/dag_with_catchup_and_backfill.py
[2024-09-26T05:36:41.787+0000] {logging_mixin.py:190} INFO - [2024-09-26T05:36:41.787+0000] {dag.py:3229} INFO - Sync 1 DAGs
[2024-09-26T05:36:41.809+0000] {logging_mixin.py:190} INFO - [2024-09-26T05:36:41.808+0000] {dag.py:4156} INFO - Setting next_dagrun for dag_with_catchup_backfill_v01.3 to 2024-09-25 00:00:00+00:00, run_after=2024-09-26 00:00:00+00:00
[2024-09-26T05:36:41.830+0000] {processor.py:208} INFO - Processing /opt/airflow/dags/dag_with_catchup_and_backfill.py took 0.174 seconds
[2024-09-26T05:37:12.283+0000] {processor.py:186} INFO - Started process (PID=158524) to work on /opt/airflow/dags/dag_with_catchup_and_backfill.py
[2024-09-26T05:37:12.289+0000] {processor.py:914} INFO - Processing file /opt/airflow/dags/dag_with_catchup_and_backfill.py for tasks to queue
[2024-09-26T05:37:12.292+0000] {logging_mixin.py:190} INFO - [2024-09-26T05:37:12.291+0000] {dagbag.py:587} INFO - Filling up the DagBag from /opt/airflow/dags/dag_with_catchup_and_backfill.py
[2024-09-26T05:37:12.418+0000] {processor.py:925} INFO - DAG(s) 'dag_with_catchup_backfill_v01.3' retrieved from /opt/airflow/dags/dag_with_catchup_and_backfill.py
[2024-09-26T05:37:12.444+0000] {logging_mixin.py:190} INFO - [2024-09-26T05:37:12.444+0000] {dag.py:3229} INFO - Sync 1 DAGs
[2024-09-26T05:37:12.469+0000] {logging_mixin.py:190} INFO - [2024-09-26T05:37:12.469+0000] {dag.py:4156} INFO - Setting next_dagrun for dag_with_catchup_backfill_v01.3 to 2024-09-25 00:00:00+00:00, run_after=2024-09-26 00:00:00+00:00
[2024-09-26T05:37:12.493+0000] {processor.py:208} INFO - Processing /opt/airflow/dags/dag_with_catchup_and_backfill.py took 0.217 seconds
[2024-09-26T05:37:43.162+0000] {processor.py:186} INFO - Started process (PID=158567) to work on /opt/airflow/dags/dag_with_catchup_and_backfill.py
[2024-09-26T05:37:43.165+0000] {processor.py:914} INFO - Processing file /opt/airflow/dags/dag_with_catchup_and_backfill.py for tasks to queue
[2024-09-26T05:37:43.168+0000] {logging_mixin.py:190} INFO - [2024-09-26T05:37:43.168+0000] {dagbag.py:587} INFO - Filling up the DagBag from /opt/airflow/dags/dag_with_catchup_and_backfill.py
[2024-09-26T05:37:43.276+0000] {processor.py:925} INFO - DAG(s) 'dag_with_catchup_backfill_v01.3' retrieved from /opt/airflow/dags/dag_with_catchup_and_backfill.py
[2024-09-26T05:37:43.298+0000] {logging_mixin.py:190} INFO - [2024-09-26T05:37:43.298+0000] {dag.py:3229} INFO - Sync 1 DAGs
[2024-09-26T05:37:43.319+0000] {logging_mixin.py:190} INFO - [2024-09-26T05:37:43.318+0000] {dag.py:4156} INFO - Setting next_dagrun for dag_with_catchup_backfill_v01.3 to 2024-09-25 00:00:00+00:00, run_after=2024-09-26 00:00:00+00:00
[2024-09-26T05:37:43.343+0000] {processor.py:208} INFO - Processing /opt/airflow/dags/dag_with_catchup_and_backfill.py took 0.197 seconds
[2024-09-26T05:38:13.719+0000] {processor.py:186} INFO - Started process (PID=158610) to work on /opt/airflow/dags/dag_with_catchup_and_backfill.py
[2024-09-26T05:38:13.721+0000] {processor.py:914} INFO - Processing file /opt/airflow/dags/dag_with_catchup_and_backfill.py for tasks to queue
[2024-09-26T05:38:13.724+0000] {logging_mixin.py:190} INFO - [2024-09-26T05:38:13.724+0000] {dagbag.py:587} INFO - Filling up the DagBag from /opt/airflow/dags/dag_with_catchup_and_backfill.py
[2024-09-26T05:38:13.804+0000] {processor.py:925} INFO - DAG(s) 'dag_with_catchup_backfill_v01.3' retrieved from /opt/airflow/dags/dag_with_catchup_and_backfill.py
[2024-09-26T05:38:13.832+0000] {logging_mixin.py:190} INFO - [2024-09-26T05:38:13.832+0000] {dag.py:3229} INFO - Sync 1 DAGs
[2024-09-26T05:38:13.854+0000] {logging_mixin.py:190} INFO - [2024-09-26T05:38:13.853+0000] {dag.py:4156} INFO - Setting next_dagrun for dag_with_catchup_backfill_v01.3 to 2024-09-25 00:00:00+00:00, run_after=2024-09-26 00:00:00+00:00
[2024-09-26T05:38:13.876+0000] {processor.py:208} INFO - Processing /opt/airflow/dags/dag_with_catchup_and_backfill.py took 0.171 seconds
[2024-09-26T05:38:44.352+0000] {processor.py:186} INFO - Started process (PID=158653) to work on /opt/airflow/dags/dag_with_catchup_and_backfill.py
[2024-09-26T05:38:44.354+0000] {processor.py:914} INFO - Processing file /opt/airflow/dags/dag_with_catchup_and_backfill.py for tasks to queue
[2024-09-26T05:38:44.358+0000] {logging_mixin.py:190} INFO - [2024-09-26T05:38:44.357+0000] {dagbag.py:587} INFO - Filling up the DagBag from /opt/airflow/dags/dag_with_catchup_and_backfill.py
[2024-09-26T05:38:44.471+0000] {processor.py:925} INFO - DAG(s) 'dag_with_catchup_backfill_v01.3' retrieved from /opt/airflow/dags/dag_with_catchup_and_backfill.py
[2024-09-26T05:38:44.498+0000] {logging_mixin.py:190} INFO - [2024-09-26T05:38:44.498+0000] {dag.py:3229} INFO - Sync 1 DAGs
[2024-09-26T05:38:44.521+0000] {logging_mixin.py:190} INFO - [2024-09-26T05:38:44.521+0000] {dag.py:4156} INFO - Setting next_dagrun for dag_with_catchup_backfill_v01.3 to 2024-09-25 00:00:00+00:00, run_after=2024-09-26 00:00:00+00:00
[2024-09-26T05:38:44.677+0000] {processor.py:208} INFO - Processing /opt/airflow/dags/dag_with_catchup_and_backfill.py took 0.334 seconds
[2024-09-26T05:39:15.479+0000] {processor.py:186} INFO - Started process (PID=158696) to work on /opt/airflow/dags/dag_with_catchup_and_backfill.py
[2024-09-26T05:39:15.482+0000] {processor.py:914} INFO - Processing file /opt/airflow/dags/dag_with_catchup_and_backfill.py for tasks to queue
[2024-09-26T05:39:15.486+0000] {logging_mixin.py:190} INFO - [2024-09-26T05:39:15.485+0000] {dagbag.py:587} INFO - Filling up the DagBag from /opt/airflow/dags/dag_with_catchup_and_backfill.py
[2024-09-26T05:39:15.583+0000] {processor.py:925} INFO - DAG(s) 'dag_with_catchup_backfill_v01.3' retrieved from /opt/airflow/dags/dag_with_catchup_and_backfill.py
[2024-09-26T05:39:15.609+0000] {logging_mixin.py:190} INFO - [2024-09-26T05:39:15.609+0000] {dag.py:3229} INFO - Sync 1 DAGs
[2024-09-26T05:39:15.746+0000] {logging_mixin.py:190} INFO - [2024-09-26T05:39:15.746+0000] {dag.py:4156} INFO - Setting next_dagrun for dag_with_catchup_backfill_v01.3 to 2024-09-25 00:00:00+00:00, run_after=2024-09-26 00:00:00+00:00
[2024-09-26T05:39:15.775+0000] {processor.py:208} INFO - Processing /opt/airflow/dags/dag_with_catchup_and_backfill.py took 0.311 seconds
[2024-09-26T05:39:46.089+0000] {processor.py:186} INFO - Started process (PID=158739) to work on /opt/airflow/dags/dag_with_catchup_and_backfill.py
[2024-09-26T05:39:46.091+0000] {processor.py:914} INFO - Processing file /opt/airflow/dags/dag_with_catchup_and_backfill.py for tasks to queue
[2024-09-26T05:39:46.093+0000] {logging_mixin.py:190} INFO - [2024-09-26T05:39:46.093+0000] {dagbag.py:587} INFO - Filling up the DagBag from /opt/airflow/dags/dag_with_catchup_and_backfill.py
[2024-09-26T05:39:46.178+0000] {processor.py:925} INFO - DAG(s) 'dag_with_catchup_backfill_v01.3' retrieved from /opt/airflow/dags/dag_with_catchup_and_backfill.py
[2024-09-26T05:39:46.214+0000] {logging_mixin.py:190} INFO - [2024-09-26T05:39:46.214+0000] {dag.py:3229} INFO - Sync 1 DAGs
[2024-09-26T05:39:46.242+0000] {logging_mixin.py:190} INFO - [2024-09-26T05:39:46.242+0000] {dag.py:4156} INFO - Setting next_dagrun for dag_with_catchup_backfill_v01.3 to 2024-09-25 00:00:00+00:00, run_after=2024-09-26 00:00:00+00:00
[2024-09-26T05:39:46.266+0000] {processor.py:208} INFO - Processing /opt/airflow/dags/dag_with_catchup_and_backfill.py took 0.183 seconds
[2024-09-26T05:40:16.680+0000] {processor.py:186} INFO - Started process (PID=158782) to work on /opt/airflow/dags/dag_with_catchup_and_backfill.py
[2024-09-26T05:40:16.682+0000] {processor.py:914} INFO - Processing file /opt/airflow/dags/dag_with_catchup_and_backfill.py for tasks to queue
[2024-09-26T05:40:16.684+0000] {logging_mixin.py:190} INFO - [2024-09-26T05:40:16.683+0000] {dagbag.py:587} INFO - Filling up the DagBag from /opt/airflow/dags/dag_with_catchup_and_backfill.py
[2024-09-26T05:40:16.782+0000] {processor.py:925} INFO - DAG(s) 'dag_with_catchup_backfill_v01.3' retrieved from /opt/airflow/dags/dag_with_catchup_and_backfill.py
[2024-09-26T05:40:16.806+0000] {logging_mixin.py:190} INFO - [2024-09-26T05:40:16.806+0000] {dag.py:3229} INFO - Sync 1 DAGs
[2024-09-26T05:40:16.827+0000] {logging_mixin.py:190} INFO - [2024-09-26T05:40:16.826+0000] {dag.py:4156} INFO - Setting next_dagrun for dag_with_catchup_backfill_v01.3 to 2024-09-25 00:00:00+00:00, run_after=2024-09-26 00:00:00+00:00
[2024-09-26T05:40:16.850+0000] {processor.py:208} INFO - Processing /opt/airflow/dags/dag_with_catchup_and_backfill.py took 0.176 seconds
[2024-09-26T05:40:47.428+0000] {processor.py:186} INFO - Started process (PID=158825) to work on /opt/airflow/dags/dag_with_catchup_and_backfill.py
[2024-09-26T05:40:47.430+0000] {processor.py:914} INFO - Processing file /opt/airflow/dags/dag_with_catchup_and_backfill.py for tasks to queue
[2024-09-26T05:40:47.432+0000] {logging_mixin.py:190} INFO - [2024-09-26T05:40:47.431+0000] {dagbag.py:587} INFO - Filling up the DagBag from /opt/airflow/dags/dag_with_catchup_and_backfill.py
[2024-09-26T05:40:47.532+0000] {processor.py:925} INFO - DAG(s) 'dag_with_catchup_backfill_v01.3' retrieved from /opt/airflow/dags/dag_with_catchup_and_backfill.py
[2024-09-26T05:40:47.557+0000] {logging_mixin.py:190} INFO - [2024-09-26T05:40:47.557+0000] {dag.py:3229} INFO - Sync 1 DAGs
[2024-09-26T05:40:47.578+0000] {logging_mixin.py:190} INFO - [2024-09-26T05:40:47.577+0000] {dag.py:4156} INFO - Setting next_dagrun for dag_with_catchup_backfill_v01.3 to 2024-09-25 00:00:00+00:00, run_after=2024-09-26 00:00:00+00:00
[2024-09-26T05:40:47.599+0000] {processor.py:208} INFO - Processing /opt/airflow/dags/dag_with_catchup_and_backfill.py took 0.177 seconds
[2024-09-26T05:41:18.183+0000] {processor.py:186} INFO - Started process (PID=158868) to work on /opt/airflow/dags/dag_with_catchup_and_backfill.py
[2024-09-26T05:41:18.184+0000] {processor.py:914} INFO - Processing file /opt/airflow/dags/dag_with_catchup_and_backfill.py for tasks to queue
[2024-09-26T05:41:18.186+0000] {logging_mixin.py:190} INFO - [2024-09-26T05:41:18.186+0000] {dagbag.py:587} INFO - Filling up the DagBag from /opt/airflow/dags/dag_with_catchup_and_backfill.py
[2024-09-26T05:41:18.272+0000] {processor.py:925} INFO - DAG(s) 'dag_with_catchup_backfill_v01.3' retrieved from /opt/airflow/dags/dag_with_catchup_and_backfill.py
[2024-09-26T05:41:18.298+0000] {logging_mixin.py:190} INFO - [2024-09-26T05:41:18.298+0000] {dag.py:3229} INFO - Sync 1 DAGs
[2024-09-26T05:41:18.328+0000] {logging_mixin.py:190} INFO - [2024-09-26T05:41:18.327+0000] {dag.py:4156} INFO - Setting next_dagrun for dag_with_catchup_backfill_v01.3 to 2024-09-25 00:00:00+00:00, run_after=2024-09-26 00:00:00+00:00
[2024-09-26T05:41:18.353+0000] {processor.py:208} INFO - Processing /opt/airflow/dags/dag_with_catchup_and_backfill.py took 0.176 seconds
[2024-09-26T05:41:48.684+0000] {processor.py:186} INFO - Started process (PID=158911) to work on /opt/airflow/dags/dag_with_catchup_and_backfill.py
[2024-09-26T05:41:48.686+0000] {processor.py:914} INFO - Processing file /opt/airflow/dags/dag_with_catchup_and_backfill.py for tasks to queue
[2024-09-26T05:41:48.689+0000] {logging_mixin.py:190} INFO - [2024-09-26T05:41:48.688+0000] {dagbag.py:587} INFO - Filling up the DagBag from /opt/airflow/dags/dag_with_catchup_and_backfill.py
[2024-09-26T05:41:48.793+0000] {processor.py:925} INFO - DAG(s) 'dag_with_catchup_backfill_v01.3' retrieved from /opt/airflow/dags/dag_with_catchup_and_backfill.py
[2024-09-26T05:41:48.821+0000] {logging_mixin.py:190} INFO - [2024-09-26T05:41:48.820+0000] {dag.py:3229} INFO - Sync 1 DAGs
[2024-09-26T05:41:48.970+0000] {logging_mixin.py:190} INFO - [2024-09-26T05:41:48.970+0000] {dag.py:4156} INFO - Setting next_dagrun for dag_with_catchup_backfill_v01.3 to 2024-09-25 00:00:00+00:00, run_after=2024-09-26 00:00:00+00:00
[2024-09-26T05:41:48.990+0000] {processor.py:208} INFO - Processing /opt/airflow/dags/dag_with_catchup_and_backfill.py took 0.319 seconds
[2024-09-26T05:42:19.357+0000] {processor.py:186} INFO - Started process (PID=158954) to work on /opt/airflow/dags/dag_with_catchup_and_backfill.py
[2024-09-26T05:42:19.358+0000] {processor.py:914} INFO - Processing file /opt/airflow/dags/dag_with_catchup_and_backfill.py for tasks to queue
[2024-09-26T05:42:19.360+0000] {logging_mixin.py:190} INFO - [2024-09-26T05:42:19.359+0000] {dagbag.py:587} INFO - Filling up the DagBag from /opt/airflow/dags/dag_with_catchup_and_backfill.py
[2024-09-26T05:42:19.433+0000] {processor.py:925} INFO - DAG(s) 'dag_with_catchup_backfill_v01.3' retrieved from /opt/airflow/dags/dag_with_catchup_and_backfill.py
[2024-09-26T05:42:19.462+0000] {logging_mixin.py:190} INFO - [2024-09-26T05:42:19.462+0000] {dag.py:3229} INFO - Sync 1 DAGs
[2024-09-26T05:42:19.617+0000] {logging_mixin.py:190} INFO - [2024-09-26T05:42:19.617+0000] {dag.py:4156} INFO - Setting next_dagrun for dag_with_catchup_backfill_v01.3 to 2024-09-25 00:00:00+00:00, run_after=2024-09-26 00:00:00+00:00
[2024-09-26T05:42:19.641+0000] {processor.py:208} INFO - Processing /opt/airflow/dags/dag_with_catchup_and_backfill.py took 0.290 seconds
[2024-09-26T05:42:50.303+0000] {processor.py:186} INFO - Started process (PID=158999) to work on /opt/airflow/dags/dag_with_catchup_and_backfill.py
[2024-09-26T05:42:50.306+0000] {processor.py:914} INFO - Processing file /opt/airflow/dags/dag_with_catchup_and_backfill.py for tasks to queue
[2024-09-26T05:42:50.309+0000] {logging_mixin.py:190} INFO - [2024-09-26T05:42:50.308+0000] {dagbag.py:587} INFO - Filling up the DagBag from /opt/airflow/dags/dag_with_catchup_and_backfill.py
[2024-09-26T05:42:50.424+0000] {processor.py:925} INFO - DAG(s) 'dag_with_catchup_backfill_v01.3' retrieved from /opt/airflow/dags/dag_with_catchup_and_backfill.py
[2024-09-26T05:42:50.448+0000] {logging_mixin.py:190} INFO - [2024-09-26T05:42:50.447+0000] {dag.py:3229} INFO - Sync 1 DAGs
[2024-09-26T05:42:50.469+0000] {logging_mixin.py:190} INFO - [2024-09-26T05:42:50.469+0000] {dag.py:4156} INFO - Setting next_dagrun for dag_with_catchup_backfill_v01.3 to 2024-09-25 00:00:00+00:00, run_after=2024-09-26 00:00:00+00:00
[2024-09-26T05:42:50.502+0000] {processor.py:208} INFO - Processing /opt/airflow/dags/dag_with_catchup_and_backfill.py took 0.208 seconds
[2024-09-26T05:43:20.866+0000] {processor.py:186} INFO - Started process (PID=159042) to work on /opt/airflow/dags/dag_with_catchup_and_backfill.py
[2024-09-26T05:43:20.868+0000] {processor.py:914} INFO - Processing file /opt/airflow/dags/dag_with_catchup_and_backfill.py for tasks to queue
[2024-09-26T05:43:20.871+0000] {logging_mixin.py:190} INFO - [2024-09-26T05:43:20.870+0000] {dagbag.py:587} INFO - Filling up the DagBag from /opt/airflow/dags/dag_with_catchup_and_backfill.py
[2024-09-26T05:43:20.991+0000] {processor.py:925} INFO - DAG(s) 'dag_with_catchup_backfill_v01.3' retrieved from /opt/airflow/dags/dag_with_catchup_and_backfill.py
[2024-09-26T05:43:21.029+0000] {logging_mixin.py:190} INFO - [2024-09-26T05:43:21.029+0000] {dag.py:3229} INFO - Sync 1 DAGs
[2024-09-26T05:43:21.056+0000] {logging_mixin.py:190} INFO - [2024-09-26T05:43:21.056+0000] {dag.py:4156} INFO - Setting next_dagrun for dag_with_catchup_backfill_v01.3 to 2024-09-25 00:00:00+00:00, run_after=2024-09-26 00:00:00+00:00
[2024-09-26T05:43:21.091+0000] {processor.py:208} INFO - Processing /opt/airflow/dags/dag_with_catchup_and_backfill.py took 0.235 seconds
[2024-09-26T05:43:51.418+0000] {processor.py:186} INFO - Started process (PID=159085) to work on /opt/airflow/dags/dag_with_catchup_and_backfill.py
[2024-09-26T05:43:51.421+0000] {processor.py:914} INFO - Processing file /opt/airflow/dags/dag_with_catchup_and_backfill.py for tasks to queue
[2024-09-26T05:43:51.424+0000] {logging_mixin.py:190} INFO - [2024-09-26T05:43:51.424+0000] {dagbag.py:587} INFO - Filling up the DagBag from /opt/airflow/dags/dag_with_catchup_and_backfill.py
[2024-09-26T05:43:51.538+0000] {processor.py:925} INFO - DAG(s) 'dag_with_catchup_backfill_v01.3' retrieved from /opt/airflow/dags/dag_with_catchup_and_backfill.py
[2024-09-26T05:43:51.565+0000] {logging_mixin.py:190} INFO - [2024-09-26T05:43:51.565+0000] {dag.py:3229} INFO - Sync 1 DAGs
[2024-09-26T05:43:51.586+0000] {logging_mixin.py:190} INFO - [2024-09-26T05:43:51.586+0000] {dag.py:4156} INFO - Setting next_dagrun for dag_with_catchup_backfill_v01.3 to 2024-09-25 00:00:00+00:00, run_after=2024-09-26 00:00:00+00:00
[2024-09-26T05:43:51.611+0000] {processor.py:208} INFO - Processing /opt/airflow/dags/dag_with_catchup_and_backfill.py took 0.206 seconds
[2024-09-26T05:44:21.963+0000] {processor.py:186} INFO - Started process (PID=159126) to work on /opt/airflow/dags/dag_with_catchup_and_backfill.py
[2024-09-26T05:44:21.964+0000] {processor.py:914} INFO - Processing file /opt/airflow/dags/dag_with_catchup_and_backfill.py for tasks to queue
[2024-09-26T05:44:21.966+0000] {logging_mixin.py:190} INFO - [2024-09-26T05:44:21.966+0000] {dagbag.py:587} INFO - Filling up the DagBag from /opt/airflow/dags/dag_with_catchup_and_backfill.py
[2024-09-26T05:44:22.072+0000] {processor.py:925} INFO - DAG(s) 'dag_with_catchup_backfill_v01.3' retrieved from /opt/airflow/dags/dag_with_catchup_and_backfill.py
[2024-09-26T05:44:22.097+0000] {logging_mixin.py:190} INFO - [2024-09-26T05:44:22.097+0000] {dag.py:3229} INFO - Sync 1 DAGs
[2024-09-26T05:44:22.119+0000] {logging_mixin.py:190} INFO - [2024-09-26T05:44:22.119+0000] {dag.py:4156} INFO - Setting next_dagrun for dag_with_catchup_backfill_v01.3 to 2024-09-25 00:00:00+00:00, run_after=2024-09-26 00:00:00+00:00
[2024-09-26T05:44:22.266+0000] {processor.py:208} INFO - Processing /opt/airflow/dags/dag_with_catchup_and_backfill.py took 0.309 seconds
[2024-09-26T05:44:52.708+0000] {processor.py:186} INFO - Started process (PID=159169) to work on /opt/airflow/dags/dag_with_catchup_and_backfill.py
[2024-09-26T05:44:52.709+0000] {processor.py:914} INFO - Processing file /opt/airflow/dags/dag_with_catchup_and_backfill.py for tasks to queue
[2024-09-26T05:44:52.711+0000] {logging_mixin.py:190} INFO - [2024-09-26T05:44:52.711+0000] {dagbag.py:587} INFO - Filling up the DagBag from /opt/airflow/dags/dag_with_catchup_and_backfill.py
[2024-09-26T05:44:52.822+0000] {processor.py:925} INFO - DAG(s) 'dag_with_catchup_backfill_v01.3' retrieved from /opt/airflow/dags/dag_with_catchup_and_backfill.py
[2024-09-26T05:44:52.856+0000] {logging_mixin.py:190} INFO - [2024-09-26T05:44:52.856+0000] {dag.py:3229} INFO - Sync 1 DAGs
[2024-09-26T05:44:52.998+0000] {logging_mixin.py:190} INFO - [2024-09-26T05:44:52.997+0000] {dag.py:4156} INFO - Setting next_dagrun for dag_with_catchup_backfill_v01.3 to 2024-09-25 00:00:00+00:00, run_after=2024-09-26 00:00:00+00:00
[2024-09-26T05:44:53.018+0000] {processor.py:208} INFO - Processing /opt/airflow/dags/dag_with_catchup_and_backfill.py took 0.315 seconds
[2024-09-26T05:45:23.607+0000] {processor.py:186} INFO - Started process (PID=159212) to work on /opt/airflow/dags/dag_with_catchup_and_backfill.py
[2024-09-26T05:45:23.609+0000] {processor.py:914} INFO - Processing file /opt/airflow/dags/dag_with_catchup_and_backfill.py for tasks to queue
[2024-09-26T05:45:23.611+0000] {logging_mixin.py:190} INFO - [2024-09-26T05:45:23.610+0000] {dagbag.py:587} INFO - Filling up the DagBag from /opt/airflow/dags/dag_with_catchup_and_backfill.py
[2024-09-26T05:45:23.708+0000] {processor.py:925} INFO - DAG(s) 'dag_with_catchup_backfill_v01.3' retrieved from /opt/airflow/dags/dag_with_catchup_and_backfill.py
[2024-09-26T05:45:23.733+0000] {logging_mixin.py:190} INFO - [2024-09-26T05:45:23.732+0000] {dag.py:3229} INFO - Sync 1 DAGs
[2024-09-26T05:45:23.881+0000] {logging_mixin.py:190} INFO - [2024-09-26T05:45:23.880+0000] {dag.py:4156} INFO - Setting next_dagrun for dag_with_catchup_backfill_v01.3 to 2024-09-25 00:00:00+00:00, run_after=2024-09-26 00:00:00+00:00
[2024-09-26T05:45:23.905+0000] {processor.py:208} INFO - Processing /opt/airflow/dags/dag_with_catchup_and_backfill.py took 0.305 seconds
[2024-09-26T05:45:54.486+0000] {processor.py:186} INFO - Started process (PID=159257) to work on /opt/airflow/dags/dag_with_catchup_and_backfill.py
[2024-09-26T05:45:54.487+0000] {processor.py:914} INFO - Processing file /opt/airflow/dags/dag_with_catchup_and_backfill.py for tasks to queue
[2024-09-26T05:45:54.489+0000] {logging_mixin.py:190} INFO - [2024-09-26T05:45:54.489+0000] {dagbag.py:587} INFO - Filling up the DagBag from /opt/airflow/dags/dag_with_catchup_and_backfill.py
[2024-09-26T05:45:54.572+0000] {processor.py:925} INFO - DAG(s) 'dag_with_catchup_backfill_v01.3' retrieved from /opt/airflow/dags/dag_with_catchup_and_backfill.py
[2024-09-26T05:45:54.600+0000] {logging_mixin.py:190} INFO - [2024-09-26T05:45:54.599+0000] {dag.py:3229} INFO - Sync 1 DAGs
[2024-09-26T05:45:54.621+0000] {logging_mixin.py:190} INFO - [2024-09-26T05:45:54.621+0000] {dag.py:4156} INFO - Setting next_dagrun for dag_with_catchup_backfill_v01.3 to 2024-09-25 00:00:00+00:00, run_after=2024-09-26 00:00:00+00:00
[2024-09-26T05:45:54.649+0000] {processor.py:208} INFO - Processing /opt/airflow/dags/dag_with_catchup_and_backfill.py took 0.171 seconds
[2024-09-26T05:46:24.812+0000] {processor.py:186} INFO - Started process (PID=159300) to work on /opt/airflow/dags/dag_with_catchup_and_backfill.py
[2024-09-26T05:46:24.813+0000] {processor.py:914} INFO - Processing file /opt/airflow/dags/dag_with_catchup_and_backfill.py for tasks to queue
[2024-09-26T05:46:24.815+0000] {logging_mixin.py:190} INFO - [2024-09-26T05:46:24.815+0000] {dagbag.py:587} INFO - Filling up the DagBag from /opt/airflow/dags/dag_with_catchup_and_backfill.py
[2024-09-26T05:46:24.872+0000] {processor.py:925} INFO - DAG(s) 'dag_with_catchup_backfill_v01.3' retrieved from /opt/airflow/dags/dag_with_catchup_and_backfill.py
[2024-09-26T05:46:24.894+0000] {logging_mixin.py:190} INFO - [2024-09-26T05:46:24.894+0000] {dag.py:3229} INFO - Sync 1 DAGs
[2024-09-26T05:46:24.912+0000] {logging_mixin.py:190} INFO - [2024-09-26T05:46:24.912+0000] {dag.py:4156} INFO - Setting next_dagrun for dag_with_catchup_backfill_v01.3 to 2024-09-25 00:00:00+00:00, run_after=2024-09-26 00:00:00+00:00
[2024-09-26T05:46:24.932+0000] {processor.py:208} INFO - Processing /opt/airflow/dags/dag_with_catchup_and_backfill.py took 0.125 seconds
[2024-09-26T05:46:55.248+0000] {processor.py:186} INFO - Started process (PID=159341) to work on /opt/airflow/dags/dag_with_catchup_and_backfill.py
[2024-09-26T05:46:55.250+0000] {processor.py:914} INFO - Processing file /opt/airflow/dags/dag_with_catchup_and_backfill.py for tasks to queue
[2024-09-26T05:46:55.252+0000] {logging_mixin.py:190} INFO - [2024-09-26T05:46:55.251+0000] {dagbag.py:587} INFO - Filling up the DagBag from /opt/airflow/dags/dag_with_catchup_and_backfill.py
[2024-09-26T05:46:55.320+0000] {processor.py:925} INFO - DAG(s) 'dag_with_catchup_backfill_v01.3' retrieved from /opt/airflow/dags/dag_with_catchup_and_backfill.py
[2024-09-26T05:46:55.349+0000] {logging_mixin.py:190} INFO - [2024-09-26T05:46:55.349+0000] {dag.py:3229} INFO - Sync 1 DAGs
[2024-09-26T05:46:55.372+0000] {logging_mixin.py:190} INFO - [2024-09-26T05:46:55.371+0000] {dag.py:4156} INFO - Setting next_dagrun for dag_with_catchup_backfill_v01.3 to 2024-09-25 00:00:00+00:00, run_after=2024-09-26 00:00:00+00:00
[2024-09-26T05:46:55.396+0000] {processor.py:208} INFO - Processing /opt/airflow/dags/dag_with_catchup_and_backfill.py took 0.154 seconds
[2024-09-26T05:47:26.118+0000] {processor.py:186} INFO - Started process (PID=159384) to work on /opt/airflow/dags/dag_with_catchup_and_backfill.py
[2024-09-26T05:47:26.120+0000] {processor.py:914} INFO - Processing file /opt/airflow/dags/dag_with_catchup_and_backfill.py for tasks to queue
[2024-09-26T05:47:26.122+0000] {logging_mixin.py:190} INFO - [2024-09-26T05:47:26.122+0000] {dagbag.py:587} INFO - Filling up the DagBag from /opt/airflow/dags/dag_with_catchup_and_backfill.py
[2024-09-26T05:47:26.238+0000] {processor.py:925} INFO - DAG(s) 'dag_with_catchup_backfill_v01.3' retrieved from /opt/airflow/dags/dag_with_catchup_and_backfill.py
[2024-09-26T05:47:26.271+0000] {logging_mixin.py:190} INFO - [2024-09-26T05:47:26.270+0000] {dag.py:3229} INFO - Sync 1 DAGs
[2024-09-26T05:47:26.421+0000] {logging_mixin.py:190} INFO - [2024-09-26T05:47:26.421+0000] {dag.py:4156} INFO - Setting next_dagrun for dag_with_catchup_backfill_v01.3 to 2024-09-25 00:00:00+00:00, run_after=2024-09-26 00:00:00+00:00
[2024-09-26T05:47:26.446+0000] {processor.py:208} INFO - Processing /opt/airflow/dags/dag_with_catchup_and_backfill.py took 0.333 seconds
[2024-09-26T05:47:56.757+0000] {processor.py:186} INFO - Started process (PID=159427) to work on /opt/airflow/dags/dag_with_catchup_and_backfill.py
[2024-09-26T05:47:56.759+0000] {processor.py:914} INFO - Processing file /opt/airflow/dags/dag_with_catchup_and_backfill.py for tasks to queue
[2024-09-26T05:47:56.763+0000] {logging_mixin.py:190} INFO - [2024-09-26T05:47:56.762+0000] {dagbag.py:587} INFO - Filling up the DagBag from /opt/airflow/dags/dag_with_catchup_and_backfill.py
[2024-09-26T05:47:56.826+0000] {processor.py:925} INFO - DAG(s) 'dag_with_catchup_backfill_v01.3' retrieved from /opt/airflow/dags/dag_with_catchup_and_backfill.py
[2024-09-26T05:47:56.858+0000] {logging_mixin.py:190} INFO - [2024-09-26T05:47:56.857+0000] {dag.py:3229} INFO - Sync 1 DAGs
[2024-09-26T05:47:56.995+0000] {logging_mixin.py:190} INFO - [2024-09-26T05:47:56.995+0000] {dag.py:4156} INFO - Setting next_dagrun for dag_with_catchup_backfill_v01.3 to 2024-09-25 00:00:00+00:00, run_after=2024-09-26 00:00:00+00:00
[2024-09-26T05:47:57.016+0000] {processor.py:208} INFO - Processing /opt/airflow/dags/dag_with_catchup_and_backfill.py took 0.270 seconds
[2024-09-26T05:48:27.878+0000] {processor.py:186} INFO - Started process (PID=159470) to work on /opt/airflow/dags/dag_with_catchup_and_backfill.py
[2024-09-26T05:48:27.880+0000] {processor.py:914} INFO - Processing file /opt/airflow/dags/dag_with_catchup_and_backfill.py for tasks to queue
[2024-09-26T05:48:27.883+0000] {logging_mixin.py:190} INFO - [2024-09-26T05:48:27.882+0000] {dagbag.py:587} INFO - Filling up the DagBag from /opt/airflow/dags/dag_with_catchup_and_backfill.py
[2024-09-26T05:48:27.977+0000] {processor.py:925} INFO - DAG(s) 'dag_with_catchup_backfill_v01.3' retrieved from /opt/airflow/dags/dag_with_catchup_and_backfill.py
[2024-09-26T05:48:28.006+0000] {logging_mixin.py:190} INFO - [2024-09-26T05:48:28.006+0000] {dag.py:3229} INFO - Sync 1 DAGs
[2024-09-26T05:48:28.033+0000] {logging_mixin.py:190} INFO - [2024-09-26T05:48:28.032+0000] {dag.py:4156} INFO - Setting next_dagrun for dag_with_catchup_backfill_v01.3 to 2024-09-25 00:00:00+00:00, run_after=2024-09-26 00:00:00+00:00
[2024-09-26T05:48:28.061+0000] {processor.py:208} INFO - Processing /opt/airflow/dags/dag_with_catchup_and_backfill.py took 0.193 seconds
[2024-09-26T05:48:58.342+0000] {processor.py:186} INFO - Started process (PID=159510) to work on /opt/airflow/dags/dag_with_catchup_and_backfill.py
[2024-09-26T05:48:58.343+0000] {processor.py:914} INFO - Processing file /opt/airflow/dags/dag_with_catchup_and_backfill.py for tasks to queue
[2024-09-26T05:48:58.345+0000] {logging_mixin.py:190} INFO - [2024-09-26T05:48:58.345+0000] {dagbag.py:587} INFO - Filling up the DagBag from /opt/airflow/dags/dag_with_catchup_and_backfill.py
[2024-09-26T05:48:58.428+0000] {processor.py:925} INFO - DAG(s) 'dag_with_catchup_backfill_v01.3' retrieved from /opt/airflow/dags/dag_with_catchup_and_backfill.py
[2024-09-26T05:48:58.453+0000] {logging_mixin.py:190} INFO - [2024-09-26T05:48:58.453+0000] {dag.py:3229} INFO - Sync 1 DAGs
[2024-09-26T05:48:58.476+0000] {logging_mixin.py:190} INFO - [2024-09-26T05:48:58.476+0000] {dag.py:4156} INFO - Setting next_dagrun for dag_with_catchup_backfill_v01.3 to 2024-09-25 00:00:00+00:00, run_after=2024-09-26 00:00:00+00:00
[2024-09-26T05:48:58.500+0000] {processor.py:208} INFO - Processing /opt/airflow/dags/dag_with_catchup_and_backfill.py took 0.164 seconds
[2024-09-26T05:49:29.054+0000] {processor.py:186} INFO - Started process (PID=159556) to work on /opt/airflow/dags/dag_with_catchup_and_backfill.py
[2024-09-26T05:49:29.056+0000] {processor.py:914} INFO - Processing file /opt/airflow/dags/dag_with_catchup_and_backfill.py for tasks to queue
[2024-09-26T05:49:29.057+0000] {logging_mixin.py:190} INFO - [2024-09-26T05:49:29.057+0000] {dagbag.py:587} INFO - Filling up the DagBag from /opt/airflow/dags/dag_with_catchup_and_backfill.py
[2024-09-26T05:49:29.152+0000] {processor.py:925} INFO - DAG(s) 'dag_with_catchup_backfill_v01.3' retrieved from /opt/airflow/dags/dag_with_catchup_and_backfill.py
[2024-09-26T05:49:29.177+0000] {logging_mixin.py:190} INFO - [2024-09-26T05:49:29.177+0000] {dag.py:3229} INFO - Sync 1 DAGs
[2024-09-26T05:49:29.198+0000] {logging_mixin.py:190} INFO - [2024-09-26T05:49:29.198+0000] {dag.py:4156} INFO - Setting next_dagrun for dag_with_catchup_backfill_v01.3 to 2024-09-25 00:00:00+00:00, run_after=2024-09-26 00:00:00+00:00
[2024-09-26T05:49:29.220+0000] {processor.py:208} INFO - Processing /opt/airflow/dags/dag_with_catchup_and_backfill.py took 0.174 seconds
[2024-09-26T05:49:59.776+0000] {processor.py:186} INFO - Started process (PID=159599) to work on /opt/airflow/dags/dag_with_catchup_and_backfill.py
[2024-09-26T05:49:59.777+0000] {processor.py:914} INFO - Processing file /opt/airflow/dags/dag_with_catchup_and_backfill.py for tasks to queue
[2024-09-26T05:49:59.779+0000] {logging_mixin.py:190} INFO - [2024-09-26T05:49:59.779+0000] {dagbag.py:587} INFO - Filling up the DagBag from /opt/airflow/dags/dag_with_catchup_and_backfill.py
[2024-09-26T05:49:59.874+0000] {processor.py:925} INFO - DAG(s) 'dag_with_catchup_backfill_v01.3' retrieved from /opt/airflow/dags/dag_with_catchup_and_backfill.py
[2024-09-26T05:49:59.900+0000] {logging_mixin.py:190} INFO - [2024-09-26T05:49:59.899+0000] {dag.py:3229} INFO - Sync 1 DAGs
[2024-09-26T05:49:59.924+0000] {logging_mixin.py:190} INFO - [2024-09-26T05:49:59.923+0000] {dag.py:4156} INFO - Setting next_dagrun for dag_with_catchup_backfill_v01.3 to 2024-09-25 00:00:00+00:00, run_after=2024-09-26 00:00:00+00:00
[2024-09-26T05:50:00.095+0000] {processor.py:208} INFO - Processing /opt/airflow/dags/dag_with_catchup_and_backfill.py took 0.326 seconds
[2024-09-26T05:50:30.644+0000] {processor.py:186} INFO - Started process (PID=159642) to work on /opt/airflow/dags/dag_with_catchup_and_backfill.py
[2024-09-26T05:50:30.645+0000] {processor.py:914} INFO - Processing file /opt/airflow/dags/dag_with_catchup_and_backfill.py for tasks to queue
[2024-09-26T05:50:30.647+0000] {logging_mixin.py:190} INFO - [2024-09-26T05:50:30.647+0000] {dagbag.py:587} INFO - Filling up the DagBag from /opt/airflow/dags/dag_with_catchup_and_backfill.py
[2024-09-26T05:50:30.729+0000] {processor.py:925} INFO - DAG(s) 'dag_with_catchup_backfill_v01.3' retrieved from /opt/airflow/dags/dag_with_catchup_and_backfill.py
[2024-09-26T05:50:30.763+0000] {logging_mixin.py:190} INFO - [2024-09-26T05:50:30.762+0000] {dag.py:3229} INFO - Sync 1 DAGs
[2024-09-26T05:50:30.905+0000] {logging_mixin.py:190} INFO - [2024-09-26T05:50:30.904+0000] {dag.py:4156} INFO - Setting next_dagrun for dag_with_catchup_backfill_v01.3 to 2024-09-25 00:00:00+00:00, run_after=2024-09-26 00:00:00+00:00
[2024-09-26T05:50:30.927+0000] {processor.py:208} INFO - Processing /opt/airflow/dags/dag_with_catchup_and_backfill.py took 0.289 seconds
[2024-09-26T05:51:01.339+0000] {processor.py:186} INFO - Started process (PID=159682) to work on /opt/airflow/dags/dag_with_catchup_and_backfill.py
[2024-09-26T05:51:01.341+0000] {processor.py:914} INFO - Processing file /opt/airflow/dags/dag_with_catchup_and_backfill.py for tasks to queue
[2024-09-26T05:51:01.343+0000] {logging_mixin.py:190} INFO - [2024-09-26T05:51:01.342+0000] {dagbag.py:587} INFO - Filling up the DagBag from /opt/airflow/dags/dag_with_catchup_and_backfill.py
[2024-09-26T05:51:01.410+0000] {processor.py:925} INFO - DAG(s) 'dag_with_catchup_backfill_v01.3' retrieved from /opt/airflow/dags/dag_with_catchup_and_backfill.py
[2024-09-26T05:51:01.567+0000] {logging_mixin.py:190} INFO - [2024-09-26T05:51:01.566+0000] {dag.py:3229} INFO - Sync 1 DAGs
[2024-09-26T05:51:01.588+0000] {logging_mixin.py:190} INFO - [2024-09-26T05:51:01.588+0000] {dag.py:4156} INFO - Setting next_dagrun for dag_with_catchup_backfill_v01.3 to 2024-09-25 00:00:00+00:00, run_after=2024-09-26 00:00:00+00:00
[2024-09-26T05:51:01.614+0000] {processor.py:208} INFO - Processing /opt/airflow/dags/dag_with_catchup_and_backfill.py took 0.281 seconds
[2024-09-26T05:51:32.361+0000] {processor.py:186} INFO - Started process (PID=159725) to work on /opt/airflow/dags/dag_with_catchup_and_backfill.py
[2024-09-26T05:51:32.362+0000] {processor.py:914} INFO - Processing file /opt/airflow/dags/dag_with_catchup_and_backfill.py for tasks to queue
[2024-09-26T05:51:32.365+0000] {logging_mixin.py:190} INFO - [2024-09-26T05:51:32.364+0000] {dagbag.py:587} INFO - Filling up the DagBag from /opt/airflow/dags/dag_with_catchup_and_backfill.py
[2024-09-26T05:51:32.445+0000] {processor.py:925} INFO - DAG(s) 'dag_with_catchup_backfill_v01.3' retrieved from /opt/airflow/dags/dag_with_catchup_and_backfill.py
[2024-09-26T05:51:32.476+0000] {logging_mixin.py:190} INFO - [2024-09-26T05:51:32.476+0000] {dag.py:3229} INFO - Sync 1 DAGs
[2024-09-26T05:51:32.499+0000] {logging_mixin.py:190} INFO - [2024-09-26T05:51:32.499+0000] {dag.py:4156} INFO - Setting next_dagrun for dag_with_catchup_backfill_v01.3 to 2024-09-25 00:00:00+00:00, run_after=2024-09-26 00:00:00+00:00
[2024-09-26T05:51:32.526+0000] {processor.py:208} INFO - Processing /opt/airflow/dags/dag_with_catchup_and_backfill.py took 0.172 seconds
[2024-09-26T05:52:02.928+0000] {processor.py:186} INFO - Started process (PID=159771) to work on /opt/airflow/dags/dag_with_catchup_and_backfill.py
[2024-09-26T05:52:02.929+0000] {processor.py:914} INFO - Processing file /opt/airflow/dags/dag_with_catchup_and_backfill.py for tasks to queue
[2024-09-26T05:52:02.931+0000] {logging_mixin.py:190} INFO - [2024-09-26T05:52:02.931+0000] {dagbag.py:587} INFO - Filling up the DagBag from /opt/airflow/dags/dag_with_catchup_and_backfill.py
[2024-09-26T05:52:03.030+0000] {processor.py:925} INFO - DAG(s) 'dag_with_catchup_backfill_v01.3' retrieved from /opt/airflow/dags/dag_with_catchup_and_backfill.py
[2024-09-26T05:52:03.055+0000] {logging_mixin.py:190} INFO - [2024-09-26T05:52:03.054+0000] {dag.py:3229} INFO - Sync 1 DAGs
[2024-09-26T05:52:03.075+0000] {logging_mixin.py:190} INFO - [2024-09-26T05:52:03.074+0000] {dag.py:4156} INFO - Setting next_dagrun for dag_with_catchup_backfill_v01.3 to 2024-09-25 00:00:00+00:00, run_after=2024-09-26 00:00:00+00:00
[2024-09-26T05:52:03.094+0000] {processor.py:208} INFO - Processing /opt/airflow/dags/dag_with_catchup_and_backfill.py took 0.173 seconds
[2024-09-26T05:52:33.491+0000] {processor.py:186} INFO - Started process (PID=159814) to work on /opt/airflow/dags/dag_with_catchup_and_backfill.py
[2024-09-26T05:52:33.493+0000] {processor.py:914} INFO - Processing file /opt/airflow/dags/dag_with_catchup_and_backfill.py for tasks to queue
[2024-09-26T05:52:33.496+0000] {logging_mixin.py:190} INFO - [2024-09-26T05:52:33.495+0000] {dagbag.py:587} INFO - Filling up the DagBag from /opt/airflow/dags/dag_with_catchup_and_backfill.py
[2024-09-26T05:52:33.572+0000] {processor.py:925} INFO - DAG(s) 'dag_with_catchup_backfill_v01.3' retrieved from /opt/airflow/dags/dag_with_catchup_and_backfill.py
[2024-09-26T05:52:33.601+0000] {logging_mixin.py:190} INFO - [2024-09-26T05:52:33.601+0000] {dag.py:3229} INFO - Sync 1 DAGs
[2024-09-26T05:52:33.623+0000] {logging_mixin.py:190} INFO - [2024-09-26T05:52:33.623+0000] {dag.py:4156} INFO - Setting next_dagrun for dag_with_catchup_backfill_v01.3 to 2024-09-25 00:00:00+00:00, run_after=2024-09-26 00:00:00+00:00
[2024-09-26T05:52:33.648+0000] {processor.py:208} INFO - Processing /opt/airflow/dags/dag_with_catchup_and_backfill.py took 0.167 seconds
[2024-09-26T05:53:04.156+0000] {processor.py:186} INFO - Started process (PID=159854) to work on /opt/airflow/dags/dag_with_catchup_and_backfill.py
[2024-09-26T05:53:04.157+0000] {processor.py:914} INFO - Processing file /opt/airflow/dags/dag_with_catchup_and_backfill.py for tasks to queue
[2024-09-26T05:53:04.159+0000] {logging_mixin.py:190} INFO - [2024-09-26T05:53:04.159+0000] {dagbag.py:587} INFO - Filling up the DagBag from /opt/airflow/dags/dag_with_catchup_and_backfill.py
[2024-09-26T05:53:04.259+0000] {processor.py:925} INFO - DAG(s) 'dag_with_catchup_backfill_v01.3' retrieved from /opt/airflow/dags/dag_with_catchup_and_backfill.py
[2024-09-26T05:53:04.286+0000] {logging_mixin.py:190} INFO - [2024-09-26T05:53:04.286+0000] {dag.py:3229} INFO - Sync 1 DAGs
[2024-09-26T05:53:04.437+0000] {logging_mixin.py:190} INFO - [2024-09-26T05:53:04.437+0000] {dag.py:4156} INFO - Setting next_dagrun for dag_with_catchup_backfill_v01.3 to 2024-09-25 00:00:00+00:00, run_after=2024-09-26 00:00:00+00:00
[2024-09-26T05:53:04.462+0000] {processor.py:208} INFO - Processing /opt/airflow/dags/dag_with_catchup_and_backfill.py took 0.311 seconds
[2024-09-26T05:53:34.782+0000] {processor.py:186} INFO - Started process (PID=159897) to work on /opt/airflow/dags/dag_with_catchup_and_backfill.py
[2024-09-26T05:53:34.785+0000] {processor.py:914} INFO - Processing file /opt/airflow/dags/dag_with_catchup_and_backfill.py for tasks to queue
[2024-09-26T05:53:34.788+0000] {logging_mixin.py:190} INFO - [2024-09-26T05:53:34.788+0000] {dagbag.py:587} INFO - Filling up the DagBag from /opt/airflow/dags/dag_with_catchup_and_backfill.py
[2024-09-26T05:53:34.905+0000] {processor.py:925} INFO - DAG(s) 'dag_with_catchup_backfill_v01.3' retrieved from /opt/airflow/dags/dag_with_catchup_and_backfill.py
[2024-09-26T05:53:34.949+0000] {logging_mixin.py:190} INFO - [2024-09-26T05:53:34.949+0000] {dag.py:3229} INFO - Sync 1 DAGs
[2024-09-26T05:53:35.142+0000] {logging_mixin.py:190} INFO - [2024-09-26T05:53:35.142+0000] {dag.py:4156} INFO - Setting next_dagrun for dag_with_catchup_backfill_v01.3 to 2024-09-25 00:00:00+00:00, run_after=2024-09-26 00:00:00+00:00
[2024-09-26T05:53:35.171+0000] {processor.py:208} INFO - Processing /opt/airflow/dags/dag_with_catchup_and_backfill.py took 0.402 seconds
[2024-09-26T05:54:06.125+0000] {processor.py:186} INFO - Started process (PID=159940) to work on /opt/airflow/dags/dag_with_catchup_and_backfill.py
[2024-09-26T05:54:06.127+0000] {processor.py:914} INFO - Processing file /opt/airflow/dags/dag_with_catchup_and_backfill.py for tasks to queue
[2024-09-26T05:54:06.129+0000] {logging_mixin.py:190} INFO - [2024-09-26T05:54:06.128+0000] {dagbag.py:587} INFO - Filling up the DagBag from /opt/airflow/dags/dag_with_catchup_and_backfill.py
[2024-09-26T05:54:06.202+0000] {processor.py:925} INFO - DAG(s) 'dag_with_catchup_backfill_v01.3' retrieved from /opt/airflow/dags/dag_with_catchup_and_backfill.py
[2024-09-26T05:54:06.228+0000] {logging_mixin.py:190} INFO - [2024-09-26T05:54:06.228+0000] {dag.py:3229} INFO - Sync 1 DAGs
[2024-09-26T05:54:06.254+0000] {logging_mixin.py:190} INFO - [2024-09-26T05:54:06.254+0000] {dag.py:4156} INFO - Setting next_dagrun for dag_with_catchup_backfill_v01.3 to 2024-09-25 00:00:00+00:00, run_after=2024-09-26 00:00:00+00:00
[2024-09-26T05:54:06.284+0000] {processor.py:208} INFO - Processing /opt/airflow/dags/dag_with_catchup_and_backfill.py took 0.165 seconds
[2024-09-26T05:54:36.709+0000] {processor.py:186} INFO - Started process (PID=159983) to work on /opt/airflow/dags/dag_with_catchup_and_backfill.py
[2024-09-26T05:54:36.711+0000] {processor.py:914} INFO - Processing file /opt/airflow/dags/dag_with_catchup_and_backfill.py for tasks to queue
[2024-09-26T05:54:36.713+0000] {logging_mixin.py:190} INFO - [2024-09-26T05:54:36.712+0000] {dagbag.py:587} INFO - Filling up the DagBag from /opt/airflow/dags/dag_with_catchup_and_backfill.py
[2024-09-26T05:54:36.785+0000] {processor.py:925} INFO - DAG(s) 'dag_with_catchup_backfill_v01.3' retrieved from /opt/airflow/dags/dag_with_catchup_and_backfill.py
[2024-09-26T05:54:36.817+0000] {logging_mixin.py:190} INFO - [2024-09-26T05:54:36.816+0000] {dag.py:3229} INFO - Sync 1 DAGs
[2024-09-26T05:54:36.843+0000] {logging_mixin.py:190} INFO - [2024-09-26T05:54:36.843+0000] {dag.py:4156} INFO - Setting next_dagrun for dag_with_catchup_backfill_v01.3 to 2024-09-25 00:00:00+00:00, run_after=2024-09-26 00:00:00+00:00
[2024-09-26T05:54:36.873+0000] {processor.py:208} INFO - Processing /opt/airflow/dags/dag_with_catchup_and_backfill.py took 0.169 seconds
[2024-09-26T05:55:07.338+0000] {processor.py:186} INFO - Started process (PID=160026) to work on /opt/airflow/dags/dag_with_catchup_and_backfill.py
[2024-09-26T05:55:07.339+0000] {processor.py:914} INFO - Processing file /opt/airflow/dags/dag_with_catchup_and_backfill.py for tasks to queue
[2024-09-26T05:55:07.342+0000] {logging_mixin.py:190} INFO - [2024-09-26T05:55:07.341+0000] {dagbag.py:587} INFO - Filling up the DagBag from /opt/airflow/dags/dag_with_catchup_and_backfill.py
[2024-09-26T05:55:07.416+0000] {processor.py:925} INFO - DAG(s) 'dag_with_catchup_backfill_v01.3' retrieved from /opt/airflow/dags/dag_with_catchup_and_backfill.py
[2024-09-26T05:55:07.443+0000] {logging_mixin.py:190} INFO - [2024-09-26T05:55:07.442+0000] {dag.py:3229} INFO - Sync 1 DAGs
[2024-09-26T05:55:07.468+0000] {logging_mixin.py:190} INFO - [2024-09-26T05:55:07.468+0000] {dag.py:4156} INFO - Setting next_dagrun for dag_with_catchup_backfill_v01.3 to 2024-09-25 00:00:00+00:00, run_after=2024-09-26 00:00:00+00:00
[2024-09-26T05:55:07.503+0000] {processor.py:208} INFO - Processing /opt/airflow/dags/dag_with_catchup_and_backfill.py took 0.171 seconds
[2024-09-26T05:55:38.014+0000] {processor.py:186} INFO - Started process (PID=160069) to work on /opt/airflow/dags/dag_with_catchup_and_backfill.py
[2024-09-26T05:55:38.017+0000] {processor.py:914} INFO - Processing file /opt/airflow/dags/dag_with_catchup_and_backfill.py for tasks to queue
[2024-09-26T05:55:38.020+0000] {logging_mixin.py:190} INFO - [2024-09-26T05:55:38.019+0000] {dagbag.py:587} INFO - Filling up the DagBag from /opt/airflow/dags/dag_with_catchup_and_backfill.py
[2024-09-26T05:55:38.143+0000] {processor.py:925} INFO - DAG(s) 'dag_with_catchup_backfill_v01.3' retrieved from /opt/airflow/dags/dag_with_catchup_and_backfill.py
[2024-09-26T05:55:38.174+0000] {logging_mixin.py:190} INFO - [2024-09-26T05:55:38.173+0000] {dag.py:3229} INFO - Sync 1 DAGs
[2024-09-26T05:55:38.325+0000] {logging_mixin.py:190} INFO - [2024-09-26T05:55:38.324+0000] {dag.py:4156} INFO - Setting next_dagrun for dag_with_catchup_backfill_v01.3 to 2024-09-25 00:00:00+00:00, run_after=2024-09-26 00:00:00+00:00
[2024-09-26T05:55:38.352+0000] {processor.py:208} INFO - Processing /opt/airflow/dags/dag_with_catchup_and_backfill.py took 0.351 seconds
[2024-09-26T05:56:08.717+0000] {processor.py:186} INFO - Started process (PID=160112) to work on /opt/airflow/dags/dag_with_catchup_and_backfill.py
[2024-09-26T05:56:08.719+0000] {processor.py:914} INFO - Processing file /opt/airflow/dags/dag_with_catchup_and_backfill.py for tasks to queue
[2024-09-26T05:56:08.721+0000] {logging_mixin.py:190} INFO - [2024-09-26T05:56:08.720+0000] {dagbag.py:587} INFO - Filling up the DagBag from /opt/airflow/dags/dag_with_catchup_and_backfill.py
[2024-09-26T05:56:08.835+0000] {processor.py:925} INFO - DAG(s) 'dag_with_catchup_backfill_v01.3' retrieved from /opt/airflow/dags/dag_with_catchup_and_backfill.py
[2024-09-26T05:56:08.861+0000] {logging_mixin.py:190} INFO - [2024-09-26T05:56:08.861+0000] {dag.py:3229} INFO - Sync 1 DAGs
[2024-09-26T05:56:09.013+0000] {logging_mixin.py:190} INFO - [2024-09-26T05:56:09.013+0000] {dag.py:4156} INFO - Setting next_dagrun for dag_with_catchup_backfill_v01.3 to 2024-09-25 00:00:00+00:00, run_after=2024-09-26 00:00:00+00:00
[2024-09-26T05:56:09.038+0000] {processor.py:208} INFO - Processing /opt/airflow/dags/dag_with_catchup_and_backfill.py took 0.327 seconds
[2024-09-26T05:56:39.457+0000] {processor.py:186} INFO - Started process (PID=160155) to work on /opt/airflow/dags/dag_with_catchup_and_backfill.py
[2024-09-26T05:56:39.459+0000] {processor.py:914} INFO - Processing file /opt/airflow/dags/dag_with_catchup_and_backfill.py for tasks to queue
[2024-09-26T05:56:39.462+0000] {logging_mixin.py:190} INFO - [2024-09-26T05:56:39.461+0000] {dagbag.py:587} INFO - Filling up the DagBag from /opt/airflow/dags/dag_with_catchup_and_backfill.py
[2024-09-26T05:56:39.559+0000] {processor.py:925} INFO - DAG(s) 'dag_with_catchup_backfill_v01.3' retrieved from /opt/airflow/dags/dag_with_catchup_and_backfill.py
[2024-09-26T05:56:39.710+0000] {logging_mixin.py:190} INFO - [2024-09-26T05:56:39.709+0000] {dag.py:3229} INFO - Sync 1 DAGs
[2024-09-26T05:56:39.729+0000] {logging_mixin.py:190} INFO - [2024-09-26T05:56:39.729+0000] {dag.py:4156} INFO - Setting next_dagrun for dag_with_catchup_backfill_v01.3 to 2024-09-25 00:00:00+00:00, run_after=2024-09-26 00:00:00+00:00
[2024-09-26T05:56:39.754+0000] {processor.py:208} INFO - Processing /opt/airflow/dags/dag_with_catchup_and_backfill.py took 0.309 seconds
[2024-09-26T05:57:10.171+0000] {processor.py:186} INFO - Started process (PID=160200) to work on /opt/airflow/dags/dag_with_catchup_and_backfill.py
[2024-09-26T05:57:10.172+0000] {processor.py:914} INFO - Processing file /opt/airflow/dags/dag_with_catchup_and_backfill.py for tasks to queue
[2024-09-26T05:57:10.174+0000] {logging_mixin.py:190} INFO - [2024-09-26T05:57:10.174+0000] {dagbag.py:587} INFO - Filling up the DagBag from /opt/airflow/dags/dag_with_catchup_and_backfill.py
[2024-09-26T05:57:10.253+0000] {processor.py:925} INFO - DAG(s) 'dag_with_catchup_backfill_v01.3' retrieved from /opt/airflow/dags/dag_with_catchup_and_backfill.py
[2024-09-26T05:57:10.281+0000] {logging_mixin.py:190} INFO - [2024-09-26T05:57:10.280+0000] {dag.py:3229} INFO - Sync 1 DAGs
[2024-09-26T05:57:10.307+0000] {logging_mixin.py:190} INFO - [2024-09-26T05:57:10.307+0000] {dag.py:4156} INFO - Setting next_dagrun for dag_with_catchup_backfill_v01.3 to 2024-09-25 00:00:00+00:00, run_after=2024-09-26 00:00:00+00:00
[2024-09-26T05:57:10.335+0000] {processor.py:208} INFO - Processing /opt/airflow/dags/dag_with_catchup_and_backfill.py took 0.171 seconds
[2024-09-26T05:57:40.667+0000] {processor.py:186} INFO - Started process (PID=160241) to work on /opt/airflow/dags/dag_with_catchup_and_backfill.py
[2024-09-26T05:57:40.668+0000] {processor.py:914} INFO - Processing file /opt/airflow/dags/dag_with_catchup_and_backfill.py for tasks to queue
[2024-09-26T05:57:40.671+0000] {logging_mixin.py:190} INFO - [2024-09-26T05:57:40.670+0000] {dagbag.py:587} INFO - Filling up the DagBag from /opt/airflow/dags/dag_with_catchup_and_backfill.py
[2024-09-26T05:57:40.739+0000] {processor.py:925} INFO - DAG(s) 'dag_with_catchup_backfill_v01.3' retrieved from /opt/airflow/dags/dag_with_catchup_and_backfill.py
[2024-09-26T05:57:40.766+0000] {logging_mixin.py:190} INFO - [2024-09-26T05:57:40.766+0000] {dag.py:3229} INFO - Sync 1 DAGs
[2024-09-26T05:57:40.792+0000] {logging_mixin.py:190} INFO - [2024-09-26T05:57:40.792+0000] {dag.py:4156} INFO - Setting next_dagrun for dag_with_catchup_backfill_v01.3 to 2024-09-25 00:00:00+00:00, run_after=2024-09-26 00:00:00+00:00
[2024-09-26T05:57:40.817+0000] {processor.py:208} INFO - Processing /opt/airflow/dags/dag_with_catchup_and_backfill.py took 0.158 seconds
[2024-09-26T05:58:11.070+0000] {processor.py:186} INFO - Started process (PID=160284) to work on /opt/airflow/dags/dag_with_catchup_and_backfill.py
[2024-09-26T05:58:11.071+0000] {processor.py:914} INFO - Processing file /opt/airflow/dags/dag_with_catchup_and_backfill.py for tasks to queue
[2024-09-26T05:58:11.073+0000] {logging_mixin.py:190} INFO - [2024-09-26T05:58:11.073+0000] {dagbag.py:587} INFO - Filling up the DagBag from /opt/airflow/dags/dag_with_catchup_and_backfill.py
[2024-09-26T05:58:11.152+0000] {processor.py:925} INFO - DAG(s) 'dag_with_catchup_backfill_v01.3' retrieved from /opt/airflow/dags/dag_with_catchup_and_backfill.py
[2024-09-26T05:58:11.182+0000] {logging_mixin.py:190} INFO - [2024-09-26T05:58:11.182+0000] {dag.py:3229} INFO - Sync 1 DAGs
[2024-09-26T05:58:11.214+0000] {logging_mixin.py:190} INFO - [2024-09-26T05:58:11.214+0000] {dag.py:4156} INFO - Setting next_dagrun for dag_with_catchup_backfill_v01.3 to 2024-09-25 00:00:00+00:00, run_after=2024-09-26 00:00:00+00:00
[2024-09-26T05:58:11.241+0000] {processor.py:208} INFO - Processing /opt/airflow/dags/dag_with_catchup_and_backfill.py took 0.178 seconds
[2024-09-26T05:58:41.685+0000] {processor.py:186} INFO - Started process (PID=160327) to work on /opt/airflow/dags/dag_with_catchup_and_backfill.py
[2024-09-26T05:58:41.688+0000] {processor.py:914} INFO - Processing file /opt/airflow/dags/dag_with_catchup_and_backfill.py for tasks to queue
[2024-09-26T05:58:41.691+0000] {logging_mixin.py:190} INFO - [2024-09-26T05:58:41.690+0000] {dagbag.py:587} INFO - Filling up the DagBag from /opt/airflow/dags/dag_with_catchup_and_backfill.py
[2024-09-26T05:58:41.784+0000] {processor.py:925} INFO - DAG(s) 'dag_with_catchup_backfill_v01.3' retrieved from /opt/airflow/dags/dag_with_catchup_and_backfill.py
[2024-09-26T05:58:41.814+0000] {logging_mixin.py:190} INFO - [2024-09-26T05:58:41.813+0000] {dag.py:3229} INFO - Sync 1 DAGs
[2024-09-26T05:58:41.963+0000] {logging_mixin.py:190} INFO - [2024-09-26T05:58:41.962+0000] {dag.py:4156} INFO - Setting next_dagrun for dag_with_catchup_backfill_v01.3 to 2024-09-25 00:00:00+00:00, run_after=2024-09-26 00:00:00+00:00
[2024-09-26T05:58:41.982+0000] {processor.py:208} INFO - Processing /opt/airflow/dags/dag_with_catchup_and_backfill.py took 0.309 seconds
[2024-09-26T05:59:12.351+0000] {processor.py:186} INFO - Started process (PID=160370) to work on /opt/airflow/dags/dag_with_catchup_and_backfill.py
[2024-09-26T05:59:12.352+0000] {processor.py:914} INFO - Processing file /opt/airflow/dags/dag_with_catchup_and_backfill.py for tasks to queue
[2024-09-26T05:59:12.355+0000] {logging_mixin.py:190} INFO - [2024-09-26T05:59:12.354+0000] {dagbag.py:587} INFO - Filling up the DagBag from /opt/airflow/dags/dag_with_catchup_and_backfill.py
[2024-09-26T05:59:12.438+0000] {processor.py:925} INFO - DAG(s) 'dag_with_catchup_backfill_v01.3' retrieved from /opt/airflow/dags/dag_with_catchup_and_backfill.py
[2024-09-26T05:59:12.466+0000] {logging_mixin.py:190} INFO - [2024-09-26T05:59:12.466+0000] {dag.py:3229} INFO - Sync 1 DAGs
[2024-09-26T05:59:12.642+0000] {logging_mixin.py:190} INFO - [2024-09-26T05:59:12.641+0000] {dag.py:4156} INFO - Setting next_dagrun for dag_with_catchup_backfill_v01.3 to 2024-09-25 00:00:00+00:00, run_after=2024-09-26 00:00:00+00:00
[2024-09-26T05:59:12.667+0000] {processor.py:208} INFO - Processing /opt/airflow/dags/dag_with_catchup_and_backfill.py took 0.325 seconds
[2024-09-26T05:59:43.154+0000] {processor.py:186} INFO - Started process (PID=160415) to work on /opt/airflow/dags/dag_with_catchup_and_backfill.py
[2024-09-26T05:59:43.155+0000] {processor.py:914} INFO - Processing file /opt/airflow/dags/dag_with_catchup_and_backfill.py for tasks to queue
[2024-09-26T05:59:43.159+0000] {logging_mixin.py:190} INFO - [2024-09-26T05:59:43.158+0000] {dagbag.py:587} INFO - Filling up the DagBag from /opt/airflow/dags/dag_with_catchup_and_backfill.py
[2024-09-26T05:59:43.246+0000] {processor.py:925} INFO - DAG(s) 'dag_with_catchup_backfill_v01.3' retrieved from /opt/airflow/dags/dag_with_catchup_and_backfill.py
[2024-09-26T05:59:43.272+0000] {logging_mixin.py:190} INFO - [2024-09-26T05:59:43.271+0000] {dag.py:3229} INFO - Sync 1 DAGs
[2024-09-26T05:59:43.297+0000] {logging_mixin.py:190} INFO - [2024-09-26T05:59:43.297+0000] {dag.py:4156} INFO - Setting next_dagrun for dag_with_catchup_backfill_v01.3 to 2024-09-25 00:00:00+00:00, run_after=2024-09-26 00:00:00+00:00
[2024-09-26T05:59:43.328+0000] {processor.py:208} INFO - Processing /opt/airflow/dags/dag_with_catchup_and_backfill.py took 0.182 seconds
[2024-09-26T06:00:13.699+0000] {processor.py:186} INFO - Started process (PID=160456) to work on /opt/airflow/dags/dag_with_catchup_and_backfill.py
[2024-09-26T06:00:13.703+0000] {processor.py:914} INFO - Processing file /opt/airflow/dags/dag_with_catchup_and_backfill.py for tasks to queue
[2024-09-26T06:00:13.707+0000] {logging_mixin.py:190} INFO - [2024-09-26T06:00:13.706+0000] {dagbag.py:587} INFO - Filling up the DagBag from /opt/airflow/dags/dag_with_catchup_and_backfill.py
[2024-09-26T06:00:13.824+0000] {processor.py:925} INFO - DAG(s) 'dag_with_catchup_backfill_v01.3' retrieved from /opt/airflow/dags/dag_with_catchup_and_backfill.py
[2024-09-26T06:00:13.858+0000] {logging_mixin.py:190} INFO - [2024-09-26T06:00:13.858+0000] {dag.py:3229} INFO - Sync 1 DAGs
[2024-09-26T06:00:13.889+0000] {logging_mixin.py:190} INFO - [2024-09-26T06:00:13.889+0000] {dag.py:4156} INFO - Setting next_dagrun for dag_with_catchup_backfill_v01.3 to 2024-09-25 00:00:00+00:00, run_after=2024-09-26 00:00:00+00:00
[2024-09-26T06:00:13.927+0000] {processor.py:208} INFO - Processing /opt/airflow/dags/dag_with_catchup_and_backfill.py took 0.246 seconds
[2024-09-26T06:00:44.410+0000] {processor.py:186} INFO - Started process (PID=160499) to work on /opt/airflow/dags/dag_with_catchup_and_backfill.py
[2024-09-26T06:00:44.412+0000] {processor.py:914} INFO - Processing file /opt/airflow/dags/dag_with_catchup_and_backfill.py for tasks to queue
[2024-09-26T06:00:44.415+0000] {logging_mixin.py:190} INFO - [2024-09-26T06:00:44.414+0000] {dagbag.py:587} INFO - Filling up the DagBag from /opt/airflow/dags/dag_with_catchup_and_backfill.py
[2024-09-26T06:00:44.502+0000] {processor.py:925} INFO - DAG(s) 'dag_with_catchup_backfill_v01.3' retrieved from /opt/airflow/dags/dag_with_catchup_and_backfill.py
[2024-09-26T06:00:44.529+0000] {logging_mixin.py:190} INFO - [2024-09-26T06:00:44.529+0000] {dag.py:3229} INFO - Sync 1 DAGs
[2024-09-26T06:00:44.554+0000] {logging_mixin.py:190} INFO - [2024-09-26T06:00:44.554+0000] {dag.py:4156} INFO - Setting next_dagrun for dag_with_catchup_backfill_v01.3 to 2024-09-25 00:00:00+00:00, run_after=2024-09-26 00:00:00+00:00
[2024-09-26T06:00:44.581+0000] {processor.py:208} INFO - Processing /opt/airflow/dags/dag_with_catchup_and_backfill.py took 0.176 seconds
[2024-09-26T06:01:15.041+0000] {processor.py:186} INFO - Started process (PID=160542) to work on /opt/airflow/dags/dag_with_catchup_and_backfill.py
[2024-09-26T06:01:15.042+0000] {processor.py:914} INFO - Processing file /opt/airflow/dags/dag_with_catchup_and_backfill.py for tasks to queue
[2024-09-26T06:01:15.045+0000] {logging_mixin.py:190} INFO - [2024-09-26T06:01:15.044+0000] {dagbag.py:587} INFO - Filling up the DagBag from /opt/airflow/dags/dag_with_catchup_and_backfill.py
[2024-09-26T06:01:15.119+0000] {processor.py:925} INFO - DAG(s) 'dag_with_catchup_backfill_v01.3' retrieved from /opt/airflow/dags/dag_with_catchup_and_backfill.py
[2024-09-26T06:01:15.155+0000] {logging_mixin.py:190} INFO - [2024-09-26T06:01:15.155+0000] {dag.py:3229} INFO - Sync 1 DAGs
[2024-09-26T06:01:15.339+0000] {logging_mixin.py:190} INFO - [2024-09-26T06:01:15.338+0000] {dag.py:4156} INFO - Setting next_dagrun for dag_with_catchup_backfill_v01.3 to 2024-09-25 00:00:00+00:00, run_after=2024-09-26 00:00:00+00:00
[2024-09-26T06:01:15.363+0000] {processor.py:208} INFO - Processing /opt/airflow/dags/dag_with_catchup_and_backfill.py took 0.327 seconds
[2024-09-26T06:01:45.739+0000] {processor.py:186} INFO - Started process (PID=160585) to work on /opt/airflow/dags/dag_with_catchup_and_backfill.py
[2024-09-26T06:01:45.741+0000] {processor.py:914} INFO - Processing file /opt/airflow/dags/dag_with_catchup_and_backfill.py for tasks to queue
[2024-09-26T06:01:45.743+0000] {logging_mixin.py:190} INFO - [2024-09-26T06:01:45.743+0000] {dagbag.py:587} INFO - Filling up the DagBag from /opt/airflow/dags/dag_with_catchup_and_backfill.py
[2024-09-26T06:01:45.838+0000] {processor.py:925} INFO - DAG(s) 'dag_with_catchup_backfill_v01.3' retrieved from /opt/airflow/dags/dag_with_catchup_and_backfill.py
[2024-09-26T06:01:45.863+0000] {logging_mixin.py:190} INFO - [2024-09-26T06:01:45.863+0000] {dag.py:3229} INFO - Sync 1 DAGs
[2024-09-26T06:01:46.013+0000] {logging_mixin.py:190} INFO - [2024-09-26T06:01:46.012+0000] {dag.py:4156} INFO - Setting next_dagrun for dag_with_catchup_backfill_v01.3 to 2024-09-25 00:00:00+00:00, run_after=2024-09-26 00:00:00+00:00
[2024-09-26T06:01:46.034+0000] {processor.py:208} INFO - Processing /opt/airflow/dags/dag_with_catchup_and_backfill.py took 0.305 seconds
[2024-09-26T06:02:16.383+0000] {processor.py:186} INFO - Started process (PID=160628) to work on /opt/airflow/dags/dag_with_catchup_and_backfill.py
[2024-09-26T06:02:16.384+0000] {processor.py:914} INFO - Processing file /opt/airflow/dags/dag_with_catchup_and_backfill.py for tasks to queue
[2024-09-26T06:02:16.386+0000] {logging_mixin.py:190} INFO - [2024-09-26T06:02:16.385+0000] {dagbag.py:587} INFO - Filling up the DagBag from /opt/airflow/dags/dag_with_catchup_and_backfill.py
[2024-09-26T06:02:16.498+0000] {processor.py:925} INFO - DAG(s) 'dag_with_catchup_backfill_v01.3' retrieved from /opt/airflow/dags/dag_with_catchup_and_backfill.py
[2024-09-26T06:02:16.658+0000] {logging_mixin.py:190} INFO - [2024-09-26T06:02:16.658+0000] {dag.py:3229} INFO - Sync 1 DAGs
[2024-09-26T06:02:16.678+0000] {logging_mixin.py:190} INFO - [2024-09-26T06:02:16.677+0000] {dag.py:4156} INFO - Setting next_dagrun for dag_with_catchup_backfill_v01.3 to 2024-09-25 00:00:00+00:00, run_after=2024-09-26 00:00:00+00:00
[2024-09-26T06:02:16.698+0000] {processor.py:208} INFO - Processing /opt/airflow/dags/dag_with_catchup_and_backfill.py took 0.321 seconds
[2024-09-26T06:02:47.233+0000] {processor.py:186} INFO - Started process (PID=160673) to work on /opt/airflow/dags/dag_with_catchup_and_backfill.py
[2024-09-26T06:02:47.236+0000] {processor.py:914} INFO - Processing file /opt/airflow/dags/dag_with_catchup_and_backfill.py for tasks to queue
[2024-09-26T06:02:47.239+0000] {logging_mixin.py:190} INFO - [2024-09-26T06:02:47.238+0000] {dagbag.py:587} INFO - Filling up the DagBag from /opt/airflow/dags/dag_with_catchup_and_backfill.py
[2024-09-26T06:02:47.353+0000] {processor.py:925} INFO - DAG(s) 'dag_with_catchup_backfill_v01.3' retrieved from /opt/airflow/dags/dag_with_catchup_and_backfill.py
[2024-09-26T06:02:47.379+0000] {logging_mixin.py:190} INFO - [2024-09-26T06:02:47.379+0000] {dag.py:3229} INFO - Sync 1 DAGs
[2024-09-26T06:02:47.400+0000] {logging_mixin.py:190} INFO - [2024-09-26T06:02:47.400+0000] {dag.py:4156} INFO - Setting next_dagrun for dag_with_catchup_backfill_v01.3 to 2024-09-25 00:00:00+00:00, run_after=2024-09-26 00:00:00+00:00
[2024-09-26T06:02:47.437+0000] {processor.py:208} INFO - Processing /opt/airflow/dags/dag_with_catchup_and_backfill.py took 0.217 seconds
[2024-09-26T06:03:17.822+0000] {processor.py:186} INFO - Started process (PID=160714) to work on /opt/airflow/dags/dag_with_catchup_and_backfill.py
[2024-09-26T06:03:17.823+0000] {processor.py:914} INFO - Processing file /opt/airflow/dags/dag_with_catchup_and_backfill.py for tasks to queue
[2024-09-26T06:03:17.826+0000] {logging_mixin.py:190} INFO - [2024-09-26T06:03:17.826+0000] {dagbag.py:587} INFO - Filling up the DagBag from /opt/airflow/dags/dag_with_catchup_and_backfill.py
[2024-09-26T06:03:17.903+0000] {processor.py:925} INFO - DAG(s) 'dag_with_catchup_backfill_v01.3' retrieved from /opt/airflow/dags/dag_with_catchup_and_backfill.py
[2024-09-26T06:03:17.944+0000] {logging_mixin.py:190} INFO - [2024-09-26T06:03:17.944+0000] {dag.py:3229} INFO - Sync 1 DAGs
[2024-09-26T06:03:17.967+0000] {logging_mixin.py:190} INFO - [2024-09-26T06:03:17.967+0000] {dag.py:4156} INFO - Setting next_dagrun for dag_with_catchup_backfill_v01.3 to 2024-09-25 00:00:00+00:00, run_after=2024-09-26 00:00:00+00:00
[2024-09-26T06:03:17.990+0000] {processor.py:208} INFO - Processing /opt/airflow/dags/dag_with_catchup_and_backfill.py took 0.175 seconds
[2024-09-26T06:03:48.397+0000] {processor.py:186} INFO - Started process (PID=160757) to work on /opt/airflow/dags/dag_with_catchup_and_backfill.py
[2024-09-26T06:03:48.399+0000] {processor.py:914} INFO - Processing file /opt/airflow/dags/dag_with_catchup_and_backfill.py for tasks to queue
[2024-09-26T06:03:48.401+0000] {logging_mixin.py:190} INFO - [2024-09-26T06:03:48.400+0000] {dagbag.py:587} INFO - Filling up the DagBag from /opt/airflow/dags/dag_with_catchup_and_backfill.py
[2024-09-26T06:03:48.493+0000] {processor.py:925} INFO - DAG(s) 'dag_with_catchup_backfill_v01.3' retrieved from /opt/airflow/dags/dag_with_catchup_and_backfill.py
[2024-09-26T06:03:48.519+0000] {logging_mixin.py:190} INFO - [2024-09-26T06:03:48.519+0000] {dag.py:3229} INFO - Sync 1 DAGs
[2024-09-26T06:03:48.542+0000] {logging_mixin.py:190} INFO - [2024-09-26T06:03:48.542+0000] {dag.py:4156} INFO - Setting next_dagrun for dag_with_catchup_backfill_v01.3 to 2024-09-25 00:00:00+00:00, run_after=2024-09-26 00:00:00+00:00
[2024-09-26T06:03:48.701+0000] {processor.py:208} INFO - Processing /opt/airflow/dags/dag_with_catchup_and_backfill.py took 0.314 seconds
[2024-09-26T06:04:19.089+0000] {processor.py:186} INFO - Started process (PID=160800) to work on /opt/airflow/dags/dag_with_catchup_and_backfill.py
[2024-09-26T06:04:19.094+0000] {processor.py:914} INFO - Processing file /opt/airflow/dags/dag_with_catchup_and_backfill.py for tasks to queue
[2024-09-26T06:04:19.099+0000] {logging_mixin.py:190} INFO - [2024-09-26T06:04:19.098+0000] {dagbag.py:587} INFO - Filling up the DagBag from /opt/airflow/dags/dag_with_catchup_and_backfill.py
[2024-09-26T06:04:19.267+0000] {processor.py:925} INFO - DAG(s) 'dag_with_catchup_backfill_v01.3' retrieved from /opt/airflow/dags/dag_with_catchup_and_backfill.py
[2024-09-26T06:04:19.330+0000] {logging_mixin.py:190} INFO - [2024-09-26T06:04:19.329+0000] {dag.py:3229} INFO - Sync 1 DAGs
[2024-09-26T06:04:19.562+0000] {logging_mixin.py:190} INFO - [2024-09-26T06:04:19.562+0000] {dag.py:4156} INFO - Setting next_dagrun for dag_with_catchup_backfill_v01.3 to 2024-09-25 00:00:00+00:00, run_after=2024-09-26 00:00:00+00:00
[2024-09-26T06:04:19.594+0000] {processor.py:208} INFO - Processing /opt/airflow/dags/dag_with_catchup_and_backfill.py took 0.529 seconds
[2024-09-26T06:04:50.208+0000] {processor.py:186} INFO - Started process (PID=160843) to work on /opt/airflow/dags/dag_with_catchup_and_backfill.py
[2024-09-26T06:04:50.209+0000] {processor.py:914} INFO - Processing file /opt/airflow/dags/dag_with_catchup_and_backfill.py for tasks to queue
[2024-09-26T06:04:50.211+0000] {logging_mixin.py:190} INFO - [2024-09-26T06:04:50.211+0000] {dagbag.py:587} INFO - Filling up the DagBag from /opt/airflow/dags/dag_with_catchup_and_backfill.py
[2024-09-26T06:04:50.287+0000] {processor.py:925} INFO - DAG(s) 'dag_with_catchup_backfill_v01.3' retrieved from /opt/airflow/dags/dag_with_catchup_and_backfill.py
[2024-09-26T06:04:50.465+0000] {logging_mixin.py:190} INFO - [2024-09-26T06:04:50.464+0000] {dag.py:3229} INFO - Sync 1 DAGs
[2024-09-26T06:04:50.483+0000] {logging_mixin.py:190} INFO - [2024-09-26T06:04:50.482+0000] {dag.py:4156} INFO - Setting next_dagrun for dag_with_catchup_backfill_v01.3 to 2024-09-25 00:00:00+00:00, run_after=2024-09-26 00:00:00+00:00
[2024-09-26T06:04:50.504+0000] {processor.py:208} INFO - Processing /opt/airflow/dags/dag_with_catchup_and_backfill.py took 0.303 seconds
[2024-09-26T06:05:20.987+0000] {processor.py:186} INFO - Started process (PID=160886) to work on /opt/airflow/dags/dag_with_catchup_and_backfill.py
[2024-09-26T06:05:20.988+0000] {processor.py:914} INFO - Processing file /opt/airflow/dags/dag_with_catchup_and_backfill.py for tasks to queue
[2024-09-26T06:05:20.991+0000] {logging_mixin.py:190} INFO - [2024-09-26T06:05:20.991+0000] {dagbag.py:587} INFO - Filling up the DagBag from /opt/airflow/dags/dag_with_catchup_and_backfill.py
[2024-09-26T06:05:21.103+0000] {processor.py:925} INFO - DAG(s) 'dag_with_catchup_backfill_v01.3' retrieved from /opt/airflow/dags/dag_with_catchup_and_backfill.py
[2024-09-26T06:05:21.132+0000] {logging_mixin.py:190} INFO - [2024-09-26T06:05:21.132+0000] {dag.py:3229} INFO - Sync 1 DAGs
[2024-09-26T06:05:21.152+0000] {logging_mixin.py:190} INFO - [2024-09-26T06:05:21.152+0000] {dag.py:4156} INFO - Setting next_dagrun for dag_with_catchup_backfill_v01.3 to 2024-09-25 00:00:00+00:00, run_after=2024-09-26 00:00:00+00:00
[2024-09-26T06:05:21.176+0000] {processor.py:208} INFO - Processing /opt/airflow/dags/dag_with_catchup_and_backfill.py took 0.196 seconds
[2024-09-26T06:05:51.588+0000] {processor.py:186} INFO - Started process (PID=160929) to work on /opt/airflow/dags/dag_with_catchup_and_backfill.py
[2024-09-26T06:05:51.590+0000] {processor.py:914} INFO - Processing file /opt/airflow/dags/dag_with_catchup_and_backfill.py for tasks to queue
[2024-09-26T06:05:51.592+0000] {logging_mixin.py:190} INFO - [2024-09-26T06:05:51.592+0000] {dagbag.py:587} INFO - Filling up the DagBag from /opt/airflow/dags/dag_with_catchup_and_backfill.py
[2024-09-26T06:05:51.697+0000] {processor.py:925} INFO - DAG(s) 'dag_with_catchup_backfill_v01.3' retrieved from /opt/airflow/dags/dag_with_catchup_and_backfill.py
[2024-09-26T06:05:51.725+0000] {logging_mixin.py:190} INFO - [2024-09-26T06:05:51.725+0000] {dag.py:3229} INFO - Sync 1 DAGs
[2024-09-26T06:05:51.750+0000] {logging_mixin.py:190} INFO - [2024-09-26T06:05:51.750+0000] {dag.py:4156} INFO - Setting next_dagrun for dag_with_catchup_backfill_v01.3 to 2024-09-25 00:00:00+00:00, run_after=2024-09-26 00:00:00+00:00
[2024-09-26T06:05:51.777+0000] {processor.py:208} INFO - Processing /opt/airflow/dags/dag_with_catchup_and_backfill.py took 0.196 seconds
[2024-09-26T06:06:22.227+0000] {processor.py:186} INFO - Started process (PID=160972) to work on /opt/airflow/dags/dag_with_catchup_and_backfill.py
[2024-09-26T06:06:22.229+0000] {processor.py:914} INFO - Processing file /opt/airflow/dags/dag_with_catchup_and_backfill.py for tasks to queue
[2024-09-26T06:06:22.232+0000] {logging_mixin.py:190} INFO - [2024-09-26T06:06:22.231+0000] {dagbag.py:587} INFO - Filling up the DagBag from /opt/airflow/dags/dag_with_catchup_and_backfill.py
[2024-09-26T06:06:22.345+0000] {processor.py:925} INFO - DAG(s) 'dag_with_catchup_backfill_v01.3' retrieved from /opt/airflow/dags/dag_with_catchup_and_backfill.py
[2024-09-26T06:06:22.382+0000] {logging_mixin.py:190} INFO - [2024-09-26T06:06:22.382+0000] {dag.py:3229} INFO - Sync 1 DAGs
[2024-09-26T06:06:22.407+0000] {logging_mixin.py:190} INFO - [2024-09-26T06:06:22.407+0000] {dag.py:4156} INFO - Setting next_dagrun for dag_with_catchup_backfill_v01.3 to 2024-09-25 00:00:00+00:00, run_after=2024-09-26 00:00:00+00:00
[2024-09-26T06:06:22.551+0000] {processor.py:208} INFO - Processing /opt/airflow/dags/dag_with_catchup_and_backfill.py took 0.335 seconds
[2024-09-26T06:06:52.980+0000] {processor.py:186} INFO - Started process (PID=161015) to work on /opt/airflow/dags/dag_with_catchup_and_backfill.py
[2024-09-26T06:06:52.983+0000] {processor.py:914} INFO - Processing file /opt/airflow/dags/dag_with_catchup_and_backfill.py for tasks to queue
[2024-09-26T06:06:52.989+0000] {logging_mixin.py:190} INFO - [2024-09-26T06:06:52.988+0000] {dagbag.py:587} INFO - Filling up the DagBag from /opt/airflow/dags/dag_with_catchup_and_backfill.py
[2024-09-26T06:06:53.087+0000] {processor.py:925} INFO - DAG(s) 'dag_with_catchup_backfill_v01.3' retrieved from /opt/airflow/dags/dag_with_catchup_and_backfill.py
[2024-09-26T06:06:53.112+0000] {logging_mixin.py:190} INFO - [2024-09-26T06:06:53.112+0000] {dag.py:3229} INFO - Sync 1 DAGs
[2024-09-26T06:06:53.286+0000] {logging_mixin.py:190} INFO - [2024-09-26T06:06:53.286+0000] {dag.py:4156} INFO - Setting next_dagrun for dag_with_catchup_backfill_v01.3 to 2024-09-25 00:00:00+00:00, run_after=2024-09-26 00:00:00+00:00
[2024-09-26T06:06:53.312+0000] {processor.py:208} INFO - Processing /opt/airflow/dags/dag_with_catchup_and_backfill.py took 0.346 seconds
[2024-09-26T06:07:24.096+0000] {processor.py:186} INFO - Started process (PID=161060) to work on /opt/airflow/dags/dag_with_catchup_and_backfill.py
[2024-09-26T06:07:24.098+0000] {processor.py:914} INFO - Processing file /opt/airflow/dags/dag_with_catchup_and_backfill.py for tasks to queue
[2024-09-26T06:07:24.102+0000] {logging_mixin.py:190} INFO - [2024-09-26T06:07:24.101+0000] {dagbag.py:587} INFO - Filling up the DagBag from /opt/airflow/dags/dag_with_catchup_and_backfill.py
[2024-09-26T06:07:24.218+0000] {processor.py:925} INFO - DAG(s) 'dag_with_catchup_backfill_v01.3' retrieved from /opt/airflow/dags/dag_with_catchup_and_backfill.py
[2024-09-26T06:07:24.246+0000] {logging_mixin.py:190} INFO - [2024-09-26T06:07:24.246+0000] {dag.py:3229} INFO - Sync 1 DAGs
[2024-09-26T06:07:24.387+0000] {logging_mixin.py:190} INFO - [2024-09-26T06:07:24.387+0000] {dag.py:4156} INFO - Setting next_dagrun for dag_with_catchup_backfill_v01.3 to 2024-09-25 00:00:00+00:00, run_after=2024-09-26 00:00:00+00:00
[2024-09-26T06:07:24.422+0000] {processor.py:208} INFO - Processing /opt/airflow/dags/dag_with_catchup_and_backfill.py took 0.332 seconds
[2024-09-26T06:07:55.138+0000] {processor.py:186} INFO - Started process (PID=161103) to work on /opt/airflow/dags/dag_with_catchup_and_backfill.py
[2024-09-26T06:07:55.142+0000] {processor.py:914} INFO - Processing file /opt/airflow/dags/dag_with_catchup_and_backfill.py for tasks to queue
[2024-09-26T06:07:55.151+0000] {logging_mixin.py:190} INFO - [2024-09-26T06:07:55.150+0000] {dagbag.py:587} INFO - Filling up the DagBag from /opt/airflow/dags/dag_with_catchup_and_backfill.py
[2024-09-26T06:07:55.266+0000] {processor.py:925} INFO - DAG(s) 'dag_with_catchup_backfill_v01.3' retrieved from /opt/airflow/dags/dag_with_catchup_and_backfill.py
[2024-09-26T06:07:55.480+0000] {logging_mixin.py:190} INFO - [2024-09-26T06:07:55.479+0000] {dag.py:3229} INFO - Sync 1 DAGs
[2024-09-26T06:07:55.507+0000] {logging_mixin.py:190} INFO - [2024-09-26T06:07:55.507+0000] {dag.py:4156} INFO - Setting next_dagrun for dag_with_catchup_backfill_v01.3 to 2024-09-25 00:00:00+00:00, run_after=2024-09-26 00:00:00+00:00
[2024-09-26T06:07:55.542+0000] {processor.py:208} INFO - Processing /opt/airflow/dags/dag_with_catchup_and_backfill.py took 0.413 seconds
[2024-09-26T06:08:26.449+0000] {processor.py:186} INFO - Started process (PID=161146) to work on /opt/airflow/dags/dag_with_catchup_and_backfill.py
[2024-09-26T06:08:26.450+0000] {processor.py:914} INFO - Processing file /opt/airflow/dags/dag_with_catchup_and_backfill.py for tasks to queue
[2024-09-26T06:08:26.453+0000] {logging_mixin.py:190} INFO - [2024-09-26T06:08:26.452+0000] {dagbag.py:587} INFO - Filling up the DagBag from /opt/airflow/dags/dag_with_catchup_and_backfill.py
[2024-09-26T06:08:26.538+0000] {processor.py:925} INFO - DAG(s) 'dag_with_catchup_backfill_v01.3' retrieved from /opt/airflow/dags/dag_with_catchup_and_backfill.py
[2024-09-26T06:08:26.576+0000] {logging_mixin.py:190} INFO - [2024-09-26T06:08:26.575+0000] {dag.py:3229} INFO - Sync 1 DAGs
[2024-09-26T06:08:26.613+0000] {logging_mixin.py:190} INFO - [2024-09-26T06:08:26.613+0000] {dag.py:4156} INFO - Setting next_dagrun for dag_with_catchup_backfill_v01.3 to 2024-09-25 00:00:00+00:00, run_after=2024-09-26 00:00:00+00:00
[2024-09-26T06:08:26.657+0000] {processor.py:208} INFO - Processing /opt/airflow/dags/dag_with_catchup_and_backfill.py took 0.214 seconds
[2024-09-26T06:08:57.101+0000] {processor.py:186} INFO - Started process (PID=161189) to work on /opt/airflow/dags/dag_with_catchup_and_backfill.py
[2024-09-26T06:08:57.104+0000] {processor.py:914} INFO - Processing file /opt/airflow/dags/dag_with_catchup_and_backfill.py for tasks to queue
[2024-09-26T06:08:57.106+0000] {logging_mixin.py:190} INFO - [2024-09-26T06:08:57.105+0000] {dagbag.py:587} INFO - Filling up the DagBag from /opt/airflow/dags/dag_with_catchup_and_backfill.py
[2024-09-26T06:08:57.220+0000] {processor.py:925} INFO - DAG(s) 'dag_with_catchup_backfill_v01.3' retrieved from /opt/airflow/dags/dag_with_catchup_and_backfill.py
[2024-09-26T06:08:57.244+0000] {logging_mixin.py:190} INFO - [2024-09-26T06:08:57.244+0000] {dag.py:3229} INFO - Sync 1 DAGs
[2024-09-26T06:08:57.266+0000] {logging_mixin.py:190} INFO - [2024-09-26T06:08:57.265+0000] {dag.py:4156} INFO - Setting next_dagrun for dag_with_catchup_backfill_v01.3 to 2024-09-25 00:00:00+00:00, run_after=2024-09-26 00:00:00+00:00
[2024-09-26T06:08:57.293+0000] {processor.py:208} INFO - Processing /opt/airflow/dags/dag_with_catchup_and_backfill.py took 0.202 seconds
[2024-09-26T06:09:27.651+0000] {processor.py:186} INFO - Started process (PID=161232) to work on /opt/airflow/dags/dag_with_catchup_and_backfill.py
[2024-09-26T06:09:27.653+0000] {processor.py:914} INFO - Processing file /opt/airflow/dags/dag_with_catchup_and_backfill.py for tasks to queue
[2024-09-26T06:09:27.656+0000] {logging_mixin.py:190} INFO - [2024-09-26T06:09:27.655+0000] {dagbag.py:587} INFO - Filling up the DagBag from /opt/airflow/dags/dag_with_catchup_and_backfill.py
[2024-09-26T06:09:27.765+0000] {processor.py:925} INFO - DAG(s) 'dag_with_catchup_backfill_v01.3' retrieved from /opt/airflow/dags/dag_with_catchup_and_backfill.py
[2024-09-26T06:09:27.789+0000] {logging_mixin.py:190} INFO - [2024-09-26T06:09:27.788+0000] {dag.py:3229} INFO - Sync 1 DAGs
[2024-09-26T06:09:27.809+0000] {logging_mixin.py:190} INFO - [2024-09-26T06:09:27.809+0000] {dag.py:4156} INFO - Setting next_dagrun for dag_with_catchup_backfill_v01.3 to 2024-09-25 00:00:00+00:00, run_after=2024-09-26 00:00:00+00:00
[2024-09-26T06:09:27.835+0000] {processor.py:208} INFO - Processing /opt/airflow/dags/dag_with_catchup_and_backfill.py took 0.193 seconds
[2024-09-26T06:09:58.196+0000] {processor.py:186} INFO - Started process (PID=161275) to work on /opt/airflow/dags/dag_with_catchup_and_backfill.py
[2024-09-26T06:09:58.198+0000] {processor.py:914} INFO - Processing file /opt/airflow/dags/dag_with_catchup_and_backfill.py for tasks to queue
[2024-09-26T06:09:58.200+0000] {logging_mixin.py:190} INFO - [2024-09-26T06:09:58.199+0000] {dagbag.py:587} INFO - Filling up the DagBag from /opt/airflow/dags/dag_with_catchup_and_backfill.py
[2024-09-26T06:09:58.280+0000] {processor.py:925} INFO - DAG(s) 'dag_with_catchup_backfill_v01.3' retrieved from /opt/airflow/dags/dag_with_catchup_and_backfill.py
[2024-09-26T06:09:58.304+0000] {logging_mixin.py:190} INFO - [2024-09-26T06:09:58.304+0000] {dag.py:3229} INFO - Sync 1 DAGs
[2024-09-26T06:09:58.326+0000] {logging_mixin.py:190} INFO - [2024-09-26T06:09:58.326+0000] {dag.py:4156} INFO - Setting next_dagrun for dag_with_catchup_backfill_v01.3 to 2024-09-25 00:00:00+00:00, run_after=2024-09-26 00:00:00+00:00
[2024-09-26T06:09:58.360+0000] {processor.py:208} INFO - Processing /opt/airflow/dags/dag_with_catchup_and_backfill.py took 0.169 seconds
[2024-09-26T06:10:28.645+0000] {processor.py:186} INFO - Started process (PID=161318) to work on /opt/airflow/dags/dag_with_catchup_and_backfill.py
[2024-09-26T06:10:28.646+0000] {processor.py:914} INFO - Processing file /opt/airflow/dags/dag_with_catchup_and_backfill.py for tasks to queue
[2024-09-26T06:10:28.649+0000] {logging_mixin.py:190} INFO - [2024-09-26T06:10:28.648+0000] {dagbag.py:587} INFO - Filling up the DagBag from /opt/airflow/dags/dag_with_catchup_and_backfill.py
[2024-09-26T06:10:28.724+0000] {processor.py:925} INFO - DAG(s) 'dag_with_catchup_backfill_v01.3' retrieved from /opt/airflow/dags/dag_with_catchup_and_backfill.py
[2024-09-26T06:10:28.759+0000] {logging_mixin.py:190} INFO - [2024-09-26T06:10:28.759+0000] {dag.py:3229} INFO - Sync 1 DAGs
[2024-09-26T06:10:28.790+0000] {logging_mixin.py:190} INFO - [2024-09-26T06:10:28.790+0000] {dag.py:4156} INFO - Setting next_dagrun for dag_with_catchup_backfill_v01.3 to 2024-09-25 00:00:00+00:00, run_after=2024-09-26 00:00:00+00:00
[2024-09-26T06:10:28.821+0000] {processor.py:208} INFO - Processing /opt/airflow/dags/dag_with_catchup_and_backfill.py took 0.183 seconds
[2024-09-26T06:10:59.194+0000] {processor.py:186} INFO - Started process (PID=161361) to work on /opt/airflow/dags/dag_with_catchup_and_backfill.py
[2024-09-26T06:10:59.196+0000] {processor.py:914} INFO - Processing file /opt/airflow/dags/dag_with_catchup_and_backfill.py for tasks to queue
[2024-09-26T06:10:59.199+0000] {logging_mixin.py:190} INFO - [2024-09-26T06:10:59.198+0000] {dagbag.py:587} INFO - Filling up the DagBag from /opt/airflow/dags/dag_with_catchup_and_backfill.py
[2024-09-26T06:10:59.308+0000] {processor.py:925} INFO - DAG(s) 'dag_with_catchup_backfill_v01.3' retrieved from /opt/airflow/dags/dag_with_catchup_and_backfill.py
[2024-09-26T06:10:59.341+0000] {logging_mixin.py:190} INFO - [2024-09-26T06:10:59.341+0000] {dag.py:3229} INFO - Sync 1 DAGs
[2024-09-26T06:10:59.376+0000] {logging_mixin.py:190} INFO - [2024-09-26T06:10:59.376+0000] {dag.py:4156} INFO - Setting next_dagrun for dag_with_catchup_backfill_v01.3 to 2024-09-25 00:00:00+00:00, run_after=2024-09-26 00:00:00+00:00
[2024-09-26T06:10:59.407+0000] {processor.py:208} INFO - Processing /opt/airflow/dags/dag_with_catchup_and_backfill.py took 0.222 seconds
[2024-09-26T06:11:29.817+0000] {processor.py:186} INFO - Started process (PID=161404) to work on /opt/airflow/dags/dag_with_catchup_and_backfill.py
[2024-09-26T06:11:29.819+0000] {processor.py:914} INFO - Processing file /opt/airflow/dags/dag_with_catchup_and_backfill.py for tasks to queue
[2024-09-26T06:11:29.822+0000] {logging_mixin.py:190} INFO - [2024-09-26T06:11:29.821+0000] {dagbag.py:587} INFO - Filling up the DagBag from /opt/airflow/dags/dag_with_catchup_and_backfill.py
[2024-09-26T06:11:29.903+0000] {processor.py:925} INFO - DAG(s) 'dag_with_catchup_backfill_v01.3' retrieved from /opt/airflow/dags/dag_with_catchup_and_backfill.py
[2024-09-26T06:11:29.930+0000] {logging_mixin.py:190} INFO - [2024-09-26T06:11:29.930+0000] {dag.py:3229} INFO - Sync 1 DAGs
[2024-09-26T06:11:29.955+0000] {logging_mixin.py:190} INFO - [2024-09-26T06:11:29.955+0000] {dag.py:4156} INFO - Setting next_dagrun for dag_with_catchup_backfill_v01.3 to 2024-09-25 00:00:00+00:00, run_after=2024-09-26 00:00:00+00:00
[2024-09-26T06:11:29.993+0000] {processor.py:208} INFO - Processing /opt/airflow/dags/dag_with_catchup_and_backfill.py took 0.182 seconds
[2024-09-26T06:12:00.233+0000] {processor.py:186} INFO - Started process (PID=161447) to work on /opt/airflow/dags/dag_with_catchup_and_backfill.py
[2024-09-26T06:12:00.235+0000] {processor.py:914} INFO - Processing file /opt/airflow/dags/dag_with_catchup_and_backfill.py for tasks to queue
[2024-09-26T06:12:00.237+0000] {logging_mixin.py:190} INFO - [2024-09-26T06:12:00.236+0000] {dagbag.py:587} INFO - Filling up the DagBag from /opt/airflow/dags/dag_with_catchup_and_backfill.py
[2024-09-26T06:12:00.340+0000] {processor.py:925} INFO - DAG(s) 'dag_with_catchup_backfill_v01.3' retrieved from /opt/airflow/dags/dag_with_catchup_and_backfill.py
[2024-09-26T06:12:00.369+0000] {logging_mixin.py:190} INFO - [2024-09-26T06:12:00.369+0000] {dag.py:3229} INFO - Sync 1 DAGs
[2024-09-26T06:12:00.391+0000] {logging_mixin.py:190} INFO - [2024-09-26T06:12:00.390+0000] {dag.py:4156} INFO - Setting next_dagrun for dag_with_catchup_backfill_v01.3 to 2024-09-25 00:00:00+00:00, run_after=2024-09-26 00:00:00+00:00
[2024-09-26T06:12:00.416+0000] {processor.py:208} INFO - Processing /opt/airflow/dags/dag_with_catchup_and_backfill.py took 0.189 seconds
[2024-09-26T06:12:30.674+0000] {processor.py:186} INFO - Started process (PID=161490) to work on /opt/airflow/dags/dag_with_catchup_and_backfill.py
[2024-09-26T06:12:30.675+0000] {processor.py:914} INFO - Processing file /opt/airflow/dags/dag_with_catchup_and_backfill.py for tasks to queue
[2024-09-26T06:12:30.678+0000] {logging_mixin.py:190} INFO - [2024-09-26T06:12:30.677+0000] {dagbag.py:587} INFO - Filling up the DagBag from /opt/airflow/dags/dag_with_catchup_and_backfill.py
[2024-09-26T06:12:30.745+0000] {processor.py:925} INFO - DAG(s) 'dag_with_catchup_backfill_v01.3' retrieved from /opt/airflow/dags/dag_with_catchup_and_backfill.py
[2024-09-26T06:12:30.772+0000] {logging_mixin.py:190} INFO - [2024-09-26T06:12:30.772+0000] {dag.py:3229} INFO - Sync 1 DAGs
[2024-09-26T06:12:30.799+0000] {logging_mixin.py:190} INFO - [2024-09-26T06:12:30.799+0000] {dag.py:4156} INFO - Setting next_dagrun for dag_with_catchup_backfill_v01.3 to 2024-09-25 00:00:00+00:00, run_after=2024-09-26 00:00:00+00:00
[2024-09-26T06:12:30.829+0000] {processor.py:208} INFO - Processing /opt/airflow/dags/dag_with_catchup_and_backfill.py took 0.164 seconds
[2024-09-26T06:13:01.312+0000] {processor.py:186} INFO - Started process (PID=161533) to work on /opt/airflow/dags/dag_with_catchup_and_backfill.py
[2024-09-26T06:13:01.314+0000] {processor.py:914} INFO - Processing file /opt/airflow/dags/dag_with_catchup_and_backfill.py for tasks to queue
[2024-09-26T06:13:01.316+0000] {logging_mixin.py:190} INFO - [2024-09-26T06:13:01.316+0000] {dagbag.py:587} INFO - Filling up the DagBag from /opt/airflow/dags/dag_with_catchup_and_backfill.py
[2024-09-26T06:13:01.403+0000] {processor.py:925} INFO - DAG(s) 'dag_with_catchup_backfill_v01.3' retrieved from /opt/airflow/dags/dag_with_catchup_and_backfill.py
[2024-09-26T06:13:01.428+0000] {logging_mixin.py:190} INFO - [2024-09-26T06:13:01.427+0000] {dag.py:3229} INFO - Sync 1 DAGs
[2024-09-26T06:13:01.452+0000] {logging_mixin.py:190} INFO - [2024-09-26T06:13:01.452+0000] {dag.py:4156} INFO - Setting next_dagrun for dag_with_catchup_backfill_v01.3 to 2024-09-25 00:00:00+00:00, run_after=2024-09-26 00:00:00+00:00
[2024-09-26T06:13:01.488+0000] {processor.py:208} INFO - Processing /opt/airflow/dags/dag_with_catchup_and_backfill.py took 0.184 seconds
[2024-09-26T06:13:31.760+0000] {processor.py:186} INFO - Started process (PID=161576) to work on /opt/airflow/dags/dag_with_catchup_and_backfill.py
[2024-09-26T06:13:31.762+0000] {processor.py:914} INFO - Processing file /opt/airflow/dags/dag_with_catchup_and_backfill.py for tasks to queue
[2024-09-26T06:13:31.765+0000] {logging_mixin.py:190} INFO - [2024-09-26T06:13:31.764+0000] {dagbag.py:587} INFO - Filling up the DagBag from /opt/airflow/dags/dag_with_catchup_and_backfill.py
[2024-09-26T06:13:31.852+0000] {processor.py:925} INFO - DAG(s) 'dag_with_catchup_backfill_v01.3' retrieved from /opt/airflow/dags/dag_with_catchup_and_backfill.py
[2024-09-26T06:13:31.879+0000] {logging_mixin.py:190} INFO - [2024-09-26T06:13:31.879+0000] {dag.py:3229} INFO - Sync 1 DAGs
[2024-09-26T06:13:31.906+0000] {logging_mixin.py:190} INFO - [2024-09-26T06:13:31.906+0000] {dag.py:4156} INFO - Setting next_dagrun for dag_with_catchup_backfill_v01.3 to 2024-09-25 00:00:00+00:00, run_after=2024-09-26 00:00:00+00:00
[2024-09-26T06:13:31.933+0000] {processor.py:208} INFO - Processing /opt/airflow/dags/dag_with_catchup_and_backfill.py took 0.178 seconds
[2024-09-26T06:14:02.351+0000] {processor.py:186} INFO - Started process (PID=161619) to work on /opt/airflow/dags/dag_with_catchup_and_backfill.py
[2024-09-26T06:14:02.352+0000] {processor.py:914} INFO - Processing file /opt/airflow/dags/dag_with_catchup_and_backfill.py for tasks to queue
[2024-09-26T06:14:02.354+0000] {logging_mixin.py:190} INFO - [2024-09-26T06:14:02.354+0000] {dagbag.py:587} INFO - Filling up the DagBag from /opt/airflow/dags/dag_with_catchup_and_backfill.py
[2024-09-26T06:14:02.420+0000] {processor.py:925} INFO - DAG(s) 'dag_with_catchup_backfill_v01.3' retrieved from /opt/airflow/dags/dag_with_catchup_and_backfill.py
[2024-09-26T06:14:02.446+0000] {logging_mixin.py:190} INFO - [2024-09-26T06:14:02.445+0000] {dag.py:3229} INFO - Sync 1 DAGs
[2024-09-26T06:14:02.471+0000] {logging_mixin.py:190} INFO - [2024-09-26T06:14:02.471+0000] {dag.py:4156} INFO - Setting next_dagrun for dag_with_catchup_backfill_v01.3 to 2024-09-25 00:00:00+00:00, run_after=2024-09-26 00:00:00+00:00
[2024-09-26T06:14:02.504+0000] {processor.py:208} INFO - Processing /opt/airflow/dags/dag_with_catchup_and_backfill.py took 0.160 seconds
[2024-09-26T06:14:32.659+0000] {processor.py:186} INFO - Started process (PID=161662) to work on /opt/airflow/dags/dag_with_catchup_and_backfill.py
[2024-09-26T06:14:32.660+0000] {processor.py:914} INFO - Processing file /opt/airflow/dags/dag_with_catchup_and_backfill.py for tasks to queue
[2024-09-26T06:14:32.662+0000] {logging_mixin.py:190} INFO - [2024-09-26T06:14:32.662+0000] {dagbag.py:587} INFO - Filling up the DagBag from /opt/airflow/dags/dag_with_catchup_and_backfill.py
[2024-09-26T06:14:32.734+0000] {processor.py:925} INFO - DAG(s) 'dag_with_catchup_backfill_v01.3' retrieved from /opt/airflow/dags/dag_with_catchup_and_backfill.py
[2024-09-26T06:14:32.759+0000] {logging_mixin.py:190} INFO - [2024-09-26T06:14:32.759+0000] {dag.py:3229} INFO - Sync 1 DAGs
[2024-09-26T06:14:32.782+0000] {logging_mixin.py:190} INFO - [2024-09-26T06:14:32.781+0000] {dag.py:4156} INFO - Setting next_dagrun for dag_with_catchup_backfill_v01.3 to 2024-09-25 00:00:00+00:00, run_after=2024-09-26 00:00:00+00:00
[2024-09-26T06:14:32.805+0000] {processor.py:208} INFO - Processing /opt/airflow/dags/dag_with_catchup_and_backfill.py took 0.152 seconds
[2024-09-26T06:15:03.315+0000] {processor.py:186} INFO - Started process (PID=161705) to work on /opt/airflow/dags/dag_with_catchup_and_backfill.py
[2024-09-26T06:15:03.317+0000] {processor.py:914} INFO - Processing file /opt/airflow/dags/dag_with_catchup_and_backfill.py for tasks to queue
[2024-09-26T06:15:03.319+0000] {logging_mixin.py:190} INFO - [2024-09-26T06:15:03.319+0000] {dagbag.py:587} INFO - Filling up the DagBag from /opt/airflow/dags/dag_with_catchup_and_backfill.py
[2024-09-26T06:15:03.384+0000] {processor.py:925} INFO - DAG(s) 'dag_with_catchup_backfill_v01.3' retrieved from /opt/airflow/dags/dag_with_catchup_and_backfill.py
[2024-09-26T06:15:03.413+0000] {logging_mixin.py:190} INFO - [2024-09-26T06:15:03.413+0000] {dag.py:3229} INFO - Sync 1 DAGs
[2024-09-26T06:15:03.441+0000] {logging_mixin.py:190} INFO - [2024-09-26T06:15:03.441+0000] {dag.py:4156} INFO - Setting next_dagrun for dag_with_catchup_backfill_v01.3 to 2024-09-25 00:00:00+00:00, run_after=2024-09-26 00:00:00+00:00
[2024-09-26T06:15:03.465+0000] {processor.py:208} INFO - Processing /opt/airflow/dags/dag_with_catchup_and_backfill.py took 0.158 seconds
[2024-09-26T06:15:34.252+0000] {processor.py:186} INFO - Started process (PID=161748) to work on /opt/airflow/dags/dag_with_catchup_and_backfill.py
[2024-09-26T06:15:34.255+0000] {processor.py:914} INFO - Processing file /opt/airflow/dags/dag_with_catchup_and_backfill.py for tasks to queue
[2024-09-26T06:15:34.258+0000] {logging_mixin.py:190} INFO - [2024-09-26T06:15:34.257+0000] {dagbag.py:587} INFO - Filling up the DagBag from /opt/airflow/dags/dag_with_catchup_and_backfill.py
[2024-09-26T06:15:34.375+0000] {processor.py:925} INFO - DAG(s) 'dag_with_catchup_backfill_v01.3' retrieved from /opt/airflow/dags/dag_with_catchup_and_backfill.py
[2024-09-26T06:15:34.400+0000] {logging_mixin.py:190} INFO - [2024-09-26T06:15:34.400+0000] {dag.py:3229} INFO - Sync 1 DAGs
[2024-09-26T06:15:34.423+0000] {logging_mixin.py:190} INFO - [2024-09-26T06:15:34.423+0000] {dag.py:4156} INFO - Setting next_dagrun for dag_with_catchup_backfill_v01.3 to 2024-09-25 00:00:00+00:00, run_after=2024-09-26 00:00:00+00:00
[2024-09-26T06:15:34.447+0000] {processor.py:208} INFO - Processing /opt/airflow/dags/dag_with_catchup_and_backfill.py took 0.207 seconds
[2024-09-26T06:16:04.642+0000] {processor.py:186} INFO - Started process (PID=161789) to work on /opt/airflow/dags/dag_with_catchup_and_backfill.py
[2024-09-26T06:16:04.644+0000] {processor.py:914} INFO - Processing file /opt/airflow/dags/dag_with_catchup_and_backfill.py for tasks to queue
[2024-09-26T06:16:04.648+0000] {logging_mixin.py:190} INFO - [2024-09-26T06:16:04.647+0000] {dagbag.py:587} INFO - Filling up the DagBag from /opt/airflow/dags/dag_with_catchup_and_backfill.py
[2024-09-26T06:16:04.753+0000] {processor.py:925} INFO - DAG(s) 'dag_with_catchup_backfill_v01.3' retrieved from /opt/airflow/dags/dag_with_catchup_and_backfill.py
[2024-09-26T06:16:04.778+0000] {logging_mixin.py:190} INFO - [2024-09-26T06:16:04.777+0000] {dag.py:3229} INFO - Sync 1 DAGs
[2024-09-26T06:16:04.801+0000] {logging_mixin.py:190} INFO - [2024-09-26T06:16:04.800+0000] {dag.py:4156} INFO - Setting next_dagrun for dag_with_catchup_backfill_v01.3 to 2024-09-25 00:00:00+00:00, run_after=2024-09-26 00:00:00+00:00
[2024-09-26T06:16:04.828+0000] {processor.py:208} INFO - Processing /opt/airflow/dags/dag_with_catchup_and_backfill.py took 0.197 seconds
[2024-09-26T06:16:35.325+0000] {processor.py:186} INFO - Started process (PID=161834) to work on /opt/airflow/dags/dag_with_catchup_and_backfill.py
[2024-09-26T06:16:35.327+0000] {processor.py:914} INFO - Processing file /opt/airflow/dags/dag_with_catchup_and_backfill.py for tasks to queue
[2024-09-26T06:16:35.330+0000] {logging_mixin.py:190} INFO - [2024-09-26T06:16:35.329+0000] {dagbag.py:587} INFO - Filling up the DagBag from /opt/airflow/dags/dag_with_catchup_and_backfill.py
[2024-09-26T06:16:35.432+0000] {processor.py:925} INFO - DAG(s) 'dag_with_catchup_backfill_v01.3' retrieved from /opt/airflow/dags/dag_with_catchup_and_backfill.py
[2024-09-26T06:16:35.462+0000] {logging_mixin.py:190} INFO - [2024-09-26T06:16:35.462+0000] {dag.py:3229} INFO - Sync 1 DAGs
[2024-09-26T06:16:35.485+0000] {logging_mixin.py:190} INFO - [2024-09-26T06:16:35.485+0000] {dag.py:4156} INFO - Setting next_dagrun for dag_with_catchup_backfill_v01.3 to 2024-09-25 00:00:00+00:00, run_after=2024-09-26 00:00:00+00:00
[2024-09-26T06:16:35.517+0000] {processor.py:208} INFO - Processing /opt/airflow/dags/dag_with_catchup_and_backfill.py took 0.203 seconds
[2024-09-26T06:17:06.196+0000] {processor.py:186} INFO - Started process (PID=161877) to work on /opt/airflow/dags/dag_with_catchup_and_backfill.py
[2024-09-26T06:17:06.199+0000] {processor.py:914} INFO - Processing file /opt/airflow/dags/dag_with_catchup_and_backfill.py for tasks to queue
[2024-09-26T06:17:06.202+0000] {logging_mixin.py:190} INFO - [2024-09-26T06:17:06.202+0000] {dagbag.py:587} INFO - Filling up the DagBag from /opt/airflow/dags/dag_with_catchup_and_backfill.py
[2024-09-26T06:17:06.319+0000] {processor.py:925} INFO - DAG(s) 'dag_with_catchup_backfill_v01.3' retrieved from /opt/airflow/dags/dag_with_catchup_and_backfill.py
[2024-09-26T06:17:06.349+0000] {logging_mixin.py:190} INFO - [2024-09-26T06:17:06.349+0000] {dag.py:3229} INFO - Sync 1 DAGs
[2024-09-26T06:17:06.368+0000] {logging_mixin.py:190} INFO - [2024-09-26T06:17:06.368+0000] {dag.py:4156} INFO - Setting next_dagrun for dag_with_catchup_backfill_v01.3 to 2024-09-25 00:00:00+00:00, run_after=2024-09-26 00:00:00+00:00
[2024-09-26T06:17:06.405+0000] {processor.py:208} INFO - Processing /opt/airflow/dags/dag_with_catchup_and_backfill.py took 0.218 seconds
[2024-09-26T06:17:36.931+0000] {processor.py:186} INFO - Started process (PID=161920) to work on /opt/airflow/dags/dag_with_catchup_and_backfill.py
[2024-09-26T06:17:36.934+0000] {processor.py:914} INFO - Processing file /opt/airflow/dags/dag_with_catchup_and_backfill.py for tasks to queue
[2024-09-26T06:17:36.937+0000] {logging_mixin.py:190} INFO - [2024-09-26T06:17:36.936+0000] {dagbag.py:587} INFO - Filling up the DagBag from /opt/airflow/dags/dag_with_catchup_and_backfill.py
[2024-09-26T06:17:37.057+0000] {processor.py:925} INFO - DAG(s) 'dag_with_catchup_backfill_v01.3' retrieved from /opt/airflow/dags/dag_with_catchup_and_backfill.py
[2024-09-26T06:17:37.080+0000] {logging_mixin.py:190} INFO - [2024-09-26T06:17:37.080+0000] {dag.py:3229} INFO - Sync 1 DAGs
[2024-09-26T06:17:37.101+0000] {logging_mixin.py:190} INFO - [2024-09-26T06:17:37.100+0000] {dag.py:4156} INFO - Setting next_dagrun for dag_with_catchup_backfill_v01.3 to 2024-09-25 00:00:00+00:00, run_after=2024-09-26 00:00:00+00:00
[2024-09-26T06:17:37.127+0000] {processor.py:208} INFO - Processing /opt/airflow/dags/dag_with_catchup_and_backfill.py took 0.207 seconds
[2024-09-26T06:18:07.583+0000] {processor.py:186} INFO - Started process (PID=161963) to work on /opt/airflow/dags/dag_with_catchup_and_backfill.py
[2024-09-26T06:18:07.586+0000] {processor.py:914} INFO - Processing file /opt/airflow/dags/dag_with_catchup_and_backfill.py for tasks to queue
[2024-09-26T06:18:07.590+0000] {logging_mixin.py:190} INFO - [2024-09-26T06:18:07.590+0000] {dagbag.py:587} INFO - Filling up the DagBag from /opt/airflow/dags/dag_with_catchup_and_backfill.py
[2024-09-26T06:18:07.721+0000] {processor.py:925} INFO - DAG(s) 'dag_with_catchup_backfill_v01.3' retrieved from /opt/airflow/dags/dag_with_catchup_and_backfill.py
[2024-09-26T06:18:07.751+0000] {logging_mixin.py:190} INFO - [2024-09-26T06:18:07.750+0000] {dag.py:3229} INFO - Sync 1 DAGs
[2024-09-26T06:18:07.772+0000] {logging_mixin.py:190} INFO - [2024-09-26T06:18:07.771+0000] {dag.py:4156} INFO - Setting next_dagrun for dag_with_catchup_backfill_v01.3 to 2024-09-25 00:00:00+00:00, run_after=2024-09-26 00:00:00+00:00
[2024-09-26T06:18:07.798+0000] {processor.py:208} INFO - Processing /opt/airflow/dags/dag_with_catchup_and_backfill.py took 0.225 seconds
[2024-09-26T06:18:38.107+0000] {processor.py:186} INFO - Started process (PID=162006) to work on /opt/airflow/dags/dag_with_catchup_and_backfill.py
[2024-09-26T06:18:38.111+0000] {processor.py:914} INFO - Processing file /opt/airflow/dags/dag_with_catchup_and_backfill.py for tasks to queue
[2024-09-26T06:18:38.113+0000] {logging_mixin.py:190} INFO - [2024-09-26T06:18:38.113+0000] {dagbag.py:587} INFO - Filling up the DagBag from /opt/airflow/dags/dag_with_catchup_and_backfill.py
[2024-09-26T06:18:38.222+0000] {processor.py:925} INFO - DAG(s) 'dag_with_catchup_backfill_v01.3' retrieved from /opt/airflow/dags/dag_with_catchup_and_backfill.py
[2024-09-26T06:18:38.257+0000] {logging_mixin.py:190} INFO - [2024-09-26T06:18:38.257+0000] {dag.py:3229} INFO - Sync 1 DAGs
[2024-09-26T06:18:38.287+0000] {logging_mixin.py:190} INFO - [2024-09-26T06:18:38.287+0000] {dag.py:4156} INFO - Setting next_dagrun for dag_with_catchup_backfill_v01.3 to 2024-09-25 00:00:00+00:00, run_after=2024-09-26 00:00:00+00:00
[2024-09-26T06:18:38.324+0000] {processor.py:208} INFO - Processing /opt/airflow/dags/dag_with_catchup_and_backfill.py took 0.233 seconds
[2024-09-26T06:19:08.710+0000] {processor.py:186} INFO - Started process (PID=162049) to work on /opt/airflow/dags/dag_with_catchup_and_backfill.py
[2024-09-26T06:19:08.712+0000] {processor.py:914} INFO - Processing file /opt/airflow/dags/dag_with_catchup_and_backfill.py for tasks to queue
[2024-09-26T06:19:08.713+0000] {logging_mixin.py:190} INFO - [2024-09-26T06:19:08.713+0000] {dagbag.py:587} INFO - Filling up the DagBag from /opt/airflow/dags/dag_with_catchup_and_backfill.py
[2024-09-26T06:19:08.784+0000] {processor.py:925} INFO - DAG(s) 'dag_with_catchup_backfill_v01.3' retrieved from /opt/airflow/dags/dag_with_catchup_and_backfill.py
[2024-09-26T06:19:08.809+0000] {logging_mixin.py:190} INFO - [2024-09-26T06:19:08.809+0000] {dag.py:3229} INFO - Sync 1 DAGs
[2024-09-26T06:19:08.830+0000] {logging_mixin.py:190} INFO - [2024-09-26T06:19:08.830+0000] {dag.py:4156} INFO - Setting next_dagrun for dag_with_catchup_backfill_v01.3 to 2024-09-25 00:00:00+00:00, run_after=2024-09-26 00:00:00+00:00
[2024-09-26T06:19:08.865+0000] {processor.py:208} INFO - Processing /opt/airflow/dags/dag_with_catchup_and_backfill.py took 0.160 seconds
[2024-09-26T06:19:39.291+0000] {processor.py:186} INFO - Started process (PID=162092) to work on /opt/airflow/dags/dag_with_catchup_and_backfill.py
[2024-09-26T06:19:39.293+0000] {processor.py:914} INFO - Processing file /opt/airflow/dags/dag_with_catchup_and_backfill.py for tasks to queue
[2024-09-26T06:19:39.294+0000] {logging_mixin.py:190} INFO - [2024-09-26T06:19:39.294+0000] {dagbag.py:587} INFO - Filling up the DagBag from /opt/airflow/dags/dag_with_catchup_and_backfill.py
[2024-09-26T06:19:39.376+0000] {processor.py:925} INFO - DAG(s) 'dag_with_catchup_backfill_v01.3' retrieved from /opt/airflow/dags/dag_with_catchup_and_backfill.py
[2024-09-26T06:19:39.400+0000] {logging_mixin.py:190} INFO - [2024-09-26T06:19:39.399+0000] {dag.py:3229} INFO - Sync 1 DAGs
[2024-09-26T06:19:39.420+0000] {logging_mixin.py:190} INFO - [2024-09-26T06:19:39.420+0000] {dag.py:4156} INFO - Setting next_dagrun for dag_with_catchup_backfill_v01.3 to 2024-09-25 00:00:00+00:00, run_after=2024-09-26 00:00:00+00:00
[2024-09-26T06:19:39.448+0000] {processor.py:208} INFO - Processing /opt/airflow/dags/dag_with_catchup_and_backfill.py took 0.162 seconds
[2024-09-26T06:20:09.895+0000] {processor.py:186} INFO - Started process (PID=162135) to work on /opt/airflow/dags/dag_with_catchup_and_backfill.py
[2024-09-26T06:20:09.897+0000] {processor.py:914} INFO - Processing file /opt/airflow/dags/dag_with_catchup_and_backfill.py for tasks to queue
[2024-09-26T06:20:09.899+0000] {logging_mixin.py:190} INFO - [2024-09-26T06:20:09.899+0000] {dagbag.py:587} INFO - Filling up the DagBag from /opt/airflow/dags/dag_with_catchup_and_backfill.py
[2024-09-26T06:20:10.022+0000] {processor.py:925} INFO - DAG(s) 'dag_with_catchup_backfill_v01.3' retrieved from /opt/airflow/dags/dag_with_catchup_and_backfill.py
[2024-09-26T06:20:10.051+0000] {logging_mixin.py:190} INFO - [2024-09-26T06:20:10.051+0000] {dag.py:3229} INFO - Sync 1 DAGs
[2024-09-26T06:20:10.073+0000] {logging_mixin.py:190} INFO - [2024-09-26T06:20:10.072+0000] {dag.py:4156} INFO - Setting next_dagrun for dag_with_catchup_backfill_v01.3 to 2024-09-25 00:00:00+00:00, run_after=2024-09-26 00:00:00+00:00
[2024-09-26T06:20:10.108+0000] {processor.py:208} INFO - Processing /opt/airflow/dags/dag_with_catchup_and_backfill.py took 0.220 seconds
[2024-09-26T06:20:40.681+0000] {processor.py:186} INFO - Started process (PID=162178) to work on /opt/airflow/dags/dag_with_catchup_and_backfill.py
[2024-09-26T06:20:40.683+0000] {processor.py:914} INFO - Processing file /opt/airflow/dags/dag_with_catchup_and_backfill.py for tasks to queue
[2024-09-26T06:20:40.686+0000] {logging_mixin.py:190} INFO - [2024-09-26T06:20:40.685+0000] {dagbag.py:587} INFO - Filling up the DagBag from /opt/airflow/dags/dag_with_catchup_and_backfill.py
[2024-09-26T06:20:40.802+0000] {processor.py:925} INFO - DAG(s) 'dag_with_catchup_backfill_v01.3' retrieved from /opt/airflow/dags/dag_with_catchup_and_backfill.py
[2024-09-26T06:20:40.829+0000] {logging_mixin.py:190} INFO - [2024-09-26T06:20:40.829+0000] {dag.py:3229} INFO - Sync 1 DAGs
[2024-09-26T06:20:40.849+0000] {logging_mixin.py:190} INFO - [2024-09-26T06:20:40.848+0000] {dag.py:4156} INFO - Setting next_dagrun for dag_with_catchup_backfill_v01.3 to 2024-09-25 00:00:00+00:00, run_after=2024-09-26 00:00:00+00:00
[2024-09-26T06:20:40.884+0000] {processor.py:208} INFO - Processing /opt/airflow/dags/dag_with_catchup_and_backfill.py took 0.212 seconds
[2024-09-26T06:21:11.324+0000] {processor.py:186} INFO - Started process (PID=162221) to work on /opt/airflow/dags/dag_with_catchup_and_backfill.py
[2024-09-26T06:21:11.325+0000] {processor.py:914} INFO - Processing file /opt/airflow/dags/dag_with_catchup_and_backfill.py for tasks to queue
[2024-09-26T06:21:11.327+0000] {logging_mixin.py:190} INFO - [2024-09-26T06:21:11.326+0000] {dagbag.py:587} INFO - Filling up the DagBag from /opt/airflow/dags/dag_with_catchup_and_backfill.py
[2024-09-26T06:21:11.399+0000] {processor.py:925} INFO - DAG(s) 'dag_with_catchup_backfill_v01.3' retrieved from /opt/airflow/dags/dag_with_catchup_and_backfill.py
[2024-09-26T06:21:11.427+0000] {logging_mixin.py:190} INFO - [2024-09-26T06:21:11.427+0000] {dag.py:3229} INFO - Sync 1 DAGs
[2024-09-26T06:21:11.450+0000] {logging_mixin.py:190} INFO - [2024-09-26T06:21:11.449+0000] {dag.py:4156} INFO - Setting next_dagrun for dag_with_catchup_backfill_v01.3 to 2024-09-25 00:00:00+00:00, run_after=2024-09-26 00:00:00+00:00
[2024-09-26T06:21:11.473+0000] {processor.py:208} INFO - Processing /opt/airflow/dags/dag_with_catchup_and_backfill.py took 0.155 seconds
[2024-09-26T06:21:41.787+0000] {processor.py:186} INFO - Started process (PID=162264) to work on /opt/airflow/dags/dag_with_catchup_and_backfill.py
[2024-09-26T06:21:41.788+0000] {processor.py:914} INFO - Processing file /opt/airflow/dags/dag_with_catchup_and_backfill.py for tasks to queue
[2024-09-26T06:21:41.791+0000] {logging_mixin.py:190} INFO - [2024-09-26T06:21:41.791+0000] {dagbag.py:587} INFO - Filling up the DagBag from /opt/airflow/dags/dag_with_catchup_and_backfill.py
[2024-09-26T06:21:41.865+0000] {processor.py:925} INFO - DAG(s) 'dag_with_catchup_backfill_v01.3' retrieved from /opt/airflow/dags/dag_with_catchup_and_backfill.py
[2024-09-26T06:21:41.897+0000] {logging_mixin.py:190} INFO - [2024-09-26T06:21:41.897+0000] {dag.py:3229} INFO - Sync 1 DAGs
[2024-09-26T06:21:41.919+0000] {logging_mixin.py:190} INFO - [2024-09-26T06:21:41.919+0000] {dag.py:4156} INFO - Setting next_dagrun for dag_with_catchup_backfill_v01.3 to 2024-09-25 00:00:00+00:00, run_after=2024-09-26 00:00:00+00:00
[2024-09-26T06:21:41.956+0000] {processor.py:208} INFO - Processing /opt/airflow/dags/dag_with_catchup_and_backfill.py took 0.175 seconds
[2024-09-26T06:22:12.384+0000] {processor.py:186} INFO - Started process (PID=162307) to work on /opt/airflow/dags/dag_with_catchup_and_backfill.py
[2024-09-26T06:22:12.386+0000] {processor.py:914} INFO - Processing file /opt/airflow/dags/dag_with_catchup_and_backfill.py for tasks to queue
[2024-09-26T06:22:12.389+0000] {logging_mixin.py:190} INFO - [2024-09-26T06:22:12.389+0000] {dagbag.py:587} INFO - Filling up the DagBag from /opt/airflow/dags/dag_with_catchup_and_backfill.py
[2024-09-26T06:22:12.503+0000] {processor.py:925} INFO - DAG(s) 'dag_with_catchup_backfill_v01.3' retrieved from /opt/airflow/dags/dag_with_catchup_and_backfill.py
[2024-09-26T06:22:12.528+0000] {logging_mixin.py:190} INFO - [2024-09-26T06:22:12.528+0000] {dag.py:3229} INFO - Sync 1 DAGs
[2024-09-26T06:22:12.548+0000] {logging_mixin.py:190} INFO - [2024-09-26T06:22:12.548+0000] {dag.py:4156} INFO - Setting next_dagrun for dag_with_catchup_backfill_v01.3 to 2024-09-25 00:00:00+00:00, run_after=2024-09-26 00:00:00+00:00
[2024-09-26T06:22:12.572+0000] {processor.py:208} INFO - Processing /opt/airflow/dags/dag_with_catchup_and_backfill.py took 0.198 seconds
[2024-09-26T06:22:42.968+0000] {processor.py:186} INFO - Started process (PID=162350) to work on /opt/airflow/dags/dag_with_catchup_and_backfill.py
[2024-09-26T06:22:42.970+0000] {processor.py:914} INFO - Processing file /opt/airflow/dags/dag_with_catchup_and_backfill.py for tasks to queue
[2024-09-26T06:22:42.973+0000] {logging_mixin.py:190} INFO - [2024-09-26T06:22:42.972+0000] {dagbag.py:587} INFO - Filling up the DagBag from /opt/airflow/dags/dag_with_catchup_and_backfill.py
[2024-09-26T06:22:43.072+0000] {processor.py:925} INFO - DAG(s) 'dag_with_catchup_backfill_v01.3' retrieved from /opt/airflow/dags/dag_with_catchup_and_backfill.py
[2024-09-26T06:22:43.102+0000] {logging_mixin.py:190} INFO - [2024-09-26T06:22:43.102+0000] {dag.py:3229} INFO - Sync 1 DAGs
[2024-09-26T06:22:43.125+0000] {logging_mixin.py:190} INFO - [2024-09-26T06:22:43.124+0000] {dag.py:4156} INFO - Setting next_dagrun for dag_with_catchup_backfill_v01.3 to 2024-09-25 00:00:00+00:00, run_after=2024-09-26 00:00:00+00:00
[2024-09-26T06:22:43.160+0000] {processor.py:208} INFO - Processing /opt/airflow/dags/dag_with_catchup_and_backfill.py took 0.197 seconds
[2024-09-26T06:23:13.572+0000] {processor.py:186} INFO - Started process (PID=162393) to work on /opt/airflow/dags/dag_with_catchup_and_backfill.py
[2024-09-26T06:23:13.574+0000] {processor.py:914} INFO - Processing file /opt/airflow/dags/dag_with_catchup_and_backfill.py for tasks to queue
[2024-09-26T06:23:13.576+0000] {logging_mixin.py:190} INFO - [2024-09-26T06:23:13.575+0000] {dagbag.py:587} INFO - Filling up the DagBag from /opt/airflow/dags/dag_with_catchup_and_backfill.py
[2024-09-26T06:23:13.670+0000] {processor.py:925} INFO - DAG(s) 'dag_with_catchup_backfill_v01.3' retrieved from /opt/airflow/dags/dag_with_catchup_and_backfill.py
[2024-09-26T06:23:13.700+0000] {logging_mixin.py:190} INFO - [2024-09-26T06:23:13.700+0000] {dag.py:3229} INFO - Sync 1 DAGs
[2024-09-26T06:23:13.727+0000] {logging_mixin.py:190} INFO - [2024-09-26T06:23:13.727+0000] {dag.py:4156} INFO - Setting next_dagrun for dag_with_catchup_backfill_v01.3 to 2024-09-25 00:00:00+00:00, run_after=2024-09-26 00:00:00+00:00
[2024-09-26T06:23:13.761+0000] {processor.py:208} INFO - Processing /opt/airflow/dags/dag_with_catchup_and_backfill.py took 0.194 seconds
[2024-09-26T06:23:44.062+0000] {processor.py:186} INFO - Started process (PID=162436) to work on /opt/airflow/dags/dag_with_catchup_and_backfill.py
[2024-09-26T06:23:44.064+0000] {processor.py:914} INFO - Processing file /opt/airflow/dags/dag_with_catchup_and_backfill.py for tasks to queue
[2024-09-26T06:23:44.066+0000] {logging_mixin.py:190} INFO - [2024-09-26T06:23:44.065+0000] {dagbag.py:587} INFO - Filling up the DagBag from /opt/airflow/dags/dag_with_catchup_and_backfill.py
[2024-09-26T06:23:44.134+0000] {processor.py:925} INFO - DAG(s) 'dag_with_catchup_backfill_v01.3' retrieved from /opt/airflow/dags/dag_with_catchup_and_backfill.py
[2024-09-26T06:23:44.155+0000] {logging_mixin.py:190} INFO - [2024-09-26T06:23:44.155+0000] {dag.py:3229} INFO - Sync 1 DAGs
[2024-09-26T06:23:44.177+0000] {logging_mixin.py:190} INFO - [2024-09-26T06:23:44.177+0000] {dag.py:4156} INFO - Setting next_dagrun for dag_with_catchup_backfill_v01.3 to 2024-09-25 00:00:00+00:00, run_after=2024-09-26 00:00:00+00:00
[2024-09-26T06:23:44.201+0000] {processor.py:208} INFO - Processing /opt/airflow/dags/dag_with_catchup_and_backfill.py took 0.144 seconds
[2024-09-26T06:24:14.792+0000] {processor.py:186} INFO - Started process (PID=162479) to work on /opt/airflow/dags/dag_with_catchup_and_backfill.py
[2024-09-26T06:24:14.794+0000] {processor.py:914} INFO - Processing file /opt/airflow/dags/dag_with_catchup_and_backfill.py for tasks to queue
[2024-09-26T06:24:14.797+0000] {logging_mixin.py:190} INFO - [2024-09-26T06:24:14.796+0000] {dagbag.py:587} INFO - Filling up the DagBag from /opt/airflow/dags/dag_with_catchup_and_backfill.py
[2024-09-26T06:24:14.903+0000] {processor.py:925} INFO - DAG(s) 'dag_with_catchup_backfill_v01.3' retrieved from /opt/airflow/dags/dag_with_catchup_and_backfill.py
[2024-09-26T06:24:14.931+0000] {logging_mixin.py:190} INFO - [2024-09-26T06:24:14.931+0000] {dag.py:3229} INFO - Sync 1 DAGs
[2024-09-26T06:24:14.952+0000] {logging_mixin.py:190} INFO - [2024-09-26T06:24:14.952+0000] {dag.py:4156} INFO - Setting next_dagrun for dag_with_catchup_backfill_v01.3 to 2024-09-25 00:00:00+00:00, run_after=2024-09-26 00:00:00+00:00
[2024-09-26T06:24:14.980+0000] {processor.py:208} INFO - Processing /opt/airflow/dags/dag_with_catchup_and_backfill.py took 0.194 seconds
[2024-09-26T06:24:45.414+0000] {processor.py:186} INFO - Started process (PID=162522) to work on /opt/airflow/dags/dag_with_catchup_and_backfill.py
[2024-09-26T06:24:45.416+0000] {processor.py:914} INFO - Processing file /opt/airflow/dags/dag_with_catchup_and_backfill.py for tasks to queue
[2024-09-26T06:24:45.419+0000] {logging_mixin.py:190} INFO - [2024-09-26T06:24:45.418+0000] {dagbag.py:587} INFO - Filling up the DagBag from /opt/airflow/dags/dag_with_catchup_and_backfill.py
[2024-09-26T06:24:45.530+0000] {processor.py:925} INFO - DAG(s) 'dag_with_catchup_backfill_v01.3' retrieved from /opt/airflow/dags/dag_with_catchup_and_backfill.py
[2024-09-26T06:24:45.558+0000] {logging_mixin.py:190} INFO - [2024-09-26T06:24:45.558+0000] {dag.py:3229} INFO - Sync 1 DAGs
[2024-09-26T06:24:45.577+0000] {logging_mixin.py:190} INFO - [2024-09-26T06:24:45.577+0000] {dag.py:4156} INFO - Setting next_dagrun for dag_with_catchup_backfill_v01.3 to 2024-09-25 00:00:00+00:00, run_after=2024-09-26 00:00:00+00:00
[2024-09-26T06:24:45.597+0000] {processor.py:208} INFO - Processing /opt/airflow/dags/dag_with_catchup_and_backfill.py took 0.195 seconds
[2024-09-26T06:25:15.889+0000] {processor.py:186} INFO - Started process (PID=162565) to work on /opt/airflow/dags/dag_with_catchup_and_backfill.py
[2024-09-26T06:25:15.891+0000] {processor.py:914} INFO - Processing file /opt/airflow/dags/dag_with_catchup_and_backfill.py for tasks to queue
[2024-09-26T06:25:15.893+0000] {logging_mixin.py:190} INFO - [2024-09-26T06:25:15.893+0000] {dagbag.py:587} INFO - Filling up the DagBag from /opt/airflow/dags/dag_with_catchup_and_backfill.py
[2024-09-26T06:25:15.981+0000] {processor.py:925} INFO - DAG(s) 'dag_with_catchup_backfill_v01.3' retrieved from /opt/airflow/dags/dag_with_catchup_and_backfill.py
[2024-09-26T06:25:16.009+0000] {logging_mixin.py:190} INFO - [2024-09-26T06:25:16.009+0000] {dag.py:3229} INFO - Sync 1 DAGs
[2024-09-26T06:25:16.030+0000] {logging_mixin.py:190} INFO - [2024-09-26T06:25:16.030+0000] {dag.py:4156} INFO - Setting next_dagrun for dag_with_catchup_backfill_v01.3 to 2024-09-25 00:00:00+00:00, run_after=2024-09-26 00:00:00+00:00
[2024-09-26T06:25:16.056+0000] {processor.py:208} INFO - Processing /opt/airflow/dags/dag_with_catchup_and_backfill.py took 0.175 seconds
[2024-09-26T06:25:46.313+0000] {processor.py:186} INFO - Started process (PID=162608) to work on /opt/airflow/dags/dag_with_catchup_and_backfill.py
[2024-09-26T06:25:46.314+0000] {processor.py:914} INFO - Processing file /opt/airflow/dags/dag_with_catchup_and_backfill.py for tasks to queue
[2024-09-26T06:25:46.316+0000] {logging_mixin.py:190} INFO - [2024-09-26T06:25:46.315+0000] {dagbag.py:587} INFO - Filling up the DagBag from /opt/airflow/dags/dag_with_catchup_and_backfill.py
[2024-09-26T06:25:46.397+0000] {processor.py:925} INFO - DAG(s) 'dag_with_catchup_backfill_v01.3' retrieved from /opt/airflow/dags/dag_with_catchup_and_backfill.py
[2024-09-26T06:25:46.418+0000] {logging_mixin.py:190} INFO - [2024-09-26T06:25:46.418+0000] {dag.py:3229} INFO - Sync 1 DAGs
[2024-09-26T06:25:46.438+0000] {logging_mixin.py:190} INFO - [2024-09-26T06:25:46.438+0000] {dag.py:4156} INFO - Setting next_dagrun for dag_with_catchup_backfill_v01.3 to 2024-09-25 00:00:00+00:00, run_after=2024-09-26 00:00:00+00:00
[2024-09-26T06:25:46.462+0000] {processor.py:208} INFO - Processing /opt/airflow/dags/dag_with_catchup_and_backfill.py took 0.154 seconds
[2024-09-26T06:26:16.969+0000] {processor.py:186} INFO - Started process (PID=162651) to work on /opt/airflow/dags/dag_with_catchup_and_backfill.py
[2024-09-26T06:26:16.971+0000] {processor.py:914} INFO - Processing file /opt/airflow/dags/dag_with_catchup_and_backfill.py for tasks to queue
[2024-09-26T06:26:16.974+0000] {logging_mixin.py:190} INFO - [2024-09-26T06:26:16.973+0000] {dagbag.py:587} INFO - Filling up the DagBag from /opt/airflow/dags/dag_with_catchup_and_backfill.py
[2024-09-26T06:26:17.085+0000] {processor.py:925} INFO - DAG(s) 'dag_with_catchup_backfill_v01.3' retrieved from /opt/airflow/dags/dag_with_catchup_and_backfill.py
[2024-09-26T06:26:17.115+0000] {logging_mixin.py:190} INFO - [2024-09-26T06:26:17.115+0000] {dag.py:3229} INFO - Sync 1 DAGs
[2024-09-26T06:26:17.140+0000] {logging_mixin.py:190} INFO - [2024-09-26T06:26:17.140+0000] {dag.py:4156} INFO - Setting next_dagrun for dag_with_catchup_backfill_v01.3 to 2024-09-25 00:00:00+00:00, run_after=2024-09-26 00:00:00+00:00
[2024-09-26T06:26:17.176+0000] {processor.py:208} INFO - Processing /opt/airflow/dags/dag_with_catchup_and_backfill.py took 0.212 seconds
[2024-09-26T06:26:47.728+0000] {processor.py:186} INFO - Started process (PID=162694) to work on /opt/airflow/dags/dag_with_catchup_and_backfill.py
[2024-09-26T06:26:47.730+0000] {processor.py:914} INFO - Processing file /opt/airflow/dags/dag_with_catchup_and_backfill.py for tasks to queue
[2024-09-26T06:26:47.733+0000] {logging_mixin.py:190} INFO - [2024-09-26T06:26:47.732+0000] {dagbag.py:587} INFO - Filling up the DagBag from /opt/airflow/dags/dag_with_catchup_and_backfill.py
[2024-09-26T06:26:47.812+0000] {processor.py:925} INFO - DAG(s) 'dag_with_catchup_backfill_v01.3' retrieved from /opt/airflow/dags/dag_with_catchup_and_backfill.py
[2024-09-26T06:26:47.842+0000] {logging_mixin.py:190} INFO - [2024-09-26T06:26:47.842+0000] {dag.py:3229} INFO - Sync 1 DAGs
[2024-09-26T06:26:47.876+0000] {logging_mixin.py:190} INFO - [2024-09-26T06:26:47.875+0000] {dag.py:4156} INFO - Setting next_dagrun for dag_with_catchup_backfill_v01.3 to 2024-09-25 00:00:00+00:00, run_after=2024-09-26 00:00:00+00:00
[2024-09-26T06:26:47.907+0000] {processor.py:208} INFO - Processing /opt/airflow/dags/dag_with_catchup_and_backfill.py took 0.186 seconds
[2024-09-26T06:27:18.356+0000] {processor.py:186} INFO - Started process (PID=162737) to work on /opt/airflow/dags/dag_with_catchup_and_backfill.py
[2024-09-26T06:27:18.358+0000] {processor.py:914} INFO - Processing file /opt/airflow/dags/dag_with_catchup_and_backfill.py for tasks to queue
[2024-09-26T06:27:18.360+0000] {logging_mixin.py:190} INFO - [2024-09-26T06:27:18.359+0000] {dagbag.py:587} INFO - Filling up the DagBag from /opt/airflow/dags/dag_with_catchup_and_backfill.py
[2024-09-26T06:27:18.424+0000] {processor.py:925} INFO - DAG(s) 'dag_with_catchup_backfill_v01.3' retrieved from /opt/airflow/dags/dag_with_catchup_and_backfill.py
[2024-09-26T06:27:18.449+0000] {logging_mixin.py:190} INFO - [2024-09-26T06:27:18.449+0000] {dag.py:3229} INFO - Sync 1 DAGs
[2024-09-26T06:27:18.476+0000] {logging_mixin.py:190} INFO - [2024-09-26T06:27:18.476+0000] {dag.py:4156} INFO - Setting next_dagrun for dag_with_catchup_backfill_v01.3 to 2024-09-25 00:00:00+00:00, run_after=2024-09-26 00:00:00+00:00
[2024-09-26T06:27:18.501+0000] {processor.py:208} INFO - Processing /opt/airflow/dags/dag_with_catchup_and_backfill.py took 0.151 seconds
[2024-09-26T06:27:48.854+0000] {processor.py:186} INFO - Started process (PID=162780) to work on /opt/airflow/dags/dag_with_catchup_and_backfill.py
[2024-09-26T06:27:48.856+0000] {processor.py:914} INFO - Processing file /opt/airflow/dags/dag_with_catchup_and_backfill.py for tasks to queue
[2024-09-26T06:27:48.858+0000] {logging_mixin.py:190} INFO - [2024-09-26T06:27:48.858+0000] {dagbag.py:587} INFO - Filling up the DagBag from /opt/airflow/dags/dag_with_catchup_and_backfill.py
[2024-09-26T06:27:48.937+0000] {processor.py:925} INFO - DAG(s) 'dag_with_catchup_backfill_v01.3' retrieved from /opt/airflow/dags/dag_with_catchup_and_backfill.py
[2024-09-26T06:27:48.962+0000] {logging_mixin.py:190} INFO - [2024-09-26T06:27:48.962+0000] {dag.py:3229} INFO - Sync 1 DAGs
[2024-09-26T06:27:48.985+0000] {logging_mixin.py:190} INFO - [2024-09-26T06:27:48.984+0000] {dag.py:4156} INFO - Setting next_dagrun for dag_with_catchup_backfill_v01.3 to 2024-09-25 00:00:00+00:00, run_after=2024-09-26 00:00:00+00:00
[2024-09-26T06:27:49.022+0000] {processor.py:208} INFO - Processing /opt/airflow/dags/dag_with_catchup_and_backfill.py took 0.175 seconds
[2024-09-26T06:28:19.477+0000] {processor.py:186} INFO - Started process (PID=162823) to work on /opt/airflow/dags/dag_with_catchup_and_backfill.py
[2024-09-26T06:28:19.478+0000] {processor.py:914} INFO - Processing file /opt/airflow/dags/dag_with_catchup_and_backfill.py for tasks to queue
[2024-09-26T06:28:19.481+0000] {logging_mixin.py:190} INFO - [2024-09-26T06:28:19.481+0000] {dagbag.py:587} INFO - Filling up the DagBag from /opt/airflow/dags/dag_with_catchup_and_backfill.py
[2024-09-26T06:28:19.553+0000] {processor.py:925} INFO - DAG(s) 'dag_with_catchup_backfill_v01.3' retrieved from /opt/airflow/dags/dag_with_catchup_and_backfill.py
[2024-09-26T06:28:19.583+0000] {logging_mixin.py:190} INFO - [2024-09-26T06:28:19.583+0000] {dag.py:3229} INFO - Sync 1 DAGs
[2024-09-26T06:28:19.616+0000] {logging_mixin.py:190} INFO - [2024-09-26T06:28:19.616+0000] {dag.py:4156} INFO - Setting next_dagrun for dag_with_catchup_backfill_v01.3 to 2024-09-25 00:00:00+00:00, run_after=2024-09-26 00:00:00+00:00
[2024-09-26T06:28:19.645+0000] {processor.py:208} INFO - Processing /opt/airflow/dags/dag_with_catchup_and_backfill.py took 0.173 seconds
[2024-09-26T06:28:50.169+0000] {processor.py:186} INFO - Started process (PID=162866) to work on /opt/airflow/dags/dag_with_catchup_and_backfill.py
[2024-09-26T06:28:50.173+0000] {processor.py:914} INFO - Processing file /opt/airflow/dags/dag_with_catchup_and_backfill.py for tasks to queue
[2024-09-26T06:28:50.178+0000] {logging_mixin.py:190} INFO - [2024-09-26T06:28:50.177+0000] {dagbag.py:587} INFO - Filling up the DagBag from /opt/airflow/dags/dag_with_catchup_and_backfill.py
[2024-09-26T06:28:50.270+0000] {processor.py:925} INFO - DAG(s) 'dag_with_catchup_backfill_v01.3' retrieved from /opt/airflow/dags/dag_with_catchup_and_backfill.py
[2024-09-26T06:28:50.302+0000] {logging_mixin.py:190} INFO - [2024-09-26T06:28:50.301+0000] {dag.py:3229} INFO - Sync 1 DAGs
[2024-09-26T06:28:50.335+0000] {logging_mixin.py:190} INFO - [2024-09-26T06:28:50.335+0000] {dag.py:4156} INFO - Setting next_dagrun for dag_with_catchup_backfill_v01.3 to 2024-09-25 00:00:00+00:00, run_after=2024-09-26 00:00:00+00:00
[2024-09-26T06:28:50.360+0000] {processor.py:208} INFO - Processing /opt/airflow/dags/dag_with_catchup_and_backfill.py took 0.203 seconds
[2024-09-26T06:29:20.864+0000] {processor.py:186} INFO - Started process (PID=162909) to work on /opt/airflow/dags/dag_with_catchup_and_backfill.py
[2024-09-26T06:29:20.866+0000] {processor.py:914} INFO - Processing file /opt/airflow/dags/dag_with_catchup_and_backfill.py for tasks to queue
[2024-09-26T06:29:20.868+0000] {logging_mixin.py:190} INFO - [2024-09-26T06:29:20.868+0000] {dagbag.py:587} INFO - Filling up the DagBag from /opt/airflow/dags/dag_with_catchup_and_backfill.py
[2024-09-26T06:29:20.981+0000] {processor.py:925} INFO - DAG(s) 'dag_with_catchup_backfill_v01.3' retrieved from /opt/airflow/dags/dag_with_catchup_and_backfill.py
[2024-09-26T06:29:21.010+0000] {logging_mixin.py:190} INFO - [2024-09-26T06:29:21.009+0000] {dag.py:3229} INFO - Sync 1 DAGs
[2024-09-26T06:29:21.039+0000] {logging_mixin.py:190} INFO - [2024-09-26T06:29:21.039+0000] {dag.py:4156} INFO - Setting next_dagrun for dag_with_catchup_backfill_v01.3 to 2024-09-25 00:00:00+00:00, run_after=2024-09-26 00:00:00+00:00
[2024-09-26T06:29:21.069+0000] {processor.py:208} INFO - Processing /opt/airflow/dags/dag_with_catchup_and_backfill.py took 0.210 seconds
[2024-09-26T06:29:51.486+0000] {processor.py:186} INFO - Started process (PID=162952) to work on /opt/airflow/dags/dag_with_catchup_and_backfill.py
[2024-09-26T06:29:51.488+0000] {processor.py:914} INFO - Processing file /opt/airflow/dags/dag_with_catchup_and_backfill.py for tasks to queue
[2024-09-26T06:29:51.491+0000] {logging_mixin.py:190} INFO - [2024-09-26T06:29:51.491+0000] {dagbag.py:587} INFO - Filling up the DagBag from /opt/airflow/dags/dag_with_catchup_and_backfill.py
[2024-09-26T06:29:51.619+0000] {processor.py:925} INFO - DAG(s) 'dag_with_catchup_backfill_v01.3' retrieved from /opt/airflow/dags/dag_with_catchup_and_backfill.py
[2024-09-26T06:29:51.653+0000] {logging_mixin.py:190} INFO - [2024-09-26T06:29:51.653+0000] {dag.py:3229} INFO - Sync 1 DAGs
[2024-09-26T06:29:51.673+0000] {logging_mixin.py:190} INFO - [2024-09-26T06:29:51.673+0000] {dag.py:4156} INFO - Setting next_dagrun for dag_with_catchup_backfill_v01.3 to 2024-09-25 00:00:00+00:00, run_after=2024-09-26 00:00:00+00:00
[2024-09-26T06:29:51.701+0000] {processor.py:208} INFO - Processing /opt/airflow/dags/dag_with_catchup_and_backfill.py took 0.227 seconds
[2024-09-26T06:30:21.912+0000] {processor.py:186} INFO - Started process (PID=162995) to work on /opt/airflow/dags/dag_with_catchup_and_backfill.py
[2024-09-26T06:30:21.914+0000] {processor.py:914} INFO - Processing file /opt/airflow/dags/dag_with_catchup_and_backfill.py for tasks to queue
[2024-09-26T06:30:21.917+0000] {logging_mixin.py:190} INFO - [2024-09-26T06:30:21.916+0000] {dagbag.py:587} INFO - Filling up the DagBag from /opt/airflow/dags/dag_with_catchup_and_backfill.py
[2024-09-26T06:30:21.976+0000] {processor.py:925} INFO - DAG(s) 'dag_with_catchup_backfill_v01.3' retrieved from /opt/airflow/dags/dag_with_catchup_and_backfill.py
[2024-09-26T06:30:22.004+0000] {logging_mixin.py:190} INFO - [2024-09-26T06:30:22.004+0000] {dag.py:3229} INFO - Sync 1 DAGs
[2024-09-26T06:30:22.031+0000] {logging_mixin.py:190} INFO - [2024-09-26T06:30:22.030+0000] {dag.py:4156} INFO - Setting next_dagrun for dag_with_catchup_backfill_v01.3 to 2024-09-25 00:00:00+00:00, run_after=2024-09-26 00:00:00+00:00
[2024-09-26T06:30:22.065+0000] {processor.py:208} INFO - Processing /opt/airflow/dags/dag_with_catchup_and_backfill.py took 0.160 seconds
[2024-09-26T06:30:52.548+0000] {processor.py:186} INFO - Started process (PID=163038) to work on /opt/airflow/dags/dag_with_catchup_and_backfill.py
[2024-09-26T06:30:52.550+0000] {processor.py:914} INFO - Processing file /opt/airflow/dags/dag_with_catchup_and_backfill.py for tasks to queue
[2024-09-26T06:30:52.554+0000] {logging_mixin.py:190} INFO - [2024-09-26T06:30:52.553+0000] {dagbag.py:587} INFO - Filling up the DagBag from /opt/airflow/dags/dag_with_catchup_and_backfill.py
[2024-09-26T06:30:52.649+0000] {processor.py:925} INFO - DAG(s) 'dag_with_catchup_backfill_v01.3' retrieved from /opt/airflow/dags/dag_with_catchup_and_backfill.py
[2024-09-26T06:30:52.685+0000] {logging_mixin.py:190} INFO - [2024-09-26T06:30:52.685+0000] {dag.py:3229} INFO - Sync 1 DAGs
[2024-09-26T06:30:52.726+0000] {logging_mixin.py:190} INFO - [2024-09-26T06:30:52.726+0000] {dag.py:4156} INFO - Setting next_dagrun for dag_with_catchup_backfill_v01.3 to 2024-09-25 00:00:00+00:00, run_after=2024-09-26 00:00:00+00:00
[2024-09-26T06:30:52.761+0000] {processor.py:208} INFO - Processing /opt/airflow/dags/dag_with_catchup_and_backfill.py took 0.220 seconds
[2024-09-26T06:31:23.082+0000] {processor.py:186} INFO - Started process (PID=163081) to work on /opt/airflow/dags/dag_with_catchup_and_backfill.py
[2024-09-26T06:31:23.083+0000] {processor.py:914} INFO - Processing file /opt/airflow/dags/dag_with_catchup_and_backfill.py for tasks to queue
[2024-09-26T06:31:23.086+0000] {logging_mixin.py:190} INFO - [2024-09-26T06:31:23.086+0000] {dagbag.py:587} INFO - Filling up the DagBag from /opt/airflow/dags/dag_with_catchup_and_backfill.py
[2024-09-26T06:31:23.185+0000] {processor.py:925} INFO - DAG(s) 'dag_with_catchup_backfill_v01.3' retrieved from /opt/airflow/dags/dag_with_catchup_and_backfill.py
[2024-09-26T06:31:23.220+0000] {logging_mixin.py:190} INFO - [2024-09-26T06:31:23.220+0000] {dag.py:3229} INFO - Sync 1 DAGs
[2024-09-26T06:31:23.251+0000] {logging_mixin.py:190} INFO - [2024-09-26T06:31:23.251+0000] {dag.py:4156} INFO - Setting next_dagrun for dag_with_catchup_backfill_v01.3 to 2024-09-25 00:00:00+00:00, run_after=2024-09-26 00:00:00+00:00
[2024-09-26T06:31:23.307+0000] {processor.py:208} INFO - Processing /opt/airflow/dags/dag_with_catchup_and_backfill.py took 0.236 seconds
[2024-09-26T06:31:53.898+0000] {processor.py:186} INFO - Started process (PID=163124) to work on /opt/airflow/dags/dag_with_catchup_and_backfill.py
[2024-09-26T06:31:53.900+0000] {processor.py:914} INFO - Processing file /opt/airflow/dags/dag_with_catchup_and_backfill.py for tasks to queue
[2024-09-26T06:31:53.903+0000] {logging_mixin.py:190} INFO - [2024-09-26T06:31:53.903+0000] {dagbag.py:587} INFO - Filling up the DagBag from /opt/airflow/dags/dag_with_catchup_and_backfill.py
[2024-09-26T06:31:54.032+0000] {processor.py:925} INFO - DAG(s) 'dag_with_catchup_backfill_v01.3' retrieved from /opt/airflow/dags/dag_with_catchup_and_backfill.py
[2024-09-26T06:31:54.059+0000] {logging_mixin.py:190} INFO - [2024-09-26T06:31:54.059+0000] {dag.py:3229} INFO - Sync 1 DAGs
[2024-09-26T06:31:54.087+0000] {logging_mixin.py:190} INFO - [2024-09-26T06:31:54.087+0000] {dag.py:4156} INFO - Setting next_dagrun for dag_with_catchup_backfill_v01.3 to 2024-09-25 00:00:00+00:00, run_after=2024-09-26 00:00:00+00:00
[2024-09-26T06:31:54.132+0000] {processor.py:208} INFO - Processing /opt/airflow/dags/dag_with_catchup_and_backfill.py took 0.247 seconds
[2024-09-26T06:32:24.525+0000] {processor.py:186} INFO - Started process (PID=163165) to work on /opt/airflow/dags/dag_with_catchup_and_backfill.py
[2024-09-26T06:32:24.527+0000] {processor.py:914} INFO - Processing file /opt/airflow/dags/dag_with_catchup_and_backfill.py for tasks to queue
[2024-09-26T06:32:24.531+0000] {logging_mixin.py:190} INFO - [2024-09-26T06:32:24.530+0000] {dagbag.py:587} INFO - Filling up the DagBag from /opt/airflow/dags/dag_with_catchup_and_backfill.py
[2024-09-26T06:32:24.603+0000] {processor.py:925} INFO - DAG(s) 'dag_with_catchup_backfill_v01.3' retrieved from /opt/airflow/dags/dag_with_catchup_and_backfill.py
[2024-09-26T06:32:24.632+0000] {logging_mixin.py:190} INFO - [2024-09-26T06:32:24.631+0000] {dag.py:3229} INFO - Sync 1 DAGs
[2024-09-26T06:32:24.655+0000] {logging_mixin.py:190} INFO - [2024-09-26T06:32:24.655+0000] {dag.py:4156} INFO - Setting next_dagrun for dag_with_catchup_backfill_v01.3 to 2024-09-25 00:00:00+00:00, run_after=2024-09-26 00:00:00+00:00
[2024-09-26T06:32:24.681+0000] {processor.py:208} INFO - Processing /opt/airflow/dags/dag_with_catchup_and_backfill.py took 0.164 seconds
[2024-09-26T06:32:55.277+0000] {processor.py:186} INFO - Started process (PID=163210) to work on /opt/airflow/dags/dag_with_catchup_and_backfill.py
[2024-09-26T06:32:55.280+0000] {processor.py:914} INFO - Processing file /opt/airflow/dags/dag_with_catchup_and_backfill.py for tasks to queue
[2024-09-26T06:32:55.285+0000] {logging_mixin.py:190} INFO - [2024-09-26T06:32:55.284+0000] {dagbag.py:587} INFO - Filling up the DagBag from /opt/airflow/dags/dag_with_catchup_and_backfill.py
[2024-09-26T06:32:55.405+0000] {processor.py:925} INFO - DAG(s) 'dag_with_catchup_backfill_v01.3' retrieved from /opt/airflow/dags/dag_with_catchup_and_backfill.py
[2024-09-26T06:32:55.438+0000] {logging_mixin.py:190} INFO - [2024-09-26T06:32:55.437+0000] {dag.py:3229} INFO - Sync 1 DAGs
[2024-09-26T06:32:55.463+0000] {logging_mixin.py:190} INFO - [2024-09-26T06:32:55.462+0000] {dag.py:4156} INFO - Setting next_dagrun for dag_with_catchup_backfill_v01.3 to 2024-09-25 00:00:00+00:00, run_after=2024-09-26 00:00:00+00:00
[2024-09-26T06:32:55.487+0000] {processor.py:208} INFO - Processing /opt/airflow/dags/dag_with_catchup_and_backfill.py took 0.226 seconds
[2024-09-26T06:33:25.724+0000] {processor.py:186} INFO - Started process (PID=163253) to work on /opt/airflow/dags/dag_with_catchup_and_backfill.py
[2024-09-26T06:33:25.727+0000] {processor.py:914} INFO - Processing file /opt/airflow/dags/dag_with_catchup_and_backfill.py for tasks to queue
[2024-09-26T06:33:25.729+0000] {logging_mixin.py:190} INFO - [2024-09-26T06:33:25.729+0000] {dagbag.py:587} INFO - Filling up the DagBag from /opt/airflow/dags/dag_with_catchup_and_backfill.py
[2024-09-26T06:33:25.842+0000] {processor.py:925} INFO - DAG(s) 'dag_with_catchup_backfill_v01.3' retrieved from /opt/airflow/dags/dag_with_catchup_and_backfill.py
[2024-09-26T06:33:25.874+0000] {logging_mixin.py:190} INFO - [2024-09-26T06:33:25.873+0000] {dag.py:3229} INFO - Sync 1 DAGs
[2024-09-26T06:33:25.898+0000] {logging_mixin.py:190} INFO - [2024-09-26T06:33:25.898+0000] {dag.py:4156} INFO - Setting next_dagrun for dag_with_catchup_backfill_v01.3 to 2024-09-25 00:00:00+00:00, run_after=2024-09-26 00:00:00+00:00
[2024-09-26T06:33:25.923+0000] {processor.py:208} INFO - Processing /opt/airflow/dags/dag_with_catchup_and_backfill.py took 0.211 seconds
[2024-09-26T06:33:56.293+0000] {processor.py:186} INFO - Started process (PID=163296) to work on /opt/airflow/dags/dag_with_catchup_and_backfill.py
[2024-09-26T06:33:56.295+0000] {processor.py:914} INFO - Processing file /opt/airflow/dags/dag_with_catchup_and_backfill.py for tasks to queue
[2024-09-26T06:33:56.298+0000] {logging_mixin.py:190} INFO - [2024-09-26T06:33:56.298+0000] {dagbag.py:587} INFO - Filling up the DagBag from /opt/airflow/dags/dag_with_catchup_and_backfill.py
[2024-09-26T06:33:56.404+0000] {processor.py:925} INFO - DAG(s) 'dag_with_catchup_backfill_v01.3' retrieved from /opt/airflow/dags/dag_with_catchup_and_backfill.py
[2024-09-26T06:33:56.427+0000] {logging_mixin.py:190} INFO - [2024-09-26T06:33:56.427+0000] {dag.py:3229} INFO - Sync 1 DAGs
[2024-09-26T06:33:56.447+0000] {logging_mixin.py:190} INFO - [2024-09-26T06:33:56.447+0000] {dag.py:4156} INFO - Setting next_dagrun for dag_with_catchup_backfill_v01.3 to 2024-09-25 00:00:00+00:00, run_after=2024-09-26 00:00:00+00:00
[2024-09-26T06:33:56.473+0000] {processor.py:208} INFO - Processing /opt/airflow/dags/dag_with_catchup_and_backfill.py took 0.193 seconds
[2024-09-26T06:34:26.993+0000] {processor.py:186} INFO - Started process (PID=163339) to work on /opt/airflow/dags/dag_with_catchup_and_backfill.py
[2024-09-26T06:34:26.996+0000] {processor.py:914} INFO - Processing file /opt/airflow/dags/dag_with_catchup_and_backfill.py for tasks to queue
[2024-09-26T06:34:26.999+0000] {logging_mixin.py:190} INFO - [2024-09-26T06:34:26.999+0000] {dagbag.py:587} INFO - Filling up the DagBag from /opt/airflow/dags/dag_with_catchup_and_backfill.py
[2024-09-26T06:34:27.132+0000] {processor.py:925} INFO - DAG(s) 'dag_with_catchup_backfill_v01.3' retrieved from /opt/airflow/dags/dag_with_catchup_and_backfill.py
[2024-09-26T06:34:27.196+0000] {logging_mixin.py:190} INFO - [2024-09-26T06:34:27.196+0000] {dag.py:3229} INFO - Sync 1 DAGs
[2024-09-26T06:34:27.247+0000] {logging_mixin.py:190} INFO - [2024-09-26T06:34:27.246+0000] {dag.py:4156} INFO - Setting next_dagrun for dag_with_catchup_backfill_v01.3 to 2024-09-25 00:00:00+00:00, run_after=2024-09-26 00:00:00+00:00
[2024-09-26T06:34:27.294+0000] {processor.py:208} INFO - Processing /opt/airflow/dags/dag_with_catchup_and_backfill.py took 0.315 seconds
[2024-09-26T06:34:57.724+0000] {processor.py:186} INFO - Started process (PID=163382) to work on /opt/airflow/dags/dag_with_catchup_and_backfill.py
[2024-09-26T06:34:57.726+0000] {processor.py:914} INFO - Processing file /opt/airflow/dags/dag_with_catchup_and_backfill.py for tasks to queue
[2024-09-26T06:34:57.728+0000] {logging_mixin.py:190} INFO - [2024-09-26T06:34:57.727+0000] {dagbag.py:587} INFO - Filling up the DagBag from /opt/airflow/dags/dag_with_catchup_and_backfill.py
[2024-09-26T06:34:57.815+0000] {processor.py:925} INFO - DAG(s) 'dag_with_catchup_backfill_v01.3' retrieved from /opt/airflow/dags/dag_with_catchup_and_backfill.py
[2024-09-26T06:34:57.839+0000] {logging_mixin.py:190} INFO - [2024-09-26T06:34:57.839+0000] {dag.py:3229} INFO - Sync 1 DAGs
[2024-09-26T06:34:57.864+0000] {logging_mixin.py:190} INFO - [2024-09-26T06:34:57.863+0000] {dag.py:4156} INFO - Setting next_dagrun for dag_with_catchup_backfill_v01.3 to 2024-09-25 00:00:00+00:00, run_after=2024-09-26 00:00:00+00:00
[2024-09-26T06:34:57.888+0000] {processor.py:208} INFO - Processing /opt/airflow/dags/dag_with_catchup_and_backfill.py took 0.171 seconds
[2024-09-26T06:35:28.707+0000] {processor.py:186} INFO - Started process (PID=163425) to work on /opt/airflow/dags/dag_with_catchup_and_backfill.py
[2024-09-26T06:35:28.709+0000] {processor.py:914} INFO - Processing file /opt/airflow/dags/dag_with_catchup_and_backfill.py for tasks to queue
[2024-09-26T06:35:28.711+0000] {logging_mixin.py:190} INFO - [2024-09-26T06:35:28.711+0000] {dagbag.py:587} INFO - Filling up the DagBag from /opt/airflow/dags/dag_with_catchup_and_backfill.py
[2024-09-26T06:35:28.781+0000] {processor.py:925} INFO - DAG(s) 'dag_with_catchup_backfill_v01.3' retrieved from /opt/airflow/dags/dag_with_catchup_and_backfill.py
[2024-09-26T06:35:28.805+0000] {logging_mixin.py:190} INFO - [2024-09-26T06:35:28.804+0000] {dag.py:3229} INFO - Sync 1 DAGs
[2024-09-26T06:35:28.828+0000] {logging_mixin.py:190} INFO - [2024-09-26T06:35:28.828+0000] {dag.py:4156} INFO - Setting next_dagrun for dag_with_catchup_backfill_v01.3 to 2024-09-25 00:00:00+00:00, run_after=2024-09-26 00:00:00+00:00
[2024-09-26T06:35:28.854+0000] {processor.py:208} INFO - Processing /opt/airflow/dags/dag_with_catchup_and_backfill.py took 0.152 seconds
[2024-09-26T06:35:59.965+0000] {processor.py:186} INFO - Started process (PID=163468) to work on /opt/airflow/dags/dag_with_catchup_and_backfill.py
[2024-09-26T06:35:59.967+0000] {processor.py:914} INFO - Processing file /opt/airflow/dags/dag_with_catchup_and_backfill.py for tasks to queue
[2024-09-26T06:35:59.969+0000] {logging_mixin.py:190} INFO - [2024-09-26T06:35:59.968+0000] {dagbag.py:587} INFO - Filling up the DagBag from /opt/airflow/dags/dag_with_catchup_and_backfill.py
[2024-09-26T06:36:00.104+0000] {processor.py:925} INFO - DAG(s) 'dag_with_catchup_backfill_v01.3' retrieved from /opt/airflow/dags/dag_with_catchup_and_backfill.py
[2024-09-26T06:36:00.137+0000] {logging_mixin.py:190} INFO - [2024-09-26T06:36:00.137+0000] {dag.py:3229} INFO - Sync 1 DAGs
[2024-09-26T06:36:00.163+0000] {logging_mixin.py:190} INFO - [2024-09-26T06:36:00.163+0000] {dag.py:4156} INFO - Setting next_dagrun for dag_with_catchup_backfill_v01.3 to 2024-09-25 00:00:00+00:00, run_after=2024-09-26 00:00:00+00:00
[2024-09-26T06:36:00.193+0000] {processor.py:208} INFO - Processing /opt/airflow/dags/dag_with_catchup_and_backfill.py took 0.232 seconds
[2024-09-26T06:36:30.482+0000] {processor.py:186} INFO - Started process (PID=163511) to work on /opt/airflow/dags/dag_with_catchup_and_backfill.py
[2024-09-26T06:36:30.484+0000] {processor.py:914} INFO - Processing file /opt/airflow/dags/dag_with_catchup_and_backfill.py for tasks to queue
[2024-09-26T06:36:30.486+0000] {logging_mixin.py:190} INFO - [2024-09-26T06:36:30.486+0000] {dagbag.py:587} INFO - Filling up the DagBag from /opt/airflow/dags/dag_with_catchup_and_backfill.py
[2024-09-26T06:36:30.589+0000] {processor.py:925} INFO - DAG(s) 'dag_with_catchup_backfill_v01.3' retrieved from /opt/airflow/dags/dag_with_catchup_and_backfill.py
[2024-09-26T06:36:30.617+0000] {logging_mixin.py:190} INFO - [2024-09-26T06:36:30.616+0000] {dag.py:3229} INFO - Sync 1 DAGs
[2024-09-26T06:36:30.639+0000] {logging_mixin.py:190} INFO - [2024-09-26T06:36:30.639+0000] {dag.py:4156} INFO - Setting next_dagrun for dag_with_catchup_backfill_v01.3 to 2024-09-25 00:00:00+00:00, run_after=2024-09-26 00:00:00+00:00
[2024-09-26T06:36:30.666+0000] {processor.py:208} INFO - Processing /opt/airflow/dags/dag_with_catchup_and_backfill.py took 0.191 seconds
[2024-09-26T06:37:01.199+0000] {processor.py:186} INFO - Started process (PID=163554) to work on /opt/airflow/dags/dag_with_catchup_and_backfill.py
[2024-09-26T06:37:01.201+0000] {processor.py:914} INFO - Processing file /opt/airflow/dags/dag_with_catchup_and_backfill.py for tasks to queue
[2024-09-26T06:37:01.204+0000] {logging_mixin.py:190} INFO - [2024-09-26T06:37:01.203+0000] {dagbag.py:587} INFO - Filling up the DagBag from /opt/airflow/dags/dag_with_catchup_and_backfill.py
[2024-09-26T06:37:01.319+0000] {processor.py:925} INFO - DAG(s) 'dag_with_catchup_backfill_v01.3' retrieved from /opt/airflow/dags/dag_with_catchup_and_backfill.py
[2024-09-26T06:37:01.349+0000] {logging_mixin.py:190} INFO - [2024-09-26T06:37:01.349+0000] {dag.py:3229} INFO - Sync 1 DAGs
[2024-09-26T06:37:01.372+0000] {logging_mixin.py:190} INFO - [2024-09-26T06:37:01.372+0000] {dag.py:4156} INFO - Setting next_dagrun for dag_with_catchup_backfill_v01.3 to 2024-09-25 00:00:00+00:00, run_after=2024-09-26 00:00:00+00:00
[2024-09-26T06:37:01.400+0000] {processor.py:208} INFO - Processing /opt/airflow/dags/dag_with_catchup_and_backfill.py took 0.208 seconds
[2024-09-26T06:37:31.975+0000] {processor.py:186} INFO - Started process (PID=163597) to work on /opt/airflow/dags/dag_with_catchup_and_backfill.py
[2024-09-26T06:37:31.977+0000] {processor.py:914} INFO - Processing file /opt/airflow/dags/dag_with_catchup_and_backfill.py for tasks to queue
[2024-09-26T06:37:31.979+0000] {logging_mixin.py:190} INFO - [2024-09-26T06:37:31.979+0000] {dagbag.py:587} INFO - Filling up the DagBag from /opt/airflow/dags/dag_with_catchup_and_backfill.py
[2024-09-26T06:37:32.084+0000] {processor.py:925} INFO - DAG(s) 'dag_with_catchup_backfill_v01.3' retrieved from /opt/airflow/dags/dag_with_catchup_and_backfill.py
[2024-09-26T06:37:32.141+0000] {logging_mixin.py:190} INFO - [2024-09-26T06:37:32.140+0000] {dag.py:3229} INFO - Sync 1 DAGs
[2024-09-26T06:37:32.175+0000] {logging_mixin.py:190} INFO - [2024-09-26T06:37:32.175+0000] {dag.py:4156} INFO - Setting next_dagrun for dag_with_catchup_backfill_v01.3 to 2024-09-25 00:00:00+00:00, run_after=2024-09-26 00:00:00+00:00
[2024-09-26T06:37:32.208+0000] {processor.py:208} INFO - Processing /opt/airflow/dags/dag_with_catchup_and_backfill.py took 0.240 seconds
[2024-09-26T06:38:02.541+0000] {processor.py:186} INFO - Started process (PID=163640) to work on /opt/airflow/dags/dag_with_catchup_and_backfill.py
[2024-09-26T06:38:02.542+0000] {processor.py:914} INFO - Processing file /opt/airflow/dags/dag_with_catchup_and_backfill.py for tasks to queue
[2024-09-26T06:38:02.545+0000] {logging_mixin.py:190} INFO - [2024-09-26T06:38:02.544+0000] {dagbag.py:587} INFO - Filling up the DagBag from /opt/airflow/dags/dag_with_catchup_and_backfill.py
[2024-09-26T06:38:02.625+0000] {processor.py:925} INFO - DAG(s) 'dag_with_catchup_backfill_v01.3' retrieved from /opt/airflow/dags/dag_with_catchup_and_backfill.py
[2024-09-26T06:38:02.648+0000] {logging_mixin.py:190} INFO - [2024-09-26T06:38:02.648+0000] {dag.py:3229} INFO - Sync 1 DAGs
[2024-09-26T06:38:02.669+0000] {logging_mixin.py:190} INFO - [2024-09-26T06:38:02.668+0000] {dag.py:4156} INFO - Setting next_dagrun for dag_with_catchup_backfill_v01.3 to 2024-09-25 00:00:00+00:00, run_after=2024-09-26 00:00:00+00:00
[2024-09-26T06:38:02.692+0000] {processor.py:208} INFO - Processing /opt/airflow/dags/dag_with_catchup_and_backfill.py took 0.157 seconds
[2024-09-26T06:38:33.065+0000] {processor.py:186} INFO - Started process (PID=163683) to work on /opt/airflow/dags/dag_with_catchup_and_backfill.py
[2024-09-26T06:38:33.067+0000] {processor.py:914} INFO - Processing file /opt/airflow/dags/dag_with_catchup_and_backfill.py for tasks to queue
[2024-09-26T06:38:33.069+0000] {logging_mixin.py:190} INFO - [2024-09-26T06:38:33.069+0000] {dagbag.py:587} INFO - Filling up the DagBag from /opt/airflow/dags/dag_with_catchup_and_backfill.py
[2024-09-26T06:38:33.168+0000] {processor.py:925} INFO - DAG(s) 'dag_with_catchup_backfill_v01.3' retrieved from /opt/airflow/dags/dag_with_catchup_and_backfill.py
[2024-09-26T06:38:33.224+0000] {logging_mixin.py:190} INFO - [2024-09-26T06:38:33.224+0000] {dag.py:3229} INFO - Sync 1 DAGs
[2024-09-26T06:38:33.253+0000] {logging_mixin.py:190} INFO - [2024-09-26T06:38:33.252+0000] {dag.py:4156} INFO - Setting next_dagrun for dag_with_catchup_backfill_v01.3 to 2024-09-25 00:00:00+00:00, run_after=2024-09-26 00:00:00+00:00
[2024-09-26T06:38:33.281+0000] {processor.py:208} INFO - Processing /opt/airflow/dags/dag_with_catchup_and_backfill.py took 0.224 seconds
[2024-09-26T06:39:03.824+0000] {processor.py:186} INFO - Started process (PID=163726) to work on /opt/airflow/dags/dag_with_catchup_and_backfill.py
[2024-09-26T06:39:03.825+0000] {processor.py:914} INFO - Processing file /opt/airflow/dags/dag_with_catchup_and_backfill.py for tasks to queue
[2024-09-26T06:39:03.828+0000] {logging_mixin.py:190} INFO - [2024-09-26T06:39:03.828+0000] {dagbag.py:587} INFO - Filling up the DagBag from /opt/airflow/dags/dag_with_catchup_and_backfill.py
[2024-09-26T06:39:03.932+0000] {processor.py:925} INFO - DAG(s) 'dag_with_catchup_backfill_v01.3' retrieved from /opt/airflow/dags/dag_with_catchup_and_backfill.py
[2024-09-26T06:39:03.993+0000] {logging_mixin.py:190} INFO - [2024-09-26T06:39:03.992+0000] {dag.py:3229} INFO - Sync 1 DAGs
[2024-09-26T06:39:04.025+0000] {logging_mixin.py:190} INFO - [2024-09-26T06:39:04.025+0000] {dag.py:4156} INFO - Setting next_dagrun for dag_with_catchup_backfill_v01.3 to 2024-09-25 00:00:00+00:00, run_after=2024-09-26 00:00:00+00:00
[2024-09-26T06:39:04.051+0000] {processor.py:208} INFO - Processing /opt/airflow/dags/dag_with_catchup_and_backfill.py took 0.238 seconds
[2024-09-26T06:39:34.575+0000] {processor.py:186} INFO - Started process (PID=163769) to work on /opt/airflow/dags/dag_with_catchup_and_backfill.py
[2024-09-26T06:39:34.578+0000] {processor.py:914} INFO - Processing file /opt/airflow/dags/dag_with_catchup_and_backfill.py for tasks to queue
[2024-09-26T06:39:34.584+0000] {logging_mixin.py:190} INFO - [2024-09-26T06:39:34.583+0000] {dagbag.py:587} INFO - Filling up the DagBag from /opt/airflow/dags/dag_with_catchup_and_backfill.py
[2024-09-26T06:39:34.696+0000] {processor.py:925} INFO - DAG(s) 'dag_with_catchup_backfill_v01.3' retrieved from /opt/airflow/dags/dag_with_catchup_and_backfill.py
[2024-09-26T06:39:34.724+0000] {logging_mixin.py:190} INFO - [2024-09-26T06:39:34.724+0000] {dag.py:3229} INFO - Sync 1 DAGs
[2024-09-26T06:39:34.764+0000] {logging_mixin.py:190} INFO - [2024-09-26T06:39:34.764+0000] {dag.py:4156} INFO - Setting next_dagrun for dag_with_catchup_backfill_v01.3 to 2024-09-25 00:00:00+00:00, run_after=2024-09-26 00:00:00+00:00
[2024-09-26T06:39:34.796+0000] {processor.py:208} INFO - Processing /opt/airflow/dags/dag_with_catchup_and_backfill.py took 0.238 seconds
[2024-09-26T06:40:05.097+0000] {processor.py:186} INFO - Started process (PID=163812) to work on /opt/airflow/dags/dag_with_catchup_and_backfill.py
[2024-09-26T06:40:05.099+0000] {processor.py:914} INFO - Processing file /opt/airflow/dags/dag_with_catchup_and_backfill.py for tasks to queue
[2024-09-26T06:40:05.102+0000] {logging_mixin.py:190} INFO - [2024-09-26T06:40:05.101+0000] {dagbag.py:587} INFO - Filling up the DagBag from /opt/airflow/dags/dag_with_catchup_and_backfill.py
[2024-09-26T06:40:05.189+0000] {processor.py:925} INFO - DAG(s) 'dag_with_catchup_backfill_v01.3' retrieved from /opt/airflow/dags/dag_with_catchup_and_backfill.py
[2024-09-26T06:40:05.213+0000] {logging_mixin.py:190} INFO - [2024-09-26T06:40:05.213+0000] {dag.py:3229} INFO - Sync 1 DAGs
[2024-09-26T06:40:05.239+0000] {logging_mixin.py:190} INFO - [2024-09-26T06:40:05.238+0000] {dag.py:4156} INFO - Setting next_dagrun for dag_with_catchup_backfill_v01.3 to 2024-09-25 00:00:00+00:00, run_after=2024-09-26 00:00:00+00:00
[2024-09-26T06:40:05.264+0000] {processor.py:208} INFO - Processing /opt/airflow/dags/dag_with_catchup_and_backfill.py took 0.176 seconds
[2024-09-26T06:40:35.549+0000] {processor.py:186} INFO - Started process (PID=163855) to work on /opt/airflow/dags/dag_with_catchup_and_backfill.py
[2024-09-26T06:40:35.550+0000] {processor.py:914} INFO - Processing file /opt/airflow/dags/dag_with_catchup_and_backfill.py for tasks to queue
[2024-09-26T06:40:35.553+0000] {logging_mixin.py:190} INFO - [2024-09-26T06:40:35.552+0000] {dagbag.py:587} INFO - Filling up the DagBag from /opt/airflow/dags/dag_with_catchup_and_backfill.py
[2024-09-26T06:40:35.651+0000] {processor.py:925} INFO - DAG(s) 'dag_with_catchup_backfill_v01.3' retrieved from /opt/airflow/dags/dag_with_catchup_and_backfill.py
[2024-09-26T06:40:35.687+0000] {logging_mixin.py:190} INFO - [2024-09-26T06:40:35.687+0000] {dag.py:3229} INFO - Sync 1 DAGs
[2024-09-26T06:40:35.721+0000] {logging_mixin.py:190} INFO - [2024-09-26T06:40:35.721+0000] {dag.py:4156} INFO - Setting next_dagrun for dag_with_catchup_backfill_v01.3 to 2024-09-25 00:00:00+00:00, run_after=2024-09-26 00:00:00+00:00
[2024-09-26T06:40:35.762+0000] {processor.py:208} INFO - Processing /opt/airflow/dags/dag_with_catchup_and_backfill.py took 0.219 seconds
[2024-09-26T06:41:05.953+0000] {processor.py:186} INFO - Started process (PID=163896) to work on /opt/airflow/dags/dag_with_catchup_and_backfill.py
[2024-09-26T06:41:05.955+0000] {processor.py:914} INFO - Processing file /opt/airflow/dags/dag_with_catchup_and_backfill.py for tasks to queue
[2024-09-26T06:41:05.957+0000] {logging_mixin.py:190} INFO - [2024-09-26T06:41:05.957+0000] {dagbag.py:587} INFO - Filling up the DagBag from /opt/airflow/dags/dag_with_catchup_and_backfill.py
[2024-09-26T06:41:06.060+0000] {processor.py:925} INFO - DAG(s) 'dag_with_catchup_backfill_v01.3' retrieved from /opt/airflow/dags/dag_with_catchup_and_backfill.py
[2024-09-26T06:41:06.087+0000] {logging_mixin.py:190} INFO - [2024-09-26T06:41:06.087+0000] {dag.py:3229} INFO - Sync 1 DAGs
[2024-09-26T06:41:06.107+0000] {logging_mixin.py:190} INFO - [2024-09-26T06:41:06.107+0000] {dag.py:4156} INFO - Setting next_dagrun for dag_with_catchup_backfill_v01.3 to 2024-09-25 00:00:00+00:00, run_after=2024-09-26 00:00:00+00:00
[2024-09-26T06:41:06.136+0000] {processor.py:208} INFO - Processing /opt/airflow/dags/dag_with_catchup_and_backfill.py took 0.187 seconds
[2024-09-26T06:41:36.903+0000] {processor.py:186} INFO - Started process (PID=163941) to work on /opt/airflow/dags/dag_with_catchup_and_backfill.py
[2024-09-26T06:41:36.904+0000] {processor.py:914} INFO - Processing file /opt/airflow/dags/dag_with_catchup_and_backfill.py for tasks to queue
[2024-09-26T06:41:36.907+0000] {logging_mixin.py:190} INFO - [2024-09-26T06:41:36.906+0000] {dagbag.py:587} INFO - Filling up the DagBag from /opt/airflow/dags/dag_with_catchup_and_backfill.py
[2024-09-26T06:41:37.018+0000] {processor.py:925} INFO - DAG(s) 'dag_with_catchup_backfill_v01.3' retrieved from /opt/airflow/dags/dag_with_catchup_and_backfill.py
[2024-09-26T06:41:37.042+0000] {logging_mixin.py:190} INFO - [2024-09-26T06:41:37.042+0000] {dag.py:3229} INFO - Sync 1 DAGs
[2024-09-26T06:41:37.064+0000] {logging_mixin.py:190} INFO - [2024-09-26T06:41:37.064+0000] {dag.py:4156} INFO - Setting next_dagrun for dag_with_catchup_backfill_v01.3 to 2024-09-25 00:00:00+00:00, run_after=2024-09-26 00:00:00+00:00
[2024-09-26T06:41:37.093+0000] {processor.py:208} INFO - Processing /opt/airflow/dags/dag_with_catchup_and_backfill.py took 0.195 seconds
[2024-09-26T06:42:08.133+0000] {processor.py:186} INFO - Started process (PID=163984) to work on /opt/airflow/dags/dag_with_catchup_and_backfill.py
[2024-09-26T06:42:08.134+0000] {processor.py:914} INFO - Processing file /opt/airflow/dags/dag_with_catchup_and_backfill.py for tasks to queue
[2024-09-26T06:42:08.137+0000] {logging_mixin.py:190} INFO - [2024-09-26T06:42:08.136+0000] {dagbag.py:587} INFO - Filling up the DagBag from /opt/airflow/dags/dag_with_catchup_and_backfill.py
[2024-09-26T06:42:08.248+0000] {processor.py:925} INFO - DAG(s) 'dag_with_catchup_backfill_v01.3' retrieved from /opt/airflow/dags/dag_with_catchup_and_backfill.py
[2024-09-26T06:42:08.283+0000] {logging_mixin.py:190} INFO - [2024-09-26T06:42:08.283+0000] {dag.py:3229} INFO - Sync 1 DAGs
[2024-09-26T06:42:08.315+0000] {logging_mixin.py:190} INFO - [2024-09-26T06:42:08.315+0000] {dag.py:4156} INFO - Setting next_dagrun for dag_with_catchup_backfill_v01.3 to 2024-09-25 00:00:00+00:00, run_after=2024-09-26 00:00:00+00:00
[2024-09-26T06:42:08.345+0000] {processor.py:208} INFO - Processing /opt/airflow/dags/dag_with_catchup_and_backfill.py took 0.225 seconds
[2024-09-26T06:42:38.709+0000] {processor.py:186} INFO - Started process (PID=164027) to work on /opt/airflow/dags/dag_with_catchup_and_backfill.py
[2024-09-26T06:42:38.711+0000] {processor.py:914} INFO - Processing file /opt/airflow/dags/dag_with_catchup_and_backfill.py for tasks to queue
[2024-09-26T06:42:38.713+0000] {logging_mixin.py:190} INFO - [2024-09-26T06:42:38.712+0000] {dagbag.py:587} INFO - Filling up the DagBag from /opt/airflow/dags/dag_with_catchup_and_backfill.py
[2024-09-26T06:42:38.799+0000] {processor.py:925} INFO - DAG(s) 'dag_with_catchup_backfill_v01.3' retrieved from /opt/airflow/dags/dag_with_catchup_and_backfill.py
[2024-09-26T06:42:38.827+0000] {logging_mixin.py:190} INFO - [2024-09-26T06:42:38.827+0000] {dag.py:3229} INFO - Sync 1 DAGs
[2024-09-26T06:42:38.849+0000] {logging_mixin.py:190} INFO - [2024-09-26T06:42:38.849+0000] {dag.py:4156} INFO - Setting next_dagrun for dag_with_catchup_backfill_v01.3 to 2024-09-25 00:00:00+00:00, run_after=2024-09-26 00:00:00+00:00
[2024-09-26T06:42:38.880+0000] {processor.py:208} INFO - Processing /opt/airflow/dags/dag_with_catchup_and_backfill.py took 0.176 seconds
[2024-09-26T06:43:09.413+0000] {processor.py:186} INFO - Started process (PID=164070) to work on /opt/airflow/dags/dag_with_catchup_and_backfill.py
[2024-09-26T06:43:09.416+0000] {processor.py:914} INFO - Processing file /opt/airflow/dags/dag_with_catchup_and_backfill.py for tasks to queue
[2024-09-26T06:43:09.421+0000] {logging_mixin.py:190} INFO - [2024-09-26T06:43:09.420+0000] {dagbag.py:587} INFO - Filling up the DagBag from /opt/airflow/dags/dag_with_catchup_and_backfill.py
[2024-09-26T06:43:09.577+0000] {processor.py:925} INFO - DAG(s) 'dag_with_catchup_backfill_v01.3' retrieved from /opt/airflow/dags/dag_with_catchup_and_backfill.py
[2024-09-26T06:43:09.638+0000] {logging_mixin.py:190} INFO - [2024-09-26T06:43:09.638+0000] {dag.py:3229} INFO - Sync 1 DAGs
[2024-09-26T06:43:09.683+0000] {logging_mixin.py:190} INFO - [2024-09-26T06:43:09.682+0000] {dag.py:4156} INFO - Setting next_dagrun for dag_with_catchup_backfill_v01.3 to 2024-09-25 00:00:00+00:00, run_after=2024-09-26 00:00:00+00:00
[2024-09-26T06:43:09.741+0000] {processor.py:208} INFO - Processing /opt/airflow/dags/dag_with_catchup_and_backfill.py took 0.346 seconds
[2024-09-26T06:43:40.192+0000] {processor.py:186} INFO - Started process (PID=164113) to work on /opt/airflow/dags/dag_with_catchup_and_backfill.py
[2024-09-26T06:43:40.195+0000] {processor.py:914} INFO - Processing file /opt/airflow/dags/dag_with_catchup_and_backfill.py for tasks to queue
[2024-09-26T06:43:40.197+0000] {logging_mixin.py:190} INFO - [2024-09-26T06:43:40.197+0000] {dagbag.py:587} INFO - Filling up the DagBag from /opt/airflow/dags/dag_with_catchup_and_backfill.py
[2024-09-26T06:43:40.306+0000] {processor.py:925} INFO - DAG(s) 'dag_with_catchup_backfill_v01.3' retrieved from /opt/airflow/dags/dag_with_catchup_and_backfill.py
[2024-09-26T06:43:40.329+0000] {logging_mixin.py:190} INFO - [2024-09-26T06:43:40.329+0000] {dag.py:3229} INFO - Sync 1 DAGs
[2024-09-26T06:43:40.349+0000] {logging_mixin.py:190} INFO - [2024-09-26T06:43:40.349+0000] {dag.py:4156} INFO - Setting next_dagrun for dag_with_catchup_backfill_v01.3 to 2024-09-25 00:00:00+00:00, run_after=2024-09-26 00:00:00+00:00
[2024-09-26T06:43:40.378+0000] {processor.py:208} INFO - Processing /opt/airflow/dags/dag_with_catchup_and_backfill.py took 0.195 seconds
[2024-09-26T06:44:10.900+0000] {processor.py:186} INFO - Started process (PID=164154) to work on /opt/airflow/dags/dag_with_catchup_and_backfill.py
[2024-09-26T06:44:10.902+0000] {processor.py:914} INFO - Processing file /opt/airflow/dags/dag_with_catchup_and_backfill.py for tasks to queue
[2024-09-26T06:44:10.904+0000] {logging_mixin.py:190} INFO - [2024-09-26T06:44:10.904+0000] {dagbag.py:587} INFO - Filling up the DagBag from /opt/airflow/dags/dag_with_catchup_and_backfill.py
[2024-09-26T06:44:10.992+0000] {processor.py:925} INFO - DAG(s) 'dag_with_catchup_backfill_v01.3' retrieved from /opt/airflow/dags/dag_with_catchup_and_backfill.py
[2024-09-26T06:44:11.018+0000] {logging_mixin.py:190} INFO - [2024-09-26T06:44:11.018+0000] {dag.py:3229} INFO - Sync 1 DAGs
[2024-09-26T06:44:11.041+0000] {logging_mixin.py:190} INFO - [2024-09-26T06:44:11.041+0000] {dag.py:4156} INFO - Setting next_dagrun for dag_with_catchup_backfill_v01.3 to 2024-09-25 00:00:00+00:00, run_after=2024-09-26 00:00:00+00:00
[2024-09-26T06:44:11.064+0000] {processor.py:208} INFO - Processing /opt/airflow/dags/dag_with_catchup_and_backfill.py took 0.170 seconds
[2024-09-26T06:44:41.885+0000] {processor.py:186} INFO - Started process (PID=164197) to work on /opt/airflow/dags/dag_with_catchup_and_backfill.py
[2024-09-26T06:44:41.887+0000] {processor.py:914} INFO - Processing file /opt/airflow/dags/dag_with_catchup_and_backfill.py for tasks to queue
[2024-09-26T06:44:41.889+0000] {logging_mixin.py:190} INFO - [2024-09-26T06:44:41.889+0000] {dagbag.py:587} INFO - Filling up the DagBag from /opt/airflow/dags/dag_with_catchup_and_backfill.py
[2024-09-26T06:44:41.956+0000] {processor.py:925} INFO - DAG(s) 'dag_with_catchup_backfill_v01.3' retrieved from /opt/airflow/dags/dag_with_catchup_and_backfill.py
[2024-09-26T06:44:41.986+0000] {logging_mixin.py:190} INFO - [2024-09-26T06:44:41.986+0000] {dag.py:3229} INFO - Sync 1 DAGs
[2024-09-26T06:44:42.008+0000] {logging_mixin.py:190} INFO - [2024-09-26T06:44:42.007+0000] {dag.py:4156} INFO - Setting next_dagrun for dag_with_catchup_backfill_v01.3 to 2024-09-25 00:00:00+00:00, run_after=2024-09-26 00:00:00+00:00
[2024-09-26T06:44:42.030+0000] {processor.py:208} INFO - Processing /opt/airflow/dags/dag_with_catchup_and_backfill.py took 0.151 seconds
[2024-09-26T06:45:13.470+0000] {processor.py:186} INFO - Started process (PID=164240) to work on /opt/airflow/dags/dag_with_catchup_and_backfill.py
[2024-09-26T06:45:13.472+0000] {processor.py:914} INFO - Processing file /opt/airflow/dags/dag_with_catchup_and_backfill.py for tasks to queue
[2024-09-26T06:45:13.474+0000] {logging_mixin.py:190} INFO - [2024-09-26T06:45:13.474+0000] {dagbag.py:587} INFO - Filling up the DagBag from /opt/airflow/dags/dag_with_catchup_and_backfill.py
[2024-09-26T06:45:13.557+0000] {processor.py:925} INFO - DAG(s) 'dag_with_catchup_backfill_v01.3' retrieved from /opt/airflow/dags/dag_with_catchup_and_backfill.py
[2024-09-26T06:45:13.580+0000] {logging_mixin.py:190} INFO - [2024-09-26T06:45:13.580+0000] {dag.py:3229} INFO - Sync 1 DAGs
[2024-09-26T06:45:13.601+0000] {logging_mixin.py:190} INFO - [2024-09-26T06:45:13.601+0000] {dag.py:4156} INFO - Setting next_dagrun for dag_with_catchup_backfill_v01.3 to 2024-09-25 00:00:00+00:00, run_after=2024-09-26 00:00:00+00:00
[2024-09-26T06:45:13.625+0000] {processor.py:208} INFO - Processing /opt/airflow/dags/dag_with_catchup_and_backfill.py took 0.160 seconds
[2024-09-26T06:45:44.108+0000] {processor.py:186} INFO - Started process (PID=164283) to work on /opt/airflow/dags/dag_with_catchup_and_backfill.py
[2024-09-26T06:45:44.110+0000] {processor.py:914} INFO - Processing file /opt/airflow/dags/dag_with_catchup_and_backfill.py for tasks to queue
[2024-09-26T06:45:44.113+0000] {logging_mixin.py:190} INFO - [2024-09-26T06:45:44.112+0000] {dagbag.py:587} INFO - Filling up the DagBag from /opt/airflow/dags/dag_with_catchup_and_backfill.py
[2024-09-26T06:45:44.218+0000] {processor.py:925} INFO - DAG(s) 'dag_with_catchup_backfill_v01.3' retrieved from /opt/airflow/dags/dag_with_catchup_and_backfill.py
[2024-09-26T06:45:44.253+0000] {logging_mixin.py:190} INFO - [2024-09-26T06:45:44.252+0000] {dag.py:3229} INFO - Sync 1 DAGs
[2024-09-26T06:45:44.276+0000] {logging_mixin.py:190} INFO - [2024-09-26T06:45:44.276+0000] {dag.py:4156} INFO - Setting next_dagrun for dag_with_catchup_backfill_v01.3 to 2024-09-25 00:00:00+00:00, run_after=2024-09-26 00:00:00+00:00
[2024-09-26T06:45:44.304+0000] {processor.py:208} INFO - Processing /opt/airflow/dags/dag_with_catchup_and_backfill.py took 0.206 seconds
[2024-09-26T06:46:14.758+0000] {processor.py:186} INFO - Started process (PID=164326) to work on /opt/airflow/dags/dag_with_catchup_and_backfill.py
[2024-09-26T06:46:14.759+0000] {processor.py:914} INFO - Processing file /opt/airflow/dags/dag_with_catchup_and_backfill.py for tasks to queue
[2024-09-26T06:46:14.761+0000] {logging_mixin.py:190} INFO - [2024-09-26T06:46:14.761+0000] {dagbag.py:587} INFO - Filling up the DagBag from /opt/airflow/dags/dag_with_catchup_and_backfill.py
[2024-09-26T06:46:14.848+0000] {processor.py:925} INFO - DAG(s) 'dag_with_catchup_backfill_v01.3' retrieved from /opt/airflow/dags/dag_with_catchup_and_backfill.py
[2024-09-26T06:46:14.874+0000] {logging_mixin.py:190} INFO - [2024-09-26T06:46:14.873+0000] {dag.py:3229} INFO - Sync 1 DAGs
[2024-09-26T06:46:14.895+0000] {logging_mixin.py:190} INFO - [2024-09-26T06:46:14.895+0000] {dag.py:4156} INFO - Setting next_dagrun for dag_with_catchup_backfill_v01.3 to 2024-09-25 00:00:00+00:00, run_after=2024-09-26 00:00:00+00:00
[2024-09-26T06:46:14.920+0000] {processor.py:208} INFO - Processing /opt/airflow/dags/dag_with_catchup_and_backfill.py took 0.168 seconds
[2024-09-26T06:46:45.472+0000] {processor.py:186} INFO - Started process (PID=164369) to work on /opt/airflow/dags/dag_with_catchup_and_backfill.py
[2024-09-26T06:46:45.474+0000] {processor.py:914} INFO - Processing file /opt/airflow/dags/dag_with_catchup_and_backfill.py for tasks to queue
[2024-09-26T06:46:45.476+0000] {logging_mixin.py:190} INFO - [2024-09-26T06:46:45.475+0000] {dagbag.py:587} INFO - Filling up the DagBag from /opt/airflow/dags/dag_with_catchup_and_backfill.py
[2024-09-26T06:46:45.561+0000] {processor.py:925} INFO - DAG(s) 'dag_with_catchup_backfill_v01.3' retrieved from /opt/airflow/dags/dag_with_catchup_and_backfill.py
[2024-09-26T06:46:45.591+0000] {logging_mixin.py:190} INFO - [2024-09-26T06:46:45.590+0000] {dag.py:3229} INFO - Sync 1 DAGs
[2024-09-26T06:46:45.617+0000] {logging_mixin.py:190} INFO - [2024-09-26T06:46:45.617+0000] {dag.py:4156} INFO - Setting next_dagrun for dag_with_catchup_backfill_v01.3 to 2024-09-25 00:00:00+00:00, run_after=2024-09-26 00:00:00+00:00
[2024-09-26T06:46:45.643+0000] {processor.py:208} INFO - Processing /opt/airflow/dags/dag_with_catchup_and_backfill.py took 0.176 seconds
[2024-09-26T06:47:16.154+0000] {processor.py:186} INFO - Started process (PID=164412) to work on /opt/airflow/dags/dag_with_catchup_and_backfill.py
[2024-09-26T06:47:16.157+0000] {processor.py:914} INFO - Processing file /opt/airflow/dags/dag_with_catchup_and_backfill.py for tasks to queue
[2024-09-26T06:47:16.162+0000] {logging_mixin.py:190} INFO - [2024-09-26T06:47:16.161+0000] {dagbag.py:587} INFO - Filling up the DagBag from /opt/airflow/dags/dag_with_catchup_and_backfill.py
[2024-09-26T06:47:16.258+0000] {processor.py:925} INFO - DAG(s) 'dag_with_catchup_backfill_v01.3' retrieved from /opt/airflow/dags/dag_with_catchup_and_backfill.py
[2024-09-26T06:47:16.284+0000] {logging_mixin.py:190} INFO - [2024-09-26T06:47:16.284+0000] {dag.py:3229} INFO - Sync 1 DAGs
[2024-09-26T06:47:16.308+0000] {logging_mixin.py:190} INFO - [2024-09-26T06:47:16.308+0000] {dag.py:4156} INFO - Setting next_dagrun for dag_with_catchup_backfill_v01.3 to 2024-09-25 00:00:00+00:00, run_after=2024-09-26 00:00:00+00:00
[2024-09-26T06:47:16.336+0000] {processor.py:208} INFO - Processing /opt/airflow/dags/dag_with_catchup_and_backfill.py took 0.197 seconds
[2024-09-26T06:47:46.845+0000] {processor.py:186} INFO - Started process (PID=164457) to work on /opt/airflow/dags/dag_with_catchup_and_backfill.py
[2024-09-26T06:47:46.847+0000] {processor.py:914} INFO - Processing file /opt/airflow/dags/dag_with_catchup_and_backfill.py for tasks to queue
[2024-09-26T06:47:46.850+0000] {logging_mixin.py:190} INFO - [2024-09-26T06:47:46.850+0000] {dagbag.py:587} INFO - Filling up the DagBag from /opt/airflow/dags/dag_with_catchup_and_backfill.py
[2024-09-26T06:47:46.950+0000] {processor.py:925} INFO - DAG(s) 'dag_with_catchup_backfill_v01.3' retrieved from /opt/airflow/dags/dag_with_catchup_and_backfill.py
[2024-09-26T06:47:46.979+0000] {logging_mixin.py:190} INFO - [2024-09-26T06:47:46.978+0000] {dag.py:3229} INFO - Sync 1 DAGs
[2024-09-26T06:47:47.002+0000] {logging_mixin.py:190} INFO - [2024-09-26T06:47:47.002+0000] {dag.py:4156} INFO - Setting next_dagrun for dag_with_catchup_backfill_v01.3 to 2024-09-25 00:00:00+00:00, run_after=2024-09-26 00:00:00+00:00
[2024-09-26T06:47:47.030+0000] {processor.py:208} INFO - Processing /opt/airflow/dags/dag_with_catchup_and_backfill.py took 0.196 seconds
[2024-09-26T06:48:17.539+0000] {processor.py:186} INFO - Started process (PID=164498) to work on /opt/airflow/dags/dag_with_catchup_and_backfill.py
[2024-09-26T06:48:17.541+0000] {processor.py:914} INFO - Processing file /opt/airflow/dags/dag_with_catchup_and_backfill.py for tasks to queue
[2024-09-26T06:48:17.543+0000] {logging_mixin.py:190} INFO - [2024-09-26T06:48:17.543+0000] {dagbag.py:587} INFO - Filling up the DagBag from /opt/airflow/dags/dag_with_catchup_and_backfill.py
[2024-09-26T06:48:17.633+0000] {processor.py:925} INFO - DAG(s) 'dag_with_catchup_backfill_v01.3' retrieved from /opt/airflow/dags/dag_with_catchup_and_backfill.py
[2024-09-26T06:48:17.658+0000] {logging_mixin.py:190} INFO - [2024-09-26T06:48:17.658+0000] {dag.py:3229} INFO - Sync 1 DAGs
[2024-09-26T06:48:17.684+0000] {logging_mixin.py:190} INFO - [2024-09-26T06:48:17.683+0000] {dag.py:4156} INFO - Setting next_dagrun for dag_with_catchup_backfill_v01.3 to 2024-09-25 00:00:00+00:00, run_after=2024-09-26 00:00:00+00:00
[2024-09-26T06:48:17.711+0000] {processor.py:208} INFO - Processing /opt/airflow/dags/dag_with_catchup_and_backfill.py took 0.179 seconds
[2024-09-26T06:48:48.372+0000] {processor.py:186} INFO - Started process (PID=164541) to work on /opt/airflow/dags/dag_with_catchup_and_backfill.py
[2024-09-26T06:48:48.375+0000] {processor.py:914} INFO - Processing file /opt/airflow/dags/dag_with_catchup_and_backfill.py for tasks to queue
[2024-09-26T06:48:48.386+0000] {logging_mixin.py:190} INFO - [2024-09-26T06:48:48.386+0000] {dagbag.py:587} INFO - Filling up the DagBag from /opt/airflow/dags/dag_with_catchup_and_backfill.py
[2024-09-26T06:48:48.538+0000] {processor.py:925} INFO - DAG(s) 'dag_with_catchup_backfill_v01.3' retrieved from /opt/airflow/dags/dag_with_catchup_and_backfill.py
[2024-09-26T06:48:48.592+0000] {logging_mixin.py:190} INFO - [2024-09-26T06:48:48.592+0000] {dag.py:3229} INFO - Sync 1 DAGs
[2024-09-26T06:48:48.648+0000] {logging_mixin.py:190} INFO - [2024-09-26T06:48:48.647+0000] {dag.py:4156} INFO - Setting next_dagrun for dag_with_catchup_backfill_v01.3 to 2024-09-25 00:00:00+00:00, run_after=2024-09-26 00:00:00+00:00
[2024-09-26T06:48:48.705+0000] {processor.py:208} INFO - Processing /opt/airflow/dags/dag_with_catchup_and_backfill.py took 0.346 seconds
[2024-09-26T06:49:19.098+0000] {processor.py:186} INFO - Started process (PID=164584) to work on /opt/airflow/dags/dag_with_catchup_and_backfill.py
[2024-09-26T06:49:19.100+0000] {processor.py:914} INFO - Processing file /opt/airflow/dags/dag_with_catchup_and_backfill.py for tasks to queue
[2024-09-26T06:49:19.102+0000] {logging_mixin.py:190} INFO - [2024-09-26T06:49:19.101+0000] {dagbag.py:587} INFO - Filling up the DagBag from /opt/airflow/dags/dag_with_catchup_and_backfill.py
[2024-09-26T06:49:19.161+0000] {processor.py:925} INFO - DAG(s) 'dag_with_catchup_backfill_v01.3' retrieved from /opt/airflow/dags/dag_with_catchup_and_backfill.py
[2024-09-26T06:49:19.194+0000] {logging_mixin.py:190} INFO - [2024-09-26T06:49:19.194+0000] {dag.py:3229} INFO - Sync 1 DAGs
[2024-09-26T06:49:19.226+0000] {logging_mixin.py:190} INFO - [2024-09-26T06:49:19.226+0000] {dag.py:4156} INFO - Setting next_dagrun for dag_with_catchup_backfill_v01.3 to 2024-09-25 00:00:00+00:00, run_after=2024-09-26 00:00:00+00:00
[2024-09-26T06:49:19.256+0000] {processor.py:208} INFO - Processing /opt/airflow/dags/dag_with_catchup_and_backfill.py took 0.164 seconds
[2024-09-26T06:49:50.256+0000] {processor.py:186} INFO - Started process (PID=164627) to work on /opt/airflow/dags/dag_with_catchup_and_backfill.py
[2024-09-26T06:49:50.259+0000] {processor.py:914} INFO - Processing file /opt/airflow/dags/dag_with_catchup_and_backfill.py for tasks to queue
[2024-09-26T06:49:50.262+0000] {logging_mixin.py:190} INFO - [2024-09-26T06:49:50.262+0000] {dagbag.py:587} INFO - Filling up the DagBag from /opt/airflow/dags/dag_with_catchup_and_backfill.py
[2024-09-26T06:49:50.455+0000] {processor.py:925} INFO - DAG(s) 'dag_with_catchup_backfill_v01.3' retrieved from /opt/airflow/dags/dag_with_catchup_and_backfill.py
[2024-09-26T06:49:50.500+0000] {logging_mixin.py:190} INFO - [2024-09-26T06:49:50.500+0000] {dag.py:3229} INFO - Sync 1 DAGs
[2024-09-26T06:49:50.559+0000] {logging_mixin.py:190} INFO - [2024-09-26T06:49:50.558+0000] {dag.py:4156} INFO - Setting next_dagrun for dag_with_catchup_backfill_v01.3 to 2024-09-25 00:00:00+00:00, run_after=2024-09-26 00:00:00+00:00
[2024-09-26T06:49:50.614+0000] {processor.py:208} INFO - Processing /opt/airflow/dags/dag_with_catchup_and_backfill.py took 0.365 seconds
[2024-09-26T06:50:21.123+0000] {processor.py:186} INFO - Started process (PID=164670) to work on /opt/airflow/dags/dag_with_catchup_and_backfill.py
[2024-09-26T06:50:21.125+0000] {processor.py:914} INFO - Processing file /opt/airflow/dags/dag_with_catchup_and_backfill.py for tasks to queue
[2024-09-26T06:50:21.128+0000] {logging_mixin.py:190} INFO - [2024-09-26T06:50:21.128+0000] {dagbag.py:587} INFO - Filling up the DagBag from /opt/airflow/dags/dag_with_catchup_and_backfill.py
[2024-09-26T06:50:21.224+0000] {processor.py:925} INFO - DAG(s) 'dag_with_catchup_backfill_v01.3' retrieved from /opt/airflow/dags/dag_with_catchup_and_backfill.py
[2024-09-26T06:50:21.248+0000] {logging_mixin.py:190} INFO - [2024-09-26T06:50:21.247+0000] {dag.py:3229} INFO - Sync 1 DAGs
[2024-09-26T06:50:21.275+0000] {logging_mixin.py:190} INFO - [2024-09-26T06:50:21.275+0000] {dag.py:4156} INFO - Setting next_dagrun for dag_with_catchup_backfill_v01.3 to 2024-09-25 00:00:00+00:00, run_after=2024-09-26 00:00:00+00:00
[2024-09-26T06:50:21.302+0000] {processor.py:208} INFO - Processing /opt/airflow/dags/dag_with_catchup_and_backfill.py took 0.189 seconds
[2024-09-26T06:50:52.042+0000] {processor.py:186} INFO - Started process (PID=164713) to work on /opt/airflow/dags/dag_with_catchup_and_backfill.py
[2024-09-26T06:50:52.045+0000] {processor.py:914} INFO - Processing file /opt/airflow/dags/dag_with_catchup_and_backfill.py for tasks to queue
[2024-09-26T06:50:52.048+0000] {logging_mixin.py:190} INFO - [2024-09-26T06:50:52.047+0000] {dagbag.py:587} INFO - Filling up the DagBag from /opt/airflow/dags/dag_with_catchup_and_backfill.py
[2024-09-26T06:50:52.135+0000] {processor.py:925} INFO - DAG(s) 'dag_with_catchup_backfill_v01.3' retrieved from /opt/airflow/dags/dag_with_catchup_and_backfill.py
[2024-09-26T06:50:52.179+0000] {logging_mixin.py:190} INFO - [2024-09-26T06:50:52.179+0000] {dag.py:3229} INFO - Sync 1 DAGs
[2024-09-26T06:50:52.223+0000] {logging_mixin.py:190} INFO - [2024-09-26T06:50:52.222+0000] {dag.py:4156} INFO - Setting next_dagrun for dag_with_catchup_backfill_v01.3 to 2024-09-25 00:00:00+00:00, run_after=2024-09-26 00:00:00+00:00
[2024-09-26T06:50:52.277+0000] {processor.py:208} INFO - Processing /opt/airflow/dags/dag_with_catchup_and_backfill.py took 0.248 seconds
[2024-09-26T06:51:22.883+0000] {processor.py:186} INFO - Started process (PID=164756) to work on /opt/airflow/dags/dag_with_catchup_and_backfill.py
[2024-09-26T06:51:22.886+0000] {processor.py:914} INFO - Processing file /opt/airflow/dags/dag_with_catchup_and_backfill.py for tasks to queue
[2024-09-26T06:51:22.888+0000] {logging_mixin.py:190} INFO - [2024-09-26T06:51:22.887+0000] {dagbag.py:587} INFO - Filling up the DagBag from /opt/airflow/dags/dag_with_catchup_and_backfill.py
[2024-09-26T06:51:22.963+0000] {processor.py:925} INFO - DAG(s) 'dag_with_catchup_backfill_v01.3' retrieved from /opt/airflow/dags/dag_with_catchup_and_backfill.py
[2024-09-26T06:51:22.994+0000] {logging_mixin.py:190} INFO - [2024-09-26T06:51:22.994+0000] {dag.py:3229} INFO - Sync 1 DAGs
[2024-09-26T06:51:23.026+0000] {logging_mixin.py:190} INFO - [2024-09-26T06:51:23.026+0000] {dag.py:4156} INFO - Setting next_dagrun for dag_with_catchup_backfill_v01.3 to 2024-09-25 00:00:00+00:00, run_after=2024-09-26 00:00:00+00:00
[2024-09-26T06:51:23.055+0000] {processor.py:208} INFO - Processing /opt/airflow/dags/dag_with_catchup_and_backfill.py took 0.179 seconds
[2024-09-26T06:51:53.600+0000] {processor.py:186} INFO - Started process (PID=164799) to work on /opt/airflow/dags/dag_with_catchup_and_backfill.py
[2024-09-26T06:51:53.603+0000] {processor.py:914} INFO - Processing file /opt/airflow/dags/dag_with_catchup_and_backfill.py for tasks to queue
[2024-09-26T06:51:53.608+0000] {logging_mixin.py:190} INFO - [2024-09-26T06:51:53.607+0000] {dagbag.py:587} INFO - Filling up the DagBag from /opt/airflow/dags/dag_with_catchup_and_backfill.py
[2024-09-26T06:51:53.688+0000] {processor.py:925} INFO - DAG(s) 'dag_with_catchup_backfill_v01.3' retrieved from /opt/airflow/dags/dag_with_catchup_and_backfill.py
[2024-09-26T06:51:53.723+0000] {logging_mixin.py:190} INFO - [2024-09-26T06:51:53.722+0000] {dag.py:3229} INFO - Sync 1 DAGs
[2024-09-26T06:51:53.750+0000] {logging_mixin.py:190} INFO - [2024-09-26T06:51:53.750+0000] {dag.py:4156} INFO - Setting next_dagrun for dag_with_catchup_backfill_v01.3 to 2024-09-25 00:00:00+00:00, run_after=2024-09-26 00:00:00+00:00
[2024-09-26T06:51:53.776+0000] {processor.py:208} INFO - Processing /opt/airflow/dags/dag_with_catchup_and_backfill.py took 0.186 seconds
[2024-09-26T06:52:24.925+0000] {processor.py:186} INFO - Started process (PID=164842) to work on /opt/airflow/dags/dag_with_catchup_and_backfill.py
[2024-09-26T06:52:24.928+0000] {processor.py:914} INFO - Processing file /opt/airflow/dags/dag_with_catchup_and_backfill.py for tasks to queue
[2024-09-26T06:52:24.935+0000] {logging_mixin.py:190} INFO - [2024-09-26T06:52:24.934+0000] {dagbag.py:587} INFO - Filling up the DagBag from /opt/airflow/dags/dag_with_catchup_and_backfill.py
[2024-09-26T06:52:25.054+0000] {processor.py:925} INFO - DAG(s) 'dag_with_catchup_backfill_v01.3' retrieved from /opt/airflow/dags/dag_with_catchup_and_backfill.py
[2024-09-26T06:52:25.097+0000] {logging_mixin.py:190} INFO - [2024-09-26T06:52:25.096+0000] {dag.py:3229} INFO - Sync 1 DAGs
[2024-09-26T06:52:25.120+0000] {logging_mixin.py:190} INFO - [2024-09-26T06:52:25.120+0000] {dag.py:4156} INFO - Setting next_dagrun for dag_with_catchup_backfill_v01.3 to 2024-09-25 00:00:00+00:00, run_after=2024-09-26 00:00:00+00:00
[2024-09-26T06:52:25.145+0000] {processor.py:208} INFO - Processing /opt/airflow/dags/dag_with_catchup_and_backfill.py took 0.238 seconds
[2024-09-26T06:52:55.450+0000] {processor.py:186} INFO - Started process (PID=164885) to work on /opt/airflow/dags/dag_with_catchup_and_backfill.py
[2024-09-26T06:52:55.451+0000] {processor.py:914} INFO - Processing file /opt/airflow/dags/dag_with_catchup_and_backfill.py for tasks to queue
[2024-09-26T06:52:55.453+0000] {logging_mixin.py:190} INFO - [2024-09-26T06:52:55.453+0000] {dagbag.py:587} INFO - Filling up the DagBag from /opt/airflow/dags/dag_with_catchup_and_backfill.py
[2024-09-26T06:52:55.525+0000] {processor.py:925} INFO - DAG(s) 'dag_with_catchup_backfill_v01.3' retrieved from /opt/airflow/dags/dag_with_catchup_and_backfill.py
[2024-09-26T06:52:55.554+0000] {logging_mixin.py:190} INFO - [2024-09-26T06:52:55.554+0000] {dag.py:3229} INFO - Sync 1 DAGs
[2024-09-26T06:52:55.583+0000] {logging_mixin.py:190} INFO - [2024-09-26T06:52:55.583+0000] {dag.py:4156} INFO - Setting next_dagrun for dag_with_catchup_backfill_v01.3 to 2024-09-25 00:00:00+00:00, run_after=2024-09-26 00:00:00+00:00
[2024-09-26T06:52:55.631+0000] {processor.py:208} INFO - Processing /opt/airflow/dags/dag_with_catchup_and_backfill.py took 0.186 seconds
