[2024-09-26T00:00:25.315+0000] {processor.py:186} INFO - Started process (PID=130223) to work on /opt/airflow/dags/deck_with_cron_expression.py
[2024-09-26T00:00:25.317+0000] {processor.py:914} INFO - Processing file /opt/airflow/dags/deck_with_cron_expression.py for tasks to queue
[2024-09-26T00:00:25.319+0000] {logging_mixin.py:190} INFO - [2024-09-26T00:00:25.318+0000] {dagbag.py:587} INFO - Filling up the DagBag from /opt/airflow/dags/deck_with_cron_expression.py
[2024-09-26T00:00:25.435+0000] {processor.py:925} INFO - DAG(s) 'schedule_with_cron_expression_v03' retrieved from /opt/airflow/dags/deck_with_cron_expression.py
[2024-09-26T00:00:25.475+0000] {logging_mixin.py:190} INFO - [2024-09-26T00:00:25.475+0000] {dag.py:3229} INFO - Sync 1 DAGs
[2024-09-26T00:00:25.499+0000] {logging_mixin.py:190} INFO - [2024-09-26T00:00:25.499+0000] {dag.py:4156} INFO - Setting next_dagrun for schedule_with_cron_expression_v03 to 2024-09-12 03:00:00+00:00, run_after=2024-09-13 03:00:00+00:00
[2024-09-26T00:00:25.527+0000] {processor.py:208} INFO - Processing /opt/airflow/dags/deck_with_cron_expression.py took 0.218 seconds
[2024-09-26T00:00:55.706+0000] {processor.py:186} INFO - Started process (PID=130264) to work on /opt/airflow/dags/deck_with_cron_expression.py
[2024-09-26T00:00:55.708+0000] {processor.py:914} INFO - Processing file /opt/airflow/dags/deck_with_cron_expression.py for tasks to queue
[2024-09-26T00:00:55.710+0000] {logging_mixin.py:190} INFO - [2024-09-26T00:00:55.709+0000] {dagbag.py:587} INFO - Filling up the DagBag from /opt/airflow/dags/deck_with_cron_expression.py
[2024-09-26T00:00:55.818+0000] {processor.py:925} INFO - DAG(s) 'schedule_with_cron_expression_v03' retrieved from /opt/airflow/dags/deck_with_cron_expression.py
[2024-09-26T00:00:55.842+0000] {logging_mixin.py:190} INFO - [2024-09-26T00:00:55.841+0000] {dag.py:3229} INFO - Sync 1 DAGs
[2024-09-26T00:00:55.865+0000] {logging_mixin.py:190} INFO - [2024-09-26T00:00:55.865+0000] {dag.py:4156} INFO - Setting next_dagrun for schedule_with_cron_expression_v03 to 2024-09-12 03:00:00+00:00, run_after=2024-09-13 03:00:00+00:00
[2024-09-26T00:00:55.889+0000] {processor.py:208} INFO - Processing /opt/airflow/dags/deck_with_cron_expression.py took 0.194 seconds
[2024-09-26T00:01:26.226+0000] {processor.py:186} INFO - Started process (PID=130307) to work on /opt/airflow/dags/deck_with_cron_expression.py
[2024-09-26T00:01:26.228+0000] {processor.py:914} INFO - Processing file /opt/airflow/dags/deck_with_cron_expression.py for tasks to queue
[2024-09-26T00:01:26.230+0000] {logging_mixin.py:190} INFO - [2024-09-26T00:01:26.230+0000] {dagbag.py:587} INFO - Filling up the DagBag from /opt/airflow/dags/deck_with_cron_expression.py
[2024-09-26T00:01:26.309+0000] {processor.py:925} INFO - DAG(s) 'schedule_with_cron_expression_v03' retrieved from /opt/airflow/dags/deck_with_cron_expression.py
[2024-09-26T00:01:26.335+0000] {logging_mixin.py:190} INFO - [2024-09-26T00:01:26.335+0000] {dag.py:3229} INFO - Sync 1 DAGs
[2024-09-26T00:01:26.358+0000] {logging_mixin.py:190} INFO - [2024-09-26T00:01:26.357+0000] {dag.py:4156} INFO - Setting next_dagrun for schedule_with_cron_expression_v03 to 2024-09-12 03:00:00+00:00, run_after=2024-09-13 03:00:00+00:00
[2024-09-26T00:01:26.387+0000] {processor.py:208} INFO - Processing /opt/airflow/dags/deck_with_cron_expression.py took 0.169 seconds
[2024-09-26T00:01:56.857+0000] {processor.py:186} INFO - Started process (PID=130350) to work on /opt/airflow/dags/deck_with_cron_expression.py
[2024-09-26T00:01:56.860+0000] {processor.py:914} INFO - Processing file /opt/airflow/dags/deck_with_cron_expression.py for tasks to queue
[2024-09-26T00:01:56.863+0000] {logging_mixin.py:190} INFO - [2024-09-26T00:01:56.863+0000] {dagbag.py:587} INFO - Filling up the DagBag from /opt/airflow/dags/deck_with_cron_expression.py
[2024-09-26T00:01:56.967+0000] {processor.py:925} INFO - DAG(s) 'schedule_with_cron_expression_v03' retrieved from /opt/airflow/dags/deck_with_cron_expression.py
[2024-09-26T00:01:57.000+0000] {logging_mixin.py:190} INFO - [2024-09-26T00:01:57.000+0000] {dag.py:3229} INFO - Sync 1 DAGs
[2024-09-26T00:01:57.025+0000] {logging_mixin.py:190} INFO - [2024-09-26T00:01:57.024+0000] {dag.py:4156} INFO - Setting next_dagrun for schedule_with_cron_expression_v03 to 2024-09-12 03:00:00+00:00, run_after=2024-09-13 03:00:00+00:00
[2024-09-26T00:01:57.047+0000] {processor.py:208} INFO - Processing /opt/airflow/dags/deck_with_cron_expression.py took 0.203 seconds
[2024-09-26T00:02:27.424+0000] {processor.py:186} INFO - Started process (PID=130393) to work on /opt/airflow/dags/deck_with_cron_expression.py
[2024-09-26T00:02:27.427+0000] {processor.py:914} INFO - Processing file /opt/airflow/dags/deck_with_cron_expression.py for tasks to queue
[2024-09-26T00:02:27.432+0000] {logging_mixin.py:190} INFO - [2024-09-26T00:02:27.431+0000] {dagbag.py:587} INFO - Filling up the DagBag from /opt/airflow/dags/deck_with_cron_expression.py
[2024-09-26T00:02:27.534+0000] {processor.py:925} INFO - DAG(s) 'schedule_with_cron_expression_v03' retrieved from /opt/airflow/dags/deck_with_cron_expression.py
[2024-09-26T00:02:27.561+0000] {logging_mixin.py:190} INFO - [2024-09-26T00:02:27.560+0000] {dag.py:3229} INFO - Sync 1 DAGs
[2024-09-26T00:02:27.583+0000] {logging_mixin.py:190} INFO - [2024-09-26T00:02:27.583+0000] {dag.py:4156} INFO - Setting next_dagrun for schedule_with_cron_expression_v03 to 2024-09-12 03:00:00+00:00, run_after=2024-09-13 03:00:00+00:00
[2024-09-26T00:02:27.608+0000] {processor.py:208} INFO - Processing /opt/airflow/dags/deck_with_cron_expression.py took 0.192 seconds
[2024-09-26T00:02:58.280+0000] {processor.py:186} INFO - Started process (PID=130436) to work on /opt/airflow/dags/deck_with_cron_expression.py
[2024-09-26T00:02:58.282+0000] {processor.py:914} INFO - Processing file /opt/airflow/dags/deck_with_cron_expression.py for tasks to queue
[2024-09-26T00:02:58.284+0000] {logging_mixin.py:190} INFO - [2024-09-26T00:02:58.284+0000] {dagbag.py:587} INFO - Filling up the DagBag from /opt/airflow/dags/deck_with_cron_expression.py
[2024-09-26T00:02:58.384+0000] {processor.py:925} INFO - DAG(s) 'schedule_with_cron_expression_v03' retrieved from /opt/airflow/dags/deck_with_cron_expression.py
[2024-09-26T00:02:58.410+0000] {logging_mixin.py:190} INFO - [2024-09-26T00:02:58.409+0000] {dag.py:3229} INFO - Sync 1 DAGs
[2024-09-26T00:02:58.432+0000] {logging_mixin.py:190} INFO - [2024-09-26T00:02:58.431+0000] {dag.py:4156} INFO - Setting next_dagrun for schedule_with_cron_expression_v03 to 2024-09-12 03:00:00+00:00, run_after=2024-09-13 03:00:00+00:00
[2024-09-26T00:02:58.457+0000] {processor.py:208} INFO - Processing /opt/airflow/dags/deck_with_cron_expression.py took 0.184 seconds
[2024-09-26T00:03:29.047+0000] {processor.py:186} INFO - Started process (PID=130479) to work on /opt/airflow/dags/deck_with_cron_expression.py
[2024-09-26T00:03:29.048+0000] {processor.py:914} INFO - Processing file /opt/airflow/dags/deck_with_cron_expression.py for tasks to queue
[2024-09-26T00:03:29.050+0000] {logging_mixin.py:190} INFO - [2024-09-26T00:03:29.050+0000] {dagbag.py:587} INFO - Filling up the DagBag from /opt/airflow/dags/deck_with_cron_expression.py
[2024-09-26T00:03:29.105+0000] {processor.py:925} INFO - DAG(s) 'schedule_with_cron_expression_v03' retrieved from /opt/airflow/dags/deck_with_cron_expression.py
[2024-09-26T00:03:29.139+0000] {logging_mixin.py:190} INFO - [2024-09-26T00:03:29.139+0000] {dag.py:3229} INFO - Sync 1 DAGs
[2024-09-26T00:03:29.166+0000] {logging_mixin.py:190} INFO - [2024-09-26T00:03:29.165+0000] {dag.py:4156} INFO - Setting next_dagrun for schedule_with_cron_expression_v03 to 2024-09-12 03:00:00+00:00, run_after=2024-09-13 03:00:00+00:00
[2024-09-26T00:03:29.193+0000] {processor.py:208} INFO - Processing /opt/airflow/dags/deck_with_cron_expression.py took 0.153 seconds
[2024-09-26T00:03:59.718+0000] {processor.py:186} INFO - Started process (PID=130522) to work on /opt/airflow/dags/deck_with_cron_expression.py
[2024-09-26T00:03:59.720+0000] {processor.py:914} INFO - Processing file /opt/airflow/dags/deck_with_cron_expression.py for tasks to queue
[2024-09-26T00:03:59.723+0000] {logging_mixin.py:190} INFO - [2024-09-26T00:03:59.722+0000] {dagbag.py:587} INFO - Filling up the DagBag from /opt/airflow/dags/deck_with_cron_expression.py
[2024-09-26T00:03:59.834+0000] {processor.py:925} INFO - DAG(s) 'schedule_with_cron_expression_v03' retrieved from /opt/airflow/dags/deck_with_cron_expression.py
[2024-09-26T00:03:59.859+0000] {logging_mixin.py:190} INFO - [2024-09-26T00:03:59.859+0000] {dag.py:3229} INFO - Sync 1 DAGs
[2024-09-26T00:03:59.880+0000] {logging_mixin.py:190} INFO - [2024-09-26T00:03:59.880+0000] {dag.py:4156} INFO - Setting next_dagrun for schedule_with_cron_expression_v03 to 2024-09-12 03:00:00+00:00, run_after=2024-09-13 03:00:00+00:00
[2024-09-26T00:03:59.905+0000] {processor.py:208} INFO - Processing /opt/airflow/dags/deck_with_cron_expression.py took 0.197 seconds
[2024-09-26T00:04:30.482+0000] {processor.py:186} INFO - Started process (PID=130565) to work on /opt/airflow/dags/deck_with_cron_expression.py
[2024-09-26T00:04:30.484+0000] {processor.py:914} INFO - Processing file /opt/airflow/dags/deck_with_cron_expression.py for tasks to queue
[2024-09-26T00:04:30.487+0000] {logging_mixin.py:190} INFO - [2024-09-26T00:04:30.486+0000] {dagbag.py:587} INFO - Filling up the DagBag from /opt/airflow/dags/deck_with_cron_expression.py
[2024-09-26T00:04:30.620+0000] {processor.py:925} INFO - DAG(s) 'schedule_with_cron_expression_v03' retrieved from /opt/airflow/dags/deck_with_cron_expression.py
[2024-09-26T00:04:30.672+0000] {logging_mixin.py:190} INFO - [2024-09-26T00:04:30.672+0000] {dag.py:3229} INFO - Sync 1 DAGs
[2024-09-26T00:04:30.704+0000] {logging_mixin.py:190} INFO - [2024-09-26T00:04:30.704+0000] {dag.py:4156} INFO - Setting next_dagrun for schedule_with_cron_expression_v03 to 2024-09-12 03:00:00+00:00, run_after=2024-09-13 03:00:00+00:00
[2024-09-26T00:04:30.738+0000] {processor.py:208} INFO - Processing /opt/airflow/dags/deck_with_cron_expression.py took 0.269 seconds
[2024-09-26T00:05:01.041+0000] {processor.py:186} INFO - Started process (PID=130608) to work on /opt/airflow/dags/deck_with_cron_expression.py
[2024-09-26T00:05:01.042+0000] {processor.py:914} INFO - Processing file /opt/airflow/dags/deck_with_cron_expression.py for tasks to queue
[2024-09-26T00:05:01.046+0000] {logging_mixin.py:190} INFO - [2024-09-26T00:05:01.045+0000] {dagbag.py:587} INFO - Filling up the DagBag from /opt/airflow/dags/deck_with_cron_expression.py
[2024-09-26T00:05:01.108+0000] {processor.py:925} INFO - DAG(s) 'schedule_with_cron_expression_v03' retrieved from /opt/airflow/dags/deck_with_cron_expression.py
[2024-09-26T00:05:01.134+0000] {logging_mixin.py:190} INFO - [2024-09-26T00:05:01.134+0000] {dag.py:3229} INFO - Sync 1 DAGs
[2024-09-26T00:05:01.160+0000] {logging_mixin.py:190} INFO - [2024-09-26T00:05:01.160+0000] {dag.py:4156} INFO - Setting next_dagrun for schedule_with_cron_expression_v03 to 2024-09-12 03:00:00+00:00, run_after=2024-09-13 03:00:00+00:00
[2024-09-26T00:05:01.188+0000] {processor.py:208} INFO - Processing /opt/airflow/dags/deck_with_cron_expression.py took 0.154 seconds
[2024-09-26T00:05:31.808+0000] {processor.py:186} INFO - Started process (PID=130651) to work on /opt/airflow/dags/deck_with_cron_expression.py
[2024-09-26T00:05:31.809+0000] {processor.py:914} INFO - Processing file /opt/airflow/dags/deck_with_cron_expression.py for tasks to queue
[2024-09-26T00:05:31.811+0000] {logging_mixin.py:190} INFO - [2024-09-26T00:05:31.811+0000] {dagbag.py:587} INFO - Filling up the DagBag from /opt/airflow/dags/deck_with_cron_expression.py
[2024-09-26T00:05:31.911+0000] {processor.py:925} INFO - DAG(s) 'schedule_with_cron_expression_v03' retrieved from /opt/airflow/dags/deck_with_cron_expression.py
[2024-09-26T00:05:31.938+0000] {logging_mixin.py:190} INFO - [2024-09-26T00:05:31.937+0000] {dag.py:3229} INFO - Sync 1 DAGs
[2024-09-26T00:05:31.957+0000] {logging_mixin.py:190} INFO - [2024-09-26T00:05:31.957+0000] {dag.py:4156} INFO - Setting next_dagrun for schedule_with_cron_expression_v03 to 2024-09-12 03:00:00+00:00, run_after=2024-09-13 03:00:00+00:00
[2024-09-26T00:05:31.983+0000] {processor.py:208} INFO - Processing /opt/airflow/dags/deck_with_cron_expression.py took 0.183 seconds
[2024-09-26T00:06:02.414+0000] {processor.py:186} INFO - Started process (PID=130694) to work on /opt/airflow/dags/deck_with_cron_expression.py
[2024-09-26T00:06:02.415+0000] {processor.py:914} INFO - Processing file /opt/airflow/dags/deck_with_cron_expression.py for tasks to queue
[2024-09-26T00:06:02.418+0000] {logging_mixin.py:190} INFO - [2024-09-26T00:06:02.417+0000] {dagbag.py:587} INFO - Filling up the DagBag from /opt/airflow/dags/deck_with_cron_expression.py
[2024-09-26T00:06:02.504+0000] {processor.py:925} INFO - DAG(s) 'schedule_with_cron_expression_v03' retrieved from /opt/airflow/dags/deck_with_cron_expression.py
[2024-09-26T00:06:02.530+0000] {logging_mixin.py:190} INFO - [2024-09-26T00:06:02.530+0000] {dag.py:3229} INFO - Sync 1 DAGs
[2024-09-26T00:06:02.557+0000] {logging_mixin.py:190} INFO - [2024-09-26T00:06:02.557+0000] {dag.py:4156} INFO - Setting next_dagrun for schedule_with_cron_expression_v03 to 2024-09-12 03:00:00+00:00, run_after=2024-09-13 03:00:00+00:00
[2024-09-26T00:06:02.584+0000] {processor.py:208} INFO - Processing /opt/airflow/dags/deck_with_cron_expression.py took 0.176 seconds
[2024-09-26T00:06:32.992+0000] {processor.py:186} INFO - Started process (PID=130737) to work on /opt/airflow/dags/deck_with_cron_expression.py
[2024-09-26T00:06:32.994+0000] {processor.py:914} INFO - Processing file /opt/airflow/dags/deck_with_cron_expression.py for tasks to queue
[2024-09-26T00:06:32.996+0000] {logging_mixin.py:190} INFO - [2024-09-26T00:06:32.996+0000] {dagbag.py:587} INFO - Filling up the DagBag from /opt/airflow/dags/deck_with_cron_expression.py
[2024-09-26T00:06:33.095+0000] {processor.py:925} INFO - DAG(s) 'schedule_with_cron_expression_v03' retrieved from /opt/airflow/dags/deck_with_cron_expression.py
[2024-09-26T00:06:33.122+0000] {logging_mixin.py:190} INFO - [2024-09-26T00:06:33.121+0000] {dag.py:3229} INFO - Sync 1 DAGs
[2024-09-26T00:06:33.143+0000] {logging_mixin.py:190} INFO - [2024-09-26T00:06:33.142+0000] {dag.py:4156} INFO - Setting next_dagrun for schedule_with_cron_expression_v03 to 2024-09-12 03:00:00+00:00, run_after=2024-09-13 03:00:00+00:00
[2024-09-26T00:06:33.169+0000] {processor.py:208} INFO - Processing /opt/airflow/dags/deck_with_cron_expression.py took 0.184 seconds
[2024-09-26T00:07:03.672+0000] {processor.py:186} INFO - Started process (PID=130780) to work on /opt/airflow/dags/deck_with_cron_expression.py
[2024-09-26T00:07:03.676+0000] {processor.py:914} INFO - Processing file /opt/airflow/dags/deck_with_cron_expression.py for tasks to queue
[2024-09-26T00:07:03.679+0000] {logging_mixin.py:190} INFO - [2024-09-26T00:07:03.678+0000] {dagbag.py:587} INFO - Filling up the DagBag from /opt/airflow/dags/deck_with_cron_expression.py
[2024-09-26T00:07:03.796+0000] {processor.py:925} INFO - DAG(s) 'schedule_with_cron_expression_v03' retrieved from /opt/airflow/dags/deck_with_cron_expression.py
[2024-09-26T00:07:03.838+0000] {logging_mixin.py:190} INFO - [2024-09-26T00:07:03.838+0000] {dag.py:3229} INFO - Sync 1 DAGs
[2024-09-26T00:07:03.873+0000] {logging_mixin.py:190} INFO - [2024-09-26T00:07:03.873+0000] {dag.py:4156} INFO - Setting next_dagrun for schedule_with_cron_expression_v03 to 2024-09-12 03:00:00+00:00, run_after=2024-09-13 03:00:00+00:00
[2024-09-26T00:07:03.921+0000] {processor.py:208} INFO - Processing /opt/airflow/dags/deck_with_cron_expression.py took 0.258 seconds
[2024-09-26T00:07:34.399+0000] {processor.py:186} INFO - Started process (PID=130823) to work on /opt/airflow/dags/deck_with_cron_expression.py
[2024-09-26T00:07:34.401+0000] {processor.py:914} INFO - Processing file /opt/airflow/dags/deck_with_cron_expression.py for tasks to queue
[2024-09-26T00:07:34.403+0000] {logging_mixin.py:190} INFO - [2024-09-26T00:07:34.403+0000] {dagbag.py:587} INFO - Filling up the DagBag from /opt/airflow/dags/deck_with_cron_expression.py
[2024-09-26T00:07:34.504+0000] {processor.py:925} INFO - DAG(s) 'schedule_with_cron_expression_v03' retrieved from /opt/airflow/dags/deck_with_cron_expression.py
[2024-09-26T00:07:34.532+0000] {logging_mixin.py:190} INFO - [2024-09-26T00:07:34.532+0000] {dag.py:3229} INFO - Sync 1 DAGs
[2024-09-26T00:07:34.555+0000] {logging_mixin.py:190} INFO - [2024-09-26T00:07:34.555+0000] {dag.py:4156} INFO - Setting next_dagrun for schedule_with_cron_expression_v03 to 2024-09-12 03:00:00+00:00, run_after=2024-09-13 03:00:00+00:00
[2024-09-26T00:07:34.580+0000] {processor.py:208} INFO - Processing /opt/airflow/dags/deck_with_cron_expression.py took 0.191 seconds
[2024-09-26T00:08:05.134+0000] {processor.py:186} INFO - Started process (PID=130866) to work on /opt/airflow/dags/deck_with_cron_expression.py
[2024-09-26T00:08:05.136+0000] {processor.py:914} INFO - Processing file /opt/airflow/dags/deck_with_cron_expression.py for tasks to queue
[2024-09-26T00:08:05.139+0000] {logging_mixin.py:190} INFO - [2024-09-26T00:08:05.138+0000] {dagbag.py:587} INFO - Filling up the DagBag from /opt/airflow/dags/deck_with_cron_expression.py
[2024-09-26T00:08:05.219+0000] {processor.py:925} INFO - DAG(s) 'schedule_with_cron_expression_v03' retrieved from /opt/airflow/dags/deck_with_cron_expression.py
[2024-09-26T00:08:05.256+0000] {logging_mixin.py:190} INFO - [2024-09-26T00:08:05.255+0000] {dag.py:3229} INFO - Sync 1 DAGs
[2024-09-26T00:08:05.279+0000] {logging_mixin.py:190} INFO - [2024-09-26T00:08:05.279+0000] {dag.py:4156} INFO - Setting next_dagrun for schedule_with_cron_expression_v03 to 2024-09-12 03:00:00+00:00, run_after=2024-09-13 03:00:00+00:00
[2024-09-26T00:08:05.300+0000] {processor.py:208} INFO - Processing /opt/airflow/dags/deck_with_cron_expression.py took 0.181 seconds
[2024-09-26T00:08:35.653+0000] {processor.py:186} INFO - Started process (PID=130909) to work on /opt/airflow/dags/deck_with_cron_expression.py
[2024-09-26T00:08:35.654+0000] {processor.py:914} INFO - Processing file /opt/airflow/dags/deck_with_cron_expression.py for tasks to queue
[2024-09-26T00:08:35.656+0000] {logging_mixin.py:190} INFO - [2024-09-26T00:08:35.656+0000] {dagbag.py:587} INFO - Filling up the DagBag from /opt/airflow/dags/deck_with_cron_expression.py
[2024-09-26T00:08:35.727+0000] {processor.py:925} INFO - DAG(s) 'schedule_with_cron_expression_v03' retrieved from /opt/airflow/dags/deck_with_cron_expression.py
[2024-09-26T00:08:35.759+0000] {logging_mixin.py:190} INFO - [2024-09-26T00:08:35.759+0000] {dag.py:3229} INFO - Sync 1 DAGs
[2024-09-26T00:08:35.794+0000] {logging_mixin.py:190} INFO - [2024-09-26T00:08:35.794+0000] {dag.py:4156} INFO - Setting next_dagrun for schedule_with_cron_expression_v03 to 2024-09-12 03:00:00+00:00, run_after=2024-09-13 03:00:00+00:00
[2024-09-26T00:08:35.821+0000] {processor.py:208} INFO - Processing /opt/airflow/dags/deck_with_cron_expression.py took 0.174 seconds
[2024-09-26T00:09:06.223+0000] {processor.py:186} INFO - Started process (PID=130952) to work on /opt/airflow/dags/deck_with_cron_expression.py
[2024-09-26T00:09:06.224+0000] {processor.py:914} INFO - Processing file /opt/airflow/dags/deck_with_cron_expression.py for tasks to queue
[2024-09-26T00:09:06.226+0000] {logging_mixin.py:190} INFO - [2024-09-26T00:09:06.225+0000] {dagbag.py:587} INFO - Filling up the DagBag from /opt/airflow/dags/deck_with_cron_expression.py
[2024-09-26T00:09:06.309+0000] {processor.py:925} INFO - DAG(s) 'schedule_with_cron_expression_v03' retrieved from /opt/airflow/dags/deck_with_cron_expression.py
[2024-09-26T00:09:06.333+0000] {logging_mixin.py:190} INFO - [2024-09-26T00:09:06.333+0000] {dag.py:3229} INFO - Sync 1 DAGs
[2024-09-26T00:09:06.356+0000] {logging_mixin.py:190} INFO - [2024-09-26T00:09:06.356+0000] {dag.py:4156} INFO - Setting next_dagrun for schedule_with_cron_expression_v03 to 2024-09-12 03:00:00+00:00, run_after=2024-09-13 03:00:00+00:00
[2024-09-26T00:09:06.378+0000] {processor.py:208} INFO - Processing /opt/airflow/dags/deck_with_cron_expression.py took 0.162 seconds
[2024-09-26T00:09:36.985+0000] {processor.py:186} INFO - Started process (PID=130995) to work on /opt/airflow/dags/deck_with_cron_expression.py
[2024-09-26T00:09:36.987+0000] {processor.py:914} INFO - Processing file /opt/airflow/dags/deck_with_cron_expression.py for tasks to queue
[2024-09-26T00:09:36.989+0000] {logging_mixin.py:190} INFO - [2024-09-26T00:09:36.988+0000] {dagbag.py:587} INFO - Filling up the DagBag from /opt/airflow/dags/deck_with_cron_expression.py
[2024-09-26T00:09:37.048+0000] {processor.py:925} INFO - DAG(s) 'schedule_with_cron_expression_v03' retrieved from /opt/airflow/dags/deck_with_cron_expression.py
[2024-09-26T00:09:37.073+0000] {logging_mixin.py:190} INFO - [2024-09-26T00:09:37.072+0000] {dag.py:3229} INFO - Sync 1 DAGs
[2024-09-26T00:09:37.095+0000] {logging_mixin.py:190} INFO - [2024-09-26T00:09:37.095+0000] {dag.py:4156} INFO - Setting next_dagrun for schedule_with_cron_expression_v03 to 2024-09-12 03:00:00+00:00, run_after=2024-09-13 03:00:00+00:00
[2024-09-26T00:09:37.118+0000] {processor.py:208} INFO - Processing /opt/airflow/dags/deck_with_cron_expression.py took 0.138 seconds
[2024-09-26T00:10:07.537+0000] {processor.py:186} INFO - Started process (PID=131038) to work on /opt/airflow/dags/deck_with_cron_expression.py
[2024-09-26T00:10:07.539+0000] {processor.py:914} INFO - Processing file /opt/airflow/dags/deck_with_cron_expression.py for tasks to queue
[2024-09-26T00:10:07.541+0000] {logging_mixin.py:190} INFO - [2024-09-26T00:10:07.541+0000] {dagbag.py:587} INFO - Filling up the DagBag from /opt/airflow/dags/deck_with_cron_expression.py
[2024-09-26T00:10:07.640+0000] {processor.py:925} INFO - DAG(s) 'schedule_with_cron_expression_v03' retrieved from /opt/airflow/dags/deck_with_cron_expression.py
[2024-09-26T00:10:07.665+0000] {logging_mixin.py:190} INFO - [2024-09-26T00:10:07.665+0000] {dag.py:3229} INFO - Sync 1 DAGs
[2024-09-26T00:10:07.686+0000] {logging_mixin.py:190} INFO - [2024-09-26T00:10:07.686+0000] {dag.py:4156} INFO - Setting next_dagrun for schedule_with_cron_expression_v03 to 2024-09-12 03:00:00+00:00, run_after=2024-09-13 03:00:00+00:00
[2024-09-26T00:10:07.708+0000] {processor.py:208} INFO - Processing /opt/airflow/dags/deck_with_cron_expression.py took 0.182 seconds
[2024-09-26T00:10:38.094+0000] {processor.py:186} INFO - Started process (PID=131081) to work on /opt/airflow/dags/deck_with_cron_expression.py
[2024-09-26T00:10:38.096+0000] {processor.py:914} INFO - Processing file /opt/airflow/dags/deck_with_cron_expression.py for tasks to queue
[2024-09-26T00:10:38.098+0000] {logging_mixin.py:190} INFO - [2024-09-26T00:10:38.098+0000] {dagbag.py:587} INFO - Filling up the DagBag from /opt/airflow/dags/deck_with_cron_expression.py
[2024-09-26T00:10:38.179+0000] {processor.py:925} INFO - DAG(s) 'schedule_with_cron_expression_v03' retrieved from /opt/airflow/dags/deck_with_cron_expression.py
[2024-09-26T00:10:38.207+0000] {logging_mixin.py:190} INFO - [2024-09-26T00:10:38.206+0000] {dag.py:3229} INFO - Sync 1 DAGs
[2024-09-26T00:10:38.232+0000] {logging_mixin.py:190} INFO - [2024-09-26T00:10:38.232+0000] {dag.py:4156} INFO - Setting next_dagrun for schedule_with_cron_expression_v03 to 2024-09-12 03:00:00+00:00, run_after=2024-09-13 03:00:00+00:00
[2024-09-26T00:10:38.257+0000] {processor.py:208} INFO - Processing /opt/airflow/dags/deck_with_cron_expression.py took 0.169 seconds
[2024-09-26T00:11:08.531+0000] {processor.py:186} INFO - Started process (PID=131124) to work on /opt/airflow/dags/deck_with_cron_expression.py
[2024-09-26T00:11:08.532+0000] {processor.py:914} INFO - Processing file /opt/airflow/dags/deck_with_cron_expression.py for tasks to queue
[2024-09-26T00:11:08.534+0000] {logging_mixin.py:190} INFO - [2024-09-26T00:11:08.533+0000] {dagbag.py:587} INFO - Filling up the DagBag from /opt/airflow/dags/deck_with_cron_expression.py
[2024-09-26T00:11:08.606+0000] {processor.py:925} INFO - DAG(s) 'schedule_with_cron_expression_v03' retrieved from /opt/airflow/dags/deck_with_cron_expression.py
[2024-09-26T00:11:08.630+0000] {logging_mixin.py:190} INFO - [2024-09-26T00:11:08.630+0000] {dag.py:3229} INFO - Sync 1 DAGs
[2024-09-26T00:11:08.651+0000] {logging_mixin.py:190} INFO - [2024-09-26T00:11:08.651+0000] {dag.py:4156} INFO - Setting next_dagrun for schedule_with_cron_expression_v03 to 2024-09-12 03:00:00+00:00, run_after=2024-09-13 03:00:00+00:00
[2024-09-26T00:11:08.675+0000] {processor.py:208} INFO - Processing /opt/airflow/dags/deck_with_cron_expression.py took 0.150 seconds
[2024-09-26T00:11:38.957+0000] {processor.py:186} INFO - Started process (PID=131167) to work on /opt/airflow/dags/deck_with_cron_expression.py
[2024-09-26T00:11:38.959+0000] {processor.py:914} INFO - Processing file /opt/airflow/dags/deck_with_cron_expression.py for tasks to queue
[2024-09-26T00:11:38.961+0000] {logging_mixin.py:190} INFO - [2024-09-26T00:11:38.960+0000] {dagbag.py:587} INFO - Filling up the DagBag from /opt/airflow/dags/deck_with_cron_expression.py
[2024-09-26T00:11:39.048+0000] {processor.py:925} INFO - DAG(s) 'schedule_with_cron_expression_v03' retrieved from /opt/airflow/dags/deck_with_cron_expression.py
[2024-09-26T00:11:39.075+0000] {logging_mixin.py:190} INFO - [2024-09-26T00:11:39.075+0000] {dag.py:3229} INFO - Sync 1 DAGs
[2024-09-26T00:11:39.100+0000] {logging_mixin.py:190} INFO - [2024-09-26T00:11:39.099+0000] {dag.py:4156} INFO - Setting next_dagrun for schedule_with_cron_expression_v03 to 2024-09-12 03:00:00+00:00, run_after=2024-09-13 03:00:00+00:00
[2024-09-26T00:11:39.126+0000] {processor.py:208} INFO - Processing /opt/airflow/dags/deck_with_cron_expression.py took 0.174 seconds
[2024-09-26T00:12:09.619+0000] {processor.py:186} INFO - Started process (PID=131210) to work on /opt/airflow/dags/deck_with_cron_expression.py
[2024-09-26T00:12:09.620+0000] {processor.py:914} INFO - Processing file /opt/airflow/dags/deck_with_cron_expression.py for tasks to queue
[2024-09-26T00:12:09.622+0000] {logging_mixin.py:190} INFO - [2024-09-26T00:12:09.622+0000] {dagbag.py:587} INFO - Filling up the DagBag from /opt/airflow/dags/deck_with_cron_expression.py
[2024-09-26T00:12:09.711+0000] {processor.py:925} INFO - DAG(s) 'schedule_with_cron_expression_v03' retrieved from /opt/airflow/dags/deck_with_cron_expression.py
[2024-09-26T00:12:09.738+0000] {logging_mixin.py:190} INFO - [2024-09-26T00:12:09.737+0000] {dag.py:3229} INFO - Sync 1 DAGs
[2024-09-26T00:12:09.759+0000] {logging_mixin.py:190} INFO - [2024-09-26T00:12:09.758+0000] {dag.py:4156} INFO - Setting next_dagrun for schedule_with_cron_expression_v03 to 2024-09-12 03:00:00+00:00, run_after=2024-09-13 03:00:00+00:00
[2024-09-26T00:12:09.781+0000] {processor.py:208} INFO - Processing /opt/airflow/dags/deck_with_cron_expression.py took 0.169 seconds
[2024-09-26T00:12:40.362+0000] {processor.py:186} INFO - Started process (PID=131253) to work on /opt/airflow/dags/deck_with_cron_expression.py
[2024-09-26T00:12:40.363+0000] {processor.py:914} INFO - Processing file /opt/airflow/dags/deck_with_cron_expression.py for tasks to queue
[2024-09-26T00:12:40.365+0000] {logging_mixin.py:190} INFO - [2024-09-26T00:12:40.365+0000] {dagbag.py:587} INFO - Filling up the DagBag from /opt/airflow/dags/deck_with_cron_expression.py
[2024-09-26T00:12:40.456+0000] {processor.py:925} INFO - DAG(s) 'schedule_with_cron_expression_v03' retrieved from /opt/airflow/dags/deck_with_cron_expression.py
[2024-09-26T00:12:40.484+0000] {logging_mixin.py:190} INFO - [2024-09-26T00:12:40.484+0000] {dag.py:3229} INFO - Sync 1 DAGs
[2024-09-26T00:12:40.507+0000] {logging_mixin.py:190} INFO - [2024-09-26T00:12:40.507+0000] {dag.py:4156} INFO - Setting next_dagrun for schedule_with_cron_expression_v03 to 2024-09-12 03:00:00+00:00, run_after=2024-09-13 03:00:00+00:00
[2024-09-26T00:12:40.533+0000] {processor.py:208} INFO - Processing /opt/airflow/dags/deck_with_cron_expression.py took 0.178 seconds
[2024-09-26T00:13:10.967+0000] {processor.py:186} INFO - Started process (PID=131296) to work on /opt/airflow/dags/deck_with_cron_expression.py
[2024-09-26T00:13:10.968+0000] {processor.py:914} INFO - Processing file /opt/airflow/dags/deck_with_cron_expression.py for tasks to queue
[2024-09-26T00:13:10.970+0000] {logging_mixin.py:190} INFO - [2024-09-26T00:13:10.970+0000] {dagbag.py:587} INFO - Filling up the DagBag from /opt/airflow/dags/deck_with_cron_expression.py
[2024-09-26T00:13:11.062+0000] {processor.py:925} INFO - DAG(s) 'schedule_with_cron_expression_v03' retrieved from /opt/airflow/dags/deck_with_cron_expression.py
[2024-09-26T00:13:11.090+0000] {logging_mixin.py:190} INFO - [2024-09-26T00:13:11.090+0000] {dag.py:3229} INFO - Sync 1 DAGs
[2024-09-26T00:13:11.113+0000] {logging_mixin.py:190} INFO - [2024-09-26T00:13:11.113+0000] {dag.py:4156} INFO - Setting next_dagrun for schedule_with_cron_expression_v03 to 2024-09-12 03:00:00+00:00, run_after=2024-09-13 03:00:00+00:00
[2024-09-26T00:13:11.136+0000] {processor.py:208} INFO - Processing /opt/airflow/dags/deck_with_cron_expression.py took 0.178 seconds
[2024-09-26T00:13:41.563+0000] {processor.py:186} INFO - Started process (PID=131339) to work on /opt/airflow/dags/deck_with_cron_expression.py
[2024-09-26T00:13:41.565+0000] {processor.py:914} INFO - Processing file /opt/airflow/dags/deck_with_cron_expression.py for tasks to queue
[2024-09-26T00:13:41.568+0000] {logging_mixin.py:190} INFO - [2024-09-26T00:13:41.567+0000] {dagbag.py:587} INFO - Filling up the DagBag from /opt/airflow/dags/deck_with_cron_expression.py
[2024-09-26T00:13:41.626+0000] {processor.py:925} INFO - DAG(s) 'schedule_with_cron_expression_v03' retrieved from /opt/airflow/dags/deck_with_cron_expression.py
[2024-09-26T00:13:41.662+0000] {logging_mixin.py:190} INFO - [2024-09-26T00:13:41.662+0000] {dag.py:3229} INFO - Sync 1 DAGs
[2024-09-26T00:13:41.698+0000] {logging_mixin.py:190} INFO - [2024-09-26T00:13:41.698+0000] {dag.py:4156} INFO - Setting next_dagrun for schedule_with_cron_expression_v03 to 2024-09-12 03:00:00+00:00, run_after=2024-09-13 03:00:00+00:00
[2024-09-26T00:13:41.727+0000] {processor.py:208} INFO - Processing /opt/airflow/dags/deck_with_cron_expression.py took 0.170 seconds
[2024-09-26T00:14:12.056+0000] {processor.py:186} INFO - Started process (PID=131382) to work on /opt/airflow/dags/deck_with_cron_expression.py
[2024-09-26T00:14:12.057+0000] {processor.py:914} INFO - Processing file /opt/airflow/dags/deck_with_cron_expression.py for tasks to queue
[2024-09-26T00:14:12.060+0000] {logging_mixin.py:190} INFO - [2024-09-26T00:14:12.059+0000] {dagbag.py:587} INFO - Filling up the DagBag from /opt/airflow/dags/deck_with_cron_expression.py
[2024-09-26T00:14:12.112+0000] {processor.py:925} INFO - DAG(s) 'schedule_with_cron_expression_v03' retrieved from /opt/airflow/dags/deck_with_cron_expression.py
[2024-09-26T00:14:12.156+0000] {logging_mixin.py:190} INFO - [2024-09-26T00:14:12.156+0000] {dag.py:3229} INFO - Sync 1 DAGs
[2024-09-26T00:14:12.228+0000] {logging_mixin.py:190} INFO - [2024-09-26T00:14:12.227+0000] {dag.py:4156} INFO - Setting next_dagrun for schedule_with_cron_expression_v03 to 2024-09-12 03:00:00+00:00, run_after=2024-09-13 03:00:00+00:00
[2024-09-26T00:14:12.262+0000] {processor.py:208} INFO - Processing /opt/airflow/dags/deck_with_cron_expression.py took 0.214 seconds
[2024-09-26T00:14:44.506+0000] {processor.py:186} INFO - Started process (PID=131425) to work on /opt/airflow/dags/deck_with_cron_expression.py
[2024-09-26T00:14:44.517+0000] {processor.py:914} INFO - Processing file /opt/airflow/dags/deck_with_cron_expression.py for tasks to queue
[2024-09-26T00:14:44.532+0000] {logging_mixin.py:190} INFO - [2024-09-26T00:14:44.532+0000] {dagbag.py:587} INFO - Filling up the DagBag from /opt/airflow/dags/deck_with_cron_expression.py
[2024-09-26T00:14:45.267+0000] {processor.py:925} INFO - DAG(s) 'schedule_with_cron_expression_v03' retrieved from /opt/airflow/dags/deck_with_cron_expression.py
[2024-09-26T00:14:45.334+0000] {logging_mixin.py:190} INFO - [2024-09-26T00:14:45.333+0000] {dag.py:3229} INFO - Sync 1 DAGs
[2024-09-26T00:14:45.386+0000] {logging_mixin.py:190} INFO - [2024-09-26T00:14:45.386+0000] {dag.py:4156} INFO - Setting next_dagrun for schedule_with_cron_expression_v03 to 2024-09-12 03:00:00+00:00, run_after=2024-09-13 03:00:00+00:00
[2024-09-26T00:14:45.505+0000] {processor.py:208} INFO - Processing /opt/airflow/dags/deck_with_cron_expression.py took 1.008 seconds
[2024-09-26T00:15:16.106+0000] {processor.py:186} INFO - Started process (PID=131470) to work on /opt/airflow/dags/deck_with_cron_expression.py
[2024-09-26T00:15:16.107+0000] {processor.py:914} INFO - Processing file /opt/airflow/dags/deck_with_cron_expression.py for tasks to queue
[2024-09-26T00:15:16.109+0000] {logging_mixin.py:190} INFO - [2024-09-26T00:15:16.109+0000] {dagbag.py:587} INFO - Filling up the DagBag from /opt/airflow/dags/deck_with_cron_expression.py
[2024-09-26T00:15:16.194+0000] {processor.py:925} INFO - DAG(s) 'schedule_with_cron_expression_v03' retrieved from /opt/airflow/dags/deck_with_cron_expression.py
[2024-09-26T00:15:16.221+0000] {logging_mixin.py:190} INFO - [2024-09-26T00:15:16.221+0000] {dag.py:3229} INFO - Sync 1 DAGs
[2024-09-26T00:15:16.247+0000] {logging_mixin.py:190} INFO - [2024-09-26T00:15:16.246+0000] {dag.py:4156} INFO - Setting next_dagrun for schedule_with_cron_expression_v03 to 2024-09-12 03:00:00+00:00, run_after=2024-09-13 03:00:00+00:00
[2024-09-26T00:15:16.273+0000] {processor.py:208} INFO - Processing /opt/airflow/dags/deck_with_cron_expression.py took 0.173 seconds
[2024-09-26T00:15:46.699+0000] {processor.py:186} INFO - Started process (PID=131513) to work on /opt/airflow/dags/deck_with_cron_expression.py
[2024-09-26T00:15:46.701+0000] {processor.py:914} INFO - Processing file /opt/airflow/dags/deck_with_cron_expression.py for tasks to queue
[2024-09-26T00:15:46.704+0000] {logging_mixin.py:190} INFO - [2024-09-26T00:15:46.703+0000] {dagbag.py:587} INFO - Filling up the DagBag from /opt/airflow/dags/deck_with_cron_expression.py
[2024-09-26T00:15:46.795+0000] {processor.py:925} INFO - DAG(s) 'schedule_with_cron_expression_v03' retrieved from /opt/airflow/dags/deck_with_cron_expression.py
[2024-09-26T00:15:46.838+0000] {logging_mixin.py:190} INFO - [2024-09-26T00:15:46.837+0000] {dag.py:3229} INFO - Sync 1 DAGs
[2024-09-26T00:15:46.871+0000] {logging_mixin.py:190} INFO - [2024-09-26T00:15:46.871+0000] {dag.py:4156} INFO - Setting next_dagrun for schedule_with_cron_expression_v03 to 2024-09-12 03:00:00+00:00, run_after=2024-09-13 03:00:00+00:00
[2024-09-26T00:15:46.902+0000] {processor.py:208} INFO - Processing /opt/airflow/dags/deck_with_cron_expression.py took 0.209 seconds
[2024-09-26T00:16:17.408+0000] {processor.py:186} INFO - Started process (PID=131556) to work on /opt/airflow/dags/deck_with_cron_expression.py
[2024-09-26T00:16:17.409+0000] {processor.py:914} INFO - Processing file /opt/airflow/dags/deck_with_cron_expression.py for tasks to queue
[2024-09-26T00:16:17.411+0000] {logging_mixin.py:190} INFO - [2024-09-26T00:16:17.411+0000] {dagbag.py:587} INFO - Filling up the DagBag from /opt/airflow/dags/deck_with_cron_expression.py
[2024-09-26T00:16:17.489+0000] {processor.py:925} INFO - DAG(s) 'schedule_with_cron_expression_v03' retrieved from /opt/airflow/dags/deck_with_cron_expression.py
[2024-09-26T00:16:17.534+0000] {logging_mixin.py:190} INFO - [2024-09-26T00:16:17.534+0000] {dag.py:3229} INFO - Sync 1 DAGs
[2024-09-26T00:16:17.567+0000] {logging_mixin.py:190} INFO - [2024-09-26T00:16:17.567+0000] {dag.py:4156} INFO - Setting next_dagrun for schedule_with_cron_expression_v03 to 2024-09-12 03:00:00+00:00, run_after=2024-09-13 03:00:00+00:00
[2024-09-26T00:16:17.600+0000] {processor.py:208} INFO - Processing /opt/airflow/dags/deck_with_cron_expression.py took 0.198 seconds
[2024-09-26T00:16:48.198+0000] {processor.py:186} INFO - Started process (PID=131599) to work on /opt/airflow/dags/deck_with_cron_expression.py
[2024-09-26T00:16:48.200+0000] {processor.py:914} INFO - Processing file /opt/airflow/dags/deck_with_cron_expression.py for tasks to queue
[2024-09-26T00:16:48.203+0000] {logging_mixin.py:190} INFO - [2024-09-26T00:16:48.202+0000] {dagbag.py:587} INFO - Filling up the DagBag from /opt/airflow/dags/deck_with_cron_expression.py
[2024-09-26T00:16:48.277+0000] {processor.py:925} INFO - DAG(s) 'schedule_with_cron_expression_v03' retrieved from /opt/airflow/dags/deck_with_cron_expression.py
[2024-09-26T00:16:48.301+0000] {logging_mixin.py:190} INFO - [2024-09-26T00:16:48.301+0000] {dag.py:3229} INFO - Sync 1 DAGs
[2024-09-26T00:16:48.322+0000] {logging_mixin.py:190} INFO - [2024-09-26T00:16:48.322+0000] {dag.py:4156} INFO - Setting next_dagrun for schedule_with_cron_expression_v03 to 2024-09-12 03:00:00+00:00, run_after=2024-09-13 03:00:00+00:00
[2024-09-26T00:16:48.349+0000] {processor.py:208} INFO - Processing /opt/airflow/dags/deck_with_cron_expression.py took 0.162 seconds
[2024-09-26T00:17:18.606+0000] {processor.py:186} INFO - Started process (PID=131642) to work on /opt/airflow/dags/deck_with_cron_expression.py
[2024-09-26T00:17:18.613+0000] {processor.py:914} INFO - Processing file /opt/airflow/dags/deck_with_cron_expression.py for tasks to queue
[2024-09-26T00:17:18.621+0000] {logging_mixin.py:190} INFO - [2024-09-26T00:17:18.620+0000] {dagbag.py:587} INFO - Filling up the DagBag from /opt/airflow/dags/deck_with_cron_expression.py
[2024-09-26T00:17:18.710+0000] {processor.py:925} INFO - DAG(s) 'schedule_with_cron_expression_v03' retrieved from /opt/airflow/dags/deck_with_cron_expression.py
[2024-09-26T00:17:18.733+0000] {logging_mixin.py:190} INFO - [2024-09-26T00:17:18.733+0000] {dag.py:3229} INFO - Sync 1 DAGs
[2024-09-26T00:17:18.757+0000] {logging_mixin.py:190} INFO - [2024-09-26T00:17:18.756+0000] {dag.py:4156} INFO - Setting next_dagrun for schedule_with_cron_expression_v03 to 2024-09-12 03:00:00+00:00, run_after=2024-09-13 03:00:00+00:00
[2024-09-26T00:17:18.781+0000] {processor.py:208} INFO - Processing /opt/airflow/dags/deck_with_cron_expression.py took 0.182 seconds
[2024-09-26T00:17:49.156+0000] {processor.py:186} INFO - Started process (PID=131685) to work on /opt/airflow/dags/deck_with_cron_expression.py
[2024-09-26T00:17:49.157+0000] {processor.py:914} INFO - Processing file /opt/airflow/dags/deck_with_cron_expression.py for tasks to queue
[2024-09-26T00:17:49.159+0000] {logging_mixin.py:190} INFO - [2024-09-26T00:17:49.159+0000] {dagbag.py:587} INFO - Filling up the DagBag from /opt/airflow/dags/deck_with_cron_expression.py
[2024-09-26T00:17:49.274+0000] {processor.py:925} INFO - DAG(s) 'schedule_with_cron_expression_v03' retrieved from /opt/airflow/dags/deck_with_cron_expression.py
[2024-09-26T00:17:49.297+0000] {logging_mixin.py:190} INFO - [2024-09-26T00:17:49.296+0000] {dag.py:3229} INFO - Sync 1 DAGs
[2024-09-26T00:17:49.317+0000] {logging_mixin.py:190} INFO - [2024-09-26T00:17:49.317+0000] {dag.py:4156} INFO - Setting next_dagrun for schedule_with_cron_expression_v03 to 2024-09-12 03:00:00+00:00, run_after=2024-09-13 03:00:00+00:00
[2024-09-26T00:17:49.342+0000] {processor.py:208} INFO - Processing /opt/airflow/dags/deck_with_cron_expression.py took 0.192 seconds
[2024-09-26T00:18:19.496+0000] {processor.py:186} INFO - Started process (PID=131728) to work on /opt/airflow/dags/deck_with_cron_expression.py
[2024-09-26T00:18:19.498+0000] {processor.py:914} INFO - Processing file /opt/airflow/dags/deck_with_cron_expression.py for tasks to queue
[2024-09-26T00:18:19.500+0000] {logging_mixin.py:190} INFO - [2024-09-26T00:18:19.500+0000] {dagbag.py:587} INFO - Filling up the DagBag from /opt/airflow/dags/deck_with_cron_expression.py
[2024-09-26T00:18:19.576+0000] {processor.py:925} INFO - DAG(s) 'schedule_with_cron_expression_v03' retrieved from /opt/airflow/dags/deck_with_cron_expression.py
[2024-09-26T00:18:19.607+0000] {logging_mixin.py:190} INFO - [2024-09-26T00:18:19.606+0000] {dag.py:3229} INFO - Sync 1 DAGs
[2024-09-26T00:18:19.639+0000] {logging_mixin.py:190} INFO - [2024-09-26T00:18:19.639+0000] {dag.py:4156} INFO - Setting next_dagrun for schedule_with_cron_expression_v03 to 2024-09-12 03:00:00+00:00, run_after=2024-09-13 03:00:00+00:00
[2024-09-26T00:18:19.680+0000] {processor.py:208} INFO - Processing /opt/airflow/dags/deck_with_cron_expression.py took 0.189 seconds
[2024-09-26T00:18:49.954+0000] {processor.py:186} INFO - Started process (PID=131769) to work on /opt/airflow/dags/deck_with_cron_expression.py
[2024-09-26T00:18:49.955+0000] {processor.py:914} INFO - Processing file /opt/airflow/dags/deck_with_cron_expression.py for tasks to queue
[2024-09-26T00:18:49.958+0000] {logging_mixin.py:190} INFO - [2024-09-26T00:18:49.957+0000] {dagbag.py:587} INFO - Filling up the DagBag from /opt/airflow/dags/deck_with_cron_expression.py
[2024-09-26T00:18:50.032+0000] {processor.py:925} INFO - DAG(s) 'schedule_with_cron_expression_v03' retrieved from /opt/airflow/dags/deck_with_cron_expression.py
[2024-09-26T00:18:50.067+0000] {logging_mixin.py:190} INFO - [2024-09-26T00:18:50.067+0000] {dag.py:3229} INFO - Sync 1 DAGs
[2024-09-26T00:18:50.099+0000] {logging_mixin.py:190} INFO - [2024-09-26T00:18:50.099+0000] {dag.py:4156} INFO - Setting next_dagrun for schedule_with_cron_expression_v03 to 2024-09-12 03:00:00+00:00, run_after=2024-09-13 03:00:00+00:00
[2024-09-26T00:18:50.124+0000] {processor.py:208} INFO - Processing /opt/airflow/dags/deck_with_cron_expression.py took 0.176 seconds
[2024-09-26T00:19:20.533+0000] {processor.py:186} INFO - Started process (PID=131812) to work on /opt/airflow/dags/deck_with_cron_expression.py
[2024-09-26T00:19:20.535+0000] {processor.py:914} INFO - Processing file /opt/airflow/dags/deck_with_cron_expression.py for tasks to queue
[2024-09-26T00:19:20.537+0000] {logging_mixin.py:190} INFO - [2024-09-26T00:19:20.537+0000] {dagbag.py:587} INFO - Filling up the DagBag from /opt/airflow/dags/deck_with_cron_expression.py
[2024-09-26T00:19:20.650+0000] {processor.py:925} INFO - DAG(s) 'schedule_with_cron_expression_v03' retrieved from /opt/airflow/dags/deck_with_cron_expression.py
[2024-09-26T00:19:20.674+0000] {logging_mixin.py:190} INFO - [2024-09-26T00:19:20.674+0000] {dag.py:3229} INFO - Sync 1 DAGs
[2024-09-26T00:19:20.696+0000] {logging_mixin.py:190} INFO - [2024-09-26T00:19:20.696+0000] {dag.py:4156} INFO - Setting next_dagrun for schedule_with_cron_expression_v03 to 2024-09-12 03:00:00+00:00, run_after=2024-09-13 03:00:00+00:00
[2024-09-26T00:19:20.717+0000] {processor.py:208} INFO - Processing /opt/airflow/dags/deck_with_cron_expression.py took 0.189 seconds
[2024-09-26T00:19:50.923+0000] {processor.py:186} INFO - Started process (PID=131855) to work on /opt/airflow/dags/deck_with_cron_expression.py
[2024-09-26T00:19:50.924+0000] {processor.py:914} INFO - Processing file /opt/airflow/dags/deck_with_cron_expression.py for tasks to queue
[2024-09-26T00:19:50.926+0000] {logging_mixin.py:190} INFO - [2024-09-26T00:19:50.926+0000] {dagbag.py:587} INFO - Filling up the DagBag from /opt/airflow/dags/deck_with_cron_expression.py
[2024-09-26T00:19:51.022+0000] {processor.py:925} INFO - DAG(s) 'schedule_with_cron_expression_v03' retrieved from /opt/airflow/dags/deck_with_cron_expression.py
[2024-09-26T00:19:51.046+0000] {logging_mixin.py:190} INFO - [2024-09-26T00:19:51.046+0000] {dag.py:3229} INFO - Sync 1 DAGs
[2024-09-26T00:19:51.078+0000] {logging_mixin.py:190} INFO - [2024-09-26T00:19:51.078+0000] {dag.py:4156} INFO - Setting next_dagrun for schedule_with_cron_expression_v03 to 2024-09-12 03:00:00+00:00, run_after=2024-09-13 03:00:00+00:00
[2024-09-26T00:19:51.106+0000] {processor.py:208} INFO - Processing /opt/airflow/dags/deck_with_cron_expression.py took 0.189 seconds
[2024-09-26T00:20:21.825+0000] {processor.py:186} INFO - Started process (PID=131898) to work on /opt/airflow/dags/deck_with_cron_expression.py
[2024-09-26T00:20:21.829+0000] {processor.py:914} INFO - Processing file /opt/airflow/dags/deck_with_cron_expression.py for tasks to queue
[2024-09-26T00:20:21.839+0000] {logging_mixin.py:190} INFO - [2024-09-26T00:20:21.838+0000] {dagbag.py:587} INFO - Filling up the DagBag from /opt/airflow/dags/deck_with_cron_expression.py
[2024-09-26T00:20:22.012+0000] {processor.py:925} INFO - DAG(s) 'schedule_with_cron_expression_v03' retrieved from /opt/airflow/dags/deck_with_cron_expression.py
[2024-09-26T00:20:22.085+0000] {logging_mixin.py:190} INFO - [2024-09-26T00:20:22.084+0000] {dag.py:3229} INFO - Sync 1 DAGs
[2024-09-26T00:20:22.156+0000] {logging_mixin.py:190} INFO - [2024-09-26T00:20:22.155+0000] {dag.py:4156} INFO - Setting next_dagrun for schedule_with_cron_expression_v03 to 2024-09-12 03:00:00+00:00, run_after=2024-09-13 03:00:00+00:00
[2024-09-26T00:20:22.202+0000] {processor.py:208} INFO - Processing /opt/airflow/dags/deck_with_cron_expression.py took 0.403 seconds
[2024-09-26T00:20:53.135+0000] {processor.py:186} INFO - Started process (PID=131941) to work on /opt/airflow/dags/deck_with_cron_expression.py
[2024-09-26T00:20:53.139+0000] {processor.py:914} INFO - Processing file /opt/airflow/dags/deck_with_cron_expression.py for tasks to queue
[2024-09-26T00:20:53.141+0000] {logging_mixin.py:190} INFO - [2024-09-26T00:20:53.141+0000] {dagbag.py:587} INFO - Filling up the DagBag from /opt/airflow/dags/deck_with_cron_expression.py
[2024-09-26T00:20:53.233+0000] {processor.py:925} INFO - DAG(s) 'schedule_with_cron_expression_v03' retrieved from /opt/airflow/dags/deck_with_cron_expression.py
[2024-09-26T00:20:53.278+0000] {logging_mixin.py:190} INFO - [2024-09-26T00:20:53.277+0000] {dag.py:3229} INFO - Sync 1 DAGs
[2024-09-26T00:20:53.315+0000] {logging_mixin.py:190} INFO - [2024-09-26T00:20:53.315+0000] {dag.py:4156} INFO - Setting next_dagrun for schedule_with_cron_expression_v03 to 2024-09-12 03:00:00+00:00, run_after=2024-09-13 03:00:00+00:00
[2024-09-26T00:20:53.364+0000] {processor.py:208} INFO - Processing /opt/airflow/dags/deck_with_cron_expression.py took 0.239 seconds
[2024-09-26T00:21:23.733+0000] {processor.py:186} INFO - Started process (PID=131984) to work on /opt/airflow/dags/deck_with_cron_expression.py
[2024-09-26T00:21:23.735+0000] {processor.py:914} INFO - Processing file /opt/airflow/dags/deck_with_cron_expression.py for tasks to queue
[2024-09-26T00:21:23.738+0000] {logging_mixin.py:190} INFO - [2024-09-26T00:21:23.737+0000] {dagbag.py:587} INFO - Filling up the DagBag from /opt/airflow/dags/deck_with_cron_expression.py
[2024-09-26T00:21:23.803+0000] {processor.py:925} INFO - DAG(s) 'schedule_with_cron_expression_v03' retrieved from /opt/airflow/dags/deck_with_cron_expression.py
[2024-09-26T00:21:23.831+0000] {logging_mixin.py:190} INFO - [2024-09-26T00:21:23.830+0000] {dag.py:3229} INFO - Sync 1 DAGs
[2024-09-26T00:21:23.854+0000] {logging_mixin.py:190} INFO - [2024-09-26T00:21:23.854+0000] {dag.py:4156} INFO - Setting next_dagrun for schedule_with_cron_expression_v03 to 2024-09-12 03:00:00+00:00, run_after=2024-09-13 03:00:00+00:00
[2024-09-26T00:21:23.880+0000] {processor.py:208} INFO - Processing /opt/airflow/dags/deck_with_cron_expression.py took 0.155 seconds
[2024-09-26T00:21:54.657+0000] {processor.py:186} INFO - Started process (PID=132027) to work on /opt/airflow/dags/deck_with_cron_expression.py
[2024-09-26T00:21:54.659+0000] {processor.py:914} INFO - Processing file /opt/airflow/dags/deck_with_cron_expression.py for tasks to queue
[2024-09-26T00:21:54.661+0000] {logging_mixin.py:190} INFO - [2024-09-26T00:21:54.661+0000] {dagbag.py:587} INFO - Filling up the DagBag from /opt/airflow/dags/deck_with_cron_expression.py
[2024-09-26T00:21:54.734+0000] {processor.py:925} INFO - DAG(s) 'schedule_with_cron_expression_v03' retrieved from /opt/airflow/dags/deck_with_cron_expression.py
[2024-09-26T00:21:54.768+0000] {logging_mixin.py:190} INFO - [2024-09-26T00:21:54.767+0000] {dag.py:3229} INFO - Sync 1 DAGs
[2024-09-26T00:21:54.795+0000] {logging_mixin.py:190} INFO - [2024-09-26T00:21:54.795+0000] {dag.py:4156} INFO - Setting next_dagrun for schedule_with_cron_expression_v03 to 2024-09-12 03:00:00+00:00, run_after=2024-09-13 03:00:00+00:00
[2024-09-26T00:21:54.823+0000] {processor.py:208} INFO - Processing /opt/airflow/dags/deck_with_cron_expression.py took 0.173 seconds
[2024-09-26T00:22:25.064+0000] {processor.py:186} INFO - Started process (PID=132070) to work on /opt/airflow/dags/deck_with_cron_expression.py
[2024-09-26T00:22:25.066+0000] {processor.py:914} INFO - Processing file /opt/airflow/dags/deck_with_cron_expression.py for tasks to queue
[2024-09-26T00:22:25.069+0000] {logging_mixin.py:190} INFO - [2024-09-26T00:22:25.068+0000] {dagbag.py:587} INFO - Filling up the DagBag from /opt/airflow/dags/deck_with_cron_expression.py
[2024-09-26T00:22:25.133+0000] {processor.py:925} INFO - DAG(s) 'schedule_with_cron_expression_v03' retrieved from /opt/airflow/dags/deck_with_cron_expression.py
[2024-09-26T00:22:25.165+0000] {logging_mixin.py:190} INFO - [2024-09-26T00:22:25.165+0000] {dag.py:3229} INFO - Sync 1 DAGs
[2024-09-26T00:22:25.189+0000] {logging_mixin.py:190} INFO - [2024-09-26T00:22:25.189+0000] {dag.py:4156} INFO - Setting next_dagrun for schedule_with_cron_expression_v03 to 2024-09-12 03:00:00+00:00, run_after=2024-09-13 03:00:00+00:00
[2024-09-26T00:22:25.212+0000] {processor.py:208} INFO - Processing /opt/airflow/dags/deck_with_cron_expression.py took 0.158 seconds
[2024-09-26T00:22:56.067+0000] {processor.py:186} INFO - Started process (PID=132113) to work on /opt/airflow/dags/deck_with_cron_expression.py
[2024-09-26T00:22:56.069+0000] {processor.py:914} INFO - Processing file /opt/airflow/dags/deck_with_cron_expression.py for tasks to queue
[2024-09-26T00:22:56.071+0000] {logging_mixin.py:190} INFO - [2024-09-26T00:22:56.071+0000] {dagbag.py:587} INFO - Filling up the DagBag from /opt/airflow/dags/deck_with_cron_expression.py
[2024-09-26T00:22:56.174+0000] {processor.py:925} INFO - DAG(s) 'schedule_with_cron_expression_v03' retrieved from /opt/airflow/dags/deck_with_cron_expression.py
[2024-09-26T00:22:56.204+0000] {logging_mixin.py:190} INFO - [2024-09-26T00:22:56.204+0000] {dag.py:3229} INFO - Sync 1 DAGs
[2024-09-26T00:22:56.228+0000] {logging_mixin.py:190} INFO - [2024-09-26T00:22:56.227+0000] {dag.py:4156} INFO - Setting next_dagrun for schedule_with_cron_expression_v03 to 2024-09-12 03:00:00+00:00, run_after=2024-09-13 03:00:00+00:00
[2024-09-26T00:22:56.261+0000] {processor.py:208} INFO - Processing /opt/airflow/dags/deck_with_cron_expression.py took 0.200 seconds
[2024-09-26T00:23:26.648+0000] {processor.py:186} INFO - Started process (PID=132156) to work on /opt/airflow/dags/deck_with_cron_expression.py
[2024-09-26T00:23:26.650+0000] {processor.py:914} INFO - Processing file /opt/airflow/dags/deck_with_cron_expression.py for tasks to queue
[2024-09-26T00:23:26.653+0000] {logging_mixin.py:190} INFO - [2024-09-26T00:23:26.653+0000] {dagbag.py:587} INFO - Filling up the DagBag from /opt/airflow/dags/deck_with_cron_expression.py
[2024-09-26T00:23:26.746+0000] {processor.py:925} INFO - DAG(s) 'schedule_with_cron_expression_v03' retrieved from /opt/airflow/dags/deck_with_cron_expression.py
[2024-09-26T00:23:26.774+0000] {logging_mixin.py:190} INFO - [2024-09-26T00:23:26.773+0000] {dag.py:3229} INFO - Sync 1 DAGs
[2024-09-26T00:23:26.802+0000] {logging_mixin.py:190} INFO - [2024-09-26T00:23:26.802+0000] {dag.py:4156} INFO - Setting next_dagrun for schedule_with_cron_expression_v03 to 2024-09-12 03:00:00+00:00, run_after=2024-09-13 03:00:00+00:00
[2024-09-26T00:23:26.831+0000] {processor.py:208} INFO - Processing /opt/airflow/dags/deck_with_cron_expression.py took 0.189 seconds
[2024-09-26T00:23:57.300+0000] {processor.py:186} INFO - Started process (PID=132196) to work on /opt/airflow/dags/deck_with_cron_expression.py
[2024-09-26T00:23:57.306+0000] {processor.py:914} INFO - Processing file /opt/airflow/dags/deck_with_cron_expression.py for tasks to queue
[2024-09-26T00:23:57.310+0000] {logging_mixin.py:190} INFO - [2024-09-26T00:23:57.309+0000] {dagbag.py:587} INFO - Filling up the DagBag from /opt/airflow/dags/deck_with_cron_expression.py
[2024-09-26T00:23:58.129+0000] {processor.py:925} INFO - DAG(s) 'schedule_with_cron_expression_v03' retrieved from /opt/airflow/dags/deck_with_cron_expression.py
[2024-09-26T00:23:58.176+0000] {logging_mixin.py:190} INFO - [2024-09-26T00:23:58.175+0000] {dag.py:3229} INFO - Sync 1 DAGs
[2024-09-26T00:23:58.236+0000] {logging_mixin.py:190} INFO - [2024-09-26T00:23:58.236+0000] {dag.py:4156} INFO - Setting next_dagrun for schedule_with_cron_expression_v03 to 2024-09-12 03:00:00+00:00, run_after=2024-09-13 03:00:00+00:00
[2024-09-26T00:23:58.293+0000] {processor.py:208} INFO - Processing /opt/airflow/dags/deck_with_cron_expression.py took 1.004 seconds
[2024-09-26T00:24:29.545+0000] {processor.py:186} INFO - Started process (PID=132242) to work on /opt/airflow/dags/deck_with_cron_expression.py
[2024-09-26T00:24:29.550+0000] {processor.py:914} INFO - Processing file /opt/airflow/dags/deck_with_cron_expression.py for tasks to queue
[2024-09-26T00:24:29.561+0000] {logging_mixin.py:190} INFO - [2024-09-26T00:24:29.560+0000] {dagbag.py:587} INFO - Filling up the DagBag from /opt/airflow/dags/deck_with_cron_expression.py
[2024-09-26T00:24:29.737+0000] {processor.py:925} INFO - DAG(s) 'schedule_with_cron_expression_v03' retrieved from /opt/airflow/dags/deck_with_cron_expression.py
[2024-09-26T00:24:29.802+0000] {logging_mixin.py:190} INFO - [2024-09-26T00:24:29.801+0000] {dag.py:3229} INFO - Sync 1 DAGs
[2024-09-26T00:24:29.857+0000] {logging_mixin.py:190} INFO - [2024-09-26T00:24:29.856+0000] {dag.py:4156} INFO - Setting next_dagrun for schedule_with_cron_expression_v03 to 2024-09-12 03:00:00+00:00, run_after=2024-09-13 03:00:00+00:00
[2024-09-26T00:24:29.904+0000] {processor.py:208} INFO - Processing /opt/airflow/dags/deck_with_cron_expression.py took 0.366 seconds
[2024-09-26T00:25:00.595+0000] {processor.py:186} INFO - Started process (PID=132285) to work on /opt/airflow/dags/deck_with_cron_expression.py
[2024-09-26T00:25:00.598+0000] {processor.py:914} INFO - Processing file /opt/airflow/dags/deck_with_cron_expression.py for tasks to queue
[2024-09-26T00:25:00.605+0000] {logging_mixin.py:190} INFO - [2024-09-26T00:25:00.604+0000] {dagbag.py:587} INFO - Filling up the DagBag from /opt/airflow/dags/deck_with_cron_expression.py
[2024-09-26T00:25:00.716+0000] {processor.py:925} INFO - DAG(s) 'schedule_with_cron_expression_v03' retrieved from /opt/airflow/dags/deck_with_cron_expression.py
[2024-09-26T00:25:00.764+0000] {logging_mixin.py:190} INFO - [2024-09-26T00:25:00.764+0000] {dag.py:3229} INFO - Sync 1 DAGs
[2024-09-26T00:25:00.818+0000] {logging_mixin.py:190} INFO - [2024-09-26T00:25:00.818+0000] {dag.py:4156} INFO - Setting next_dagrun for schedule_with_cron_expression_v03 to 2024-09-12 03:00:00+00:00, run_after=2024-09-13 03:00:00+00:00
[2024-09-26T00:25:00.870+0000] {processor.py:208} INFO - Processing /opt/airflow/dags/deck_with_cron_expression.py took 0.283 seconds
[2024-09-26T00:25:31.285+0000] {processor.py:186} INFO - Started process (PID=132330) to work on /opt/airflow/dags/deck_with_cron_expression.py
[2024-09-26T00:25:31.287+0000] {processor.py:914} INFO - Processing file /opt/airflow/dags/deck_with_cron_expression.py for tasks to queue
[2024-09-26T00:25:31.289+0000] {logging_mixin.py:190} INFO - [2024-09-26T00:25:31.289+0000] {dagbag.py:587} INFO - Filling up the DagBag from /opt/airflow/dags/deck_with_cron_expression.py
[2024-09-26T00:25:31.368+0000] {processor.py:925} INFO - DAG(s) 'schedule_with_cron_expression_v03' retrieved from /opt/airflow/dags/deck_with_cron_expression.py
[2024-09-26T00:25:31.390+0000] {logging_mixin.py:190} INFO - [2024-09-26T00:25:31.390+0000] {dag.py:3229} INFO - Sync 1 DAGs
[2024-09-26T00:25:31.413+0000] {logging_mixin.py:190} INFO - [2024-09-26T00:25:31.412+0000] {dag.py:4156} INFO - Setting next_dagrun for schedule_with_cron_expression_v03 to 2024-09-12 03:00:00+00:00, run_after=2024-09-13 03:00:00+00:00
[2024-09-26T00:25:31.439+0000] {processor.py:208} INFO - Processing /opt/airflow/dags/deck_with_cron_expression.py took 0.159 seconds
[2024-09-26T00:26:01.897+0000] {processor.py:186} INFO - Started process (PID=132371) to work on /opt/airflow/dags/deck_with_cron_expression.py
[2024-09-26T00:26:01.898+0000] {processor.py:914} INFO - Processing file /opt/airflow/dags/deck_with_cron_expression.py for tasks to queue
[2024-09-26T00:26:01.900+0000] {logging_mixin.py:190} INFO - [2024-09-26T00:26:01.899+0000] {dagbag.py:587} INFO - Filling up the DagBag from /opt/airflow/dags/deck_with_cron_expression.py
[2024-09-26T00:26:01.988+0000] {processor.py:925} INFO - DAG(s) 'schedule_with_cron_expression_v03' retrieved from /opt/airflow/dags/deck_with_cron_expression.py
[2024-09-26T00:26:02.014+0000] {logging_mixin.py:190} INFO - [2024-09-26T00:26:02.014+0000] {dag.py:3229} INFO - Sync 1 DAGs
[2024-09-26T00:26:02.037+0000] {logging_mixin.py:190} INFO - [2024-09-26T00:26:02.037+0000] {dag.py:4156} INFO - Setting next_dagrun for schedule_with_cron_expression_v03 to 2024-09-12 03:00:00+00:00, run_after=2024-09-13 03:00:00+00:00
[2024-09-26T00:26:02.072+0000] {processor.py:208} INFO - Processing /opt/airflow/dags/deck_with_cron_expression.py took 0.180 seconds
[2024-09-26T00:26:32.377+0000] {processor.py:186} INFO - Started process (PID=132411) to work on /opt/airflow/dags/deck_with_cron_expression.py
[2024-09-26T00:26:32.379+0000] {processor.py:914} INFO - Processing file /opt/airflow/dags/deck_with_cron_expression.py for tasks to queue
[2024-09-26T00:26:32.381+0000] {logging_mixin.py:190} INFO - [2024-09-26T00:26:32.380+0000] {dagbag.py:587} INFO - Filling up the DagBag from /opt/airflow/dags/deck_with_cron_expression.py
[2024-09-26T00:26:32.474+0000] {processor.py:925} INFO - DAG(s) 'schedule_with_cron_expression_v03' retrieved from /opt/airflow/dags/deck_with_cron_expression.py
[2024-09-26T00:26:32.507+0000] {logging_mixin.py:190} INFO - [2024-09-26T00:26:32.506+0000] {dag.py:3229} INFO - Sync 1 DAGs
[2024-09-26T00:26:32.533+0000] {logging_mixin.py:190} INFO - [2024-09-26T00:26:32.533+0000] {dag.py:4156} INFO - Setting next_dagrun for schedule_with_cron_expression_v03 to 2024-09-12 03:00:00+00:00, run_after=2024-09-13 03:00:00+00:00
[2024-09-26T00:26:32.555+0000] {processor.py:208} INFO - Processing /opt/airflow/dags/deck_with_cron_expression.py took 0.183 seconds
[2024-09-26T00:27:02.799+0000] {processor.py:186} INFO - Started process (PID=132457) to work on /opt/airflow/dags/deck_with_cron_expression.py
[2024-09-26T00:27:02.801+0000] {processor.py:914} INFO - Processing file /opt/airflow/dags/deck_with_cron_expression.py for tasks to queue
[2024-09-26T00:27:02.802+0000] {logging_mixin.py:190} INFO - [2024-09-26T00:27:02.802+0000] {dagbag.py:587} INFO - Filling up the DagBag from /opt/airflow/dags/deck_with_cron_expression.py
[2024-09-26T00:27:02.904+0000] {processor.py:925} INFO - DAG(s) 'schedule_with_cron_expression_v03' retrieved from /opt/airflow/dags/deck_with_cron_expression.py
[2024-09-26T00:27:02.931+0000] {logging_mixin.py:190} INFO - [2024-09-26T00:27:02.930+0000] {dag.py:3229} INFO - Sync 1 DAGs
[2024-09-26T00:27:02.956+0000] {logging_mixin.py:190} INFO - [2024-09-26T00:27:02.956+0000] {dag.py:4156} INFO - Setting next_dagrun for schedule_with_cron_expression_v03 to 2024-09-12 03:00:00+00:00, run_after=2024-09-13 03:00:00+00:00
[2024-09-26T00:27:02.978+0000] {processor.py:208} INFO - Processing /opt/airflow/dags/deck_with_cron_expression.py took 0.184 seconds
[2024-09-26T00:27:33.333+0000] {processor.py:186} INFO - Started process (PID=132497) to work on /opt/airflow/dags/deck_with_cron_expression.py
[2024-09-26T00:27:33.334+0000] {processor.py:914} INFO - Processing file /opt/airflow/dags/deck_with_cron_expression.py for tasks to queue
[2024-09-26T00:27:33.336+0000] {logging_mixin.py:190} INFO - [2024-09-26T00:27:33.335+0000] {dagbag.py:587} INFO - Filling up the DagBag from /opt/airflow/dags/deck_with_cron_expression.py
[2024-09-26T00:27:33.417+0000] {processor.py:925} INFO - DAG(s) 'schedule_with_cron_expression_v03' retrieved from /opt/airflow/dags/deck_with_cron_expression.py
[2024-09-26T00:27:33.442+0000] {logging_mixin.py:190} INFO - [2024-09-26T00:27:33.442+0000] {dag.py:3229} INFO - Sync 1 DAGs
[2024-09-26T00:27:33.466+0000] {logging_mixin.py:190} INFO - [2024-09-26T00:27:33.465+0000] {dag.py:4156} INFO - Setting next_dagrun for schedule_with_cron_expression_v03 to 2024-09-12 03:00:00+00:00, run_after=2024-09-13 03:00:00+00:00
[2024-09-26T00:27:33.488+0000] {processor.py:208} INFO - Processing /opt/airflow/dags/deck_with_cron_expression.py took 0.161 seconds
[2024-09-26T00:28:04.720+0000] {processor.py:186} INFO - Started process (PID=132543) to work on /opt/airflow/dags/deck_with_cron_expression.py
[2024-09-26T00:28:04.723+0000] {processor.py:914} INFO - Processing file /opt/airflow/dags/deck_with_cron_expression.py for tasks to queue
[2024-09-26T00:28:04.727+0000] {logging_mixin.py:190} INFO - [2024-09-26T00:28:04.726+0000] {dagbag.py:587} INFO - Filling up the DagBag from /opt/airflow/dags/deck_with_cron_expression.py
[2024-09-26T00:28:04.814+0000] {processor.py:925} INFO - DAG(s) 'schedule_with_cron_expression_v03' retrieved from /opt/airflow/dags/deck_with_cron_expression.py
[2024-09-26T00:28:04.841+0000] {logging_mixin.py:190} INFO - [2024-09-26T00:28:04.841+0000] {dag.py:3229} INFO - Sync 1 DAGs
[2024-09-26T00:28:04.866+0000] {logging_mixin.py:190} INFO - [2024-09-26T00:28:04.865+0000] {dag.py:4156} INFO - Setting next_dagrun for schedule_with_cron_expression_v03 to 2024-09-12 03:00:00+00:00, run_after=2024-09-13 03:00:00+00:00
[2024-09-26T00:28:04.889+0000] {processor.py:208} INFO - Processing /opt/airflow/dags/deck_with_cron_expression.py took 0.178 seconds
[2024-09-26T00:28:35.244+0000] {processor.py:186} INFO - Started process (PID=132583) to work on /opt/airflow/dags/deck_with_cron_expression.py
[2024-09-26T00:28:35.245+0000] {processor.py:914} INFO - Processing file /opt/airflow/dags/deck_with_cron_expression.py for tasks to queue
[2024-09-26T00:28:35.247+0000] {logging_mixin.py:190} INFO - [2024-09-26T00:28:35.247+0000] {dagbag.py:587} INFO - Filling up the DagBag from /opt/airflow/dags/deck_with_cron_expression.py
[2024-09-26T00:28:35.333+0000] {processor.py:925} INFO - DAG(s) 'schedule_with_cron_expression_v03' retrieved from /opt/airflow/dags/deck_with_cron_expression.py
[2024-09-26T00:28:35.364+0000] {logging_mixin.py:190} INFO - [2024-09-26T00:28:35.364+0000] {dag.py:3229} INFO - Sync 1 DAGs
[2024-09-26T00:28:35.384+0000] {logging_mixin.py:190} INFO - [2024-09-26T00:28:35.384+0000] {dag.py:4156} INFO - Setting next_dagrun for schedule_with_cron_expression_v03 to 2024-09-12 03:00:00+00:00, run_after=2024-09-13 03:00:00+00:00
[2024-09-26T00:28:35.406+0000] {processor.py:208} INFO - Processing /opt/airflow/dags/deck_with_cron_expression.py took 0.172 seconds
[2024-09-26T00:29:06.093+0000] {processor.py:186} INFO - Started process (PID=132626) to work on /opt/airflow/dags/deck_with_cron_expression.py
[2024-09-26T00:29:06.095+0000] {processor.py:914} INFO - Processing file /opt/airflow/dags/deck_with_cron_expression.py for tasks to queue
[2024-09-26T00:29:06.100+0000] {logging_mixin.py:190} INFO - [2024-09-26T00:29:06.099+0000] {dagbag.py:587} INFO - Filling up the DagBag from /opt/airflow/dags/deck_with_cron_expression.py
[2024-09-26T00:29:06.202+0000] {processor.py:925} INFO - DAG(s) 'schedule_with_cron_expression_v03' retrieved from /opt/airflow/dags/deck_with_cron_expression.py
[2024-09-26T00:29:06.257+0000] {logging_mixin.py:190} INFO - [2024-09-26T00:29:06.257+0000] {dag.py:3229} INFO - Sync 1 DAGs
[2024-09-26T00:29:06.309+0000] {logging_mixin.py:190} INFO - [2024-09-26T00:29:06.308+0000] {dag.py:4156} INFO - Setting next_dagrun for schedule_with_cron_expression_v03 to 2024-09-12 03:00:00+00:00, run_after=2024-09-13 03:00:00+00:00
[2024-09-26T00:29:06.362+0000] {processor.py:208} INFO - Processing /opt/airflow/dags/deck_with_cron_expression.py took 0.276 seconds
[2024-09-26T00:29:36.701+0000] {processor.py:186} INFO - Started process (PID=132672) to work on /opt/airflow/dags/deck_with_cron_expression.py
[2024-09-26T00:29:36.702+0000] {processor.py:914} INFO - Processing file /opt/airflow/dags/deck_with_cron_expression.py for tasks to queue
[2024-09-26T00:29:36.704+0000] {logging_mixin.py:190} INFO - [2024-09-26T00:29:36.704+0000] {dagbag.py:587} INFO - Filling up the DagBag from /opt/airflow/dags/deck_with_cron_expression.py
[2024-09-26T00:29:36.782+0000] {processor.py:925} INFO - DAG(s) 'schedule_with_cron_expression_v03' retrieved from /opt/airflow/dags/deck_with_cron_expression.py
[2024-09-26T00:29:36.804+0000] {logging_mixin.py:190} INFO - [2024-09-26T00:29:36.803+0000] {dag.py:3229} INFO - Sync 1 DAGs
[2024-09-26T00:29:36.827+0000] {logging_mixin.py:190} INFO - [2024-09-26T00:29:36.827+0000] {dag.py:4156} INFO - Setting next_dagrun for schedule_with_cron_expression_v03 to 2024-09-12 03:00:00+00:00, run_after=2024-09-13 03:00:00+00:00
[2024-09-26T00:29:36.848+0000] {processor.py:208} INFO - Processing /opt/airflow/dags/deck_with_cron_expression.py took 0.151 seconds
[2024-09-26T00:30:07.341+0000] {processor.py:186} INFO - Started process (PID=132714) to work on /opt/airflow/dags/deck_with_cron_expression.py
[2024-09-26T00:30:07.342+0000] {processor.py:914} INFO - Processing file /opt/airflow/dags/deck_with_cron_expression.py for tasks to queue
[2024-09-26T00:30:07.344+0000] {logging_mixin.py:190} INFO - [2024-09-26T00:30:07.344+0000] {dagbag.py:587} INFO - Filling up the DagBag from /opt/airflow/dags/deck_with_cron_expression.py
[2024-09-26T00:30:07.426+0000] {processor.py:925} INFO - DAG(s) 'schedule_with_cron_expression_v03' retrieved from /opt/airflow/dags/deck_with_cron_expression.py
[2024-09-26T00:30:07.452+0000] {logging_mixin.py:190} INFO - [2024-09-26T00:30:07.451+0000] {dag.py:3229} INFO - Sync 1 DAGs
[2024-09-26T00:30:07.475+0000] {logging_mixin.py:190} INFO - [2024-09-26T00:30:07.475+0000] {dag.py:4156} INFO - Setting next_dagrun for schedule_with_cron_expression_v03 to 2024-09-12 03:00:00+00:00, run_after=2024-09-13 03:00:00+00:00
[2024-09-26T00:30:07.514+0000] {processor.py:208} INFO - Processing /opt/airflow/dags/deck_with_cron_expression.py took 0.183 seconds
[2024-09-26T00:30:38.337+0000] {processor.py:186} INFO - Started process (PID=132757) to work on /opt/airflow/dags/deck_with_cron_expression.py
[2024-09-26T00:30:38.339+0000] {processor.py:914} INFO - Processing file /opt/airflow/dags/deck_with_cron_expression.py for tasks to queue
[2024-09-26T00:30:38.342+0000] {logging_mixin.py:190} INFO - [2024-09-26T00:30:38.341+0000] {dagbag.py:587} INFO - Filling up the DagBag from /opt/airflow/dags/deck_with_cron_expression.py
[2024-09-26T00:30:38.420+0000] {processor.py:925} INFO - DAG(s) 'schedule_with_cron_expression_v03' retrieved from /opt/airflow/dags/deck_with_cron_expression.py
[2024-09-26T00:30:38.444+0000] {logging_mixin.py:190} INFO - [2024-09-26T00:30:38.443+0000] {dag.py:3229} INFO - Sync 1 DAGs
[2024-09-26T00:30:38.475+0000] {logging_mixin.py:190} INFO - [2024-09-26T00:30:38.475+0000] {dag.py:4156} INFO - Setting next_dagrun for schedule_with_cron_expression_v03 to 2024-09-12 03:00:00+00:00, run_after=2024-09-13 03:00:00+00:00
[2024-09-26T00:30:38.503+0000] {processor.py:208} INFO - Processing /opt/airflow/dags/deck_with_cron_expression.py took 0.172 seconds
[2024-09-26T00:31:09.461+0000] {processor.py:186} INFO - Started process (PID=132803) to work on /opt/airflow/dags/deck_with_cron_expression.py
[2024-09-26T00:31:09.463+0000] {processor.py:914} INFO - Processing file /opt/airflow/dags/deck_with_cron_expression.py for tasks to queue
[2024-09-26T00:31:09.465+0000] {logging_mixin.py:190} INFO - [2024-09-26T00:31:09.464+0000] {dagbag.py:587} INFO - Filling up the DagBag from /opt/airflow/dags/deck_with_cron_expression.py
[2024-09-26T00:31:09.532+0000] {processor.py:925} INFO - DAG(s) 'schedule_with_cron_expression_v03' retrieved from /opt/airflow/dags/deck_with_cron_expression.py
[2024-09-26T00:31:09.563+0000] {logging_mixin.py:190} INFO - [2024-09-26T00:31:09.562+0000] {dag.py:3229} INFO - Sync 1 DAGs
[2024-09-26T00:31:09.593+0000] {logging_mixin.py:190} INFO - [2024-09-26T00:31:09.593+0000] {dag.py:4156} INFO - Setting next_dagrun for schedule_with_cron_expression_v03 to 2024-09-12 03:00:00+00:00, run_after=2024-09-13 03:00:00+00:00
[2024-09-26T00:31:09.627+0000] {processor.py:208} INFO - Processing /opt/airflow/dags/deck_with_cron_expression.py took 0.174 seconds
[2024-09-26T00:31:39.993+0000] {processor.py:186} INFO - Started process (PID=132843) to work on /opt/airflow/dags/deck_with_cron_expression.py
[2024-09-26T00:31:39.994+0000] {processor.py:914} INFO - Processing file /opt/airflow/dags/deck_with_cron_expression.py for tasks to queue
[2024-09-26T00:31:39.997+0000] {logging_mixin.py:190} INFO - [2024-09-26T00:31:39.996+0000] {dagbag.py:587} INFO - Filling up the DagBag from /opt/airflow/dags/deck_with_cron_expression.py
[2024-09-26T00:31:40.110+0000] {processor.py:925} INFO - DAG(s) 'schedule_with_cron_expression_v03' retrieved from /opt/airflow/dags/deck_with_cron_expression.py
[2024-09-26T00:31:40.147+0000] {logging_mixin.py:190} INFO - [2024-09-26T00:31:40.147+0000] {dag.py:3229} INFO - Sync 1 DAGs
[2024-09-26T00:31:40.170+0000] {logging_mixin.py:190} INFO - [2024-09-26T00:31:40.170+0000] {dag.py:4156} INFO - Setting next_dagrun for schedule_with_cron_expression_v03 to 2024-09-12 03:00:00+00:00, run_after=2024-09-13 03:00:00+00:00
[2024-09-26T00:31:40.207+0000] {processor.py:208} INFO - Processing /opt/airflow/dags/deck_with_cron_expression.py took 0.220 seconds
[2024-09-26T00:32:10.544+0000] {processor.py:186} INFO - Started process (PID=132886) to work on /opt/airflow/dags/deck_with_cron_expression.py
[2024-09-26T00:32:10.545+0000] {processor.py:914} INFO - Processing file /opt/airflow/dags/deck_with_cron_expression.py for tasks to queue
[2024-09-26T00:32:10.550+0000] {logging_mixin.py:190} INFO - [2024-09-26T00:32:10.549+0000] {dagbag.py:587} INFO - Filling up the DagBag from /opt/airflow/dags/deck_with_cron_expression.py
[2024-09-26T00:32:10.623+0000] {processor.py:925} INFO - DAG(s) 'schedule_with_cron_expression_v03' retrieved from /opt/airflow/dags/deck_with_cron_expression.py
[2024-09-26T00:32:10.659+0000] {logging_mixin.py:190} INFO - [2024-09-26T00:32:10.658+0000] {dag.py:3229} INFO - Sync 1 DAGs
[2024-09-26T00:32:10.696+0000] {logging_mixin.py:190} INFO - [2024-09-26T00:32:10.696+0000] {dag.py:4156} INFO - Setting next_dagrun for schedule_with_cron_expression_v03 to 2024-09-12 03:00:00+00:00, run_after=2024-09-13 03:00:00+00:00
[2024-09-26T00:32:10.731+0000] {processor.py:208} INFO - Processing /opt/airflow/dags/deck_with_cron_expression.py took 0.195 seconds
[2024-09-26T00:32:41.072+0000] {processor.py:186} INFO - Started process (PID=132929) to work on /opt/airflow/dags/deck_with_cron_expression.py
[2024-09-26T00:32:41.074+0000] {processor.py:914} INFO - Processing file /opt/airflow/dags/deck_with_cron_expression.py for tasks to queue
[2024-09-26T00:32:41.076+0000] {logging_mixin.py:190} INFO - [2024-09-26T00:32:41.076+0000] {dagbag.py:587} INFO - Filling up the DagBag from /opt/airflow/dags/deck_with_cron_expression.py
[2024-09-26T00:32:41.155+0000] {processor.py:925} INFO - DAG(s) 'schedule_with_cron_expression_v03' retrieved from /opt/airflow/dags/deck_with_cron_expression.py
[2024-09-26T00:32:41.178+0000] {logging_mixin.py:190} INFO - [2024-09-26T00:32:41.178+0000] {dag.py:3229} INFO - Sync 1 DAGs
[2024-09-26T00:32:41.202+0000] {logging_mixin.py:190} INFO - [2024-09-26T00:32:41.202+0000] {dag.py:4156} INFO - Setting next_dagrun for schedule_with_cron_expression_v03 to 2024-09-12 03:00:00+00:00, run_after=2024-09-13 03:00:00+00:00
[2024-09-26T00:32:41.229+0000] {processor.py:208} INFO - Processing /opt/airflow/dags/deck_with_cron_expression.py took 0.168 seconds
[2024-09-26T00:33:11.677+0000] {processor.py:186} INFO - Started process (PID=132972) to work on /opt/airflow/dags/deck_with_cron_expression.py
[2024-09-26T00:33:11.681+0000] {processor.py:914} INFO - Processing file /opt/airflow/dags/deck_with_cron_expression.py for tasks to queue
[2024-09-26T00:33:11.683+0000] {logging_mixin.py:190} INFO - [2024-09-26T00:33:11.682+0000] {dagbag.py:587} INFO - Filling up the DagBag from /opt/airflow/dags/deck_with_cron_expression.py
[2024-09-26T00:33:11.808+0000] {processor.py:925} INFO - DAG(s) 'schedule_with_cron_expression_v03' retrieved from /opt/airflow/dags/deck_with_cron_expression.py
[2024-09-26T00:33:11.864+0000] {logging_mixin.py:190} INFO - [2024-09-26T00:33:11.863+0000] {dag.py:3229} INFO - Sync 1 DAGs
[2024-09-26T00:33:11.898+0000] {logging_mixin.py:190} INFO - [2024-09-26T00:33:11.898+0000] {dag.py:4156} INFO - Setting next_dagrun for schedule_with_cron_expression_v03 to 2024-09-12 03:00:00+00:00, run_after=2024-09-13 03:00:00+00:00
[2024-09-26T00:33:11.925+0000] {processor.py:208} INFO - Processing /opt/airflow/dags/deck_with_cron_expression.py took 0.256 seconds
[2024-09-26T00:33:42.324+0000] {processor.py:186} INFO - Started process (PID=133015) to work on /opt/airflow/dags/deck_with_cron_expression.py
[2024-09-26T00:33:42.325+0000] {processor.py:914} INFO - Processing file /opt/airflow/dags/deck_with_cron_expression.py for tasks to queue
[2024-09-26T00:33:42.328+0000] {logging_mixin.py:190} INFO - [2024-09-26T00:33:42.328+0000] {dagbag.py:587} INFO - Filling up the DagBag from /opt/airflow/dags/deck_with_cron_expression.py
[2024-09-26T00:33:42.432+0000] {processor.py:925} INFO - DAG(s) 'schedule_with_cron_expression_v03' retrieved from /opt/airflow/dags/deck_with_cron_expression.py
[2024-09-26T00:33:42.462+0000] {logging_mixin.py:190} INFO - [2024-09-26T00:33:42.461+0000] {dag.py:3229} INFO - Sync 1 DAGs
[2024-09-26T00:33:42.489+0000] {logging_mixin.py:190} INFO - [2024-09-26T00:33:42.488+0000] {dag.py:4156} INFO - Setting next_dagrun for schedule_with_cron_expression_v03 to 2024-09-12 03:00:00+00:00, run_after=2024-09-13 03:00:00+00:00
[2024-09-26T00:33:42.513+0000] {processor.py:208} INFO - Processing /opt/airflow/dags/deck_with_cron_expression.py took 0.195 seconds
[2024-09-26T00:34:12.778+0000] {processor.py:186} INFO - Started process (PID=133058) to work on /opt/airflow/dags/deck_with_cron_expression.py
[2024-09-26T00:34:12.781+0000] {processor.py:914} INFO - Processing file /opt/airflow/dags/deck_with_cron_expression.py for tasks to queue
[2024-09-26T00:34:12.784+0000] {logging_mixin.py:190} INFO - [2024-09-26T00:34:12.784+0000] {dagbag.py:587} INFO - Filling up the DagBag from /opt/airflow/dags/deck_with_cron_expression.py
[2024-09-26T00:34:12.887+0000] {processor.py:925} INFO - DAG(s) 'schedule_with_cron_expression_v03' retrieved from /opt/airflow/dags/deck_with_cron_expression.py
[2024-09-26T00:34:12.910+0000] {logging_mixin.py:190} INFO - [2024-09-26T00:34:12.910+0000] {dag.py:3229} INFO - Sync 1 DAGs
[2024-09-26T00:34:12.931+0000] {logging_mixin.py:190} INFO - [2024-09-26T00:34:12.930+0000] {dag.py:4156} INFO - Setting next_dagrun for schedule_with_cron_expression_v03 to 2024-09-12 03:00:00+00:00, run_after=2024-09-13 03:00:00+00:00
[2024-09-26T00:34:12.965+0000] {processor.py:208} INFO - Processing /opt/airflow/dags/deck_with_cron_expression.py took 0.197 seconds
[2024-09-26T00:34:43.209+0000] {processor.py:186} INFO - Started process (PID=133101) to work on /opt/airflow/dags/deck_with_cron_expression.py
[2024-09-26T00:34:43.211+0000] {processor.py:914} INFO - Processing file /opt/airflow/dags/deck_with_cron_expression.py for tasks to queue
[2024-09-26T00:34:43.214+0000] {logging_mixin.py:190} INFO - [2024-09-26T00:34:43.214+0000] {dagbag.py:587} INFO - Filling up the DagBag from /opt/airflow/dags/deck_with_cron_expression.py
[2024-09-26T00:34:43.335+0000] {processor.py:925} INFO - DAG(s) 'schedule_with_cron_expression_v03' retrieved from /opt/airflow/dags/deck_with_cron_expression.py
[2024-09-26T00:34:43.359+0000] {logging_mixin.py:190} INFO - [2024-09-26T00:34:43.359+0000] {dag.py:3229} INFO - Sync 1 DAGs
[2024-09-26T00:34:43.381+0000] {logging_mixin.py:190} INFO - [2024-09-26T00:34:43.380+0000] {dag.py:4156} INFO - Setting next_dagrun for schedule_with_cron_expression_v03 to 2024-09-12 03:00:00+00:00, run_after=2024-09-13 03:00:00+00:00
[2024-09-26T00:34:43.405+0000] {processor.py:208} INFO - Processing /opt/airflow/dags/deck_with_cron_expression.py took 0.209 seconds
[2024-09-26T00:35:13.922+0000] {processor.py:186} INFO - Started process (PID=133144) to work on /opt/airflow/dags/deck_with_cron_expression.py
[2024-09-26T00:35:13.924+0000] {processor.py:914} INFO - Processing file /opt/airflow/dags/deck_with_cron_expression.py for tasks to queue
[2024-09-26T00:35:13.928+0000] {logging_mixin.py:190} INFO - [2024-09-26T00:35:13.927+0000] {dagbag.py:587} INFO - Filling up the DagBag from /opt/airflow/dags/deck_with_cron_expression.py
[2024-09-26T00:35:14.057+0000] {processor.py:925} INFO - DAG(s) 'schedule_with_cron_expression_v03' retrieved from /opt/airflow/dags/deck_with_cron_expression.py
[2024-09-26T00:35:14.089+0000] {logging_mixin.py:190} INFO - [2024-09-26T00:35:14.089+0000] {dag.py:3229} INFO - Sync 1 DAGs
[2024-09-26T00:35:14.113+0000] {logging_mixin.py:190} INFO - [2024-09-26T00:35:14.113+0000] {dag.py:4156} INFO - Setting next_dagrun for schedule_with_cron_expression_v03 to 2024-09-12 03:00:00+00:00, run_after=2024-09-13 03:00:00+00:00
[2024-09-26T00:35:14.142+0000] {processor.py:208} INFO - Processing /opt/airflow/dags/deck_with_cron_expression.py took 0.229 seconds
[2024-09-26T00:35:45.274+0000] {processor.py:186} INFO - Started process (PID=133187) to work on /opt/airflow/dags/deck_with_cron_expression.py
[2024-09-26T00:35:45.275+0000] {processor.py:914} INFO - Processing file /opt/airflow/dags/deck_with_cron_expression.py for tasks to queue
[2024-09-26T00:35:45.277+0000] {logging_mixin.py:190} INFO - [2024-09-26T00:35:45.277+0000] {dagbag.py:587} INFO - Filling up the DagBag from /opt/airflow/dags/deck_with_cron_expression.py
[2024-09-26T00:35:45.379+0000] {processor.py:925} INFO - DAG(s) 'schedule_with_cron_expression_v03' retrieved from /opt/airflow/dags/deck_with_cron_expression.py
[2024-09-26T00:35:45.406+0000] {logging_mixin.py:190} INFO - [2024-09-26T00:35:45.406+0000] {dag.py:3229} INFO - Sync 1 DAGs
[2024-09-26T00:35:45.433+0000] {logging_mixin.py:190} INFO - [2024-09-26T00:35:45.432+0000] {dag.py:4156} INFO - Setting next_dagrun for schedule_with_cron_expression_v03 to 2024-09-12 03:00:00+00:00, run_after=2024-09-13 03:00:00+00:00
[2024-09-26T00:35:45.461+0000] {processor.py:208} INFO - Processing /opt/airflow/dags/deck_with_cron_expression.py took 0.193 seconds
[2024-09-26T00:36:15.978+0000] {processor.py:186} INFO - Started process (PID=133230) to work on /opt/airflow/dags/deck_with_cron_expression.py
[2024-09-26T00:36:15.979+0000] {processor.py:914} INFO - Processing file /opt/airflow/dags/deck_with_cron_expression.py for tasks to queue
[2024-09-26T00:36:15.981+0000] {logging_mixin.py:190} INFO - [2024-09-26T00:36:15.981+0000] {dagbag.py:587} INFO - Filling up the DagBag from /opt/airflow/dags/deck_with_cron_expression.py
[2024-09-26T00:36:16.072+0000] {processor.py:925} INFO - DAG(s) 'schedule_with_cron_expression_v03' retrieved from /opt/airflow/dags/deck_with_cron_expression.py
[2024-09-26T00:36:16.101+0000] {logging_mixin.py:190} INFO - [2024-09-26T00:36:16.100+0000] {dag.py:3229} INFO - Sync 1 DAGs
[2024-09-26T00:36:16.130+0000] {logging_mixin.py:190} INFO - [2024-09-26T00:36:16.130+0000] {dag.py:4156} INFO - Setting next_dagrun for schedule_with_cron_expression_v03 to 2024-09-12 03:00:00+00:00, run_after=2024-09-13 03:00:00+00:00
[2024-09-26T00:36:16.156+0000] {processor.py:208} INFO - Processing /opt/airflow/dags/deck_with_cron_expression.py took 0.185 seconds
[2024-09-26T00:36:46.615+0000] {processor.py:186} INFO - Started process (PID=133273) to work on /opt/airflow/dags/deck_with_cron_expression.py
[2024-09-26T00:36:46.616+0000] {processor.py:914} INFO - Processing file /opt/airflow/dags/deck_with_cron_expression.py for tasks to queue
[2024-09-26T00:36:46.618+0000] {logging_mixin.py:190} INFO - [2024-09-26T00:36:46.618+0000] {dagbag.py:587} INFO - Filling up the DagBag from /opt/airflow/dags/deck_with_cron_expression.py
[2024-09-26T00:36:46.694+0000] {processor.py:925} INFO - DAG(s) 'schedule_with_cron_expression_v03' retrieved from /opt/airflow/dags/deck_with_cron_expression.py
[2024-09-26T00:36:46.722+0000] {logging_mixin.py:190} INFO - [2024-09-26T00:36:46.722+0000] {dag.py:3229} INFO - Sync 1 DAGs
[2024-09-26T00:36:46.752+0000] {logging_mixin.py:190} INFO - [2024-09-26T00:36:46.751+0000] {dag.py:4156} INFO - Setting next_dagrun for schedule_with_cron_expression_v03 to 2024-09-12 03:00:00+00:00, run_after=2024-09-13 03:00:00+00:00
[2024-09-26T00:36:46.781+0000] {processor.py:208} INFO - Processing /opt/airflow/dags/deck_with_cron_expression.py took 0.172 seconds
[2024-09-26T00:37:17.343+0000] {processor.py:186} INFO - Started process (PID=133316) to work on /opt/airflow/dags/deck_with_cron_expression.py
[2024-09-26T00:37:17.345+0000] {processor.py:914} INFO - Processing file /opt/airflow/dags/deck_with_cron_expression.py for tasks to queue
[2024-09-26T00:37:17.348+0000] {logging_mixin.py:190} INFO - [2024-09-26T00:37:17.348+0000] {dagbag.py:587} INFO - Filling up the DagBag from /opt/airflow/dags/deck_with_cron_expression.py
[2024-09-26T00:37:17.439+0000] {processor.py:925} INFO - DAG(s) 'schedule_with_cron_expression_v03' retrieved from /opt/airflow/dags/deck_with_cron_expression.py
[2024-09-26T00:37:17.473+0000] {logging_mixin.py:190} INFO - [2024-09-26T00:37:17.473+0000] {dag.py:3229} INFO - Sync 1 DAGs
[2024-09-26T00:37:17.493+0000] {logging_mixin.py:190} INFO - [2024-09-26T00:37:17.493+0000] {dag.py:4156} INFO - Setting next_dagrun for schedule_with_cron_expression_v03 to 2024-09-12 03:00:00+00:00, run_after=2024-09-13 03:00:00+00:00
[2024-09-26T00:37:17.519+0000] {processor.py:208} INFO - Processing /opt/airflow/dags/deck_with_cron_expression.py took 0.184 seconds
[2024-09-26T00:37:47.843+0000] {processor.py:186} INFO - Started process (PID=133359) to work on /opt/airflow/dags/deck_with_cron_expression.py
[2024-09-26T00:37:47.845+0000] {processor.py:914} INFO - Processing file /opt/airflow/dags/deck_with_cron_expression.py for tasks to queue
[2024-09-26T00:37:47.847+0000] {logging_mixin.py:190} INFO - [2024-09-26T00:37:47.846+0000] {dagbag.py:587} INFO - Filling up the DagBag from /opt/airflow/dags/deck_with_cron_expression.py
[2024-09-26T00:37:47.949+0000] {processor.py:925} INFO - DAG(s) 'schedule_with_cron_expression_v03' retrieved from /opt/airflow/dags/deck_with_cron_expression.py
[2024-09-26T00:37:47.985+0000] {logging_mixin.py:190} INFO - [2024-09-26T00:37:47.984+0000] {dag.py:3229} INFO - Sync 1 DAGs
[2024-09-26T00:37:48.011+0000] {logging_mixin.py:190} INFO - [2024-09-26T00:37:48.011+0000] {dag.py:4156} INFO - Setting next_dagrun for schedule_with_cron_expression_v03 to 2024-09-12 03:00:00+00:00, run_after=2024-09-13 03:00:00+00:00
[2024-09-26T00:37:48.041+0000] {processor.py:208} INFO - Processing /opt/airflow/dags/deck_with_cron_expression.py took 0.205 seconds
[2024-09-26T00:38:18.455+0000] {processor.py:186} INFO - Started process (PID=133402) to work on /opt/airflow/dags/deck_with_cron_expression.py
[2024-09-26T00:38:18.458+0000] {processor.py:914} INFO - Processing file /opt/airflow/dags/deck_with_cron_expression.py for tasks to queue
[2024-09-26T00:38:18.463+0000] {logging_mixin.py:190} INFO - [2024-09-26T00:38:18.462+0000] {dagbag.py:587} INFO - Filling up the DagBag from /opt/airflow/dags/deck_with_cron_expression.py
[2024-09-26T00:38:18.557+0000] {processor.py:925} INFO - DAG(s) 'schedule_with_cron_expression_v03' retrieved from /opt/airflow/dags/deck_with_cron_expression.py
[2024-09-26T00:38:18.591+0000] {logging_mixin.py:190} INFO - [2024-09-26T00:38:18.591+0000] {dag.py:3229} INFO - Sync 1 DAGs
[2024-09-26T00:38:18.621+0000] {logging_mixin.py:190} INFO - [2024-09-26T00:38:18.621+0000] {dag.py:4156} INFO - Setting next_dagrun for schedule_with_cron_expression_v03 to 2024-09-12 03:00:00+00:00, run_after=2024-09-13 03:00:00+00:00
[2024-09-26T00:38:18.643+0000] {processor.py:208} INFO - Processing /opt/airflow/dags/deck_with_cron_expression.py took 0.199 seconds
[2024-09-26T00:38:49.086+0000] {processor.py:186} INFO - Started process (PID=133445) to work on /opt/airflow/dags/deck_with_cron_expression.py
[2024-09-26T00:38:49.088+0000] {processor.py:914} INFO - Processing file /opt/airflow/dags/deck_with_cron_expression.py for tasks to queue
[2024-09-26T00:38:49.091+0000] {logging_mixin.py:190} INFO - [2024-09-26T00:38:49.090+0000] {dagbag.py:587} INFO - Filling up the DagBag from /opt/airflow/dags/deck_with_cron_expression.py
[2024-09-26T00:38:49.208+0000] {processor.py:925} INFO - DAG(s) 'schedule_with_cron_expression_v03' retrieved from /opt/airflow/dags/deck_with_cron_expression.py
[2024-09-26T00:38:49.259+0000] {logging_mixin.py:190} INFO - [2024-09-26T00:38:49.258+0000] {dag.py:3229} INFO - Sync 1 DAGs
[2024-09-26T00:38:49.301+0000] {logging_mixin.py:190} INFO - [2024-09-26T00:38:49.301+0000] {dag.py:4156} INFO - Setting next_dagrun for schedule_with_cron_expression_v03 to 2024-09-12 03:00:00+00:00, run_after=2024-09-13 03:00:00+00:00
[2024-09-26T00:38:49.339+0000] {processor.py:208} INFO - Processing /opt/airflow/dags/deck_with_cron_expression.py took 0.264 seconds
[2024-09-26T00:39:19.801+0000] {processor.py:186} INFO - Started process (PID=133488) to work on /opt/airflow/dags/deck_with_cron_expression.py
[2024-09-26T00:39:19.803+0000] {processor.py:914} INFO - Processing file /opt/airflow/dags/deck_with_cron_expression.py for tasks to queue
[2024-09-26T00:39:19.805+0000] {logging_mixin.py:190} INFO - [2024-09-26T00:39:19.804+0000] {dagbag.py:587} INFO - Filling up the DagBag from /opt/airflow/dags/deck_with_cron_expression.py
[2024-09-26T00:39:19.894+0000] {processor.py:925} INFO - DAG(s) 'schedule_with_cron_expression_v03' retrieved from /opt/airflow/dags/deck_with_cron_expression.py
[2024-09-26T00:39:19.919+0000] {logging_mixin.py:190} INFO - [2024-09-26T00:39:19.919+0000] {dag.py:3229} INFO - Sync 1 DAGs
[2024-09-26T00:39:19.947+0000] {logging_mixin.py:190} INFO - [2024-09-26T00:39:19.947+0000] {dag.py:4156} INFO - Setting next_dagrun for schedule_with_cron_expression_v03 to 2024-09-12 03:00:00+00:00, run_after=2024-09-13 03:00:00+00:00
[2024-09-26T00:39:19.978+0000] {processor.py:208} INFO - Processing /opt/airflow/dags/deck_with_cron_expression.py took 0.182 seconds
[2024-09-26T00:39:51.345+0000] {processor.py:186} INFO - Started process (PID=133531) to work on /opt/airflow/dags/deck_with_cron_expression.py
[2024-09-26T00:39:51.346+0000] {processor.py:914} INFO - Processing file /opt/airflow/dags/deck_with_cron_expression.py for tasks to queue
[2024-09-26T00:39:51.351+0000] {logging_mixin.py:190} INFO - [2024-09-26T00:39:51.350+0000] {dagbag.py:587} INFO - Filling up the DagBag from /opt/airflow/dags/deck_with_cron_expression.py
[2024-09-26T00:39:51.459+0000] {processor.py:925} INFO - DAG(s) 'schedule_with_cron_expression_v03' retrieved from /opt/airflow/dags/deck_with_cron_expression.py
[2024-09-26T00:39:51.488+0000] {logging_mixin.py:190} INFO - [2024-09-26T00:39:51.488+0000] {dag.py:3229} INFO - Sync 1 DAGs
[2024-09-26T00:39:51.511+0000] {logging_mixin.py:190} INFO - [2024-09-26T00:39:51.511+0000] {dag.py:4156} INFO - Setting next_dagrun for schedule_with_cron_expression_v03 to 2024-09-12 03:00:00+00:00, run_after=2024-09-13 03:00:00+00:00
[2024-09-26T00:39:51.537+0000] {processor.py:208} INFO - Processing /opt/airflow/dags/deck_with_cron_expression.py took 0.201 seconds
[2024-09-26T00:40:21.738+0000] {processor.py:186} INFO - Started process (PID=133574) to work on /opt/airflow/dags/deck_with_cron_expression.py
[2024-09-26T00:40:21.740+0000] {processor.py:914} INFO - Processing file /opt/airflow/dags/deck_with_cron_expression.py for tasks to queue
[2024-09-26T00:40:21.743+0000] {logging_mixin.py:190} INFO - [2024-09-26T00:40:21.743+0000] {dagbag.py:587} INFO - Filling up the DagBag from /opt/airflow/dags/deck_with_cron_expression.py
[2024-09-26T00:40:21.845+0000] {processor.py:925} INFO - DAG(s) 'schedule_with_cron_expression_v03' retrieved from /opt/airflow/dags/deck_with_cron_expression.py
[2024-09-26T00:40:21.871+0000] {logging_mixin.py:190} INFO - [2024-09-26T00:40:21.870+0000] {dag.py:3229} INFO - Sync 1 DAGs
[2024-09-26T00:40:21.892+0000] {logging_mixin.py:190} INFO - [2024-09-26T00:40:21.891+0000] {dag.py:4156} INFO - Setting next_dagrun for schedule_with_cron_expression_v03 to 2024-09-12 03:00:00+00:00, run_after=2024-09-13 03:00:00+00:00
[2024-09-26T00:40:21.933+0000] {processor.py:208} INFO - Processing /opt/airflow/dags/deck_with_cron_expression.py took 0.200 seconds
[2024-09-26T00:40:52.170+0000] {processor.py:186} INFO - Started process (PID=133617) to work on /opt/airflow/dags/deck_with_cron_expression.py
[2024-09-26T00:40:52.172+0000] {processor.py:914} INFO - Processing file /opt/airflow/dags/deck_with_cron_expression.py for tasks to queue
[2024-09-26T00:40:52.176+0000] {logging_mixin.py:190} INFO - [2024-09-26T00:40:52.175+0000] {dagbag.py:587} INFO - Filling up the DagBag from /opt/airflow/dags/deck_with_cron_expression.py
[2024-09-26T00:40:52.289+0000] {processor.py:925} INFO - DAG(s) 'schedule_with_cron_expression_v03' retrieved from /opt/airflow/dags/deck_with_cron_expression.py
[2024-09-26T00:40:52.318+0000] {logging_mixin.py:190} INFO - [2024-09-26T00:40:52.318+0000] {dag.py:3229} INFO - Sync 1 DAGs
[2024-09-26T00:40:52.339+0000] {logging_mixin.py:190} INFO - [2024-09-26T00:40:52.339+0000] {dag.py:4156} INFO - Setting next_dagrun for schedule_with_cron_expression_v03 to 2024-09-12 03:00:00+00:00, run_after=2024-09-13 03:00:00+00:00
[2024-09-26T00:40:52.372+0000] {processor.py:208} INFO - Processing /opt/airflow/dags/deck_with_cron_expression.py took 0.210 seconds
[2024-09-26T00:41:22.924+0000] {processor.py:186} INFO - Started process (PID=133660) to work on /opt/airflow/dags/deck_with_cron_expression.py
[2024-09-26T00:41:22.927+0000] {processor.py:914} INFO - Processing file /opt/airflow/dags/deck_with_cron_expression.py for tasks to queue
[2024-09-26T00:41:22.930+0000] {logging_mixin.py:190} INFO - [2024-09-26T00:41:22.929+0000] {dagbag.py:587} INFO - Filling up the DagBag from /opt/airflow/dags/deck_with_cron_expression.py
[2024-09-26T00:41:23.050+0000] {processor.py:925} INFO - DAG(s) 'schedule_with_cron_expression_v03' retrieved from /opt/airflow/dags/deck_with_cron_expression.py
[2024-09-26T00:41:23.074+0000] {logging_mixin.py:190} INFO - [2024-09-26T00:41:23.074+0000] {dag.py:3229} INFO - Sync 1 DAGs
[2024-09-26T00:41:23.097+0000] {logging_mixin.py:190} INFO - [2024-09-26T00:41:23.097+0000] {dag.py:4156} INFO - Setting next_dagrun for schedule_with_cron_expression_v03 to 2024-09-12 03:00:00+00:00, run_after=2024-09-13 03:00:00+00:00
[2024-09-26T00:41:23.133+0000] {processor.py:208} INFO - Processing /opt/airflow/dags/deck_with_cron_expression.py took 0.219 seconds
[2024-09-26T00:41:53.439+0000] {processor.py:186} INFO - Started process (PID=133703) to work on /opt/airflow/dags/deck_with_cron_expression.py
[2024-09-26T00:41:53.442+0000] {processor.py:914} INFO - Processing file /opt/airflow/dags/deck_with_cron_expression.py for tasks to queue
[2024-09-26T00:41:53.444+0000] {logging_mixin.py:190} INFO - [2024-09-26T00:41:53.443+0000] {dagbag.py:587} INFO - Filling up the DagBag from /opt/airflow/dags/deck_with_cron_expression.py
[2024-09-26T00:41:53.537+0000] {processor.py:925} INFO - DAG(s) 'schedule_with_cron_expression_v03' retrieved from /opt/airflow/dags/deck_with_cron_expression.py
[2024-09-26T00:41:53.566+0000] {logging_mixin.py:190} INFO - [2024-09-26T00:41:53.565+0000] {dag.py:3229} INFO - Sync 1 DAGs
[2024-09-26T00:41:53.589+0000] {logging_mixin.py:190} INFO - [2024-09-26T00:41:53.589+0000] {dag.py:4156} INFO - Setting next_dagrun for schedule_with_cron_expression_v03 to 2024-09-12 03:00:00+00:00, run_after=2024-09-13 03:00:00+00:00
[2024-09-26T00:41:53.617+0000] {processor.py:208} INFO - Processing /opt/airflow/dags/deck_with_cron_expression.py took 0.185 seconds
[2024-09-26T00:42:24.203+0000] {processor.py:186} INFO - Started process (PID=133746) to work on /opt/airflow/dags/deck_with_cron_expression.py
[2024-09-26T00:42:24.217+0000] {processor.py:914} INFO - Processing file /opt/airflow/dags/deck_with_cron_expression.py for tasks to queue
[2024-09-26T00:42:24.231+0000] {logging_mixin.py:190} INFO - [2024-09-26T00:42:24.231+0000] {dagbag.py:587} INFO - Filling up the DagBag from /opt/airflow/dags/deck_with_cron_expression.py
[2024-09-26T00:42:24.388+0000] {processor.py:925} INFO - DAG(s) 'schedule_with_cron_expression_v03' retrieved from /opt/airflow/dags/deck_with_cron_expression.py
[2024-09-26T00:42:24.422+0000] {logging_mixin.py:190} INFO - [2024-09-26T00:42:24.422+0000] {dag.py:3229} INFO - Sync 1 DAGs
[2024-09-26T00:42:24.452+0000] {logging_mixin.py:190} INFO - [2024-09-26T00:42:24.451+0000] {dag.py:4156} INFO - Setting next_dagrun for schedule_with_cron_expression_v03 to 2024-09-12 03:00:00+00:00, run_after=2024-09-13 03:00:00+00:00
[2024-09-26T00:42:24.485+0000] {processor.py:208} INFO - Processing /opt/airflow/dags/deck_with_cron_expression.py took 0.291 seconds
[2024-09-26T00:42:54.706+0000] {processor.py:186} INFO - Started process (PID=133789) to work on /opt/airflow/dags/deck_with_cron_expression.py
[2024-09-26T00:42:54.708+0000] {processor.py:914} INFO - Processing file /opt/airflow/dags/deck_with_cron_expression.py for tasks to queue
[2024-09-26T00:42:54.711+0000] {logging_mixin.py:190} INFO - [2024-09-26T00:42:54.710+0000] {dagbag.py:587} INFO - Filling up the DagBag from /opt/airflow/dags/deck_with_cron_expression.py
[2024-09-26T00:42:54.818+0000] {processor.py:925} INFO - DAG(s) 'schedule_with_cron_expression_v03' retrieved from /opt/airflow/dags/deck_with_cron_expression.py
[2024-09-26T00:42:54.846+0000] {logging_mixin.py:190} INFO - [2024-09-26T00:42:54.846+0000] {dag.py:3229} INFO - Sync 1 DAGs
[2024-09-26T00:42:54.865+0000] {logging_mixin.py:190} INFO - [2024-09-26T00:42:54.865+0000] {dag.py:4156} INFO - Setting next_dagrun for schedule_with_cron_expression_v03 to 2024-09-12 03:00:00+00:00, run_after=2024-09-13 03:00:00+00:00
[2024-09-26T00:42:54.891+0000] {processor.py:208} INFO - Processing /opt/airflow/dags/deck_with_cron_expression.py took 0.192 seconds
[2024-09-26T00:43:25.348+0000] {processor.py:186} INFO - Started process (PID=133832) to work on /opt/airflow/dags/deck_with_cron_expression.py
[2024-09-26T00:43:25.351+0000] {processor.py:914} INFO - Processing file /opt/airflow/dags/deck_with_cron_expression.py for tasks to queue
[2024-09-26T00:43:25.355+0000] {logging_mixin.py:190} INFO - [2024-09-26T00:43:25.354+0000] {dagbag.py:587} INFO - Filling up the DagBag from /opt/airflow/dags/deck_with_cron_expression.py
[2024-09-26T00:43:25.481+0000] {processor.py:925} INFO - DAG(s) 'schedule_with_cron_expression_v03' retrieved from /opt/airflow/dags/deck_with_cron_expression.py
[2024-09-26T00:43:25.513+0000] {logging_mixin.py:190} INFO - [2024-09-26T00:43:25.513+0000] {dag.py:3229} INFO - Sync 1 DAGs
[2024-09-26T00:43:25.536+0000] {logging_mixin.py:190} INFO - [2024-09-26T00:43:25.536+0000] {dag.py:4156} INFO - Setting next_dagrun for schedule_with_cron_expression_v03 to 2024-09-12 03:00:00+00:00, run_after=2024-09-13 03:00:00+00:00
[2024-09-26T00:43:25.562+0000] {processor.py:208} INFO - Processing /opt/airflow/dags/deck_with_cron_expression.py took 0.229 seconds
[2024-09-26T00:43:55.790+0000] {processor.py:186} INFO - Started process (PID=133875) to work on /opt/airflow/dags/deck_with_cron_expression.py
[2024-09-26T00:43:55.792+0000] {processor.py:914} INFO - Processing file /opt/airflow/dags/deck_with_cron_expression.py for tasks to queue
[2024-09-26T00:43:55.795+0000] {logging_mixin.py:190} INFO - [2024-09-26T00:43:55.794+0000] {dagbag.py:587} INFO - Filling up the DagBag from /opt/airflow/dags/deck_with_cron_expression.py
[2024-09-26T00:43:55.898+0000] {processor.py:925} INFO - DAG(s) 'schedule_with_cron_expression_v03' retrieved from /opt/airflow/dags/deck_with_cron_expression.py
[2024-09-26T00:43:55.927+0000] {logging_mixin.py:190} INFO - [2024-09-26T00:43:55.927+0000] {dag.py:3229} INFO - Sync 1 DAGs
[2024-09-26T00:43:55.951+0000] {logging_mixin.py:190} INFO - [2024-09-26T00:43:55.951+0000] {dag.py:4156} INFO - Setting next_dagrun for schedule_with_cron_expression_v03 to 2024-09-12 03:00:00+00:00, run_after=2024-09-13 03:00:00+00:00
[2024-09-26T00:43:55.976+0000] {processor.py:208} INFO - Processing /opt/airflow/dags/deck_with_cron_expression.py took 0.196 seconds
[2024-09-26T00:44:26.397+0000] {processor.py:186} INFO - Started process (PID=133918) to work on /opt/airflow/dags/deck_with_cron_expression.py
[2024-09-26T00:44:26.399+0000] {processor.py:914} INFO - Processing file /opt/airflow/dags/deck_with_cron_expression.py for tasks to queue
[2024-09-26T00:44:26.402+0000] {logging_mixin.py:190} INFO - [2024-09-26T00:44:26.401+0000] {dagbag.py:587} INFO - Filling up the DagBag from /opt/airflow/dags/deck_with_cron_expression.py
[2024-09-26T00:44:26.509+0000] {processor.py:925} INFO - DAG(s) 'schedule_with_cron_expression_v03' retrieved from /opt/airflow/dags/deck_with_cron_expression.py
[2024-09-26T00:44:26.543+0000] {logging_mixin.py:190} INFO - [2024-09-26T00:44:26.543+0000] {dag.py:3229} INFO - Sync 1 DAGs
[2024-09-26T00:44:26.569+0000] {logging_mixin.py:190} INFO - [2024-09-26T00:44:26.569+0000] {dag.py:4156} INFO - Setting next_dagrun for schedule_with_cron_expression_v03 to 2024-09-12 03:00:00+00:00, run_after=2024-09-13 03:00:00+00:00
[2024-09-26T00:44:26.604+0000] {processor.py:208} INFO - Processing /opt/airflow/dags/deck_with_cron_expression.py took 0.216 seconds
[2024-09-26T00:44:56.817+0000] {processor.py:186} INFO - Started process (PID=133961) to work on /opt/airflow/dags/deck_with_cron_expression.py
[2024-09-26T00:44:56.819+0000] {processor.py:914} INFO - Processing file /opt/airflow/dags/deck_with_cron_expression.py for tasks to queue
[2024-09-26T00:44:56.823+0000] {logging_mixin.py:190} INFO - [2024-09-26T00:44:56.823+0000] {dagbag.py:587} INFO - Filling up the DagBag from /opt/airflow/dags/deck_with_cron_expression.py
[2024-09-26T00:44:56.908+0000] {processor.py:925} INFO - DAG(s) 'schedule_with_cron_expression_v03' retrieved from /opt/airflow/dags/deck_with_cron_expression.py
[2024-09-26T00:44:56.937+0000] {logging_mixin.py:190} INFO - [2024-09-26T00:44:56.937+0000] {dag.py:3229} INFO - Sync 1 DAGs
[2024-09-26T00:44:56.965+0000] {logging_mixin.py:190} INFO - [2024-09-26T00:44:56.965+0000] {dag.py:4156} INFO - Setting next_dagrun for schedule_with_cron_expression_v03 to 2024-09-12 03:00:00+00:00, run_after=2024-09-13 03:00:00+00:00
[2024-09-26T00:44:57.007+0000] {processor.py:208} INFO - Processing /opt/airflow/dags/deck_with_cron_expression.py took 0.202 seconds
[2024-09-26T00:45:27.639+0000] {processor.py:186} INFO - Started process (PID=134004) to work on /opt/airflow/dags/deck_with_cron_expression.py
[2024-09-26T00:45:27.642+0000] {processor.py:914} INFO - Processing file /opt/airflow/dags/deck_with_cron_expression.py for tasks to queue
[2024-09-26T00:45:27.645+0000] {logging_mixin.py:190} INFO - [2024-09-26T00:45:27.645+0000] {dagbag.py:587} INFO - Filling up the DagBag from /opt/airflow/dags/deck_with_cron_expression.py
[2024-09-26T00:45:27.760+0000] {processor.py:925} INFO - DAG(s) 'schedule_with_cron_expression_v03' retrieved from /opt/airflow/dags/deck_with_cron_expression.py
[2024-09-26T00:45:27.807+0000] {logging_mixin.py:190} INFO - [2024-09-26T00:45:27.806+0000] {dag.py:3229} INFO - Sync 1 DAGs
[2024-09-26T00:45:27.840+0000] {logging_mixin.py:190} INFO - [2024-09-26T00:45:27.840+0000] {dag.py:4156} INFO - Setting next_dagrun for schedule_with_cron_expression_v03 to 2024-09-12 03:00:00+00:00, run_after=2024-09-13 03:00:00+00:00
[2024-09-26T00:45:27.883+0000] {processor.py:208} INFO - Processing /opt/airflow/dags/deck_with_cron_expression.py took 0.254 seconds
[2024-09-26T00:45:58.130+0000] {processor.py:186} INFO - Started process (PID=134047) to work on /opt/airflow/dags/deck_with_cron_expression.py
[2024-09-26T00:45:58.132+0000] {processor.py:914} INFO - Processing file /opt/airflow/dags/deck_with_cron_expression.py for tasks to queue
[2024-09-26T00:45:58.134+0000] {logging_mixin.py:190} INFO - [2024-09-26T00:45:58.134+0000] {dagbag.py:587} INFO - Filling up the DagBag from /opt/airflow/dags/deck_with_cron_expression.py
[2024-09-26T00:45:58.238+0000] {processor.py:925} INFO - DAG(s) 'schedule_with_cron_expression_v03' retrieved from /opt/airflow/dags/deck_with_cron_expression.py
[2024-09-26T00:45:58.272+0000] {logging_mixin.py:190} INFO - [2024-09-26T00:45:58.271+0000] {dag.py:3229} INFO - Sync 1 DAGs
[2024-09-26T00:45:58.295+0000] {logging_mixin.py:190} INFO - [2024-09-26T00:45:58.295+0000] {dag.py:4156} INFO - Setting next_dagrun for schedule_with_cron_expression_v03 to 2024-09-12 03:00:00+00:00, run_after=2024-09-13 03:00:00+00:00
[2024-09-26T00:45:58.328+0000] {processor.py:208} INFO - Processing /opt/airflow/dags/deck_with_cron_expression.py took 0.204 seconds
[2024-09-26T00:46:28.745+0000] {processor.py:186} INFO - Started process (PID=134090) to work on /opt/airflow/dags/deck_with_cron_expression.py
[2024-09-26T00:46:28.746+0000] {processor.py:914} INFO - Processing file /opt/airflow/dags/deck_with_cron_expression.py for tasks to queue
[2024-09-26T00:46:28.748+0000] {logging_mixin.py:190} INFO - [2024-09-26T00:46:28.748+0000] {dagbag.py:587} INFO - Filling up the DagBag from /opt/airflow/dags/deck_with_cron_expression.py
[2024-09-26T00:46:28.841+0000] {processor.py:925} INFO - DAG(s) 'schedule_with_cron_expression_v03' retrieved from /opt/airflow/dags/deck_with_cron_expression.py
[2024-09-26T00:46:28.873+0000] {logging_mixin.py:190} INFO - [2024-09-26T00:46:28.873+0000] {dag.py:3229} INFO - Sync 1 DAGs
[2024-09-26T00:46:28.899+0000] {logging_mixin.py:190} INFO - [2024-09-26T00:46:28.899+0000] {dag.py:4156} INFO - Setting next_dagrun for schedule_with_cron_expression_v03 to 2024-09-12 03:00:00+00:00, run_after=2024-09-13 03:00:00+00:00
[2024-09-26T00:46:28.930+0000] {processor.py:208} INFO - Processing /opt/airflow/dags/deck_with_cron_expression.py took 0.190 seconds
[2024-09-26T00:46:59.455+0000] {processor.py:186} INFO - Started process (PID=134133) to work on /opt/airflow/dags/deck_with_cron_expression.py
[2024-09-26T00:46:59.457+0000] {processor.py:914} INFO - Processing file /opt/airflow/dags/deck_with_cron_expression.py for tasks to queue
[2024-09-26T00:46:59.459+0000] {logging_mixin.py:190} INFO - [2024-09-26T00:46:59.459+0000] {dagbag.py:587} INFO - Filling up the DagBag from /opt/airflow/dags/deck_with_cron_expression.py
[2024-09-26T00:46:59.575+0000] {processor.py:925} INFO - DAG(s) 'schedule_with_cron_expression_v03' retrieved from /opt/airflow/dags/deck_with_cron_expression.py
[2024-09-26T00:46:59.618+0000] {logging_mixin.py:190} INFO - [2024-09-26T00:46:59.618+0000] {dag.py:3229} INFO - Sync 1 DAGs
[2024-09-26T00:46:59.639+0000] {logging_mixin.py:190} INFO - [2024-09-26T00:46:59.639+0000] {dag.py:4156} INFO - Setting next_dagrun for schedule_with_cron_expression_v03 to 2024-09-12 03:00:00+00:00, run_after=2024-09-13 03:00:00+00:00
[2024-09-26T00:46:59.669+0000] {processor.py:208} INFO - Processing /opt/airflow/dags/deck_with_cron_expression.py took 0.221 seconds
[2024-09-26T00:47:30.053+0000] {processor.py:186} INFO - Started process (PID=134176) to work on /opt/airflow/dags/deck_with_cron_expression.py
[2024-09-26T00:47:30.055+0000] {processor.py:914} INFO - Processing file /opt/airflow/dags/deck_with_cron_expression.py for tasks to queue
[2024-09-26T00:47:30.057+0000] {logging_mixin.py:190} INFO - [2024-09-26T00:47:30.057+0000] {dagbag.py:587} INFO - Filling up the DagBag from /opt/airflow/dags/deck_with_cron_expression.py
[2024-09-26T00:47:30.126+0000] {processor.py:925} INFO - DAG(s) 'schedule_with_cron_expression_v03' retrieved from /opt/airflow/dags/deck_with_cron_expression.py
[2024-09-26T00:47:30.153+0000] {logging_mixin.py:190} INFO - [2024-09-26T00:47:30.152+0000] {dag.py:3229} INFO - Sync 1 DAGs
[2024-09-26T00:47:30.173+0000] {logging_mixin.py:190} INFO - [2024-09-26T00:47:30.173+0000] {dag.py:4156} INFO - Setting next_dagrun for schedule_with_cron_expression_v03 to 2024-09-12 03:00:00+00:00, run_after=2024-09-13 03:00:00+00:00
[2024-09-26T00:47:30.200+0000] {processor.py:208} INFO - Processing /opt/airflow/dags/deck_with_cron_expression.py took 0.153 seconds
[2024-09-26T00:48:00.562+0000] {processor.py:186} INFO - Started process (PID=134219) to work on /opt/airflow/dags/deck_with_cron_expression.py
[2024-09-26T00:48:00.564+0000] {processor.py:914} INFO - Processing file /opt/airflow/dags/deck_with_cron_expression.py for tasks to queue
[2024-09-26T00:48:00.566+0000] {logging_mixin.py:190} INFO - [2024-09-26T00:48:00.565+0000] {dagbag.py:587} INFO - Filling up the DagBag from /opt/airflow/dags/deck_with_cron_expression.py
[2024-09-26T00:48:00.649+0000] {processor.py:925} INFO - DAG(s) 'schedule_with_cron_expression_v03' retrieved from /opt/airflow/dags/deck_with_cron_expression.py
[2024-09-26T00:48:00.677+0000] {logging_mixin.py:190} INFO - [2024-09-26T00:48:00.677+0000] {dag.py:3229} INFO - Sync 1 DAGs
[2024-09-26T00:48:00.712+0000] {logging_mixin.py:190} INFO - [2024-09-26T00:48:00.712+0000] {dag.py:4156} INFO - Setting next_dagrun for schedule_with_cron_expression_v03 to 2024-09-12 03:00:00+00:00, run_after=2024-09-13 03:00:00+00:00
[2024-09-26T00:48:00.748+0000] {processor.py:208} INFO - Processing /opt/airflow/dags/deck_with_cron_expression.py took 0.192 seconds
[2024-09-26T00:48:31.147+0000] {processor.py:186} INFO - Started process (PID=134262) to work on /opt/airflow/dags/deck_with_cron_expression.py
[2024-09-26T00:48:31.149+0000] {processor.py:914} INFO - Processing file /opt/airflow/dags/deck_with_cron_expression.py for tasks to queue
[2024-09-26T00:48:31.151+0000] {logging_mixin.py:190} INFO - [2024-09-26T00:48:31.151+0000] {dagbag.py:587} INFO - Filling up the DagBag from /opt/airflow/dags/deck_with_cron_expression.py
[2024-09-26T00:48:31.216+0000] {processor.py:925} INFO - DAG(s) 'schedule_with_cron_expression_v03' retrieved from /opt/airflow/dags/deck_with_cron_expression.py
[2024-09-26T00:48:31.255+0000] {logging_mixin.py:190} INFO - [2024-09-26T00:48:31.254+0000] {dag.py:3229} INFO - Sync 1 DAGs
[2024-09-26T00:48:31.289+0000] {logging_mixin.py:190} INFO - [2024-09-26T00:48:31.288+0000] {dag.py:4156} INFO - Setting next_dagrun for schedule_with_cron_expression_v03 to 2024-09-12 03:00:00+00:00, run_after=2024-09-13 03:00:00+00:00
[2024-09-26T00:48:31.328+0000] {processor.py:208} INFO - Processing /opt/airflow/dags/deck_with_cron_expression.py took 0.187 seconds
[2024-09-26T00:49:01.692+0000] {processor.py:186} INFO - Started process (PID=134305) to work on /opt/airflow/dags/deck_with_cron_expression.py
[2024-09-26T00:49:01.694+0000] {processor.py:914} INFO - Processing file /opt/airflow/dags/deck_with_cron_expression.py for tasks to queue
[2024-09-26T00:49:01.697+0000] {logging_mixin.py:190} INFO - [2024-09-26T00:49:01.696+0000] {dagbag.py:587} INFO - Filling up the DagBag from /opt/airflow/dags/deck_with_cron_expression.py
[2024-09-26T00:49:01.778+0000] {processor.py:925} INFO - DAG(s) 'schedule_with_cron_expression_v03' retrieved from /opt/airflow/dags/deck_with_cron_expression.py
[2024-09-26T00:49:01.813+0000] {logging_mixin.py:190} INFO - [2024-09-26T00:49:01.813+0000] {dag.py:3229} INFO - Sync 1 DAGs
[2024-09-26T00:49:01.841+0000] {logging_mixin.py:190} INFO - [2024-09-26T00:49:01.841+0000] {dag.py:4156} INFO - Setting next_dagrun for schedule_with_cron_expression_v03 to 2024-09-12 03:00:00+00:00, run_after=2024-09-13 03:00:00+00:00
[2024-09-26T00:49:01.878+0000] {processor.py:208} INFO - Processing /opt/airflow/dags/deck_with_cron_expression.py took 0.193 seconds
[2024-09-26T00:49:32.451+0000] {processor.py:186} INFO - Started process (PID=134348) to work on /opt/airflow/dags/deck_with_cron_expression.py
[2024-09-26T00:49:32.453+0000] {processor.py:914} INFO - Processing file /opt/airflow/dags/deck_with_cron_expression.py for tasks to queue
[2024-09-26T00:49:32.459+0000] {logging_mixin.py:190} INFO - [2024-09-26T00:49:32.458+0000] {dagbag.py:587} INFO - Filling up the DagBag from /opt/airflow/dags/deck_with_cron_expression.py
[2024-09-26T00:49:32.583+0000] {processor.py:925} INFO - DAG(s) 'schedule_with_cron_expression_v03' retrieved from /opt/airflow/dags/deck_with_cron_expression.py
[2024-09-26T00:49:32.625+0000] {logging_mixin.py:190} INFO - [2024-09-26T00:49:32.625+0000] {dag.py:3229} INFO - Sync 1 DAGs
[2024-09-26T00:49:32.653+0000] {logging_mixin.py:190} INFO - [2024-09-26T00:49:32.653+0000] {dag.py:4156} INFO - Setting next_dagrun for schedule_with_cron_expression_v03 to 2024-09-12 03:00:00+00:00, run_after=2024-09-13 03:00:00+00:00
[2024-09-26T00:49:32.681+0000] {processor.py:208} INFO - Processing /opt/airflow/dags/deck_with_cron_expression.py took 0.247 seconds
[2024-09-26T00:50:02.938+0000] {processor.py:186} INFO - Started process (PID=134391) to work on /opt/airflow/dags/deck_with_cron_expression.py
[2024-09-26T00:50:02.940+0000] {processor.py:914} INFO - Processing file /opt/airflow/dags/deck_with_cron_expression.py for tasks to queue
[2024-09-26T00:50:02.944+0000] {logging_mixin.py:190} INFO - [2024-09-26T00:50:02.943+0000] {dagbag.py:587} INFO - Filling up the DagBag from /opt/airflow/dags/deck_with_cron_expression.py
[2024-09-26T00:50:03.035+0000] {processor.py:925} INFO - DAG(s) 'schedule_with_cron_expression_v03' retrieved from /opt/airflow/dags/deck_with_cron_expression.py
[2024-09-26T00:50:03.058+0000] {logging_mixin.py:190} INFO - [2024-09-26T00:50:03.057+0000] {dag.py:3229} INFO - Sync 1 DAGs
[2024-09-26T00:50:03.086+0000] {logging_mixin.py:190} INFO - [2024-09-26T00:50:03.086+0000] {dag.py:4156} INFO - Setting next_dagrun for schedule_with_cron_expression_v03 to 2024-09-12 03:00:00+00:00, run_after=2024-09-13 03:00:00+00:00
[2024-09-26T00:50:03.114+0000] {processor.py:208} INFO - Processing /opt/airflow/dags/deck_with_cron_expression.py took 0.182 seconds
[2024-09-26T00:50:33.399+0000] {processor.py:186} INFO - Started process (PID=134434) to work on /opt/airflow/dags/deck_with_cron_expression.py
[2024-09-26T00:50:33.401+0000] {processor.py:914} INFO - Processing file /opt/airflow/dags/deck_with_cron_expression.py for tasks to queue
[2024-09-26T00:50:33.404+0000] {logging_mixin.py:190} INFO - [2024-09-26T00:50:33.403+0000] {dagbag.py:587} INFO - Filling up the DagBag from /opt/airflow/dags/deck_with_cron_expression.py
[2024-09-26T00:50:33.486+0000] {processor.py:925} INFO - DAG(s) 'schedule_with_cron_expression_v03' retrieved from /opt/airflow/dags/deck_with_cron_expression.py
[2024-09-26T00:50:33.510+0000] {logging_mixin.py:190} INFO - [2024-09-26T00:50:33.509+0000] {dag.py:3229} INFO - Sync 1 DAGs
[2024-09-26T00:50:33.532+0000] {logging_mixin.py:190} INFO - [2024-09-26T00:50:33.532+0000] {dag.py:4156} INFO - Setting next_dagrun for schedule_with_cron_expression_v03 to 2024-09-12 03:00:00+00:00, run_after=2024-09-13 03:00:00+00:00
[2024-09-26T00:50:33.563+0000] {processor.py:208} INFO - Processing /opt/airflow/dags/deck_with_cron_expression.py took 0.173 seconds
[2024-09-26T00:51:03.905+0000] {processor.py:186} INFO - Started process (PID=134477) to work on /opt/airflow/dags/deck_with_cron_expression.py
[2024-09-26T00:51:03.907+0000] {processor.py:914} INFO - Processing file /opt/airflow/dags/deck_with_cron_expression.py for tasks to queue
[2024-09-26T00:51:03.909+0000] {logging_mixin.py:190} INFO - [2024-09-26T00:51:03.909+0000] {dagbag.py:587} INFO - Filling up the DagBag from /opt/airflow/dags/deck_with_cron_expression.py
[2024-09-26T00:51:04.002+0000] {processor.py:925} INFO - DAG(s) 'schedule_with_cron_expression_v03' retrieved from /opt/airflow/dags/deck_with_cron_expression.py
[2024-09-26T00:51:04.032+0000] {logging_mixin.py:190} INFO - [2024-09-26T00:51:04.031+0000] {dag.py:3229} INFO - Sync 1 DAGs
[2024-09-26T00:51:04.060+0000] {logging_mixin.py:190} INFO - [2024-09-26T00:51:04.059+0000] {dag.py:4156} INFO - Setting next_dagrun for schedule_with_cron_expression_v03 to 2024-09-12 03:00:00+00:00, run_after=2024-09-13 03:00:00+00:00
[2024-09-26T00:51:04.128+0000] {processor.py:208} INFO - Processing /opt/airflow/dags/deck_with_cron_expression.py took 0.230 seconds
[2024-09-26T00:51:34.611+0000] {processor.py:186} INFO - Started process (PID=134520) to work on /opt/airflow/dags/deck_with_cron_expression.py
[2024-09-26T00:51:34.613+0000] {processor.py:914} INFO - Processing file /opt/airflow/dags/deck_with_cron_expression.py for tasks to queue
[2024-09-26T00:51:34.616+0000] {logging_mixin.py:190} INFO - [2024-09-26T00:51:34.615+0000] {dagbag.py:587} INFO - Filling up the DagBag from /opt/airflow/dags/deck_with_cron_expression.py
[2024-09-26T00:51:34.703+0000] {processor.py:925} INFO - DAG(s) 'schedule_with_cron_expression_v03' retrieved from /opt/airflow/dags/deck_with_cron_expression.py
[2024-09-26T00:51:34.729+0000] {logging_mixin.py:190} INFO - [2024-09-26T00:51:34.729+0000] {dag.py:3229} INFO - Sync 1 DAGs
[2024-09-26T00:51:34.757+0000] {logging_mixin.py:190} INFO - [2024-09-26T00:51:34.757+0000] {dag.py:4156} INFO - Setting next_dagrun for schedule_with_cron_expression_v03 to 2024-09-12 03:00:00+00:00, run_after=2024-09-13 03:00:00+00:00
[2024-09-26T00:51:34.786+0000] {processor.py:208} INFO - Processing /opt/airflow/dags/deck_with_cron_expression.py took 0.182 seconds
[2024-09-26T00:52:05.218+0000] {processor.py:186} INFO - Started process (PID=134563) to work on /opt/airflow/dags/deck_with_cron_expression.py
[2024-09-26T00:52:05.220+0000] {processor.py:914} INFO - Processing file /opt/airflow/dags/deck_with_cron_expression.py for tasks to queue
[2024-09-26T00:52:05.222+0000] {logging_mixin.py:190} INFO - [2024-09-26T00:52:05.222+0000] {dagbag.py:587} INFO - Filling up the DagBag from /opt/airflow/dags/deck_with_cron_expression.py
[2024-09-26T00:52:05.327+0000] {processor.py:925} INFO - DAG(s) 'schedule_with_cron_expression_v03' retrieved from /opt/airflow/dags/deck_with_cron_expression.py
[2024-09-26T00:52:05.366+0000] {logging_mixin.py:190} INFO - [2024-09-26T00:52:05.366+0000] {dag.py:3229} INFO - Sync 1 DAGs
[2024-09-26T00:52:05.390+0000] {logging_mixin.py:190} INFO - [2024-09-26T00:52:05.390+0000] {dag.py:4156} INFO - Setting next_dagrun for schedule_with_cron_expression_v03 to 2024-09-12 03:00:00+00:00, run_after=2024-09-13 03:00:00+00:00
[2024-09-26T00:52:05.416+0000] {processor.py:208} INFO - Processing /opt/airflow/dags/deck_with_cron_expression.py took 0.206 seconds
[2024-09-26T00:52:35.786+0000] {processor.py:186} INFO - Started process (PID=134606) to work on /opt/airflow/dags/deck_with_cron_expression.py
[2024-09-26T00:52:35.788+0000] {processor.py:914} INFO - Processing file /opt/airflow/dags/deck_with_cron_expression.py for tasks to queue
[2024-09-26T00:52:35.791+0000] {logging_mixin.py:190} INFO - [2024-09-26T00:52:35.791+0000] {dagbag.py:587} INFO - Filling up the DagBag from /opt/airflow/dags/deck_with_cron_expression.py
[2024-09-26T00:52:35.897+0000] {processor.py:925} INFO - DAG(s) 'schedule_with_cron_expression_v03' retrieved from /opt/airflow/dags/deck_with_cron_expression.py
[2024-09-26T00:52:35.920+0000] {logging_mixin.py:190} INFO - [2024-09-26T00:52:35.919+0000] {dag.py:3229} INFO - Sync 1 DAGs
[2024-09-26T00:52:35.941+0000] {logging_mixin.py:190} INFO - [2024-09-26T00:52:35.941+0000] {dag.py:4156} INFO - Setting next_dagrun for schedule_with_cron_expression_v03 to 2024-09-12 03:00:00+00:00, run_after=2024-09-13 03:00:00+00:00
[2024-09-26T00:52:35.963+0000] {processor.py:208} INFO - Processing /opt/airflow/dags/deck_with_cron_expression.py took 0.188 seconds
[2024-09-26T00:53:06.123+0000] {processor.py:186} INFO - Started process (PID=134649) to work on /opt/airflow/dags/deck_with_cron_expression.py
[2024-09-26T00:53:06.125+0000] {processor.py:914} INFO - Processing file /opt/airflow/dags/deck_with_cron_expression.py for tasks to queue
[2024-09-26T00:53:06.126+0000] {logging_mixin.py:190} INFO - [2024-09-26T00:53:06.126+0000] {dagbag.py:587} INFO - Filling up the DagBag from /opt/airflow/dags/deck_with_cron_expression.py
[2024-09-26T00:53:06.198+0000] {processor.py:925} INFO - DAG(s) 'schedule_with_cron_expression_v03' retrieved from /opt/airflow/dags/deck_with_cron_expression.py
[2024-09-26T00:53:06.228+0000] {logging_mixin.py:190} INFO - [2024-09-26T00:53:06.228+0000] {dag.py:3229} INFO - Sync 1 DAGs
[2024-09-26T00:53:06.251+0000] {logging_mixin.py:190} INFO - [2024-09-26T00:53:06.251+0000] {dag.py:4156} INFO - Setting next_dagrun for schedule_with_cron_expression_v03 to 2024-09-12 03:00:00+00:00, run_after=2024-09-13 03:00:00+00:00
[2024-09-26T00:53:06.276+0000] {processor.py:208} INFO - Processing /opt/airflow/dags/deck_with_cron_expression.py took 0.158 seconds
[2024-09-26T00:53:37.014+0000] {processor.py:186} INFO - Started process (PID=134692) to work on /opt/airflow/dags/deck_with_cron_expression.py
[2024-09-26T00:53:37.016+0000] {processor.py:914} INFO - Processing file /opt/airflow/dags/deck_with_cron_expression.py for tasks to queue
[2024-09-26T00:53:37.019+0000] {logging_mixin.py:190} INFO - [2024-09-26T00:53:37.018+0000] {dagbag.py:587} INFO - Filling up the DagBag from /opt/airflow/dags/deck_with_cron_expression.py
[2024-09-26T00:53:37.100+0000] {processor.py:925} INFO - DAG(s) 'schedule_with_cron_expression_v03' retrieved from /opt/airflow/dags/deck_with_cron_expression.py
[2024-09-26T00:53:37.127+0000] {logging_mixin.py:190} INFO - [2024-09-26T00:53:37.127+0000] {dag.py:3229} INFO - Sync 1 DAGs
[2024-09-26T00:53:37.152+0000] {logging_mixin.py:190} INFO - [2024-09-26T00:53:37.151+0000] {dag.py:4156} INFO - Setting next_dagrun for schedule_with_cron_expression_v03 to 2024-09-12 03:00:00+00:00, run_after=2024-09-13 03:00:00+00:00
[2024-09-26T00:53:37.181+0000] {processor.py:208} INFO - Processing /opt/airflow/dags/deck_with_cron_expression.py took 0.174 seconds
[2024-09-26T00:54:07.560+0000] {processor.py:186} INFO - Started process (PID=134735) to work on /opt/airflow/dags/deck_with_cron_expression.py
[2024-09-26T00:54:07.561+0000] {processor.py:914} INFO - Processing file /opt/airflow/dags/deck_with_cron_expression.py for tasks to queue
[2024-09-26T00:54:07.563+0000] {logging_mixin.py:190} INFO - [2024-09-26T00:54:07.563+0000] {dagbag.py:587} INFO - Filling up the DagBag from /opt/airflow/dags/deck_with_cron_expression.py
[2024-09-26T00:54:07.681+0000] {processor.py:925} INFO - DAG(s) 'schedule_with_cron_expression_v03' retrieved from /opt/airflow/dags/deck_with_cron_expression.py
[2024-09-26T00:54:07.722+0000] {logging_mixin.py:190} INFO - [2024-09-26T00:54:07.722+0000] {dag.py:3229} INFO - Sync 1 DAGs
[2024-09-26T00:54:07.747+0000] {logging_mixin.py:190} INFO - [2024-09-26T00:54:07.747+0000] {dag.py:4156} INFO - Setting next_dagrun for schedule_with_cron_expression_v03 to 2024-09-12 03:00:00+00:00, run_after=2024-09-13 03:00:00+00:00
[2024-09-26T00:54:07.781+0000] {processor.py:208} INFO - Processing /opt/airflow/dags/deck_with_cron_expression.py took 0.232 seconds
[2024-09-26T00:54:38.277+0000] {processor.py:186} INFO - Started process (PID=134778) to work on /opt/airflow/dags/deck_with_cron_expression.py
[2024-09-26T00:54:38.278+0000] {processor.py:914} INFO - Processing file /opt/airflow/dags/deck_with_cron_expression.py for tasks to queue
[2024-09-26T00:54:38.281+0000] {logging_mixin.py:190} INFO - [2024-09-26T00:54:38.280+0000] {dagbag.py:587} INFO - Filling up the DagBag from /opt/airflow/dags/deck_with_cron_expression.py
[2024-09-26T00:54:38.436+0000] {processor.py:925} INFO - DAG(s) 'schedule_with_cron_expression_v03' retrieved from /opt/airflow/dags/deck_with_cron_expression.py
[2024-09-26T00:54:38.478+0000] {logging_mixin.py:190} INFO - [2024-09-26T00:54:38.478+0000] {dag.py:3229} INFO - Sync 1 DAGs
[2024-09-26T00:54:38.502+0000] {logging_mixin.py:190} INFO - [2024-09-26T00:54:38.502+0000] {dag.py:4156} INFO - Setting next_dagrun for schedule_with_cron_expression_v03 to 2024-09-12 03:00:00+00:00, run_after=2024-09-13 03:00:00+00:00
[2024-09-26T00:54:38.534+0000] {processor.py:208} INFO - Processing /opt/airflow/dags/deck_with_cron_expression.py took 0.264 seconds
[2024-09-26T00:55:08.871+0000] {processor.py:186} INFO - Started process (PID=134821) to work on /opt/airflow/dags/deck_with_cron_expression.py
[2024-09-26T00:55:08.874+0000] {processor.py:914} INFO - Processing file /opt/airflow/dags/deck_with_cron_expression.py for tasks to queue
[2024-09-26T00:55:08.877+0000] {logging_mixin.py:190} INFO - [2024-09-26T00:55:08.877+0000] {dagbag.py:587} INFO - Filling up the DagBag from /opt/airflow/dags/deck_with_cron_expression.py
[2024-09-26T00:55:08.977+0000] {processor.py:925} INFO - DAG(s) 'schedule_with_cron_expression_v03' retrieved from /opt/airflow/dags/deck_with_cron_expression.py
[2024-09-26T00:55:08.999+0000] {logging_mixin.py:190} INFO - [2024-09-26T00:55:08.999+0000] {dag.py:3229} INFO - Sync 1 DAGs
[2024-09-26T00:55:09.021+0000] {logging_mixin.py:190} INFO - [2024-09-26T00:55:09.021+0000] {dag.py:4156} INFO - Setting next_dagrun for schedule_with_cron_expression_v03 to 2024-09-12 03:00:00+00:00, run_after=2024-09-13 03:00:00+00:00
[2024-09-26T00:55:09.049+0000] {processor.py:208} INFO - Processing /opt/airflow/dags/deck_with_cron_expression.py took 0.192 seconds
[2024-09-26T00:55:39.503+0000] {processor.py:186} INFO - Started process (PID=134864) to work on /opt/airflow/dags/deck_with_cron_expression.py
[2024-09-26T00:55:39.504+0000] {processor.py:914} INFO - Processing file /opt/airflow/dags/deck_with_cron_expression.py for tasks to queue
[2024-09-26T00:55:39.506+0000] {logging_mixin.py:190} INFO - [2024-09-26T00:55:39.506+0000] {dagbag.py:587} INFO - Filling up the DagBag from /opt/airflow/dags/deck_with_cron_expression.py
[2024-09-26T00:55:39.607+0000] {processor.py:925} INFO - DAG(s) 'schedule_with_cron_expression_v03' retrieved from /opt/airflow/dags/deck_with_cron_expression.py
[2024-09-26T00:55:39.641+0000] {logging_mixin.py:190} INFO - [2024-09-26T00:55:39.641+0000] {dag.py:3229} INFO - Sync 1 DAGs
[2024-09-26T00:55:39.663+0000] {logging_mixin.py:190} INFO - [2024-09-26T00:55:39.663+0000] {dag.py:4156} INFO - Setting next_dagrun for schedule_with_cron_expression_v03 to 2024-09-12 03:00:00+00:00, run_after=2024-09-13 03:00:00+00:00
[2024-09-26T00:55:39.688+0000] {processor.py:208} INFO - Processing /opt/airflow/dags/deck_with_cron_expression.py took 0.191 seconds
[2024-09-26T00:56:10.151+0000] {processor.py:186} INFO - Started process (PID=134907) to work on /opt/airflow/dags/deck_with_cron_expression.py
[2024-09-26T00:56:10.153+0000] {processor.py:914} INFO - Processing file /opt/airflow/dags/deck_with_cron_expression.py for tasks to queue
[2024-09-26T00:56:10.156+0000] {logging_mixin.py:190} INFO - [2024-09-26T00:56:10.156+0000] {dagbag.py:587} INFO - Filling up the DagBag from /opt/airflow/dags/deck_with_cron_expression.py
[2024-09-26T00:56:10.259+0000] {processor.py:925} INFO - DAG(s) 'schedule_with_cron_expression_v03' retrieved from /opt/airflow/dags/deck_with_cron_expression.py
[2024-09-26T00:56:10.282+0000] {logging_mixin.py:190} INFO - [2024-09-26T00:56:10.281+0000] {dag.py:3229} INFO - Sync 1 DAGs
[2024-09-26T00:56:10.304+0000] {logging_mixin.py:190} INFO - [2024-09-26T00:56:10.303+0000] {dag.py:4156} INFO - Setting next_dagrun for schedule_with_cron_expression_v03 to 2024-09-12 03:00:00+00:00, run_after=2024-09-13 03:00:00+00:00
[2024-09-26T00:56:10.329+0000] {processor.py:208} INFO - Processing /opt/airflow/dags/deck_with_cron_expression.py took 0.190 seconds
[2024-09-26T00:56:40.735+0000] {processor.py:186} INFO - Started process (PID=134950) to work on /opt/airflow/dags/deck_with_cron_expression.py
[2024-09-26T00:56:40.737+0000] {processor.py:914} INFO - Processing file /opt/airflow/dags/deck_with_cron_expression.py for tasks to queue
[2024-09-26T00:56:40.739+0000] {logging_mixin.py:190} INFO - [2024-09-26T00:56:40.738+0000] {dagbag.py:587} INFO - Filling up the DagBag from /opt/airflow/dags/deck_with_cron_expression.py
[2024-09-26T00:56:40.862+0000] {processor.py:925} INFO - DAG(s) 'schedule_with_cron_expression_v03' retrieved from /opt/airflow/dags/deck_with_cron_expression.py
[2024-09-26T00:56:40.910+0000] {logging_mixin.py:190} INFO - [2024-09-26T00:56:40.910+0000] {dag.py:3229} INFO - Sync 1 DAGs
[2024-09-26T00:56:40.951+0000] {logging_mixin.py:190} INFO - [2024-09-26T00:56:40.951+0000] {dag.py:4156} INFO - Setting next_dagrun for schedule_with_cron_expression_v03 to 2024-09-12 03:00:00+00:00, run_after=2024-09-13 03:00:00+00:00
[2024-09-26T00:56:40.979+0000] {processor.py:208} INFO - Processing /opt/airflow/dags/deck_with_cron_expression.py took 0.250 seconds
[2024-09-26T00:57:11.234+0000] {processor.py:186} INFO - Started process (PID=134993) to work on /opt/airflow/dags/deck_with_cron_expression.py
[2024-09-26T00:57:11.236+0000] {processor.py:914} INFO - Processing file /opt/airflow/dags/deck_with_cron_expression.py for tasks to queue
[2024-09-26T00:57:11.238+0000] {logging_mixin.py:190} INFO - [2024-09-26T00:57:11.237+0000] {dagbag.py:587} INFO - Filling up the DagBag from /opt/airflow/dags/deck_with_cron_expression.py
[2024-09-26T00:57:11.320+0000] {processor.py:925} INFO - DAG(s) 'schedule_with_cron_expression_v03' retrieved from /opt/airflow/dags/deck_with_cron_expression.py
[2024-09-26T00:57:11.347+0000] {logging_mixin.py:190} INFO - [2024-09-26T00:57:11.347+0000] {dag.py:3229} INFO - Sync 1 DAGs
[2024-09-26T00:57:11.372+0000] {logging_mixin.py:190} INFO - [2024-09-26T00:57:11.372+0000] {dag.py:4156} INFO - Setting next_dagrun for schedule_with_cron_expression_v03 to 2024-09-12 03:00:00+00:00, run_after=2024-09-13 03:00:00+00:00
[2024-09-26T00:57:11.398+0000] {processor.py:208} INFO - Processing /opt/airflow/dags/deck_with_cron_expression.py took 0.169 seconds
[2024-09-26T00:57:41.747+0000] {processor.py:186} INFO - Started process (PID=135036) to work on /opt/airflow/dags/deck_with_cron_expression.py
[2024-09-26T00:57:41.748+0000] {processor.py:914} INFO - Processing file /opt/airflow/dags/deck_with_cron_expression.py for tasks to queue
[2024-09-26T00:57:41.750+0000] {logging_mixin.py:190} INFO - [2024-09-26T00:57:41.750+0000] {dagbag.py:587} INFO - Filling up the DagBag from /opt/airflow/dags/deck_with_cron_expression.py
[2024-09-26T00:57:41.821+0000] {processor.py:925} INFO - DAG(s) 'schedule_with_cron_expression_v03' retrieved from /opt/airflow/dags/deck_with_cron_expression.py
[2024-09-26T00:57:41.846+0000] {logging_mixin.py:190} INFO - [2024-09-26T00:57:41.846+0000] {dag.py:3229} INFO - Sync 1 DAGs
[2024-09-26T00:57:41.873+0000] {logging_mixin.py:190} INFO - [2024-09-26T00:57:41.873+0000] {dag.py:4156} INFO - Setting next_dagrun for schedule_with_cron_expression_v03 to 2024-09-12 03:00:00+00:00, run_after=2024-09-13 03:00:00+00:00
[2024-09-26T00:57:41.904+0000] {processor.py:208} INFO - Processing /opt/airflow/dags/deck_with_cron_expression.py took 0.164 seconds
[2024-09-26T00:58:12.404+0000] {processor.py:186} INFO - Started process (PID=135079) to work on /opt/airflow/dags/deck_with_cron_expression.py
[2024-09-26T00:58:12.406+0000] {processor.py:914} INFO - Processing file /opt/airflow/dags/deck_with_cron_expression.py for tasks to queue
[2024-09-26T00:58:12.409+0000] {logging_mixin.py:190} INFO - [2024-09-26T00:58:12.409+0000] {dagbag.py:587} INFO - Filling up the DagBag from /opt/airflow/dags/deck_with_cron_expression.py
[2024-09-26T00:58:12.479+0000] {processor.py:925} INFO - DAG(s) 'schedule_with_cron_expression_v03' retrieved from /opt/airflow/dags/deck_with_cron_expression.py
[2024-09-26T00:58:12.505+0000] {logging_mixin.py:190} INFO - [2024-09-26T00:58:12.505+0000] {dag.py:3229} INFO - Sync 1 DAGs
[2024-09-26T00:58:12.532+0000] {logging_mixin.py:190} INFO - [2024-09-26T00:58:12.532+0000] {dag.py:4156} INFO - Setting next_dagrun for schedule_with_cron_expression_v03 to 2024-09-12 03:00:00+00:00, run_after=2024-09-13 03:00:00+00:00
[2024-09-26T00:58:12.568+0000] {processor.py:208} INFO - Processing /opt/airflow/dags/deck_with_cron_expression.py took 0.172 seconds
[2024-09-26T00:58:42.949+0000] {processor.py:186} INFO - Started process (PID=135122) to work on /opt/airflow/dags/deck_with_cron_expression.py
[2024-09-26T00:58:42.951+0000] {processor.py:914} INFO - Processing file /opt/airflow/dags/deck_with_cron_expression.py for tasks to queue
[2024-09-26T00:58:42.953+0000] {logging_mixin.py:190} INFO - [2024-09-26T00:58:42.952+0000] {dagbag.py:587} INFO - Filling up the DagBag from /opt/airflow/dags/deck_with_cron_expression.py
[2024-09-26T00:58:43.064+0000] {processor.py:925} INFO - DAG(s) 'schedule_with_cron_expression_v03' retrieved from /opt/airflow/dags/deck_with_cron_expression.py
[2024-09-26T00:58:43.112+0000] {logging_mixin.py:190} INFO - [2024-09-26T00:58:43.112+0000] {dag.py:3229} INFO - Sync 1 DAGs
[2024-09-26T00:58:43.135+0000] {logging_mixin.py:190} INFO - [2024-09-26T00:58:43.135+0000] {dag.py:4156} INFO - Setting next_dagrun for schedule_with_cron_expression_v03 to 2024-09-12 03:00:00+00:00, run_after=2024-09-13 03:00:00+00:00
[2024-09-26T00:58:43.171+0000] {processor.py:208} INFO - Processing /opt/airflow/dags/deck_with_cron_expression.py took 0.227 seconds
[2024-09-26T00:59:13.475+0000] {processor.py:186} INFO - Started process (PID=135165) to work on /opt/airflow/dags/deck_with_cron_expression.py
[2024-09-26T00:59:13.478+0000] {processor.py:914} INFO - Processing file /opt/airflow/dags/deck_with_cron_expression.py for tasks to queue
[2024-09-26T00:59:13.482+0000] {logging_mixin.py:190} INFO - [2024-09-26T00:59:13.482+0000] {dagbag.py:587} INFO - Filling up the DagBag from /opt/airflow/dags/deck_with_cron_expression.py
[2024-09-26T00:59:13.587+0000] {processor.py:925} INFO - DAG(s) 'schedule_with_cron_expression_v03' retrieved from /opt/airflow/dags/deck_with_cron_expression.py
[2024-09-26T00:59:13.613+0000] {logging_mixin.py:190} INFO - [2024-09-26T00:59:13.613+0000] {dag.py:3229} INFO - Sync 1 DAGs
[2024-09-26T00:59:13.638+0000] {logging_mixin.py:190} INFO - [2024-09-26T00:59:13.638+0000] {dag.py:4156} INFO - Setting next_dagrun for schedule_with_cron_expression_v03 to 2024-09-12 03:00:00+00:00, run_after=2024-09-13 03:00:00+00:00
[2024-09-26T00:59:13.667+0000] {processor.py:208} INFO - Processing /opt/airflow/dags/deck_with_cron_expression.py took 0.203 seconds
[2024-09-26T00:59:44.026+0000] {processor.py:186} INFO - Started process (PID=135208) to work on /opt/airflow/dags/deck_with_cron_expression.py
[2024-09-26T00:59:44.028+0000] {processor.py:914} INFO - Processing file /opt/airflow/dags/deck_with_cron_expression.py for tasks to queue
[2024-09-26T00:59:44.030+0000] {logging_mixin.py:190} INFO - [2024-09-26T00:59:44.030+0000] {dagbag.py:587} INFO - Filling up the DagBag from /opt/airflow/dags/deck_with_cron_expression.py
[2024-09-26T00:59:44.145+0000] {processor.py:925} INFO - DAG(s) 'schedule_with_cron_expression_v03' retrieved from /opt/airflow/dags/deck_with_cron_expression.py
[2024-09-26T00:59:44.167+0000] {logging_mixin.py:190} INFO - [2024-09-26T00:59:44.167+0000] {dag.py:3229} INFO - Sync 1 DAGs
[2024-09-26T00:59:44.190+0000] {logging_mixin.py:190} INFO - [2024-09-26T00:59:44.190+0000] {dag.py:4156} INFO - Setting next_dagrun for schedule_with_cron_expression_v03 to 2024-09-12 03:00:00+00:00, run_after=2024-09-13 03:00:00+00:00
[2024-09-26T00:59:44.218+0000] {processor.py:208} INFO - Processing /opt/airflow/dags/deck_with_cron_expression.py took 0.200 seconds
[2024-09-26T01:00:14.450+0000] {processor.py:186} INFO - Started process (PID=135251) to work on /opt/airflow/dags/deck_with_cron_expression.py
[2024-09-26T01:00:14.451+0000] {processor.py:914} INFO - Processing file /opt/airflow/dags/deck_with_cron_expression.py for tasks to queue
[2024-09-26T01:00:14.454+0000] {logging_mixin.py:190} INFO - [2024-09-26T01:00:14.453+0000] {dagbag.py:587} INFO - Filling up the DagBag from /opt/airflow/dags/deck_with_cron_expression.py
[2024-09-26T01:00:14.552+0000] {processor.py:925} INFO - DAG(s) 'schedule_with_cron_expression_v03' retrieved from /opt/airflow/dags/deck_with_cron_expression.py
[2024-09-26T01:00:14.579+0000] {logging_mixin.py:190} INFO - [2024-09-26T01:00:14.579+0000] {dag.py:3229} INFO - Sync 1 DAGs
[2024-09-26T01:00:14.604+0000] {logging_mixin.py:190} INFO - [2024-09-26T01:00:14.604+0000] {dag.py:4156} INFO - Setting next_dagrun for schedule_with_cron_expression_v03 to 2024-09-12 03:00:00+00:00, run_after=2024-09-13 03:00:00+00:00
[2024-09-26T01:00:14.633+0000] {processor.py:208} INFO - Processing /opt/airflow/dags/deck_with_cron_expression.py took 0.194 seconds
[2024-09-26T01:00:45.026+0000] {processor.py:186} INFO - Started process (PID=135294) to work on /opt/airflow/dags/deck_with_cron_expression.py
[2024-09-26T01:00:45.028+0000] {processor.py:914} INFO - Processing file /opt/airflow/dags/deck_with_cron_expression.py for tasks to queue
[2024-09-26T01:00:45.032+0000] {logging_mixin.py:190} INFO - [2024-09-26T01:00:45.031+0000] {dagbag.py:587} INFO - Filling up the DagBag from /opt/airflow/dags/deck_with_cron_expression.py
[2024-09-26T01:00:45.131+0000] {processor.py:925} INFO - DAG(s) 'schedule_with_cron_expression_v03' retrieved from /opt/airflow/dags/deck_with_cron_expression.py
[2024-09-26T01:00:45.159+0000] {logging_mixin.py:190} INFO - [2024-09-26T01:00:45.159+0000] {dag.py:3229} INFO - Sync 1 DAGs
[2024-09-26T01:00:45.181+0000] {logging_mixin.py:190} INFO - [2024-09-26T01:00:45.181+0000] {dag.py:4156} INFO - Setting next_dagrun for schedule_with_cron_expression_v03 to 2024-09-12 03:00:00+00:00, run_after=2024-09-13 03:00:00+00:00
[2024-09-26T01:00:45.214+0000] {processor.py:208} INFO - Processing /opt/airflow/dags/deck_with_cron_expression.py took 0.200 seconds
[2024-09-26T01:01:15.602+0000] {processor.py:186} INFO - Started process (PID=135337) to work on /opt/airflow/dags/deck_with_cron_expression.py
[2024-09-26T01:01:15.604+0000] {processor.py:914} INFO - Processing file /opt/airflow/dags/deck_with_cron_expression.py for tasks to queue
[2024-09-26T01:01:15.607+0000] {logging_mixin.py:190} INFO - [2024-09-26T01:01:15.607+0000] {dagbag.py:587} INFO - Filling up the DagBag from /opt/airflow/dags/deck_with_cron_expression.py
[2024-09-26T01:01:15.728+0000] {processor.py:925} INFO - DAG(s) 'schedule_with_cron_expression_v03' retrieved from /opt/airflow/dags/deck_with_cron_expression.py
[2024-09-26T01:01:15.755+0000] {logging_mixin.py:190} INFO - [2024-09-26T01:01:15.754+0000] {dag.py:3229} INFO - Sync 1 DAGs
[2024-09-26T01:01:15.777+0000] {logging_mixin.py:190} INFO - [2024-09-26T01:01:15.777+0000] {dag.py:4156} INFO - Setting next_dagrun for schedule_with_cron_expression_v03 to 2024-09-12 03:00:00+00:00, run_after=2024-09-13 03:00:00+00:00
[2024-09-26T01:01:15.815+0000] {processor.py:208} INFO - Processing /opt/airflow/dags/deck_with_cron_expression.py took 0.222 seconds
[2024-09-26T01:01:46.164+0000] {processor.py:186} INFO - Started process (PID=135380) to work on /opt/airflow/dags/deck_with_cron_expression.py
[2024-09-26T01:01:46.167+0000] {processor.py:914} INFO - Processing file /opt/airflow/dags/deck_with_cron_expression.py for tasks to queue
[2024-09-26T01:01:46.171+0000] {logging_mixin.py:190} INFO - [2024-09-26T01:01:46.170+0000] {dagbag.py:587} INFO - Filling up the DagBag from /opt/airflow/dags/deck_with_cron_expression.py
[2024-09-26T01:01:46.251+0000] {processor.py:925} INFO - DAG(s) 'schedule_with_cron_expression_v03' retrieved from /opt/airflow/dags/deck_with_cron_expression.py
[2024-09-26T01:01:46.276+0000] {logging_mixin.py:190} INFO - [2024-09-26T01:01:46.276+0000] {dag.py:3229} INFO - Sync 1 DAGs
[2024-09-26T01:01:46.299+0000] {logging_mixin.py:190} INFO - [2024-09-26T01:01:46.299+0000] {dag.py:4156} INFO - Setting next_dagrun for schedule_with_cron_expression_v03 to 2024-09-12 03:00:00+00:00, run_after=2024-09-13 03:00:00+00:00
[2024-09-26T01:01:46.327+0000] {processor.py:208} INFO - Processing /opt/airflow/dags/deck_with_cron_expression.py took 0.179 seconds
[2024-09-26T01:02:16.672+0000] {processor.py:186} INFO - Started process (PID=135423) to work on /opt/airflow/dags/deck_with_cron_expression.py
[2024-09-26T01:02:16.675+0000] {processor.py:914} INFO - Processing file /opt/airflow/dags/deck_with_cron_expression.py for tasks to queue
[2024-09-26T01:02:16.678+0000] {logging_mixin.py:190} INFO - [2024-09-26T01:02:16.678+0000] {dagbag.py:587} INFO - Filling up the DagBag from /opt/airflow/dags/deck_with_cron_expression.py
[2024-09-26T01:02:16.791+0000] {processor.py:925} INFO - DAG(s) 'schedule_with_cron_expression_v03' retrieved from /opt/airflow/dags/deck_with_cron_expression.py
[2024-09-26T01:02:16.813+0000] {logging_mixin.py:190} INFO - [2024-09-26T01:02:16.813+0000] {dag.py:3229} INFO - Sync 1 DAGs
[2024-09-26T01:02:16.833+0000] {logging_mixin.py:190} INFO - [2024-09-26T01:02:16.833+0000] {dag.py:4156} INFO - Setting next_dagrun for schedule_with_cron_expression_v03 to 2024-09-12 03:00:00+00:00, run_after=2024-09-13 03:00:00+00:00
[2024-09-26T01:02:16.857+0000] {processor.py:208} INFO - Processing /opt/airflow/dags/deck_with_cron_expression.py took 0.195 seconds
[2024-09-26T01:02:47.276+0000] {processor.py:186} INFO - Started process (PID=135466) to work on /opt/airflow/dags/deck_with_cron_expression.py
[2024-09-26T01:02:47.278+0000] {processor.py:914} INFO - Processing file /opt/airflow/dags/deck_with_cron_expression.py for tasks to queue
[2024-09-26T01:02:47.279+0000] {logging_mixin.py:190} INFO - [2024-09-26T01:02:47.279+0000] {dagbag.py:587} INFO - Filling up the DagBag from /opt/airflow/dags/deck_with_cron_expression.py
[2024-09-26T01:02:47.358+0000] {processor.py:925} INFO - DAG(s) 'schedule_with_cron_expression_v03' retrieved from /opt/airflow/dags/deck_with_cron_expression.py
[2024-09-26T01:02:47.381+0000] {logging_mixin.py:190} INFO - [2024-09-26T01:02:47.381+0000] {dag.py:3229} INFO - Sync 1 DAGs
[2024-09-26T01:02:47.401+0000] {logging_mixin.py:190} INFO - [2024-09-26T01:02:47.401+0000] {dag.py:4156} INFO - Setting next_dagrun for schedule_with_cron_expression_v03 to 2024-09-12 03:00:00+00:00, run_after=2024-09-13 03:00:00+00:00
[2024-09-26T01:02:47.426+0000] {processor.py:208} INFO - Processing /opt/airflow/dags/deck_with_cron_expression.py took 0.155 seconds
[2024-09-26T01:03:18.137+0000] {processor.py:186} INFO - Started process (PID=135509) to work on /opt/airflow/dags/deck_with_cron_expression.py
[2024-09-26T01:03:18.139+0000] {processor.py:914} INFO - Processing file /opt/airflow/dags/deck_with_cron_expression.py for tasks to queue
[2024-09-26T01:03:18.141+0000] {logging_mixin.py:190} INFO - [2024-09-26T01:03:18.140+0000] {dagbag.py:587} INFO - Filling up the DagBag from /opt/airflow/dags/deck_with_cron_expression.py
[2024-09-26T01:03:18.219+0000] {processor.py:925} INFO - DAG(s) 'schedule_with_cron_expression_v03' retrieved from /opt/airflow/dags/deck_with_cron_expression.py
[2024-09-26T01:03:18.251+0000] {logging_mixin.py:190} INFO - [2024-09-26T01:03:18.251+0000] {dag.py:3229} INFO - Sync 1 DAGs
[2024-09-26T01:03:18.273+0000] {logging_mixin.py:190} INFO - [2024-09-26T01:03:18.273+0000] {dag.py:4156} INFO - Setting next_dagrun for schedule_with_cron_expression_v03 to 2024-09-12 03:00:00+00:00, run_after=2024-09-13 03:00:00+00:00
[2024-09-26T01:03:18.299+0000] {processor.py:208} INFO - Processing /opt/airflow/dags/deck_with_cron_expression.py took 0.167 seconds
[2024-09-26T01:03:48.746+0000] {processor.py:186} INFO - Started process (PID=135552) to work on /opt/airflow/dags/deck_with_cron_expression.py
[2024-09-26T01:03:48.748+0000] {processor.py:914} INFO - Processing file /opt/airflow/dags/deck_with_cron_expression.py for tasks to queue
[2024-09-26T01:03:48.750+0000] {logging_mixin.py:190} INFO - [2024-09-26T01:03:48.750+0000] {dagbag.py:587} INFO - Filling up the DagBag from /opt/airflow/dags/deck_with_cron_expression.py
[2024-09-26T01:03:48.855+0000] {processor.py:925} INFO - DAG(s) 'schedule_with_cron_expression_v03' retrieved from /opt/airflow/dags/deck_with_cron_expression.py
[2024-09-26T01:03:48.878+0000] {logging_mixin.py:190} INFO - [2024-09-26T01:03:48.878+0000] {dag.py:3229} INFO - Sync 1 DAGs
[2024-09-26T01:03:48.899+0000] {logging_mixin.py:190} INFO - [2024-09-26T01:03:48.899+0000] {dag.py:4156} INFO - Setting next_dagrun for schedule_with_cron_expression_v03 to 2024-09-12 03:00:00+00:00, run_after=2024-09-13 03:00:00+00:00
[2024-09-26T01:03:48.935+0000] {processor.py:208} INFO - Processing /opt/airflow/dags/deck_with_cron_expression.py took 0.197 seconds
[2024-09-26T01:04:19.227+0000] {processor.py:186} INFO - Started process (PID=135595) to work on /opt/airflow/dags/deck_with_cron_expression.py
[2024-09-26T01:04:19.229+0000] {processor.py:914} INFO - Processing file /opt/airflow/dags/deck_with_cron_expression.py for tasks to queue
[2024-09-26T01:04:19.230+0000] {logging_mixin.py:190} INFO - [2024-09-26T01:04:19.230+0000] {dagbag.py:587} INFO - Filling up the DagBag from /opt/airflow/dags/deck_with_cron_expression.py
[2024-09-26T01:04:19.331+0000] {processor.py:925} INFO - DAG(s) 'schedule_with_cron_expression_v03' retrieved from /opt/airflow/dags/deck_with_cron_expression.py
[2024-09-26T01:04:19.360+0000] {logging_mixin.py:190} INFO - [2024-09-26T01:04:19.360+0000] {dag.py:3229} INFO - Sync 1 DAGs
[2024-09-26T01:04:19.388+0000] {logging_mixin.py:190} INFO - [2024-09-26T01:04:19.388+0000] {dag.py:4156} INFO - Setting next_dagrun for schedule_with_cron_expression_v03 to 2024-09-12 03:00:00+00:00, run_after=2024-09-13 03:00:00+00:00
[2024-09-26T01:04:19.426+0000] {processor.py:208} INFO - Processing /opt/airflow/dags/deck_with_cron_expression.py took 0.206 seconds
[2024-09-26T01:04:49.919+0000] {processor.py:186} INFO - Started process (PID=135638) to work on /opt/airflow/dags/deck_with_cron_expression.py
[2024-09-26T01:04:49.921+0000] {processor.py:914} INFO - Processing file /opt/airflow/dags/deck_with_cron_expression.py for tasks to queue
[2024-09-26T01:04:49.923+0000] {logging_mixin.py:190} INFO - [2024-09-26T01:04:49.923+0000] {dagbag.py:587} INFO - Filling up the DagBag from /opt/airflow/dags/deck_with_cron_expression.py
[2024-09-26T01:04:50.032+0000] {processor.py:925} INFO - DAG(s) 'schedule_with_cron_expression_v03' retrieved from /opt/airflow/dags/deck_with_cron_expression.py
[2024-09-26T01:04:50.069+0000] {logging_mixin.py:190} INFO - [2024-09-26T01:04:50.068+0000] {dag.py:3229} INFO - Sync 1 DAGs
[2024-09-26T01:04:50.092+0000] {logging_mixin.py:190} INFO - [2024-09-26T01:04:50.092+0000] {dag.py:4156} INFO - Setting next_dagrun for schedule_with_cron_expression_v03 to 2024-09-12 03:00:00+00:00, run_after=2024-09-13 03:00:00+00:00
[2024-09-26T01:04:50.118+0000] {processor.py:208} INFO - Processing /opt/airflow/dags/deck_with_cron_expression.py took 0.210 seconds
[2024-09-26T01:05:20.396+0000] {processor.py:186} INFO - Started process (PID=135681) to work on /opt/airflow/dags/deck_with_cron_expression.py
[2024-09-26T01:05:20.398+0000] {processor.py:914} INFO - Processing file /opt/airflow/dags/deck_with_cron_expression.py for tasks to queue
[2024-09-26T01:05:20.400+0000] {logging_mixin.py:190} INFO - [2024-09-26T01:05:20.400+0000] {dagbag.py:587} INFO - Filling up the DagBag from /opt/airflow/dags/deck_with_cron_expression.py
[2024-09-26T01:05:20.521+0000] {processor.py:925} INFO - DAG(s) 'schedule_with_cron_expression_v03' retrieved from /opt/airflow/dags/deck_with_cron_expression.py
[2024-09-26T01:05:20.563+0000] {logging_mixin.py:190} INFO - [2024-09-26T01:05:20.562+0000] {dag.py:3229} INFO - Sync 1 DAGs
[2024-09-26T01:05:20.596+0000] {logging_mixin.py:190} INFO - [2024-09-26T01:05:20.596+0000] {dag.py:4156} INFO - Setting next_dagrun for schedule_with_cron_expression_v03 to 2024-09-12 03:00:00+00:00, run_after=2024-09-13 03:00:00+00:00
[2024-09-26T01:05:20.633+0000] {processor.py:208} INFO - Processing /opt/airflow/dags/deck_with_cron_expression.py took 0.243 seconds
[2024-09-26T01:05:50.957+0000] {processor.py:186} INFO - Started process (PID=135724) to work on /opt/airflow/dags/deck_with_cron_expression.py
[2024-09-26T01:05:50.959+0000] {processor.py:914} INFO - Processing file /opt/airflow/dags/deck_with_cron_expression.py for tasks to queue
[2024-09-26T01:05:50.961+0000] {logging_mixin.py:190} INFO - [2024-09-26T01:05:50.961+0000] {dagbag.py:587} INFO - Filling up the DagBag from /opt/airflow/dags/deck_with_cron_expression.py
[2024-09-26T01:05:51.093+0000] {processor.py:925} INFO - DAG(s) 'schedule_with_cron_expression_v03' retrieved from /opt/airflow/dags/deck_with_cron_expression.py
[2024-09-26T01:05:51.117+0000] {logging_mixin.py:190} INFO - [2024-09-26T01:05:51.117+0000] {dag.py:3229} INFO - Sync 1 DAGs
[2024-09-26T01:05:51.140+0000] {logging_mixin.py:190} INFO - [2024-09-26T01:05:51.140+0000] {dag.py:4156} INFO - Setting next_dagrun for schedule_with_cron_expression_v03 to 2024-09-12 03:00:00+00:00, run_after=2024-09-13 03:00:00+00:00
[2024-09-26T01:05:51.167+0000] {processor.py:208} INFO - Processing /opt/airflow/dags/deck_with_cron_expression.py took 0.216 seconds
[2024-09-26T01:06:21.613+0000] {processor.py:186} INFO - Started process (PID=135767) to work on /opt/airflow/dags/deck_with_cron_expression.py
[2024-09-26T01:06:21.617+0000] {processor.py:914} INFO - Processing file /opt/airflow/dags/deck_with_cron_expression.py for tasks to queue
[2024-09-26T01:06:21.621+0000] {logging_mixin.py:190} INFO - [2024-09-26T01:06:21.621+0000] {dagbag.py:587} INFO - Filling up the DagBag from /opt/airflow/dags/deck_with_cron_expression.py
[2024-09-26T01:06:21.727+0000] {processor.py:925} INFO - DAG(s) 'schedule_with_cron_expression_v03' retrieved from /opt/airflow/dags/deck_with_cron_expression.py
[2024-09-26T01:06:21.750+0000] {logging_mixin.py:190} INFO - [2024-09-26T01:06:21.750+0000] {dag.py:3229} INFO - Sync 1 DAGs
[2024-09-26T01:06:21.771+0000] {logging_mixin.py:190} INFO - [2024-09-26T01:06:21.770+0000] {dag.py:4156} INFO - Setting next_dagrun for schedule_with_cron_expression_v03 to 2024-09-12 03:00:00+00:00, run_after=2024-09-13 03:00:00+00:00
[2024-09-26T01:06:21.805+0000] {processor.py:208} INFO - Processing /opt/airflow/dags/deck_with_cron_expression.py took 0.205 seconds
[2024-09-26T01:06:52.171+0000] {processor.py:186} INFO - Started process (PID=135810) to work on /opt/airflow/dags/deck_with_cron_expression.py
[2024-09-26T01:06:52.173+0000] {processor.py:914} INFO - Processing file /opt/airflow/dags/deck_with_cron_expression.py for tasks to queue
[2024-09-26T01:06:52.176+0000] {logging_mixin.py:190} INFO - [2024-09-26T01:06:52.176+0000] {dagbag.py:587} INFO - Filling up the DagBag from /opt/airflow/dags/deck_with_cron_expression.py
[2024-09-26T01:06:52.270+0000] {processor.py:925} INFO - DAG(s) 'schedule_with_cron_expression_v03' retrieved from /opt/airflow/dags/deck_with_cron_expression.py
[2024-09-26T01:06:52.301+0000] {logging_mixin.py:190} INFO - [2024-09-26T01:06:52.301+0000] {dag.py:3229} INFO - Sync 1 DAGs
[2024-09-26T01:06:52.323+0000] {logging_mixin.py:190} INFO - [2024-09-26T01:06:52.323+0000] {dag.py:4156} INFO - Setting next_dagrun for schedule_with_cron_expression_v03 to 2024-09-12 03:00:00+00:00, run_after=2024-09-13 03:00:00+00:00
[2024-09-26T01:06:52.348+0000] {processor.py:208} INFO - Processing /opt/airflow/dags/deck_with_cron_expression.py took 0.190 seconds
[2024-09-26T01:07:22.547+0000] {processor.py:186} INFO - Started process (PID=135853) to work on /opt/airflow/dags/deck_with_cron_expression.py
[2024-09-26T01:07:22.548+0000] {processor.py:914} INFO - Processing file /opt/airflow/dags/deck_with_cron_expression.py for tasks to queue
[2024-09-26T01:07:22.550+0000] {logging_mixin.py:190} INFO - [2024-09-26T01:07:22.550+0000] {dagbag.py:587} INFO - Filling up the DagBag from /opt/airflow/dags/deck_with_cron_expression.py
[2024-09-26T01:07:22.625+0000] {processor.py:925} INFO - DAG(s) 'schedule_with_cron_expression_v03' retrieved from /opt/airflow/dags/deck_with_cron_expression.py
[2024-09-26T01:07:22.649+0000] {logging_mixin.py:190} INFO - [2024-09-26T01:07:22.649+0000] {dag.py:3229} INFO - Sync 1 DAGs
[2024-09-26T01:07:22.672+0000] {logging_mixin.py:190} INFO - [2024-09-26T01:07:22.672+0000] {dag.py:4156} INFO - Setting next_dagrun for schedule_with_cron_expression_v03 to 2024-09-12 03:00:00+00:00, run_after=2024-09-13 03:00:00+00:00
[2024-09-26T01:07:22.698+0000] {processor.py:208} INFO - Processing /opt/airflow/dags/deck_with_cron_expression.py took 0.156 seconds
[2024-09-26T01:07:53.200+0000] {processor.py:186} INFO - Started process (PID=135896) to work on /opt/airflow/dags/deck_with_cron_expression.py
[2024-09-26T01:07:53.202+0000] {processor.py:914} INFO - Processing file /opt/airflow/dags/deck_with_cron_expression.py for tasks to queue
[2024-09-26T01:07:53.204+0000] {logging_mixin.py:190} INFO - [2024-09-26T01:07:53.204+0000] {dagbag.py:587} INFO - Filling up the DagBag from /opt/airflow/dags/deck_with_cron_expression.py
[2024-09-26T01:07:53.292+0000] {processor.py:925} INFO - DAG(s) 'schedule_with_cron_expression_v03' retrieved from /opt/airflow/dags/deck_with_cron_expression.py
[2024-09-26T01:07:53.321+0000] {logging_mixin.py:190} INFO - [2024-09-26T01:07:53.320+0000] {dag.py:3229} INFO - Sync 1 DAGs
[2024-09-26T01:07:53.343+0000] {logging_mixin.py:190} INFO - [2024-09-26T01:07:53.342+0000] {dag.py:4156} INFO - Setting next_dagrun for schedule_with_cron_expression_v03 to 2024-09-12 03:00:00+00:00, run_after=2024-09-13 03:00:00+00:00
[2024-09-26T01:07:53.367+0000] {processor.py:208} INFO - Processing /opt/airflow/dags/deck_with_cron_expression.py took 0.174 seconds
[2024-09-26T01:08:23.590+0000] {processor.py:186} INFO - Started process (PID=135939) to work on /opt/airflow/dags/deck_with_cron_expression.py
[2024-09-26T01:08:23.592+0000] {processor.py:914} INFO - Processing file /opt/airflow/dags/deck_with_cron_expression.py for tasks to queue
[2024-09-26T01:08:23.594+0000] {logging_mixin.py:190} INFO - [2024-09-26T01:08:23.593+0000] {dagbag.py:587} INFO - Filling up the DagBag from /opt/airflow/dags/deck_with_cron_expression.py
[2024-09-26T01:08:23.709+0000] {processor.py:925} INFO - DAG(s) 'schedule_with_cron_expression_v03' retrieved from /opt/airflow/dags/deck_with_cron_expression.py
[2024-09-26T01:08:23.738+0000] {logging_mixin.py:190} INFO - [2024-09-26T01:08:23.738+0000] {dag.py:3229} INFO - Sync 1 DAGs
[2024-09-26T01:08:23.759+0000] {logging_mixin.py:190} INFO - [2024-09-26T01:08:23.759+0000] {dag.py:4156} INFO - Setting next_dagrun for schedule_with_cron_expression_v03 to 2024-09-12 03:00:00+00:00, run_after=2024-09-13 03:00:00+00:00
[2024-09-26T01:08:23.784+0000] {processor.py:208} INFO - Processing /opt/airflow/dags/deck_with_cron_expression.py took 0.199 seconds
[2024-09-26T01:08:54.043+0000] {processor.py:186} INFO - Started process (PID=135982) to work on /opt/airflow/dags/deck_with_cron_expression.py
[2024-09-26T01:08:54.045+0000] {processor.py:914} INFO - Processing file /opt/airflow/dags/deck_with_cron_expression.py for tasks to queue
[2024-09-26T01:08:54.047+0000] {logging_mixin.py:190} INFO - [2024-09-26T01:08:54.047+0000] {dagbag.py:587} INFO - Filling up the DagBag from /opt/airflow/dags/deck_with_cron_expression.py
[2024-09-26T01:08:54.155+0000] {processor.py:925} INFO - DAG(s) 'schedule_with_cron_expression_v03' retrieved from /opt/airflow/dags/deck_with_cron_expression.py
[2024-09-26T01:08:54.197+0000] {logging_mixin.py:190} INFO - [2024-09-26T01:08:54.197+0000] {dag.py:3229} INFO - Sync 1 DAGs
[2024-09-26T01:08:54.223+0000] {logging_mixin.py:190} INFO - [2024-09-26T01:08:54.223+0000] {dag.py:4156} INFO - Setting next_dagrun for schedule_with_cron_expression_v03 to 2024-09-12 03:00:00+00:00, run_after=2024-09-13 03:00:00+00:00
[2024-09-26T01:08:54.255+0000] {processor.py:208} INFO - Processing /opt/airflow/dags/deck_with_cron_expression.py took 0.219 seconds
[2024-09-26T01:09:24.671+0000] {processor.py:186} INFO - Started process (PID=136025) to work on /opt/airflow/dags/deck_with_cron_expression.py
[2024-09-26T01:09:24.672+0000] {processor.py:914} INFO - Processing file /opt/airflow/dags/deck_with_cron_expression.py for tasks to queue
[2024-09-26T01:09:24.675+0000] {logging_mixin.py:190} INFO - [2024-09-26T01:09:24.674+0000] {dagbag.py:587} INFO - Filling up the DagBag from /opt/airflow/dags/deck_with_cron_expression.py
[2024-09-26T01:09:24.730+0000] {processor.py:925} INFO - DAG(s) 'schedule_with_cron_expression_v03' retrieved from /opt/airflow/dags/deck_with_cron_expression.py
[2024-09-26T01:09:24.756+0000] {logging_mixin.py:190} INFO - [2024-09-26T01:09:24.756+0000] {dag.py:3229} INFO - Sync 1 DAGs
[2024-09-26T01:09:24.781+0000] {logging_mixin.py:190} INFO - [2024-09-26T01:09:24.780+0000] {dag.py:4156} INFO - Setting next_dagrun for schedule_with_cron_expression_v03 to 2024-09-12 03:00:00+00:00, run_after=2024-09-13 03:00:00+00:00
[2024-09-26T01:09:24.820+0000] {processor.py:208} INFO - Processing /opt/airflow/dags/deck_with_cron_expression.py took 0.158 seconds
[2024-09-26T01:09:55.264+0000] {processor.py:186} INFO - Started process (PID=136068) to work on /opt/airflow/dags/deck_with_cron_expression.py
[2024-09-26T01:09:55.267+0000] {processor.py:914} INFO - Processing file /opt/airflow/dags/deck_with_cron_expression.py for tasks to queue
[2024-09-26T01:09:55.269+0000] {logging_mixin.py:190} INFO - [2024-09-26T01:09:55.269+0000] {dagbag.py:587} INFO - Filling up the DagBag from /opt/airflow/dags/deck_with_cron_expression.py
[2024-09-26T01:09:55.385+0000] {processor.py:925} INFO - DAG(s) 'schedule_with_cron_expression_v03' retrieved from /opt/airflow/dags/deck_with_cron_expression.py
[2024-09-26T01:09:55.425+0000] {logging_mixin.py:190} INFO - [2024-09-26T01:09:55.425+0000] {dag.py:3229} INFO - Sync 1 DAGs
[2024-09-26T01:09:55.450+0000] {logging_mixin.py:190} INFO - [2024-09-26T01:09:55.450+0000] {dag.py:4156} INFO - Setting next_dagrun for schedule_with_cron_expression_v03 to 2024-09-12 03:00:00+00:00, run_after=2024-09-13 03:00:00+00:00
[2024-09-26T01:09:55.481+0000] {processor.py:208} INFO - Processing /opt/airflow/dags/deck_with_cron_expression.py took 0.229 seconds
[2024-09-26T01:10:25.867+0000] {processor.py:186} INFO - Started process (PID=136111) to work on /opt/airflow/dags/deck_with_cron_expression.py
[2024-09-26T01:10:25.869+0000] {processor.py:914} INFO - Processing file /opt/airflow/dags/deck_with_cron_expression.py for tasks to queue
[2024-09-26T01:10:25.872+0000] {logging_mixin.py:190} INFO - [2024-09-26T01:10:25.872+0000] {dagbag.py:587} INFO - Filling up the DagBag from /opt/airflow/dags/deck_with_cron_expression.py
[2024-09-26T01:10:25.938+0000] {processor.py:925} INFO - DAG(s) 'schedule_with_cron_expression_v03' retrieved from /opt/airflow/dags/deck_with_cron_expression.py
[2024-09-26T01:10:25.968+0000] {logging_mixin.py:190} INFO - [2024-09-26T01:10:25.967+0000] {dag.py:3229} INFO - Sync 1 DAGs
[2024-09-26T01:10:25.994+0000] {logging_mixin.py:190} INFO - [2024-09-26T01:10:25.993+0000] {dag.py:4156} INFO - Setting next_dagrun for schedule_with_cron_expression_v03 to 2024-09-12 03:00:00+00:00, run_after=2024-09-13 03:00:00+00:00
[2024-09-26T01:10:26.022+0000] {processor.py:208} INFO - Processing /opt/airflow/dags/deck_with_cron_expression.py took 0.164 seconds
[2024-09-26T01:10:56.370+0000] {processor.py:186} INFO - Started process (PID=136154) to work on /opt/airflow/dags/deck_with_cron_expression.py
[2024-09-26T01:10:56.372+0000] {processor.py:914} INFO - Processing file /opt/airflow/dags/deck_with_cron_expression.py for tasks to queue
[2024-09-26T01:10:56.375+0000] {logging_mixin.py:190} INFO - [2024-09-26T01:10:56.375+0000] {dagbag.py:587} INFO - Filling up the DagBag from /opt/airflow/dags/deck_with_cron_expression.py
[2024-09-26T01:10:56.481+0000] {processor.py:925} INFO - DAG(s) 'schedule_with_cron_expression_v03' retrieved from /opt/airflow/dags/deck_with_cron_expression.py
[2024-09-26T01:10:56.510+0000] {logging_mixin.py:190} INFO - [2024-09-26T01:10:56.510+0000] {dag.py:3229} INFO - Sync 1 DAGs
[2024-09-26T01:10:56.534+0000] {logging_mixin.py:190} INFO - [2024-09-26T01:10:56.534+0000] {dag.py:4156} INFO - Setting next_dagrun for schedule_with_cron_expression_v03 to 2024-09-12 03:00:00+00:00, run_after=2024-09-13 03:00:00+00:00
[2024-09-26T01:10:56.559+0000] {processor.py:208} INFO - Processing /opt/airflow/dags/deck_with_cron_expression.py took 0.195 seconds
[2024-09-26T01:11:26.956+0000] {processor.py:186} INFO - Started process (PID=136197) to work on /opt/airflow/dags/deck_with_cron_expression.py
[2024-09-26T01:11:26.958+0000] {processor.py:914} INFO - Processing file /opt/airflow/dags/deck_with_cron_expression.py for tasks to queue
[2024-09-26T01:11:26.962+0000] {logging_mixin.py:190} INFO - [2024-09-26T01:11:26.962+0000] {dagbag.py:587} INFO - Filling up the DagBag from /opt/airflow/dags/deck_with_cron_expression.py
[2024-09-26T01:11:27.086+0000] {processor.py:925} INFO - DAG(s) 'schedule_with_cron_expression_v03' retrieved from /opt/airflow/dags/deck_with_cron_expression.py
[2024-09-26T01:11:27.125+0000] {logging_mixin.py:190} INFO - [2024-09-26T01:11:27.125+0000] {dag.py:3229} INFO - Sync 1 DAGs
[2024-09-26T01:11:27.147+0000] {logging_mixin.py:190} INFO - [2024-09-26T01:11:27.147+0000] {dag.py:4156} INFO - Setting next_dagrun for schedule_with_cron_expression_v03 to 2024-09-12 03:00:00+00:00, run_after=2024-09-13 03:00:00+00:00
[2024-09-26T01:11:27.181+0000] {processor.py:208} INFO - Processing /opt/airflow/dags/deck_with_cron_expression.py took 0.234 seconds
[2024-09-26T01:11:57.687+0000] {processor.py:186} INFO - Started process (PID=136240) to work on /opt/airflow/dags/deck_with_cron_expression.py
[2024-09-26T01:11:57.689+0000] {processor.py:914} INFO - Processing file /opt/airflow/dags/deck_with_cron_expression.py for tasks to queue
[2024-09-26T01:11:57.691+0000] {logging_mixin.py:190} INFO - [2024-09-26T01:11:57.690+0000] {dagbag.py:587} INFO - Filling up the DagBag from /opt/airflow/dags/deck_with_cron_expression.py
[2024-09-26T01:11:57.796+0000] {processor.py:925} INFO - DAG(s) 'schedule_with_cron_expression_v03' retrieved from /opt/airflow/dags/deck_with_cron_expression.py
[2024-09-26T01:11:57.825+0000] {logging_mixin.py:190} INFO - [2024-09-26T01:11:57.824+0000] {dag.py:3229} INFO - Sync 1 DAGs
[2024-09-26T01:11:57.849+0000] {logging_mixin.py:190} INFO - [2024-09-26T01:11:57.848+0000] {dag.py:4156} INFO - Setting next_dagrun for schedule_with_cron_expression_v03 to 2024-09-12 03:00:00+00:00, run_after=2024-09-13 03:00:00+00:00
[2024-09-26T01:11:57.874+0000] {processor.py:208} INFO - Processing /opt/airflow/dags/deck_with_cron_expression.py took 0.192 seconds
[2024-09-26T01:12:28.188+0000] {processor.py:186} INFO - Started process (PID=136283) to work on /opt/airflow/dags/deck_with_cron_expression.py
[2024-09-26T01:12:28.190+0000] {processor.py:914} INFO - Processing file /opt/airflow/dags/deck_with_cron_expression.py for tasks to queue
[2024-09-26T01:12:28.192+0000] {logging_mixin.py:190} INFO - [2024-09-26T01:12:28.191+0000] {dagbag.py:587} INFO - Filling up the DagBag from /opt/airflow/dags/deck_with_cron_expression.py
[2024-09-26T01:12:28.275+0000] {processor.py:925} INFO - DAG(s) 'schedule_with_cron_expression_v03' retrieved from /opt/airflow/dags/deck_with_cron_expression.py
[2024-09-26T01:12:28.298+0000] {logging_mixin.py:190} INFO - [2024-09-26T01:12:28.298+0000] {dag.py:3229} INFO - Sync 1 DAGs
[2024-09-26T01:12:28.323+0000] {logging_mixin.py:190} INFO - [2024-09-26T01:12:28.323+0000] {dag.py:4156} INFO - Setting next_dagrun for schedule_with_cron_expression_v03 to 2024-09-12 03:00:00+00:00, run_after=2024-09-13 03:00:00+00:00
[2024-09-26T01:12:28.362+0000] {processor.py:208} INFO - Processing /opt/airflow/dags/deck_with_cron_expression.py took 0.181 seconds
[2024-09-26T01:12:58.860+0000] {processor.py:186} INFO - Started process (PID=136326) to work on /opt/airflow/dags/deck_with_cron_expression.py
[2024-09-26T01:12:58.863+0000] {processor.py:914} INFO - Processing file /opt/airflow/dags/deck_with_cron_expression.py for tasks to queue
[2024-09-26T01:12:58.868+0000] {logging_mixin.py:190} INFO - [2024-09-26T01:12:58.867+0000] {dagbag.py:587} INFO - Filling up the DagBag from /opt/airflow/dags/deck_with_cron_expression.py
[2024-09-26T01:12:58.995+0000] {processor.py:925} INFO - DAG(s) 'schedule_with_cron_expression_v03' retrieved from /opt/airflow/dags/deck_with_cron_expression.py
[2024-09-26T01:12:59.019+0000] {logging_mixin.py:190} INFO - [2024-09-26T01:12:59.019+0000] {dag.py:3229} INFO - Sync 1 DAGs
[2024-09-26T01:12:59.041+0000] {logging_mixin.py:190} INFO - [2024-09-26T01:12:59.040+0000] {dag.py:4156} INFO - Setting next_dagrun for schedule_with_cron_expression_v03 to 2024-09-12 03:00:00+00:00, run_after=2024-09-13 03:00:00+00:00
[2024-09-26T01:12:59.068+0000] {processor.py:208} INFO - Processing /opt/airflow/dags/deck_with_cron_expression.py took 0.218 seconds
[2024-09-26T01:13:29.326+0000] {processor.py:186} INFO - Started process (PID=136369) to work on /opt/airflow/dags/deck_with_cron_expression.py
[2024-09-26T01:13:29.328+0000] {processor.py:914} INFO - Processing file /opt/airflow/dags/deck_with_cron_expression.py for tasks to queue
[2024-09-26T01:13:29.331+0000] {logging_mixin.py:190} INFO - [2024-09-26T01:13:29.330+0000] {dagbag.py:587} INFO - Filling up the DagBag from /opt/airflow/dags/deck_with_cron_expression.py
[2024-09-26T01:13:29.402+0000] {processor.py:925} INFO - DAG(s) 'schedule_with_cron_expression_v03' retrieved from /opt/airflow/dags/deck_with_cron_expression.py
[2024-09-26T01:13:29.424+0000] {logging_mixin.py:190} INFO - [2024-09-26T01:13:29.424+0000] {dag.py:3229} INFO - Sync 1 DAGs
[2024-09-26T01:13:29.445+0000] {logging_mixin.py:190} INFO - [2024-09-26T01:13:29.444+0000] {dag.py:4156} INFO - Setting next_dagrun for schedule_with_cron_expression_v03 to 2024-09-12 03:00:00+00:00, run_after=2024-09-13 03:00:00+00:00
[2024-09-26T01:13:29.467+0000] {processor.py:208} INFO - Processing /opt/airflow/dags/deck_with_cron_expression.py took 0.151 seconds
[2024-09-26T01:13:59.839+0000] {processor.py:186} INFO - Started process (PID=136412) to work on /opt/airflow/dags/deck_with_cron_expression.py
[2024-09-26T01:13:59.840+0000] {processor.py:914} INFO - Processing file /opt/airflow/dags/deck_with_cron_expression.py for tasks to queue
[2024-09-26T01:13:59.843+0000] {logging_mixin.py:190} INFO - [2024-09-26T01:13:59.842+0000] {dagbag.py:587} INFO - Filling up the DagBag from /opt/airflow/dags/deck_with_cron_expression.py
[2024-09-26T01:13:59.934+0000] {processor.py:925} INFO - DAG(s) 'schedule_with_cron_expression_v03' retrieved from /opt/airflow/dags/deck_with_cron_expression.py
[2024-09-26T01:13:59.962+0000] {logging_mixin.py:190} INFO - [2024-09-26T01:13:59.962+0000] {dag.py:3229} INFO - Sync 1 DAGs
[2024-09-26T01:13:59.986+0000] {logging_mixin.py:190} INFO - [2024-09-26T01:13:59.986+0000] {dag.py:4156} INFO - Setting next_dagrun for schedule_with_cron_expression_v03 to 2024-09-12 03:00:00+00:00, run_after=2024-09-13 03:00:00+00:00
[2024-09-26T01:14:00.015+0000] {processor.py:208} INFO - Processing /opt/airflow/dags/deck_with_cron_expression.py took 0.183 seconds
[2024-09-26T01:14:30.341+0000] {processor.py:186} INFO - Started process (PID=136455) to work on /opt/airflow/dags/deck_with_cron_expression.py
[2024-09-26T01:14:30.344+0000] {processor.py:914} INFO - Processing file /opt/airflow/dags/deck_with_cron_expression.py for tasks to queue
[2024-09-26T01:14:30.348+0000] {logging_mixin.py:190} INFO - [2024-09-26T01:14:30.348+0000] {dagbag.py:587} INFO - Filling up the DagBag from /opt/airflow/dags/deck_with_cron_expression.py
[2024-09-26T01:14:30.452+0000] {processor.py:925} INFO - DAG(s) 'schedule_with_cron_expression_v03' retrieved from /opt/airflow/dags/deck_with_cron_expression.py
[2024-09-26T01:14:30.485+0000] {logging_mixin.py:190} INFO - [2024-09-26T01:14:30.484+0000] {dag.py:3229} INFO - Sync 1 DAGs
[2024-09-26T01:14:30.509+0000] {logging_mixin.py:190} INFO - [2024-09-26T01:14:30.509+0000] {dag.py:4156} INFO - Setting next_dagrun for schedule_with_cron_expression_v03 to 2024-09-12 03:00:00+00:00, run_after=2024-09-13 03:00:00+00:00
[2024-09-26T01:14:30.537+0000] {processor.py:208} INFO - Processing /opt/airflow/dags/deck_with_cron_expression.py took 0.208 seconds
[2024-09-26T01:15:01.041+0000] {processor.py:186} INFO - Started process (PID=136498) to work on /opt/airflow/dags/deck_with_cron_expression.py
[2024-09-26T01:15:01.044+0000] {processor.py:914} INFO - Processing file /opt/airflow/dags/deck_with_cron_expression.py for tasks to queue
[2024-09-26T01:15:01.046+0000] {logging_mixin.py:190} INFO - [2024-09-26T01:15:01.046+0000] {dagbag.py:587} INFO - Filling up the DagBag from /opt/airflow/dags/deck_with_cron_expression.py
[2024-09-26T01:15:01.150+0000] {processor.py:925} INFO - DAG(s) 'schedule_with_cron_expression_v03' retrieved from /opt/airflow/dags/deck_with_cron_expression.py
[2024-09-26T01:15:01.177+0000] {logging_mixin.py:190} INFO - [2024-09-26T01:15:01.176+0000] {dag.py:3229} INFO - Sync 1 DAGs
[2024-09-26T01:15:01.199+0000] {logging_mixin.py:190} INFO - [2024-09-26T01:15:01.198+0000] {dag.py:4156} INFO - Setting next_dagrun for schedule_with_cron_expression_v03 to 2024-09-12 03:00:00+00:00, run_after=2024-09-13 03:00:00+00:00
[2024-09-26T01:15:01.233+0000] {processor.py:208} INFO - Processing /opt/airflow/dags/deck_with_cron_expression.py took 0.198 seconds
[2024-09-26T01:15:31.623+0000] {processor.py:186} INFO - Started process (PID=136541) to work on /opt/airflow/dags/deck_with_cron_expression.py
[2024-09-26T01:15:31.625+0000] {processor.py:914} INFO - Processing file /opt/airflow/dags/deck_with_cron_expression.py for tasks to queue
[2024-09-26T01:15:31.627+0000] {logging_mixin.py:190} INFO - [2024-09-26T01:15:31.627+0000] {dagbag.py:587} INFO - Filling up the DagBag from /opt/airflow/dags/deck_with_cron_expression.py
[2024-09-26T01:15:31.721+0000] {processor.py:925} INFO - DAG(s) 'schedule_with_cron_expression_v03' retrieved from /opt/airflow/dags/deck_with_cron_expression.py
[2024-09-26T01:15:31.750+0000] {logging_mixin.py:190} INFO - [2024-09-26T01:15:31.750+0000] {dag.py:3229} INFO - Sync 1 DAGs
[2024-09-26T01:15:31.773+0000] {logging_mixin.py:190} INFO - [2024-09-26T01:15:31.773+0000] {dag.py:4156} INFO - Setting next_dagrun for schedule_with_cron_expression_v03 to 2024-09-12 03:00:00+00:00, run_after=2024-09-13 03:00:00+00:00
[2024-09-26T01:15:31.801+0000] {processor.py:208} INFO - Processing /opt/airflow/dags/deck_with_cron_expression.py took 0.184 seconds
[2024-09-26T01:16:02.167+0000] {processor.py:186} INFO - Started process (PID=136584) to work on /opt/airflow/dags/deck_with_cron_expression.py
[2024-09-26T01:16:02.169+0000] {processor.py:914} INFO - Processing file /opt/airflow/dags/deck_with_cron_expression.py for tasks to queue
[2024-09-26T01:16:02.172+0000] {logging_mixin.py:190} INFO - [2024-09-26T01:16:02.171+0000] {dagbag.py:587} INFO - Filling up the DagBag from /opt/airflow/dags/deck_with_cron_expression.py
[2024-09-26T01:16:02.250+0000] {processor.py:925} INFO - DAG(s) 'schedule_with_cron_expression_v03' retrieved from /opt/airflow/dags/deck_with_cron_expression.py
[2024-09-26T01:16:02.272+0000] {logging_mixin.py:190} INFO - [2024-09-26T01:16:02.272+0000] {dag.py:3229} INFO - Sync 1 DAGs
[2024-09-26T01:16:02.294+0000] {logging_mixin.py:190} INFO - [2024-09-26T01:16:02.294+0000] {dag.py:4156} INFO - Setting next_dagrun for schedule_with_cron_expression_v03 to 2024-09-12 03:00:00+00:00, run_after=2024-09-13 03:00:00+00:00
[2024-09-26T01:16:02.320+0000] {processor.py:208} INFO - Processing /opt/airflow/dags/deck_with_cron_expression.py took 0.159 seconds
[2024-09-26T01:16:32.833+0000] {processor.py:186} INFO - Started process (PID=136627) to work on /opt/airflow/dags/deck_with_cron_expression.py
[2024-09-26T01:16:32.835+0000] {processor.py:914} INFO - Processing file /opt/airflow/dags/deck_with_cron_expression.py for tasks to queue
[2024-09-26T01:16:32.838+0000] {logging_mixin.py:190} INFO - [2024-09-26T01:16:32.838+0000] {dagbag.py:587} INFO - Filling up the DagBag from /opt/airflow/dags/deck_with_cron_expression.py
[2024-09-26T01:16:32.970+0000] {processor.py:925} INFO - DAG(s) 'schedule_with_cron_expression_v03' retrieved from /opt/airflow/dags/deck_with_cron_expression.py
[2024-09-26T01:16:33.026+0000] {logging_mixin.py:190} INFO - [2024-09-26T01:16:33.025+0000] {dag.py:3229} INFO - Sync 1 DAGs
[2024-09-26T01:16:33.047+0000] {logging_mixin.py:190} INFO - [2024-09-26T01:16:33.047+0000] {dag.py:4156} INFO - Setting next_dagrun for schedule_with_cron_expression_v03 to 2024-09-12 03:00:00+00:00, run_after=2024-09-13 03:00:00+00:00
[2024-09-26T01:16:33.073+0000] {processor.py:208} INFO - Processing /opt/airflow/dags/deck_with_cron_expression.py took 0.250 seconds
[2024-09-26T01:17:03.551+0000] {processor.py:186} INFO - Started process (PID=136670) to work on /opt/airflow/dags/deck_with_cron_expression.py
[2024-09-26T01:17:03.553+0000] {processor.py:914} INFO - Processing file /opt/airflow/dags/deck_with_cron_expression.py for tasks to queue
[2024-09-26T01:17:03.556+0000] {logging_mixin.py:190} INFO - [2024-09-26T01:17:03.555+0000] {dagbag.py:587} INFO - Filling up the DagBag from /opt/airflow/dags/deck_with_cron_expression.py
[2024-09-26T01:17:03.636+0000] {processor.py:925} INFO - DAG(s) 'schedule_with_cron_expression_v03' retrieved from /opt/airflow/dags/deck_with_cron_expression.py
[2024-09-26T01:17:03.663+0000] {logging_mixin.py:190} INFO - [2024-09-26T01:17:03.663+0000] {dag.py:3229} INFO - Sync 1 DAGs
[2024-09-26T01:17:03.687+0000] {logging_mixin.py:190} INFO - [2024-09-26T01:17:03.687+0000] {dag.py:4156} INFO - Setting next_dagrun for schedule_with_cron_expression_v03 to 2024-09-12 03:00:00+00:00, run_after=2024-09-13 03:00:00+00:00
[2024-09-26T01:17:03.712+0000] {processor.py:208} INFO - Processing /opt/airflow/dags/deck_with_cron_expression.py took 0.169 seconds
[2024-09-26T01:17:34.177+0000] {processor.py:186} INFO - Started process (PID=136713) to work on /opt/airflow/dags/deck_with_cron_expression.py
[2024-09-26T01:17:34.184+0000] {processor.py:914} INFO - Processing file /opt/airflow/dags/deck_with_cron_expression.py for tasks to queue
[2024-09-26T01:17:34.186+0000] {logging_mixin.py:190} INFO - [2024-09-26T01:17:34.186+0000] {dagbag.py:587} INFO - Filling up the DagBag from /opt/airflow/dags/deck_with_cron_expression.py
[2024-09-26T01:17:34.292+0000] {processor.py:925} INFO - DAG(s) 'schedule_with_cron_expression_v03' retrieved from /opt/airflow/dags/deck_with_cron_expression.py
[2024-09-26T01:17:34.314+0000] {logging_mixin.py:190} INFO - [2024-09-26T01:17:34.314+0000] {dag.py:3229} INFO - Sync 1 DAGs
[2024-09-26T01:17:34.335+0000] {logging_mixin.py:190} INFO - [2024-09-26T01:17:34.335+0000] {dag.py:4156} INFO - Setting next_dagrun for schedule_with_cron_expression_v03 to 2024-09-12 03:00:00+00:00, run_after=2024-09-13 03:00:00+00:00
[2024-09-26T01:17:34.361+0000] {processor.py:208} INFO - Processing /opt/airflow/dags/deck_with_cron_expression.py took 0.197 seconds
[2024-09-26T01:18:04.639+0000] {processor.py:186} INFO - Started process (PID=136756) to work on /opt/airflow/dags/deck_with_cron_expression.py
[2024-09-26T01:18:04.641+0000] {processor.py:914} INFO - Processing file /opt/airflow/dags/deck_with_cron_expression.py for tasks to queue
[2024-09-26T01:18:04.643+0000] {logging_mixin.py:190} INFO - [2024-09-26T01:18:04.643+0000] {dagbag.py:587} INFO - Filling up the DagBag from /opt/airflow/dags/deck_with_cron_expression.py
[2024-09-26T01:18:04.736+0000] {processor.py:925} INFO - DAG(s) 'schedule_with_cron_expression_v03' retrieved from /opt/airflow/dags/deck_with_cron_expression.py
[2024-09-26T01:18:04.759+0000] {logging_mixin.py:190} INFO - [2024-09-26T01:18:04.759+0000] {dag.py:3229} INFO - Sync 1 DAGs
[2024-09-26T01:18:04.780+0000] {logging_mixin.py:190} INFO - [2024-09-26T01:18:04.780+0000] {dag.py:4156} INFO - Setting next_dagrun for schedule_with_cron_expression_v03 to 2024-09-12 03:00:00+00:00, run_after=2024-09-13 03:00:00+00:00
[2024-09-26T01:18:04.806+0000] {processor.py:208} INFO - Processing /opt/airflow/dags/deck_with_cron_expression.py took 0.174 seconds
[2024-09-26T01:18:35.262+0000] {processor.py:186} INFO - Started process (PID=136799) to work on /opt/airflow/dags/deck_with_cron_expression.py
[2024-09-26T01:18:35.264+0000] {processor.py:914} INFO - Processing file /opt/airflow/dags/deck_with_cron_expression.py for tasks to queue
[2024-09-26T01:18:35.268+0000] {logging_mixin.py:190} INFO - [2024-09-26T01:18:35.267+0000] {dagbag.py:587} INFO - Filling up the DagBag from /opt/airflow/dags/deck_with_cron_expression.py
[2024-09-26T01:18:35.352+0000] {processor.py:925} INFO - DAG(s) 'schedule_with_cron_expression_v03' retrieved from /opt/airflow/dags/deck_with_cron_expression.py
[2024-09-26T01:18:35.382+0000] {logging_mixin.py:190} INFO - [2024-09-26T01:18:35.382+0000] {dag.py:3229} INFO - Sync 1 DAGs
[2024-09-26T01:18:35.411+0000] {logging_mixin.py:190} INFO - [2024-09-26T01:18:35.411+0000] {dag.py:4156} INFO - Setting next_dagrun for schedule_with_cron_expression_v03 to 2024-09-12 03:00:00+00:00, run_after=2024-09-13 03:00:00+00:00
[2024-09-26T01:18:35.448+0000] {processor.py:208} INFO - Processing /opt/airflow/dags/deck_with_cron_expression.py took 0.195 seconds
[2024-09-26T01:19:05.866+0000] {processor.py:186} INFO - Started process (PID=136842) to work on /opt/airflow/dags/deck_with_cron_expression.py
[2024-09-26T01:19:05.868+0000] {processor.py:914} INFO - Processing file /opt/airflow/dags/deck_with_cron_expression.py for tasks to queue
[2024-09-26T01:19:05.871+0000] {logging_mixin.py:190} INFO - [2024-09-26T01:19:05.870+0000] {dagbag.py:587} INFO - Filling up the DagBag from /opt/airflow/dags/deck_with_cron_expression.py
[2024-09-26T01:19:05.981+0000] {processor.py:925} INFO - DAG(s) 'schedule_with_cron_expression_v03' retrieved from /opt/airflow/dags/deck_with_cron_expression.py
[2024-09-26T01:19:06.005+0000] {logging_mixin.py:190} INFO - [2024-09-26T01:19:06.005+0000] {dag.py:3229} INFO - Sync 1 DAGs
[2024-09-26T01:19:06.026+0000] {logging_mixin.py:190} INFO - [2024-09-26T01:19:06.026+0000] {dag.py:4156} INFO - Setting next_dagrun for schedule_with_cron_expression_v03 to 2024-09-12 03:00:00+00:00, run_after=2024-09-13 03:00:00+00:00
[2024-09-26T01:19:06.060+0000] {processor.py:208} INFO - Processing /opt/airflow/dags/deck_with_cron_expression.py took 0.203 seconds
[2024-09-26T01:19:36.428+0000] {processor.py:186} INFO - Started process (PID=136885) to work on /opt/airflow/dags/deck_with_cron_expression.py
[2024-09-26T01:19:36.430+0000] {processor.py:914} INFO - Processing file /opt/airflow/dags/deck_with_cron_expression.py for tasks to queue
[2024-09-26T01:19:36.432+0000] {logging_mixin.py:190} INFO - [2024-09-26T01:19:36.431+0000] {dagbag.py:587} INFO - Filling up the DagBag from /opt/airflow/dags/deck_with_cron_expression.py
[2024-09-26T01:19:36.529+0000] {processor.py:925} INFO - DAG(s) 'schedule_with_cron_expression_v03' retrieved from /opt/airflow/dags/deck_with_cron_expression.py
[2024-09-26T01:19:36.552+0000] {logging_mixin.py:190} INFO - [2024-09-26T01:19:36.551+0000] {dag.py:3229} INFO - Sync 1 DAGs
[2024-09-26T01:19:36.575+0000] {logging_mixin.py:190} INFO - [2024-09-26T01:19:36.574+0000] {dag.py:4156} INFO - Setting next_dagrun for schedule_with_cron_expression_v03 to 2024-09-12 03:00:00+00:00, run_after=2024-09-13 03:00:00+00:00
[2024-09-26T01:19:36.600+0000] {processor.py:208} INFO - Processing /opt/airflow/dags/deck_with_cron_expression.py took 0.177 seconds
[2024-09-26T01:20:06.842+0000] {processor.py:186} INFO - Started process (PID=136928) to work on /opt/airflow/dags/deck_with_cron_expression.py
[2024-09-26T01:20:06.844+0000] {processor.py:914} INFO - Processing file /opt/airflow/dags/deck_with_cron_expression.py for tasks to queue
[2024-09-26T01:20:06.846+0000] {logging_mixin.py:190} INFO - [2024-09-26T01:20:06.846+0000] {dagbag.py:587} INFO - Filling up the DagBag from /opt/airflow/dags/deck_with_cron_expression.py
[2024-09-26T01:20:06.960+0000] {processor.py:925} INFO - DAG(s) 'schedule_with_cron_expression_v03' retrieved from /opt/airflow/dags/deck_with_cron_expression.py
[2024-09-26T01:20:06.989+0000] {logging_mixin.py:190} INFO - [2024-09-26T01:20:06.989+0000] {dag.py:3229} INFO - Sync 1 DAGs
[2024-09-26T01:20:07.011+0000] {logging_mixin.py:190} INFO - [2024-09-26T01:20:07.010+0000] {dag.py:4156} INFO - Setting next_dagrun for schedule_with_cron_expression_v03 to 2024-09-12 03:00:00+00:00, run_after=2024-09-13 03:00:00+00:00
[2024-09-26T01:20:07.035+0000] {processor.py:208} INFO - Processing /opt/airflow/dags/deck_with_cron_expression.py took 0.204 seconds
[2024-09-26T01:20:37.547+0000] {processor.py:186} INFO - Started process (PID=136971) to work on /opt/airflow/dags/deck_with_cron_expression.py
[2024-09-26T01:20:37.548+0000] {processor.py:914} INFO - Processing file /opt/airflow/dags/deck_with_cron_expression.py for tasks to queue
[2024-09-26T01:20:37.551+0000] {logging_mixin.py:190} INFO - [2024-09-26T01:20:37.551+0000] {dagbag.py:587} INFO - Filling up the DagBag from /opt/airflow/dags/deck_with_cron_expression.py
[2024-09-26T01:20:37.653+0000] {processor.py:925} INFO - DAG(s) 'schedule_with_cron_expression_v03' retrieved from /opt/airflow/dags/deck_with_cron_expression.py
[2024-09-26T01:20:37.677+0000] {logging_mixin.py:190} INFO - [2024-09-26T01:20:37.676+0000] {dag.py:3229} INFO - Sync 1 DAGs
[2024-09-26T01:20:37.700+0000] {logging_mixin.py:190} INFO - [2024-09-26T01:20:37.699+0000] {dag.py:4156} INFO - Setting next_dagrun for schedule_with_cron_expression_v03 to 2024-09-12 03:00:00+00:00, run_after=2024-09-13 03:00:00+00:00
[2024-09-26T01:20:37.726+0000] {processor.py:208} INFO - Processing /opt/airflow/dags/deck_with_cron_expression.py took 0.191 seconds
[2024-09-26T01:21:08.028+0000] {processor.py:186} INFO - Started process (PID=137014) to work on /opt/airflow/dags/deck_with_cron_expression.py
[2024-09-26T01:21:08.030+0000] {processor.py:914} INFO - Processing file /opt/airflow/dags/deck_with_cron_expression.py for tasks to queue
[2024-09-26T01:21:08.032+0000] {logging_mixin.py:190} INFO - [2024-09-26T01:21:08.031+0000] {dagbag.py:587} INFO - Filling up the DagBag from /opt/airflow/dags/deck_with_cron_expression.py
[2024-09-26T01:21:08.095+0000] {processor.py:925} INFO - DAG(s) 'schedule_with_cron_expression_v03' retrieved from /opt/airflow/dags/deck_with_cron_expression.py
[2024-09-26T01:21:08.125+0000] {logging_mixin.py:190} INFO - [2024-09-26T01:21:08.125+0000] {dag.py:3229} INFO - Sync 1 DAGs
[2024-09-26T01:21:08.151+0000] {logging_mixin.py:190} INFO - [2024-09-26T01:21:08.151+0000] {dag.py:4156} INFO - Setting next_dagrun for schedule_with_cron_expression_v03 to 2024-09-12 03:00:00+00:00, run_after=2024-09-13 03:00:00+00:00
[2024-09-26T01:21:08.173+0000] {processor.py:208} INFO - Processing /opt/airflow/dags/deck_with_cron_expression.py took 0.150 seconds
[2024-09-26T01:21:38.521+0000] {processor.py:186} INFO - Started process (PID=137057) to work on /opt/airflow/dags/deck_with_cron_expression.py
[2024-09-26T01:21:38.524+0000] {processor.py:914} INFO - Processing file /opt/airflow/dags/deck_with_cron_expression.py for tasks to queue
[2024-09-26T01:21:38.526+0000] {logging_mixin.py:190} INFO - [2024-09-26T01:21:38.526+0000] {dagbag.py:587} INFO - Filling up the DagBag from /opt/airflow/dags/deck_with_cron_expression.py
[2024-09-26T01:21:38.645+0000] {processor.py:925} INFO - DAG(s) 'schedule_with_cron_expression_v03' retrieved from /opt/airflow/dags/deck_with_cron_expression.py
[2024-09-26T01:21:38.674+0000] {logging_mixin.py:190} INFO - [2024-09-26T01:21:38.673+0000] {dag.py:3229} INFO - Sync 1 DAGs
[2024-09-26T01:21:38.694+0000] {logging_mixin.py:190} INFO - [2024-09-26T01:21:38.694+0000] {dag.py:4156} INFO - Setting next_dagrun for schedule_with_cron_expression_v03 to 2024-09-12 03:00:00+00:00, run_after=2024-09-13 03:00:00+00:00
[2024-09-26T01:21:38.723+0000] {processor.py:208} INFO - Processing /opt/airflow/dags/deck_with_cron_expression.py took 0.212 seconds
[2024-09-26T01:22:09.238+0000] {processor.py:186} INFO - Started process (PID=137100) to work on /opt/airflow/dags/deck_with_cron_expression.py
[2024-09-26T01:22:09.242+0000] {processor.py:914} INFO - Processing file /opt/airflow/dags/deck_with_cron_expression.py for tasks to queue
[2024-09-26T01:22:09.246+0000] {logging_mixin.py:190} INFO - [2024-09-26T01:22:09.245+0000] {dagbag.py:587} INFO - Filling up the DagBag from /opt/airflow/dags/deck_with_cron_expression.py
[2024-09-26T01:22:09.369+0000] {processor.py:925} INFO - DAG(s) 'schedule_with_cron_expression_v03' retrieved from /opt/airflow/dags/deck_with_cron_expression.py
[2024-09-26T01:22:09.426+0000] {logging_mixin.py:190} INFO - [2024-09-26T01:22:09.425+0000] {dag.py:3229} INFO - Sync 1 DAGs
[2024-09-26T01:22:09.503+0000] {logging_mixin.py:190} INFO - [2024-09-26T01:22:09.503+0000] {dag.py:4156} INFO - Setting next_dagrun for schedule_with_cron_expression_v03 to 2024-09-12 03:00:00+00:00, run_after=2024-09-13 03:00:00+00:00
[2024-09-26T01:22:09.565+0000] {processor.py:208} INFO - Processing /opt/airflow/dags/deck_with_cron_expression.py took 0.343 seconds
[2024-09-26T01:22:40.230+0000] {processor.py:186} INFO - Started process (PID=137143) to work on /opt/airflow/dags/deck_with_cron_expression.py
[2024-09-26T01:22:40.231+0000] {processor.py:914} INFO - Processing file /opt/airflow/dags/deck_with_cron_expression.py for tasks to queue
[2024-09-26T01:22:40.233+0000] {logging_mixin.py:190} INFO - [2024-09-26T01:22:40.233+0000] {dagbag.py:587} INFO - Filling up the DagBag from /opt/airflow/dags/deck_with_cron_expression.py
[2024-09-26T01:22:40.345+0000] {processor.py:925} INFO - DAG(s) 'schedule_with_cron_expression_v03' retrieved from /opt/airflow/dags/deck_with_cron_expression.py
[2024-09-26T01:22:40.381+0000] {logging_mixin.py:190} INFO - [2024-09-26T01:22:40.381+0000] {dag.py:3229} INFO - Sync 1 DAGs
[2024-09-26T01:22:40.404+0000] {logging_mixin.py:190} INFO - [2024-09-26T01:22:40.403+0000] {dag.py:4156} INFO - Setting next_dagrun for schedule_with_cron_expression_v03 to 2024-09-12 03:00:00+00:00, run_after=2024-09-13 03:00:00+00:00
[2024-09-26T01:22:40.430+0000] {processor.py:208} INFO - Processing /opt/airflow/dags/deck_with_cron_expression.py took 0.209 seconds
[2024-09-26T01:23:10.846+0000] {processor.py:186} INFO - Started process (PID=137186) to work on /opt/airflow/dags/deck_with_cron_expression.py
[2024-09-26T01:23:10.848+0000] {processor.py:914} INFO - Processing file /opt/airflow/dags/deck_with_cron_expression.py for tasks to queue
[2024-09-26T01:23:10.851+0000] {logging_mixin.py:190} INFO - [2024-09-26T01:23:10.850+0000] {dagbag.py:587} INFO - Filling up the DagBag from /opt/airflow/dags/deck_with_cron_expression.py
[2024-09-26T01:23:10.960+0000] {processor.py:925} INFO - DAG(s) 'schedule_with_cron_expression_v03' retrieved from /opt/airflow/dags/deck_with_cron_expression.py
[2024-09-26T01:23:10.985+0000] {logging_mixin.py:190} INFO - [2024-09-26T01:23:10.984+0000] {dag.py:3229} INFO - Sync 1 DAGs
[2024-09-26T01:23:11.008+0000] {logging_mixin.py:190} INFO - [2024-09-26T01:23:11.007+0000] {dag.py:4156} INFO - Setting next_dagrun for schedule_with_cron_expression_v03 to 2024-09-12 03:00:00+00:00, run_after=2024-09-13 03:00:00+00:00
[2024-09-26T01:23:11.036+0000] {processor.py:208} INFO - Processing /opt/airflow/dags/deck_with_cron_expression.py took 0.198 seconds
[2024-09-26T01:23:41.423+0000] {processor.py:186} INFO - Started process (PID=137229) to work on /opt/airflow/dags/deck_with_cron_expression.py
[2024-09-26T01:23:41.425+0000] {processor.py:914} INFO - Processing file /opt/airflow/dags/deck_with_cron_expression.py for tasks to queue
[2024-09-26T01:23:41.428+0000] {logging_mixin.py:190} INFO - [2024-09-26T01:23:41.428+0000] {dagbag.py:587} INFO - Filling up the DagBag from /opt/airflow/dags/deck_with_cron_expression.py
[2024-09-26T01:23:41.523+0000] {processor.py:925} INFO - DAG(s) 'schedule_with_cron_expression_v03' retrieved from /opt/airflow/dags/deck_with_cron_expression.py
[2024-09-26T01:23:41.551+0000] {logging_mixin.py:190} INFO - [2024-09-26T01:23:41.551+0000] {dag.py:3229} INFO - Sync 1 DAGs
[2024-09-26T01:23:41.578+0000] {logging_mixin.py:190} INFO - [2024-09-26T01:23:41.578+0000] {dag.py:4156} INFO - Setting next_dagrun for schedule_with_cron_expression_v03 to 2024-09-12 03:00:00+00:00, run_after=2024-09-13 03:00:00+00:00
[2024-09-26T01:23:41.606+0000] {processor.py:208} INFO - Processing /opt/airflow/dags/deck_with_cron_expression.py took 0.192 seconds
[2024-09-26T01:24:11.893+0000] {processor.py:186} INFO - Started process (PID=137272) to work on /opt/airflow/dags/deck_with_cron_expression.py
[2024-09-26T01:24:11.895+0000] {processor.py:914} INFO - Processing file /opt/airflow/dags/deck_with_cron_expression.py for tasks to queue
[2024-09-26T01:24:11.897+0000] {logging_mixin.py:190} INFO - [2024-09-26T01:24:11.897+0000] {dagbag.py:587} INFO - Filling up the DagBag from /opt/airflow/dags/deck_with_cron_expression.py
[2024-09-26T01:24:11.971+0000] {processor.py:925} INFO - DAG(s) 'schedule_with_cron_expression_v03' retrieved from /opt/airflow/dags/deck_with_cron_expression.py
[2024-09-26T01:24:11.998+0000] {logging_mixin.py:190} INFO - [2024-09-26T01:24:11.998+0000] {dag.py:3229} INFO - Sync 1 DAGs
[2024-09-26T01:24:12.029+0000] {logging_mixin.py:190} INFO - [2024-09-26T01:24:12.028+0000] {dag.py:4156} INFO - Setting next_dagrun for schedule_with_cron_expression_v03 to 2024-09-12 03:00:00+00:00, run_after=2024-09-13 03:00:00+00:00
[2024-09-26T01:24:12.060+0000] {processor.py:208} INFO - Processing /opt/airflow/dags/deck_with_cron_expression.py took 0.174 seconds
[2024-09-26T01:24:42.337+0000] {processor.py:186} INFO - Started process (PID=137315) to work on /opt/airflow/dags/deck_with_cron_expression.py
[2024-09-26T01:24:42.339+0000] {processor.py:914} INFO - Processing file /opt/airflow/dags/deck_with_cron_expression.py for tasks to queue
[2024-09-26T01:24:42.342+0000] {logging_mixin.py:190} INFO - [2024-09-26T01:24:42.341+0000] {dagbag.py:587} INFO - Filling up the DagBag from /opt/airflow/dags/deck_with_cron_expression.py
[2024-09-26T01:24:42.414+0000] {processor.py:925} INFO - DAG(s) 'schedule_with_cron_expression_v03' retrieved from /opt/airflow/dags/deck_with_cron_expression.py
[2024-09-26T01:24:42.458+0000] {logging_mixin.py:190} INFO - [2024-09-26T01:24:42.457+0000] {dag.py:3229} INFO - Sync 1 DAGs
[2024-09-26T01:24:42.488+0000] {logging_mixin.py:190} INFO - [2024-09-26T01:24:42.487+0000] {dag.py:4156} INFO - Setting next_dagrun for schedule_with_cron_expression_v03 to 2024-09-12 03:00:00+00:00, run_after=2024-09-13 03:00:00+00:00
[2024-09-26T01:24:42.517+0000] {processor.py:208} INFO - Processing /opt/airflow/dags/deck_with_cron_expression.py took 0.186 seconds
[2024-09-26T01:25:12.839+0000] {processor.py:186} INFO - Started process (PID=137358) to work on /opt/airflow/dags/deck_with_cron_expression.py
[2024-09-26T01:25:12.841+0000] {processor.py:914} INFO - Processing file /opt/airflow/dags/deck_with_cron_expression.py for tasks to queue
[2024-09-26T01:25:12.844+0000] {logging_mixin.py:190} INFO - [2024-09-26T01:25:12.843+0000] {dagbag.py:587} INFO - Filling up the DagBag from /opt/airflow/dags/deck_with_cron_expression.py
[2024-09-26T01:25:12.935+0000] {processor.py:925} INFO - DAG(s) 'schedule_with_cron_expression_v03' retrieved from /opt/airflow/dags/deck_with_cron_expression.py
[2024-09-26T01:25:12.966+0000] {logging_mixin.py:190} INFO - [2024-09-26T01:25:12.966+0000] {dag.py:3229} INFO - Sync 1 DAGs
[2024-09-26T01:25:12.988+0000] {logging_mixin.py:190} INFO - [2024-09-26T01:25:12.988+0000] {dag.py:4156} INFO - Setting next_dagrun for schedule_with_cron_expression_v03 to 2024-09-12 03:00:00+00:00, run_after=2024-09-13 03:00:00+00:00
[2024-09-26T01:25:13.013+0000] {processor.py:208} INFO - Processing /opt/airflow/dags/deck_with_cron_expression.py took 0.185 seconds
[2024-09-26T01:25:43.284+0000] {processor.py:186} INFO - Started process (PID=137399) to work on /opt/airflow/dags/deck_with_cron_expression.py
[2024-09-26T01:25:43.286+0000] {processor.py:914} INFO - Processing file /opt/airflow/dags/deck_with_cron_expression.py for tasks to queue
[2024-09-26T01:25:43.288+0000] {logging_mixin.py:190} INFO - [2024-09-26T01:25:43.288+0000] {dagbag.py:587} INFO - Filling up the DagBag from /opt/airflow/dags/deck_with_cron_expression.py
[2024-09-26T01:25:43.394+0000] {processor.py:925} INFO - DAG(s) 'schedule_with_cron_expression_v03' retrieved from /opt/airflow/dags/deck_with_cron_expression.py
[2024-09-26T01:25:43.419+0000] {logging_mixin.py:190} INFO - [2024-09-26T01:25:43.419+0000] {dag.py:3229} INFO - Sync 1 DAGs
[2024-09-26T01:25:43.443+0000] {logging_mixin.py:190} INFO - [2024-09-26T01:25:43.443+0000] {dag.py:4156} INFO - Setting next_dagrun for schedule_with_cron_expression_v03 to 2024-09-12 03:00:00+00:00, run_after=2024-09-13 03:00:00+00:00
[2024-09-26T01:25:43.466+0000] {processor.py:208} INFO - Processing /opt/airflow/dags/deck_with_cron_expression.py took 0.194 seconds
[2024-09-26T01:26:13.956+0000] {processor.py:186} INFO - Started process (PID=137442) to work on /opt/airflow/dags/deck_with_cron_expression.py
[2024-09-26T01:26:13.958+0000] {processor.py:914} INFO - Processing file /opt/airflow/dags/deck_with_cron_expression.py for tasks to queue
[2024-09-26T01:26:13.961+0000] {logging_mixin.py:190} INFO - [2024-09-26T01:26:13.960+0000] {dagbag.py:587} INFO - Filling up the DagBag from /opt/airflow/dags/deck_with_cron_expression.py
[2024-09-26T01:26:14.063+0000] {processor.py:925} INFO - DAG(s) 'schedule_with_cron_expression_v03' retrieved from /opt/airflow/dags/deck_with_cron_expression.py
[2024-09-26T01:26:14.094+0000] {logging_mixin.py:190} INFO - [2024-09-26T01:26:14.094+0000] {dag.py:3229} INFO - Sync 1 DAGs
[2024-09-26T01:26:14.115+0000] {logging_mixin.py:190} INFO - [2024-09-26T01:26:14.115+0000] {dag.py:4156} INFO - Setting next_dagrun for schedule_with_cron_expression_v03 to 2024-09-12 03:00:00+00:00, run_after=2024-09-13 03:00:00+00:00
[2024-09-26T01:26:14.139+0000] {processor.py:208} INFO - Processing /opt/airflow/dags/deck_with_cron_expression.py took 0.192 seconds
[2024-09-26T01:26:44.687+0000] {processor.py:186} INFO - Started process (PID=137485) to work on /opt/airflow/dags/deck_with_cron_expression.py
[2024-09-26T01:26:44.689+0000] {processor.py:914} INFO - Processing file /opt/airflow/dags/deck_with_cron_expression.py for tasks to queue
[2024-09-26T01:26:44.691+0000] {logging_mixin.py:190} INFO - [2024-09-26T01:26:44.691+0000] {dagbag.py:587} INFO - Filling up the DagBag from /opt/airflow/dags/deck_with_cron_expression.py
[2024-09-26T01:26:44.778+0000] {processor.py:925} INFO - DAG(s) 'schedule_with_cron_expression_v03' retrieved from /opt/airflow/dags/deck_with_cron_expression.py
[2024-09-26T01:26:44.805+0000] {logging_mixin.py:190} INFO - [2024-09-26T01:26:44.805+0000] {dag.py:3229} INFO - Sync 1 DAGs
[2024-09-26T01:26:44.829+0000] {logging_mixin.py:190} INFO - [2024-09-26T01:26:44.828+0000] {dag.py:4156} INFO - Setting next_dagrun for schedule_with_cron_expression_v03 to 2024-09-12 03:00:00+00:00, run_after=2024-09-13 03:00:00+00:00
[2024-09-26T01:26:44.855+0000] {processor.py:208} INFO - Processing /opt/airflow/dags/deck_with_cron_expression.py took 0.177 seconds
[2024-09-26T01:27:15.290+0000] {processor.py:186} INFO - Started process (PID=137528) to work on /opt/airflow/dags/deck_with_cron_expression.py
[2024-09-26T01:27:15.293+0000] {processor.py:914} INFO - Processing file /opt/airflow/dags/deck_with_cron_expression.py for tasks to queue
[2024-09-26T01:27:15.298+0000] {logging_mixin.py:190} INFO - [2024-09-26T01:27:15.298+0000] {dagbag.py:587} INFO - Filling up the DagBag from /opt/airflow/dags/deck_with_cron_expression.py
[2024-09-26T01:27:15.378+0000] {processor.py:925} INFO - DAG(s) 'schedule_with_cron_expression_v03' retrieved from /opt/airflow/dags/deck_with_cron_expression.py
[2024-09-26T01:27:15.403+0000] {logging_mixin.py:190} INFO - [2024-09-26T01:27:15.403+0000] {dag.py:3229} INFO - Sync 1 DAGs
[2024-09-26T01:27:15.426+0000] {logging_mixin.py:190} INFO - [2024-09-26T01:27:15.426+0000] {dag.py:4156} INFO - Setting next_dagrun for schedule_with_cron_expression_v03 to 2024-09-12 03:00:00+00:00, run_after=2024-09-13 03:00:00+00:00
[2024-09-26T01:27:15.449+0000] {processor.py:208} INFO - Processing /opt/airflow/dags/deck_with_cron_expression.py took 0.171 seconds
[2024-09-26T01:27:45.941+0000] {processor.py:186} INFO - Started process (PID=137571) to work on /opt/airflow/dags/deck_with_cron_expression.py
[2024-09-26T01:27:45.943+0000] {processor.py:914} INFO - Processing file /opt/airflow/dags/deck_with_cron_expression.py for tasks to queue
[2024-09-26T01:27:45.945+0000] {logging_mixin.py:190} INFO - [2024-09-26T01:27:45.944+0000] {dagbag.py:587} INFO - Filling up the DagBag from /opt/airflow/dags/deck_with_cron_expression.py
[2024-09-26T01:27:46.022+0000] {processor.py:925} INFO - DAG(s) 'schedule_with_cron_expression_v03' retrieved from /opt/airflow/dags/deck_with_cron_expression.py
[2024-09-26T01:27:46.052+0000] {logging_mixin.py:190} INFO - [2024-09-26T01:27:46.051+0000] {dag.py:3229} INFO - Sync 1 DAGs
[2024-09-26T01:27:46.078+0000] {logging_mixin.py:190} INFO - [2024-09-26T01:27:46.078+0000] {dag.py:4156} INFO - Setting next_dagrun for schedule_with_cron_expression_v03 to 2024-09-12 03:00:00+00:00, run_after=2024-09-13 03:00:00+00:00
[2024-09-26T01:27:46.107+0000] {processor.py:208} INFO - Processing /opt/airflow/dags/deck_with_cron_expression.py took 0.170 seconds
[2024-09-26T01:28:16.508+0000] {processor.py:186} INFO - Started process (PID=137614) to work on /opt/airflow/dags/deck_with_cron_expression.py
[2024-09-26T01:28:16.510+0000] {processor.py:914} INFO - Processing file /opt/airflow/dags/deck_with_cron_expression.py for tasks to queue
[2024-09-26T01:28:16.511+0000] {logging_mixin.py:190} INFO - [2024-09-26T01:28:16.511+0000] {dagbag.py:587} INFO - Filling up the DagBag from /opt/airflow/dags/deck_with_cron_expression.py
[2024-09-26T01:28:16.614+0000] {processor.py:925} INFO - DAG(s) 'schedule_with_cron_expression_v03' retrieved from /opt/airflow/dags/deck_with_cron_expression.py
[2024-09-26T01:28:16.645+0000] {logging_mixin.py:190} INFO - [2024-09-26T01:28:16.645+0000] {dag.py:3229} INFO - Sync 1 DAGs
[2024-09-26T01:28:16.666+0000] {logging_mixin.py:190} INFO - [2024-09-26T01:28:16.666+0000] {dag.py:4156} INFO - Setting next_dagrun for schedule_with_cron_expression_v03 to 2024-09-12 03:00:00+00:00, run_after=2024-09-13 03:00:00+00:00
[2024-09-26T01:28:16.690+0000] {processor.py:208} INFO - Processing /opt/airflow/dags/deck_with_cron_expression.py took 0.187 seconds
[2024-09-26T01:28:47.127+0000] {processor.py:186} INFO - Started process (PID=137657) to work on /opt/airflow/dags/deck_with_cron_expression.py
[2024-09-26T01:28:47.130+0000] {processor.py:914} INFO - Processing file /opt/airflow/dags/deck_with_cron_expression.py for tasks to queue
[2024-09-26T01:28:47.133+0000] {logging_mixin.py:190} INFO - [2024-09-26T01:28:47.132+0000] {dagbag.py:587} INFO - Filling up the DagBag from /opt/airflow/dags/deck_with_cron_expression.py
[2024-09-26T01:28:47.237+0000] {processor.py:925} INFO - DAG(s) 'schedule_with_cron_expression_v03' retrieved from /opt/airflow/dags/deck_with_cron_expression.py
[2024-09-26T01:28:47.261+0000] {logging_mixin.py:190} INFO - [2024-09-26T01:28:47.260+0000] {dag.py:3229} INFO - Sync 1 DAGs
[2024-09-26T01:28:47.287+0000] {logging_mixin.py:190} INFO - [2024-09-26T01:28:47.287+0000] {dag.py:4156} INFO - Setting next_dagrun for schedule_with_cron_expression_v03 to 2024-09-12 03:00:00+00:00, run_after=2024-09-13 03:00:00+00:00
[2024-09-26T01:28:47.313+0000] {processor.py:208} INFO - Processing /opt/airflow/dags/deck_with_cron_expression.py took 0.192 seconds
[2024-09-26T01:29:17.788+0000] {processor.py:186} INFO - Started process (PID=137700) to work on /opt/airflow/dags/deck_with_cron_expression.py
[2024-09-26T01:29:17.789+0000] {processor.py:914} INFO - Processing file /opt/airflow/dags/deck_with_cron_expression.py for tasks to queue
[2024-09-26T01:29:17.791+0000] {logging_mixin.py:190} INFO - [2024-09-26T01:29:17.791+0000] {dagbag.py:587} INFO - Filling up the DagBag from /opt/airflow/dags/deck_with_cron_expression.py
[2024-09-26T01:29:17.898+0000] {processor.py:925} INFO - DAG(s) 'schedule_with_cron_expression_v03' retrieved from /opt/airflow/dags/deck_with_cron_expression.py
[2024-09-26T01:29:17.928+0000] {logging_mixin.py:190} INFO - [2024-09-26T01:29:17.927+0000] {dag.py:3229} INFO - Sync 1 DAGs
[2024-09-26T01:29:17.950+0000] {logging_mixin.py:190} INFO - [2024-09-26T01:29:17.950+0000] {dag.py:4156} INFO - Setting next_dagrun for schedule_with_cron_expression_v03 to 2024-09-12 03:00:00+00:00, run_after=2024-09-13 03:00:00+00:00
[2024-09-26T01:29:17.977+0000] {processor.py:208} INFO - Processing /opt/airflow/dags/deck_with_cron_expression.py took 0.194 seconds
[2024-09-26T01:29:48.345+0000] {processor.py:186} INFO - Started process (PID=137745) to work on /opt/airflow/dags/deck_with_cron_expression.py
[2024-09-26T01:29:48.347+0000] {processor.py:914} INFO - Processing file /opt/airflow/dags/deck_with_cron_expression.py for tasks to queue
[2024-09-26T01:29:48.349+0000] {logging_mixin.py:190} INFO - [2024-09-26T01:29:48.349+0000] {dagbag.py:587} INFO - Filling up the DagBag from /opt/airflow/dags/deck_with_cron_expression.py
[2024-09-26T01:29:48.481+0000] {processor.py:925} INFO - DAG(s) 'schedule_with_cron_expression_v03' retrieved from /opt/airflow/dags/deck_with_cron_expression.py
[2024-09-26T01:29:48.519+0000] {logging_mixin.py:190} INFO - [2024-09-26T01:29:48.519+0000] {dag.py:3229} INFO - Sync 1 DAGs
[2024-09-26T01:29:48.540+0000] {logging_mixin.py:190} INFO - [2024-09-26T01:29:48.540+0000] {dag.py:4156} INFO - Setting next_dagrun for schedule_with_cron_expression_v03 to 2024-09-12 03:00:00+00:00, run_after=2024-09-13 03:00:00+00:00
[2024-09-26T01:29:48.564+0000] {processor.py:208} INFO - Processing /opt/airflow/dags/deck_with_cron_expression.py took 0.225 seconds
[2024-09-26T01:30:18.837+0000] {processor.py:186} INFO - Started process (PID=137786) to work on /opt/airflow/dags/deck_with_cron_expression.py
[2024-09-26T01:30:18.840+0000] {processor.py:914} INFO - Processing file /opt/airflow/dags/deck_with_cron_expression.py for tasks to queue
[2024-09-26T01:30:18.843+0000] {logging_mixin.py:190} INFO - [2024-09-26T01:30:18.842+0000] {dagbag.py:587} INFO - Filling up the DagBag from /opt/airflow/dags/deck_with_cron_expression.py
[2024-09-26T01:30:18.950+0000] {processor.py:925} INFO - DAG(s) 'schedule_with_cron_expression_v03' retrieved from /opt/airflow/dags/deck_with_cron_expression.py
[2024-09-26T01:30:18.981+0000] {logging_mixin.py:190} INFO - [2024-09-26T01:30:18.981+0000] {dag.py:3229} INFO - Sync 1 DAGs
[2024-09-26T01:30:19.004+0000] {logging_mixin.py:190} INFO - [2024-09-26T01:30:19.004+0000] {dag.py:4156} INFO - Setting next_dagrun for schedule_with_cron_expression_v03 to 2024-09-12 03:00:00+00:00, run_after=2024-09-13 03:00:00+00:00
[2024-09-26T01:30:19.027+0000] {processor.py:208} INFO - Processing /opt/airflow/dags/deck_with_cron_expression.py took 0.201 seconds
[2024-09-26T01:30:49.345+0000] {processor.py:186} INFO - Started process (PID=137829) to work on /opt/airflow/dags/deck_with_cron_expression.py
[2024-09-26T01:30:49.347+0000] {processor.py:914} INFO - Processing file /opt/airflow/dags/deck_with_cron_expression.py for tasks to queue
[2024-09-26T01:30:49.349+0000] {logging_mixin.py:190} INFO - [2024-09-26T01:30:49.348+0000] {dagbag.py:587} INFO - Filling up the DagBag from /opt/airflow/dags/deck_with_cron_expression.py
[2024-09-26T01:30:49.458+0000] {processor.py:925} INFO - DAG(s) 'schedule_with_cron_expression_v03' retrieved from /opt/airflow/dags/deck_with_cron_expression.py
[2024-09-26T01:30:49.482+0000] {logging_mixin.py:190} INFO - [2024-09-26T01:30:49.482+0000] {dag.py:3229} INFO - Sync 1 DAGs
[2024-09-26T01:30:49.501+0000] {logging_mixin.py:190} INFO - [2024-09-26T01:30:49.501+0000] {dag.py:4156} INFO - Setting next_dagrun for schedule_with_cron_expression_v03 to 2024-09-12 03:00:00+00:00, run_after=2024-09-13 03:00:00+00:00
[2024-09-26T01:30:49.527+0000] {processor.py:208} INFO - Processing /opt/airflow/dags/deck_with_cron_expression.py took 0.187 seconds
[2024-09-26T01:31:19.958+0000] {processor.py:186} INFO - Started process (PID=137872) to work on /opt/airflow/dags/deck_with_cron_expression.py
[2024-09-26T01:31:19.959+0000] {processor.py:914} INFO - Processing file /opt/airflow/dags/deck_with_cron_expression.py for tasks to queue
[2024-09-26T01:31:19.961+0000] {logging_mixin.py:190} INFO - [2024-09-26T01:31:19.961+0000] {dagbag.py:587} INFO - Filling up the DagBag from /opt/airflow/dags/deck_with_cron_expression.py
[2024-09-26T01:31:20.041+0000] {processor.py:925} INFO - DAG(s) 'schedule_with_cron_expression_v03' retrieved from /opt/airflow/dags/deck_with_cron_expression.py
[2024-09-26T01:31:20.065+0000] {logging_mixin.py:190} INFO - [2024-09-26T01:31:20.065+0000] {dag.py:3229} INFO - Sync 1 DAGs
[2024-09-26T01:31:20.089+0000] {logging_mixin.py:190} INFO - [2024-09-26T01:31:20.089+0000] {dag.py:4156} INFO - Setting next_dagrun for schedule_with_cron_expression_v03 to 2024-09-12 03:00:00+00:00, run_after=2024-09-13 03:00:00+00:00
[2024-09-26T01:31:20.116+0000] {processor.py:208} INFO - Processing /opt/airflow/dags/deck_with_cron_expression.py took 0.166 seconds
[2024-09-26T01:31:50.358+0000] {processor.py:186} INFO - Started process (PID=137915) to work on /opt/airflow/dags/deck_with_cron_expression.py
[2024-09-26T01:31:50.360+0000] {processor.py:914} INFO - Processing file /opt/airflow/dags/deck_with_cron_expression.py for tasks to queue
[2024-09-26T01:31:50.362+0000] {logging_mixin.py:190} INFO - [2024-09-26T01:31:50.362+0000] {dagbag.py:587} INFO - Filling up the DagBag from /opt/airflow/dags/deck_with_cron_expression.py
[2024-09-26T01:31:50.472+0000] {processor.py:925} INFO - DAG(s) 'schedule_with_cron_expression_v03' retrieved from /opt/airflow/dags/deck_with_cron_expression.py
[2024-09-26T01:31:50.501+0000] {logging_mixin.py:190} INFO - [2024-09-26T01:31:50.501+0000] {dag.py:3229} INFO - Sync 1 DAGs
[2024-09-26T01:31:50.526+0000] {logging_mixin.py:190} INFO - [2024-09-26T01:31:50.525+0000] {dag.py:4156} INFO - Setting next_dagrun for schedule_with_cron_expression_v03 to 2024-09-12 03:00:00+00:00, run_after=2024-09-13 03:00:00+00:00
[2024-09-26T01:31:50.551+0000] {processor.py:208} INFO - Processing /opt/airflow/dags/deck_with_cron_expression.py took 0.201 seconds
[2024-09-26T01:32:21.005+0000] {processor.py:186} INFO - Started process (PID=137958) to work on /opt/airflow/dags/deck_with_cron_expression.py
[2024-09-26T01:32:21.007+0000] {processor.py:914} INFO - Processing file /opt/airflow/dags/deck_with_cron_expression.py for tasks to queue
[2024-09-26T01:32:21.009+0000] {logging_mixin.py:190} INFO - [2024-09-26T01:32:21.009+0000] {dagbag.py:587} INFO - Filling up the DagBag from /opt/airflow/dags/deck_with_cron_expression.py
[2024-09-26T01:32:21.111+0000] {processor.py:925} INFO - DAG(s) 'schedule_with_cron_expression_v03' retrieved from /opt/airflow/dags/deck_with_cron_expression.py
[2024-09-26T01:32:21.133+0000] {logging_mixin.py:190} INFO - [2024-09-26T01:32:21.133+0000] {dag.py:3229} INFO - Sync 1 DAGs
[2024-09-26T01:32:21.155+0000] {logging_mixin.py:190} INFO - [2024-09-26T01:32:21.155+0000] {dag.py:4156} INFO - Setting next_dagrun for schedule_with_cron_expression_v03 to 2024-09-12 03:00:00+00:00, run_after=2024-09-13 03:00:00+00:00
[2024-09-26T01:32:21.177+0000] {processor.py:208} INFO - Processing /opt/airflow/dags/deck_with_cron_expression.py took 0.178 seconds
[2024-09-26T01:32:51.621+0000] {processor.py:186} INFO - Started process (PID=138003) to work on /opt/airflow/dags/deck_with_cron_expression.py
[2024-09-26T01:32:51.623+0000] {processor.py:914} INFO - Processing file /opt/airflow/dags/deck_with_cron_expression.py for tasks to queue
[2024-09-26T01:32:51.626+0000] {logging_mixin.py:190} INFO - [2024-09-26T01:32:51.625+0000] {dagbag.py:587} INFO - Filling up the DagBag from /opt/airflow/dags/deck_with_cron_expression.py
[2024-09-26T01:32:51.717+0000] {processor.py:925} INFO - DAG(s) 'schedule_with_cron_expression_v03' retrieved from /opt/airflow/dags/deck_with_cron_expression.py
[2024-09-26T01:32:51.754+0000] {logging_mixin.py:190} INFO - [2024-09-26T01:32:51.753+0000] {dag.py:3229} INFO - Sync 1 DAGs
[2024-09-26T01:32:51.776+0000] {logging_mixin.py:190} INFO - [2024-09-26T01:32:51.775+0000] {dag.py:4156} INFO - Setting next_dagrun for schedule_with_cron_expression_v03 to 2024-09-12 03:00:00+00:00, run_after=2024-09-13 03:00:00+00:00
[2024-09-26T01:32:51.803+0000] {processor.py:208} INFO - Processing /opt/airflow/dags/deck_with_cron_expression.py took 0.187 seconds
[2024-09-26T01:33:22.068+0000] {processor.py:186} INFO - Started process (PID=138044) to work on /opt/airflow/dags/deck_with_cron_expression.py
[2024-09-26T01:33:22.070+0000] {processor.py:914} INFO - Processing file /opt/airflow/dags/deck_with_cron_expression.py for tasks to queue
[2024-09-26T01:33:22.073+0000] {logging_mixin.py:190} INFO - [2024-09-26T01:33:22.072+0000] {dagbag.py:587} INFO - Filling up the DagBag from /opt/airflow/dags/deck_with_cron_expression.py
[2024-09-26T01:33:22.178+0000] {processor.py:925} INFO - DAG(s) 'schedule_with_cron_expression_v03' retrieved from /opt/airflow/dags/deck_with_cron_expression.py
[2024-09-26T01:33:22.214+0000] {logging_mixin.py:190} INFO - [2024-09-26T01:33:22.213+0000] {dag.py:3229} INFO - Sync 1 DAGs
[2024-09-26T01:33:22.237+0000] {logging_mixin.py:190} INFO - [2024-09-26T01:33:22.237+0000] {dag.py:4156} INFO - Setting next_dagrun for schedule_with_cron_expression_v03 to 2024-09-12 03:00:00+00:00, run_after=2024-09-13 03:00:00+00:00
[2024-09-26T01:33:22.264+0000] {processor.py:208} INFO - Processing /opt/airflow/dags/deck_with_cron_expression.py took 0.210 seconds
[2024-09-26T01:33:52.794+0000] {processor.py:186} INFO - Started process (PID=138087) to work on /opt/airflow/dags/deck_with_cron_expression.py
[2024-09-26T01:33:52.795+0000] {processor.py:914} INFO - Processing file /opt/airflow/dags/deck_with_cron_expression.py for tasks to queue
[2024-09-26T01:33:52.797+0000] {logging_mixin.py:190} INFO - [2024-09-26T01:33:52.797+0000] {dagbag.py:587} INFO - Filling up the DagBag from /opt/airflow/dags/deck_with_cron_expression.py
[2024-09-26T01:33:52.879+0000] {processor.py:925} INFO - DAG(s) 'schedule_with_cron_expression_v03' retrieved from /opt/airflow/dags/deck_with_cron_expression.py
[2024-09-26T01:33:52.910+0000] {logging_mixin.py:190} INFO - [2024-09-26T01:33:52.909+0000] {dag.py:3229} INFO - Sync 1 DAGs
[2024-09-26T01:33:52.934+0000] {logging_mixin.py:190} INFO - [2024-09-26T01:33:52.934+0000] {dag.py:4156} INFO - Setting next_dagrun for schedule_with_cron_expression_v03 to 2024-09-12 03:00:00+00:00, run_after=2024-09-13 03:00:00+00:00
[2024-09-26T01:33:52.961+0000] {processor.py:208} INFO - Processing /opt/airflow/dags/deck_with_cron_expression.py took 0.174 seconds
[2024-09-26T01:34:23.179+0000] {processor.py:186} INFO - Started process (PID=138130) to work on /opt/airflow/dags/deck_with_cron_expression.py
[2024-09-26T01:34:23.181+0000] {processor.py:914} INFO - Processing file /opt/airflow/dags/deck_with_cron_expression.py for tasks to queue
[2024-09-26T01:34:23.185+0000] {logging_mixin.py:190} INFO - [2024-09-26T01:34:23.184+0000] {dagbag.py:587} INFO - Filling up the DagBag from /opt/airflow/dags/deck_with_cron_expression.py
[2024-09-26T01:34:23.254+0000] {processor.py:925} INFO - DAG(s) 'schedule_with_cron_expression_v03' retrieved from /opt/airflow/dags/deck_with_cron_expression.py
[2024-09-26T01:34:23.287+0000] {logging_mixin.py:190} INFO - [2024-09-26T01:34:23.286+0000] {dag.py:3229} INFO - Sync 1 DAGs
[2024-09-26T01:34:23.321+0000] {logging_mixin.py:190} INFO - [2024-09-26T01:34:23.321+0000] {dag.py:4156} INFO - Setting next_dagrun for schedule_with_cron_expression_v03 to 2024-09-12 03:00:00+00:00, run_after=2024-09-13 03:00:00+00:00
[2024-09-26T01:34:23.359+0000] {processor.py:208} INFO - Processing /opt/airflow/dags/deck_with_cron_expression.py took 0.187 seconds
[2024-09-26T01:34:54.698+0000] {processor.py:186} INFO - Started process (PID=138173) to work on /opt/airflow/dags/deck_with_cron_expression.py
[2024-09-26T01:34:54.700+0000] {processor.py:914} INFO - Processing file /opt/airflow/dags/deck_with_cron_expression.py for tasks to queue
[2024-09-26T01:34:54.702+0000] {logging_mixin.py:190} INFO - [2024-09-26T01:34:54.701+0000] {dagbag.py:587} INFO - Filling up the DagBag from /opt/airflow/dags/deck_with_cron_expression.py
[2024-09-26T01:34:54.772+0000] {processor.py:925} INFO - DAG(s) 'schedule_with_cron_expression_v03' retrieved from /opt/airflow/dags/deck_with_cron_expression.py
[2024-09-26T01:34:54.799+0000] {logging_mixin.py:190} INFO - [2024-09-26T01:34:54.799+0000] {dag.py:3229} INFO - Sync 1 DAGs
[2024-09-26T01:34:54.825+0000] {logging_mixin.py:190} INFO - [2024-09-26T01:34:54.825+0000] {dag.py:4156} INFO - Setting next_dagrun for schedule_with_cron_expression_v03 to 2024-09-12 03:00:00+00:00, run_after=2024-09-13 03:00:00+00:00
[2024-09-26T01:34:54.849+0000] {processor.py:208} INFO - Processing /opt/airflow/dags/deck_with_cron_expression.py took 0.156 seconds
[2024-09-26T01:35:25.485+0000] {processor.py:186} INFO - Started process (PID=138216) to work on /opt/airflow/dags/deck_with_cron_expression.py
[2024-09-26T01:35:25.488+0000] {processor.py:914} INFO - Processing file /opt/airflow/dags/deck_with_cron_expression.py for tasks to queue
[2024-09-26T01:35:25.493+0000] {logging_mixin.py:190} INFO - [2024-09-26T01:35:25.492+0000] {dagbag.py:587} INFO - Filling up the DagBag from /opt/airflow/dags/deck_with_cron_expression.py
[2024-09-26T01:35:25.599+0000] {processor.py:925} INFO - DAG(s) 'schedule_with_cron_expression_v03' retrieved from /opt/airflow/dags/deck_with_cron_expression.py
[2024-09-26T01:35:25.631+0000] {logging_mixin.py:190} INFO - [2024-09-26T01:35:25.630+0000] {dag.py:3229} INFO - Sync 1 DAGs
[2024-09-26T01:35:25.660+0000] {logging_mixin.py:190} INFO - [2024-09-26T01:35:25.659+0000] {dag.py:4156} INFO - Setting next_dagrun for schedule_with_cron_expression_v03 to 2024-09-12 03:00:00+00:00, run_after=2024-09-13 03:00:00+00:00
[2024-09-26T01:35:25.682+0000] {processor.py:208} INFO - Processing /opt/airflow/dags/deck_with_cron_expression.py took 0.210 seconds
[2024-09-26T01:35:56.231+0000] {processor.py:186} INFO - Started process (PID=138259) to work on /opt/airflow/dags/deck_with_cron_expression.py
[2024-09-26T01:35:56.233+0000] {processor.py:914} INFO - Processing file /opt/airflow/dags/deck_with_cron_expression.py for tasks to queue
[2024-09-26T01:35:56.234+0000] {logging_mixin.py:190} INFO - [2024-09-26T01:35:56.234+0000] {dagbag.py:587} INFO - Filling up the DagBag from /opt/airflow/dags/deck_with_cron_expression.py
[2024-09-26T01:35:56.302+0000] {processor.py:925} INFO - DAG(s) 'schedule_with_cron_expression_v03' retrieved from /opt/airflow/dags/deck_with_cron_expression.py
[2024-09-26T01:35:56.332+0000] {logging_mixin.py:190} INFO - [2024-09-26T01:35:56.331+0000] {dag.py:3229} INFO - Sync 1 DAGs
[2024-09-26T01:35:56.361+0000] {logging_mixin.py:190} INFO - [2024-09-26T01:35:56.361+0000] {dag.py:4156} INFO - Setting next_dagrun for schedule_with_cron_expression_v03 to 2024-09-12 03:00:00+00:00, run_after=2024-09-13 03:00:00+00:00
[2024-09-26T01:35:56.384+0000] {processor.py:208} INFO - Processing /opt/airflow/dags/deck_with_cron_expression.py took 0.160 seconds
[2024-09-26T01:36:26.884+0000] {processor.py:186} INFO - Started process (PID=138302) to work on /opt/airflow/dags/deck_with_cron_expression.py
[2024-09-26T01:36:26.886+0000] {processor.py:914} INFO - Processing file /opt/airflow/dags/deck_with_cron_expression.py for tasks to queue
[2024-09-26T01:36:26.889+0000] {logging_mixin.py:190} INFO - [2024-09-26T01:36:26.888+0000] {dagbag.py:587} INFO - Filling up the DagBag from /opt/airflow/dags/deck_with_cron_expression.py
[2024-09-26T01:36:26.984+0000] {processor.py:925} INFO - DAG(s) 'schedule_with_cron_expression_v03' retrieved from /opt/airflow/dags/deck_with_cron_expression.py
[2024-09-26T01:36:27.011+0000] {logging_mixin.py:190} INFO - [2024-09-26T01:36:27.010+0000] {dag.py:3229} INFO - Sync 1 DAGs
[2024-09-26T01:36:27.034+0000] {logging_mixin.py:190} INFO - [2024-09-26T01:36:27.033+0000] {dag.py:4156} INFO - Setting next_dagrun for schedule_with_cron_expression_v03 to 2024-09-12 03:00:00+00:00, run_after=2024-09-13 03:00:00+00:00
[2024-09-26T01:36:27.058+0000] {processor.py:208} INFO - Processing /opt/airflow/dags/deck_with_cron_expression.py took 0.187 seconds
[2024-09-26T01:36:57.572+0000] {processor.py:186} INFO - Started process (PID=138345) to work on /opt/airflow/dags/deck_with_cron_expression.py
[2024-09-26T01:36:57.573+0000] {processor.py:914} INFO - Processing file /opt/airflow/dags/deck_with_cron_expression.py for tasks to queue
[2024-09-26T01:36:57.575+0000] {logging_mixin.py:190} INFO - [2024-09-26T01:36:57.575+0000] {dagbag.py:587} INFO - Filling up the DagBag from /opt/airflow/dags/deck_with_cron_expression.py
[2024-09-26T01:36:57.679+0000] {processor.py:925} INFO - DAG(s) 'schedule_with_cron_expression_v03' retrieved from /opt/airflow/dags/deck_with_cron_expression.py
[2024-09-26T01:36:57.703+0000] {logging_mixin.py:190} INFO - [2024-09-26T01:36:57.703+0000] {dag.py:3229} INFO - Sync 1 DAGs
[2024-09-26T01:36:57.723+0000] {logging_mixin.py:190} INFO - [2024-09-26T01:36:57.723+0000] {dag.py:4156} INFO - Setting next_dagrun for schedule_with_cron_expression_v03 to 2024-09-12 03:00:00+00:00, run_after=2024-09-13 03:00:00+00:00
[2024-09-26T01:36:57.746+0000] {processor.py:208} INFO - Processing /opt/airflow/dags/deck_with_cron_expression.py took 0.180 seconds
[2024-09-26T01:37:28.214+0000] {processor.py:186} INFO - Started process (PID=138388) to work on /opt/airflow/dags/deck_with_cron_expression.py
[2024-09-26T01:37:28.216+0000] {processor.py:914} INFO - Processing file /opt/airflow/dags/deck_with_cron_expression.py for tasks to queue
[2024-09-26T01:37:28.218+0000] {logging_mixin.py:190} INFO - [2024-09-26T01:37:28.218+0000] {dagbag.py:587} INFO - Filling up the DagBag from /opt/airflow/dags/deck_with_cron_expression.py
[2024-09-26T01:37:28.332+0000] {processor.py:925} INFO - DAG(s) 'schedule_with_cron_expression_v03' retrieved from /opt/airflow/dags/deck_with_cron_expression.py
[2024-09-26T01:37:28.357+0000] {logging_mixin.py:190} INFO - [2024-09-26T01:37:28.357+0000] {dag.py:3229} INFO - Sync 1 DAGs
[2024-09-26T01:37:28.380+0000] {logging_mixin.py:190} INFO - [2024-09-26T01:37:28.380+0000] {dag.py:4156} INFO - Setting next_dagrun for schedule_with_cron_expression_v03 to 2024-09-12 03:00:00+00:00, run_after=2024-09-13 03:00:00+00:00
[2024-09-26T01:37:28.405+0000] {processor.py:208} INFO - Processing /opt/airflow/dags/deck_with_cron_expression.py took 0.201 seconds
[2024-09-26T01:37:58.874+0000] {processor.py:186} INFO - Started process (PID=138431) to work on /opt/airflow/dags/deck_with_cron_expression.py
[2024-09-26T01:37:58.876+0000] {processor.py:914} INFO - Processing file /opt/airflow/dags/deck_with_cron_expression.py for tasks to queue
[2024-09-26T01:37:58.880+0000] {logging_mixin.py:190} INFO - [2024-09-26T01:37:58.879+0000] {dagbag.py:587} INFO - Filling up the DagBag from /opt/airflow/dags/deck_with_cron_expression.py
[2024-09-26T01:37:58.978+0000] {processor.py:925} INFO - DAG(s) 'schedule_with_cron_expression_v03' retrieved from /opt/airflow/dags/deck_with_cron_expression.py
[2024-09-26T01:37:59.006+0000] {logging_mixin.py:190} INFO - [2024-09-26T01:37:59.005+0000] {dag.py:3229} INFO - Sync 1 DAGs
[2024-09-26T01:37:59.029+0000] {logging_mixin.py:190} INFO - [2024-09-26T01:37:59.029+0000] {dag.py:4156} INFO - Setting next_dagrun for schedule_with_cron_expression_v03 to 2024-09-12 03:00:00+00:00, run_after=2024-09-13 03:00:00+00:00
[2024-09-26T01:37:59.055+0000] {processor.py:208} INFO - Processing /opt/airflow/dags/deck_with_cron_expression.py took 0.186 seconds
[2024-09-26T01:38:29.483+0000] {processor.py:186} INFO - Started process (PID=138474) to work on /opt/airflow/dags/deck_with_cron_expression.py
[2024-09-26T01:38:29.484+0000] {processor.py:914} INFO - Processing file /opt/airflow/dags/deck_with_cron_expression.py for tasks to queue
[2024-09-26T01:38:29.486+0000] {logging_mixin.py:190} INFO - [2024-09-26T01:38:29.486+0000] {dagbag.py:587} INFO - Filling up the DagBag from /opt/airflow/dags/deck_with_cron_expression.py
[2024-09-26T01:38:29.596+0000] {processor.py:925} INFO - DAG(s) 'schedule_with_cron_expression_v03' retrieved from /opt/airflow/dags/deck_with_cron_expression.py
[2024-09-26T01:38:29.623+0000] {logging_mixin.py:190} INFO - [2024-09-26T01:38:29.622+0000] {dag.py:3229} INFO - Sync 1 DAGs
[2024-09-26T01:38:29.644+0000] {logging_mixin.py:190} INFO - [2024-09-26T01:38:29.644+0000] {dag.py:4156} INFO - Setting next_dagrun for schedule_with_cron_expression_v03 to 2024-09-12 03:00:00+00:00, run_after=2024-09-13 03:00:00+00:00
[2024-09-26T01:38:29.671+0000] {processor.py:208} INFO - Processing /opt/airflow/dags/deck_with_cron_expression.py took 0.194 seconds
[2024-09-26T01:39:00.091+0000] {processor.py:186} INFO - Started process (PID=138517) to work on /opt/airflow/dags/deck_with_cron_expression.py
[2024-09-26T01:39:00.093+0000] {processor.py:914} INFO - Processing file /opt/airflow/dags/deck_with_cron_expression.py for tasks to queue
[2024-09-26T01:39:00.095+0000] {logging_mixin.py:190} INFO - [2024-09-26T01:39:00.094+0000] {dagbag.py:587} INFO - Filling up the DagBag from /opt/airflow/dags/deck_with_cron_expression.py
[2024-09-26T01:39:00.172+0000] {processor.py:925} INFO - DAG(s) 'schedule_with_cron_expression_v03' retrieved from /opt/airflow/dags/deck_with_cron_expression.py
[2024-09-26T01:39:00.195+0000] {logging_mixin.py:190} INFO - [2024-09-26T01:39:00.194+0000] {dag.py:3229} INFO - Sync 1 DAGs
[2024-09-26T01:39:00.214+0000] {logging_mixin.py:190} INFO - [2024-09-26T01:39:00.214+0000] {dag.py:4156} INFO - Setting next_dagrun for schedule_with_cron_expression_v03 to 2024-09-12 03:00:00+00:00, run_after=2024-09-13 03:00:00+00:00
[2024-09-26T01:39:00.239+0000] {processor.py:208} INFO - Processing /opt/airflow/dags/deck_with_cron_expression.py took 0.153 seconds
[2024-09-26T01:39:30.643+0000] {processor.py:186} INFO - Started process (PID=138560) to work on /opt/airflow/dags/deck_with_cron_expression.py
[2024-09-26T01:39:30.645+0000] {processor.py:914} INFO - Processing file /opt/airflow/dags/deck_with_cron_expression.py for tasks to queue
[2024-09-26T01:39:30.647+0000] {logging_mixin.py:190} INFO - [2024-09-26T01:39:30.647+0000] {dagbag.py:587} INFO - Filling up the DagBag from /opt/airflow/dags/deck_with_cron_expression.py
[2024-09-26T01:39:30.749+0000] {processor.py:925} INFO - DAG(s) 'schedule_with_cron_expression_v03' retrieved from /opt/airflow/dags/deck_with_cron_expression.py
[2024-09-26T01:39:30.775+0000] {logging_mixin.py:190} INFO - [2024-09-26T01:39:30.774+0000] {dag.py:3229} INFO - Sync 1 DAGs
[2024-09-26T01:39:30.795+0000] {logging_mixin.py:190} INFO - [2024-09-26T01:39:30.795+0000] {dag.py:4156} INFO - Setting next_dagrun for schedule_with_cron_expression_v03 to 2024-09-12 03:00:00+00:00, run_after=2024-09-13 03:00:00+00:00
[2024-09-26T01:39:30.817+0000] {processor.py:208} INFO - Processing /opt/airflow/dags/deck_with_cron_expression.py took 0.182 seconds
[2024-09-26T01:40:01.273+0000] {processor.py:186} INFO - Started process (PID=138603) to work on /opt/airflow/dags/deck_with_cron_expression.py
[2024-09-26T01:40:01.275+0000] {processor.py:914} INFO - Processing file /opt/airflow/dags/deck_with_cron_expression.py for tasks to queue
[2024-09-26T01:40:01.278+0000] {logging_mixin.py:190} INFO - [2024-09-26T01:40:01.277+0000] {dagbag.py:587} INFO - Filling up the DagBag from /opt/airflow/dags/deck_with_cron_expression.py
[2024-09-26T01:40:01.385+0000] {processor.py:925} INFO - DAG(s) 'schedule_with_cron_expression_v03' retrieved from /opt/airflow/dags/deck_with_cron_expression.py
[2024-09-26T01:40:01.410+0000] {logging_mixin.py:190} INFO - [2024-09-26T01:40:01.410+0000] {dag.py:3229} INFO - Sync 1 DAGs
[2024-09-26T01:40:01.431+0000] {logging_mixin.py:190} INFO - [2024-09-26T01:40:01.431+0000] {dag.py:4156} INFO - Setting next_dagrun for schedule_with_cron_expression_v03 to 2024-09-12 03:00:00+00:00, run_after=2024-09-13 03:00:00+00:00
[2024-09-26T01:40:01.456+0000] {processor.py:208} INFO - Processing /opt/airflow/dags/deck_with_cron_expression.py took 0.192 seconds
[2024-09-26T01:40:31.914+0000] {processor.py:186} INFO - Started process (PID=138646) to work on /opt/airflow/dags/deck_with_cron_expression.py
[2024-09-26T01:40:31.916+0000] {processor.py:914} INFO - Processing file /opt/airflow/dags/deck_with_cron_expression.py for tasks to queue
[2024-09-26T01:40:31.918+0000] {logging_mixin.py:190} INFO - [2024-09-26T01:40:31.918+0000] {dagbag.py:587} INFO - Filling up the DagBag from /opt/airflow/dags/deck_with_cron_expression.py
[2024-09-26T01:40:32.007+0000] {processor.py:925} INFO - DAG(s) 'schedule_with_cron_expression_v03' retrieved from /opt/airflow/dags/deck_with_cron_expression.py
[2024-09-26T01:40:32.037+0000] {logging_mixin.py:190} INFO - [2024-09-26T01:40:32.036+0000] {dag.py:3229} INFO - Sync 1 DAGs
[2024-09-26T01:40:32.060+0000] {logging_mixin.py:190} INFO - [2024-09-26T01:40:32.060+0000] {dag.py:4156} INFO - Setting next_dagrun for schedule_with_cron_expression_v03 to 2024-09-12 03:00:00+00:00, run_after=2024-09-13 03:00:00+00:00
[2024-09-26T01:40:32.087+0000] {processor.py:208} INFO - Processing /opt/airflow/dags/deck_with_cron_expression.py took 0.178 seconds
[2024-09-26T01:41:02.680+0000] {processor.py:186} INFO - Started process (PID=138689) to work on /opt/airflow/dags/deck_with_cron_expression.py
[2024-09-26T01:41:02.682+0000] {processor.py:914} INFO - Processing file /opt/airflow/dags/deck_with_cron_expression.py for tasks to queue
[2024-09-26T01:41:02.685+0000] {logging_mixin.py:190} INFO - [2024-09-26T01:41:02.684+0000] {dagbag.py:587} INFO - Filling up the DagBag from /opt/airflow/dags/deck_with_cron_expression.py
[2024-09-26T01:41:02.785+0000] {processor.py:925} INFO - DAG(s) 'schedule_with_cron_expression_v03' retrieved from /opt/airflow/dags/deck_with_cron_expression.py
[2024-09-26T01:41:02.811+0000] {logging_mixin.py:190} INFO - [2024-09-26T01:41:02.810+0000] {dag.py:3229} INFO - Sync 1 DAGs
[2024-09-26T01:41:02.830+0000] {logging_mixin.py:190} INFO - [2024-09-26T01:41:02.830+0000] {dag.py:4156} INFO - Setting next_dagrun for schedule_with_cron_expression_v03 to 2024-09-12 03:00:00+00:00, run_after=2024-09-13 03:00:00+00:00
[2024-09-26T01:41:02.860+0000] {processor.py:208} INFO - Processing /opt/airflow/dags/deck_with_cron_expression.py took 0.190 seconds
[2024-09-26T01:41:33.238+0000] {processor.py:186} INFO - Started process (PID=138732) to work on /opt/airflow/dags/deck_with_cron_expression.py
[2024-09-26T01:41:33.240+0000] {processor.py:914} INFO - Processing file /opt/airflow/dags/deck_with_cron_expression.py for tasks to queue
[2024-09-26T01:41:33.243+0000] {logging_mixin.py:190} INFO - [2024-09-26T01:41:33.242+0000] {dagbag.py:587} INFO - Filling up the DagBag from /opt/airflow/dags/deck_with_cron_expression.py
[2024-09-26T01:41:33.339+0000] {processor.py:925} INFO - DAG(s) 'schedule_with_cron_expression_v03' retrieved from /opt/airflow/dags/deck_with_cron_expression.py
[2024-09-26T01:41:33.363+0000] {logging_mixin.py:190} INFO - [2024-09-26T01:41:33.363+0000] {dag.py:3229} INFO - Sync 1 DAGs
[2024-09-26T01:41:33.384+0000] {logging_mixin.py:190} INFO - [2024-09-26T01:41:33.384+0000] {dag.py:4156} INFO - Setting next_dagrun for schedule_with_cron_expression_v03 to 2024-09-12 03:00:00+00:00, run_after=2024-09-13 03:00:00+00:00
[2024-09-26T01:41:33.406+0000] {processor.py:208} INFO - Processing /opt/airflow/dags/deck_with_cron_expression.py took 0.173 seconds
[2024-09-26T01:42:03.949+0000] {processor.py:186} INFO - Started process (PID=138775) to work on /opt/airflow/dags/deck_with_cron_expression.py
[2024-09-26T01:42:03.950+0000] {processor.py:914} INFO - Processing file /opt/airflow/dags/deck_with_cron_expression.py for tasks to queue
[2024-09-26T01:42:03.953+0000] {logging_mixin.py:190} INFO - [2024-09-26T01:42:03.953+0000] {dagbag.py:587} INFO - Filling up the DagBag from /opt/airflow/dags/deck_with_cron_expression.py
[2024-09-26T01:42:04.037+0000] {processor.py:925} INFO - DAG(s) 'schedule_with_cron_expression_v03' retrieved from /opt/airflow/dags/deck_with_cron_expression.py
[2024-09-26T01:42:04.069+0000] {logging_mixin.py:190} INFO - [2024-09-26T01:42:04.069+0000] {dag.py:3229} INFO - Sync 1 DAGs
[2024-09-26T01:42:04.096+0000] {logging_mixin.py:190} INFO - [2024-09-26T01:42:04.096+0000] {dag.py:4156} INFO - Setting next_dagrun for schedule_with_cron_expression_v03 to 2024-09-12 03:00:00+00:00, run_after=2024-09-13 03:00:00+00:00
[2024-09-26T01:42:04.122+0000] {processor.py:208} INFO - Processing /opt/airflow/dags/deck_with_cron_expression.py took 0.179 seconds
[2024-09-26T01:42:34.419+0000] {processor.py:186} INFO - Started process (PID=138818) to work on /opt/airflow/dags/deck_with_cron_expression.py
[2024-09-26T01:42:34.420+0000] {processor.py:914} INFO - Processing file /opt/airflow/dags/deck_with_cron_expression.py for tasks to queue
[2024-09-26T01:42:34.422+0000] {logging_mixin.py:190} INFO - [2024-09-26T01:42:34.422+0000] {dagbag.py:587} INFO - Filling up the DagBag from /opt/airflow/dags/deck_with_cron_expression.py
[2024-09-26T01:42:34.495+0000] {processor.py:925} INFO - DAG(s) 'schedule_with_cron_expression_v03' retrieved from /opt/airflow/dags/deck_with_cron_expression.py
[2024-09-26T01:42:34.524+0000] {logging_mixin.py:190} INFO - [2024-09-26T01:42:34.523+0000] {dag.py:3229} INFO - Sync 1 DAGs
[2024-09-26T01:42:34.549+0000] {logging_mixin.py:190} INFO - [2024-09-26T01:42:34.549+0000] {dag.py:4156} INFO - Setting next_dagrun for schedule_with_cron_expression_v03 to 2024-09-12 03:00:00+00:00, run_after=2024-09-13 03:00:00+00:00
[2024-09-26T01:42:34.577+0000] {processor.py:208} INFO - Processing /opt/airflow/dags/deck_with_cron_expression.py took 0.163 seconds
[2024-09-26T01:43:04.866+0000] {processor.py:186} INFO - Started process (PID=138861) to work on /opt/airflow/dags/deck_with_cron_expression.py
[2024-09-26T01:43:04.868+0000] {processor.py:914} INFO - Processing file /opt/airflow/dags/deck_with_cron_expression.py for tasks to queue
[2024-09-26T01:43:04.870+0000] {logging_mixin.py:190} INFO - [2024-09-26T01:43:04.869+0000] {dagbag.py:587} INFO - Filling up the DagBag from /opt/airflow/dags/deck_with_cron_expression.py
[2024-09-26T01:43:04.936+0000] {processor.py:925} INFO - DAG(s) 'schedule_with_cron_expression_v03' retrieved from /opt/airflow/dags/deck_with_cron_expression.py
[2024-09-26T01:43:04.969+0000] {logging_mixin.py:190} INFO - [2024-09-26T01:43:04.969+0000] {dag.py:3229} INFO - Sync 1 DAGs
[2024-09-26T01:43:04.997+0000] {logging_mixin.py:190} INFO - [2024-09-26T01:43:04.997+0000] {dag.py:4156} INFO - Setting next_dagrun for schedule_with_cron_expression_v03 to 2024-09-12 03:00:00+00:00, run_after=2024-09-13 03:00:00+00:00
[2024-09-26T01:43:05.023+0000] {processor.py:208} INFO - Processing /opt/airflow/dags/deck_with_cron_expression.py took 0.163 seconds
[2024-09-26T01:43:35.359+0000] {processor.py:186} INFO - Started process (PID=138904) to work on /opt/airflow/dags/deck_with_cron_expression.py
[2024-09-26T01:43:35.361+0000] {processor.py:914} INFO - Processing file /opt/airflow/dags/deck_with_cron_expression.py for tasks to queue
[2024-09-26T01:43:35.364+0000] {logging_mixin.py:190} INFO - [2024-09-26T01:43:35.364+0000] {dagbag.py:587} INFO - Filling up the DagBag from /opt/airflow/dags/deck_with_cron_expression.py
[2024-09-26T01:43:35.424+0000] {processor.py:925} INFO - DAG(s) 'schedule_with_cron_expression_v03' retrieved from /opt/airflow/dags/deck_with_cron_expression.py
[2024-09-26T01:43:35.458+0000] {logging_mixin.py:190} INFO - [2024-09-26T01:43:35.457+0000] {dag.py:3229} INFO - Sync 1 DAGs
[2024-09-26T01:43:35.483+0000] {logging_mixin.py:190} INFO - [2024-09-26T01:43:35.483+0000] {dag.py:4156} INFO - Setting next_dagrun for schedule_with_cron_expression_v03 to 2024-09-12 03:00:00+00:00, run_after=2024-09-13 03:00:00+00:00
[2024-09-26T01:43:35.511+0000] {processor.py:208} INFO - Processing /opt/airflow/dags/deck_with_cron_expression.py took 0.158 seconds
[2024-09-26T01:44:05.782+0000] {processor.py:186} INFO - Started process (PID=138947) to work on /opt/airflow/dags/deck_with_cron_expression.py
[2024-09-26T01:44:05.784+0000] {processor.py:914} INFO - Processing file /opt/airflow/dags/deck_with_cron_expression.py for tasks to queue
[2024-09-26T01:44:05.786+0000] {logging_mixin.py:190} INFO - [2024-09-26T01:44:05.785+0000] {dagbag.py:587} INFO - Filling up the DagBag from /opt/airflow/dags/deck_with_cron_expression.py
[2024-09-26T01:44:05.858+0000] {processor.py:925} INFO - DAG(s) 'schedule_with_cron_expression_v03' retrieved from /opt/airflow/dags/deck_with_cron_expression.py
[2024-09-26T01:44:05.884+0000] {logging_mixin.py:190} INFO - [2024-09-26T01:44:05.884+0000] {dag.py:3229} INFO - Sync 1 DAGs
[2024-09-26T01:44:05.908+0000] {logging_mixin.py:190} INFO - [2024-09-26T01:44:05.908+0000] {dag.py:4156} INFO - Setting next_dagrun for schedule_with_cron_expression_v03 to 2024-09-12 03:00:00+00:00, run_after=2024-09-13 03:00:00+00:00
[2024-09-26T01:44:05.934+0000] {processor.py:208} INFO - Processing /opt/airflow/dags/deck_with_cron_expression.py took 0.158 seconds
[2024-09-26T01:44:36.387+0000] {processor.py:186} INFO - Started process (PID=138990) to work on /opt/airflow/dags/deck_with_cron_expression.py
[2024-09-26T01:44:36.388+0000] {processor.py:914} INFO - Processing file /opt/airflow/dags/deck_with_cron_expression.py for tasks to queue
[2024-09-26T01:44:36.391+0000] {logging_mixin.py:190} INFO - [2024-09-26T01:44:36.391+0000] {dagbag.py:587} INFO - Filling up the DagBag from /opt/airflow/dags/deck_with_cron_expression.py
[2024-09-26T01:44:36.506+0000] {processor.py:925} INFO - DAG(s) 'schedule_with_cron_expression_v03' retrieved from /opt/airflow/dags/deck_with_cron_expression.py
[2024-09-26T01:44:36.537+0000] {logging_mixin.py:190} INFO - [2024-09-26T01:44:36.537+0000] {dag.py:3229} INFO - Sync 1 DAGs
[2024-09-26T01:44:36.562+0000] {logging_mixin.py:190} INFO - [2024-09-26T01:44:36.561+0000] {dag.py:4156} INFO - Setting next_dagrun for schedule_with_cron_expression_v03 to 2024-09-12 03:00:00+00:00, run_after=2024-09-13 03:00:00+00:00
[2024-09-26T01:44:36.589+0000] {processor.py:208} INFO - Processing /opt/airflow/dags/deck_with_cron_expression.py took 0.208 seconds
[2024-09-26T01:45:07.285+0000] {processor.py:186} INFO - Started process (PID=139035) to work on /opt/airflow/dags/deck_with_cron_expression.py
[2024-09-26T01:45:07.288+0000] {processor.py:914} INFO - Processing file /opt/airflow/dags/deck_with_cron_expression.py for tasks to queue
[2024-09-26T01:45:07.292+0000] {logging_mixin.py:190} INFO - [2024-09-26T01:45:07.291+0000] {dagbag.py:587} INFO - Filling up the DagBag from /opt/airflow/dags/deck_with_cron_expression.py
[2024-09-26T01:45:07.409+0000] {processor.py:925} INFO - DAG(s) 'schedule_with_cron_expression_v03' retrieved from /opt/airflow/dags/deck_with_cron_expression.py
[2024-09-26T01:45:07.445+0000] {logging_mixin.py:190} INFO - [2024-09-26T01:45:07.444+0000] {dag.py:3229} INFO - Sync 1 DAGs
[2024-09-26T01:45:07.468+0000] {logging_mixin.py:190} INFO - [2024-09-26T01:45:07.467+0000] {dag.py:4156} INFO - Setting next_dagrun for schedule_with_cron_expression_v03 to 2024-09-12 03:00:00+00:00, run_after=2024-09-13 03:00:00+00:00
[2024-09-26T01:45:07.502+0000] {processor.py:208} INFO - Processing /opt/airflow/dags/deck_with_cron_expression.py took 0.231 seconds
[2024-09-26T01:45:37.796+0000] {processor.py:186} INFO - Started process (PID=139078) to work on /opt/airflow/dags/deck_with_cron_expression.py
[2024-09-26T01:45:37.798+0000] {processor.py:914} INFO - Processing file /opt/airflow/dags/deck_with_cron_expression.py for tasks to queue
[2024-09-26T01:45:37.800+0000] {logging_mixin.py:190} INFO - [2024-09-26T01:45:37.799+0000] {dagbag.py:587} INFO - Filling up the DagBag from /opt/airflow/dags/deck_with_cron_expression.py
[2024-09-26T01:45:37.902+0000] {processor.py:925} INFO - DAG(s) 'schedule_with_cron_expression_v03' retrieved from /opt/airflow/dags/deck_with_cron_expression.py
[2024-09-26T01:45:37.928+0000] {logging_mixin.py:190} INFO - [2024-09-26T01:45:37.928+0000] {dag.py:3229} INFO - Sync 1 DAGs
[2024-09-26T01:45:37.956+0000] {logging_mixin.py:190} INFO - [2024-09-26T01:45:37.956+0000] {dag.py:4156} INFO - Setting next_dagrun for schedule_with_cron_expression_v03 to 2024-09-12 03:00:00+00:00, run_after=2024-09-13 03:00:00+00:00
[2024-09-26T01:45:37.978+0000] {processor.py:208} INFO - Processing /opt/airflow/dags/deck_with_cron_expression.py took 0.189 seconds
[2024-09-26T01:46:08.402+0000] {processor.py:186} INFO - Started process (PID=139121) to work on /opt/airflow/dags/deck_with_cron_expression.py
[2024-09-26T01:46:08.404+0000] {processor.py:914} INFO - Processing file /opt/airflow/dags/deck_with_cron_expression.py for tasks to queue
[2024-09-26T01:46:08.406+0000] {logging_mixin.py:190} INFO - [2024-09-26T01:46:08.406+0000] {dagbag.py:587} INFO - Filling up the DagBag from /opt/airflow/dags/deck_with_cron_expression.py
[2024-09-26T01:46:08.532+0000] {processor.py:925} INFO - DAG(s) 'schedule_with_cron_expression_v03' retrieved from /opt/airflow/dags/deck_with_cron_expression.py
[2024-09-26T01:46:08.562+0000] {logging_mixin.py:190} INFO - [2024-09-26T01:46:08.562+0000] {dag.py:3229} INFO - Sync 1 DAGs
[2024-09-26T01:46:08.584+0000] {logging_mixin.py:190} INFO - [2024-09-26T01:46:08.584+0000] {dag.py:4156} INFO - Setting next_dagrun for schedule_with_cron_expression_v03 to 2024-09-12 03:00:00+00:00, run_after=2024-09-13 03:00:00+00:00
[2024-09-26T01:46:08.620+0000] {processor.py:208} INFO - Processing /opt/airflow/dags/deck_with_cron_expression.py took 0.227 seconds
[2024-09-26T01:46:38.853+0000] {processor.py:186} INFO - Started process (PID=139162) to work on /opt/airflow/dags/deck_with_cron_expression.py
[2024-09-26T01:46:38.855+0000] {processor.py:914} INFO - Processing file /opt/airflow/dags/deck_with_cron_expression.py for tasks to queue
[2024-09-26T01:46:38.857+0000] {logging_mixin.py:190} INFO - [2024-09-26T01:46:38.857+0000] {dagbag.py:587} INFO - Filling up the DagBag from /opt/airflow/dags/deck_with_cron_expression.py
[2024-09-26T01:46:38.951+0000] {processor.py:925} INFO - DAG(s) 'schedule_with_cron_expression_v03' retrieved from /opt/airflow/dags/deck_with_cron_expression.py
[2024-09-26T01:46:38.977+0000] {logging_mixin.py:190} INFO - [2024-09-26T01:46:38.977+0000] {dag.py:3229} INFO - Sync 1 DAGs
[2024-09-26T01:46:39.003+0000] {logging_mixin.py:190} INFO - [2024-09-26T01:46:39.003+0000] {dag.py:4156} INFO - Setting next_dagrun for schedule_with_cron_expression_v03 to 2024-09-12 03:00:00+00:00, run_after=2024-09-13 03:00:00+00:00
[2024-09-26T01:46:39.026+0000] {processor.py:208} INFO - Processing /opt/airflow/dags/deck_with_cron_expression.py took 0.177 seconds
[2024-09-26T01:47:10.059+0000] {processor.py:186} INFO - Started process (PID=139205) to work on /opt/airflow/dags/deck_with_cron_expression.py
[2024-09-26T01:47:10.062+0000] {processor.py:914} INFO - Processing file /opt/airflow/dags/deck_with_cron_expression.py for tasks to queue
[2024-09-26T01:47:10.067+0000] {logging_mixin.py:190} INFO - [2024-09-26T01:47:10.066+0000] {dagbag.py:587} INFO - Filling up the DagBag from /opt/airflow/dags/deck_with_cron_expression.py
[2024-09-26T01:47:10.189+0000] {processor.py:925} INFO - DAG(s) 'schedule_with_cron_expression_v03' retrieved from /opt/airflow/dags/deck_with_cron_expression.py
[2024-09-26T01:47:10.234+0000] {logging_mixin.py:190} INFO - [2024-09-26T01:47:10.234+0000] {dag.py:3229} INFO - Sync 1 DAGs
[2024-09-26T01:47:10.287+0000] {logging_mixin.py:190} INFO - [2024-09-26T01:47:10.287+0000] {dag.py:4156} INFO - Setting next_dagrun for schedule_with_cron_expression_v03 to 2024-09-12 03:00:00+00:00, run_after=2024-09-13 03:00:00+00:00
[2024-09-26T01:47:10.331+0000] {processor.py:208} INFO - Processing /opt/airflow/dags/deck_with_cron_expression.py took 0.285 seconds
[2024-09-26T01:47:41.278+0000] {processor.py:186} INFO - Started process (PID=139248) to work on /opt/airflow/dags/deck_with_cron_expression.py
[2024-09-26T01:47:41.280+0000] {processor.py:914} INFO - Processing file /opt/airflow/dags/deck_with_cron_expression.py for tasks to queue
[2024-09-26T01:47:41.282+0000] {logging_mixin.py:190} INFO - [2024-09-26T01:47:41.282+0000] {dagbag.py:587} INFO - Filling up the DagBag from /opt/airflow/dags/deck_with_cron_expression.py
[2024-09-26T01:47:41.353+0000] {processor.py:925} INFO - DAG(s) 'schedule_with_cron_expression_v03' retrieved from /opt/airflow/dags/deck_with_cron_expression.py
[2024-09-26T01:47:41.378+0000] {logging_mixin.py:190} INFO - [2024-09-26T01:47:41.378+0000] {dag.py:3229} INFO - Sync 1 DAGs
[2024-09-26T01:47:41.407+0000] {logging_mixin.py:190} INFO - [2024-09-26T01:47:41.407+0000] {dag.py:4156} INFO - Setting next_dagrun for schedule_with_cron_expression_v03 to 2024-09-12 03:00:00+00:00, run_after=2024-09-13 03:00:00+00:00
[2024-09-26T01:47:41.435+0000] {processor.py:208} INFO - Processing /opt/airflow/dags/deck_with_cron_expression.py took 0.162 seconds
[2024-09-26T01:48:12.060+0000] {processor.py:186} INFO - Started process (PID=139291) to work on /opt/airflow/dags/deck_with_cron_expression.py
[2024-09-26T01:48:12.061+0000] {processor.py:914} INFO - Processing file /opt/airflow/dags/deck_with_cron_expression.py for tasks to queue
[2024-09-26T01:48:12.064+0000] {logging_mixin.py:190} INFO - [2024-09-26T01:48:12.063+0000] {dagbag.py:587} INFO - Filling up the DagBag from /opt/airflow/dags/deck_with_cron_expression.py
[2024-09-26T01:48:12.136+0000] {processor.py:925} INFO - DAG(s) 'schedule_with_cron_expression_v03' retrieved from /opt/airflow/dags/deck_with_cron_expression.py
[2024-09-26T01:48:12.417+0000] {logging_mixin.py:190} INFO - [2024-09-26T01:48:12.416+0000] {dag.py:3229} INFO - Sync 1 DAGs
[2024-09-26T01:48:12.451+0000] {logging_mixin.py:190} INFO - [2024-09-26T01:48:12.451+0000] {dag.py:4156} INFO - Setting next_dagrun for schedule_with_cron_expression_v03 to 2024-09-12 03:00:00+00:00, run_after=2024-09-13 03:00:00+00:00
[2024-09-26T01:48:12.481+0000] {processor.py:208} INFO - Processing /opt/airflow/dags/deck_with_cron_expression.py took 0.428 seconds
[2024-09-26T01:48:42.834+0000] {processor.py:186} INFO - Started process (PID=139334) to work on /opt/airflow/dags/deck_with_cron_expression.py
[2024-09-26T01:48:42.836+0000] {processor.py:914} INFO - Processing file /opt/airflow/dags/deck_with_cron_expression.py for tasks to queue
[2024-09-26T01:48:42.839+0000] {logging_mixin.py:190} INFO - [2024-09-26T01:48:42.838+0000] {dagbag.py:587} INFO - Filling up the DagBag from /opt/airflow/dags/deck_with_cron_expression.py
[2024-09-26T01:48:42.951+0000] {processor.py:925} INFO - DAG(s) 'schedule_with_cron_expression_v03' retrieved from /opt/airflow/dags/deck_with_cron_expression.py
[2024-09-26T01:48:43.010+0000] {logging_mixin.py:190} INFO - [2024-09-26T01:48:43.009+0000] {dag.py:3229} INFO - Sync 1 DAGs
[2024-09-26T01:48:43.082+0000] {logging_mixin.py:190} INFO - [2024-09-26T01:48:43.081+0000] {dag.py:4156} INFO - Setting next_dagrun for schedule_with_cron_expression_v03 to 2024-09-12 03:00:00+00:00, run_after=2024-09-13 03:00:00+00:00
[2024-09-26T01:48:43.140+0000] {processor.py:208} INFO - Processing /opt/airflow/dags/deck_with_cron_expression.py took 0.317 seconds
[2024-09-26T01:49:13.504+0000] {processor.py:186} INFO - Started process (PID=139377) to work on /opt/airflow/dags/deck_with_cron_expression.py
[2024-09-26T01:49:13.505+0000] {processor.py:914} INFO - Processing file /opt/airflow/dags/deck_with_cron_expression.py for tasks to queue
[2024-09-26T01:49:13.507+0000] {logging_mixin.py:190} INFO - [2024-09-26T01:49:13.507+0000] {dagbag.py:587} INFO - Filling up the DagBag from /opt/airflow/dags/deck_with_cron_expression.py
[2024-09-26T01:49:13.580+0000] {processor.py:925} INFO - DAG(s) 'schedule_with_cron_expression_v03' retrieved from /opt/airflow/dags/deck_with_cron_expression.py
[2024-09-26T01:49:13.610+0000] {logging_mixin.py:190} INFO - [2024-09-26T01:49:13.609+0000] {dag.py:3229} INFO - Sync 1 DAGs
[2024-09-26T01:49:13.640+0000] {logging_mixin.py:190} INFO - [2024-09-26T01:49:13.640+0000] {dag.py:4156} INFO - Setting next_dagrun for schedule_with_cron_expression_v03 to 2024-09-12 03:00:00+00:00, run_after=2024-09-13 03:00:00+00:00
[2024-09-26T01:49:13.663+0000] {processor.py:208} INFO - Processing /opt/airflow/dags/deck_with_cron_expression.py took 0.166 seconds
[2024-09-26T01:49:44.075+0000] {processor.py:186} INFO - Started process (PID=139420) to work on /opt/airflow/dags/deck_with_cron_expression.py
[2024-09-26T01:49:44.076+0000] {processor.py:914} INFO - Processing file /opt/airflow/dags/deck_with_cron_expression.py for tasks to queue
[2024-09-26T01:49:44.078+0000] {logging_mixin.py:190} INFO - [2024-09-26T01:49:44.078+0000] {dagbag.py:587} INFO - Filling up the DagBag from /opt/airflow/dags/deck_with_cron_expression.py
[2024-09-26T01:49:44.174+0000] {processor.py:925} INFO - DAG(s) 'schedule_with_cron_expression_v03' retrieved from /opt/airflow/dags/deck_with_cron_expression.py
[2024-09-26T01:49:44.201+0000] {logging_mixin.py:190} INFO - [2024-09-26T01:49:44.201+0000] {dag.py:3229} INFO - Sync 1 DAGs
[2024-09-26T01:49:44.223+0000] {logging_mixin.py:190} INFO - [2024-09-26T01:49:44.223+0000] {dag.py:4156} INFO - Setting next_dagrun for schedule_with_cron_expression_v03 to 2024-09-12 03:00:00+00:00, run_after=2024-09-13 03:00:00+00:00
[2024-09-26T01:49:44.247+0000] {processor.py:208} INFO - Processing /opt/airflow/dags/deck_with_cron_expression.py took 0.179 seconds
[2024-09-26T01:50:15.442+0000] {processor.py:186} INFO - Started process (PID=139463) to work on /opt/airflow/dags/deck_with_cron_expression.py
[2024-09-26T01:50:15.449+0000] {processor.py:914} INFO - Processing file /opt/airflow/dags/deck_with_cron_expression.py for tasks to queue
[2024-09-26T01:50:15.456+0000] {logging_mixin.py:190} INFO - [2024-09-26T01:50:15.455+0000] {dagbag.py:587} INFO - Filling up the DagBag from /opt/airflow/dags/deck_with_cron_expression.py
[2024-09-26T01:50:15.570+0000] {processor.py:925} INFO - DAG(s) 'schedule_with_cron_expression_v03' retrieved from /opt/airflow/dags/deck_with_cron_expression.py
[2024-09-26T01:50:15.616+0000] {logging_mixin.py:190} INFO - [2024-09-26T01:50:15.616+0000] {dag.py:3229} INFO - Sync 1 DAGs
[2024-09-26T01:50:15.654+0000] {logging_mixin.py:190} INFO - [2024-09-26T01:50:15.654+0000] {dag.py:4156} INFO - Setting next_dagrun for schedule_with_cron_expression_v03 to 2024-09-12 03:00:00+00:00, run_after=2024-09-13 03:00:00+00:00
[2024-09-26T01:50:15.683+0000] {processor.py:208} INFO - Processing /opt/airflow/dags/deck_with_cron_expression.py took 0.267 seconds
[2024-09-26T01:50:46.021+0000] {processor.py:186} INFO - Started process (PID=139506) to work on /opt/airflow/dags/deck_with_cron_expression.py
[2024-09-26T01:50:46.022+0000] {processor.py:914} INFO - Processing file /opt/airflow/dags/deck_with_cron_expression.py for tasks to queue
[2024-09-26T01:50:46.024+0000] {logging_mixin.py:190} INFO - [2024-09-26T01:50:46.024+0000] {dagbag.py:587} INFO - Filling up the DagBag from /opt/airflow/dags/deck_with_cron_expression.py
[2024-09-26T01:50:46.100+0000] {processor.py:925} INFO - DAG(s) 'schedule_with_cron_expression_v03' retrieved from /opt/airflow/dags/deck_with_cron_expression.py
[2024-09-26T01:50:46.123+0000] {logging_mixin.py:190} INFO - [2024-09-26T01:50:46.123+0000] {dag.py:3229} INFO - Sync 1 DAGs
[2024-09-26T01:50:46.144+0000] {logging_mixin.py:190} INFO - [2024-09-26T01:50:46.144+0000] {dag.py:4156} INFO - Setting next_dagrun for schedule_with_cron_expression_v03 to 2024-09-12 03:00:00+00:00, run_after=2024-09-13 03:00:00+00:00
[2024-09-26T01:50:46.167+0000] {processor.py:208} INFO - Processing /opt/airflow/dags/deck_with_cron_expression.py took 0.153 seconds
[2024-09-26T01:51:16.584+0000] {processor.py:186} INFO - Started process (PID=139549) to work on /opt/airflow/dags/deck_with_cron_expression.py
[2024-09-26T01:51:16.585+0000] {processor.py:914} INFO - Processing file /opt/airflow/dags/deck_with_cron_expression.py for tasks to queue
[2024-09-26T01:51:16.588+0000] {logging_mixin.py:190} INFO - [2024-09-26T01:51:16.588+0000] {dagbag.py:587} INFO - Filling up the DagBag from /opt/airflow/dags/deck_with_cron_expression.py
[2024-09-26T01:51:16.643+0000] {processor.py:925} INFO - DAG(s) 'schedule_with_cron_expression_v03' retrieved from /opt/airflow/dags/deck_with_cron_expression.py
[2024-09-26T01:51:16.671+0000] {logging_mixin.py:190} INFO - [2024-09-26T01:51:16.670+0000] {dag.py:3229} INFO - Sync 1 DAGs
[2024-09-26T01:51:16.700+0000] {logging_mixin.py:190} INFO - [2024-09-26T01:51:16.700+0000] {dag.py:4156} INFO - Setting next_dagrun for schedule_with_cron_expression_v03 to 2024-09-12 03:00:00+00:00, run_after=2024-09-13 03:00:00+00:00
[2024-09-26T01:51:16.732+0000] {processor.py:208} INFO - Processing /opt/airflow/dags/deck_with_cron_expression.py took 0.159 seconds
[2024-09-26T01:51:47.136+0000] {processor.py:186} INFO - Started process (PID=139592) to work on /opt/airflow/dags/deck_with_cron_expression.py
[2024-09-26T01:51:47.137+0000] {processor.py:914} INFO - Processing file /opt/airflow/dags/deck_with_cron_expression.py for tasks to queue
[2024-09-26T01:51:47.140+0000] {logging_mixin.py:190} INFO - [2024-09-26T01:51:47.139+0000] {dagbag.py:587} INFO - Filling up the DagBag from /opt/airflow/dags/deck_with_cron_expression.py
[2024-09-26T01:51:47.258+0000] {processor.py:925} INFO - DAG(s) 'schedule_with_cron_expression_v03' retrieved from /opt/airflow/dags/deck_with_cron_expression.py
[2024-09-26T01:51:47.297+0000] {logging_mixin.py:190} INFO - [2024-09-26T01:51:47.297+0000] {dag.py:3229} INFO - Sync 1 DAGs
[2024-09-26T01:51:47.364+0000] {logging_mixin.py:190} INFO - [2024-09-26T01:51:47.363+0000] {dag.py:4156} INFO - Setting next_dagrun for schedule_with_cron_expression_v03 to 2024-09-12 03:00:00+00:00, run_after=2024-09-13 03:00:00+00:00
[2024-09-26T01:51:47.405+0000] {processor.py:208} INFO - Processing /opt/airflow/dags/deck_with_cron_expression.py took 0.282 seconds
[2024-09-26T01:52:17.898+0000] {processor.py:186} INFO - Started process (PID=139635) to work on /opt/airflow/dags/deck_with_cron_expression.py
[2024-09-26T01:52:17.900+0000] {processor.py:914} INFO - Processing file /opt/airflow/dags/deck_with_cron_expression.py for tasks to queue
[2024-09-26T01:52:17.902+0000] {logging_mixin.py:190} INFO - [2024-09-26T01:52:17.901+0000] {dagbag.py:587} INFO - Filling up the DagBag from /opt/airflow/dags/deck_with_cron_expression.py
[2024-09-26T01:52:17.990+0000] {processor.py:925} INFO - DAG(s) 'schedule_with_cron_expression_v03' retrieved from /opt/airflow/dags/deck_with_cron_expression.py
[2024-09-26T01:52:18.020+0000] {logging_mixin.py:190} INFO - [2024-09-26T01:52:18.020+0000] {dag.py:3229} INFO - Sync 1 DAGs
[2024-09-26T01:52:18.052+0000] {logging_mixin.py:190} INFO - [2024-09-26T01:52:18.052+0000] {dag.py:4156} INFO - Setting next_dagrun for schedule_with_cron_expression_v03 to 2024-09-12 03:00:00+00:00, run_after=2024-09-13 03:00:00+00:00
[2024-09-26T01:52:18.084+0000] {processor.py:208} INFO - Processing /opt/airflow/dags/deck_with_cron_expression.py took 0.192 seconds
[2024-09-26T01:52:48.456+0000] {processor.py:186} INFO - Started process (PID=139678) to work on /opt/airflow/dags/deck_with_cron_expression.py
[2024-09-26T01:52:48.458+0000] {processor.py:914} INFO - Processing file /opt/airflow/dags/deck_with_cron_expression.py for tasks to queue
[2024-09-26T01:52:48.460+0000] {logging_mixin.py:190} INFO - [2024-09-26T01:52:48.460+0000] {dagbag.py:587} INFO - Filling up the DagBag from /opt/airflow/dags/deck_with_cron_expression.py
[2024-09-26T01:52:48.566+0000] {processor.py:925} INFO - DAG(s) 'schedule_with_cron_expression_v03' retrieved from /opt/airflow/dags/deck_with_cron_expression.py
[2024-09-26T01:52:48.587+0000] {logging_mixin.py:190} INFO - [2024-09-26T01:52:48.586+0000] {dag.py:3229} INFO - Sync 1 DAGs
[2024-09-26T01:52:48.609+0000] {logging_mixin.py:190} INFO - [2024-09-26T01:52:48.609+0000] {dag.py:4156} INFO - Setting next_dagrun for schedule_with_cron_expression_v03 to 2024-09-12 03:00:00+00:00, run_after=2024-09-13 03:00:00+00:00
[2024-09-26T01:52:48.642+0000] {processor.py:208} INFO - Processing /opt/airflow/dags/deck_with_cron_expression.py took 0.198 seconds
[2024-09-26T01:53:18.993+0000] {processor.py:186} INFO - Started process (PID=139721) to work on /opt/airflow/dags/deck_with_cron_expression.py
[2024-09-26T01:53:18.996+0000] {processor.py:914} INFO - Processing file /opt/airflow/dags/deck_with_cron_expression.py for tasks to queue
[2024-09-26T01:53:18.999+0000] {logging_mixin.py:190} INFO - [2024-09-26T01:53:18.998+0000] {dagbag.py:587} INFO - Filling up the DagBag from /opt/airflow/dags/deck_with_cron_expression.py
[2024-09-26T01:53:19.104+0000] {processor.py:925} INFO - DAG(s) 'schedule_with_cron_expression_v03' retrieved from /opt/airflow/dags/deck_with_cron_expression.py
[2024-09-26T01:53:19.151+0000] {logging_mixin.py:190} INFO - [2024-09-26T01:53:19.151+0000] {dag.py:3229} INFO - Sync 1 DAGs
[2024-09-26T01:53:19.182+0000] {logging_mixin.py:190} INFO - [2024-09-26T01:53:19.182+0000] {dag.py:4156} INFO - Setting next_dagrun for schedule_with_cron_expression_v03 to 2024-09-12 03:00:00+00:00, run_after=2024-09-13 03:00:00+00:00
[2024-09-26T01:53:19.238+0000] {processor.py:208} INFO - Processing /opt/airflow/dags/deck_with_cron_expression.py took 0.254 seconds
[2024-09-26T01:53:49.608+0000] {processor.py:186} INFO - Started process (PID=139764) to work on /opt/airflow/dags/deck_with_cron_expression.py
[2024-09-26T01:53:49.611+0000] {processor.py:914} INFO - Processing file /opt/airflow/dags/deck_with_cron_expression.py for tasks to queue
[2024-09-26T01:53:49.613+0000] {logging_mixin.py:190} INFO - [2024-09-26T01:53:49.613+0000] {dagbag.py:587} INFO - Filling up the DagBag from /opt/airflow/dags/deck_with_cron_expression.py
[2024-09-26T01:53:49.728+0000] {processor.py:925} INFO - DAG(s) 'schedule_with_cron_expression_v03' retrieved from /opt/airflow/dags/deck_with_cron_expression.py
[2024-09-26T01:53:49.754+0000] {logging_mixin.py:190} INFO - [2024-09-26T01:53:49.754+0000] {dag.py:3229} INFO - Sync 1 DAGs
[2024-09-26T01:53:49.780+0000] {logging_mixin.py:190} INFO - [2024-09-26T01:53:49.780+0000] {dag.py:4156} INFO - Setting next_dagrun for schedule_with_cron_expression_v03 to 2024-09-12 03:00:00+00:00, run_after=2024-09-13 03:00:00+00:00
[2024-09-26T01:53:49.809+0000] {processor.py:208} INFO - Processing /opt/airflow/dags/deck_with_cron_expression.py took 0.208 seconds
[2024-09-26T01:54:20.127+0000] {processor.py:186} INFO - Started process (PID=139807) to work on /opt/airflow/dags/deck_with_cron_expression.py
[2024-09-26T01:54:20.129+0000] {processor.py:914} INFO - Processing file /opt/airflow/dags/deck_with_cron_expression.py for tasks to queue
[2024-09-26T01:54:20.131+0000] {logging_mixin.py:190} INFO - [2024-09-26T01:54:20.131+0000] {dagbag.py:587} INFO - Filling up the DagBag from /opt/airflow/dags/deck_with_cron_expression.py
[2024-09-26T01:54:20.233+0000] {processor.py:925} INFO - DAG(s) 'schedule_with_cron_expression_v03' retrieved from /opt/airflow/dags/deck_with_cron_expression.py
[2024-09-26T01:54:20.271+0000] {logging_mixin.py:190} INFO - [2024-09-26T01:54:20.271+0000] {dag.py:3229} INFO - Sync 1 DAGs
[2024-09-26T01:54:20.297+0000] {logging_mixin.py:190} INFO - [2024-09-26T01:54:20.297+0000] {dag.py:4156} INFO - Setting next_dagrun for schedule_with_cron_expression_v03 to 2024-09-12 03:00:00+00:00, run_after=2024-09-13 03:00:00+00:00
[2024-09-26T01:54:20.327+0000] {processor.py:208} INFO - Processing /opt/airflow/dags/deck_with_cron_expression.py took 0.207 seconds
[2024-09-26T01:54:50.602+0000] {processor.py:186} INFO - Started process (PID=139850) to work on /opt/airflow/dags/deck_with_cron_expression.py
[2024-09-26T01:54:50.603+0000] {processor.py:914} INFO - Processing file /opt/airflow/dags/deck_with_cron_expression.py for tasks to queue
[2024-09-26T01:54:50.606+0000] {logging_mixin.py:190} INFO - [2024-09-26T01:54:50.605+0000] {dagbag.py:587} INFO - Filling up the DagBag from /opt/airflow/dags/deck_with_cron_expression.py
[2024-09-26T01:54:50.715+0000] {processor.py:925} INFO - DAG(s) 'schedule_with_cron_expression_v03' retrieved from /opt/airflow/dags/deck_with_cron_expression.py
[2024-09-26T01:54:50.750+0000] {logging_mixin.py:190} INFO - [2024-09-26T01:54:50.750+0000] {dag.py:3229} INFO - Sync 1 DAGs
[2024-09-26T01:54:50.773+0000] {logging_mixin.py:190} INFO - [2024-09-26T01:54:50.772+0000] {dag.py:4156} INFO - Setting next_dagrun for schedule_with_cron_expression_v03 to 2024-09-12 03:00:00+00:00, run_after=2024-09-13 03:00:00+00:00
[2024-09-26T01:54:50.801+0000] {processor.py:208} INFO - Processing /opt/airflow/dags/deck_with_cron_expression.py took 0.206 seconds
[2024-09-26T01:55:21.392+0000] {processor.py:186} INFO - Started process (PID=139893) to work on /opt/airflow/dags/deck_with_cron_expression.py
[2024-09-26T01:55:21.394+0000] {processor.py:914} INFO - Processing file /opt/airflow/dags/deck_with_cron_expression.py for tasks to queue
[2024-09-26T01:55:21.396+0000] {logging_mixin.py:190} INFO - [2024-09-26T01:55:21.395+0000] {dagbag.py:587} INFO - Filling up the DagBag from /opt/airflow/dags/deck_with_cron_expression.py
[2024-09-26T01:55:21.500+0000] {processor.py:925} INFO - DAG(s) 'schedule_with_cron_expression_v03' retrieved from /opt/airflow/dags/deck_with_cron_expression.py
[2024-09-26T01:55:21.529+0000] {logging_mixin.py:190} INFO - [2024-09-26T01:55:21.529+0000] {dag.py:3229} INFO - Sync 1 DAGs
[2024-09-26T01:55:21.551+0000] {logging_mixin.py:190} INFO - [2024-09-26T01:55:21.551+0000] {dag.py:4156} INFO - Setting next_dagrun for schedule_with_cron_expression_v03 to 2024-09-12 03:00:00+00:00, run_after=2024-09-13 03:00:00+00:00
[2024-09-26T01:55:21.573+0000] {processor.py:208} INFO - Processing /opt/airflow/dags/deck_with_cron_expression.py took 0.195 seconds
[2024-09-26T01:55:51.847+0000] {processor.py:186} INFO - Started process (PID=139936) to work on /opt/airflow/dags/deck_with_cron_expression.py
[2024-09-26T01:55:51.849+0000] {processor.py:914} INFO - Processing file /opt/airflow/dags/deck_with_cron_expression.py for tasks to queue
[2024-09-26T01:55:51.851+0000] {logging_mixin.py:190} INFO - [2024-09-26T01:55:51.850+0000] {dagbag.py:587} INFO - Filling up the DagBag from /opt/airflow/dags/deck_with_cron_expression.py
[2024-09-26T01:55:51.939+0000] {processor.py:925} INFO - DAG(s) 'schedule_with_cron_expression_v03' retrieved from /opt/airflow/dags/deck_with_cron_expression.py
[2024-09-26T01:55:51.963+0000] {logging_mixin.py:190} INFO - [2024-09-26T01:55:51.963+0000] {dag.py:3229} INFO - Sync 1 DAGs
[2024-09-26T01:55:51.983+0000] {logging_mixin.py:190} INFO - [2024-09-26T01:55:51.983+0000] {dag.py:4156} INFO - Setting next_dagrun for schedule_with_cron_expression_v03 to 2024-09-12 03:00:00+00:00, run_after=2024-09-13 03:00:00+00:00
[2024-09-26T01:55:52.007+0000] {processor.py:208} INFO - Processing /opt/airflow/dags/deck_with_cron_expression.py took 0.164 seconds
[2024-09-26T01:56:22.389+0000] {processor.py:186} INFO - Started process (PID=139979) to work on /opt/airflow/dags/deck_with_cron_expression.py
[2024-09-26T01:56:22.391+0000] {processor.py:914} INFO - Processing file /opt/airflow/dags/deck_with_cron_expression.py for tasks to queue
[2024-09-26T01:56:22.393+0000] {logging_mixin.py:190} INFO - [2024-09-26T01:56:22.392+0000] {dagbag.py:587} INFO - Filling up the DagBag from /opt/airflow/dags/deck_with_cron_expression.py
[2024-09-26T01:56:22.493+0000] {processor.py:925} INFO - DAG(s) 'schedule_with_cron_expression_v03' retrieved from /opt/airflow/dags/deck_with_cron_expression.py
[2024-09-26T01:56:22.519+0000] {logging_mixin.py:190} INFO - [2024-09-26T01:56:22.519+0000] {dag.py:3229} INFO - Sync 1 DAGs
[2024-09-26T01:56:22.540+0000] {logging_mixin.py:190} INFO - [2024-09-26T01:56:22.540+0000] {dag.py:4156} INFO - Setting next_dagrun for schedule_with_cron_expression_v03 to 2024-09-12 03:00:00+00:00, run_after=2024-09-13 03:00:00+00:00
[2024-09-26T01:56:22.563+0000] {processor.py:208} INFO - Processing /opt/airflow/dags/deck_with_cron_expression.py took 0.179 seconds
[2024-09-26T01:56:53.008+0000] {processor.py:186} INFO - Started process (PID=140022) to work on /opt/airflow/dags/deck_with_cron_expression.py
[2024-09-26T01:56:53.011+0000] {processor.py:914} INFO - Processing file /opt/airflow/dags/deck_with_cron_expression.py for tasks to queue
[2024-09-26T01:56:53.015+0000] {logging_mixin.py:190} INFO - [2024-09-26T01:56:53.014+0000] {dagbag.py:587} INFO - Filling up the DagBag from /opt/airflow/dags/deck_with_cron_expression.py
[2024-09-26T01:56:53.086+0000] {processor.py:925} INFO - DAG(s) 'schedule_with_cron_expression_v03' retrieved from /opt/airflow/dags/deck_with_cron_expression.py
[2024-09-26T01:56:53.109+0000] {logging_mixin.py:190} INFO - [2024-09-26T01:56:53.109+0000] {dag.py:3229} INFO - Sync 1 DAGs
[2024-09-26T01:56:53.131+0000] {logging_mixin.py:190} INFO - [2024-09-26T01:56:53.131+0000] {dag.py:4156} INFO - Setting next_dagrun for schedule_with_cron_expression_v03 to 2024-09-12 03:00:00+00:00, run_after=2024-09-13 03:00:00+00:00
[2024-09-26T01:56:53.151+0000] {processor.py:208} INFO - Processing /opt/airflow/dags/deck_with_cron_expression.py took 0.159 seconds
[2024-09-26T01:57:23.434+0000] {processor.py:186} INFO - Started process (PID=140065) to work on /opt/airflow/dags/deck_with_cron_expression.py
[2024-09-26T01:57:23.435+0000] {processor.py:914} INFO - Processing file /opt/airflow/dags/deck_with_cron_expression.py for tasks to queue
[2024-09-26T01:57:23.437+0000] {logging_mixin.py:190} INFO - [2024-09-26T01:57:23.437+0000] {dagbag.py:587} INFO - Filling up the DagBag from /opt/airflow/dags/deck_with_cron_expression.py
[2024-09-26T01:57:23.503+0000] {processor.py:925} INFO - DAG(s) 'schedule_with_cron_expression_v03' retrieved from /opt/airflow/dags/deck_with_cron_expression.py
[2024-09-26T01:57:23.526+0000] {logging_mixin.py:190} INFO - [2024-09-26T01:57:23.526+0000] {dag.py:3229} INFO - Sync 1 DAGs
[2024-09-26T01:57:23.552+0000] {logging_mixin.py:190} INFO - [2024-09-26T01:57:23.551+0000] {dag.py:4156} INFO - Setting next_dagrun for schedule_with_cron_expression_v03 to 2024-09-12 03:00:00+00:00, run_after=2024-09-13 03:00:00+00:00
[2024-09-26T01:57:23.577+0000] {processor.py:208} INFO - Processing /opt/airflow/dags/deck_with_cron_expression.py took 0.151 seconds
[2024-09-26T01:57:53.986+0000] {processor.py:186} INFO - Started process (PID=140105) to work on /opt/airflow/dags/deck_with_cron_expression.py
[2024-09-26T01:57:53.987+0000] {processor.py:914} INFO - Processing file /opt/airflow/dags/deck_with_cron_expression.py for tasks to queue
[2024-09-26T01:57:53.989+0000] {logging_mixin.py:190} INFO - [2024-09-26T01:57:53.988+0000] {dagbag.py:587} INFO - Filling up the DagBag from /opt/airflow/dags/deck_with_cron_expression.py
[2024-09-26T01:57:54.082+0000] {processor.py:925} INFO - DAG(s) 'schedule_with_cron_expression_v03' retrieved from /opt/airflow/dags/deck_with_cron_expression.py
[2024-09-26T01:57:54.106+0000] {logging_mixin.py:190} INFO - [2024-09-26T01:57:54.106+0000] {dag.py:3229} INFO - Sync 1 DAGs
[2024-09-26T01:57:54.127+0000] {logging_mixin.py:190} INFO - [2024-09-26T01:57:54.127+0000] {dag.py:4156} INFO - Setting next_dagrun for schedule_with_cron_expression_v03 to 2024-09-12 03:00:00+00:00, run_after=2024-09-13 03:00:00+00:00
[2024-09-26T01:57:54.148+0000] {processor.py:208} INFO - Processing /opt/airflow/dags/deck_with_cron_expression.py took 0.166 seconds
[2024-09-26T01:58:24.664+0000] {processor.py:186} INFO - Started process (PID=140148) to work on /opt/airflow/dags/deck_with_cron_expression.py
[2024-09-26T01:58:24.666+0000] {processor.py:914} INFO - Processing file /opt/airflow/dags/deck_with_cron_expression.py for tasks to queue
[2024-09-26T01:58:24.668+0000] {logging_mixin.py:190} INFO - [2024-09-26T01:58:24.668+0000] {dagbag.py:587} INFO - Filling up the DagBag from /opt/airflow/dags/deck_with_cron_expression.py
[2024-09-26T01:58:24.774+0000] {processor.py:925} INFO - DAG(s) 'schedule_with_cron_expression_v03' retrieved from /opt/airflow/dags/deck_with_cron_expression.py
[2024-09-26T01:58:24.799+0000] {logging_mixin.py:190} INFO - [2024-09-26T01:58:24.799+0000] {dag.py:3229} INFO - Sync 1 DAGs
[2024-09-26T01:58:24.820+0000] {logging_mixin.py:190} INFO - [2024-09-26T01:58:24.820+0000] {dag.py:4156} INFO - Setting next_dagrun for schedule_with_cron_expression_v03 to 2024-09-12 03:00:00+00:00, run_after=2024-09-13 03:00:00+00:00
[2024-09-26T01:58:24.846+0000] {processor.py:208} INFO - Processing /opt/airflow/dags/deck_with_cron_expression.py took 0.188 seconds
[2024-09-26T01:58:55.135+0000] {processor.py:186} INFO - Started process (PID=140191) to work on /opt/airflow/dags/deck_with_cron_expression.py
[2024-09-26T01:58:55.136+0000] {processor.py:914} INFO - Processing file /opt/airflow/dags/deck_with_cron_expression.py for tasks to queue
[2024-09-26T01:58:55.139+0000] {logging_mixin.py:190} INFO - [2024-09-26T01:58:55.138+0000] {dagbag.py:587} INFO - Filling up the DagBag from /opt/airflow/dags/deck_with_cron_expression.py
[2024-09-26T01:58:55.248+0000] {processor.py:925} INFO - DAG(s) 'schedule_with_cron_expression_v03' retrieved from /opt/airflow/dags/deck_with_cron_expression.py
[2024-09-26T01:58:55.278+0000] {logging_mixin.py:190} INFO - [2024-09-26T01:58:55.278+0000] {dag.py:3229} INFO - Sync 1 DAGs
[2024-09-26T01:58:55.307+0000] {logging_mixin.py:190} INFO - [2024-09-26T01:58:55.306+0000] {dag.py:4156} INFO - Setting next_dagrun for schedule_with_cron_expression_v03 to 2024-09-12 03:00:00+00:00, run_after=2024-09-13 03:00:00+00:00
[2024-09-26T01:58:55.335+0000] {processor.py:208} INFO - Processing /opt/airflow/dags/deck_with_cron_expression.py took 0.206 seconds
[2024-09-26T01:59:25.712+0000] {processor.py:186} INFO - Started process (PID=140234) to work on /opt/airflow/dags/deck_with_cron_expression.py
[2024-09-26T01:59:25.714+0000] {processor.py:914} INFO - Processing file /opt/airflow/dags/deck_with_cron_expression.py for tasks to queue
[2024-09-26T01:59:25.716+0000] {logging_mixin.py:190} INFO - [2024-09-26T01:59:25.715+0000] {dagbag.py:587} INFO - Filling up the DagBag from /opt/airflow/dags/deck_with_cron_expression.py
[2024-09-26T01:59:25.806+0000] {processor.py:925} INFO - DAG(s) 'schedule_with_cron_expression_v03' retrieved from /opt/airflow/dags/deck_with_cron_expression.py
[2024-09-26T01:59:25.832+0000] {logging_mixin.py:190} INFO - [2024-09-26T01:59:25.832+0000] {dag.py:3229} INFO - Sync 1 DAGs
[2024-09-26T01:59:25.853+0000] {logging_mixin.py:190} INFO - [2024-09-26T01:59:25.853+0000] {dag.py:4156} INFO - Setting next_dagrun for schedule_with_cron_expression_v03 to 2024-09-12 03:00:00+00:00, run_after=2024-09-13 03:00:00+00:00
[2024-09-26T01:59:25.878+0000] {processor.py:208} INFO - Processing /opt/airflow/dags/deck_with_cron_expression.py took 0.176 seconds
[2024-09-26T01:59:57.014+0000] {processor.py:186} INFO - Started process (PID=140277) to work on /opt/airflow/dags/deck_with_cron_expression.py
[2024-09-26T01:59:57.016+0000] {processor.py:914} INFO - Processing file /opt/airflow/dags/deck_with_cron_expression.py for tasks to queue
[2024-09-26T01:59:57.020+0000] {logging_mixin.py:190} INFO - [2024-09-26T01:59:57.019+0000] {dagbag.py:587} INFO - Filling up the DagBag from /opt/airflow/dags/deck_with_cron_expression.py
[2024-09-26T01:59:57.127+0000] {processor.py:925} INFO - DAG(s) 'schedule_with_cron_expression_v03' retrieved from /opt/airflow/dags/deck_with_cron_expression.py
[2024-09-26T01:59:57.152+0000] {logging_mixin.py:190} INFO - [2024-09-26T01:59:57.152+0000] {dag.py:3229} INFO - Sync 1 DAGs
[2024-09-26T01:59:57.172+0000] {logging_mixin.py:190} INFO - [2024-09-26T01:59:57.172+0000] {dag.py:4156} INFO - Setting next_dagrun for schedule_with_cron_expression_v03 to 2024-09-12 03:00:00+00:00, run_after=2024-09-13 03:00:00+00:00
[2024-09-26T01:59:57.196+0000] {processor.py:208} INFO - Processing /opt/airflow/dags/deck_with_cron_expression.py took 0.192 seconds
[2024-09-26T02:00:28.232+0000] {processor.py:186} INFO - Started process (PID=140320) to work on /opt/airflow/dags/deck_with_cron_expression.py
[2024-09-26T02:00:28.241+0000] {processor.py:914} INFO - Processing file /opt/airflow/dags/deck_with_cron_expression.py for tasks to queue
[2024-09-26T02:00:28.255+0000] {logging_mixin.py:190} INFO - [2024-09-26T02:00:28.250+0000] {dagbag.py:587} INFO - Filling up the DagBag from /opt/airflow/dags/deck_with_cron_expression.py
[2024-09-26T02:00:28.361+0000] {processor.py:925} INFO - DAG(s) 'schedule_with_cron_expression_v03' retrieved from /opt/airflow/dags/deck_with_cron_expression.py
[2024-09-26T02:00:28.457+0000] {logging_mixin.py:190} INFO - [2024-09-26T02:00:28.457+0000] {dag.py:3229} INFO - Sync 1 DAGs
[2024-09-26T02:00:28.581+0000] {logging_mixin.py:190} INFO - [2024-09-26T02:00:28.580+0000] {dag.py:4156} INFO - Setting next_dagrun for schedule_with_cron_expression_v03 to 2024-09-12 03:00:00+00:00, run_after=2024-09-13 03:00:00+00:00
[2024-09-26T02:00:28.611+0000] {processor.py:208} INFO - Processing /opt/airflow/dags/deck_with_cron_expression.py took 0.461 seconds
[2024-09-26T02:00:59.660+0000] {processor.py:186} INFO - Started process (PID=140366) to work on /opt/airflow/dags/deck_with_cron_expression.py
[2024-09-26T02:00:59.661+0000] {processor.py:914} INFO - Processing file /opt/airflow/dags/deck_with_cron_expression.py for tasks to queue
[2024-09-26T02:00:59.663+0000] {logging_mixin.py:190} INFO - [2024-09-26T02:00:59.663+0000] {dagbag.py:587} INFO - Filling up the DagBag from /opt/airflow/dags/deck_with_cron_expression.py
[2024-09-26T02:00:59.775+0000] {processor.py:925} INFO - DAG(s) 'schedule_with_cron_expression_v03' retrieved from /opt/airflow/dags/deck_with_cron_expression.py
[2024-09-26T02:00:59.811+0000] {logging_mixin.py:190} INFO - [2024-09-26T02:00:59.810+0000] {dag.py:3229} INFO - Sync 1 DAGs
[2024-09-26T02:00:59.834+0000] {logging_mixin.py:190} INFO - [2024-09-26T02:00:59.834+0000] {dag.py:4156} INFO - Setting next_dagrun for schedule_with_cron_expression_v03 to 2024-09-12 03:00:00+00:00, run_after=2024-09-13 03:00:00+00:00
[2024-09-26T02:00:59.855+0000] {processor.py:208} INFO - Processing /opt/airflow/dags/deck_with_cron_expression.py took 0.206 seconds
[2024-09-26T02:01:30.619+0000] {processor.py:186} INFO - Started process (PID=140409) to work on /opt/airflow/dags/deck_with_cron_expression.py
[2024-09-26T02:01:30.620+0000] {processor.py:914} INFO - Processing file /opt/airflow/dags/deck_with_cron_expression.py for tasks to queue
[2024-09-26T02:01:30.622+0000] {logging_mixin.py:190} INFO - [2024-09-26T02:01:30.622+0000] {dagbag.py:587} INFO - Filling up the DagBag from /opt/airflow/dags/deck_with_cron_expression.py
[2024-09-26T02:01:30.693+0000] {processor.py:925} INFO - DAG(s) 'schedule_with_cron_expression_v03' retrieved from /opt/airflow/dags/deck_with_cron_expression.py
[2024-09-26T02:01:30.718+0000] {logging_mixin.py:190} INFO - [2024-09-26T02:01:30.718+0000] {dag.py:3229} INFO - Sync 1 DAGs
[2024-09-26T02:01:30.743+0000] {logging_mixin.py:190} INFO - [2024-09-26T02:01:30.743+0000] {dag.py:4156} INFO - Setting next_dagrun for schedule_with_cron_expression_v03 to 2024-09-12 03:00:00+00:00, run_after=2024-09-13 03:00:00+00:00
[2024-09-26T02:01:30.771+0000] {processor.py:208} INFO - Processing /opt/airflow/dags/deck_with_cron_expression.py took 0.157 seconds
[2024-09-26T02:02:01.212+0000] {processor.py:186} INFO - Started process (PID=140452) to work on /opt/airflow/dags/deck_with_cron_expression.py
[2024-09-26T02:02:01.213+0000] {processor.py:914} INFO - Processing file /opt/airflow/dags/deck_with_cron_expression.py for tasks to queue
[2024-09-26T02:02:01.215+0000] {logging_mixin.py:190} INFO - [2024-09-26T02:02:01.215+0000] {dagbag.py:587} INFO - Filling up the DagBag from /opt/airflow/dags/deck_with_cron_expression.py
[2024-09-26T02:02:01.289+0000] {processor.py:925} INFO - DAG(s) 'schedule_with_cron_expression_v03' retrieved from /opt/airflow/dags/deck_with_cron_expression.py
[2024-09-26T02:02:01.310+0000] {logging_mixin.py:190} INFO - [2024-09-26T02:02:01.310+0000] {dag.py:3229} INFO - Sync 1 DAGs
[2024-09-26T02:02:01.333+0000] {logging_mixin.py:190} INFO - [2024-09-26T02:02:01.333+0000] {dag.py:4156} INFO - Setting next_dagrun for schedule_with_cron_expression_v03 to 2024-09-12 03:00:00+00:00, run_after=2024-09-13 03:00:00+00:00
[2024-09-26T02:02:01.361+0000] {processor.py:208} INFO - Processing /opt/airflow/dags/deck_with_cron_expression.py took 0.155 seconds
[2024-09-26T02:02:31.793+0000] {processor.py:186} INFO - Started process (PID=140495) to work on /opt/airflow/dags/deck_with_cron_expression.py
[2024-09-26T02:02:31.795+0000] {processor.py:914} INFO - Processing file /opt/airflow/dags/deck_with_cron_expression.py for tasks to queue
[2024-09-26T02:02:31.797+0000] {logging_mixin.py:190} INFO - [2024-09-26T02:02:31.797+0000] {dagbag.py:587} INFO - Filling up the DagBag from /opt/airflow/dags/deck_with_cron_expression.py
[2024-09-26T02:02:31.908+0000] {processor.py:925} INFO - DAG(s) 'schedule_with_cron_expression_v03' retrieved from /opt/airflow/dags/deck_with_cron_expression.py
[2024-09-26T02:02:31.936+0000] {logging_mixin.py:190} INFO - [2024-09-26T02:02:31.935+0000] {dag.py:3229} INFO - Sync 1 DAGs
[2024-09-26T02:02:31.957+0000] {logging_mixin.py:190} INFO - [2024-09-26T02:02:31.957+0000] {dag.py:4156} INFO - Setting next_dagrun for schedule_with_cron_expression_v03 to 2024-09-12 03:00:00+00:00, run_after=2024-09-13 03:00:00+00:00
[2024-09-26T02:02:31.979+0000] {processor.py:208} INFO - Processing /opt/airflow/dags/deck_with_cron_expression.py took 0.193 seconds
[2024-09-26T02:03:02.394+0000] {processor.py:186} INFO - Started process (PID=140538) to work on /opt/airflow/dags/deck_with_cron_expression.py
[2024-09-26T02:03:02.396+0000] {processor.py:914} INFO - Processing file /opt/airflow/dags/deck_with_cron_expression.py for tasks to queue
[2024-09-26T02:03:02.398+0000] {logging_mixin.py:190} INFO - [2024-09-26T02:03:02.398+0000] {dagbag.py:587} INFO - Filling up the DagBag from /opt/airflow/dags/deck_with_cron_expression.py
[2024-09-26T02:03:02.487+0000] {processor.py:925} INFO - DAG(s) 'schedule_with_cron_expression_v03' retrieved from /opt/airflow/dags/deck_with_cron_expression.py
[2024-09-26T02:03:02.513+0000] {logging_mixin.py:190} INFO - [2024-09-26T02:03:02.512+0000] {dag.py:3229} INFO - Sync 1 DAGs
[2024-09-26T02:03:02.534+0000] {logging_mixin.py:190} INFO - [2024-09-26T02:03:02.534+0000] {dag.py:4156} INFO - Setting next_dagrun for schedule_with_cron_expression_v03 to 2024-09-12 03:00:00+00:00, run_after=2024-09-13 03:00:00+00:00
[2024-09-26T02:03:02.556+0000] {processor.py:208} INFO - Processing /opt/airflow/dags/deck_with_cron_expression.py took 0.170 seconds
[2024-09-26T02:03:33.363+0000] {processor.py:186} INFO - Started process (PID=140578) to work on /opt/airflow/dags/deck_with_cron_expression.py
[2024-09-26T02:03:33.365+0000] {processor.py:914} INFO - Processing file /opt/airflow/dags/deck_with_cron_expression.py for tasks to queue
[2024-09-26T02:03:33.367+0000] {logging_mixin.py:190} INFO - [2024-09-26T02:03:33.367+0000] {dagbag.py:587} INFO - Filling up the DagBag from /opt/airflow/dags/deck_with_cron_expression.py
[2024-09-26T02:03:33.451+0000] {processor.py:925} INFO - DAG(s) 'schedule_with_cron_expression_v03' retrieved from /opt/airflow/dags/deck_with_cron_expression.py
[2024-09-26T02:03:33.477+0000] {logging_mixin.py:190} INFO - [2024-09-26T02:03:33.477+0000] {dag.py:3229} INFO - Sync 1 DAGs
[2024-09-26T02:03:33.498+0000] {logging_mixin.py:190} INFO - [2024-09-26T02:03:33.498+0000] {dag.py:4156} INFO - Setting next_dagrun for schedule_with_cron_expression_v03 to 2024-09-12 03:00:00+00:00, run_after=2024-09-13 03:00:00+00:00
[2024-09-26T02:03:33.524+0000] {processor.py:208} INFO - Processing /opt/airflow/dags/deck_with_cron_expression.py took 0.170 seconds
[2024-09-26T02:04:03.985+0000] {processor.py:186} INFO - Started process (PID=140621) to work on /opt/airflow/dags/deck_with_cron_expression.py
[2024-09-26T02:04:03.987+0000] {processor.py:914} INFO - Processing file /opt/airflow/dags/deck_with_cron_expression.py for tasks to queue
[2024-09-26T02:04:03.989+0000] {logging_mixin.py:190} INFO - [2024-09-26T02:04:03.988+0000] {dagbag.py:587} INFO - Filling up the DagBag from /opt/airflow/dags/deck_with_cron_expression.py
[2024-09-26T02:04:04.082+0000] {processor.py:925} INFO - DAG(s) 'schedule_with_cron_expression_v03' retrieved from /opt/airflow/dags/deck_with_cron_expression.py
[2024-09-26T02:04:04.111+0000] {logging_mixin.py:190} INFO - [2024-09-26T02:04:04.110+0000] {dag.py:3229} INFO - Sync 1 DAGs
[2024-09-26T02:04:04.132+0000] {logging_mixin.py:190} INFO - [2024-09-26T02:04:04.131+0000] {dag.py:4156} INFO - Setting next_dagrun for schedule_with_cron_expression_v03 to 2024-09-12 03:00:00+00:00, run_after=2024-09-13 03:00:00+00:00
[2024-09-26T02:04:04.157+0000] {processor.py:208} INFO - Processing /opt/airflow/dags/deck_with_cron_expression.py took 0.181 seconds
[2024-09-26T02:04:34.630+0000] {processor.py:186} INFO - Started process (PID=140664) to work on /opt/airflow/dags/deck_with_cron_expression.py
[2024-09-26T02:04:34.631+0000] {processor.py:914} INFO - Processing file /opt/airflow/dags/deck_with_cron_expression.py for tasks to queue
[2024-09-26T02:04:34.634+0000] {logging_mixin.py:190} INFO - [2024-09-26T02:04:34.633+0000] {dagbag.py:587} INFO - Filling up the DagBag from /opt/airflow/dags/deck_with_cron_expression.py
[2024-09-26T02:04:34.708+0000] {processor.py:925} INFO - DAG(s) 'schedule_with_cron_expression_v03' retrieved from /opt/airflow/dags/deck_with_cron_expression.py
[2024-09-26T02:04:34.733+0000] {logging_mixin.py:190} INFO - [2024-09-26T02:04:34.733+0000] {dag.py:3229} INFO - Sync 1 DAGs
[2024-09-26T02:04:34.757+0000] {logging_mixin.py:190} INFO - [2024-09-26T02:04:34.756+0000] {dag.py:4156} INFO - Setting next_dagrun for schedule_with_cron_expression_v03 to 2024-09-12 03:00:00+00:00, run_after=2024-09-13 03:00:00+00:00
[2024-09-26T02:04:34.785+0000] {processor.py:208} INFO - Processing /opt/airflow/dags/deck_with_cron_expression.py took 0.161 seconds
[2024-09-26T02:05:05.082+0000] {processor.py:186} INFO - Started process (PID=140707) to work on /opt/airflow/dags/deck_with_cron_expression.py
[2024-09-26T02:05:05.084+0000] {processor.py:914} INFO - Processing file /opt/airflow/dags/deck_with_cron_expression.py for tasks to queue
[2024-09-26T02:05:05.086+0000] {logging_mixin.py:190} INFO - [2024-09-26T02:05:05.086+0000] {dagbag.py:587} INFO - Filling up the DagBag from /opt/airflow/dags/deck_with_cron_expression.py
[2024-09-26T02:05:05.159+0000] {processor.py:925} INFO - DAG(s) 'schedule_with_cron_expression_v03' retrieved from /opt/airflow/dags/deck_with_cron_expression.py
[2024-09-26T02:05:05.185+0000] {logging_mixin.py:190} INFO - [2024-09-26T02:05:05.184+0000] {dag.py:3229} INFO - Sync 1 DAGs
[2024-09-26T02:05:05.213+0000] {logging_mixin.py:190} INFO - [2024-09-26T02:05:05.212+0000] {dag.py:4156} INFO - Setting next_dagrun for schedule_with_cron_expression_v03 to 2024-09-12 03:00:00+00:00, run_after=2024-09-13 03:00:00+00:00
[2024-09-26T02:05:05.246+0000] {processor.py:208} INFO - Processing /opt/airflow/dags/deck_with_cron_expression.py took 0.170 seconds
[2024-09-26T02:05:35.672+0000] {processor.py:186} INFO - Started process (PID=140750) to work on /opt/airflow/dags/deck_with_cron_expression.py
[2024-09-26T02:05:35.674+0000] {processor.py:914} INFO - Processing file /opt/airflow/dags/deck_with_cron_expression.py for tasks to queue
[2024-09-26T02:05:35.676+0000] {logging_mixin.py:190} INFO - [2024-09-26T02:05:35.675+0000] {dagbag.py:587} INFO - Filling up the DagBag from /opt/airflow/dags/deck_with_cron_expression.py
[2024-09-26T02:05:35.773+0000] {processor.py:925} INFO - DAG(s) 'schedule_with_cron_expression_v03' retrieved from /opt/airflow/dags/deck_with_cron_expression.py
[2024-09-26T02:05:35.799+0000] {logging_mixin.py:190} INFO - [2024-09-26T02:05:35.799+0000] {dag.py:3229} INFO - Sync 1 DAGs
[2024-09-26T02:05:35.820+0000] {logging_mixin.py:190} INFO - [2024-09-26T02:05:35.820+0000] {dag.py:4156} INFO - Setting next_dagrun for schedule_with_cron_expression_v03 to 2024-09-12 03:00:00+00:00, run_after=2024-09-13 03:00:00+00:00
[2024-09-26T02:05:35.843+0000] {processor.py:208} INFO - Processing /opt/airflow/dags/deck_with_cron_expression.py took 0.178 seconds
[2024-09-26T02:06:06.437+0000] {processor.py:186} INFO - Started process (PID=140793) to work on /opt/airflow/dags/deck_with_cron_expression.py
[2024-09-26T02:06:06.439+0000] {processor.py:914} INFO - Processing file /opt/airflow/dags/deck_with_cron_expression.py for tasks to queue
[2024-09-26T02:06:06.441+0000] {logging_mixin.py:190} INFO - [2024-09-26T02:06:06.441+0000] {dagbag.py:587} INFO - Filling up the DagBag from /opt/airflow/dags/deck_with_cron_expression.py
[2024-09-26T02:06:06.519+0000] {processor.py:925} INFO - DAG(s) 'schedule_with_cron_expression_v03' retrieved from /opt/airflow/dags/deck_with_cron_expression.py
[2024-09-26T02:06:06.545+0000] {logging_mixin.py:190} INFO - [2024-09-26T02:06:06.545+0000] {dag.py:3229} INFO - Sync 1 DAGs
[2024-09-26T02:06:06.567+0000] {logging_mixin.py:190} INFO - [2024-09-26T02:06:06.567+0000] {dag.py:4156} INFO - Setting next_dagrun for schedule_with_cron_expression_v03 to 2024-09-12 03:00:00+00:00, run_after=2024-09-13 03:00:00+00:00
[2024-09-26T02:06:06.590+0000] {processor.py:208} INFO - Processing /opt/airflow/dags/deck_with_cron_expression.py took 0.160 seconds
[2024-09-26T02:06:36.909+0000] {processor.py:186} INFO - Started process (PID=140836) to work on /opt/airflow/dags/deck_with_cron_expression.py
[2024-09-26T02:06:36.910+0000] {processor.py:914} INFO - Processing file /opt/airflow/dags/deck_with_cron_expression.py for tasks to queue
[2024-09-26T02:06:36.912+0000] {logging_mixin.py:190} INFO - [2024-09-26T02:06:36.912+0000] {dagbag.py:587} INFO - Filling up the DagBag from /opt/airflow/dags/deck_with_cron_expression.py
[2024-09-26T02:06:37.012+0000] {processor.py:925} INFO - DAG(s) 'schedule_with_cron_expression_v03' retrieved from /opt/airflow/dags/deck_with_cron_expression.py
[2024-09-26T02:06:37.037+0000] {logging_mixin.py:190} INFO - [2024-09-26T02:06:37.037+0000] {dag.py:3229} INFO - Sync 1 DAGs
[2024-09-26T02:06:37.058+0000] {logging_mixin.py:190} INFO - [2024-09-26T02:06:37.058+0000] {dag.py:4156} INFO - Setting next_dagrun for schedule_with_cron_expression_v03 to 2024-09-12 03:00:00+00:00, run_after=2024-09-13 03:00:00+00:00
[2024-09-26T02:06:37.081+0000] {processor.py:208} INFO - Processing /opt/airflow/dags/deck_with_cron_expression.py took 0.178 seconds
[2024-09-26T02:07:07.442+0000] {processor.py:186} INFO - Started process (PID=140879) to work on /opt/airflow/dags/deck_with_cron_expression.py
[2024-09-26T02:07:07.444+0000] {processor.py:914} INFO - Processing file /opt/airflow/dags/deck_with_cron_expression.py for tasks to queue
[2024-09-26T02:07:07.446+0000] {logging_mixin.py:190} INFO - [2024-09-26T02:07:07.446+0000] {dagbag.py:587} INFO - Filling up the DagBag from /opt/airflow/dags/deck_with_cron_expression.py
[2024-09-26T02:07:07.518+0000] {processor.py:925} INFO - DAG(s) 'schedule_with_cron_expression_v03' retrieved from /opt/airflow/dags/deck_with_cron_expression.py
[2024-09-26T02:07:07.553+0000] {logging_mixin.py:190} INFO - [2024-09-26T02:07:07.552+0000] {dag.py:3229} INFO - Sync 1 DAGs
[2024-09-26T02:07:07.595+0000] {logging_mixin.py:190} INFO - [2024-09-26T02:07:07.594+0000] {dag.py:4156} INFO - Setting next_dagrun for schedule_with_cron_expression_v03 to 2024-09-12 03:00:00+00:00, run_after=2024-09-13 03:00:00+00:00
[2024-09-26T02:07:07.631+0000] {processor.py:208} INFO - Processing /opt/airflow/dags/deck_with_cron_expression.py took 0.200 seconds
[2024-09-26T02:07:38.139+0000] {processor.py:186} INFO - Started process (PID=140922) to work on /opt/airflow/dags/deck_with_cron_expression.py
[2024-09-26T02:07:38.140+0000] {processor.py:914} INFO - Processing file /opt/airflow/dags/deck_with_cron_expression.py for tasks to queue
[2024-09-26T02:07:38.142+0000] {logging_mixin.py:190} INFO - [2024-09-26T02:07:38.142+0000] {dagbag.py:587} INFO - Filling up the DagBag from /opt/airflow/dags/deck_with_cron_expression.py
[2024-09-26T02:07:38.237+0000] {processor.py:925} INFO - DAG(s) 'schedule_with_cron_expression_v03' retrieved from /opt/airflow/dags/deck_with_cron_expression.py
[2024-09-26T02:07:38.263+0000] {logging_mixin.py:190} INFO - [2024-09-26T02:07:38.263+0000] {dag.py:3229} INFO - Sync 1 DAGs
[2024-09-26T02:07:38.287+0000] {logging_mixin.py:190} INFO - [2024-09-26T02:07:38.287+0000] {dag.py:4156} INFO - Setting next_dagrun for schedule_with_cron_expression_v03 to 2024-09-12 03:00:00+00:00, run_after=2024-09-13 03:00:00+00:00
[2024-09-26T02:07:38.314+0000] {processor.py:208} INFO - Processing /opt/airflow/dags/deck_with_cron_expression.py took 0.182 seconds
[2024-09-26T02:08:08.887+0000] {processor.py:186} INFO - Started process (PID=140965) to work on /opt/airflow/dags/deck_with_cron_expression.py
[2024-09-26T02:08:08.892+0000] {processor.py:914} INFO - Processing file /opt/airflow/dags/deck_with_cron_expression.py for tasks to queue
[2024-09-26T02:08:08.896+0000] {logging_mixin.py:190} INFO - [2024-09-26T02:08:08.895+0000] {dagbag.py:587} INFO - Filling up the DagBag from /opt/airflow/dags/deck_with_cron_expression.py
[2024-09-26T02:08:08.987+0000] {processor.py:925} INFO - DAG(s) 'schedule_with_cron_expression_v03' retrieved from /opt/airflow/dags/deck_with_cron_expression.py
[2024-09-26T02:08:09.024+0000] {logging_mixin.py:190} INFO - [2024-09-26T02:08:09.024+0000] {dag.py:3229} INFO - Sync 1 DAGs
[2024-09-26T02:08:09.045+0000] {logging_mixin.py:190} INFO - [2024-09-26T02:08:09.045+0000] {dag.py:4156} INFO - Setting next_dagrun for schedule_with_cron_expression_v03 to 2024-09-12 03:00:00+00:00, run_after=2024-09-13 03:00:00+00:00
[2024-09-26T02:08:09.083+0000] {processor.py:208} INFO - Processing /opt/airflow/dags/deck_with_cron_expression.py took 0.298 seconds
[2024-09-26T02:08:39.348+0000] {processor.py:186} INFO - Started process (PID=141008) to work on /opt/airflow/dags/deck_with_cron_expression.py
[2024-09-26T02:08:39.350+0000] {processor.py:914} INFO - Processing file /opt/airflow/dags/deck_with_cron_expression.py for tasks to queue
[2024-09-26T02:08:39.352+0000] {logging_mixin.py:190} INFO - [2024-09-26T02:08:39.352+0000] {dagbag.py:587} INFO - Filling up the DagBag from /opt/airflow/dags/deck_with_cron_expression.py
[2024-09-26T02:08:39.456+0000] {processor.py:925} INFO - DAG(s) 'schedule_with_cron_expression_v03' retrieved from /opt/airflow/dags/deck_with_cron_expression.py
[2024-09-26T02:08:39.479+0000] {logging_mixin.py:190} INFO - [2024-09-26T02:08:39.479+0000] {dag.py:3229} INFO - Sync 1 DAGs
[2024-09-26T02:08:39.502+0000] {logging_mixin.py:190} INFO - [2024-09-26T02:08:39.502+0000] {dag.py:4156} INFO - Setting next_dagrun for schedule_with_cron_expression_v03 to 2024-09-12 03:00:00+00:00, run_after=2024-09-13 03:00:00+00:00
[2024-09-26T02:08:39.528+0000] {processor.py:208} INFO - Processing /opt/airflow/dags/deck_with_cron_expression.py took 0.185 seconds
[2024-09-26T02:09:10.563+0000] {processor.py:186} INFO - Started process (PID=141051) to work on /opt/airflow/dags/deck_with_cron_expression.py
[2024-09-26T02:09:10.565+0000] {processor.py:914} INFO - Processing file /opt/airflow/dags/deck_with_cron_expression.py for tasks to queue
[2024-09-26T02:09:10.567+0000] {logging_mixin.py:190} INFO - [2024-09-26T02:09:10.567+0000] {dagbag.py:587} INFO - Filling up the DagBag from /opt/airflow/dags/deck_with_cron_expression.py
[2024-09-26T02:09:10.645+0000] {processor.py:925} INFO - DAG(s) 'schedule_with_cron_expression_v03' retrieved from /opt/airflow/dags/deck_with_cron_expression.py
[2024-09-26T02:09:10.675+0000] {logging_mixin.py:190} INFO - [2024-09-26T02:09:10.675+0000] {dag.py:3229} INFO - Sync 1 DAGs
[2024-09-26T02:09:10.699+0000] {logging_mixin.py:190} INFO - [2024-09-26T02:09:10.699+0000] {dag.py:4156} INFO - Setting next_dagrun for schedule_with_cron_expression_v03 to 2024-09-12 03:00:00+00:00, run_after=2024-09-13 03:00:00+00:00
[2024-09-26T02:09:10.725+0000] {processor.py:208} INFO - Processing /opt/airflow/dags/deck_with_cron_expression.py took 0.169 seconds
[2024-09-26T02:09:41.144+0000] {processor.py:186} INFO - Started process (PID=141094) to work on /opt/airflow/dags/deck_with_cron_expression.py
[2024-09-26T02:09:41.145+0000] {processor.py:914} INFO - Processing file /opt/airflow/dags/deck_with_cron_expression.py for tasks to queue
[2024-09-26T02:09:41.148+0000] {logging_mixin.py:190} INFO - [2024-09-26T02:09:41.147+0000] {dagbag.py:587} INFO - Filling up the DagBag from /opt/airflow/dags/deck_with_cron_expression.py
[2024-09-26T02:09:41.264+0000] {processor.py:925} INFO - DAG(s) 'schedule_with_cron_expression_v03' retrieved from /opt/airflow/dags/deck_with_cron_expression.py
[2024-09-26T02:09:41.291+0000] {logging_mixin.py:190} INFO - [2024-09-26T02:09:41.291+0000] {dag.py:3229} INFO - Sync 1 DAGs
[2024-09-26T02:09:41.316+0000] {logging_mixin.py:190} INFO - [2024-09-26T02:09:41.316+0000] {dag.py:4156} INFO - Setting next_dagrun for schedule_with_cron_expression_v03 to 2024-09-12 03:00:00+00:00, run_after=2024-09-13 03:00:00+00:00
[2024-09-26T02:09:41.345+0000] {processor.py:208} INFO - Processing /opt/airflow/dags/deck_with_cron_expression.py took 0.207 seconds
[2024-09-26T02:10:11.842+0000] {processor.py:186} INFO - Started process (PID=141137) to work on /opt/airflow/dags/deck_with_cron_expression.py
[2024-09-26T02:10:11.844+0000] {processor.py:914} INFO - Processing file /opt/airflow/dags/deck_with_cron_expression.py for tasks to queue
[2024-09-26T02:10:11.847+0000] {logging_mixin.py:190} INFO - [2024-09-26T02:10:11.847+0000] {dagbag.py:587} INFO - Filling up the DagBag from /opt/airflow/dags/deck_with_cron_expression.py
[2024-09-26T02:10:11.947+0000] {processor.py:925} INFO - DAG(s) 'schedule_with_cron_expression_v03' retrieved from /opt/airflow/dags/deck_with_cron_expression.py
[2024-09-26T02:10:11.976+0000] {logging_mixin.py:190} INFO - [2024-09-26T02:10:11.976+0000] {dag.py:3229} INFO - Sync 1 DAGs
[2024-09-26T02:10:11.998+0000] {logging_mixin.py:190} INFO - [2024-09-26T02:10:11.998+0000] {dag.py:4156} INFO - Setting next_dagrun for schedule_with_cron_expression_v03 to 2024-09-12 03:00:00+00:00, run_after=2024-09-13 03:00:00+00:00
[2024-09-26T02:10:12.024+0000] {processor.py:208} INFO - Processing /opt/airflow/dags/deck_with_cron_expression.py took 0.190 seconds
[2024-09-26T02:10:42.380+0000] {processor.py:186} INFO - Started process (PID=141180) to work on /opt/airflow/dags/deck_with_cron_expression.py
[2024-09-26T02:10:42.382+0000] {processor.py:914} INFO - Processing file /opt/airflow/dags/deck_with_cron_expression.py for tasks to queue
[2024-09-26T02:10:42.384+0000] {logging_mixin.py:190} INFO - [2024-09-26T02:10:42.384+0000] {dagbag.py:587} INFO - Filling up the DagBag from /opt/airflow/dags/deck_with_cron_expression.py
[2024-09-26T02:10:42.501+0000] {processor.py:925} INFO - DAG(s) 'schedule_with_cron_expression_v03' retrieved from /opt/airflow/dags/deck_with_cron_expression.py
[2024-09-26T02:10:42.534+0000] {logging_mixin.py:190} INFO - [2024-09-26T02:10:42.534+0000] {dag.py:3229} INFO - Sync 1 DAGs
[2024-09-26T02:10:42.556+0000] {logging_mixin.py:190} INFO - [2024-09-26T02:10:42.556+0000] {dag.py:4156} INFO - Setting next_dagrun for schedule_with_cron_expression_v03 to 2024-09-12 03:00:00+00:00, run_after=2024-09-13 03:00:00+00:00
[2024-09-26T02:10:42.580+0000] {processor.py:208} INFO - Processing /opt/airflow/dags/deck_with_cron_expression.py took 0.211 seconds
[2024-09-26T02:11:13.118+0000] {processor.py:186} INFO - Started process (PID=141223) to work on /opt/airflow/dags/deck_with_cron_expression.py
[2024-09-26T02:11:13.121+0000] {processor.py:914} INFO - Processing file /opt/airflow/dags/deck_with_cron_expression.py for tasks to queue
[2024-09-26T02:11:13.123+0000] {logging_mixin.py:190} INFO - [2024-09-26T02:11:13.123+0000] {dagbag.py:587} INFO - Filling up the DagBag from /opt/airflow/dags/deck_with_cron_expression.py
[2024-09-26T02:11:13.227+0000] {processor.py:925} INFO - DAG(s) 'schedule_with_cron_expression_v03' retrieved from /opt/airflow/dags/deck_with_cron_expression.py
[2024-09-26T02:11:13.252+0000] {logging_mixin.py:190} INFO - [2024-09-26T02:11:13.252+0000] {dag.py:3229} INFO - Sync 1 DAGs
[2024-09-26T02:11:13.272+0000] {logging_mixin.py:190} INFO - [2024-09-26T02:11:13.272+0000] {dag.py:4156} INFO - Setting next_dagrun for schedule_with_cron_expression_v03 to 2024-09-12 03:00:00+00:00, run_after=2024-09-13 03:00:00+00:00
[2024-09-26T02:11:13.296+0000] {processor.py:208} INFO - Processing /opt/airflow/dags/deck_with_cron_expression.py took 0.188 seconds
[2024-09-26T02:11:43.634+0000] {processor.py:186} INFO - Started process (PID=141266) to work on /opt/airflow/dags/deck_with_cron_expression.py
[2024-09-26T02:11:43.635+0000] {processor.py:914} INFO - Processing file /opt/airflow/dags/deck_with_cron_expression.py for tasks to queue
[2024-09-26T02:11:43.637+0000] {logging_mixin.py:190} INFO - [2024-09-26T02:11:43.637+0000] {dagbag.py:587} INFO - Filling up the DagBag from /opt/airflow/dags/deck_with_cron_expression.py
[2024-09-26T02:11:43.719+0000] {processor.py:925} INFO - DAG(s) 'schedule_with_cron_expression_v03' retrieved from /opt/airflow/dags/deck_with_cron_expression.py
[2024-09-26T02:11:43.748+0000] {logging_mixin.py:190} INFO - [2024-09-26T02:11:43.748+0000] {dag.py:3229} INFO - Sync 1 DAGs
[2024-09-26T02:11:43.776+0000] {logging_mixin.py:190} INFO - [2024-09-26T02:11:43.776+0000] {dag.py:4156} INFO - Setting next_dagrun for schedule_with_cron_expression_v03 to 2024-09-12 03:00:00+00:00, run_after=2024-09-13 03:00:00+00:00
[2024-09-26T02:11:43.859+0000] {processor.py:208} INFO - Processing /opt/airflow/dags/deck_with_cron_expression.py took 0.231 seconds
[2024-09-26T02:12:14.317+0000] {processor.py:186} INFO - Started process (PID=141309) to work on /opt/airflow/dags/deck_with_cron_expression.py
[2024-09-26T02:12:14.318+0000] {processor.py:914} INFO - Processing file /opt/airflow/dags/deck_with_cron_expression.py for tasks to queue
[2024-09-26T02:12:14.321+0000] {logging_mixin.py:190} INFO - [2024-09-26T02:12:14.320+0000] {dagbag.py:587} INFO - Filling up the DagBag from /opt/airflow/dags/deck_with_cron_expression.py
[2024-09-26T02:12:14.410+0000] {processor.py:925} INFO - DAG(s) 'schedule_with_cron_expression_v03' retrieved from /opt/airflow/dags/deck_with_cron_expression.py
[2024-09-26T02:12:14.440+0000] {logging_mixin.py:190} INFO - [2024-09-26T02:12:14.440+0000] {dag.py:3229} INFO - Sync 1 DAGs
[2024-09-26T02:12:14.460+0000] {logging_mixin.py:190} INFO - [2024-09-26T02:12:14.460+0000] {dag.py:4156} INFO - Setting next_dagrun for schedule_with_cron_expression_v03 to 2024-09-12 03:00:00+00:00, run_after=2024-09-13 03:00:00+00:00
[2024-09-26T02:12:14.483+0000] {processor.py:208} INFO - Processing /opt/airflow/dags/deck_with_cron_expression.py took 0.172 seconds
[2024-09-26T02:12:44.859+0000] {processor.py:186} INFO - Started process (PID=141352) to work on /opt/airflow/dags/deck_with_cron_expression.py
[2024-09-26T02:12:44.861+0000] {processor.py:914} INFO - Processing file /opt/airflow/dags/deck_with_cron_expression.py for tasks to queue
[2024-09-26T02:12:44.863+0000] {logging_mixin.py:190} INFO - [2024-09-26T02:12:44.863+0000] {dagbag.py:587} INFO - Filling up the DagBag from /opt/airflow/dags/deck_with_cron_expression.py
[2024-09-26T02:12:44.938+0000] {processor.py:925} INFO - DAG(s) 'schedule_with_cron_expression_v03' retrieved from /opt/airflow/dags/deck_with_cron_expression.py
[2024-09-26T02:12:44.968+0000] {logging_mixin.py:190} INFO - [2024-09-26T02:12:44.968+0000] {dag.py:3229} INFO - Sync 1 DAGs
[2024-09-26T02:12:44.995+0000] {logging_mixin.py:190} INFO - [2024-09-26T02:12:44.995+0000] {dag.py:4156} INFO - Setting next_dagrun for schedule_with_cron_expression_v03 to 2024-09-12 03:00:00+00:00, run_after=2024-09-13 03:00:00+00:00
[2024-09-26T02:12:45.018+0000] {processor.py:208} INFO - Processing /opt/airflow/dags/deck_with_cron_expression.py took 0.164 seconds
[2024-09-26T02:13:15.277+0000] {processor.py:186} INFO - Started process (PID=141395) to work on /opt/airflow/dags/deck_with_cron_expression.py
[2024-09-26T02:13:15.278+0000] {processor.py:914} INFO - Processing file /opt/airflow/dags/deck_with_cron_expression.py for tasks to queue
[2024-09-26T02:13:15.280+0000] {logging_mixin.py:190} INFO - [2024-09-26T02:13:15.280+0000] {dagbag.py:587} INFO - Filling up the DagBag from /opt/airflow/dags/deck_with_cron_expression.py
[2024-09-26T02:13:15.351+0000] {processor.py:925} INFO - DAG(s) 'schedule_with_cron_expression_v03' retrieved from /opt/airflow/dags/deck_with_cron_expression.py
[2024-09-26T02:13:15.375+0000] {logging_mixin.py:190} INFO - [2024-09-26T02:13:15.375+0000] {dag.py:3229} INFO - Sync 1 DAGs
[2024-09-26T02:13:15.398+0000] {logging_mixin.py:190} INFO - [2024-09-26T02:13:15.398+0000] {dag.py:4156} INFO - Setting next_dagrun for schedule_with_cron_expression_v03 to 2024-09-12 03:00:00+00:00, run_after=2024-09-13 03:00:00+00:00
[2024-09-26T02:13:15.423+0000] {processor.py:208} INFO - Processing /opt/airflow/dags/deck_with_cron_expression.py took 0.152 seconds
[2024-09-26T02:13:45.845+0000] {processor.py:186} INFO - Started process (PID=141438) to work on /opt/airflow/dags/deck_with_cron_expression.py
[2024-09-26T02:13:45.847+0000] {processor.py:914} INFO - Processing file /opt/airflow/dags/deck_with_cron_expression.py for tasks to queue
[2024-09-26T02:13:45.850+0000] {logging_mixin.py:190} INFO - [2024-09-26T02:13:45.849+0000] {dagbag.py:587} INFO - Filling up the DagBag from /opt/airflow/dags/deck_with_cron_expression.py
[2024-09-26T02:13:45.970+0000] {processor.py:925} INFO - DAG(s) 'schedule_with_cron_expression_v03' retrieved from /opt/airflow/dags/deck_with_cron_expression.py
[2024-09-26T02:13:46.005+0000] {logging_mixin.py:190} INFO - [2024-09-26T02:13:46.004+0000] {dag.py:3229} INFO - Sync 1 DAGs
[2024-09-26T02:13:46.030+0000] {logging_mixin.py:190} INFO - [2024-09-26T02:13:46.029+0000] {dag.py:4156} INFO - Setting next_dagrun for schedule_with_cron_expression_v03 to 2024-09-12 03:00:00+00:00, run_after=2024-09-13 03:00:00+00:00
[2024-09-26T02:13:46.054+0000] {processor.py:208} INFO - Processing /opt/airflow/dags/deck_with_cron_expression.py took 0.218 seconds
[2024-09-26T02:14:16.352+0000] {processor.py:186} INFO - Started process (PID=141481) to work on /opt/airflow/dags/deck_with_cron_expression.py
[2024-09-26T02:14:16.353+0000] {processor.py:914} INFO - Processing file /opt/airflow/dags/deck_with_cron_expression.py for tasks to queue
[2024-09-26T02:14:16.356+0000] {logging_mixin.py:190} INFO - [2024-09-26T02:14:16.356+0000] {dagbag.py:587} INFO - Filling up the DagBag from /opt/airflow/dags/deck_with_cron_expression.py
[2024-09-26T02:14:16.423+0000] {processor.py:925} INFO - DAG(s) 'schedule_with_cron_expression_v03' retrieved from /opt/airflow/dags/deck_with_cron_expression.py
[2024-09-26T02:14:16.455+0000] {logging_mixin.py:190} INFO - [2024-09-26T02:14:16.454+0000] {dag.py:3229} INFO - Sync 1 DAGs
[2024-09-26T02:14:16.484+0000] {logging_mixin.py:190} INFO - [2024-09-26T02:14:16.484+0000] {dag.py:4156} INFO - Setting next_dagrun for schedule_with_cron_expression_v03 to 2024-09-12 03:00:00+00:00, run_after=2024-09-13 03:00:00+00:00
[2024-09-26T02:14:16.520+0000] {processor.py:208} INFO - Processing /opt/airflow/dags/deck_with_cron_expression.py took 0.180 seconds
[2024-09-26T02:14:47.070+0000] {processor.py:186} INFO - Started process (PID=141524) to work on /opt/airflow/dags/deck_with_cron_expression.py
[2024-09-26T02:14:47.072+0000] {processor.py:914} INFO - Processing file /opt/airflow/dags/deck_with_cron_expression.py for tasks to queue
[2024-09-26T02:14:47.076+0000] {logging_mixin.py:190} INFO - [2024-09-26T02:14:47.075+0000] {dagbag.py:587} INFO - Filling up the DagBag from /opt/airflow/dags/deck_with_cron_expression.py
[2024-09-26T02:14:47.177+0000] {processor.py:925} INFO - DAG(s) 'schedule_with_cron_expression_v03' retrieved from /opt/airflow/dags/deck_with_cron_expression.py
[2024-09-26T02:14:47.225+0000] {logging_mixin.py:190} INFO - [2024-09-26T02:14:47.225+0000] {dag.py:3229} INFO - Sync 1 DAGs
[2024-09-26T02:14:47.265+0000] {logging_mixin.py:190} INFO - [2024-09-26T02:14:47.265+0000] {dag.py:4156} INFO - Setting next_dagrun for schedule_with_cron_expression_v03 to 2024-09-12 03:00:00+00:00, run_after=2024-09-13 03:00:00+00:00
[2024-09-26T02:14:47.292+0000] {processor.py:208} INFO - Processing /opt/airflow/dags/deck_with_cron_expression.py took 0.228 seconds
[2024-09-26T02:15:17.722+0000] {processor.py:186} INFO - Started process (PID=141567) to work on /opt/airflow/dags/deck_with_cron_expression.py
[2024-09-26T02:15:17.724+0000] {processor.py:914} INFO - Processing file /opt/airflow/dags/deck_with_cron_expression.py for tasks to queue
[2024-09-26T02:15:17.726+0000] {logging_mixin.py:190} INFO - [2024-09-26T02:15:17.726+0000] {dagbag.py:587} INFO - Filling up the DagBag from /opt/airflow/dags/deck_with_cron_expression.py
[2024-09-26T02:15:17.796+0000] {processor.py:925} INFO - DAG(s) 'schedule_with_cron_expression_v03' retrieved from /opt/airflow/dags/deck_with_cron_expression.py
[2024-09-26T02:15:17.823+0000] {logging_mixin.py:190} INFO - [2024-09-26T02:15:17.823+0000] {dag.py:3229} INFO - Sync 1 DAGs
[2024-09-26T02:15:17.850+0000] {logging_mixin.py:190} INFO - [2024-09-26T02:15:17.849+0000] {dag.py:4156} INFO - Setting next_dagrun for schedule_with_cron_expression_v03 to 2024-09-12 03:00:00+00:00, run_after=2024-09-13 03:00:00+00:00
[2024-09-26T02:15:17.874+0000] {processor.py:208} INFO - Processing /opt/airflow/dags/deck_with_cron_expression.py took 0.160 seconds
[2024-09-26T02:15:48.206+0000] {processor.py:186} INFO - Started process (PID=141610) to work on /opt/airflow/dags/deck_with_cron_expression.py
[2024-09-26T02:15:48.209+0000] {processor.py:914} INFO - Processing file /opt/airflow/dags/deck_with_cron_expression.py for tasks to queue
[2024-09-26T02:15:48.214+0000] {logging_mixin.py:190} INFO - [2024-09-26T02:15:48.213+0000] {dagbag.py:587} INFO - Filling up the DagBag from /opt/airflow/dags/deck_with_cron_expression.py
[2024-09-26T02:15:48.325+0000] {processor.py:925} INFO - DAG(s) 'schedule_with_cron_expression_v03' retrieved from /opt/airflow/dags/deck_with_cron_expression.py
[2024-09-26T02:15:48.350+0000] {logging_mixin.py:190} INFO - [2024-09-26T02:15:48.350+0000] {dag.py:3229} INFO - Sync 1 DAGs
[2024-09-26T02:15:48.373+0000] {logging_mixin.py:190} INFO - [2024-09-26T02:15:48.373+0000] {dag.py:4156} INFO - Setting next_dagrun for schedule_with_cron_expression_v03 to 2024-09-12 03:00:00+00:00, run_after=2024-09-13 03:00:00+00:00
[2024-09-26T02:15:48.403+0000] {processor.py:208} INFO - Processing /opt/airflow/dags/deck_with_cron_expression.py took 0.213 seconds
[2024-09-26T02:16:18.746+0000] {processor.py:186} INFO - Started process (PID=141653) to work on /opt/airflow/dags/deck_with_cron_expression.py
[2024-09-26T02:16:18.748+0000] {processor.py:914} INFO - Processing file /opt/airflow/dags/deck_with_cron_expression.py for tasks to queue
[2024-09-26T02:16:18.751+0000] {logging_mixin.py:190} INFO - [2024-09-26T02:16:18.751+0000] {dagbag.py:587} INFO - Filling up the DagBag from /opt/airflow/dags/deck_with_cron_expression.py
[2024-09-26T02:16:18.855+0000] {processor.py:925} INFO - DAG(s) 'schedule_with_cron_expression_v03' retrieved from /opt/airflow/dags/deck_with_cron_expression.py
[2024-09-26T02:16:18.886+0000] {logging_mixin.py:190} INFO - [2024-09-26T02:16:18.886+0000] {dag.py:3229} INFO - Sync 1 DAGs
[2024-09-26T02:16:18.909+0000] {logging_mixin.py:190} INFO - [2024-09-26T02:16:18.909+0000] {dag.py:4156} INFO - Setting next_dagrun for schedule_with_cron_expression_v03 to 2024-09-12 03:00:00+00:00, run_after=2024-09-13 03:00:00+00:00
[2024-09-26T02:16:18.933+0000] {processor.py:208} INFO - Processing /opt/airflow/dags/deck_with_cron_expression.py took 0.195 seconds
[2024-09-26T02:16:49.335+0000] {processor.py:186} INFO - Started process (PID=141696) to work on /opt/airflow/dags/deck_with_cron_expression.py
[2024-09-26T02:16:49.336+0000] {processor.py:914} INFO - Processing file /opt/airflow/dags/deck_with_cron_expression.py for tasks to queue
[2024-09-26T02:16:49.338+0000] {logging_mixin.py:190} INFO - [2024-09-26T02:16:49.337+0000] {dagbag.py:587} INFO - Filling up the DagBag from /opt/airflow/dags/deck_with_cron_expression.py
[2024-09-26T02:16:49.426+0000] {processor.py:925} INFO - DAG(s) 'schedule_with_cron_expression_v03' retrieved from /opt/airflow/dags/deck_with_cron_expression.py
[2024-09-26T02:16:49.451+0000] {logging_mixin.py:190} INFO - [2024-09-26T02:16:49.451+0000] {dag.py:3229} INFO - Sync 1 DAGs
[2024-09-26T02:16:49.472+0000] {logging_mixin.py:190} INFO - [2024-09-26T02:16:49.472+0000] {dag.py:4156} INFO - Setting next_dagrun for schedule_with_cron_expression_v03 to 2024-09-12 03:00:00+00:00, run_after=2024-09-13 03:00:00+00:00
[2024-09-26T02:16:49.494+0000] {processor.py:208} INFO - Processing /opt/airflow/dags/deck_with_cron_expression.py took 0.168 seconds
[2024-09-26T02:17:19.844+0000] {processor.py:186} INFO - Started process (PID=141739) to work on /opt/airflow/dags/deck_with_cron_expression.py
[2024-09-26T02:17:19.845+0000] {processor.py:914} INFO - Processing file /opt/airflow/dags/deck_with_cron_expression.py for tasks to queue
[2024-09-26T02:17:19.848+0000] {logging_mixin.py:190} INFO - [2024-09-26T02:17:19.848+0000] {dagbag.py:587} INFO - Filling up the DagBag from /opt/airflow/dags/deck_with_cron_expression.py
[2024-09-26T02:17:19.939+0000] {processor.py:925} INFO - DAG(s) 'schedule_with_cron_expression_v03' retrieved from /opt/airflow/dags/deck_with_cron_expression.py
[2024-09-26T02:17:19.967+0000] {logging_mixin.py:190} INFO - [2024-09-26T02:17:19.967+0000] {dag.py:3229} INFO - Sync 1 DAGs
[2024-09-26T02:17:19.993+0000] {logging_mixin.py:190} INFO - [2024-09-26T02:17:19.993+0000] {dag.py:4156} INFO - Setting next_dagrun for schedule_with_cron_expression_v03 to 2024-09-12 03:00:00+00:00, run_after=2024-09-13 03:00:00+00:00
[2024-09-26T02:17:20.019+0000] {processor.py:208} INFO - Processing /opt/airflow/dags/deck_with_cron_expression.py took 0.185 seconds
[2024-09-26T02:17:50.300+0000] {processor.py:186} INFO - Started process (PID=141782) to work on /opt/airflow/dags/deck_with_cron_expression.py
[2024-09-26T02:17:50.301+0000] {processor.py:914} INFO - Processing file /opt/airflow/dags/deck_with_cron_expression.py for tasks to queue
[2024-09-26T02:17:50.304+0000] {logging_mixin.py:190} INFO - [2024-09-26T02:17:50.304+0000] {dagbag.py:587} INFO - Filling up the DagBag from /opt/airflow/dags/deck_with_cron_expression.py
[2024-09-26T02:17:50.375+0000] {processor.py:925} INFO - DAG(s) 'schedule_with_cron_expression_v03' retrieved from /opt/airflow/dags/deck_with_cron_expression.py
[2024-09-26T02:17:50.400+0000] {logging_mixin.py:190} INFO - [2024-09-26T02:17:50.400+0000] {dag.py:3229} INFO - Sync 1 DAGs
[2024-09-26T02:17:50.423+0000] {logging_mixin.py:190} INFO - [2024-09-26T02:17:50.422+0000] {dag.py:4156} INFO - Setting next_dagrun for schedule_with_cron_expression_v03 to 2024-09-12 03:00:00+00:00, run_after=2024-09-13 03:00:00+00:00
[2024-09-26T02:17:50.452+0000] {processor.py:208} INFO - Processing /opt/airflow/dags/deck_with_cron_expression.py took 0.158 seconds
[2024-09-26T02:18:20.922+0000] {processor.py:186} INFO - Started process (PID=141825) to work on /opt/airflow/dags/deck_with_cron_expression.py
[2024-09-26T02:18:20.924+0000] {processor.py:914} INFO - Processing file /opt/airflow/dags/deck_with_cron_expression.py for tasks to queue
[2024-09-26T02:18:20.926+0000] {logging_mixin.py:190} INFO - [2024-09-26T02:18:20.926+0000] {dagbag.py:587} INFO - Filling up the DagBag from /opt/airflow/dags/deck_with_cron_expression.py
[2024-09-26T02:18:21.025+0000] {processor.py:925} INFO - DAG(s) 'schedule_with_cron_expression_v03' retrieved from /opt/airflow/dags/deck_with_cron_expression.py
[2024-09-26T02:18:21.052+0000] {logging_mixin.py:190} INFO - [2024-09-26T02:18:21.052+0000] {dag.py:3229} INFO - Sync 1 DAGs
[2024-09-26T02:18:21.073+0000] {logging_mixin.py:190} INFO - [2024-09-26T02:18:21.072+0000] {dag.py:4156} INFO - Setting next_dagrun for schedule_with_cron_expression_v03 to 2024-09-12 03:00:00+00:00, run_after=2024-09-13 03:00:00+00:00
[2024-09-26T02:18:21.095+0000] {processor.py:208} INFO - Processing /opt/airflow/dags/deck_with_cron_expression.py took 0.181 seconds
[2024-09-26T02:18:51.409+0000] {processor.py:186} INFO - Started process (PID=141868) to work on /opt/airflow/dags/deck_with_cron_expression.py
[2024-09-26T02:18:51.410+0000] {processor.py:914} INFO - Processing file /opt/airflow/dags/deck_with_cron_expression.py for tasks to queue
[2024-09-26T02:18:51.412+0000] {logging_mixin.py:190} INFO - [2024-09-26T02:18:51.411+0000] {dagbag.py:587} INFO - Filling up the DagBag from /opt/airflow/dags/deck_with_cron_expression.py
[2024-09-26T02:18:51.471+0000] {processor.py:925} INFO - DAG(s) 'schedule_with_cron_expression_v03' retrieved from /opt/airflow/dags/deck_with_cron_expression.py
[2024-09-26T02:18:51.503+0000] {logging_mixin.py:190} INFO - [2024-09-26T02:18:51.502+0000] {dag.py:3229} INFO - Sync 1 DAGs
[2024-09-26T02:18:51.532+0000] {logging_mixin.py:190} INFO - [2024-09-26T02:18:51.532+0000] {dag.py:4156} INFO - Setting next_dagrun for schedule_with_cron_expression_v03 to 2024-09-12 03:00:00+00:00, run_after=2024-09-13 03:00:00+00:00
[2024-09-26T02:18:51.559+0000] {processor.py:208} INFO - Processing /opt/airflow/dags/deck_with_cron_expression.py took 0.155 seconds
[2024-09-26T02:19:22.140+0000] {processor.py:186} INFO - Started process (PID=141911) to work on /opt/airflow/dags/deck_with_cron_expression.py
[2024-09-26T02:19:22.142+0000] {processor.py:914} INFO - Processing file /opt/airflow/dags/deck_with_cron_expression.py for tasks to queue
[2024-09-26T02:19:22.144+0000] {logging_mixin.py:190} INFO - [2024-09-26T02:19:22.144+0000] {dagbag.py:587} INFO - Filling up the DagBag from /opt/airflow/dags/deck_with_cron_expression.py
[2024-09-26T02:19:22.224+0000] {processor.py:925} INFO - DAG(s) 'schedule_with_cron_expression_v03' retrieved from /opt/airflow/dags/deck_with_cron_expression.py
[2024-09-26T02:19:22.252+0000] {logging_mixin.py:190} INFO - [2024-09-26T02:19:22.252+0000] {dag.py:3229} INFO - Sync 1 DAGs
[2024-09-26T02:19:22.280+0000] {logging_mixin.py:190} INFO - [2024-09-26T02:19:22.280+0000] {dag.py:4156} INFO - Setting next_dagrun for schedule_with_cron_expression_v03 to 2024-09-12 03:00:00+00:00, run_after=2024-09-13 03:00:00+00:00
[2024-09-26T02:19:22.304+0000] {processor.py:208} INFO - Processing /opt/airflow/dags/deck_with_cron_expression.py took 0.170 seconds
[2024-09-26T02:19:53.078+0000] {processor.py:186} INFO - Started process (PID=141954) to work on /opt/airflow/dags/deck_with_cron_expression.py
[2024-09-26T02:19:53.079+0000] {processor.py:914} INFO - Processing file /opt/airflow/dags/deck_with_cron_expression.py for tasks to queue
[2024-09-26T02:19:53.081+0000] {logging_mixin.py:190} INFO - [2024-09-26T02:19:53.080+0000] {dagbag.py:587} INFO - Filling up the DagBag from /opt/airflow/dags/deck_with_cron_expression.py
[2024-09-26T02:19:53.160+0000] {processor.py:925} INFO - DAG(s) 'schedule_with_cron_expression_v03' retrieved from /opt/airflow/dags/deck_with_cron_expression.py
[2024-09-26T02:19:53.185+0000] {logging_mixin.py:190} INFO - [2024-09-26T02:19:53.185+0000] {dag.py:3229} INFO - Sync 1 DAGs
[2024-09-26T02:19:53.206+0000] {logging_mixin.py:190} INFO - [2024-09-26T02:19:53.206+0000] {dag.py:4156} INFO - Setting next_dagrun for schedule_with_cron_expression_v03 to 2024-09-12 03:00:00+00:00, run_after=2024-09-13 03:00:00+00:00
[2024-09-26T02:19:53.230+0000] {processor.py:208} INFO - Processing /opt/airflow/dags/deck_with_cron_expression.py took 0.159 seconds
[2024-09-26T02:20:23.553+0000] {processor.py:186} INFO - Started process (PID=141997) to work on /opt/airflow/dags/deck_with_cron_expression.py
[2024-09-26T02:20:23.555+0000] {processor.py:914} INFO - Processing file /opt/airflow/dags/deck_with_cron_expression.py for tasks to queue
[2024-09-26T02:20:23.557+0000] {logging_mixin.py:190} INFO - [2024-09-26T02:20:23.557+0000] {dagbag.py:587} INFO - Filling up the DagBag from /opt/airflow/dags/deck_with_cron_expression.py
[2024-09-26T02:20:23.655+0000] {processor.py:925} INFO - DAG(s) 'schedule_with_cron_expression_v03' retrieved from /opt/airflow/dags/deck_with_cron_expression.py
[2024-09-26T02:20:23.681+0000] {logging_mixin.py:190} INFO - [2024-09-26T02:20:23.681+0000] {dag.py:3229} INFO - Sync 1 DAGs
[2024-09-26T02:20:23.704+0000] {logging_mixin.py:190} INFO - [2024-09-26T02:20:23.704+0000] {dag.py:4156} INFO - Setting next_dagrun for schedule_with_cron_expression_v03 to 2024-09-12 03:00:00+00:00, run_after=2024-09-13 03:00:00+00:00
[2024-09-26T02:20:23.730+0000] {processor.py:208} INFO - Processing /opt/airflow/dags/deck_with_cron_expression.py took 0.188 seconds
[2024-09-26T02:20:54.331+0000] {processor.py:186} INFO - Started process (PID=142040) to work on /opt/airflow/dags/deck_with_cron_expression.py
[2024-09-26T02:20:54.333+0000] {processor.py:914} INFO - Processing file /opt/airflow/dags/deck_with_cron_expression.py for tasks to queue
[2024-09-26T02:20:54.335+0000] {logging_mixin.py:190} INFO - [2024-09-26T02:20:54.335+0000] {dagbag.py:587} INFO - Filling up the DagBag from /opt/airflow/dags/deck_with_cron_expression.py
[2024-09-26T02:20:54.430+0000] {processor.py:925} INFO - DAG(s) 'schedule_with_cron_expression_v03' retrieved from /opt/airflow/dags/deck_with_cron_expression.py
[2024-09-26T02:20:54.457+0000] {logging_mixin.py:190} INFO - [2024-09-26T02:20:54.457+0000] {dag.py:3229} INFO - Sync 1 DAGs
[2024-09-26T02:20:54.478+0000] {logging_mixin.py:190} INFO - [2024-09-26T02:20:54.478+0000] {dag.py:4156} INFO - Setting next_dagrun for schedule_with_cron_expression_v03 to 2024-09-12 03:00:00+00:00, run_after=2024-09-13 03:00:00+00:00
[2024-09-26T02:20:54.500+0000] {processor.py:208} INFO - Processing /opt/airflow/dags/deck_with_cron_expression.py took 0.177 seconds
[2024-09-26T02:21:24.717+0000] {processor.py:186} INFO - Started process (PID=142083) to work on /opt/airflow/dags/deck_with_cron_expression.py
[2024-09-26T02:21:24.718+0000] {processor.py:914} INFO - Processing file /opt/airflow/dags/deck_with_cron_expression.py for tasks to queue
[2024-09-26T02:21:24.720+0000] {logging_mixin.py:190} INFO - [2024-09-26T02:21:24.720+0000] {dagbag.py:587} INFO - Filling up the DagBag from /opt/airflow/dags/deck_with_cron_expression.py
[2024-09-26T02:21:24.792+0000] {processor.py:925} INFO - DAG(s) 'schedule_with_cron_expression_v03' retrieved from /opt/airflow/dags/deck_with_cron_expression.py
[2024-09-26T02:21:24.824+0000] {logging_mixin.py:190} INFO - [2024-09-26T02:21:24.823+0000] {dag.py:3229} INFO - Sync 1 DAGs
[2024-09-26T02:21:24.849+0000] {logging_mixin.py:190} INFO - [2024-09-26T02:21:24.848+0000] {dag.py:4156} INFO - Setting next_dagrun for schedule_with_cron_expression_v03 to 2024-09-12 03:00:00+00:00, run_after=2024-09-13 03:00:00+00:00
[2024-09-26T02:21:24.879+0000] {processor.py:208} INFO - Processing /opt/airflow/dags/deck_with_cron_expression.py took 0.166 seconds
[2024-09-26T02:21:55.317+0000] {processor.py:186} INFO - Started process (PID=142126) to work on /opt/airflow/dags/deck_with_cron_expression.py
[2024-09-26T02:21:55.318+0000] {processor.py:914} INFO - Processing file /opt/airflow/dags/deck_with_cron_expression.py for tasks to queue
[2024-09-26T02:21:55.320+0000] {logging_mixin.py:190} INFO - [2024-09-26T02:21:55.320+0000] {dagbag.py:587} INFO - Filling up the DagBag from /opt/airflow/dags/deck_with_cron_expression.py
[2024-09-26T02:21:55.410+0000] {processor.py:925} INFO - DAG(s) 'schedule_with_cron_expression_v03' retrieved from /opt/airflow/dags/deck_with_cron_expression.py
[2024-09-26T02:21:55.436+0000] {logging_mixin.py:190} INFO - [2024-09-26T02:21:55.436+0000] {dag.py:3229} INFO - Sync 1 DAGs
[2024-09-26T02:21:55.458+0000] {logging_mixin.py:190} INFO - [2024-09-26T02:21:55.458+0000] {dag.py:4156} INFO - Setting next_dagrun for schedule_with_cron_expression_v03 to 2024-09-12 03:00:00+00:00, run_after=2024-09-13 03:00:00+00:00
[2024-09-26T02:21:55.481+0000] {processor.py:208} INFO - Processing /opt/airflow/dags/deck_with_cron_expression.py took 0.169 seconds
[2024-09-26T02:22:25.995+0000] {processor.py:186} INFO - Started process (PID=142171) to work on /opt/airflow/dags/deck_with_cron_expression.py
[2024-09-26T02:22:25.997+0000] {processor.py:914} INFO - Processing file /opt/airflow/dags/deck_with_cron_expression.py for tasks to queue
[2024-09-26T02:22:26.000+0000] {logging_mixin.py:190} INFO - [2024-09-26T02:22:25.999+0000] {dagbag.py:587} INFO - Filling up the DagBag from /opt/airflow/dags/deck_with_cron_expression.py
[2024-09-26T02:22:26.120+0000] {processor.py:925} INFO - DAG(s) 'schedule_with_cron_expression_v03' retrieved from /opt/airflow/dags/deck_with_cron_expression.py
[2024-09-26T02:22:26.149+0000] {logging_mixin.py:190} INFO - [2024-09-26T02:22:26.148+0000] {dag.py:3229} INFO - Sync 1 DAGs
[2024-09-26T02:22:26.171+0000] {logging_mixin.py:190} INFO - [2024-09-26T02:22:26.171+0000] {dag.py:4156} INFO - Setting next_dagrun for schedule_with_cron_expression_v03 to 2024-09-12 03:00:00+00:00, run_after=2024-09-13 03:00:00+00:00
[2024-09-26T02:22:26.211+0000] {processor.py:208} INFO - Processing /opt/airflow/dags/deck_with_cron_expression.py took 0.228 seconds
[2024-09-26T02:22:56.466+0000] {processor.py:186} INFO - Started process (PID=142214) to work on /opt/airflow/dags/deck_with_cron_expression.py
[2024-09-26T02:22:56.468+0000] {processor.py:914} INFO - Processing file /opt/airflow/dags/deck_with_cron_expression.py for tasks to queue
[2024-09-26T02:22:56.471+0000] {logging_mixin.py:190} INFO - [2024-09-26T02:22:56.470+0000] {dagbag.py:587} INFO - Filling up the DagBag from /opt/airflow/dags/deck_with_cron_expression.py
[2024-09-26T02:22:56.552+0000] {processor.py:925} INFO - DAG(s) 'schedule_with_cron_expression_v03' retrieved from /opt/airflow/dags/deck_with_cron_expression.py
[2024-09-26T02:22:56.580+0000] {logging_mixin.py:190} INFO - [2024-09-26T02:22:56.580+0000] {dag.py:3229} INFO - Sync 1 DAGs
[2024-09-26T02:22:56.602+0000] {logging_mixin.py:190} INFO - [2024-09-26T02:22:56.602+0000] {dag.py:4156} INFO - Setting next_dagrun for schedule_with_cron_expression_v03 to 2024-09-12 03:00:00+00:00, run_after=2024-09-13 03:00:00+00:00
[2024-09-26T02:22:56.625+0000] {processor.py:208} INFO - Processing /opt/airflow/dags/deck_with_cron_expression.py took 0.166 seconds
[2024-09-26T02:23:26.793+0000] {processor.py:186} INFO - Started process (PID=142255) to work on /opt/airflow/dags/deck_with_cron_expression.py
[2024-09-26T02:23:26.795+0000] {processor.py:914} INFO - Processing file /opt/airflow/dags/deck_with_cron_expression.py for tasks to queue
[2024-09-26T02:23:26.796+0000] {logging_mixin.py:190} INFO - [2024-09-26T02:23:26.796+0000] {dagbag.py:587} INFO - Filling up the DagBag from /opt/airflow/dags/deck_with_cron_expression.py
[2024-09-26T02:23:26.875+0000] {processor.py:925} INFO - DAG(s) 'schedule_with_cron_expression_v03' retrieved from /opt/airflow/dags/deck_with_cron_expression.py
[2024-09-26T02:23:26.900+0000] {logging_mixin.py:190} INFO - [2024-09-26T02:23:26.900+0000] {dag.py:3229} INFO - Sync 1 DAGs
[2024-09-26T02:23:26.922+0000] {logging_mixin.py:190} INFO - [2024-09-26T02:23:26.922+0000] {dag.py:4156} INFO - Setting next_dagrun for schedule_with_cron_expression_v03 to 2024-09-12 03:00:00+00:00, run_after=2024-09-13 03:00:00+00:00
[2024-09-26T02:23:26.944+0000] {processor.py:208} INFO - Processing /opt/airflow/dags/deck_with_cron_expression.py took 0.156 seconds
[2024-09-26T02:23:57.237+0000] {processor.py:186} INFO - Started process (PID=142298) to work on /opt/airflow/dags/deck_with_cron_expression.py
[2024-09-26T02:23:57.239+0000] {processor.py:914} INFO - Processing file /opt/airflow/dags/deck_with_cron_expression.py for tasks to queue
[2024-09-26T02:23:57.241+0000] {logging_mixin.py:190} INFO - [2024-09-26T02:23:57.241+0000] {dagbag.py:587} INFO - Filling up the DagBag from /opt/airflow/dags/deck_with_cron_expression.py
[2024-09-26T02:23:57.332+0000] {processor.py:925} INFO - DAG(s) 'schedule_with_cron_expression_v03' retrieved from /opt/airflow/dags/deck_with_cron_expression.py
[2024-09-26T02:23:57.356+0000] {logging_mixin.py:190} INFO - [2024-09-26T02:23:57.356+0000] {dag.py:3229} INFO - Sync 1 DAGs
[2024-09-26T02:23:57.377+0000] {logging_mixin.py:190} INFO - [2024-09-26T02:23:57.377+0000] {dag.py:4156} INFO - Setting next_dagrun for schedule_with_cron_expression_v03 to 2024-09-12 03:00:00+00:00, run_after=2024-09-13 03:00:00+00:00
[2024-09-26T02:23:57.405+0000] {processor.py:208} INFO - Processing /opt/airflow/dags/deck_with_cron_expression.py took 0.178 seconds
[2024-09-26T02:24:27.814+0000] {processor.py:186} INFO - Started process (PID=142341) to work on /opt/airflow/dags/deck_with_cron_expression.py
[2024-09-26T02:24:27.815+0000] {processor.py:914} INFO - Processing file /opt/airflow/dags/deck_with_cron_expression.py for tasks to queue
[2024-09-26T02:24:27.818+0000] {logging_mixin.py:190} INFO - [2024-09-26T02:24:27.817+0000] {dagbag.py:587} INFO - Filling up the DagBag from /opt/airflow/dags/deck_with_cron_expression.py
[2024-09-26T02:24:27.900+0000] {processor.py:925} INFO - DAG(s) 'schedule_with_cron_expression_v03' retrieved from /opt/airflow/dags/deck_with_cron_expression.py
[2024-09-26T02:24:27.932+0000] {logging_mixin.py:190} INFO - [2024-09-26T02:24:27.932+0000] {dag.py:3229} INFO - Sync 1 DAGs
[2024-09-26T02:24:27.957+0000] {logging_mixin.py:190} INFO - [2024-09-26T02:24:27.957+0000] {dag.py:4156} INFO - Setting next_dagrun for schedule_with_cron_expression_v03 to 2024-09-12 03:00:00+00:00, run_after=2024-09-13 03:00:00+00:00
[2024-09-26T02:24:27.982+0000] {processor.py:208} INFO - Processing /opt/airflow/dags/deck_with_cron_expression.py took 0.173 seconds
[2024-09-26T02:24:59.048+0000] {processor.py:186} INFO - Started process (PID=142384) to work on /opt/airflow/dags/deck_with_cron_expression.py
[2024-09-26T02:24:59.049+0000] {processor.py:914} INFO - Processing file /opt/airflow/dags/deck_with_cron_expression.py for tasks to queue
[2024-09-26T02:24:59.051+0000] {logging_mixin.py:190} INFO - [2024-09-26T02:24:59.051+0000] {dagbag.py:587} INFO - Filling up the DagBag from /opt/airflow/dags/deck_with_cron_expression.py
[2024-09-26T02:24:59.136+0000] {processor.py:925} INFO - DAG(s) 'schedule_with_cron_expression_v03' retrieved from /opt/airflow/dags/deck_with_cron_expression.py
[2024-09-26T02:24:59.162+0000] {logging_mixin.py:190} INFO - [2024-09-26T02:24:59.161+0000] {dag.py:3229} INFO - Sync 1 DAGs
[2024-09-26T02:24:59.184+0000] {logging_mixin.py:190} INFO - [2024-09-26T02:24:59.184+0000] {dag.py:4156} INFO - Setting next_dagrun for schedule_with_cron_expression_v03 to 2024-09-12 03:00:00+00:00, run_after=2024-09-13 03:00:00+00:00
[2024-09-26T02:24:59.209+0000] {processor.py:208} INFO - Processing /opt/airflow/dags/deck_with_cron_expression.py took 0.167 seconds
[2024-09-26T02:25:30.158+0000] {processor.py:186} INFO - Started process (PID=142427) to work on /opt/airflow/dags/deck_with_cron_expression.py
[2024-09-26T02:25:30.160+0000] {processor.py:914} INFO - Processing file /opt/airflow/dags/deck_with_cron_expression.py for tasks to queue
[2024-09-26T02:25:30.162+0000] {logging_mixin.py:190} INFO - [2024-09-26T02:25:30.162+0000] {dagbag.py:587} INFO - Filling up the DagBag from /opt/airflow/dags/deck_with_cron_expression.py
[2024-09-26T02:25:30.261+0000] {processor.py:925} INFO - DAG(s) 'schedule_with_cron_expression_v03' retrieved from /opt/airflow/dags/deck_with_cron_expression.py
[2024-09-26T02:25:30.287+0000] {logging_mixin.py:190} INFO - [2024-09-26T02:25:30.286+0000] {dag.py:3229} INFO - Sync 1 DAGs
[2024-09-26T02:25:30.310+0000] {logging_mixin.py:190} INFO - [2024-09-26T02:25:30.309+0000] {dag.py:4156} INFO - Setting next_dagrun for schedule_with_cron_expression_v03 to 2024-09-12 03:00:00+00:00, run_after=2024-09-13 03:00:00+00:00
[2024-09-26T02:25:30.333+0000] {processor.py:208} INFO - Processing /opt/airflow/dags/deck_with_cron_expression.py took 0.182 seconds
[2024-09-26T02:26:00.857+0000] {processor.py:186} INFO - Started process (PID=142470) to work on /opt/airflow/dags/deck_with_cron_expression.py
[2024-09-26T02:26:00.859+0000] {processor.py:914} INFO - Processing file /opt/airflow/dags/deck_with_cron_expression.py for tasks to queue
[2024-09-26T02:26:00.861+0000] {logging_mixin.py:190} INFO - [2024-09-26T02:26:00.861+0000] {dagbag.py:587} INFO - Filling up the DagBag from /opt/airflow/dags/deck_with_cron_expression.py
[2024-09-26T02:26:00.954+0000] {processor.py:925} INFO - DAG(s) 'schedule_with_cron_expression_v03' retrieved from /opt/airflow/dags/deck_with_cron_expression.py
[2024-09-26T02:26:00.981+0000] {logging_mixin.py:190} INFO - [2024-09-26T02:26:00.981+0000] {dag.py:3229} INFO - Sync 1 DAGs
[2024-09-26T02:26:01.006+0000] {logging_mixin.py:190} INFO - [2024-09-26T02:26:01.006+0000] {dag.py:4156} INFO - Setting next_dagrun for schedule_with_cron_expression_v03 to 2024-09-12 03:00:00+00:00, run_after=2024-09-13 03:00:00+00:00
[2024-09-26T02:26:01.031+0000] {processor.py:208} INFO - Processing /opt/airflow/dags/deck_with_cron_expression.py took 0.182 seconds
[2024-09-26T02:26:31.461+0000] {processor.py:186} INFO - Started process (PID=142513) to work on /opt/airflow/dags/deck_with_cron_expression.py
[2024-09-26T02:26:31.464+0000] {processor.py:914} INFO - Processing file /opt/airflow/dags/deck_with_cron_expression.py for tasks to queue
[2024-09-26T02:26:31.468+0000] {logging_mixin.py:190} INFO - [2024-09-26T02:26:31.467+0000] {dagbag.py:587} INFO - Filling up the DagBag from /opt/airflow/dags/deck_with_cron_expression.py
[2024-09-26T02:26:31.585+0000] {processor.py:925} INFO - DAG(s) 'schedule_with_cron_expression_v03' retrieved from /opt/airflow/dags/deck_with_cron_expression.py
[2024-09-26T02:26:31.613+0000] {logging_mixin.py:190} INFO - [2024-09-26T02:26:31.613+0000] {dag.py:3229} INFO - Sync 1 DAGs
[2024-09-26T02:26:31.635+0000] {logging_mixin.py:190} INFO - [2024-09-26T02:26:31.635+0000] {dag.py:4156} INFO - Setting next_dagrun for schedule_with_cron_expression_v03 to 2024-09-12 03:00:00+00:00, run_after=2024-09-13 03:00:00+00:00
[2024-09-26T02:26:31.664+0000] {processor.py:208} INFO - Processing /opt/airflow/dags/deck_with_cron_expression.py took 0.215 seconds
[2024-09-26T02:27:02.082+0000] {processor.py:186} INFO - Started process (PID=142556) to work on /opt/airflow/dags/deck_with_cron_expression.py
[2024-09-26T02:27:02.084+0000] {processor.py:914} INFO - Processing file /opt/airflow/dags/deck_with_cron_expression.py for tasks to queue
[2024-09-26T02:27:02.088+0000] {logging_mixin.py:190} INFO - [2024-09-26T02:27:02.087+0000] {dagbag.py:587} INFO - Filling up the DagBag from /opt/airflow/dags/deck_with_cron_expression.py
[2024-09-26T02:27:02.175+0000] {processor.py:925} INFO - DAG(s) 'schedule_with_cron_expression_v03' retrieved from /opt/airflow/dags/deck_with_cron_expression.py
[2024-09-26T02:27:02.203+0000] {logging_mixin.py:190} INFO - [2024-09-26T02:27:02.203+0000] {dag.py:3229} INFO - Sync 1 DAGs
[2024-09-26T02:27:02.233+0000] {logging_mixin.py:190} INFO - [2024-09-26T02:27:02.233+0000] {dag.py:4156} INFO - Setting next_dagrun for schedule_with_cron_expression_v03 to 2024-09-12 03:00:00+00:00, run_after=2024-09-13 03:00:00+00:00
[2024-09-26T02:27:02.272+0000] {processor.py:208} INFO - Processing /opt/airflow/dags/deck_with_cron_expression.py took 0.203 seconds
[2024-09-26T02:27:32.673+0000] {processor.py:186} INFO - Started process (PID=142599) to work on /opt/airflow/dags/deck_with_cron_expression.py
[2024-09-26T02:27:32.675+0000] {processor.py:914} INFO - Processing file /opt/airflow/dags/deck_with_cron_expression.py for tasks to queue
[2024-09-26T02:27:32.677+0000] {logging_mixin.py:190} INFO - [2024-09-26T02:27:32.676+0000] {dagbag.py:587} INFO - Filling up the DagBag from /opt/airflow/dags/deck_with_cron_expression.py
[2024-09-26T02:27:32.785+0000] {processor.py:925} INFO - DAG(s) 'schedule_with_cron_expression_v03' retrieved from /opt/airflow/dags/deck_with_cron_expression.py
[2024-09-26T02:27:32.809+0000] {logging_mixin.py:190} INFO - [2024-09-26T02:27:32.809+0000] {dag.py:3229} INFO - Sync 1 DAGs
[2024-09-26T02:27:32.830+0000] {logging_mixin.py:190} INFO - [2024-09-26T02:27:32.829+0000] {dag.py:4156} INFO - Setting next_dagrun for schedule_with_cron_expression_v03 to 2024-09-12 03:00:00+00:00, run_after=2024-09-13 03:00:00+00:00
[2024-09-26T02:27:32.855+0000] {processor.py:208} INFO - Processing /opt/airflow/dags/deck_with_cron_expression.py took 0.190 seconds
[2024-09-26T02:28:03.329+0000] {processor.py:186} INFO - Started process (PID=142642) to work on /opt/airflow/dags/deck_with_cron_expression.py
[2024-09-26T02:28:03.332+0000] {processor.py:914} INFO - Processing file /opt/airflow/dags/deck_with_cron_expression.py for tasks to queue
[2024-09-26T02:28:03.334+0000] {logging_mixin.py:190} INFO - [2024-09-26T02:28:03.333+0000] {dagbag.py:587} INFO - Filling up the DagBag from /opt/airflow/dags/deck_with_cron_expression.py
[2024-09-26T02:28:03.415+0000] {processor.py:925} INFO - DAG(s) 'schedule_with_cron_expression_v03' retrieved from /opt/airflow/dags/deck_with_cron_expression.py
[2024-09-26T02:28:03.446+0000] {logging_mixin.py:190} INFO - [2024-09-26T02:28:03.446+0000] {dag.py:3229} INFO - Sync 1 DAGs
[2024-09-26T02:28:03.471+0000] {logging_mixin.py:190} INFO - [2024-09-26T02:28:03.471+0000] {dag.py:4156} INFO - Setting next_dagrun for schedule_with_cron_expression_v03 to 2024-09-12 03:00:00+00:00, run_after=2024-09-13 03:00:00+00:00
[2024-09-26T02:28:03.495+0000] {processor.py:208} INFO - Processing /opt/airflow/dags/deck_with_cron_expression.py took 0.174 seconds
[2024-09-26T02:28:33.843+0000] {processor.py:186} INFO - Started process (PID=142685) to work on /opt/airflow/dags/deck_with_cron_expression.py
[2024-09-26T02:28:33.845+0000] {processor.py:914} INFO - Processing file /opt/airflow/dags/deck_with_cron_expression.py for tasks to queue
[2024-09-26T02:28:33.847+0000] {logging_mixin.py:190} INFO - [2024-09-26T02:28:33.847+0000] {dagbag.py:587} INFO - Filling up the DagBag from /opt/airflow/dags/deck_with_cron_expression.py
[2024-09-26T02:28:33.919+0000] {processor.py:925} INFO - DAG(s) 'schedule_with_cron_expression_v03' retrieved from /opt/airflow/dags/deck_with_cron_expression.py
[2024-09-26T02:28:33.951+0000] {logging_mixin.py:190} INFO - [2024-09-26T02:28:33.951+0000] {dag.py:3229} INFO - Sync 1 DAGs
[2024-09-26T02:28:33.988+0000] {logging_mixin.py:190} INFO - [2024-09-26T02:28:33.988+0000] {dag.py:4156} INFO - Setting next_dagrun for schedule_with_cron_expression_v03 to 2024-09-12 03:00:00+00:00, run_after=2024-09-13 03:00:00+00:00
[2024-09-26T02:28:34.018+0000] {processor.py:208} INFO - Processing /opt/airflow/dags/deck_with_cron_expression.py took 0.181 seconds
[2024-09-26T02:29:04.756+0000] {processor.py:186} INFO - Started process (PID=142728) to work on /opt/airflow/dags/deck_with_cron_expression.py
[2024-09-26T02:29:04.757+0000] {processor.py:914} INFO - Processing file /opt/airflow/dags/deck_with_cron_expression.py for tasks to queue
[2024-09-26T02:29:04.759+0000] {logging_mixin.py:190} INFO - [2024-09-26T02:29:04.759+0000] {dagbag.py:587} INFO - Filling up the DagBag from /opt/airflow/dags/deck_with_cron_expression.py
[2024-09-26T02:29:04.833+0000] {processor.py:925} INFO - DAG(s) 'schedule_with_cron_expression_v03' retrieved from /opt/airflow/dags/deck_with_cron_expression.py
[2024-09-26T02:29:04.856+0000] {logging_mixin.py:190} INFO - [2024-09-26T02:29:04.855+0000] {dag.py:3229} INFO - Sync 1 DAGs
[2024-09-26T02:29:04.878+0000] {logging_mixin.py:190} INFO - [2024-09-26T02:29:04.878+0000] {dag.py:4156} INFO - Setting next_dagrun for schedule_with_cron_expression_v03 to 2024-09-12 03:00:00+00:00, run_after=2024-09-13 03:00:00+00:00
[2024-09-26T02:29:04.902+0000] {processor.py:208} INFO - Processing /opt/airflow/dags/deck_with_cron_expression.py took 0.152 seconds
[2024-09-26T02:29:35.332+0000] {processor.py:186} INFO - Started process (PID=142771) to work on /opt/airflow/dags/deck_with_cron_expression.py
[2024-09-26T02:29:35.333+0000] {processor.py:914} INFO - Processing file /opt/airflow/dags/deck_with_cron_expression.py for tasks to queue
[2024-09-26T02:29:35.335+0000] {logging_mixin.py:190} INFO - [2024-09-26T02:29:35.335+0000] {dagbag.py:587} INFO - Filling up the DagBag from /opt/airflow/dags/deck_with_cron_expression.py
[2024-09-26T02:29:35.407+0000] {processor.py:925} INFO - DAG(s) 'schedule_with_cron_expression_v03' retrieved from /opt/airflow/dags/deck_with_cron_expression.py
[2024-09-26T02:29:35.434+0000] {logging_mixin.py:190} INFO - [2024-09-26T02:29:35.433+0000] {dag.py:3229} INFO - Sync 1 DAGs
[2024-09-26T02:29:35.461+0000] {logging_mixin.py:190} INFO - [2024-09-26T02:29:35.461+0000] {dag.py:4156} INFO - Setting next_dagrun for schedule_with_cron_expression_v03 to 2024-09-12 03:00:00+00:00, run_after=2024-09-13 03:00:00+00:00
[2024-09-26T02:29:35.489+0000] {processor.py:208} INFO - Processing /opt/airflow/dags/deck_with_cron_expression.py took 0.163 seconds
[2024-09-26T02:30:06.653+0000] {processor.py:186} INFO - Started process (PID=142814) to work on /opt/airflow/dags/deck_with_cron_expression.py
[2024-09-26T02:30:06.656+0000] {processor.py:914} INFO - Processing file /opt/airflow/dags/deck_with_cron_expression.py for tasks to queue
[2024-09-26T02:30:06.658+0000] {logging_mixin.py:190} INFO - [2024-09-26T02:30:06.658+0000] {dagbag.py:587} INFO - Filling up the DagBag from /opt/airflow/dags/deck_with_cron_expression.py
[2024-09-26T02:30:06.757+0000] {processor.py:925} INFO - DAG(s) 'schedule_with_cron_expression_v03' retrieved from /opt/airflow/dags/deck_with_cron_expression.py
[2024-09-26T02:30:06.788+0000] {logging_mixin.py:190} INFO - [2024-09-26T02:30:06.788+0000] {dag.py:3229} INFO - Sync 1 DAGs
[2024-09-26T02:30:06.812+0000] {logging_mixin.py:190} INFO - [2024-09-26T02:30:06.812+0000] {dag.py:4156} INFO - Setting next_dagrun for schedule_with_cron_expression_v03 to 2024-09-12 03:00:00+00:00, run_after=2024-09-13 03:00:00+00:00
[2024-09-26T02:30:06.837+0000] {processor.py:208} INFO - Processing /opt/airflow/dags/deck_with_cron_expression.py took 0.192 seconds
[2024-09-26T02:30:37.983+0000] {processor.py:186} INFO - Started process (PID=142857) to work on /opt/airflow/dags/deck_with_cron_expression.py
[2024-09-26T02:30:37.985+0000] {processor.py:914} INFO - Processing file /opt/airflow/dags/deck_with_cron_expression.py for tasks to queue
[2024-09-26T02:30:37.988+0000] {logging_mixin.py:190} INFO - [2024-09-26T02:30:37.987+0000] {dagbag.py:587} INFO - Filling up the DagBag from /opt/airflow/dags/deck_with_cron_expression.py
[2024-09-26T02:30:38.093+0000] {processor.py:925} INFO - DAG(s) 'schedule_with_cron_expression_v03' retrieved from /opt/airflow/dags/deck_with_cron_expression.py
[2024-09-26T02:30:38.123+0000] {logging_mixin.py:190} INFO - [2024-09-26T02:30:38.123+0000] {dag.py:3229} INFO - Sync 1 DAGs
[2024-09-26T02:30:38.147+0000] {logging_mixin.py:190} INFO - [2024-09-26T02:30:38.147+0000] {dag.py:4156} INFO - Setting next_dagrun for schedule_with_cron_expression_v03 to 2024-09-12 03:00:00+00:00, run_after=2024-09-13 03:00:00+00:00
[2024-09-26T02:30:38.174+0000] {processor.py:208} INFO - Processing /opt/airflow/dags/deck_with_cron_expression.py took 0.204 seconds
[2024-09-26T02:31:08.966+0000] {processor.py:186} INFO - Started process (PID=142900) to work on /opt/airflow/dags/deck_with_cron_expression.py
[2024-09-26T02:31:08.967+0000] {processor.py:914} INFO - Processing file /opt/airflow/dags/deck_with_cron_expression.py for tasks to queue
[2024-09-26T02:31:08.970+0000] {logging_mixin.py:190} INFO - [2024-09-26T02:31:08.970+0000] {dagbag.py:587} INFO - Filling up the DagBag from /opt/airflow/dags/deck_with_cron_expression.py
[2024-09-26T02:31:09.038+0000] {processor.py:925} INFO - DAG(s) 'schedule_with_cron_expression_v03' retrieved from /opt/airflow/dags/deck_with_cron_expression.py
[2024-09-26T02:31:09.067+0000] {logging_mixin.py:190} INFO - [2024-09-26T02:31:09.066+0000] {dag.py:3229} INFO - Sync 1 DAGs
[2024-09-26T02:31:09.090+0000] {logging_mixin.py:190} INFO - [2024-09-26T02:31:09.089+0000] {dag.py:4156} INFO - Setting next_dagrun for schedule_with_cron_expression_v03 to 2024-09-12 03:00:00+00:00, run_after=2024-09-13 03:00:00+00:00
[2024-09-26T02:31:09.115+0000] {processor.py:208} INFO - Processing /opt/airflow/dags/deck_with_cron_expression.py took 0.154 seconds
[2024-09-26T02:31:39.411+0000] {processor.py:186} INFO - Started process (PID=142943) to work on /opt/airflow/dags/deck_with_cron_expression.py
[2024-09-26T02:31:39.412+0000] {processor.py:914} INFO - Processing file /opt/airflow/dags/deck_with_cron_expression.py for tasks to queue
[2024-09-26T02:31:39.418+0000] {logging_mixin.py:190} INFO - [2024-09-26T02:31:39.417+0000] {dagbag.py:587} INFO - Filling up the DagBag from /opt/airflow/dags/deck_with_cron_expression.py
[2024-09-26T02:31:39.503+0000] {processor.py:925} INFO - DAG(s) 'schedule_with_cron_expression_v03' retrieved from /opt/airflow/dags/deck_with_cron_expression.py
[2024-09-26T02:31:39.530+0000] {logging_mixin.py:190} INFO - [2024-09-26T02:31:39.529+0000] {dag.py:3229} INFO - Sync 1 DAGs
[2024-09-26T02:31:39.557+0000] {logging_mixin.py:190} INFO - [2024-09-26T02:31:39.557+0000] {dag.py:4156} INFO - Setting next_dagrun for schedule_with_cron_expression_v03 to 2024-09-12 03:00:00+00:00, run_after=2024-09-13 03:00:00+00:00
[2024-09-26T02:31:39.582+0000] {processor.py:208} INFO - Processing /opt/airflow/dags/deck_with_cron_expression.py took 0.177 seconds
[2024-09-26T02:32:09.901+0000] {processor.py:186} INFO - Started process (PID=142986) to work on /opt/airflow/dags/deck_with_cron_expression.py
[2024-09-26T02:32:09.904+0000] {processor.py:914} INFO - Processing file /opt/airflow/dags/deck_with_cron_expression.py for tasks to queue
[2024-09-26T02:32:09.906+0000] {logging_mixin.py:190} INFO - [2024-09-26T02:32:09.906+0000] {dagbag.py:587} INFO - Filling up the DagBag from /opt/airflow/dags/deck_with_cron_expression.py
[2024-09-26T02:32:09.980+0000] {processor.py:925} INFO - DAG(s) 'schedule_with_cron_expression_v03' retrieved from /opt/airflow/dags/deck_with_cron_expression.py
[2024-09-26T02:32:10.017+0000] {logging_mixin.py:190} INFO - [2024-09-26T02:32:10.016+0000] {dag.py:3229} INFO - Sync 1 DAGs
[2024-09-26T02:32:10.047+0000] {logging_mixin.py:190} INFO - [2024-09-26T02:32:10.047+0000] {dag.py:4156} INFO - Setting next_dagrun for schedule_with_cron_expression_v03 to 2024-09-12 03:00:00+00:00, run_after=2024-09-13 03:00:00+00:00
[2024-09-26T02:32:10.073+0000] {processor.py:208} INFO - Processing /opt/airflow/dags/deck_with_cron_expression.py took 0.177 seconds
[2024-09-26T02:32:40.399+0000] {processor.py:186} INFO - Started process (PID=143029) to work on /opt/airflow/dags/deck_with_cron_expression.py
[2024-09-26T02:32:40.402+0000] {processor.py:914} INFO - Processing file /opt/airflow/dags/deck_with_cron_expression.py for tasks to queue
[2024-09-26T02:32:40.407+0000] {logging_mixin.py:190} INFO - [2024-09-26T02:32:40.406+0000] {dagbag.py:587} INFO - Filling up the DagBag from /opt/airflow/dags/deck_with_cron_expression.py
[2024-09-26T02:32:40.486+0000] {processor.py:925} INFO - DAG(s) 'schedule_with_cron_expression_v03' retrieved from /opt/airflow/dags/deck_with_cron_expression.py
[2024-09-26T02:32:40.510+0000] {logging_mixin.py:190} INFO - [2024-09-26T02:32:40.510+0000] {dag.py:3229} INFO - Sync 1 DAGs
[2024-09-26T02:32:40.530+0000] {logging_mixin.py:190} INFO - [2024-09-26T02:32:40.530+0000] {dag.py:4156} INFO - Setting next_dagrun for schedule_with_cron_expression_v03 to 2024-09-12 03:00:00+00:00, run_after=2024-09-13 03:00:00+00:00
[2024-09-26T02:32:40.552+0000] {processor.py:208} INFO - Processing /opt/airflow/dags/deck_with_cron_expression.py took 0.159 seconds
[2024-09-26T02:33:10.949+0000] {processor.py:186} INFO - Started process (PID=143072) to work on /opt/airflow/dags/deck_with_cron_expression.py
[2024-09-26T02:33:10.951+0000] {processor.py:914} INFO - Processing file /opt/airflow/dags/deck_with_cron_expression.py for tasks to queue
[2024-09-26T02:33:10.953+0000] {logging_mixin.py:190} INFO - [2024-09-26T02:33:10.952+0000] {dagbag.py:587} INFO - Filling up the DagBag from /opt/airflow/dags/deck_with_cron_expression.py
[2024-09-26T02:33:11.032+0000] {processor.py:925} INFO - DAG(s) 'schedule_with_cron_expression_v03' retrieved from /opt/airflow/dags/deck_with_cron_expression.py
[2024-09-26T02:33:11.058+0000] {logging_mixin.py:190} INFO - [2024-09-26T02:33:11.058+0000] {dag.py:3229} INFO - Sync 1 DAGs
[2024-09-26T02:33:11.083+0000] {logging_mixin.py:190} INFO - [2024-09-26T02:33:11.083+0000] {dag.py:4156} INFO - Setting next_dagrun for schedule_with_cron_expression_v03 to 2024-09-12 03:00:00+00:00, run_after=2024-09-13 03:00:00+00:00
[2024-09-26T02:33:11.104+0000] {processor.py:208} INFO - Processing /opt/airflow/dags/deck_with_cron_expression.py took 0.162 seconds
[2024-09-26T02:33:41.495+0000] {processor.py:186} INFO - Started process (PID=143115) to work on /opt/airflow/dags/deck_with_cron_expression.py
[2024-09-26T02:33:41.497+0000] {processor.py:914} INFO - Processing file /opt/airflow/dags/deck_with_cron_expression.py for tasks to queue
[2024-09-26T02:33:41.499+0000] {logging_mixin.py:190} INFO - [2024-09-26T02:33:41.499+0000] {dagbag.py:587} INFO - Filling up the DagBag from /opt/airflow/dags/deck_with_cron_expression.py
[2024-09-26T02:33:41.589+0000] {processor.py:925} INFO - DAG(s) 'schedule_with_cron_expression_v03' retrieved from /opt/airflow/dags/deck_with_cron_expression.py
[2024-09-26T02:33:41.619+0000] {logging_mixin.py:190} INFO - [2024-09-26T02:33:41.619+0000] {dag.py:3229} INFO - Sync 1 DAGs
[2024-09-26T02:33:41.645+0000] {logging_mixin.py:190} INFO - [2024-09-26T02:33:41.645+0000] {dag.py:4156} INFO - Setting next_dagrun for schedule_with_cron_expression_v03 to 2024-09-12 03:00:00+00:00, run_after=2024-09-13 03:00:00+00:00
[2024-09-26T02:33:41.689+0000] {processor.py:208} INFO - Processing /opt/airflow/dags/deck_with_cron_expression.py took 0.200 seconds
[2024-09-26T02:34:12.083+0000] {processor.py:186} INFO - Started process (PID=143158) to work on /opt/airflow/dags/deck_with_cron_expression.py
[2024-09-26T02:34:12.085+0000] {processor.py:914} INFO - Processing file /opt/airflow/dags/deck_with_cron_expression.py for tasks to queue
[2024-09-26T02:34:12.087+0000] {logging_mixin.py:190} INFO - [2024-09-26T02:34:12.087+0000] {dagbag.py:587} INFO - Filling up the DagBag from /opt/airflow/dags/deck_with_cron_expression.py
[2024-09-26T02:34:12.147+0000] {processor.py:925} INFO - DAG(s) 'schedule_with_cron_expression_v03' retrieved from /opt/airflow/dags/deck_with_cron_expression.py
[2024-09-26T02:34:12.175+0000] {logging_mixin.py:190} INFO - [2024-09-26T02:34:12.175+0000] {dag.py:3229} INFO - Sync 1 DAGs
[2024-09-26T02:34:12.199+0000] {logging_mixin.py:190} INFO - [2024-09-26T02:34:12.199+0000] {dag.py:4156} INFO - Setting next_dagrun for schedule_with_cron_expression_v03 to 2024-09-12 03:00:00+00:00, run_after=2024-09-13 03:00:00+00:00
[2024-09-26T02:34:12.224+0000] {processor.py:208} INFO - Processing /opt/airflow/dags/deck_with_cron_expression.py took 0.147 seconds
[2024-09-26T02:34:43.390+0000] {processor.py:186} INFO - Started process (PID=143201) to work on /opt/airflow/dags/deck_with_cron_expression.py
[2024-09-26T02:34:43.392+0000] {processor.py:914} INFO - Processing file /opt/airflow/dags/deck_with_cron_expression.py for tasks to queue
[2024-09-26T02:34:43.394+0000] {logging_mixin.py:190} INFO - [2024-09-26T02:34:43.394+0000] {dagbag.py:587} INFO - Filling up the DagBag from /opt/airflow/dags/deck_with_cron_expression.py
[2024-09-26T02:34:43.498+0000] {processor.py:925} INFO - DAG(s) 'schedule_with_cron_expression_v03' retrieved from /opt/airflow/dags/deck_with_cron_expression.py
[2024-09-26T02:34:43.527+0000] {logging_mixin.py:190} INFO - [2024-09-26T02:34:43.527+0000] {dag.py:3229} INFO - Sync 1 DAGs
[2024-09-26T02:34:43.555+0000] {logging_mixin.py:190} INFO - [2024-09-26T02:34:43.554+0000] {dag.py:4156} INFO - Setting next_dagrun for schedule_with_cron_expression_v03 to 2024-09-12 03:00:00+00:00, run_after=2024-09-13 03:00:00+00:00
[2024-09-26T02:34:43.583+0000] {processor.py:208} INFO - Processing /opt/airflow/dags/deck_with_cron_expression.py took 0.205 seconds
[2024-09-26T02:35:14.481+0000] {processor.py:186} INFO - Started process (PID=143244) to work on /opt/airflow/dags/deck_with_cron_expression.py
[2024-09-26T02:35:14.483+0000] {processor.py:914} INFO - Processing file /opt/airflow/dags/deck_with_cron_expression.py for tasks to queue
[2024-09-26T02:35:14.485+0000] {logging_mixin.py:190} INFO - [2024-09-26T02:35:14.484+0000] {dagbag.py:587} INFO - Filling up the DagBag from /opt/airflow/dags/deck_with_cron_expression.py
[2024-09-26T02:35:14.583+0000] {processor.py:925} INFO - DAG(s) 'schedule_with_cron_expression_v03' retrieved from /opt/airflow/dags/deck_with_cron_expression.py
[2024-09-26T02:35:14.612+0000] {logging_mixin.py:190} INFO - [2024-09-26T02:35:14.611+0000] {dag.py:3229} INFO - Sync 1 DAGs
[2024-09-26T02:35:14.640+0000] {logging_mixin.py:190} INFO - [2024-09-26T02:35:14.640+0000] {dag.py:4156} INFO - Setting next_dagrun for schedule_with_cron_expression_v03 to 2024-09-12 03:00:00+00:00, run_after=2024-09-13 03:00:00+00:00
[2024-09-26T02:35:14.665+0000] {processor.py:208} INFO - Processing /opt/airflow/dags/deck_with_cron_expression.py took 0.190 seconds
[2024-09-26T02:35:45.175+0000] {processor.py:186} INFO - Started process (PID=143287) to work on /opt/airflow/dags/deck_with_cron_expression.py
[2024-09-26T02:35:45.176+0000] {processor.py:914} INFO - Processing file /opt/airflow/dags/deck_with_cron_expression.py for tasks to queue
[2024-09-26T02:35:45.179+0000] {logging_mixin.py:190} INFO - [2024-09-26T02:35:45.178+0000] {dagbag.py:587} INFO - Filling up the DagBag from /opt/airflow/dags/deck_with_cron_expression.py
[2024-09-26T02:35:45.252+0000] {processor.py:925} INFO - DAG(s) 'schedule_with_cron_expression_v03' retrieved from /opt/airflow/dags/deck_with_cron_expression.py
[2024-09-26T02:35:45.285+0000] {logging_mixin.py:190} INFO - [2024-09-26T02:35:45.285+0000] {dag.py:3229} INFO - Sync 1 DAGs
[2024-09-26T02:35:45.309+0000] {logging_mixin.py:190} INFO - [2024-09-26T02:35:45.309+0000] {dag.py:4156} INFO - Setting next_dagrun for schedule_with_cron_expression_v03 to 2024-09-12 03:00:00+00:00, run_after=2024-09-13 03:00:00+00:00
[2024-09-26T02:35:45.336+0000] {processor.py:208} INFO - Processing /opt/airflow/dags/deck_with_cron_expression.py took 0.168 seconds
[2024-09-26T02:36:15.999+0000] {processor.py:186} INFO - Started process (PID=143330) to work on /opt/airflow/dags/deck_with_cron_expression.py
[2024-09-26T02:36:16.001+0000] {processor.py:914} INFO - Processing file /opt/airflow/dags/deck_with_cron_expression.py for tasks to queue
[2024-09-26T02:36:16.003+0000] {logging_mixin.py:190} INFO - [2024-09-26T02:36:16.002+0000] {dagbag.py:587} INFO - Filling up the DagBag from /opt/airflow/dags/deck_with_cron_expression.py
[2024-09-26T02:36:16.101+0000] {processor.py:925} INFO - DAG(s) 'schedule_with_cron_expression_v03' retrieved from /opt/airflow/dags/deck_with_cron_expression.py
[2024-09-26T02:36:16.130+0000] {logging_mixin.py:190} INFO - [2024-09-26T02:36:16.129+0000] {dag.py:3229} INFO - Sync 1 DAGs
[2024-09-26T02:36:16.151+0000] {logging_mixin.py:190} INFO - [2024-09-26T02:36:16.151+0000] {dag.py:4156} INFO - Setting next_dagrun for schedule_with_cron_expression_v03 to 2024-09-12 03:00:00+00:00, run_after=2024-09-13 03:00:00+00:00
[2024-09-26T02:36:16.173+0000] {processor.py:208} INFO - Processing /opt/airflow/dags/deck_with_cron_expression.py took 0.182 seconds
[2024-09-26T02:36:46.833+0000] {processor.py:186} INFO - Started process (PID=143373) to work on /opt/airflow/dags/deck_with_cron_expression.py
[2024-09-26T02:36:46.835+0000] {processor.py:914} INFO - Processing file /opt/airflow/dags/deck_with_cron_expression.py for tasks to queue
[2024-09-26T02:36:46.837+0000] {logging_mixin.py:190} INFO - [2024-09-26T02:36:46.836+0000] {dagbag.py:587} INFO - Filling up the DagBag from /opt/airflow/dags/deck_with_cron_expression.py
[2024-09-26T02:36:46.915+0000] {processor.py:925} INFO - DAG(s) 'schedule_with_cron_expression_v03' retrieved from /opt/airflow/dags/deck_with_cron_expression.py
[2024-09-26T02:36:46.940+0000] {logging_mixin.py:190} INFO - [2024-09-26T02:36:46.939+0000] {dag.py:3229} INFO - Sync 1 DAGs
[2024-09-26T02:36:46.961+0000] {logging_mixin.py:190} INFO - [2024-09-26T02:36:46.961+0000] {dag.py:4156} INFO - Setting next_dagrun for schedule_with_cron_expression_v03 to 2024-09-12 03:00:00+00:00, run_after=2024-09-13 03:00:00+00:00
[2024-09-26T02:36:46.986+0000] {processor.py:208} INFO - Processing /opt/airflow/dags/deck_with_cron_expression.py took 0.158 seconds
[2024-09-26T02:37:17.439+0000] {processor.py:186} INFO - Started process (PID=143416) to work on /opt/airflow/dags/deck_with_cron_expression.py
[2024-09-26T02:37:17.440+0000] {processor.py:914} INFO - Processing file /opt/airflow/dags/deck_with_cron_expression.py for tasks to queue
[2024-09-26T02:37:17.442+0000] {logging_mixin.py:190} INFO - [2024-09-26T02:37:17.442+0000] {dagbag.py:587} INFO - Filling up the DagBag from /opt/airflow/dags/deck_with_cron_expression.py
[2024-09-26T02:37:17.521+0000] {processor.py:925} INFO - DAG(s) 'schedule_with_cron_expression_v03' retrieved from /opt/airflow/dags/deck_with_cron_expression.py
[2024-09-26T02:37:17.554+0000] {logging_mixin.py:190} INFO - [2024-09-26T02:37:17.554+0000] {dag.py:3229} INFO - Sync 1 DAGs
[2024-09-26T02:37:17.578+0000] {logging_mixin.py:190} INFO - [2024-09-26T02:37:17.578+0000] {dag.py:4156} INFO - Setting next_dagrun for schedule_with_cron_expression_v03 to 2024-09-12 03:00:00+00:00, run_after=2024-09-13 03:00:00+00:00
[2024-09-26T02:37:17.604+0000] {processor.py:208} INFO - Processing /opt/airflow/dags/deck_with_cron_expression.py took 0.171 seconds
[2024-09-26T02:37:47.898+0000] {processor.py:186} INFO - Started process (PID=143459) to work on /opt/airflow/dags/deck_with_cron_expression.py
[2024-09-26T02:37:47.900+0000] {processor.py:914} INFO - Processing file /opt/airflow/dags/deck_with_cron_expression.py for tasks to queue
[2024-09-26T02:37:47.902+0000] {logging_mixin.py:190} INFO - [2024-09-26T02:37:47.901+0000] {dagbag.py:587} INFO - Filling up the DagBag from /opt/airflow/dags/deck_with_cron_expression.py
[2024-09-26T02:37:47.983+0000] {processor.py:925} INFO - DAG(s) 'schedule_with_cron_expression_v03' retrieved from /opt/airflow/dags/deck_with_cron_expression.py
[2024-09-26T02:37:48.007+0000] {logging_mixin.py:190} INFO - [2024-09-26T02:37:48.007+0000] {dag.py:3229} INFO - Sync 1 DAGs
[2024-09-26T02:37:48.030+0000] {logging_mixin.py:190} INFO - [2024-09-26T02:37:48.030+0000] {dag.py:4156} INFO - Setting next_dagrun for schedule_with_cron_expression_v03 to 2024-09-12 03:00:00+00:00, run_after=2024-09-13 03:00:00+00:00
[2024-09-26T02:37:48.051+0000] {processor.py:208} INFO - Processing /opt/airflow/dags/deck_with_cron_expression.py took 0.159 seconds
[2024-09-26T02:38:18.488+0000] {processor.py:186} INFO - Started process (PID=143502) to work on /opt/airflow/dags/deck_with_cron_expression.py
[2024-09-26T02:38:18.490+0000] {processor.py:914} INFO - Processing file /opt/airflow/dags/deck_with_cron_expression.py for tasks to queue
[2024-09-26T02:38:18.491+0000] {logging_mixin.py:190} INFO - [2024-09-26T02:38:18.491+0000] {dagbag.py:587} INFO - Filling up the DagBag from /opt/airflow/dags/deck_with_cron_expression.py
[2024-09-26T02:38:18.585+0000] {processor.py:925} INFO - DAG(s) 'schedule_with_cron_expression_v03' retrieved from /opt/airflow/dags/deck_with_cron_expression.py
[2024-09-26T02:38:18.610+0000] {logging_mixin.py:190} INFO - [2024-09-26T02:38:18.610+0000] {dag.py:3229} INFO - Sync 1 DAGs
[2024-09-26T02:38:18.638+0000] {logging_mixin.py:190} INFO - [2024-09-26T02:38:18.637+0000] {dag.py:4156} INFO - Setting next_dagrun for schedule_with_cron_expression_v03 to 2024-09-12 03:00:00+00:00, run_after=2024-09-13 03:00:00+00:00
[2024-09-26T02:38:18.664+0000] {processor.py:208} INFO - Processing /opt/airflow/dags/deck_with_cron_expression.py took 0.185 seconds
[2024-09-26T02:38:49.163+0000] {processor.py:186} INFO - Started process (PID=143545) to work on /opt/airflow/dags/deck_with_cron_expression.py
[2024-09-26T02:38:49.165+0000] {processor.py:914} INFO - Processing file /opt/airflow/dags/deck_with_cron_expression.py for tasks to queue
[2024-09-26T02:38:49.169+0000] {logging_mixin.py:190} INFO - [2024-09-26T02:38:49.168+0000] {dagbag.py:587} INFO - Filling up the DagBag from /opt/airflow/dags/deck_with_cron_expression.py
[2024-09-26T02:38:49.273+0000] {processor.py:925} INFO - DAG(s) 'schedule_with_cron_expression_v03' retrieved from /opt/airflow/dags/deck_with_cron_expression.py
[2024-09-26T02:38:49.301+0000] {logging_mixin.py:190} INFO - [2024-09-26T02:38:49.301+0000] {dag.py:3229} INFO - Sync 1 DAGs
[2024-09-26T02:38:49.326+0000] {logging_mixin.py:190} INFO - [2024-09-26T02:38:49.326+0000] {dag.py:4156} INFO - Setting next_dagrun for schedule_with_cron_expression_v03 to 2024-09-12 03:00:00+00:00, run_after=2024-09-13 03:00:00+00:00
[2024-09-26T02:38:49.351+0000] {processor.py:208} INFO - Processing /opt/airflow/dags/deck_with_cron_expression.py took 0.197 seconds
[2024-09-26T02:39:19.757+0000] {processor.py:186} INFO - Started process (PID=143588) to work on /opt/airflow/dags/deck_with_cron_expression.py
[2024-09-26T02:39:19.759+0000] {processor.py:914} INFO - Processing file /opt/airflow/dags/deck_with_cron_expression.py for tasks to queue
[2024-09-26T02:39:19.763+0000] {logging_mixin.py:190} INFO - [2024-09-26T02:39:19.762+0000] {dagbag.py:587} INFO - Filling up the DagBag from /opt/airflow/dags/deck_with_cron_expression.py
[2024-09-26T02:39:19.863+0000] {processor.py:925} INFO - DAG(s) 'schedule_with_cron_expression_v03' retrieved from /opt/airflow/dags/deck_with_cron_expression.py
[2024-09-26T02:39:19.886+0000] {logging_mixin.py:190} INFO - [2024-09-26T02:39:19.885+0000] {dag.py:3229} INFO - Sync 1 DAGs
[2024-09-26T02:39:19.908+0000] {logging_mixin.py:190} INFO - [2024-09-26T02:39:19.908+0000] {dag.py:4156} INFO - Setting next_dagrun for schedule_with_cron_expression_v03 to 2024-09-12 03:00:00+00:00, run_after=2024-09-13 03:00:00+00:00
[2024-09-26T02:39:19.933+0000] {processor.py:208} INFO - Processing /opt/airflow/dags/deck_with_cron_expression.py took 0.188 seconds
[2024-09-26T02:39:50.519+0000] {processor.py:186} INFO - Started process (PID=143631) to work on /opt/airflow/dags/deck_with_cron_expression.py
[2024-09-26T02:39:50.521+0000] {processor.py:914} INFO - Processing file /opt/airflow/dags/deck_with_cron_expression.py for tasks to queue
[2024-09-26T02:39:50.524+0000] {logging_mixin.py:190} INFO - [2024-09-26T02:39:50.523+0000] {dagbag.py:587} INFO - Filling up the DagBag from /opt/airflow/dags/deck_with_cron_expression.py
[2024-09-26T02:39:50.632+0000] {processor.py:925} INFO - DAG(s) 'schedule_with_cron_expression_v03' retrieved from /opt/airflow/dags/deck_with_cron_expression.py
[2024-09-26T02:39:50.659+0000] {logging_mixin.py:190} INFO - [2024-09-26T02:39:50.659+0000] {dag.py:3229} INFO - Sync 1 DAGs
[2024-09-26T02:39:50.680+0000] {logging_mixin.py:190} INFO - [2024-09-26T02:39:50.680+0000] {dag.py:4156} INFO - Setting next_dagrun for schedule_with_cron_expression_v03 to 2024-09-12 03:00:00+00:00, run_after=2024-09-13 03:00:00+00:00
[2024-09-26T02:39:50.705+0000] {processor.py:208} INFO - Processing /opt/airflow/dags/deck_with_cron_expression.py took 0.200 seconds
[2024-09-26T02:40:21.827+0000] {processor.py:186} INFO - Started process (PID=143674) to work on /opt/airflow/dags/deck_with_cron_expression.py
[2024-09-26T02:40:21.829+0000] {processor.py:914} INFO - Processing file /opt/airflow/dags/deck_with_cron_expression.py for tasks to queue
[2024-09-26T02:40:21.831+0000] {logging_mixin.py:190} INFO - [2024-09-26T02:40:21.831+0000] {dagbag.py:587} INFO - Filling up the DagBag from /opt/airflow/dags/deck_with_cron_expression.py
[2024-09-26T02:40:21.936+0000] {processor.py:925} INFO - DAG(s) 'schedule_with_cron_expression_v03' retrieved from /opt/airflow/dags/deck_with_cron_expression.py
[2024-09-26T02:40:21.959+0000] {logging_mixin.py:190} INFO - [2024-09-26T02:40:21.959+0000] {dag.py:3229} INFO - Sync 1 DAGs
[2024-09-26T02:40:21.982+0000] {logging_mixin.py:190} INFO - [2024-09-26T02:40:21.982+0000] {dag.py:4156} INFO - Setting next_dagrun for schedule_with_cron_expression_v03 to 2024-09-12 03:00:00+00:00, run_after=2024-09-13 03:00:00+00:00
[2024-09-26T02:40:22.007+0000] {processor.py:208} INFO - Processing /opt/airflow/dags/deck_with_cron_expression.py took 0.190 seconds
[2024-09-26T02:40:52.617+0000] {processor.py:186} INFO - Started process (PID=143717) to work on /opt/airflow/dags/deck_with_cron_expression.py
[2024-09-26T02:40:52.620+0000] {processor.py:914} INFO - Processing file /opt/airflow/dags/deck_with_cron_expression.py for tasks to queue
[2024-09-26T02:40:52.623+0000] {logging_mixin.py:190} INFO - [2024-09-26T02:40:52.622+0000] {dagbag.py:587} INFO - Filling up the DagBag from /opt/airflow/dags/deck_with_cron_expression.py
[2024-09-26T02:40:52.718+0000] {processor.py:925} INFO - DAG(s) 'schedule_with_cron_expression_v03' retrieved from /opt/airflow/dags/deck_with_cron_expression.py
[2024-09-26T02:40:52.742+0000] {logging_mixin.py:190} INFO - [2024-09-26T02:40:52.742+0000] {dag.py:3229} INFO - Sync 1 DAGs
[2024-09-26T02:40:52.765+0000] {logging_mixin.py:190} INFO - [2024-09-26T02:40:52.765+0000] {dag.py:4156} INFO - Setting next_dagrun for schedule_with_cron_expression_v03 to 2024-09-12 03:00:00+00:00, run_after=2024-09-13 03:00:00+00:00
[2024-09-26T02:40:52.786+0000] {processor.py:208} INFO - Processing /opt/airflow/dags/deck_with_cron_expression.py took 0.179 seconds
[2024-09-26T02:41:23.284+0000] {processor.py:186} INFO - Started process (PID=143760) to work on /opt/airflow/dags/deck_with_cron_expression.py
[2024-09-26T02:41:23.286+0000] {processor.py:914} INFO - Processing file /opt/airflow/dags/deck_with_cron_expression.py for tasks to queue
[2024-09-26T02:41:23.289+0000] {logging_mixin.py:190} INFO - [2024-09-26T02:41:23.288+0000] {dagbag.py:587} INFO - Filling up the DagBag from /opt/airflow/dags/deck_with_cron_expression.py
[2024-09-26T02:41:23.404+0000] {processor.py:925} INFO - DAG(s) 'schedule_with_cron_expression_v03' retrieved from /opt/airflow/dags/deck_with_cron_expression.py
[2024-09-26T02:41:23.433+0000] {logging_mixin.py:190} INFO - [2024-09-26T02:41:23.433+0000] {dag.py:3229} INFO - Sync 1 DAGs
[2024-09-26T02:41:23.456+0000] {logging_mixin.py:190} INFO - [2024-09-26T02:41:23.456+0000] {dag.py:4156} INFO - Setting next_dagrun for schedule_with_cron_expression_v03 to 2024-09-12 03:00:00+00:00, run_after=2024-09-13 03:00:00+00:00
[2024-09-26T02:41:23.490+0000] {processor.py:208} INFO - Processing /opt/airflow/dags/deck_with_cron_expression.py took 0.212 seconds
[2024-09-26T02:41:53.888+0000] {processor.py:186} INFO - Started process (PID=143803) to work on /opt/airflow/dags/deck_with_cron_expression.py
[2024-09-26T02:41:53.890+0000] {processor.py:914} INFO - Processing file /opt/airflow/dags/deck_with_cron_expression.py for tasks to queue
[2024-09-26T02:41:53.892+0000] {logging_mixin.py:190} INFO - [2024-09-26T02:41:53.892+0000] {dagbag.py:587} INFO - Filling up the DagBag from /opt/airflow/dags/deck_with_cron_expression.py
[2024-09-26T02:41:53.975+0000] {processor.py:925} INFO - DAG(s) 'schedule_with_cron_expression_v03' retrieved from /opt/airflow/dags/deck_with_cron_expression.py
[2024-09-26T02:41:54.000+0000] {logging_mixin.py:190} INFO - [2024-09-26T02:41:54.000+0000] {dag.py:3229} INFO - Sync 1 DAGs
[2024-09-26T02:41:54.026+0000] {logging_mixin.py:190} INFO - [2024-09-26T02:41:54.026+0000] {dag.py:4156} INFO - Setting next_dagrun for schedule_with_cron_expression_v03 to 2024-09-12 03:00:00+00:00, run_after=2024-09-13 03:00:00+00:00
[2024-09-26T02:41:54.053+0000] {processor.py:208} INFO - Processing /opt/airflow/dags/deck_with_cron_expression.py took 0.170 seconds
[2024-09-26T02:42:24.619+0000] {processor.py:186} INFO - Started process (PID=143846) to work on /opt/airflow/dags/deck_with_cron_expression.py
[2024-09-26T02:42:24.620+0000] {processor.py:914} INFO - Processing file /opt/airflow/dags/deck_with_cron_expression.py for tasks to queue
[2024-09-26T02:42:24.623+0000] {logging_mixin.py:190} INFO - [2024-09-26T02:42:24.622+0000] {dagbag.py:587} INFO - Filling up the DagBag from /opt/airflow/dags/deck_with_cron_expression.py
[2024-09-26T02:42:24.710+0000] {processor.py:925} INFO - DAG(s) 'schedule_with_cron_expression_v03' retrieved from /opt/airflow/dags/deck_with_cron_expression.py
[2024-09-26T02:42:24.734+0000] {logging_mixin.py:190} INFO - [2024-09-26T02:42:24.733+0000] {dag.py:3229} INFO - Sync 1 DAGs
[2024-09-26T02:42:24.754+0000] {logging_mixin.py:190} INFO - [2024-09-26T02:42:24.753+0000] {dag.py:4156} INFO - Setting next_dagrun for schedule_with_cron_expression_v03 to 2024-09-12 03:00:00+00:00, run_after=2024-09-13 03:00:00+00:00
[2024-09-26T02:42:24.780+0000] {processor.py:208} INFO - Processing /opt/airflow/dags/deck_with_cron_expression.py took 0.169 seconds
[2024-09-26T02:42:55.281+0000] {processor.py:186} INFO - Started process (PID=143889) to work on /opt/airflow/dags/deck_with_cron_expression.py
[2024-09-26T02:42:55.282+0000] {processor.py:914} INFO - Processing file /opt/airflow/dags/deck_with_cron_expression.py for tasks to queue
[2024-09-26T02:42:55.285+0000] {logging_mixin.py:190} INFO - [2024-09-26T02:42:55.285+0000] {dagbag.py:587} INFO - Filling up the DagBag from /opt/airflow/dags/deck_with_cron_expression.py
[2024-09-26T02:42:55.379+0000] {processor.py:925} INFO - DAG(s) 'schedule_with_cron_expression_v03' retrieved from /opt/airflow/dags/deck_with_cron_expression.py
[2024-09-26T02:42:55.407+0000] {logging_mixin.py:190} INFO - [2024-09-26T02:42:55.407+0000] {dag.py:3229} INFO - Sync 1 DAGs
[2024-09-26T02:42:55.431+0000] {logging_mixin.py:190} INFO - [2024-09-26T02:42:55.431+0000] {dag.py:4156} INFO - Setting next_dagrun for schedule_with_cron_expression_v03 to 2024-09-12 03:00:00+00:00, run_after=2024-09-13 03:00:00+00:00
[2024-09-26T02:42:55.460+0000] {processor.py:208} INFO - Processing /opt/airflow/dags/deck_with_cron_expression.py took 0.189 seconds
[2024-09-26T02:43:25.935+0000] {processor.py:186} INFO - Started process (PID=143932) to work on /opt/airflow/dags/deck_with_cron_expression.py
[2024-09-26T02:43:25.937+0000] {processor.py:914} INFO - Processing file /opt/airflow/dags/deck_with_cron_expression.py for tasks to queue
[2024-09-26T02:43:25.939+0000] {logging_mixin.py:190} INFO - [2024-09-26T02:43:25.938+0000] {dagbag.py:587} INFO - Filling up the DagBag from /opt/airflow/dags/deck_with_cron_expression.py
[2024-09-26T02:43:26.022+0000] {processor.py:925} INFO - DAG(s) 'schedule_with_cron_expression_v03' retrieved from /opt/airflow/dags/deck_with_cron_expression.py
[2024-09-26T02:43:26.054+0000] {logging_mixin.py:190} INFO - [2024-09-26T02:43:26.054+0000] {dag.py:3229} INFO - Sync 1 DAGs
[2024-09-26T02:43:26.078+0000] {logging_mixin.py:190} INFO - [2024-09-26T02:43:26.078+0000] {dag.py:4156} INFO - Setting next_dagrun for schedule_with_cron_expression_v03 to 2024-09-12 03:00:00+00:00, run_after=2024-09-13 03:00:00+00:00
[2024-09-26T02:43:26.101+0000] {processor.py:208} INFO - Processing /opt/airflow/dags/deck_with_cron_expression.py took 0.176 seconds
[2024-09-26T02:43:56.624+0000] {processor.py:186} INFO - Started process (PID=143975) to work on /opt/airflow/dags/deck_with_cron_expression.py
[2024-09-26T02:43:56.626+0000] {processor.py:914} INFO - Processing file /opt/airflow/dags/deck_with_cron_expression.py for tasks to queue
[2024-09-26T02:43:56.629+0000] {logging_mixin.py:190} INFO - [2024-09-26T02:43:56.628+0000] {dagbag.py:587} INFO - Filling up the DagBag from /opt/airflow/dags/deck_with_cron_expression.py
[2024-09-26T02:43:56.718+0000] {processor.py:925} INFO - DAG(s) 'schedule_with_cron_expression_v03' retrieved from /opt/airflow/dags/deck_with_cron_expression.py
[2024-09-26T02:43:56.747+0000] {logging_mixin.py:190} INFO - [2024-09-26T02:43:56.746+0000] {dag.py:3229} INFO - Sync 1 DAGs
[2024-09-26T02:43:56.771+0000] {logging_mixin.py:190} INFO - [2024-09-26T02:43:56.770+0000] {dag.py:4156} INFO - Setting next_dagrun for schedule_with_cron_expression_v03 to 2024-09-12 03:00:00+00:00, run_after=2024-09-13 03:00:00+00:00
[2024-09-26T02:43:56.804+0000] {processor.py:208} INFO - Processing /opt/airflow/dags/deck_with_cron_expression.py took 0.186 seconds
[2024-09-26T02:44:27.315+0000] {processor.py:186} INFO - Started process (PID=144018) to work on /opt/airflow/dags/deck_with_cron_expression.py
[2024-09-26T02:44:27.317+0000] {processor.py:914} INFO - Processing file /opt/airflow/dags/deck_with_cron_expression.py for tasks to queue
[2024-09-26T02:44:27.319+0000] {logging_mixin.py:190} INFO - [2024-09-26T02:44:27.319+0000] {dagbag.py:587} INFO - Filling up the DagBag from /opt/airflow/dags/deck_with_cron_expression.py
[2024-09-26T02:44:27.430+0000] {processor.py:925} INFO - DAG(s) 'schedule_with_cron_expression_v03' retrieved from /opt/airflow/dags/deck_with_cron_expression.py
[2024-09-26T02:44:27.459+0000] {logging_mixin.py:190} INFO - [2024-09-26T02:44:27.458+0000] {dag.py:3229} INFO - Sync 1 DAGs
[2024-09-26T02:44:27.479+0000] {logging_mixin.py:190} INFO - [2024-09-26T02:44:27.479+0000] {dag.py:4156} INFO - Setting next_dagrun for schedule_with_cron_expression_v03 to 2024-09-12 03:00:00+00:00, run_after=2024-09-13 03:00:00+00:00
[2024-09-26T02:44:27.504+0000] {processor.py:208} INFO - Processing /opt/airflow/dags/deck_with_cron_expression.py took 0.194 seconds
[2024-09-26T02:44:58.820+0000] {processor.py:186} INFO - Started process (PID=144061) to work on /opt/airflow/dags/deck_with_cron_expression.py
[2024-09-26T02:44:58.822+0000] {processor.py:914} INFO - Processing file /opt/airflow/dags/deck_with_cron_expression.py for tasks to queue
[2024-09-26T02:44:58.824+0000] {logging_mixin.py:190} INFO - [2024-09-26T02:44:58.824+0000] {dagbag.py:587} INFO - Filling up the DagBag from /opt/airflow/dags/deck_with_cron_expression.py
[2024-09-26T02:44:58.936+0000] {processor.py:925} INFO - DAG(s) 'schedule_with_cron_expression_v03' retrieved from /opt/airflow/dags/deck_with_cron_expression.py
[2024-09-26T02:44:58.964+0000] {logging_mixin.py:190} INFO - [2024-09-26T02:44:58.964+0000] {dag.py:3229} INFO - Sync 1 DAGs
[2024-09-26T02:44:58.988+0000] {logging_mixin.py:190} INFO - [2024-09-26T02:44:58.988+0000] {dag.py:4156} INFO - Setting next_dagrun for schedule_with_cron_expression_v03 to 2024-09-12 03:00:00+00:00, run_after=2024-09-13 03:00:00+00:00
[2024-09-26T02:44:59.015+0000] {processor.py:208} INFO - Processing /opt/airflow/dags/deck_with_cron_expression.py took 0.203 seconds
[2024-09-26T02:45:29.855+0000] {processor.py:186} INFO - Started process (PID=144104) to work on /opt/airflow/dags/deck_with_cron_expression.py
[2024-09-26T02:45:29.856+0000] {processor.py:914} INFO - Processing file /opt/airflow/dags/deck_with_cron_expression.py for tasks to queue
[2024-09-26T02:45:29.858+0000] {logging_mixin.py:190} INFO - [2024-09-26T02:45:29.858+0000] {dagbag.py:587} INFO - Filling up the DagBag from /opt/airflow/dags/deck_with_cron_expression.py
[2024-09-26T02:45:29.956+0000] {processor.py:925} INFO - DAG(s) 'schedule_with_cron_expression_v03' retrieved from /opt/airflow/dags/deck_with_cron_expression.py
[2024-09-26T02:45:29.981+0000] {logging_mixin.py:190} INFO - [2024-09-26T02:45:29.981+0000] {dag.py:3229} INFO - Sync 1 DAGs
[2024-09-26T02:45:30.004+0000] {logging_mixin.py:190} INFO - [2024-09-26T02:45:30.004+0000] {dag.py:4156} INFO - Setting next_dagrun for schedule_with_cron_expression_v03 to 2024-09-12 03:00:00+00:00, run_after=2024-09-13 03:00:00+00:00
[2024-09-26T02:45:30.030+0000] {processor.py:208} INFO - Processing /opt/airflow/dags/deck_with_cron_expression.py took 0.185 seconds
[2024-09-26T02:46:00.632+0000] {processor.py:186} INFO - Started process (PID=144147) to work on /opt/airflow/dags/deck_with_cron_expression.py
[2024-09-26T02:46:00.634+0000] {processor.py:914} INFO - Processing file /opt/airflow/dags/deck_with_cron_expression.py for tasks to queue
[2024-09-26T02:46:00.636+0000] {logging_mixin.py:190} INFO - [2024-09-26T02:46:00.635+0000] {dagbag.py:587} INFO - Filling up the DagBag from /opt/airflow/dags/deck_with_cron_expression.py
[2024-09-26T02:46:00.724+0000] {processor.py:925} INFO - DAG(s) 'schedule_with_cron_expression_v03' retrieved from /opt/airflow/dags/deck_with_cron_expression.py
[2024-09-26T02:46:00.751+0000] {logging_mixin.py:190} INFO - [2024-09-26T02:46:00.751+0000] {dag.py:3229} INFO - Sync 1 DAGs
[2024-09-26T02:46:00.772+0000] {logging_mixin.py:190} INFO - [2024-09-26T02:46:00.772+0000] {dag.py:4156} INFO - Setting next_dagrun for schedule_with_cron_expression_v03 to 2024-09-12 03:00:00+00:00, run_after=2024-09-13 03:00:00+00:00
[2024-09-26T02:46:00.795+0000] {processor.py:208} INFO - Processing /opt/airflow/dags/deck_with_cron_expression.py took 0.169 seconds
[2024-09-26T02:46:31.557+0000] {processor.py:186} INFO - Started process (PID=144190) to work on /opt/airflow/dags/deck_with_cron_expression.py
[2024-09-26T02:46:31.559+0000] {processor.py:914} INFO - Processing file /opt/airflow/dags/deck_with_cron_expression.py for tasks to queue
[2024-09-26T02:46:31.561+0000] {logging_mixin.py:190} INFO - [2024-09-26T02:46:31.560+0000] {dagbag.py:587} INFO - Filling up the DagBag from /opt/airflow/dags/deck_with_cron_expression.py
[2024-09-26T02:46:31.637+0000] {processor.py:925} INFO - DAG(s) 'schedule_with_cron_expression_v03' retrieved from /opt/airflow/dags/deck_with_cron_expression.py
[2024-09-26T02:46:31.665+0000] {logging_mixin.py:190} INFO - [2024-09-26T02:46:31.665+0000] {dag.py:3229} INFO - Sync 1 DAGs
[2024-09-26T02:46:31.686+0000] {logging_mixin.py:190} INFO - [2024-09-26T02:46:31.686+0000] {dag.py:4156} INFO - Setting next_dagrun for schedule_with_cron_expression_v03 to 2024-09-12 03:00:00+00:00, run_after=2024-09-13 03:00:00+00:00
[2024-09-26T02:46:31.709+0000] {processor.py:208} INFO - Processing /opt/airflow/dags/deck_with_cron_expression.py took 0.156 seconds
[2024-09-26T02:47:02.158+0000] {processor.py:186} INFO - Started process (PID=144233) to work on /opt/airflow/dags/deck_with_cron_expression.py
[2024-09-26T02:47:02.160+0000] {processor.py:914} INFO - Processing file /opt/airflow/dags/deck_with_cron_expression.py for tasks to queue
[2024-09-26T02:47:02.162+0000] {logging_mixin.py:190} INFO - [2024-09-26T02:47:02.162+0000] {dagbag.py:587} INFO - Filling up the DagBag from /opt/airflow/dags/deck_with_cron_expression.py
[2024-09-26T02:47:02.265+0000] {processor.py:925} INFO - DAG(s) 'schedule_with_cron_expression_v03' retrieved from /opt/airflow/dags/deck_with_cron_expression.py
[2024-09-26T02:47:02.292+0000] {logging_mixin.py:190} INFO - [2024-09-26T02:47:02.292+0000] {dag.py:3229} INFO - Sync 1 DAGs
[2024-09-26T02:47:02.312+0000] {logging_mixin.py:190} INFO - [2024-09-26T02:47:02.312+0000] {dag.py:4156} INFO - Setting next_dagrun for schedule_with_cron_expression_v03 to 2024-09-12 03:00:00+00:00, run_after=2024-09-13 03:00:00+00:00
[2024-09-26T02:47:02.338+0000] {processor.py:208} INFO - Processing /opt/airflow/dags/deck_with_cron_expression.py took 0.189 seconds
[2024-09-26T02:47:33.099+0000] {processor.py:186} INFO - Started process (PID=144276) to work on /opt/airflow/dags/deck_with_cron_expression.py
[2024-09-26T02:47:33.101+0000] {processor.py:914} INFO - Processing file /opt/airflow/dags/deck_with_cron_expression.py for tasks to queue
[2024-09-26T02:47:33.104+0000] {logging_mixin.py:190} INFO - [2024-09-26T02:47:33.104+0000] {dagbag.py:587} INFO - Filling up the DagBag from /opt/airflow/dags/deck_with_cron_expression.py
[2024-09-26T02:47:33.231+0000] {processor.py:925} INFO - DAG(s) 'schedule_with_cron_expression_v03' retrieved from /opt/airflow/dags/deck_with_cron_expression.py
[2024-09-26T02:47:33.263+0000] {logging_mixin.py:190} INFO - [2024-09-26T02:47:33.263+0000] {dag.py:3229} INFO - Sync 1 DAGs
[2024-09-26T02:47:33.286+0000] {logging_mixin.py:190} INFO - [2024-09-26T02:47:33.286+0000] {dag.py:4156} INFO - Setting next_dagrun for schedule_with_cron_expression_v03 to 2024-09-12 03:00:00+00:00, run_after=2024-09-13 03:00:00+00:00
[2024-09-26T02:47:33.308+0000] {processor.py:208} INFO - Processing /opt/airflow/dags/deck_with_cron_expression.py took 0.219 seconds
[2024-09-26T02:48:04.150+0000] {processor.py:186} INFO - Started process (PID=144319) to work on /opt/airflow/dags/deck_with_cron_expression.py
[2024-09-26T02:48:04.151+0000] {processor.py:914} INFO - Processing file /opt/airflow/dags/deck_with_cron_expression.py for tasks to queue
[2024-09-26T02:48:04.153+0000] {logging_mixin.py:190} INFO - [2024-09-26T02:48:04.153+0000] {dagbag.py:587} INFO - Filling up the DagBag from /opt/airflow/dags/deck_with_cron_expression.py
[2024-09-26T02:48:04.227+0000] {processor.py:925} INFO - DAG(s) 'schedule_with_cron_expression_v03' retrieved from /opt/airflow/dags/deck_with_cron_expression.py
[2024-09-26T02:48:04.252+0000] {logging_mixin.py:190} INFO - [2024-09-26T02:48:04.252+0000] {dag.py:3229} INFO - Sync 1 DAGs
[2024-09-26T02:48:04.276+0000] {logging_mixin.py:190} INFO - [2024-09-26T02:48:04.276+0000] {dag.py:4156} INFO - Setting next_dagrun for schedule_with_cron_expression_v03 to 2024-09-12 03:00:00+00:00, run_after=2024-09-13 03:00:00+00:00
[2024-09-26T02:48:04.299+0000] {processor.py:208} INFO - Processing /opt/airflow/dags/deck_with_cron_expression.py took 0.157 seconds
[2024-09-26T02:48:35.148+0000] {processor.py:186} INFO - Started process (PID=144362) to work on /opt/airflow/dags/deck_with_cron_expression.py
[2024-09-26T02:48:35.150+0000] {processor.py:914} INFO - Processing file /opt/airflow/dags/deck_with_cron_expression.py for tasks to queue
[2024-09-26T02:48:35.153+0000] {logging_mixin.py:190} INFO - [2024-09-26T02:48:35.152+0000] {dagbag.py:587} INFO - Filling up the DagBag from /opt/airflow/dags/deck_with_cron_expression.py
[2024-09-26T02:48:35.244+0000] {processor.py:925} INFO - DAG(s) 'schedule_with_cron_expression_v03' retrieved from /opt/airflow/dags/deck_with_cron_expression.py
[2024-09-26T02:48:35.269+0000] {logging_mixin.py:190} INFO - [2024-09-26T02:48:35.269+0000] {dag.py:3229} INFO - Sync 1 DAGs
[2024-09-26T02:48:35.289+0000] {logging_mixin.py:190} INFO - [2024-09-26T02:48:35.289+0000] {dag.py:4156} INFO - Setting next_dagrun for schedule_with_cron_expression_v03 to 2024-09-12 03:00:00+00:00, run_after=2024-09-13 03:00:00+00:00
[2024-09-26T02:48:35.311+0000] {processor.py:208} INFO - Processing /opt/airflow/dags/deck_with_cron_expression.py took 0.171 seconds
[2024-09-26T02:49:06.139+0000] {processor.py:186} INFO - Started process (PID=144405) to work on /opt/airflow/dags/deck_with_cron_expression.py
[2024-09-26T02:49:06.141+0000] {processor.py:914} INFO - Processing file /opt/airflow/dags/deck_with_cron_expression.py for tasks to queue
[2024-09-26T02:49:06.143+0000] {logging_mixin.py:190} INFO - [2024-09-26T02:49:06.142+0000] {dagbag.py:587} INFO - Filling up the DagBag from /opt/airflow/dags/deck_with_cron_expression.py
[2024-09-26T02:49:06.323+0000] {processor.py:925} INFO - DAG(s) 'schedule_with_cron_expression_v03' retrieved from /opt/airflow/dags/deck_with_cron_expression.py
[2024-09-26T02:49:06.359+0000] {logging_mixin.py:190} INFO - [2024-09-26T02:49:06.359+0000] {dag.py:3229} INFO - Sync 1 DAGs
[2024-09-26T02:49:06.384+0000] {logging_mixin.py:190} INFO - [2024-09-26T02:49:06.383+0000] {dag.py:4156} INFO - Setting next_dagrun for schedule_with_cron_expression_v03 to 2024-09-12 03:00:00+00:00, run_after=2024-09-13 03:00:00+00:00
[2024-09-26T02:49:06.412+0000] {processor.py:208} INFO - Processing /opt/airflow/dags/deck_with_cron_expression.py took 0.282 seconds
[2024-09-26T02:49:37.233+0000] {processor.py:186} INFO - Started process (PID=144448) to work on /opt/airflow/dags/deck_with_cron_expression.py
[2024-09-26T02:49:37.234+0000] {processor.py:914} INFO - Processing file /opt/airflow/dags/deck_with_cron_expression.py for tasks to queue
[2024-09-26T02:49:37.237+0000] {logging_mixin.py:190} INFO - [2024-09-26T02:49:37.236+0000] {dagbag.py:587} INFO - Filling up the DagBag from /opt/airflow/dags/deck_with_cron_expression.py
[2024-09-26T02:49:37.343+0000] {processor.py:925} INFO - DAG(s) 'schedule_with_cron_expression_v03' retrieved from /opt/airflow/dags/deck_with_cron_expression.py
[2024-09-26T02:49:37.374+0000] {logging_mixin.py:190} INFO - [2024-09-26T02:49:37.374+0000] {dag.py:3229} INFO - Sync 1 DAGs
[2024-09-26T02:49:37.399+0000] {logging_mixin.py:190} INFO - [2024-09-26T02:49:37.399+0000] {dag.py:4156} INFO - Setting next_dagrun for schedule_with_cron_expression_v03 to 2024-09-12 03:00:00+00:00, run_after=2024-09-13 03:00:00+00:00
[2024-09-26T02:49:37.425+0000] {processor.py:208} INFO - Processing /opt/airflow/dags/deck_with_cron_expression.py took 0.197 seconds
[2024-09-26T02:50:07.747+0000] {processor.py:186} INFO - Started process (PID=144491) to work on /opt/airflow/dags/deck_with_cron_expression.py
[2024-09-26T02:50:07.748+0000] {processor.py:914} INFO - Processing file /opt/airflow/dags/deck_with_cron_expression.py for tasks to queue
[2024-09-26T02:50:07.750+0000] {logging_mixin.py:190} INFO - [2024-09-26T02:50:07.750+0000] {dagbag.py:587} INFO - Filling up the DagBag from /opt/airflow/dags/deck_with_cron_expression.py
[2024-09-26T02:50:07.845+0000] {processor.py:925} INFO - DAG(s) 'schedule_with_cron_expression_v03' retrieved from /opt/airflow/dags/deck_with_cron_expression.py
[2024-09-26T02:50:07.870+0000] {logging_mixin.py:190} INFO - [2024-09-26T02:50:07.870+0000] {dag.py:3229} INFO - Sync 1 DAGs
[2024-09-26T02:50:07.896+0000] {logging_mixin.py:190} INFO - [2024-09-26T02:50:07.895+0000] {dag.py:4156} INFO - Setting next_dagrun for schedule_with_cron_expression_v03 to 2024-09-12 03:00:00+00:00, run_after=2024-09-13 03:00:00+00:00
[2024-09-26T02:50:07.918+0000] {processor.py:208} INFO - Processing /opt/airflow/dags/deck_with_cron_expression.py took 0.176 seconds
[2024-09-26T02:50:38.419+0000] {processor.py:186} INFO - Started process (PID=144534) to work on /opt/airflow/dags/deck_with_cron_expression.py
[2024-09-26T02:50:38.421+0000] {processor.py:914} INFO - Processing file /opt/airflow/dags/deck_with_cron_expression.py for tasks to queue
[2024-09-26T02:50:38.423+0000] {logging_mixin.py:190} INFO - [2024-09-26T02:50:38.423+0000] {dagbag.py:587} INFO - Filling up the DagBag from /opt/airflow/dags/deck_with_cron_expression.py
[2024-09-26T02:50:38.533+0000] {processor.py:925} INFO - DAG(s) 'schedule_with_cron_expression_v03' retrieved from /opt/airflow/dags/deck_with_cron_expression.py
[2024-09-26T02:50:38.569+0000] {logging_mixin.py:190} INFO - [2024-09-26T02:50:38.569+0000] {dag.py:3229} INFO - Sync 1 DAGs
[2024-09-26T02:50:38.594+0000] {logging_mixin.py:190} INFO - [2024-09-26T02:50:38.594+0000] {dag.py:4156} INFO - Setting next_dagrun for schedule_with_cron_expression_v03 to 2024-09-12 03:00:00+00:00, run_after=2024-09-13 03:00:00+00:00
[2024-09-26T02:50:38.622+0000] {processor.py:208} INFO - Processing /opt/airflow/dags/deck_with_cron_expression.py took 0.209 seconds
[2024-09-26T02:51:09.245+0000] {processor.py:186} INFO - Started process (PID=144579) to work on /opt/airflow/dags/deck_with_cron_expression.py
[2024-09-26T02:51:09.249+0000] {processor.py:914} INFO - Processing file /opt/airflow/dags/deck_with_cron_expression.py for tasks to queue
[2024-09-26T02:51:09.252+0000] {logging_mixin.py:190} INFO - [2024-09-26T02:51:09.252+0000] {dagbag.py:587} INFO - Filling up the DagBag from /opt/airflow/dags/deck_with_cron_expression.py
[2024-09-26T02:51:09.386+0000] {processor.py:925} INFO - DAG(s) 'schedule_with_cron_expression_v03' retrieved from /opt/airflow/dags/deck_with_cron_expression.py
[2024-09-26T02:51:09.438+0000] {logging_mixin.py:190} INFO - [2024-09-26T02:51:09.437+0000] {dag.py:3229} INFO - Sync 1 DAGs
[2024-09-26T02:51:09.463+0000] {logging_mixin.py:190} INFO - [2024-09-26T02:51:09.463+0000] {dag.py:4156} INFO - Setting next_dagrun for schedule_with_cron_expression_v03 to 2024-09-12 03:00:00+00:00, run_after=2024-09-13 03:00:00+00:00
[2024-09-26T02:51:09.487+0000] {processor.py:208} INFO - Processing /opt/airflow/dags/deck_with_cron_expression.py took 0.253 seconds
[2024-09-26T02:51:40.055+0000] {processor.py:186} INFO - Started process (PID=144620) to work on /opt/airflow/dags/deck_with_cron_expression.py
[2024-09-26T02:51:40.057+0000] {processor.py:914} INFO - Processing file /opt/airflow/dags/deck_with_cron_expression.py for tasks to queue
[2024-09-26T02:51:40.060+0000] {logging_mixin.py:190} INFO - [2024-09-26T02:51:40.059+0000] {dagbag.py:587} INFO - Filling up the DagBag from /opt/airflow/dags/deck_with_cron_expression.py
[2024-09-26T02:51:40.168+0000] {processor.py:925} INFO - DAG(s) 'schedule_with_cron_expression_v03' retrieved from /opt/airflow/dags/deck_with_cron_expression.py
[2024-09-26T02:51:40.197+0000] {logging_mixin.py:190} INFO - [2024-09-26T02:51:40.197+0000] {dag.py:3229} INFO - Sync 1 DAGs
[2024-09-26T02:51:40.218+0000] {logging_mixin.py:190} INFO - [2024-09-26T02:51:40.217+0000] {dag.py:4156} INFO - Setting next_dagrun for schedule_with_cron_expression_v03 to 2024-09-12 03:00:00+00:00, run_after=2024-09-13 03:00:00+00:00
[2024-09-26T02:51:40.248+0000] {processor.py:208} INFO - Processing /opt/airflow/dags/deck_with_cron_expression.py took 0.207 seconds
[2024-09-26T02:52:10.894+0000] {processor.py:186} INFO - Started process (PID=144663) to work on /opt/airflow/dags/deck_with_cron_expression.py
[2024-09-26T02:52:10.896+0000] {processor.py:914} INFO - Processing file /opt/airflow/dags/deck_with_cron_expression.py for tasks to queue
[2024-09-26T02:52:10.898+0000] {logging_mixin.py:190} INFO - [2024-09-26T02:52:10.897+0000] {dagbag.py:587} INFO - Filling up the DagBag from /opt/airflow/dags/deck_with_cron_expression.py
[2024-09-26T02:52:10.980+0000] {processor.py:925} INFO - DAG(s) 'schedule_with_cron_expression_v03' retrieved from /opt/airflow/dags/deck_with_cron_expression.py
[2024-09-26T02:52:11.010+0000] {logging_mixin.py:190} INFO - [2024-09-26T02:52:11.010+0000] {dag.py:3229} INFO - Sync 1 DAGs
[2024-09-26T02:52:11.034+0000] {logging_mixin.py:190} INFO - [2024-09-26T02:52:11.034+0000] {dag.py:4156} INFO - Setting next_dagrun for schedule_with_cron_expression_v03 to 2024-09-12 03:00:00+00:00, run_after=2024-09-13 03:00:00+00:00
[2024-09-26T02:52:11.057+0000] {processor.py:208} INFO - Processing /opt/airflow/dags/deck_with_cron_expression.py took 0.168 seconds
[2024-09-26T02:52:41.339+0000] {processor.py:186} INFO - Started process (PID=144706) to work on /opt/airflow/dags/deck_with_cron_expression.py
[2024-09-26T02:52:41.341+0000] {processor.py:914} INFO - Processing file /opt/airflow/dags/deck_with_cron_expression.py for tasks to queue
[2024-09-26T02:52:41.343+0000] {logging_mixin.py:190} INFO - [2024-09-26T02:52:41.342+0000] {dagbag.py:587} INFO - Filling up the DagBag from /opt/airflow/dags/deck_with_cron_expression.py
[2024-09-26T02:52:41.425+0000] {processor.py:925} INFO - DAG(s) 'schedule_with_cron_expression_v03' retrieved from /opt/airflow/dags/deck_with_cron_expression.py
[2024-09-26T02:52:41.453+0000] {logging_mixin.py:190} INFO - [2024-09-26T02:52:41.453+0000] {dag.py:3229} INFO - Sync 1 DAGs
[2024-09-26T02:52:41.477+0000] {logging_mixin.py:190} INFO - [2024-09-26T02:52:41.477+0000] {dag.py:4156} INFO - Setting next_dagrun for schedule_with_cron_expression_v03 to 2024-09-12 03:00:00+00:00, run_after=2024-09-13 03:00:00+00:00
[2024-09-26T02:52:41.505+0000] {processor.py:208} INFO - Processing /opt/airflow/dags/deck_with_cron_expression.py took 0.172 seconds
[2024-09-26T02:53:12.714+0000] {processor.py:186} INFO - Started process (PID=144756) to work on /opt/airflow/dags/deck_with_cron_expression.py
[2024-09-26T02:53:12.716+0000] {processor.py:914} INFO - Processing file /opt/airflow/dags/deck_with_cron_expression.py for tasks to queue
[2024-09-26T02:53:12.718+0000] {logging_mixin.py:190} INFO - [2024-09-26T02:53:12.717+0000] {dagbag.py:587} INFO - Filling up the DagBag from /opt/airflow/dags/deck_with_cron_expression.py
[2024-09-26T02:53:12.810+0000] {processor.py:925} INFO - DAG(s) 'schedule_with_cron_expression_v03' retrieved from /opt/airflow/dags/deck_with_cron_expression.py
[2024-09-26T02:53:12.837+0000] {logging_mixin.py:190} INFO - [2024-09-26T02:53:12.837+0000] {dag.py:3229} INFO - Sync 1 DAGs
[2024-09-26T02:53:12.860+0000] {logging_mixin.py:190} INFO - [2024-09-26T02:53:12.860+0000] {dag.py:4156} INFO - Setting next_dagrun for schedule_with_cron_expression_v03 to 2024-09-12 03:00:00+00:00, run_after=2024-09-13 03:00:00+00:00
[2024-09-26T02:53:12.906+0000] {processor.py:208} INFO - Processing /opt/airflow/dags/deck_with_cron_expression.py took 0.197 seconds
[2024-09-26T02:53:43.714+0000] {processor.py:186} INFO - Started process (PID=144799) to work on /opt/airflow/dags/deck_with_cron_expression.py
[2024-09-26T02:53:43.716+0000] {processor.py:914} INFO - Processing file /opt/airflow/dags/deck_with_cron_expression.py for tasks to queue
[2024-09-26T02:53:43.717+0000] {logging_mixin.py:190} INFO - [2024-09-26T02:53:43.717+0000] {dagbag.py:587} INFO - Filling up the DagBag from /opt/airflow/dags/deck_with_cron_expression.py
[2024-09-26T02:53:43.819+0000] {processor.py:925} INFO - DAG(s) 'schedule_with_cron_expression_v03' retrieved from /opt/airflow/dags/deck_with_cron_expression.py
[2024-09-26T02:53:43.848+0000] {logging_mixin.py:190} INFO - [2024-09-26T02:53:43.847+0000] {dag.py:3229} INFO - Sync 1 DAGs
[2024-09-26T02:53:43.869+0000] {logging_mixin.py:190} INFO - [2024-09-26T02:53:43.868+0000] {dag.py:4156} INFO - Setting next_dagrun for schedule_with_cron_expression_v03 to 2024-09-12 03:00:00+00:00, run_after=2024-09-13 03:00:00+00:00
[2024-09-26T02:53:43.903+0000] {processor.py:208} INFO - Processing /opt/airflow/dags/deck_with_cron_expression.py took 0.199 seconds
[2024-09-26T02:54:14.598+0000] {processor.py:186} INFO - Started process (PID=144842) to work on /opt/airflow/dags/deck_with_cron_expression.py
[2024-09-26T02:54:14.601+0000] {processor.py:914} INFO - Processing file /opt/airflow/dags/deck_with_cron_expression.py for tasks to queue
[2024-09-26T02:54:14.604+0000] {logging_mixin.py:190} INFO - [2024-09-26T02:54:14.604+0000] {dagbag.py:587} INFO - Filling up the DagBag from /opt/airflow/dags/deck_with_cron_expression.py
[2024-09-26T02:54:14.697+0000] {processor.py:925} INFO - DAG(s) 'schedule_with_cron_expression_v03' retrieved from /opt/airflow/dags/deck_with_cron_expression.py
[2024-09-26T02:54:14.723+0000] {logging_mixin.py:190} INFO - [2024-09-26T02:54:14.723+0000] {dag.py:3229} INFO - Sync 1 DAGs
[2024-09-26T02:54:14.745+0000] {logging_mixin.py:190} INFO - [2024-09-26T02:54:14.745+0000] {dag.py:4156} INFO - Setting next_dagrun for schedule_with_cron_expression_v03 to 2024-09-12 03:00:00+00:00, run_after=2024-09-13 03:00:00+00:00
[2024-09-26T02:54:14.769+0000] {processor.py:208} INFO - Processing /opt/airflow/dags/deck_with_cron_expression.py took 0.178 seconds
[2024-09-26T02:54:45.686+0000] {processor.py:186} INFO - Started process (PID=144885) to work on /opt/airflow/dags/deck_with_cron_expression.py
[2024-09-26T02:54:45.688+0000] {processor.py:914} INFO - Processing file /opt/airflow/dags/deck_with_cron_expression.py for tasks to queue
[2024-09-26T02:54:45.692+0000] {logging_mixin.py:190} INFO - [2024-09-26T02:54:45.691+0000] {dagbag.py:587} INFO - Filling up the DagBag from /opt/airflow/dags/deck_with_cron_expression.py
[2024-09-26T02:54:45.809+0000] {processor.py:925} INFO - DAG(s) 'schedule_with_cron_expression_v03' retrieved from /opt/airflow/dags/deck_with_cron_expression.py
[2024-09-26T02:54:45.834+0000] {logging_mixin.py:190} INFO - [2024-09-26T02:54:45.834+0000] {dag.py:3229} INFO - Sync 1 DAGs
[2024-09-26T02:54:45.856+0000] {logging_mixin.py:190} INFO - [2024-09-26T02:54:45.856+0000] {dag.py:4156} INFO - Setting next_dagrun for schedule_with_cron_expression_v03 to 2024-09-12 03:00:00+00:00, run_after=2024-09-13 03:00:00+00:00
[2024-09-26T02:54:45.883+0000] {processor.py:208} INFO - Processing /opt/airflow/dags/deck_with_cron_expression.py took 0.209 seconds
[2024-09-26T02:55:16.522+0000] {processor.py:186} INFO - Started process (PID=144928) to work on /opt/airflow/dags/deck_with_cron_expression.py
[2024-09-26T02:55:16.524+0000] {processor.py:914} INFO - Processing file /opt/airflow/dags/deck_with_cron_expression.py for tasks to queue
[2024-09-26T02:55:16.527+0000] {logging_mixin.py:190} INFO - [2024-09-26T02:55:16.526+0000] {dagbag.py:587} INFO - Filling up the DagBag from /opt/airflow/dags/deck_with_cron_expression.py
[2024-09-26T02:55:16.630+0000] {processor.py:925} INFO - DAG(s) 'schedule_with_cron_expression_v03' retrieved from /opt/airflow/dags/deck_with_cron_expression.py
[2024-09-26T02:55:16.655+0000] {logging_mixin.py:190} INFO - [2024-09-26T02:55:16.655+0000] {dag.py:3229} INFO - Sync 1 DAGs
[2024-09-26T02:55:16.675+0000] {logging_mixin.py:190} INFO - [2024-09-26T02:55:16.675+0000] {dag.py:4156} INFO - Setting next_dagrun for schedule_with_cron_expression_v03 to 2024-09-12 03:00:00+00:00, run_after=2024-09-13 03:00:00+00:00
[2024-09-26T02:55:16.700+0000] {processor.py:208} INFO - Processing /opt/airflow/dags/deck_with_cron_expression.py took 0.189 seconds
[2024-09-26T02:55:47.379+0000] {processor.py:186} INFO - Started process (PID=144971) to work on /opt/airflow/dags/deck_with_cron_expression.py
[2024-09-26T02:55:47.382+0000] {processor.py:914} INFO - Processing file /opt/airflow/dags/deck_with_cron_expression.py for tasks to queue
[2024-09-26T02:55:47.385+0000] {logging_mixin.py:190} INFO - [2024-09-26T02:55:47.384+0000] {dagbag.py:587} INFO - Filling up the DagBag from /opt/airflow/dags/deck_with_cron_expression.py
[2024-09-26T02:55:47.450+0000] {processor.py:925} INFO - DAG(s) 'schedule_with_cron_expression_v03' retrieved from /opt/airflow/dags/deck_with_cron_expression.py
[2024-09-26T02:55:47.473+0000] {logging_mixin.py:190} INFO - [2024-09-26T02:55:47.473+0000] {dag.py:3229} INFO - Sync 1 DAGs
[2024-09-26T02:55:47.496+0000] {logging_mixin.py:190} INFO - [2024-09-26T02:55:47.496+0000] {dag.py:4156} INFO - Setting next_dagrun for schedule_with_cron_expression_v03 to 2024-09-12 03:00:00+00:00, run_after=2024-09-13 03:00:00+00:00
[2024-09-26T02:55:47.520+0000] {processor.py:208} INFO - Processing /opt/airflow/dags/deck_with_cron_expression.py took 0.152 seconds
[2024-09-26T02:56:18.080+0000] {processor.py:186} INFO - Started process (PID=145014) to work on /opt/airflow/dags/deck_with_cron_expression.py
[2024-09-26T02:56:18.082+0000] {processor.py:914} INFO - Processing file /opt/airflow/dags/deck_with_cron_expression.py for tasks to queue
[2024-09-26T02:56:18.085+0000] {logging_mixin.py:190} INFO - [2024-09-26T02:56:18.085+0000] {dagbag.py:587} INFO - Filling up the DagBag from /opt/airflow/dags/deck_with_cron_expression.py
[2024-09-26T02:56:18.199+0000] {processor.py:925} INFO - DAG(s) 'schedule_with_cron_expression_v03' retrieved from /opt/airflow/dags/deck_with_cron_expression.py
[2024-09-26T02:56:18.226+0000] {logging_mixin.py:190} INFO - [2024-09-26T02:56:18.226+0000] {dag.py:3229} INFO - Sync 1 DAGs
[2024-09-26T02:56:18.248+0000] {logging_mixin.py:190} INFO - [2024-09-26T02:56:18.248+0000] {dag.py:4156} INFO - Setting next_dagrun for schedule_with_cron_expression_v03 to 2024-09-12 03:00:00+00:00, run_after=2024-09-13 03:00:00+00:00
[2024-09-26T02:56:18.270+0000] {processor.py:208} INFO - Processing /opt/airflow/dags/deck_with_cron_expression.py took 0.199 seconds
[2024-09-26T02:56:48.639+0000] {processor.py:186} INFO - Started process (PID=145057) to work on /opt/airflow/dags/deck_with_cron_expression.py
[2024-09-26T02:56:48.641+0000] {processor.py:914} INFO - Processing file /opt/airflow/dags/deck_with_cron_expression.py for tasks to queue
[2024-09-26T02:56:48.644+0000] {logging_mixin.py:190} INFO - [2024-09-26T02:56:48.643+0000] {dagbag.py:587} INFO - Filling up the DagBag from /opt/airflow/dags/deck_with_cron_expression.py
[2024-09-26T02:56:48.746+0000] {processor.py:925} INFO - DAG(s) 'schedule_with_cron_expression_v03' retrieved from /opt/airflow/dags/deck_with_cron_expression.py
[2024-09-26T02:56:48.769+0000] {logging_mixin.py:190} INFO - [2024-09-26T02:56:48.769+0000] {dag.py:3229} INFO - Sync 1 DAGs
[2024-09-26T02:56:48.791+0000] {logging_mixin.py:190} INFO - [2024-09-26T02:56:48.791+0000] {dag.py:4156} INFO - Setting next_dagrun for schedule_with_cron_expression_v03 to 2024-09-12 03:00:00+00:00, run_after=2024-09-13 03:00:00+00:00
[2024-09-26T02:56:48.822+0000] {processor.py:208} INFO - Processing /opt/airflow/dags/deck_with_cron_expression.py took 0.188 seconds
[2024-09-26T02:57:19.329+0000] {processor.py:186} INFO - Started process (PID=145100) to work on /opt/airflow/dags/deck_with_cron_expression.py
[2024-09-26T02:57:19.333+0000] {processor.py:914} INFO - Processing file /opt/airflow/dags/deck_with_cron_expression.py for tasks to queue
[2024-09-26T02:57:19.338+0000] {logging_mixin.py:190} INFO - [2024-09-26T02:57:19.337+0000] {dagbag.py:587} INFO - Filling up the DagBag from /opt/airflow/dags/deck_with_cron_expression.py
[2024-09-26T02:57:19.446+0000] {processor.py:925} INFO - DAG(s) 'schedule_with_cron_expression_v03' retrieved from /opt/airflow/dags/deck_with_cron_expression.py
[2024-09-26T02:57:19.474+0000] {logging_mixin.py:190} INFO - [2024-09-26T02:57:19.474+0000] {dag.py:3229} INFO - Sync 1 DAGs
[2024-09-26T02:57:19.497+0000] {logging_mixin.py:190} INFO - [2024-09-26T02:57:19.496+0000] {dag.py:4156} INFO - Setting next_dagrun for schedule_with_cron_expression_v03 to 2024-09-12 03:00:00+00:00, run_after=2024-09-13 03:00:00+00:00
[2024-09-26T02:57:19.522+0000] {processor.py:208} INFO - Processing /opt/airflow/dags/deck_with_cron_expression.py took 0.212 seconds
[2024-09-26T02:57:49.964+0000] {processor.py:186} INFO - Started process (PID=145143) to work on /opt/airflow/dags/deck_with_cron_expression.py
[2024-09-26T02:57:49.966+0000] {processor.py:914} INFO - Processing file /opt/airflow/dags/deck_with_cron_expression.py for tasks to queue
[2024-09-26T02:57:49.968+0000] {logging_mixin.py:190} INFO - [2024-09-26T02:57:49.968+0000] {dagbag.py:587} INFO - Filling up the DagBag from /opt/airflow/dags/deck_with_cron_expression.py
[2024-09-26T02:57:50.055+0000] {processor.py:925} INFO - DAG(s) 'schedule_with_cron_expression_v03' retrieved from /opt/airflow/dags/deck_with_cron_expression.py
[2024-09-26T02:57:50.080+0000] {logging_mixin.py:190} INFO - [2024-09-26T02:57:50.079+0000] {dag.py:3229} INFO - Sync 1 DAGs
[2024-09-26T02:57:50.101+0000] {logging_mixin.py:190} INFO - [2024-09-26T02:57:50.101+0000] {dag.py:4156} INFO - Setting next_dagrun for schedule_with_cron_expression_v03 to 2024-09-12 03:00:00+00:00, run_after=2024-09-13 03:00:00+00:00
[2024-09-26T02:57:50.126+0000] {processor.py:208} INFO - Processing /opt/airflow/dags/deck_with_cron_expression.py took 0.167 seconds
[2024-09-26T02:58:20.946+0000] {processor.py:186} INFO - Started process (PID=145186) to work on /opt/airflow/dags/deck_with_cron_expression.py
[2024-09-26T02:58:20.949+0000] {processor.py:914} INFO - Processing file /opt/airflow/dags/deck_with_cron_expression.py for tasks to queue
[2024-09-26T02:58:20.951+0000] {logging_mixin.py:190} INFO - [2024-09-26T02:58:20.951+0000] {dagbag.py:587} INFO - Filling up the DagBag from /opt/airflow/dags/deck_with_cron_expression.py
[2024-09-26T02:58:21.049+0000] {processor.py:925} INFO - DAG(s) 'schedule_with_cron_expression_v03' retrieved from /opt/airflow/dags/deck_with_cron_expression.py
[2024-09-26T02:58:21.083+0000] {logging_mixin.py:190} INFO - [2024-09-26T02:58:21.082+0000] {dag.py:3229} INFO - Sync 1 DAGs
[2024-09-26T02:58:21.110+0000] {logging_mixin.py:190} INFO - [2024-09-26T02:58:21.110+0000] {dag.py:4156} INFO - Setting next_dagrun for schedule_with_cron_expression_v03 to 2024-09-12 03:00:00+00:00, run_after=2024-09-13 03:00:00+00:00
[2024-09-26T02:58:21.141+0000] {processor.py:208} INFO - Processing /opt/airflow/dags/deck_with_cron_expression.py took 0.205 seconds
[2024-09-26T02:58:51.753+0000] {processor.py:186} INFO - Started process (PID=145229) to work on /opt/airflow/dags/deck_with_cron_expression.py
[2024-09-26T02:58:51.755+0000] {processor.py:914} INFO - Processing file /opt/airflow/dags/deck_with_cron_expression.py for tasks to queue
[2024-09-26T02:58:51.756+0000] {logging_mixin.py:190} INFO - [2024-09-26T02:58:51.756+0000] {dagbag.py:587} INFO - Filling up the DagBag from /opt/airflow/dags/deck_with_cron_expression.py
[2024-09-26T02:58:51.833+0000] {processor.py:925} INFO - DAG(s) 'schedule_with_cron_expression_v03' retrieved from /opt/airflow/dags/deck_with_cron_expression.py
[2024-09-26T02:58:51.858+0000] {logging_mixin.py:190} INFO - [2024-09-26T02:58:51.858+0000] {dag.py:3229} INFO - Sync 1 DAGs
[2024-09-26T02:58:51.882+0000] {logging_mixin.py:190} INFO - [2024-09-26T02:58:51.882+0000] {dag.py:4156} INFO - Setting next_dagrun for schedule_with_cron_expression_v03 to 2024-09-12 03:00:00+00:00, run_after=2024-09-13 03:00:00+00:00
[2024-09-26T02:58:51.908+0000] {processor.py:208} INFO - Processing /opt/airflow/dags/deck_with_cron_expression.py took 0.162 seconds
[2024-09-26T02:59:22.369+0000] {processor.py:186} INFO - Started process (PID=145272) to work on /opt/airflow/dags/deck_with_cron_expression.py
[2024-09-26T02:59:22.372+0000] {processor.py:914} INFO - Processing file /opt/airflow/dags/deck_with_cron_expression.py for tasks to queue
[2024-09-26T02:59:22.374+0000] {logging_mixin.py:190} INFO - [2024-09-26T02:59:22.374+0000] {dagbag.py:587} INFO - Filling up the DagBag from /opt/airflow/dags/deck_with_cron_expression.py
[2024-09-26T02:59:22.454+0000] {processor.py:925} INFO - DAG(s) 'schedule_with_cron_expression_v03' retrieved from /opt/airflow/dags/deck_with_cron_expression.py
[2024-09-26T02:59:22.483+0000] {logging_mixin.py:190} INFO - [2024-09-26T02:59:22.483+0000] {dag.py:3229} INFO - Sync 1 DAGs
[2024-09-26T02:59:22.514+0000] {logging_mixin.py:190} INFO - [2024-09-26T02:59:22.514+0000] {dag.py:4156} INFO - Setting next_dagrun for schedule_with_cron_expression_v03 to 2024-09-12 03:00:00+00:00, run_after=2024-09-13 03:00:00+00:00
[2024-09-26T02:59:22.537+0000] {processor.py:208} INFO - Processing /opt/airflow/dags/deck_with_cron_expression.py took 0.183 seconds
[2024-09-26T02:59:52.810+0000] {processor.py:186} INFO - Started process (PID=145313) to work on /opt/airflow/dags/deck_with_cron_expression.py
[2024-09-26T02:59:52.812+0000] {processor.py:914} INFO - Processing file /opt/airflow/dags/deck_with_cron_expression.py for tasks to queue
[2024-09-26T02:59:52.815+0000] {logging_mixin.py:190} INFO - [2024-09-26T02:59:52.815+0000] {dagbag.py:587} INFO - Filling up the DagBag from /opt/airflow/dags/deck_with_cron_expression.py
[2024-09-26T02:59:52.904+0000] {processor.py:925} INFO - DAG(s) 'schedule_with_cron_expression_v03' retrieved from /opt/airflow/dags/deck_with_cron_expression.py
[2024-09-26T02:59:52.930+0000] {logging_mixin.py:190} INFO - [2024-09-26T02:59:52.929+0000] {dag.py:3229} INFO - Sync 1 DAGs
[2024-09-26T02:59:52.958+0000] {logging_mixin.py:190} INFO - [2024-09-26T02:59:52.958+0000] {dag.py:4156} INFO - Setting next_dagrun for schedule_with_cron_expression_v03 to 2024-09-12 03:00:00+00:00, run_after=2024-09-13 03:00:00+00:00
[2024-09-26T02:59:52.987+0000] {processor.py:208} INFO - Processing /opt/airflow/dags/deck_with_cron_expression.py took 0.184 seconds
[2024-09-26T03:00:24.476+0000] {processor.py:186} INFO - Started process (PID=145363) to work on /opt/airflow/dags/deck_with_cron_expression.py
[2024-09-26T03:00:24.479+0000] {processor.py:914} INFO - Processing file /opt/airflow/dags/deck_with_cron_expression.py for tasks to queue
[2024-09-26T03:00:24.481+0000] {logging_mixin.py:190} INFO - [2024-09-26T03:00:24.480+0000] {dagbag.py:587} INFO - Filling up the DagBag from /opt/airflow/dags/deck_with_cron_expression.py
[2024-09-26T03:00:24.550+0000] {processor.py:925} INFO - DAG(s) 'schedule_with_cron_expression_v03' retrieved from /opt/airflow/dags/deck_with_cron_expression.py
[2024-09-26T03:00:24.578+0000] {logging_mixin.py:190} INFO - [2024-09-26T03:00:24.578+0000] {dag.py:3229} INFO - Sync 1 DAGs
[2024-09-26T03:00:24.604+0000] {logging_mixin.py:190} INFO - [2024-09-26T03:00:24.604+0000] {dag.py:4156} INFO - Setting next_dagrun for schedule_with_cron_expression_v03 to 2024-09-12 03:00:00+00:00, run_after=2024-09-13 03:00:00+00:00
[2024-09-26T03:00:24.639+0000] {processor.py:208} INFO - Processing /opt/airflow/dags/deck_with_cron_expression.py took 0.168 seconds
[2024-09-26T03:00:55.931+0000] {processor.py:186} INFO - Started process (PID=145406) to work on /opt/airflow/dags/deck_with_cron_expression.py
[2024-09-26T03:00:55.933+0000] {processor.py:914} INFO - Processing file /opt/airflow/dags/deck_with_cron_expression.py for tasks to queue
[2024-09-26T03:00:55.935+0000] {logging_mixin.py:190} INFO - [2024-09-26T03:00:55.935+0000] {dagbag.py:587} INFO - Filling up the DagBag from /opt/airflow/dags/deck_with_cron_expression.py
[2024-09-26T03:00:56.028+0000] {processor.py:925} INFO - DAG(s) 'schedule_with_cron_expression_v03' retrieved from /opt/airflow/dags/deck_with_cron_expression.py
[2024-09-26T03:00:56.053+0000] {logging_mixin.py:190} INFO - [2024-09-26T03:00:56.053+0000] {dag.py:3229} INFO - Sync 1 DAGs
[2024-09-26T03:00:56.079+0000] {logging_mixin.py:190} INFO - [2024-09-26T03:00:56.079+0000] {dag.py:4156} INFO - Setting next_dagrun for schedule_with_cron_expression_v03 to 2024-09-12 03:00:00+00:00, run_after=2024-09-13 03:00:00+00:00
[2024-09-26T03:00:56.105+0000] {processor.py:208} INFO - Processing /opt/airflow/dags/deck_with_cron_expression.py took 0.179 seconds
[2024-09-26T03:01:26.527+0000] {processor.py:186} INFO - Started process (PID=145449) to work on /opt/airflow/dags/deck_with_cron_expression.py
[2024-09-26T03:01:26.530+0000] {processor.py:914} INFO - Processing file /opt/airflow/dags/deck_with_cron_expression.py for tasks to queue
[2024-09-26T03:01:26.532+0000] {logging_mixin.py:190} INFO - [2024-09-26T03:01:26.532+0000] {dagbag.py:587} INFO - Filling up the DagBag from /opt/airflow/dags/deck_with_cron_expression.py
[2024-09-26T03:01:26.646+0000] {processor.py:925} INFO - DAG(s) 'schedule_with_cron_expression_v03' retrieved from /opt/airflow/dags/deck_with_cron_expression.py
[2024-09-26T03:01:26.685+0000] {logging_mixin.py:190} INFO - [2024-09-26T03:01:26.684+0000] {dag.py:3229} INFO - Sync 1 DAGs
[2024-09-26T03:01:26.709+0000] {logging_mixin.py:190} INFO - [2024-09-26T03:01:26.709+0000] {dag.py:4156} INFO - Setting next_dagrun for schedule_with_cron_expression_v03 to 2024-09-12 03:00:00+00:00, run_after=2024-09-13 03:00:00+00:00
[2024-09-26T03:01:26.736+0000] {processor.py:208} INFO - Processing /opt/airflow/dags/deck_with_cron_expression.py took 0.215 seconds
[2024-09-26T03:01:57.158+0000] {processor.py:186} INFO - Started process (PID=145492) to work on /opt/airflow/dags/deck_with_cron_expression.py
[2024-09-26T03:01:57.161+0000] {processor.py:914} INFO - Processing file /opt/airflow/dags/deck_with_cron_expression.py for tasks to queue
[2024-09-26T03:01:57.163+0000] {logging_mixin.py:190} INFO - [2024-09-26T03:01:57.163+0000] {dagbag.py:587} INFO - Filling up the DagBag from /opt/airflow/dags/deck_with_cron_expression.py
[2024-09-26T03:01:57.266+0000] {processor.py:925} INFO - DAG(s) 'schedule_with_cron_expression_v03' retrieved from /opt/airflow/dags/deck_with_cron_expression.py
[2024-09-26T03:01:57.304+0000] {logging_mixin.py:190} INFO - [2024-09-26T03:01:57.304+0000] {dag.py:3229} INFO - Sync 1 DAGs
[2024-09-26T03:01:57.333+0000] {logging_mixin.py:190} INFO - [2024-09-26T03:01:57.332+0000] {dag.py:4156} INFO - Setting next_dagrun for schedule_with_cron_expression_v03 to 2024-09-12 03:00:00+00:00, run_after=2024-09-13 03:00:00+00:00
[2024-09-26T03:01:57.362+0000] {processor.py:208} INFO - Processing /opt/airflow/dags/deck_with_cron_expression.py took 0.213 seconds
[2024-09-26T03:02:28.300+0000] {processor.py:186} INFO - Started process (PID=145535) to work on /opt/airflow/dags/deck_with_cron_expression.py
[2024-09-26T03:02:28.302+0000] {processor.py:914} INFO - Processing file /opt/airflow/dags/deck_with_cron_expression.py for tasks to queue
[2024-09-26T03:02:28.306+0000] {logging_mixin.py:190} INFO - [2024-09-26T03:02:28.305+0000] {dagbag.py:587} INFO - Filling up the DagBag from /opt/airflow/dags/deck_with_cron_expression.py
[2024-09-26T03:02:28.379+0000] {processor.py:925} INFO - DAG(s) 'schedule_with_cron_expression_v03' retrieved from /opt/airflow/dags/deck_with_cron_expression.py
[2024-09-26T03:02:28.404+0000] {logging_mixin.py:190} INFO - [2024-09-26T03:02:28.403+0000] {dag.py:3229} INFO - Sync 1 DAGs
[2024-09-26T03:02:28.430+0000] {logging_mixin.py:190} INFO - [2024-09-26T03:02:28.430+0000] {dag.py:4156} INFO - Setting next_dagrun for schedule_with_cron_expression_v03 to 2024-09-12 03:00:00+00:00, run_after=2024-09-13 03:00:00+00:00
[2024-09-26T03:02:28.458+0000] {processor.py:208} INFO - Processing /opt/airflow/dags/deck_with_cron_expression.py took 0.172 seconds
[2024-09-26T03:02:59.175+0000] {processor.py:186} INFO - Started process (PID=145578) to work on /opt/airflow/dags/deck_with_cron_expression.py
[2024-09-26T03:02:59.176+0000] {processor.py:914} INFO - Processing file /opt/airflow/dags/deck_with_cron_expression.py for tasks to queue
[2024-09-26T03:02:59.179+0000] {logging_mixin.py:190} INFO - [2024-09-26T03:02:59.178+0000] {dagbag.py:587} INFO - Filling up the DagBag from /opt/airflow/dags/deck_with_cron_expression.py
[2024-09-26T03:02:59.270+0000] {processor.py:925} INFO - DAG(s) 'schedule_with_cron_expression_v03' retrieved from /opt/airflow/dags/deck_with_cron_expression.py
[2024-09-26T03:02:59.317+0000] {logging_mixin.py:190} INFO - [2024-09-26T03:02:59.317+0000] {dag.py:3229} INFO - Sync 1 DAGs
[2024-09-26T03:02:59.342+0000] {logging_mixin.py:190} INFO - [2024-09-26T03:02:59.342+0000] {dag.py:4156} INFO - Setting next_dagrun for schedule_with_cron_expression_v03 to 2024-09-12 03:00:00+00:00, run_after=2024-09-13 03:00:00+00:00
[2024-09-26T03:02:59.366+0000] {processor.py:208} INFO - Processing /opt/airflow/dags/deck_with_cron_expression.py took 0.201 seconds
[2024-09-26T03:03:30.212+0000] {processor.py:186} INFO - Started process (PID=145621) to work on /opt/airflow/dags/deck_with_cron_expression.py
[2024-09-26T03:03:30.214+0000] {processor.py:914} INFO - Processing file /opt/airflow/dags/deck_with_cron_expression.py for tasks to queue
[2024-09-26T03:03:30.216+0000] {logging_mixin.py:190} INFO - [2024-09-26T03:03:30.216+0000] {dagbag.py:587} INFO - Filling up the DagBag from /opt/airflow/dags/deck_with_cron_expression.py
[2024-09-26T03:03:30.304+0000] {processor.py:925} INFO - DAG(s) 'schedule_with_cron_expression_v03' retrieved from /opt/airflow/dags/deck_with_cron_expression.py
[2024-09-26T03:03:30.332+0000] {logging_mixin.py:190} INFO - [2024-09-26T03:03:30.332+0000] {dag.py:3229} INFO - Sync 1 DAGs
[2024-09-26T03:03:30.357+0000] {logging_mixin.py:190} INFO - [2024-09-26T03:03:30.356+0000] {dag.py:4156} INFO - Setting next_dagrun for schedule_with_cron_expression_v03 to 2024-09-12 03:00:00+00:00, run_after=2024-09-13 03:00:00+00:00
[2024-09-26T03:03:30.381+0000] {processor.py:208} INFO - Processing /opt/airflow/dags/deck_with_cron_expression.py took 0.174 seconds
[2024-09-26T03:04:00.840+0000] {processor.py:186} INFO - Started process (PID=145664) to work on /opt/airflow/dags/deck_with_cron_expression.py
[2024-09-26T03:04:00.842+0000] {processor.py:914} INFO - Processing file /opt/airflow/dags/deck_with_cron_expression.py for tasks to queue
[2024-09-26T03:04:00.844+0000] {logging_mixin.py:190} INFO - [2024-09-26T03:04:00.844+0000] {dagbag.py:587} INFO - Filling up the DagBag from /opt/airflow/dags/deck_with_cron_expression.py
[2024-09-26T03:04:00.932+0000] {processor.py:925} INFO - DAG(s) 'schedule_with_cron_expression_v03' retrieved from /opt/airflow/dags/deck_with_cron_expression.py
[2024-09-26T03:04:00.965+0000] {logging_mixin.py:190} INFO - [2024-09-26T03:04:00.965+0000] {dag.py:3229} INFO - Sync 1 DAGs
[2024-09-26T03:04:00.989+0000] {logging_mixin.py:190} INFO - [2024-09-26T03:04:00.989+0000] {dag.py:4156} INFO - Setting next_dagrun for schedule_with_cron_expression_v03 to 2024-09-12 03:00:00+00:00, run_after=2024-09-13 03:00:00+00:00
[2024-09-26T03:04:01.014+0000] {processor.py:208} INFO - Processing /opt/airflow/dags/deck_with_cron_expression.py took 0.179 seconds
[2024-09-26T03:04:31.486+0000] {processor.py:186} INFO - Started process (PID=145707) to work on /opt/airflow/dags/deck_with_cron_expression.py
[2024-09-26T03:04:31.494+0000] {processor.py:914} INFO - Processing file /opt/airflow/dags/deck_with_cron_expression.py for tasks to queue
[2024-09-26T03:04:31.516+0000] {logging_mixin.py:190} INFO - [2024-09-26T03:04:31.515+0000] {dagbag.py:587} INFO - Filling up the DagBag from /opt/airflow/dags/deck_with_cron_expression.py
[2024-09-26T03:04:31.727+0000] {processor.py:925} INFO - DAG(s) 'schedule_with_cron_expression_v03' retrieved from /opt/airflow/dags/deck_with_cron_expression.py
[2024-09-26T03:04:31.753+0000] {logging_mixin.py:190} INFO - [2024-09-26T03:04:31.753+0000] {dag.py:3229} INFO - Sync 1 DAGs
[2024-09-26T03:04:31.775+0000] {logging_mixin.py:190} INFO - [2024-09-26T03:04:31.775+0000] {dag.py:4156} INFO - Setting next_dagrun for schedule_with_cron_expression_v03 to 2024-09-12 03:00:00+00:00, run_after=2024-09-13 03:00:00+00:00
[2024-09-26T03:04:31.800+0000] {processor.py:208} INFO - Processing /opt/airflow/dags/deck_with_cron_expression.py took 0.321 seconds
[2024-09-26T03:05:02.013+0000] {processor.py:186} INFO - Started process (PID=145750) to work on /opt/airflow/dags/deck_with_cron_expression.py
[2024-09-26T03:05:02.015+0000] {processor.py:914} INFO - Processing file /opt/airflow/dags/deck_with_cron_expression.py for tasks to queue
[2024-09-26T03:05:02.018+0000] {logging_mixin.py:190} INFO - [2024-09-26T03:05:02.017+0000] {dagbag.py:587} INFO - Filling up the DagBag from /opt/airflow/dags/deck_with_cron_expression.py
[2024-09-26T03:05:02.098+0000] {processor.py:925} INFO - DAG(s) 'schedule_with_cron_expression_v03' retrieved from /opt/airflow/dags/deck_with_cron_expression.py
[2024-09-26T03:05:02.125+0000] {logging_mixin.py:190} INFO - [2024-09-26T03:05:02.125+0000] {dag.py:3229} INFO - Sync 1 DAGs
[2024-09-26T03:05:02.155+0000] {logging_mixin.py:190} INFO - [2024-09-26T03:05:02.155+0000] {dag.py:4156} INFO - Setting next_dagrun for schedule_with_cron_expression_v03 to 2024-09-12 03:00:00+00:00, run_after=2024-09-13 03:00:00+00:00
[2024-09-26T03:05:02.190+0000] {processor.py:208} INFO - Processing /opt/airflow/dags/deck_with_cron_expression.py took 0.188 seconds
[2024-09-26T03:05:32.512+0000] {processor.py:186} INFO - Started process (PID=145793) to work on /opt/airflow/dags/deck_with_cron_expression.py
[2024-09-26T03:05:32.513+0000] {processor.py:914} INFO - Processing file /opt/airflow/dags/deck_with_cron_expression.py for tasks to queue
[2024-09-26T03:05:32.516+0000] {logging_mixin.py:190} INFO - [2024-09-26T03:05:32.516+0000] {dagbag.py:587} INFO - Filling up the DagBag from /opt/airflow/dags/deck_with_cron_expression.py
[2024-09-26T03:05:32.605+0000] {processor.py:925} INFO - DAG(s) 'schedule_with_cron_expression_v03' retrieved from /opt/airflow/dags/deck_with_cron_expression.py
[2024-09-26T03:05:32.633+0000] {logging_mixin.py:190} INFO - [2024-09-26T03:05:32.632+0000] {dag.py:3229} INFO - Sync 1 DAGs
[2024-09-26T03:05:32.654+0000] {logging_mixin.py:190} INFO - [2024-09-26T03:05:32.654+0000] {dag.py:4156} INFO - Setting next_dagrun for schedule_with_cron_expression_v03 to 2024-09-12 03:00:00+00:00, run_after=2024-09-13 03:00:00+00:00
[2024-09-26T03:05:32.679+0000] {processor.py:208} INFO - Processing /opt/airflow/dags/deck_with_cron_expression.py took 0.177 seconds
[2024-09-26T03:06:03.106+0000] {processor.py:186} INFO - Started process (PID=145836) to work on /opt/airflow/dags/deck_with_cron_expression.py
[2024-09-26T03:06:03.109+0000] {processor.py:914} INFO - Processing file /opt/airflow/dags/deck_with_cron_expression.py for tasks to queue
[2024-09-26T03:06:03.112+0000] {logging_mixin.py:190} INFO - [2024-09-26T03:06:03.111+0000] {dagbag.py:587} INFO - Filling up the DagBag from /opt/airflow/dags/deck_with_cron_expression.py
[2024-09-26T03:06:03.221+0000] {processor.py:925} INFO - DAG(s) 'schedule_with_cron_expression_v03' retrieved from /opt/airflow/dags/deck_with_cron_expression.py
[2024-09-26T03:06:03.255+0000] {logging_mixin.py:190} INFO - [2024-09-26T03:06:03.254+0000] {dag.py:3229} INFO - Sync 1 DAGs
[2024-09-26T03:06:03.274+0000] {logging_mixin.py:190} INFO - [2024-09-26T03:06:03.274+0000] {dag.py:4156} INFO - Setting next_dagrun for schedule_with_cron_expression_v03 to 2024-09-12 03:00:00+00:00, run_after=2024-09-13 03:00:00+00:00
[2024-09-26T03:06:03.297+0000] {processor.py:208} INFO - Processing /opt/airflow/dags/deck_with_cron_expression.py took 0.199 seconds
[2024-09-26T03:06:33.667+0000] {processor.py:186} INFO - Started process (PID=145879) to work on /opt/airflow/dags/deck_with_cron_expression.py
[2024-09-26T03:06:33.670+0000] {processor.py:914} INFO - Processing file /opt/airflow/dags/deck_with_cron_expression.py for tasks to queue
[2024-09-26T03:06:33.674+0000] {logging_mixin.py:190} INFO - [2024-09-26T03:06:33.673+0000] {dagbag.py:587} INFO - Filling up the DagBag from /opt/airflow/dags/deck_with_cron_expression.py
[2024-09-26T03:06:33.794+0000] {processor.py:925} INFO - DAG(s) 'schedule_with_cron_expression_v03' retrieved from /opt/airflow/dags/deck_with_cron_expression.py
[2024-09-26T03:06:33.842+0000] {logging_mixin.py:190} INFO - [2024-09-26T03:06:33.841+0000] {dag.py:3229} INFO - Sync 1 DAGs
[2024-09-26T03:06:33.866+0000] {logging_mixin.py:190} INFO - [2024-09-26T03:06:33.866+0000] {dag.py:4156} INFO - Setting next_dagrun for schedule_with_cron_expression_v03 to 2024-09-12 03:00:00+00:00, run_after=2024-09-13 03:00:00+00:00
[2024-09-26T03:06:33.890+0000] {processor.py:208} INFO - Processing /opt/airflow/dags/deck_with_cron_expression.py took 0.237 seconds
[2024-09-26T03:07:04.479+0000] {processor.py:186} INFO - Started process (PID=145922) to work on /opt/airflow/dags/deck_with_cron_expression.py
[2024-09-26T03:07:04.480+0000] {processor.py:914} INFO - Processing file /opt/airflow/dags/deck_with_cron_expression.py for tasks to queue
[2024-09-26T03:07:04.482+0000] {logging_mixin.py:190} INFO - [2024-09-26T03:07:04.482+0000] {dagbag.py:587} INFO - Filling up the DagBag from /opt/airflow/dags/deck_with_cron_expression.py
[2024-09-26T03:07:04.578+0000] {processor.py:925} INFO - DAG(s) 'schedule_with_cron_expression_v03' retrieved from /opt/airflow/dags/deck_with_cron_expression.py
[2024-09-26T03:07:04.611+0000] {logging_mixin.py:190} INFO - [2024-09-26T03:07:04.611+0000] {dag.py:3229} INFO - Sync 1 DAGs
[2024-09-26T03:07:04.634+0000] {logging_mixin.py:190} INFO - [2024-09-26T03:07:04.634+0000] {dag.py:4156} INFO - Setting next_dagrun for schedule_with_cron_expression_v03 to 2024-09-12 03:00:00+00:00, run_after=2024-09-13 03:00:00+00:00
[2024-09-26T03:07:04.658+0000] {processor.py:208} INFO - Processing /opt/airflow/dags/deck_with_cron_expression.py took 0.185 seconds
[2024-09-26T03:07:35.236+0000] {processor.py:186} INFO - Started process (PID=145965) to work on /opt/airflow/dags/deck_with_cron_expression.py
[2024-09-26T03:07:35.238+0000] {processor.py:914} INFO - Processing file /opt/airflow/dags/deck_with_cron_expression.py for tasks to queue
[2024-09-26T03:07:35.242+0000] {logging_mixin.py:190} INFO - [2024-09-26T03:07:35.241+0000] {dagbag.py:587} INFO - Filling up the DagBag from /opt/airflow/dags/deck_with_cron_expression.py
[2024-09-26T03:07:35.336+0000] {processor.py:925} INFO - DAG(s) 'schedule_with_cron_expression_v03' retrieved from /opt/airflow/dags/deck_with_cron_expression.py
[2024-09-26T03:07:35.361+0000] {logging_mixin.py:190} INFO - [2024-09-26T03:07:35.361+0000] {dag.py:3229} INFO - Sync 1 DAGs
[2024-09-26T03:07:35.394+0000] {logging_mixin.py:190} INFO - [2024-09-26T03:07:35.393+0000] {dag.py:4156} INFO - Setting next_dagrun for schedule_with_cron_expression_v03 to 2024-09-12 03:00:00+00:00, run_after=2024-09-13 03:00:00+00:00
[2024-09-26T03:07:35.434+0000] {processor.py:208} INFO - Processing /opt/airflow/dags/deck_with_cron_expression.py took 0.208 seconds
[2024-09-26T03:08:05.954+0000] {processor.py:186} INFO - Started process (PID=146008) to work on /opt/airflow/dags/deck_with_cron_expression.py
[2024-09-26T03:08:05.955+0000] {processor.py:914} INFO - Processing file /opt/airflow/dags/deck_with_cron_expression.py for tasks to queue
[2024-09-26T03:08:05.957+0000] {logging_mixin.py:190} INFO - [2024-09-26T03:08:05.957+0000] {dagbag.py:587} INFO - Filling up the DagBag from /opt/airflow/dags/deck_with_cron_expression.py
[2024-09-26T03:08:06.068+0000] {processor.py:925} INFO - DAG(s) 'schedule_with_cron_expression_v03' retrieved from /opt/airflow/dags/deck_with_cron_expression.py
[2024-09-26T03:08:06.101+0000] {logging_mixin.py:190} INFO - [2024-09-26T03:08:06.101+0000] {dag.py:3229} INFO - Sync 1 DAGs
[2024-09-26T03:08:06.123+0000] {logging_mixin.py:190} INFO - [2024-09-26T03:08:06.123+0000] {dag.py:4156} INFO - Setting next_dagrun for schedule_with_cron_expression_v03 to 2024-09-12 03:00:00+00:00, run_after=2024-09-13 03:00:00+00:00
[2024-09-26T03:08:06.149+0000] {processor.py:208} INFO - Processing /opt/airflow/dags/deck_with_cron_expression.py took 0.203 seconds
[2024-09-26T03:08:36.624+0000] {processor.py:186} INFO - Started process (PID=146051) to work on /opt/airflow/dags/deck_with_cron_expression.py
[2024-09-26T03:08:36.626+0000] {processor.py:914} INFO - Processing file /opt/airflow/dags/deck_with_cron_expression.py for tasks to queue
[2024-09-26T03:08:36.629+0000] {logging_mixin.py:190} INFO - [2024-09-26T03:08:36.628+0000] {dagbag.py:587} INFO - Filling up the DagBag from /opt/airflow/dags/deck_with_cron_expression.py
[2024-09-26T03:08:36.754+0000] {processor.py:925} INFO - DAG(s) 'schedule_with_cron_expression_v03' retrieved from /opt/airflow/dags/deck_with_cron_expression.py
[2024-09-26T03:08:36.792+0000] {logging_mixin.py:190} INFO - [2024-09-26T03:08:36.792+0000] {dag.py:3229} INFO - Sync 1 DAGs
[2024-09-26T03:08:36.813+0000] {logging_mixin.py:190} INFO - [2024-09-26T03:08:36.813+0000] {dag.py:4156} INFO - Setting next_dagrun for schedule_with_cron_expression_v03 to 2024-09-12 03:00:00+00:00, run_after=2024-09-13 03:00:00+00:00
[2024-09-26T03:08:36.838+0000] {processor.py:208} INFO - Processing /opt/airflow/dags/deck_with_cron_expression.py took 0.223 seconds
[2024-09-26T03:09:07.439+0000] {processor.py:186} INFO - Started process (PID=146094) to work on /opt/airflow/dags/deck_with_cron_expression.py
[2024-09-26T03:09:07.442+0000] {processor.py:914} INFO - Processing file /opt/airflow/dags/deck_with_cron_expression.py for tasks to queue
[2024-09-26T03:09:07.444+0000] {logging_mixin.py:190} INFO - [2024-09-26T03:09:07.444+0000] {dagbag.py:587} INFO - Filling up the DagBag from /opt/airflow/dags/deck_with_cron_expression.py
[2024-09-26T03:09:07.532+0000] {processor.py:925} INFO - DAG(s) 'schedule_with_cron_expression_v03' retrieved from /opt/airflow/dags/deck_with_cron_expression.py
[2024-09-26T03:09:07.561+0000] {logging_mixin.py:190} INFO - [2024-09-26T03:09:07.561+0000] {dag.py:3229} INFO - Sync 1 DAGs
[2024-09-26T03:09:07.589+0000] {logging_mixin.py:190} INFO - [2024-09-26T03:09:07.589+0000] {dag.py:4156} INFO - Setting next_dagrun for schedule_with_cron_expression_v03 to 2024-09-12 03:00:00+00:00, run_after=2024-09-13 03:00:00+00:00
[2024-09-26T03:09:07.619+0000] {processor.py:208} INFO - Processing /opt/airflow/dags/deck_with_cron_expression.py took 0.194 seconds
[2024-09-26T03:09:38.262+0000] {processor.py:186} INFO - Started process (PID=146137) to work on /opt/airflow/dags/deck_with_cron_expression.py
[2024-09-26T03:09:38.264+0000] {processor.py:914} INFO - Processing file /opt/airflow/dags/deck_with_cron_expression.py for tasks to queue
[2024-09-26T03:09:38.266+0000] {logging_mixin.py:190} INFO - [2024-09-26T03:09:38.266+0000] {dagbag.py:587} INFO - Filling up the DagBag from /opt/airflow/dags/deck_with_cron_expression.py
[2024-09-26T03:09:38.339+0000] {processor.py:925} INFO - DAG(s) 'schedule_with_cron_expression_v03' retrieved from /opt/airflow/dags/deck_with_cron_expression.py
[2024-09-26T03:09:38.365+0000] {logging_mixin.py:190} INFO - [2024-09-26T03:09:38.365+0000] {dag.py:3229} INFO - Sync 1 DAGs
[2024-09-26T03:09:38.397+0000] {logging_mixin.py:190} INFO - [2024-09-26T03:09:38.396+0000] {dag.py:4156} INFO - Setting next_dagrun for schedule_with_cron_expression_v03 to 2024-09-12 03:00:00+00:00, run_after=2024-09-13 03:00:00+00:00
[2024-09-26T03:09:38.428+0000] {processor.py:208} INFO - Processing /opt/airflow/dags/deck_with_cron_expression.py took 0.178 seconds
[2024-09-26T03:10:08.714+0000] {processor.py:186} INFO - Started process (PID=146180) to work on /opt/airflow/dags/deck_with_cron_expression.py
[2024-09-26T03:10:08.717+0000] {processor.py:914} INFO - Processing file /opt/airflow/dags/deck_with_cron_expression.py for tasks to queue
[2024-09-26T03:10:08.720+0000] {logging_mixin.py:190} INFO - [2024-09-26T03:10:08.719+0000] {dagbag.py:587} INFO - Filling up the DagBag from /opt/airflow/dags/deck_with_cron_expression.py
[2024-09-26T03:10:08.833+0000] {processor.py:925} INFO - DAG(s) 'schedule_with_cron_expression_v03' retrieved from /opt/airflow/dags/deck_with_cron_expression.py
[2024-09-26T03:10:08.858+0000] {logging_mixin.py:190} INFO - [2024-09-26T03:10:08.858+0000] {dag.py:3229} INFO - Sync 1 DAGs
[2024-09-26T03:10:08.879+0000] {logging_mixin.py:190} INFO - [2024-09-26T03:10:08.879+0000] {dag.py:4156} INFO - Setting next_dagrun for schedule_with_cron_expression_v03 to 2024-09-12 03:00:00+00:00, run_after=2024-09-13 03:00:00+00:00
[2024-09-26T03:10:08.915+0000] {processor.py:208} INFO - Processing /opt/airflow/dags/deck_with_cron_expression.py took 0.212 seconds
[2024-09-26T03:10:39.366+0000] {processor.py:186} INFO - Started process (PID=146223) to work on /opt/airflow/dags/deck_with_cron_expression.py
[2024-09-26T03:10:39.368+0000] {processor.py:914} INFO - Processing file /opt/airflow/dags/deck_with_cron_expression.py for tasks to queue
[2024-09-26T03:10:39.370+0000] {logging_mixin.py:190} INFO - [2024-09-26T03:10:39.370+0000] {dagbag.py:587} INFO - Filling up the DagBag from /opt/airflow/dags/deck_with_cron_expression.py
[2024-09-26T03:10:39.452+0000] {processor.py:925} INFO - DAG(s) 'schedule_with_cron_expression_v03' retrieved from /opt/airflow/dags/deck_with_cron_expression.py
[2024-09-26T03:10:39.476+0000] {logging_mixin.py:190} INFO - [2024-09-26T03:10:39.476+0000] {dag.py:3229} INFO - Sync 1 DAGs
[2024-09-26T03:10:39.501+0000] {logging_mixin.py:190} INFO - [2024-09-26T03:10:39.500+0000] {dag.py:4156} INFO - Setting next_dagrun for schedule_with_cron_expression_v03 to 2024-09-12 03:00:00+00:00, run_after=2024-09-13 03:00:00+00:00
[2024-09-26T03:10:39.523+0000] {processor.py:208} INFO - Processing /opt/airflow/dags/deck_with_cron_expression.py took 0.162 seconds
[2024-09-26T03:11:10.078+0000] {processor.py:186} INFO - Started process (PID=146266) to work on /opt/airflow/dags/deck_with_cron_expression.py
[2024-09-26T03:11:10.079+0000] {processor.py:914} INFO - Processing file /opt/airflow/dags/deck_with_cron_expression.py for tasks to queue
[2024-09-26T03:11:10.081+0000] {logging_mixin.py:190} INFO - [2024-09-26T03:11:10.080+0000] {dagbag.py:587} INFO - Filling up the DagBag from /opt/airflow/dags/deck_with_cron_expression.py
[2024-09-26T03:11:10.153+0000] {processor.py:925} INFO - DAG(s) 'schedule_with_cron_expression_v03' retrieved from /opt/airflow/dags/deck_with_cron_expression.py
[2024-09-26T03:11:10.177+0000] {logging_mixin.py:190} INFO - [2024-09-26T03:11:10.177+0000] {dag.py:3229} INFO - Sync 1 DAGs
[2024-09-26T03:11:10.199+0000] {logging_mixin.py:190} INFO - [2024-09-26T03:11:10.199+0000] {dag.py:4156} INFO - Setting next_dagrun for schedule_with_cron_expression_v03 to 2024-09-12 03:00:00+00:00, run_after=2024-09-13 03:00:00+00:00
[2024-09-26T03:11:10.224+0000] {processor.py:208} INFO - Processing /opt/airflow/dags/deck_with_cron_expression.py took 0.152 seconds
[2024-09-26T03:11:40.762+0000] {processor.py:186} INFO - Started process (PID=146309) to work on /opt/airflow/dags/deck_with_cron_expression.py
[2024-09-26T03:11:40.763+0000] {processor.py:914} INFO - Processing file /opt/airflow/dags/deck_with_cron_expression.py for tasks to queue
[2024-09-26T03:11:40.765+0000] {logging_mixin.py:190} INFO - [2024-09-26T03:11:40.765+0000] {dagbag.py:587} INFO - Filling up the DagBag from /opt/airflow/dags/deck_with_cron_expression.py
[2024-09-26T03:11:40.837+0000] {processor.py:925} INFO - DAG(s) 'schedule_with_cron_expression_v03' retrieved from /opt/airflow/dags/deck_with_cron_expression.py
[2024-09-26T03:11:40.867+0000] {logging_mixin.py:190} INFO - [2024-09-26T03:11:40.866+0000] {dag.py:3229} INFO - Sync 1 DAGs
[2024-09-26T03:11:40.893+0000] {logging_mixin.py:190} INFO - [2024-09-26T03:11:40.893+0000] {dag.py:4156} INFO - Setting next_dagrun for schedule_with_cron_expression_v03 to 2024-09-12 03:00:00+00:00, run_after=2024-09-13 03:00:00+00:00
[2024-09-26T03:11:40.927+0000] {processor.py:208} INFO - Processing /opt/airflow/dags/deck_with_cron_expression.py took 0.170 seconds
[2024-09-26T03:12:11.546+0000] {processor.py:186} INFO - Started process (PID=146352) to work on /opt/airflow/dags/deck_with_cron_expression.py
[2024-09-26T03:12:11.548+0000] {processor.py:914} INFO - Processing file /opt/airflow/dags/deck_with_cron_expression.py for tasks to queue
[2024-09-26T03:12:11.550+0000] {logging_mixin.py:190} INFO - [2024-09-26T03:12:11.550+0000] {dagbag.py:587} INFO - Filling up the DagBag from /opt/airflow/dags/deck_with_cron_expression.py
[2024-09-26T03:12:11.630+0000] {processor.py:925} INFO - DAG(s) 'schedule_with_cron_expression_v03' retrieved from /opt/airflow/dags/deck_with_cron_expression.py
[2024-09-26T03:12:11.654+0000] {logging_mixin.py:190} INFO - [2024-09-26T03:12:11.654+0000] {dag.py:3229} INFO - Sync 1 DAGs
[2024-09-26T03:12:11.675+0000] {logging_mixin.py:190} INFO - [2024-09-26T03:12:11.674+0000] {dag.py:4156} INFO - Setting next_dagrun for schedule_with_cron_expression_v03 to 2024-09-12 03:00:00+00:00, run_after=2024-09-13 03:00:00+00:00
[2024-09-26T03:12:11.695+0000] {processor.py:208} INFO - Processing /opt/airflow/dags/deck_with_cron_expression.py took 0.155 seconds
[2024-09-26T03:12:42.260+0000] {processor.py:186} INFO - Started process (PID=146395) to work on /opt/airflow/dags/deck_with_cron_expression.py
[2024-09-26T03:12:42.262+0000] {processor.py:914} INFO - Processing file /opt/airflow/dags/deck_with_cron_expression.py for tasks to queue
[2024-09-26T03:12:42.264+0000] {logging_mixin.py:190} INFO - [2024-09-26T03:12:42.264+0000] {dagbag.py:587} INFO - Filling up the DagBag from /opt/airflow/dags/deck_with_cron_expression.py
[2024-09-26T03:12:42.338+0000] {processor.py:925} INFO - DAG(s) 'schedule_with_cron_expression_v03' retrieved from /opt/airflow/dags/deck_with_cron_expression.py
[2024-09-26T03:12:42.373+0000] {logging_mixin.py:190} INFO - [2024-09-26T03:12:42.372+0000] {dag.py:3229} INFO - Sync 1 DAGs
[2024-09-26T03:12:42.416+0000] {logging_mixin.py:190} INFO - [2024-09-26T03:12:42.416+0000] {dag.py:4156} INFO - Setting next_dagrun for schedule_with_cron_expression_v03 to 2024-09-12 03:00:00+00:00, run_after=2024-09-13 03:00:00+00:00
[2024-09-26T03:12:42.448+0000] {processor.py:208} INFO - Processing /opt/airflow/dags/deck_with_cron_expression.py took 0.193 seconds
[2024-09-26T03:13:12.925+0000] {processor.py:186} INFO - Started process (PID=146438) to work on /opt/airflow/dags/deck_with_cron_expression.py
[2024-09-26T03:13:12.927+0000] {processor.py:914} INFO - Processing file /opt/airflow/dags/deck_with_cron_expression.py for tasks to queue
[2024-09-26T03:13:12.929+0000] {logging_mixin.py:190} INFO - [2024-09-26T03:13:12.929+0000] {dagbag.py:587} INFO - Filling up the DagBag from /opt/airflow/dags/deck_with_cron_expression.py
[2024-09-26T03:13:13.020+0000] {processor.py:925} INFO - DAG(s) 'schedule_with_cron_expression_v03' retrieved from /opt/airflow/dags/deck_with_cron_expression.py
[2024-09-26T03:13:13.055+0000] {logging_mixin.py:190} INFO - [2024-09-26T03:13:13.055+0000] {dag.py:3229} INFO - Sync 1 DAGs
[2024-09-26T03:13:13.083+0000] {logging_mixin.py:190} INFO - [2024-09-26T03:13:13.083+0000] {dag.py:4156} INFO - Setting next_dagrun for schedule_with_cron_expression_v03 to 2024-09-12 03:00:00+00:00, run_after=2024-09-13 03:00:00+00:00
[2024-09-26T03:13:13.106+0000] {processor.py:208} INFO - Processing /opt/airflow/dags/deck_with_cron_expression.py took 0.188 seconds
[2024-09-26T03:13:43.415+0000] {processor.py:186} INFO - Started process (PID=146481) to work on /opt/airflow/dags/deck_with_cron_expression.py
[2024-09-26T03:13:43.417+0000] {processor.py:914} INFO - Processing file /opt/airflow/dags/deck_with_cron_expression.py for tasks to queue
[2024-09-26T03:13:43.419+0000] {logging_mixin.py:190} INFO - [2024-09-26T03:13:43.419+0000] {dagbag.py:587} INFO - Filling up the DagBag from /opt/airflow/dags/deck_with_cron_expression.py
[2024-09-26T03:13:43.502+0000] {processor.py:925} INFO - DAG(s) 'schedule_with_cron_expression_v03' retrieved from /opt/airflow/dags/deck_with_cron_expression.py
[2024-09-26T03:13:43.533+0000] {logging_mixin.py:190} INFO - [2024-09-26T03:13:43.533+0000] {dag.py:3229} INFO - Sync 1 DAGs
[2024-09-26T03:13:43.559+0000] {logging_mixin.py:190} INFO - [2024-09-26T03:13:43.558+0000] {dag.py:4156} INFO - Setting next_dagrun for schedule_with_cron_expression_v03 to 2024-09-12 03:00:00+00:00, run_after=2024-09-13 03:00:00+00:00
[2024-09-26T03:13:43.586+0000] {processor.py:208} INFO - Processing /opt/airflow/dags/deck_with_cron_expression.py took 0.177 seconds
[2024-09-26T03:14:13.927+0000] {processor.py:186} INFO - Started process (PID=146524) to work on /opt/airflow/dags/deck_with_cron_expression.py
[2024-09-26T03:14:13.929+0000] {processor.py:914} INFO - Processing file /opt/airflow/dags/deck_with_cron_expression.py for tasks to queue
[2024-09-26T03:14:13.932+0000] {logging_mixin.py:190} INFO - [2024-09-26T03:14:13.931+0000] {dagbag.py:587} INFO - Filling up the DagBag from /opt/airflow/dags/deck_with_cron_expression.py
[2024-09-26T03:14:14.015+0000] {processor.py:925} INFO - DAG(s) 'schedule_with_cron_expression_v03' retrieved from /opt/airflow/dags/deck_with_cron_expression.py
[2024-09-26T03:14:14.040+0000] {logging_mixin.py:190} INFO - [2024-09-26T03:14:14.040+0000] {dag.py:3229} INFO - Sync 1 DAGs
[2024-09-26T03:14:14.060+0000] {logging_mixin.py:190} INFO - [2024-09-26T03:14:14.060+0000] {dag.py:4156} INFO - Setting next_dagrun for schedule_with_cron_expression_v03 to 2024-09-12 03:00:00+00:00, run_after=2024-09-13 03:00:00+00:00
[2024-09-26T03:14:14.087+0000] {processor.py:208} INFO - Processing /opt/airflow/dags/deck_with_cron_expression.py took 0.168 seconds
[2024-09-26T03:14:44.707+0000] {processor.py:186} INFO - Started process (PID=146567) to work on /opt/airflow/dags/deck_with_cron_expression.py
[2024-09-26T03:14:44.709+0000] {processor.py:914} INFO - Processing file /opt/airflow/dags/deck_with_cron_expression.py for tasks to queue
[2024-09-26T03:14:44.711+0000] {logging_mixin.py:190} INFO - [2024-09-26T03:14:44.710+0000] {dagbag.py:587} INFO - Filling up the DagBag from /opt/airflow/dags/deck_with_cron_expression.py
[2024-09-26T03:14:44.831+0000] {processor.py:925} INFO - DAG(s) 'schedule_with_cron_expression_v03' retrieved from /opt/airflow/dags/deck_with_cron_expression.py
[2024-09-26T03:14:44.856+0000] {logging_mixin.py:190} INFO - [2024-09-26T03:14:44.855+0000] {dag.py:3229} INFO - Sync 1 DAGs
[2024-09-26T03:14:44.877+0000] {logging_mixin.py:190} INFO - [2024-09-26T03:14:44.877+0000] {dag.py:4156} INFO - Setting next_dagrun for schedule_with_cron_expression_v03 to 2024-09-12 03:00:00+00:00, run_after=2024-09-13 03:00:00+00:00
[2024-09-26T03:14:44.906+0000] {processor.py:208} INFO - Processing /opt/airflow/dags/deck_with_cron_expression.py took 0.204 seconds
[2024-09-26T03:15:15.516+0000] {processor.py:186} INFO - Started process (PID=146610) to work on /opt/airflow/dags/deck_with_cron_expression.py
[2024-09-26T03:15:15.518+0000] {processor.py:914} INFO - Processing file /opt/airflow/dags/deck_with_cron_expression.py for tasks to queue
[2024-09-26T03:15:15.520+0000] {logging_mixin.py:190} INFO - [2024-09-26T03:15:15.520+0000] {dagbag.py:587} INFO - Filling up the DagBag from /opt/airflow/dags/deck_with_cron_expression.py
[2024-09-26T03:15:15.609+0000] {processor.py:925} INFO - DAG(s) 'schedule_with_cron_expression_v03' retrieved from /opt/airflow/dags/deck_with_cron_expression.py
[2024-09-26T03:15:15.639+0000] {logging_mixin.py:190} INFO - [2024-09-26T03:15:15.639+0000] {dag.py:3229} INFO - Sync 1 DAGs
[2024-09-26T03:15:15.660+0000] {logging_mixin.py:190} INFO - [2024-09-26T03:15:15.659+0000] {dag.py:4156} INFO - Setting next_dagrun for schedule_with_cron_expression_v03 to 2024-09-12 03:00:00+00:00, run_after=2024-09-13 03:00:00+00:00
[2024-09-26T03:15:15.683+0000] {processor.py:208} INFO - Processing /opt/airflow/dags/deck_with_cron_expression.py took 0.173 seconds
[2024-09-26T03:15:46.166+0000] {processor.py:186} INFO - Started process (PID=146653) to work on /opt/airflow/dags/deck_with_cron_expression.py
[2024-09-26T03:15:46.168+0000] {processor.py:914} INFO - Processing file /opt/airflow/dags/deck_with_cron_expression.py for tasks to queue
[2024-09-26T03:15:46.170+0000] {logging_mixin.py:190} INFO - [2024-09-26T03:15:46.169+0000] {dagbag.py:587} INFO - Filling up the DagBag from /opt/airflow/dags/deck_with_cron_expression.py
[2024-09-26T03:15:46.288+0000] {processor.py:925} INFO - DAG(s) 'schedule_with_cron_expression_v03' retrieved from /opt/airflow/dags/deck_with_cron_expression.py
[2024-09-26T03:15:46.318+0000] {logging_mixin.py:190} INFO - [2024-09-26T03:15:46.317+0000] {dag.py:3229} INFO - Sync 1 DAGs
[2024-09-26T03:15:46.345+0000] {logging_mixin.py:190} INFO - [2024-09-26T03:15:46.345+0000] {dag.py:4156} INFO - Setting next_dagrun for schedule_with_cron_expression_v03 to 2024-09-12 03:00:00+00:00, run_after=2024-09-13 03:00:00+00:00
[2024-09-26T03:15:46.372+0000] {processor.py:208} INFO - Processing /opt/airflow/dags/deck_with_cron_expression.py took 0.212 seconds
[2024-09-26T03:16:16.826+0000] {processor.py:186} INFO - Started process (PID=146696) to work on /opt/airflow/dags/deck_with_cron_expression.py
[2024-09-26T03:16:16.829+0000] {processor.py:914} INFO - Processing file /opt/airflow/dags/deck_with_cron_expression.py for tasks to queue
[2024-09-26T03:16:16.832+0000] {logging_mixin.py:190} INFO - [2024-09-26T03:16:16.831+0000] {dagbag.py:587} INFO - Filling up the DagBag from /opt/airflow/dags/deck_with_cron_expression.py
[2024-09-26T03:16:16.953+0000] {processor.py:925} INFO - DAG(s) 'schedule_with_cron_expression_v03' retrieved from /opt/airflow/dags/deck_with_cron_expression.py
[2024-09-26T03:16:16.981+0000] {logging_mixin.py:190} INFO - [2024-09-26T03:16:16.981+0000] {dag.py:3229} INFO - Sync 1 DAGs
[2024-09-26T03:16:17.004+0000] {logging_mixin.py:190} INFO - [2024-09-26T03:16:17.004+0000] {dag.py:4156} INFO - Setting next_dagrun for schedule_with_cron_expression_v03 to 2024-09-12 03:00:00+00:00, run_after=2024-09-13 03:00:00+00:00
[2024-09-26T03:16:17.035+0000] {processor.py:208} INFO - Processing /opt/airflow/dags/deck_with_cron_expression.py took 0.217 seconds
[2024-09-26T03:16:47.413+0000] {processor.py:186} INFO - Started process (PID=146739) to work on /opt/airflow/dags/deck_with_cron_expression.py
[2024-09-26T03:16:47.416+0000] {processor.py:914} INFO - Processing file /opt/airflow/dags/deck_with_cron_expression.py for tasks to queue
[2024-09-26T03:16:47.418+0000] {logging_mixin.py:190} INFO - [2024-09-26T03:16:47.418+0000] {dagbag.py:587} INFO - Filling up the DagBag from /opt/airflow/dags/deck_with_cron_expression.py
[2024-09-26T03:16:47.522+0000] {processor.py:925} INFO - DAG(s) 'schedule_with_cron_expression_v03' retrieved from /opt/airflow/dags/deck_with_cron_expression.py
[2024-09-26T03:16:47.550+0000] {logging_mixin.py:190} INFO - [2024-09-26T03:16:47.550+0000] {dag.py:3229} INFO - Sync 1 DAGs
[2024-09-26T03:16:47.571+0000] {logging_mixin.py:190} INFO - [2024-09-26T03:16:47.570+0000] {dag.py:4156} INFO - Setting next_dagrun for schedule_with_cron_expression_v03 to 2024-09-12 03:00:00+00:00, run_after=2024-09-13 03:00:00+00:00
[2024-09-26T03:16:47.608+0000] {processor.py:208} INFO - Processing /opt/airflow/dags/deck_with_cron_expression.py took 0.204 seconds
[2024-09-26T03:17:18.266+0000] {processor.py:186} INFO - Started process (PID=146782) to work on /opt/airflow/dags/deck_with_cron_expression.py
[2024-09-26T03:17:18.269+0000] {processor.py:914} INFO - Processing file /opt/airflow/dags/deck_with_cron_expression.py for tasks to queue
[2024-09-26T03:17:18.271+0000] {logging_mixin.py:190} INFO - [2024-09-26T03:17:18.271+0000] {dagbag.py:587} INFO - Filling up the DagBag from /opt/airflow/dags/deck_with_cron_expression.py
[2024-09-26T03:17:18.377+0000] {processor.py:925} INFO - DAG(s) 'schedule_with_cron_expression_v03' retrieved from /opt/airflow/dags/deck_with_cron_expression.py
[2024-09-26T03:17:18.404+0000] {logging_mixin.py:190} INFO - [2024-09-26T03:17:18.404+0000] {dag.py:3229} INFO - Sync 1 DAGs
[2024-09-26T03:17:18.426+0000] {logging_mixin.py:190} INFO - [2024-09-26T03:17:18.425+0000] {dag.py:4156} INFO - Setting next_dagrun for schedule_with_cron_expression_v03 to 2024-09-12 03:00:00+00:00, run_after=2024-09-13 03:00:00+00:00
[2024-09-26T03:17:18.450+0000] {processor.py:208} INFO - Processing /opt/airflow/dags/deck_with_cron_expression.py took 0.192 seconds
[2024-09-26T03:17:48.809+0000] {processor.py:186} INFO - Started process (PID=146825) to work on /opt/airflow/dags/deck_with_cron_expression.py
[2024-09-26T03:17:48.810+0000] {processor.py:914} INFO - Processing file /opt/airflow/dags/deck_with_cron_expression.py for tasks to queue
[2024-09-26T03:17:48.813+0000] {logging_mixin.py:190} INFO - [2024-09-26T03:17:48.812+0000] {dagbag.py:587} INFO - Filling up the DagBag from /opt/airflow/dags/deck_with_cron_expression.py
[2024-09-26T03:17:48.897+0000] {processor.py:925} INFO - DAG(s) 'schedule_with_cron_expression_v03' retrieved from /opt/airflow/dags/deck_with_cron_expression.py
[2024-09-26T03:17:48.924+0000] {logging_mixin.py:190} INFO - [2024-09-26T03:17:48.923+0000] {dag.py:3229} INFO - Sync 1 DAGs
[2024-09-26T03:17:48.949+0000] {logging_mixin.py:190} INFO - [2024-09-26T03:17:48.949+0000] {dag.py:4156} INFO - Setting next_dagrun for schedule_with_cron_expression_v03 to 2024-09-12 03:00:00+00:00, run_after=2024-09-13 03:00:00+00:00
[2024-09-26T03:17:48.979+0000] {processor.py:208} INFO - Processing /opt/airflow/dags/deck_with_cron_expression.py took 0.175 seconds
[2024-09-26T03:18:19.446+0000] {processor.py:186} INFO - Started process (PID=146868) to work on /opt/airflow/dags/deck_with_cron_expression.py
[2024-09-26T03:18:19.449+0000] {processor.py:914} INFO - Processing file /opt/airflow/dags/deck_with_cron_expression.py for tasks to queue
[2024-09-26T03:18:19.451+0000] {logging_mixin.py:190} INFO - [2024-09-26T03:18:19.451+0000] {dagbag.py:587} INFO - Filling up the DagBag from /opt/airflow/dags/deck_with_cron_expression.py
[2024-09-26T03:18:19.569+0000] {processor.py:925} INFO - DAG(s) 'schedule_with_cron_expression_v03' retrieved from /opt/airflow/dags/deck_with_cron_expression.py
[2024-09-26T03:18:19.592+0000] {logging_mixin.py:190} INFO - [2024-09-26T03:18:19.591+0000] {dag.py:3229} INFO - Sync 1 DAGs
[2024-09-26T03:18:19.613+0000] {logging_mixin.py:190} INFO - [2024-09-26T03:18:19.613+0000] {dag.py:4156} INFO - Setting next_dagrun for schedule_with_cron_expression_v03 to 2024-09-12 03:00:00+00:00, run_after=2024-09-13 03:00:00+00:00
[2024-09-26T03:18:19.648+0000] {processor.py:208} INFO - Processing /opt/airflow/dags/deck_with_cron_expression.py took 0.214 seconds
[2024-09-26T03:18:50.179+0000] {processor.py:186} INFO - Started process (PID=146911) to work on /opt/airflow/dags/deck_with_cron_expression.py
[2024-09-26T03:18:50.181+0000] {processor.py:914} INFO - Processing file /opt/airflow/dags/deck_with_cron_expression.py for tasks to queue
[2024-09-26T03:18:50.184+0000] {logging_mixin.py:190} INFO - [2024-09-26T03:18:50.184+0000] {dagbag.py:587} INFO - Filling up the DagBag from /opt/airflow/dags/deck_with_cron_expression.py
[2024-09-26T03:18:50.277+0000] {processor.py:925} INFO - DAG(s) 'schedule_with_cron_expression_v03' retrieved from /opt/airflow/dags/deck_with_cron_expression.py
[2024-09-26T03:18:50.300+0000] {logging_mixin.py:190} INFO - [2024-09-26T03:18:50.300+0000] {dag.py:3229} INFO - Sync 1 DAGs
[2024-09-26T03:18:50.323+0000] {logging_mixin.py:190} INFO - [2024-09-26T03:18:50.323+0000] {dag.py:4156} INFO - Setting next_dagrun for schedule_with_cron_expression_v03 to 2024-09-12 03:00:00+00:00, run_after=2024-09-13 03:00:00+00:00
[2024-09-26T03:18:50.357+0000] {processor.py:208} INFO - Processing /opt/airflow/dags/deck_with_cron_expression.py took 0.188 seconds
[2024-09-26T03:19:20.857+0000] {processor.py:186} INFO - Started process (PID=146954) to work on /opt/airflow/dags/deck_with_cron_expression.py
[2024-09-26T03:19:20.858+0000] {processor.py:914} INFO - Processing file /opt/airflow/dags/deck_with_cron_expression.py for tasks to queue
[2024-09-26T03:19:20.861+0000] {logging_mixin.py:190} INFO - [2024-09-26T03:19:20.861+0000] {dagbag.py:587} INFO - Filling up the DagBag from /opt/airflow/dags/deck_with_cron_expression.py
[2024-09-26T03:19:20.971+0000] {processor.py:925} INFO - DAG(s) 'schedule_with_cron_expression_v03' retrieved from /opt/airflow/dags/deck_with_cron_expression.py
[2024-09-26T03:19:21.005+0000] {logging_mixin.py:190} INFO - [2024-09-26T03:19:21.005+0000] {dag.py:3229} INFO - Sync 1 DAGs
[2024-09-26T03:19:21.027+0000] {logging_mixin.py:190} INFO - [2024-09-26T03:19:21.027+0000] {dag.py:4156} INFO - Setting next_dagrun for schedule_with_cron_expression_v03 to 2024-09-12 03:00:00+00:00, run_after=2024-09-13 03:00:00+00:00
[2024-09-26T03:19:21.055+0000] {processor.py:208} INFO - Processing /opt/airflow/dags/deck_with_cron_expression.py took 0.204 seconds
[2024-09-26T03:19:51.600+0000] {processor.py:186} INFO - Started process (PID=146997) to work on /opt/airflow/dags/deck_with_cron_expression.py
[2024-09-26T03:19:51.602+0000] {processor.py:914} INFO - Processing file /opt/airflow/dags/deck_with_cron_expression.py for tasks to queue
[2024-09-26T03:19:51.605+0000] {logging_mixin.py:190} INFO - [2024-09-26T03:19:51.604+0000] {dagbag.py:587} INFO - Filling up the DagBag from /opt/airflow/dags/deck_with_cron_expression.py
[2024-09-26T03:19:51.688+0000] {processor.py:925} INFO - DAG(s) 'schedule_with_cron_expression_v03' retrieved from /opt/airflow/dags/deck_with_cron_expression.py
[2024-09-26T03:19:51.713+0000] {logging_mixin.py:190} INFO - [2024-09-26T03:19:51.713+0000] {dag.py:3229} INFO - Sync 1 DAGs
[2024-09-26T03:19:51.737+0000] {logging_mixin.py:190} INFO - [2024-09-26T03:19:51.736+0000] {dag.py:4156} INFO - Setting next_dagrun for schedule_with_cron_expression_v03 to 2024-09-12 03:00:00+00:00, run_after=2024-09-13 03:00:00+00:00
[2024-09-26T03:19:51.764+0000] {processor.py:208} INFO - Processing /opt/airflow/dags/deck_with_cron_expression.py took 0.169 seconds
[2024-09-26T03:20:22.143+0000] {processor.py:186} INFO - Started process (PID=147040) to work on /opt/airflow/dags/deck_with_cron_expression.py
[2024-09-26T03:20:22.145+0000] {processor.py:914} INFO - Processing file /opt/airflow/dags/deck_with_cron_expression.py for tasks to queue
[2024-09-26T03:20:22.148+0000] {logging_mixin.py:190} INFO - [2024-09-26T03:20:22.148+0000] {dagbag.py:587} INFO - Filling up the DagBag from /opt/airflow/dags/deck_with_cron_expression.py
[2024-09-26T03:20:22.253+0000] {processor.py:925} INFO - DAG(s) 'schedule_with_cron_expression_v03' retrieved from /opt/airflow/dags/deck_with_cron_expression.py
[2024-09-26T03:20:22.283+0000] {logging_mixin.py:190} INFO - [2024-09-26T03:20:22.283+0000] {dag.py:3229} INFO - Sync 1 DAGs
[2024-09-26T03:20:22.305+0000] {logging_mixin.py:190} INFO - [2024-09-26T03:20:22.304+0000] {dag.py:4156} INFO - Setting next_dagrun for schedule_with_cron_expression_v03 to 2024-09-12 03:00:00+00:00, run_after=2024-09-13 03:00:00+00:00
[2024-09-26T03:20:22.341+0000] {processor.py:208} INFO - Processing /opt/airflow/dags/deck_with_cron_expression.py took 0.208 seconds
[2024-09-26T03:20:52.969+0000] {processor.py:186} INFO - Started process (PID=147083) to work on /opt/airflow/dags/deck_with_cron_expression.py
[2024-09-26T03:20:52.970+0000] {processor.py:914} INFO - Processing file /opt/airflow/dags/deck_with_cron_expression.py for tasks to queue
[2024-09-26T03:20:52.973+0000] {logging_mixin.py:190} INFO - [2024-09-26T03:20:52.972+0000] {dagbag.py:587} INFO - Filling up the DagBag from /opt/airflow/dags/deck_with_cron_expression.py
[2024-09-26T03:20:53.071+0000] {processor.py:925} INFO - DAG(s) 'schedule_with_cron_expression_v03' retrieved from /opt/airflow/dags/deck_with_cron_expression.py
[2024-09-26T03:20:53.098+0000] {logging_mixin.py:190} INFO - [2024-09-26T03:20:53.098+0000] {dag.py:3229} INFO - Sync 1 DAGs
[2024-09-26T03:20:53.133+0000] {logging_mixin.py:190} INFO - [2024-09-26T03:20:53.132+0000] {dag.py:4156} INFO - Setting next_dagrun for schedule_with_cron_expression_v03 to 2024-09-12 03:00:00+00:00, run_after=2024-09-13 03:00:00+00:00
[2024-09-26T03:20:53.168+0000] {processor.py:208} INFO - Processing /opt/airflow/dags/deck_with_cron_expression.py took 0.205 seconds
[2024-09-26T03:21:23.619+0000] {processor.py:186} INFO - Started process (PID=147126) to work on /opt/airflow/dags/deck_with_cron_expression.py
[2024-09-26T03:21:23.621+0000] {processor.py:914} INFO - Processing file /opt/airflow/dags/deck_with_cron_expression.py for tasks to queue
[2024-09-26T03:21:23.624+0000] {logging_mixin.py:190} INFO - [2024-09-26T03:21:23.624+0000] {dagbag.py:587} INFO - Filling up the DagBag from /opt/airflow/dags/deck_with_cron_expression.py
[2024-09-26T03:21:23.742+0000] {processor.py:925} INFO - DAG(s) 'schedule_with_cron_expression_v03' retrieved from /opt/airflow/dags/deck_with_cron_expression.py
[2024-09-26T03:21:23.775+0000] {logging_mixin.py:190} INFO - [2024-09-26T03:21:23.775+0000] {dag.py:3229} INFO - Sync 1 DAGs
[2024-09-26T03:21:23.796+0000] {logging_mixin.py:190} INFO - [2024-09-26T03:21:23.796+0000] {dag.py:4156} INFO - Setting next_dagrun for schedule_with_cron_expression_v03 to 2024-09-12 03:00:00+00:00, run_after=2024-09-13 03:00:00+00:00
[2024-09-26T03:21:23.830+0000] {processor.py:208} INFO - Processing /opt/airflow/dags/deck_with_cron_expression.py took 0.220 seconds
[2024-09-26T03:21:54.280+0000] {processor.py:186} INFO - Started process (PID=147169) to work on /opt/airflow/dags/deck_with_cron_expression.py
[2024-09-26T03:21:54.282+0000] {processor.py:914} INFO - Processing file /opt/airflow/dags/deck_with_cron_expression.py for tasks to queue
[2024-09-26T03:21:54.284+0000] {logging_mixin.py:190} INFO - [2024-09-26T03:21:54.284+0000] {dagbag.py:587} INFO - Filling up the DagBag from /opt/airflow/dags/deck_with_cron_expression.py
[2024-09-26T03:21:54.360+0000] {processor.py:925} INFO - DAG(s) 'schedule_with_cron_expression_v03' retrieved from /opt/airflow/dags/deck_with_cron_expression.py
[2024-09-26T03:21:54.383+0000] {logging_mixin.py:190} INFO - [2024-09-26T03:21:54.383+0000] {dag.py:3229} INFO - Sync 1 DAGs
[2024-09-26T03:21:54.407+0000] {logging_mixin.py:190} INFO - [2024-09-26T03:21:54.407+0000] {dag.py:4156} INFO - Setting next_dagrun for schedule_with_cron_expression_v03 to 2024-09-12 03:00:00+00:00, run_after=2024-09-13 03:00:00+00:00
[2024-09-26T03:21:54.432+0000] {processor.py:208} INFO - Processing /opt/airflow/dags/deck_with_cron_expression.py took 0.157 seconds
[2024-09-26T03:22:25.097+0000] {processor.py:186} INFO - Started process (PID=147212) to work on /opt/airflow/dags/deck_with_cron_expression.py
[2024-09-26T03:22:25.099+0000] {processor.py:914} INFO - Processing file /opt/airflow/dags/deck_with_cron_expression.py for tasks to queue
[2024-09-26T03:22:25.102+0000] {logging_mixin.py:190} INFO - [2024-09-26T03:22:25.101+0000] {dagbag.py:587} INFO - Filling up the DagBag from /opt/airflow/dags/deck_with_cron_expression.py
[2024-09-26T03:22:25.183+0000] {processor.py:925} INFO - DAG(s) 'schedule_with_cron_expression_v03' retrieved from /opt/airflow/dags/deck_with_cron_expression.py
[2024-09-26T03:22:25.210+0000] {logging_mixin.py:190} INFO - [2024-09-26T03:22:25.210+0000] {dag.py:3229} INFO - Sync 1 DAGs
[2024-09-26T03:22:25.233+0000] {logging_mixin.py:190} INFO - [2024-09-26T03:22:25.233+0000] {dag.py:4156} INFO - Setting next_dagrun for schedule_with_cron_expression_v03 to 2024-09-12 03:00:00+00:00, run_after=2024-09-13 03:00:00+00:00
[2024-09-26T03:22:25.260+0000] {processor.py:208} INFO - Processing /opt/airflow/dags/deck_with_cron_expression.py took 0.171 seconds
[2024-09-26T03:22:55.797+0000] {processor.py:186} INFO - Started process (PID=147255) to work on /opt/airflow/dags/deck_with_cron_expression.py
[2024-09-26T03:22:55.799+0000] {processor.py:914} INFO - Processing file /opt/airflow/dags/deck_with_cron_expression.py for tasks to queue
[2024-09-26T03:22:55.802+0000] {logging_mixin.py:190} INFO - [2024-09-26T03:22:55.801+0000] {dagbag.py:587} INFO - Filling up the DagBag from /opt/airflow/dags/deck_with_cron_expression.py
[2024-09-26T03:22:55.911+0000] {processor.py:925} INFO - DAG(s) 'schedule_with_cron_expression_v03' retrieved from /opt/airflow/dags/deck_with_cron_expression.py
[2024-09-26T03:22:55.934+0000] {logging_mixin.py:190} INFO - [2024-09-26T03:22:55.933+0000] {dag.py:3229} INFO - Sync 1 DAGs
[2024-09-26T03:22:55.956+0000] {logging_mixin.py:190} INFO - [2024-09-26T03:22:55.955+0000] {dag.py:4156} INFO - Setting next_dagrun for schedule_with_cron_expression_v03 to 2024-09-12 03:00:00+00:00, run_after=2024-09-13 03:00:00+00:00
[2024-09-26T03:22:55.992+0000] {processor.py:208} INFO - Processing /opt/airflow/dags/deck_with_cron_expression.py took 0.202 seconds
[2024-09-26T03:23:26.536+0000] {processor.py:186} INFO - Started process (PID=147298) to work on /opt/airflow/dags/deck_with_cron_expression.py
[2024-09-26T03:23:26.538+0000] {processor.py:914} INFO - Processing file /opt/airflow/dags/deck_with_cron_expression.py for tasks to queue
[2024-09-26T03:23:26.540+0000] {logging_mixin.py:190} INFO - [2024-09-26T03:23:26.540+0000] {dagbag.py:587} INFO - Filling up the DagBag from /opt/airflow/dags/deck_with_cron_expression.py
[2024-09-26T03:23:26.631+0000] {processor.py:925} INFO - DAG(s) 'schedule_with_cron_expression_v03' retrieved from /opt/airflow/dags/deck_with_cron_expression.py
[2024-09-26T03:23:26.657+0000] {logging_mixin.py:190} INFO - [2024-09-26T03:23:26.656+0000] {dag.py:3229} INFO - Sync 1 DAGs
[2024-09-26T03:23:26.678+0000] {logging_mixin.py:190} INFO - [2024-09-26T03:23:26.677+0000] {dag.py:4156} INFO - Setting next_dagrun for schedule_with_cron_expression_v03 to 2024-09-12 03:00:00+00:00, run_after=2024-09-13 03:00:00+00:00
[2024-09-26T03:23:26.712+0000] {processor.py:208} INFO - Processing /opt/airflow/dags/deck_with_cron_expression.py took 0.181 seconds
[2024-09-26T03:23:57.198+0000] {processor.py:186} INFO - Started process (PID=147341) to work on /opt/airflow/dags/deck_with_cron_expression.py
[2024-09-26T03:23:57.200+0000] {processor.py:914} INFO - Processing file /opt/airflow/dags/deck_with_cron_expression.py for tasks to queue
[2024-09-26T03:23:57.203+0000] {logging_mixin.py:190} INFO - [2024-09-26T03:23:57.203+0000] {dagbag.py:587} INFO - Filling up the DagBag from /opt/airflow/dags/deck_with_cron_expression.py
[2024-09-26T03:23:57.325+0000] {processor.py:925} INFO - DAG(s) 'schedule_with_cron_expression_v03' retrieved from /opt/airflow/dags/deck_with_cron_expression.py
[2024-09-26T03:23:57.359+0000] {logging_mixin.py:190} INFO - [2024-09-26T03:23:57.359+0000] {dag.py:3229} INFO - Sync 1 DAGs
[2024-09-26T03:23:57.403+0000] {logging_mixin.py:190} INFO - [2024-09-26T03:23:57.402+0000] {dag.py:4156} INFO - Setting next_dagrun for schedule_with_cron_expression_v03 to 2024-09-12 03:00:00+00:00, run_after=2024-09-13 03:00:00+00:00
[2024-09-26T03:23:57.448+0000] {processor.py:208} INFO - Processing /opt/airflow/dags/deck_with_cron_expression.py took 0.261 seconds
[2024-09-26T03:24:27.897+0000] {processor.py:186} INFO - Started process (PID=147384) to work on /opt/airflow/dags/deck_with_cron_expression.py
[2024-09-26T03:24:27.899+0000] {processor.py:914} INFO - Processing file /opt/airflow/dags/deck_with_cron_expression.py for tasks to queue
[2024-09-26T03:24:27.903+0000] {logging_mixin.py:190} INFO - [2024-09-26T03:24:27.902+0000] {dagbag.py:587} INFO - Filling up the DagBag from /opt/airflow/dags/deck_with_cron_expression.py
[2024-09-26T03:24:28.036+0000] {processor.py:925} INFO - DAG(s) 'schedule_with_cron_expression_v03' retrieved from /opt/airflow/dags/deck_with_cron_expression.py
[2024-09-26T03:24:28.068+0000] {logging_mixin.py:190} INFO - [2024-09-26T03:24:28.068+0000] {dag.py:3229} INFO - Sync 1 DAGs
[2024-09-26T03:24:28.089+0000] {logging_mixin.py:190} INFO - [2024-09-26T03:24:28.089+0000] {dag.py:4156} INFO - Setting next_dagrun for schedule_with_cron_expression_v03 to 2024-09-12 03:00:00+00:00, run_after=2024-09-13 03:00:00+00:00
[2024-09-26T03:24:28.119+0000] {processor.py:208} INFO - Processing /opt/airflow/dags/deck_with_cron_expression.py took 0.227 seconds
[2024-09-26T03:24:58.526+0000] {processor.py:186} INFO - Started process (PID=147427) to work on /opt/airflow/dags/deck_with_cron_expression.py
[2024-09-26T03:24:58.528+0000] {processor.py:914} INFO - Processing file /opt/airflow/dags/deck_with_cron_expression.py for tasks to queue
[2024-09-26T03:24:58.530+0000] {logging_mixin.py:190} INFO - [2024-09-26T03:24:58.530+0000] {dagbag.py:587} INFO - Filling up the DagBag from /opt/airflow/dags/deck_with_cron_expression.py
[2024-09-26T03:24:58.621+0000] {processor.py:925} INFO - DAG(s) 'schedule_with_cron_expression_v03' retrieved from /opt/airflow/dags/deck_with_cron_expression.py
[2024-09-26T03:24:58.647+0000] {logging_mixin.py:190} INFO - [2024-09-26T03:24:58.647+0000] {dag.py:3229} INFO - Sync 1 DAGs
[2024-09-26T03:24:58.669+0000] {logging_mixin.py:190} INFO - [2024-09-26T03:24:58.669+0000] {dag.py:4156} INFO - Setting next_dagrun for schedule_with_cron_expression_v03 to 2024-09-12 03:00:00+00:00, run_after=2024-09-13 03:00:00+00:00
[2024-09-26T03:24:58.692+0000] {processor.py:208} INFO - Processing /opt/airflow/dags/deck_with_cron_expression.py took 0.172 seconds
[2024-09-26T03:25:29.079+0000] {processor.py:186} INFO - Started process (PID=147470) to work on /opt/airflow/dags/deck_with_cron_expression.py
[2024-09-26T03:25:29.081+0000] {processor.py:914} INFO - Processing file /opt/airflow/dags/deck_with_cron_expression.py for tasks to queue
[2024-09-26T03:25:29.083+0000] {logging_mixin.py:190} INFO - [2024-09-26T03:25:29.083+0000] {dagbag.py:587} INFO - Filling up the DagBag from /opt/airflow/dags/deck_with_cron_expression.py
[2024-09-26T03:25:29.202+0000] {processor.py:925} INFO - DAG(s) 'schedule_with_cron_expression_v03' retrieved from /opt/airflow/dags/deck_with_cron_expression.py
[2024-09-26T03:25:29.226+0000] {logging_mixin.py:190} INFO - [2024-09-26T03:25:29.226+0000] {dag.py:3229} INFO - Sync 1 DAGs
[2024-09-26T03:25:29.247+0000] {logging_mixin.py:190} INFO - [2024-09-26T03:25:29.246+0000] {dag.py:4156} INFO - Setting next_dagrun for schedule_with_cron_expression_v03 to 2024-09-12 03:00:00+00:00, run_after=2024-09-13 03:00:00+00:00
[2024-09-26T03:25:29.281+0000] {processor.py:208} INFO - Processing /opt/airflow/dags/deck_with_cron_expression.py took 0.210 seconds
[2024-09-26T03:26:00.037+0000] {processor.py:186} INFO - Started process (PID=147513) to work on /opt/airflow/dags/deck_with_cron_expression.py
[2024-09-26T03:26:00.040+0000] {processor.py:914} INFO - Processing file /opt/airflow/dags/deck_with_cron_expression.py for tasks to queue
[2024-09-26T03:26:00.042+0000] {logging_mixin.py:190} INFO - [2024-09-26T03:26:00.042+0000] {dagbag.py:587} INFO - Filling up the DagBag from /opt/airflow/dags/deck_with_cron_expression.py
[2024-09-26T03:26:00.155+0000] {processor.py:925} INFO - DAG(s) 'schedule_with_cron_expression_v03' retrieved from /opt/airflow/dags/deck_with_cron_expression.py
[2024-09-26T03:26:00.188+0000] {logging_mixin.py:190} INFO - [2024-09-26T03:26:00.188+0000] {dag.py:3229} INFO - Sync 1 DAGs
[2024-09-26T03:26:00.215+0000] {logging_mixin.py:190} INFO - [2024-09-26T03:26:00.215+0000] {dag.py:4156} INFO - Setting next_dagrun for schedule_with_cron_expression_v03 to 2024-09-12 03:00:00+00:00, run_after=2024-09-13 03:00:00+00:00
[2024-09-26T03:26:00.245+0000] {processor.py:208} INFO - Processing /opt/airflow/dags/deck_with_cron_expression.py took 0.218 seconds
[2024-09-26T03:26:30.759+0000] {processor.py:186} INFO - Started process (PID=147556) to work on /opt/airflow/dags/deck_with_cron_expression.py
[2024-09-26T03:26:30.761+0000] {processor.py:914} INFO - Processing file /opt/airflow/dags/deck_with_cron_expression.py for tasks to queue
[2024-09-26T03:26:30.763+0000] {logging_mixin.py:190} INFO - [2024-09-26T03:26:30.763+0000] {dagbag.py:587} INFO - Filling up the DagBag from /opt/airflow/dags/deck_with_cron_expression.py
[2024-09-26T03:26:30.875+0000] {processor.py:925} INFO - DAG(s) 'schedule_with_cron_expression_v03' retrieved from /opt/airflow/dags/deck_with_cron_expression.py
[2024-09-26T03:26:30.898+0000] {logging_mixin.py:190} INFO - [2024-09-26T03:26:30.898+0000] {dag.py:3229} INFO - Sync 1 DAGs
[2024-09-26T03:26:30.919+0000] {logging_mixin.py:190} INFO - [2024-09-26T03:26:30.919+0000] {dag.py:4156} INFO - Setting next_dagrun for schedule_with_cron_expression_v03 to 2024-09-12 03:00:00+00:00, run_after=2024-09-13 03:00:00+00:00
[2024-09-26T03:26:30.946+0000] {processor.py:208} INFO - Processing /opt/airflow/dags/deck_with_cron_expression.py took 0.197 seconds
[2024-09-26T03:27:01.384+0000] {processor.py:186} INFO - Started process (PID=147599) to work on /opt/airflow/dags/deck_with_cron_expression.py
[2024-09-26T03:27:01.385+0000] {processor.py:914} INFO - Processing file /opt/airflow/dags/deck_with_cron_expression.py for tasks to queue
[2024-09-26T03:27:01.387+0000] {logging_mixin.py:190} INFO - [2024-09-26T03:27:01.387+0000] {dagbag.py:587} INFO - Filling up the DagBag from /opt/airflow/dags/deck_with_cron_expression.py
[2024-09-26T03:27:01.483+0000] {processor.py:925} INFO - DAG(s) 'schedule_with_cron_expression_v03' retrieved from /opt/airflow/dags/deck_with_cron_expression.py
[2024-09-26T03:27:01.526+0000] {logging_mixin.py:190} INFO - [2024-09-26T03:27:01.525+0000] {dag.py:3229} INFO - Sync 1 DAGs
[2024-09-26T03:27:01.554+0000] {logging_mixin.py:190} INFO - [2024-09-26T03:27:01.554+0000] {dag.py:4156} INFO - Setting next_dagrun for schedule_with_cron_expression_v03 to 2024-09-12 03:00:00+00:00, run_after=2024-09-13 03:00:00+00:00
[2024-09-26T03:27:01.586+0000] {processor.py:208} INFO - Processing /opt/airflow/dags/deck_with_cron_expression.py took 0.209 seconds
[2024-09-26T03:27:31.952+0000] {processor.py:186} INFO - Started process (PID=147642) to work on /opt/airflow/dags/deck_with_cron_expression.py
[2024-09-26T03:27:31.954+0000] {processor.py:914} INFO - Processing file /opt/airflow/dags/deck_with_cron_expression.py for tasks to queue
[2024-09-26T03:27:31.957+0000] {logging_mixin.py:190} INFO - [2024-09-26T03:27:31.957+0000] {dagbag.py:587} INFO - Filling up the DagBag from /opt/airflow/dags/deck_with_cron_expression.py
[2024-09-26T03:27:32.074+0000] {processor.py:925} INFO - DAG(s) 'schedule_with_cron_expression_v03' retrieved from /opt/airflow/dags/deck_with_cron_expression.py
[2024-09-26T03:27:32.104+0000] {logging_mixin.py:190} INFO - [2024-09-26T03:27:32.104+0000] {dag.py:3229} INFO - Sync 1 DAGs
[2024-09-26T03:27:32.135+0000] {logging_mixin.py:190} INFO - [2024-09-26T03:27:32.135+0000] {dag.py:4156} INFO - Setting next_dagrun for schedule_with_cron_expression_v03 to 2024-09-12 03:00:00+00:00, run_after=2024-09-13 03:00:00+00:00
[2024-09-26T03:27:32.172+0000] {processor.py:208} INFO - Processing /opt/airflow/dags/deck_with_cron_expression.py took 0.233 seconds
[2024-09-26T03:28:02.481+0000] {processor.py:186} INFO - Started process (PID=147685) to work on /opt/airflow/dags/deck_with_cron_expression.py
[2024-09-26T03:28:02.483+0000] {processor.py:914} INFO - Processing file /opt/airflow/dags/deck_with_cron_expression.py for tasks to queue
[2024-09-26T03:28:02.486+0000] {logging_mixin.py:190} INFO - [2024-09-26T03:28:02.486+0000] {dagbag.py:587} INFO - Filling up the DagBag from /opt/airflow/dags/deck_with_cron_expression.py
[2024-09-26T03:28:02.608+0000] {processor.py:925} INFO - DAG(s) 'schedule_with_cron_expression_v03' retrieved from /opt/airflow/dags/deck_with_cron_expression.py
[2024-09-26T03:28:02.632+0000] {logging_mixin.py:190} INFO - [2024-09-26T03:28:02.632+0000] {dag.py:3229} INFO - Sync 1 DAGs
[2024-09-26T03:28:02.653+0000] {logging_mixin.py:190} INFO - [2024-09-26T03:28:02.653+0000] {dag.py:4156} INFO - Setting next_dagrun for schedule_with_cron_expression_v03 to 2024-09-12 03:00:00+00:00, run_after=2024-09-13 03:00:00+00:00
[2024-09-26T03:28:02.690+0000] {processor.py:208} INFO - Processing /opt/airflow/dags/deck_with_cron_expression.py took 0.218 seconds
[2024-09-26T03:28:32.928+0000] {processor.py:186} INFO - Started process (PID=147728) to work on /opt/airflow/dags/deck_with_cron_expression.py
[2024-09-26T03:28:32.930+0000] {processor.py:914} INFO - Processing file /opt/airflow/dags/deck_with_cron_expression.py for tasks to queue
[2024-09-26T03:28:32.933+0000] {logging_mixin.py:190} INFO - [2024-09-26T03:28:32.933+0000] {dagbag.py:587} INFO - Filling up the DagBag from /opt/airflow/dags/deck_with_cron_expression.py
[2024-09-26T03:28:33.038+0000] {processor.py:925} INFO - DAG(s) 'schedule_with_cron_expression_v03' retrieved from /opt/airflow/dags/deck_with_cron_expression.py
[2024-09-26T03:28:33.064+0000] {logging_mixin.py:190} INFO - [2024-09-26T03:28:33.064+0000] {dag.py:3229} INFO - Sync 1 DAGs
[2024-09-26T03:28:33.088+0000] {logging_mixin.py:190} INFO - [2024-09-26T03:28:33.088+0000] {dag.py:4156} INFO - Setting next_dagrun for schedule_with_cron_expression_v03 to 2024-09-12 03:00:00+00:00, run_after=2024-09-13 03:00:00+00:00
[2024-09-26T03:28:33.117+0000] {processor.py:208} INFO - Processing /opt/airflow/dags/deck_with_cron_expression.py took 0.197 seconds
[2024-09-26T03:29:03.525+0000] {processor.py:186} INFO - Started process (PID=147771) to work on /opt/airflow/dags/deck_with_cron_expression.py
[2024-09-26T03:29:03.526+0000] {processor.py:914} INFO - Processing file /opt/airflow/dags/deck_with_cron_expression.py for tasks to queue
[2024-09-26T03:29:03.528+0000] {logging_mixin.py:190} INFO - [2024-09-26T03:29:03.528+0000] {dagbag.py:587} INFO - Filling up the DagBag from /opt/airflow/dags/deck_with_cron_expression.py
[2024-09-26T03:29:03.624+0000] {processor.py:925} INFO - DAG(s) 'schedule_with_cron_expression_v03' retrieved from /opt/airflow/dags/deck_with_cron_expression.py
[2024-09-26T03:29:03.651+0000] {logging_mixin.py:190} INFO - [2024-09-26T03:29:03.651+0000] {dag.py:3229} INFO - Sync 1 DAGs
[2024-09-26T03:29:03.672+0000] {logging_mixin.py:190} INFO - [2024-09-26T03:29:03.672+0000] {dag.py:4156} INFO - Setting next_dagrun for schedule_with_cron_expression_v03 to 2024-09-12 03:00:00+00:00, run_after=2024-09-13 03:00:00+00:00
[2024-09-26T03:29:03.700+0000] {processor.py:208} INFO - Processing /opt/airflow/dags/deck_with_cron_expression.py took 0.184 seconds
[2024-09-26T03:29:34.366+0000] {processor.py:186} INFO - Started process (PID=147814) to work on /opt/airflow/dags/deck_with_cron_expression.py
[2024-09-26T03:29:34.369+0000] {processor.py:914} INFO - Processing file /opt/airflow/dags/deck_with_cron_expression.py for tasks to queue
[2024-09-26T03:29:34.374+0000] {logging_mixin.py:190} INFO - [2024-09-26T03:29:34.373+0000] {dagbag.py:587} INFO - Filling up the DagBag from /opt/airflow/dags/deck_with_cron_expression.py
[2024-09-26T03:29:34.470+0000] {processor.py:925} INFO - DAG(s) 'schedule_with_cron_expression_v03' retrieved from /opt/airflow/dags/deck_with_cron_expression.py
[2024-09-26T03:29:34.499+0000] {logging_mixin.py:190} INFO - [2024-09-26T03:29:34.499+0000] {dag.py:3229} INFO - Sync 1 DAGs
[2024-09-26T03:29:34.519+0000] {logging_mixin.py:190} INFO - [2024-09-26T03:29:34.519+0000] {dag.py:4156} INFO - Setting next_dagrun for schedule_with_cron_expression_v03 to 2024-09-12 03:00:00+00:00, run_after=2024-09-13 03:00:00+00:00
[2024-09-26T03:29:34.549+0000] {processor.py:208} INFO - Processing /opt/airflow/dags/deck_with_cron_expression.py took 0.194 seconds
[2024-09-26T03:30:05.111+0000] {processor.py:186} INFO - Started process (PID=147857) to work on /opt/airflow/dags/deck_with_cron_expression.py
[2024-09-26T03:30:05.115+0000] {processor.py:914} INFO - Processing file /opt/airflow/dags/deck_with_cron_expression.py for tasks to queue
[2024-09-26T03:30:05.119+0000] {logging_mixin.py:190} INFO - [2024-09-26T03:30:05.118+0000] {dagbag.py:587} INFO - Filling up the DagBag from /opt/airflow/dags/deck_with_cron_expression.py
[2024-09-26T03:30:05.220+0000] {processor.py:925} INFO - DAG(s) 'schedule_with_cron_expression_v03' retrieved from /opt/airflow/dags/deck_with_cron_expression.py
[2024-09-26T03:30:05.254+0000] {logging_mixin.py:190} INFO - [2024-09-26T03:30:05.253+0000] {dag.py:3229} INFO - Sync 1 DAGs
[2024-09-26T03:30:05.278+0000] {logging_mixin.py:190} INFO - [2024-09-26T03:30:05.278+0000] {dag.py:4156} INFO - Setting next_dagrun for schedule_with_cron_expression_v03 to 2024-09-12 03:00:00+00:00, run_after=2024-09-13 03:00:00+00:00
[2024-09-26T03:30:05.310+0000] {processor.py:208} INFO - Processing /opt/airflow/dags/deck_with_cron_expression.py took 0.210 seconds
[2024-09-26T03:30:35.877+0000] {processor.py:186} INFO - Started process (PID=147900) to work on /opt/airflow/dags/deck_with_cron_expression.py
[2024-09-26T03:30:35.878+0000] {processor.py:914} INFO - Processing file /opt/airflow/dags/deck_with_cron_expression.py for tasks to queue
[2024-09-26T03:30:35.880+0000] {logging_mixin.py:190} INFO - [2024-09-26T03:30:35.879+0000] {dagbag.py:587} INFO - Filling up the DagBag from /opt/airflow/dags/deck_with_cron_expression.py
[2024-09-26T03:30:35.965+0000] {processor.py:925} INFO - DAG(s) 'schedule_with_cron_expression_v03' retrieved from /opt/airflow/dags/deck_with_cron_expression.py
[2024-09-26T03:30:35.991+0000] {logging_mixin.py:190} INFO - [2024-09-26T03:30:35.991+0000] {dag.py:3229} INFO - Sync 1 DAGs
[2024-09-26T03:30:36.016+0000] {logging_mixin.py:190} INFO - [2024-09-26T03:30:36.016+0000] {dag.py:4156} INFO - Setting next_dagrun for schedule_with_cron_expression_v03 to 2024-09-12 03:00:00+00:00, run_after=2024-09-13 03:00:00+00:00
[2024-09-26T03:30:36.041+0000] {processor.py:208} INFO - Processing /opt/airflow/dags/deck_with_cron_expression.py took 0.170 seconds
[2024-09-26T03:31:06.466+0000] {processor.py:186} INFO - Started process (PID=147943) to work on /opt/airflow/dags/deck_with_cron_expression.py
[2024-09-26T03:31:06.468+0000] {processor.py:914} INFO - Processing file /opt/airflow/dags/deck_with_cron_expression.py for tasks to queue
[2024-09-26T03:31:06.470+0000] {logging_mixin.py:190} INFO - [2024-09-26T03:31:06.470+0000] {dagbag.py:587} INFO - Filling up the DagBag from /opt/airflow/dags/deck_with_cron_expression.py
[2024-09-26T03:31:06.548+0000] {processor.py:925} INFO - DAG(s) 'schedule_with_cron_expression_v03' retrieved from /opt/airflow/dags/deck_with_cron_expression.py
[2024-09-26T03:31:06.584+0000] {logging_mixin.py:190} INFO - [2024-09-26T03:31:06.584+0000] {dag.py:3229} INFO - Sync 1 DAGs
[2024-09-26T03:31:06.613+0000] {logging_mixin.py:190} INFO - [2024-09-26T03:31:06.613+0000] {dag.py:4156} INFO - Setting next_dagrun for schedule_with_cron_expression_v03 to 2024-09-12 03:00:00+00:00, run_after=2024-09-13 03:00:00+00:00
[2024-09-26T03:31:06.648+0000] {processor.py:208} INFO - Processing /opt/airflow/dags/deck_with_cron_expression.py took 0.189 seconds
[2024-09-26T03:31:37.389+0000] {processor.py:186} INFO - Started process (PID=147986) to work on /opt/airflow/dags/deck_with_cron_expression.py
[2024-09-26T03:31:37.391+0000] {processor.py:914} INFO - Processing file /opt/airflow/dags/deck_with_cron_expression.py for tasks to queue
[2024-09-26T03:31:37.394+0000] {logging_mixin.py:190} INFO - [2024-09-26T03:31:37.393+0000] {dagbag.py:587} INFO - Filling up the DagBag from /opt/airflow/dags/deck_with_cron_expression.py
[2024-09-26T03:31:37.465+0000] {processor.py:925} INFO - DAG(s) 'schedule_with_cron_expression_v03' retrieved from /opt/airflow/dags/deck_with_cron_expression.py
[2024-09-26T03:31:37.492+0000] {logging_mixin.py:190} INFO - [2024-09-26T03:31:37.491+0000] {dag.py:3229} INFO - Sync 1 DAGs
[2024-09-26T03:31:37.516+0000] {logging_mixin.py:190} INFO - [2024-09-26T03:31:37.515+0000] {dag.py:4156} INFO - Setting next_dagrun for schedule_with_cron_expression_v03 to 2024-09-12 03:00:00+00:00, run_after=2024-09-13 03:00:00+00:00
[2024-09-26T03:31:37.540+0000] {processor.py:208} INFO - Processing /opt/airflow/dags/deck_with_cron_expression.py took 0.160 seconds
[2024-09-26T03:32:08.271+0000] {processor.py:186} INFO - Started process (PID=148029) to work on /opt/airflow/dags/deck_with_cron_expression.py
[2024-09-26T03:32:08.273+0000] {processor.py:914} INFO - Processing file /opt/airflow/dags/deck_with_cron_expression.py for tasks to queue
[2024-09-26T03:32:08.278+0000] {logging_mixin.py:190} INFO - [2024-09-26T03:32:08.276+0000] {dagbag.py:587} INFO - Filling up the DagBag from /opt/airflow/dags/deck_with_cron_expression.py
[2024-09-26T03:32:08.415+0000] {processor.py:925} INFO - DAG(s) 'schedule_with_cron_expression_v03' retrieved from /opt/airflow/dags/deck_with_cron_expression.py
[2024-09-26T03:32:08.462+0000] {logging_mixin.py:190} INFO - [2024-09-26T03:32:08.461+0000] {dag.py:3229} INFO - Sync 1 DAGs
[2024-09-26T03:32:08.493+0000] {logging_mixin.py:190} INFO - [2024-09-26T03:32:08.492+0000] {dag.py:4156} INFO - Setting next_dagrun for schedule_with_cron_expression_v03 to 2024-09-12 03:00:00+00:00, run_after=2024-09-13 03:00:00+00:00
[2024-09-26T03:32:08.521+0000] {processor.py:208} INFO - Processing /opt/airflow/dags/deck_with_cron_expression.py took 0.263 seconds
[2024-09-26T03:32:38.953+0000] {processor.py:186} INFO - Started process (PID=148072) to work on /opt/airflow/dags/deck_with_cron_expression.py
[2024-09-26T03:32:38.955+0000] {processor.py:914} INFO - Processing file /opt/airflow/dags/deck_with_cron_expression.py for tasks to queue
[2024-09-26T03:32:38.958+0000] {logging_mixin.py:190} INFO - [2024-09-26T03:32:38.957+0000] {dagbag.py:587} INFO - Filling up the DagBag from /opt/airflow/dags/deck_with_cron_expression.py
[2024-09-26T03:32:39.051+0000] {processor.py:925} INFO - DAG(s) 'schedule_with_cron_expression_v03' retrieved from /opt/airflow/dags/deck_with_cron_expression.py
[2024-09-26T03:32:39.077+0000] {logging_mixin.py:190} INFO - [2024-09-26T03:32:39.077+0000] {dag.py:3229} INFO - Sync 1 DAGs
[2024-09-26T03:32:39.100+0000] {logging_mixin.py:190} INFO - [2024-09-26T03:32:39.100+0000] {dag.py:4156} INFO - Setting next_dagrun for schedule_with_cron_expression_v03 to 2024-09-12 03:00:00+00:00, run_after=2024-09-13 03:00:00+00:00
[2024-09-26T03:32:39.137+0000] {processor.py:208} INFO - Processing /opt/airflow/dags/deck_with_cron_expression.py took 0.192 seconds
[2024-09-26T03:33:09.723+0000] {processor.py:186} INFO - Started process (PID=148115) to work on /opt/airflow/dags/deck_with_cron_expression.py
[2024-09-26T03:33:09.725+0000] {processor.py:914} INFO - Processing file /opt/airflow/dags/deck_with_cron_expression.py for tasks to queue
[2024-09-26T03:33:09.727+0000] {logging_mixin.py:190} INFO - [2024-09-26T03:33:09.726+0000] {dagbag.py:587} INFO - Filling up the DagBag from /opt/airflow/dags/deck_with_cron_expression.py
[2024-09-26T03:33:09.853+0000] {processor.py:925} INFO - DAG(s) 'schedule_with_cron_expression_v03' retrieved from /opt/airflow/dags/deck_with_cron_expression.py
[2024-09-26T03:33:09.880+0000] {logging_mixin.py:190} INFO - [2024-09-26T03:33:09.880+0000] {dag.py:3229} INFO - Sync 1 DAGs
[2024-09-26T03:33:09.902+0000] {logging_mixin.py:190} INFO - [2024-09-26T03:33:09.902+0000] {dag.py:4156} INFO - Setting next_dagrun for schedule_with_cron_expression_v03 to 2024-09-12 03:00:00+00:00, run_after=2024-09-13 03:00:00+00:00
[2024-09-26T03:33:09.928+0000] {processor.py:208} INFO - Processing /opt/airflow/dags/deck_with_cron_expression.py took 0.216 seconds
[2024-09-26T03:33:40.567+0000] {processor.py:186} INFO - Started process (PID=148158) to work on /opt/airflow/dags/deck_with_cron_expression.py
[2024-09-26T03:33:40.569+0000] {processor.py:914} INFO - Processing file /opt/airflow/dags/deck_with_cron_expression.py for tasks to queue
[2024-09-26T03:33:40.571+0000] {logging_mixin.py:190} INFO - [2024-09-26T03:33:40.571+0000] {dagbag.py:587} INFO - Filling up the DagBag from /opt/airflow/dags/deck_with_cron_expression.py
[2024-09-26T03:33:40.644+0000] {processor.py:925} INFO - DAG(s) 'schedule_with_cron_expression_v03' retrieved from /opt/airflow/dags/deck_with_cron_expression.py
[2024-09-26T03:33:40.670+0000] {logging_mixin.py:190} INFO - [2024-09-26T03:33:40.669+0000] {dag.py:3229} INFO - Sync 1 DAGs
[2024-09-26T03:33:40.696+0000] {logging_mixin.py:190} INFO - [2024-09-26T03:33:40.695+0000] {dag.py:4156} INFO - Setting next_dagrun for schedule_with_cron_expression_v03 to 2024-09-12 03:00:00+00:00, run_after=2024-09-13 03:00:00+00:00
[2024-09-26T03:33:40.722+0000] {processor.py:208} INFO - Processing /opt/airflow/dags/deck_with_cron_expression.py took 0.161 seconds
[2024-09-26T03:34:11.171+0000] {processor.py:186} INFO - Started process (PID=148201) to work on /opt/airflow/dags/deck_with_cron_expression.py
[2024-09-26T03:34:11.173+0000] {processor.py:914} INFO - Processing file /opt/airflow/dags/deck_with_cron_expression.py for tasks to queue
[2024-09-26T03:34:11.175+0000] {logging_mixin.py:190} INFO - [2024-09-26T03:34:11.175+0000] {dagbag.py:587} INFO - Filling up the DagBag from /opt/airflow/dags/deck_with_cron_expression.py
[2024-09-26T03:34:11.250+0000] {processor.py:925} INFO - DAG(s) 'schedule_with_cron_expression_v03' retrieved from /opt/airflow/dags/deck_with_cron_expression.py
[2024-09-26T03:34:11.281+0000] {logging_mixin.py:190} INFO - [2024-09-26T03:34:11.280+0000] {dag.py:3229} INFO - Sync 1 DAGs
[2024-09-26T03:34:11.312+0000] {logging_mixin.py:190} INFO - [2024-09-26T03:34:11.312+0000] {dag.py:4156} INFO - Setting next_dagrun for schedule_with_cron_expression_v03 to 2024-09-12 03:00:00+00:00, run_after=2024-09-13 03:00:00+00:00
[2024-09-26T03:34:11.340+0000] {processor.py:208} INFO - Processing /opt/airflow/dags/deck_with_cron_expression.py took 0.179 seconds
[2024-09-26T03:34:41.770+0000] {processor.py:186} INFO - Started process (PID=148244) to work on /opt/airflow/dags/deck_with_cron_expression.py
[2024-09-26T03:34:41.774+0000] {processor.py:914} INFO - Processing file /opt/airflow/dags/deck_with_cron_expression.py for tasks to queue
[2024-09-26T03:34:41.778+0000] {logging_mixin.py:190} INFO - [2024-09-26T03:34:41.778+0000] {dagbag.py:587} INFO - Filling up the DagBag from /opt/airflow/dags/deck_with_cron_expression.py
[2024-09-26T03:34:41.896+0000] {processor.py:925} INFO - DAG(s) 'schedule_with_cron_expression_v03' retrieved from /opt/airflow/dags/deck_with_cron_expression.py
[2024-09-26T03:34:41.921+0000] {logging_mixin.py:190} INFO - [2024-09-26T03:34:41.920+0000] {dag.py:3229} INFO - Sync 1 DAGs
[2024-09-26T03:34:41.941+0000] {logging_mixin.py:190} INFO - [2024-09-26T03:34:41.941+0000] {dag.py:4156} INFO - Setting next_dagrun for schedule_with_cron_expression_v03 to 2024-09-12 03:00:00+00:00, run_after=2024-09-13 03:00:00+00:00
[2024-09-26T03:34:41.975+0000] {processor.py:208} INFO - Processing /opt/airflow/dags/deck_with_cron_expression.py took 0.218 seconds
[2024-09-26T03:35:12.640+0000] {processor.py:186} INFO - Started process (PID=148287) to work on /opt/airflow/dags/deck_with_cron_expression.py
[2024-09-26T03:35:12.642+0000] {processor.py:914} INFO - Processing file /opt/airflow/dags/deck_with_cron_expression.py for tasks to queue
[2024-09-26T03:35:12.645+0000] {logging_mixin.py:190} INFO - [2024-09-26T03:35:12.645+0000] {dagbag.py:587} INFO - Filling up the DagBag from /opt/airflow/dags/deck_with_cron_expression.py
[2024-09-26T03:35:12.748+0000] {processor.py:925} INFO - DAG(s) 'schedule_with_cron_expression_v03' retrieved from /opt/airflow/dags/deck_with_cron_expression.py
[2024-09-26T03:35:12.779+0000] {logging_mixin.py:190} INFO - [2024-09-26T03:35:12.778+0000] {dag.py:3229} INFO - Sync 1 DAGs
[2024-09-26T03:35:12.801+0000] {logging_mixin.py:190} INFO - [2024-09-26T03:35:12.801+0000] {dag.py:4156} INFO - Setting next_dagrun for schedule_with_cron_expression_v03 to 2024-09-12 03:00:00+00:00, run_after=2024-09-13 03:00:00+00:00
[2024-09-26T03:35:12.839+0000] {processor.py:208} INFO - Processing /opt/airflow/dags/deck_with_cron_expression.py took 0.209 seconds
[2024-09-26T03:35:43.261+0000] {processor.py:186} INFO - Started process (PID=148330) to work on /opt/airflow/dags/deck_with_cron_expression.py
[2024-09-26T03:35:43.262+0000] {processor.py:914} INFO - Processing file /opt/airflow/dags/deck_with_cron_expression.py for tasks to queue
[2024-09-26T03:35:43.265+0000] {logging_mixin.py:190} INFO - [2024-09-26T03:35:43.264+0000] {dagbag.py:587} INFO - Filling up the DagBag from /opt/airflow/dags/deck_with_cron_expression.py
[2024-09-26T03:35:43.342+0000] {processor.py:925} INFO - DAG(s) 'schedule_with_cron_expression_v03' retrieved from /opt/airflow/dags/deck_with_cron_expression.py
[2024-09-26T03:35:43.367+0000] {logging_mixin.py:190} INFO - [2024-09-26T03:35:43.367+0000] {dag.py:3229} INFO - Sync 1 DAGs
[2024-09-26T03:35:43.393+0000] {logging_mixin.py:190} INFO - [2024-09-26T03:35:43.392+0000] {dag.py:4156} INFO - Setting next_dagrun for schedule_with_cron_expression_v03 to 2024-09-12 03:00:00+00:00, run_after=2024-09-13 03:00:00+00:00
[2024-09-26T03:35:43.432+0000] {processor.py:208} INFO - Processing /opt/airflow/dags/deck_with_cron_expression.py took 0.176 seconds
[2024-09-26T03:36:13.961+0000] {processor.py:186} INFO - Started process (PID=148373) to work on /opt/airflow/dags/deck_with_cron_expression.py
[2024-09-26T03:36:13.963+0000] {processor.py:914} INFO - Processing file /opt/airflow/dags/deck_with_cron_expression.py for tasks to queue
[2024-09-26T03:36:13.966+0000] {logging_mixin.py:190} INFO - [2024-09-26T03:36:13.966+0000] {dagbag.py:587} INFO - Filling up the DagBag from /opt/airflow/dags/deck_with_cron_expression.py
[2024-09-26T03:36:14.083+0000] {processor.py:925} INFO - DAG(s) 'schedule_with_cron_expression_v03' retrieved from /opt/airflow/dags/deck_with_cron_expression.py
[2024-09-26T03:36:14.107+0000] {logging_mixin.py:190} INFO - [2024-09-26T03:36:14.107+0000] {dag.py:3229} INFO - Sync 1 DAGs
[2024-09-26T03:36:14.129+0000] {logging_mixin.py:190} INFO - [2024-09-26T03:36:14.129+0000] {dag.py:4156} INFO - Setting next_dagrun for schedule_with_cron_expression_v03 to 2024-09-12 03:00:00+00:00, run_after=2024-09-13 03:00:00+00:00
[2024-09-26T03:36:14.152+0000] {processor.py:208} INFO - Processing /opt/airflow/dags/deck_with_cron_expression.py took 0.202 seconds
[2024-09-26T03:36:44.578+0000] {processor.py:186} INFO - Started process (PID=148416) to work on /opt/airflow/dags/deck_with_cron_expression.py
[2024-09-26T03:36:44.580+0000] {processor.py:914} INFO - Processing file /opt/airflow/dags/deck_with_cron_expression.py for tasks to queue
[2024-09-26T03:36:44.582+0000] {logging_mixin.py:190} INFO - [2024-09-26T03:36:44.582+0000] {dagbag.py:587} INFO - Filling up the DagBag from /opt/airflow/dags/deck_with_cron_expression.py
[2024-09-26T03:36:44.704+0000] {processor.py:925} INFO - DAG(s) 'schedule_with_cron_expression_v03' retrieved from /opt/airflow/dags/deck_with_cron_expression.py
[2024-09-26T03:36:44.734+0000] {logging_mixin.py:190} INFO - [2024-09-26T03:36:44.733+0000] {dag.py:3229} INFO - Sync 1 DAGs
[2024-09-26T03:36:44.760+0000] {logging_mixin.py:190} INFO - [2024-09-26T03:36:44.759+0000] {dag.py:4156} INFO - Setting next_dagrun for schedule_with_cron_expression_v03 to 2024-09-12 03:00:00+00:00, run_after=2024-09-13 03:00:00+00:00
[2024-09-26T03:36:44.796+0000] {processor.py:208} INFO - Processing /opt/airflow/dags/deck_with_cron_expression.py took 0.228 seconds
[2024-09-26T03:37:15.298+0000] {processor.py:186} INFO - Started process (PID=148459) to work on /opt/airflow/dags/deck_with_cron_expression.py
[2024-09-26T03:37:15.301+0000] {processor.py:914} INFO - Processing file /opt/airflow/dags/deck_with_cron_expression.py for tasks to queue
[2024-09-26T03:37:15.305+0000] {logging_mixin.py:190} INFO - [2024-09-26T03:37:15.304+0000] {dagbag.py:587} INFO - Filling up the DagBag from /opt/airflow/dags/deck_with_cron_expression.py
[2024-09-26T03:37:15.413+0000] {processor.py:925} INFO - DAG(s) 'schedule_with_cron_expression_v03' retrieved from /opt/airflow/dags/deck_with_cron_expression.py
[2024-09-26T03:37:15.437+0000] {logging_mixin.py:190} INFO - [2024-09-26T03:37:15.437+0000] {dag.py:3229} INFO - Sync 1 DAGs
[2024-09-26T03:37:15.457+0000] {logging_mixin.py:190} INFO - [2024-09-26T03:37:15.457+0000] {dag.py:4156} INFO - Setting next_dagrun for schedule_with_cron_expression_v03 to 2024-09-12 03:00:00+00:00, run_after=2024-09-13 03:00:00+00:00
[2024-09-26T03:37:15.485+0000] {processor.py:208} INFO - Processing /opt/airflow/dags/deck_with_cron_expression.py took 0.198 seconds
[2024-09-26T03:37:45.890+0000] {processor.py:186} INFO - Started process (PID=148502) to work on /opt/airflow/dags/deck_with_cron_expression.py
[2024-09-26T03:37:45.891+0000] {processor.py:914} INFO - Processing file /opt/airflow/dags/deck_with_cron_expression.py for tasks to queue
[2024-09-26T03:37:45.893+0000] {logging_mixin.py:190} INFO - [2024-09-26T03:37:45.892+0000] {dagbag.py:587} INFO - Filling up the DagBag from /opt/airflow/dags/deck_with_cron_expression.py
[2024-09-26T03:37:45.955+0000] {processor.py:925} INFO - DAG(s) 'schedule_with_cron_expression_v03' retrieved from /opt/airflow/dags/deck_with_cron_expression.py
[2024-09-26T03:37:45.981+0000] {logging_mixin.py:190} INFO - [2024-09-26T03:37:45.981+0000] {dag.py:3229} INFO - Sync 1 DAGs
[2024-09-26T03:37:46.005+0000] {logging_mixin.py:190} INFO - [2024-09-26T03:37:46.004+0000] {dag.py:4156} INFO - Setting next_dagrun for schedule_with_cron_expression_v03 to 2024-09-12 03:00:00+00:00, run_after=2024-09-13 03:00:00+00:00
[2024-09-26T03:37:46.029+0000] {processor.py:208} INFO - Processing /opt/airflow/dags/deck_with_cron_expression.py took 0.145 seconds
[2024-09-26T03:38:16.663+0000] {processor.py:186} INFO - Started process (PID=148545) to work on /opt/airflow/dags/deck_with_cron_expression.py
[2024-09-26T03:38:16.665+0000] {processor.py:914} INFO - Processing file /opt/airflow/dags/deck_with_cron_expression.py for tasks to queue
[2024-09-26T03:38:16.666+0000] {logging_mixin.py:190} INFO - [2024-09-26T03:38:16.666+0000] {dagbag.py:587} INFO - Filling up the DagBag from /opt/airflow/dags/deck_with_cron_expression.py
[2024-09-26T03:38:16.758+0000] {processor.py:925} INFO - DAG(s) 'schedule_with_cron_expression_v03' retrieved from /opt/airflow/dags/deck_with_cron_expression.py
[2024-09-26T03:38:16.780+0000] {logging_mixin.py:190} INFO - [2024-09-26T03:38:16.780+0000] {dag.py:3229} INFO - Sync 1 DAGs
[2024-09-26T03:38:16.799+0000] {logging_mixin.py:190} INFO - [2024-09-26T03:38:16.799+0000] {dag.py:4156} INFO - Setting next_dagrun for schedule_with_cron_expression_v03 to 2024-09-12 03:00:00+00:00, run_after=2024-09-13 03:00:00+00:00
[2024-09-26T03:38:16.821+0000] {processor.py:208} INFO - Processing /opt/airflow/dags/deck_with_cron_expression.py took 0.170 seconds
[2024-09-26T03:38:47.403+0000] {processor.py:186} INFO - Started process (PID=148588) to work on /opt/airflow/dags/deck_with_cron_expression.py
[2024-09-26T03:38:47.405+0000] {processor.py:914} INFO - Processing file /opt/airflow/dags/deck_with_cron_expression.py for tasks to queue
[2024-09-26T03:38:47.408+0000] {logging_mixin.py:190} INFO - [2024-09-26T03:38:47.408+0000] {dagbag.py:587} INFO - Filling up the DagBag from /opt/airflow/dags/deck_with_cron_expression.py
[2024-09-26T03:38:47.529+0000] {processor.py:925} INFO - DAG(s) 'schedule_with_cron_expression_v03' retrieved from /opt/airflow/dags/deck_with_cron_expression.py
[2024-09-26T03:38:47.551+0000] {logging_mixin.py:190} INFO - [2024-09-26T03:38:47.551+0000] {dag.py:3229} INFO - Sync 1 DAGs
[2024-09-26T03:38:47.570+0000] {logging_mixin.py:190} INFO - [2024-09-26T03:38:47.570+0000] {dag.py:4156} INFO - Setting next_dagrun for schedule_with_cron_expression_v03 to 2024-09-12 03:00:00+00:00, run_after=2024-09-13 03:00:00+00:00
[2024-09-26T03:38:47.596+0000] {processor.py:208} INFO - Processing /opt/airflow/dags/deck_with_cron_expression.py took 0.202 seconds
[2024-09-26T03:39:18.439+0000] {processor.py:186} INFO - Started process (PID=148631) to work on /opt/airflow/dags/deck_with_cron_expression.py
[2024-09-26T03:39:18.443+0000] {processor.py:914} INFO - Processing file /opt/airflow/dags/deck_with_cron_expression.py for tasks to queue
[2024-09-26T03:39:18.446+0000] {logging_mixin.py:190} INFO - [2024-09-26T03:39:18.446+0000] {dagbag.py:587} INFO - Filling up the DagBag from /opt/airflow/dags/deck_with_cron_expression.py
[2024-09-26T03:39:18.557+0000] {processor.py:925} INFO - DAG(s) 'schedule_with_cron_expression_v03' retrieved from /opt/airflow/dags/deck_with_cron_expression.py
[2024-09-26T03:39:18.590+0000] {logging_mixin.py:190} INFO - [2024-09-26T03:39:18.590+0000] {dag.py:3229} INFO - Sync 1 DAGs
[2024-09-26T03:39:18.614+0000] {logging_mixin.py:190} INFO - [2024-09-26T03:39:18.613+0000] {dag.py:4156} INFO - Setting next_dagrun for schedule_with_cron_expression_v03 to 2024-09-12 03:00:00+00:00, run_after=2024-09-13 03:00:00+00:00
[2024-09-26T03:39:18.639+0000] {processor.py:208} INFO - Processing /opt/airflow/dags/deck_with_cron_expression.py took 0.217 seconds
[2024-09-26T03:39:49.130+0000] {processor.py:186} INFO - Started process (PID=148674) to work on /opt/airflow/dags/deck_with_cron_expression.py
[2024-09-26T03:39:49.133+0000] {processor.py:914} INFO - Processing file /opt/airflow/dags/deck_with_cron_expression.py for tasks to queue
[2024-09-26T03:39:49.135+0000] {logging_mixin.py:190} INFO - [2024-09-26T03:39:49.135+0000] {dagbag.py:587} INFO - Filling up the DagBag from /opt/airflow/dags/deck_with_cron_expression.py
[2024-09-26T03:39:49.253+0000] {processor.py:925} INFO - DAG(s) 'schedule_with_cron_expression_v03' retrieved from /opt/airflow/dags/deck_with_cron_expression.py
[2024-09-26T03:39:49.279+0000] {logging_mixin.py:190} INFO - [2024-09-26T03:39:49.279+0000] {dag.py:3229} INFO - Sync 1 DAGs
[2024-09-26T03:39:49.301+0000] {logging_mixin.py:190} INFO - [2024-09-26T03:39:49.300+0000] {dag.py:4156} INFO - Setting next_dagrun for schedule_with_cron_expression_v03 to 2024-09-12 03:00:00+00:00, run_after=2024-09-13 03:00:00+00:00
[2024-09-26T03:39:49.327+0000] {processor.py:208} INFO - Processing /opt/airflow/dags/deck_with_cron_expression.py took 0.207 seconds
[2024-09-26T03:40:20.002+0000] {processor.py:186} INFO - Started process (PID=148717) to work on /opt/airflow/dags/deck_with_cron_expression.py
[2024-09-26T03:40:20.004+0000] {processor.py:914} INFO - Processing file /opt/airflow/dags/deck_with_cron_expression.py for tasks to queue
[2024-09-26T03:40:20.007+0000] {logging_mixin.py:190} INFO - [2024-09-26T03:40:20.007+0000] {dagbag.py:587} INFO - Filling up the DagBag from /opt/airflow/dags/deck_with_cron_expression.py
[2024-09-26T03:40:20.115+0000] {processor.py:925} INFO - DAG(s) 'schedule_with_cron_expression_v03' retrieved from /opt/airflow/dags/deck_with_cron_expression.py
[2024-09-26T03:40:20.136+0000] {logging_mixin.py:190} INFO - [2024-09-26T03:40:20.136+0000] {dag.py:3229} INFO - Sync 1 DAGs
[2024-09-26T03:40:20.155+0000] {logging_mixin.py:190} INFO - [2024-09-26T03:40:20.155+0000] {dag.py:4156} INFO - Setting next_dagrun for schedule_with_cron_expression_v03 to 2024-09-12 03:00:00+00:00, run_after=2024-09-13 03:00:00+00:00
[2024-09-26T03:40:20.187+0000] {processor.py:208} INFO - Processing /opt/airflow/dags/deck_with_cron_expression.py took 0.193 seconds
[2024-09-26T03:40:50.856+0000] {processor.py:186} INFO - Started process (PID=148760) to work on /opt/airflow/dags/deck_with_cron_expression.py
[2024-09-26T03:40:50.860+0000] {processor.py:914} INFO - Processing file /opt/airflow/dags/deck_with_cron_expression.py for tasks to queue
[2024-09-26T03:40:50.864+0000] {logging_mixin.py:190} INFO - [2024-09-26T03:40:50.863+0000] {dagbag.py:587} INFO - Filling up the DagBag from /opt/airflow/dags/deck_with_cron_expression.py
[2024-09-26T03:40:51.008+0000] {processor.py:925} INFO - DAG(s) 'schedule_with_cron_expression_v03' retrieved from /opt/airflow/dags/deck_with_cron_expression.py
[2024-09-26T03:40:51.065+0000] {logging_mixin.py:190} INFO - [2024-09-26T03:40:51.065+0000] {dag.py:3229} INFO - Sync 1 DAGs
[2024-09-26T03:40:51.099+0000] {logging_mixin.py:190} INFO - [2024-09-26T03:40:51.098+0000] {dag.py:4156} INFO - Setting next_dagrun for schedule_with_cron_expression_v03 to 2024-09-12 03:00:00+00:00, run_after=2024-09-13 03:00:00+00:00
[2024-09-26T03:40:51.140+0000] {processor.py:208} INFO - Processing /opt/airflow/dags/deck_with_cron_expression.py took 0.299 seconds
[2024-09-26T03:41:21.997+0000] {processor.py:186} INFO - Started process (PID=148803) to work on /opt/airflow/dags/deck_with_cron_expression.py
[2024-09-26T03:41:21.998+0000] {processor.py:914} INFO - Processing file /opt/airflow/dags/deck_with_cron_expression.py for tasks to queue
[2024-09-26T03:41:22.000+0000] {logging_mixin.py:190} INFO - [2024-09-26T03:41:22.000+0000] {dagbag.py:587} INFO - Filling up the DagBag from /opt/airflow/dags/deck_with_cron_expression.py
[2024-09-26T03:41:22.082+0000] {processor.py:925} INFO - DAG(s) 'schedule_with_cron_expression_v03' retrieved from /opt/airflow/dags/deck_with_cron_expression.py
[2024-09-26T03:41:22.112+0000] {logging_mixin.py:190} INFO - [2024-09-26T03:41:22.111+0000] {dag.py:3229} INFO - Sync 1 DAGs
[2024-09-26T03:41:22.136+0000] {logging_mixin.py:190} INFO - [2024-09-26T03:41:22.136+0000] {dag.py:4156} INFO - Setting next_dagrun for schedule_with_cron_expression_v03 to 2024-09-12 03:00:00+00:00, run_after=2024-09-13 03:00:00+00:00
[2024-09-26T03:41:22.170+0000] {processor.py:208} INFO - Processing /opt/airflow/dags/deck_with_cron_expression.py took 0.178 seconds
[2024-09-26T03:41:52.577+0000] {processor.py:186} INFO - Started process (PID=148846) to work on /opt/airflow/dags/deck_with_cron_expression.py
[2024-09-26T03:41:52.579+0000] {processor.py:914} INFO - Processing file /opt/airflow/dags/deck_with_cron_expression.py for tasks to queue
[2024-09-26T03:41:52.583+0000] {logging_mixin.py:190} INFO - [2024-09-26T03:41:52.582+0000] {dagbag.py:587} INFO - Filling up the DagBag from /opt/airflow/dags/deck_with_cron_expression.py
[2024-09-26T03:41:52.701+0000] {processor.py:925} INFO - DAG(s) 'schedule_with_cron_expression_v03' retrieved from /opt/airflow/dags/deck_with_cron_expression.py
[2024-09-26T03:41:52.740+0000] {logging_mixin.py:190} INFO - [2024-09-26T03:41:52.740+0000] {dag.py:3229} INFO - Sync 1 DAGs
[2024-09-26T03:41:52.763+0000] {logging_mixin.py:190} INFO - [2024-09-26T03:41:52.762+0000] {dag.py:4156} INFO - Setting next_dagrun for schedule_with_cron_expression_v03 to 2024-09-12 03:00:00+00:00, run_after=2024-09-13 03:00:00+00:00
[2024-09-26T03:41:52.791+0000] {processor.py:208} INFO - Processing /opt/airflow/dags/deck_with_cron_expression.py took 0.224 seconds
[2024-09-26T03:42:23.179+0000] {processor.py:186} INFO - Started process (PID=148889) to work on /opt/airflow/dags/deck_with_cron_expression.py
[2024-09-26T03:42:23.181+0000] {processor.py:914} INFO - Processing file /opt/airflow/dags/deck_with_cron_expression.py for tasks to queue
[2024-09-26T03:42:23.183+0000] {logging_mixin.py:190} INFO - [2024-09-26T03:42:23.182+0000] {dagbag.py:587} INFO - Filling up the DagBag from /opt/airflow/dags/deck_with_cron_expression.py
[2024-09-26T03:42:23.291+0000] {processor.py:925} INFO - DAG(s) 'schedule_with_cron_expression_v03' retrieved from /opt/airflow/dags/deck_with_cron_expression.py
[2024-09-26T03:42:23.317+0000] {logging_mixin.py:190} INFO - [2024-09-26T03:42:23.317+0000] {dag.py:3229} INFO - Sync 1 DAGs
[2024-09-26T03:42:23.338+0000] {logging_mixin.py:190} INFO - [2024-09-26T03:42:23.338+0000] {dag.py:4156} INFO - Setting next_dagrun for schedule_with_cron_expression_v03 to 2024-09-12 03:00:00+00:00, run_after=2024-09-13 03:00:00+00:00
[2024-09-26T03:42:23.373+0000] {processor.py:208} INFO - Processing /opt/airflow/dags/deck_with_cron_expression.py took 0.199 seconds
[2024-09-26T03:42:53.985+0000] {processor.py:186} INFO - Started process (PID=148932) to work on /opt/airflow/dags/deck_with_cron_expression.py
[2024-09-26T03:42:53.987+0000] {processor.py:914} INFO - Processing file /opt/airflow/dags/deck_with_cron_expression.py for tasks to queue
[2024-09-26T03:42:53.989+0000] {logging_mixin.py:190} INFO - [2024-09-26T03:42:53.989+0000] {dagbag.py:587} INFO - Filling up the DagBag from /opt/airflow/dags/deck_with_cron_expression.py
[2024-09-26T03:42:54.101+0000] {processor.py:925} INFO - DAG(s) 'schedule_with_cron_expression_v03' retrieved from /opt/airflow/dags/deck_with_cron_expression.py
[2024-09-26T03:42:54.136+0000] {logging_mixin.py:190} INFO - [2024-09-26T03:42:54.136+0000] {dag.py:3229} INFO - Sync 1 DAGs
[2024-09-26T03:42:54.156+0000] {logging_mixin.py:190} INFO - [2024-09-26T03:42:54.156+0000] {dag.py:4156} INFO - Setting next_dagrun for schedule_with_cron_expression_v03 to 2024-09-12 03:00:00+00:00, run_after=2024-09-13 03:00:00+00:00
[2024-09-26T03:42:54.186+0000] {processor.py:208} INFO - Processing /opt/airflow/dags/deck_with_cron_expression.py took 0.207 seconds
[2024-09-26T03:43:24.719+0000] {processor.py:186} INFO - Started process (PID=148975) to work on /opt/airflow/dags/deck_with_cron_expression.py
[2024-09-26T03:43:24.721+0000] {processor.py:914} INFO - Processing file /opt/airflow/dags/deck_with_cron_expression.py for tasks to queue
[2024-09-26T03:43:24.724+0000] {logging_mixin.py:190} INFO - [2024-09-26T03:43:24.723+0000] {dagbag.py:587} INFO - Filling up the DagBag from /opt/airflow/dags/deck_with_cron_expression.py
[2024-09-26T03:43:24.798+0000] {processor.py:925} INFO - DAG(s) 'schedule_with_cron_expression_v03' retrieved from /opt/airflow/dags/deck_with_cron_expression.py
[2024-09-26T03:43:24.823+0000] {logging_mixin.py:190} INFO - [2024-09-26T03:43:24.823+0000] {dag.py:3229} INFO - Sync 1 DAGs
[2024-09-26T03:43:24.845+0000] {logging_mixin.py:190} INFO - [2024-09-26T03:43:24.845+0000] {dag.py:4156} INFO - Setting next_dagrun for schedule_with_cron_expression_v03 to 2024-09-12 03:00:00+00:00, run_after=2024-09-13 03:00:00+00:00
[2024-09-26T03:43:24.869+0000] {processor.py:208} INFO - Processing /opt/airflow/dags/deck_with_cron_expression.py took 0.163 seconds
[2024-09-26T03:43:55.460+0000] {processor.py:186} INFO - Started process (PID=149018) to work on /opt/airflow/dags/deck_with_cron_expression.py
[2024-09-26T03:43:55.462+0000] {processor.py:914} INFO - Processing file /opt/airflow/dags/deck_with_cron_expression.py for tasks to queue
[2024-09-26T03:43:55.464+0000] {logging_mixin.py:190} INFO - [2024-09-26T03:43:55.464+0000] {dagbag.py:587} INFO - Filling up the DagBag from /opt/airflow/dags/deck_with_cron_expression.py
[2024-09-26T03:43:55.544+0000] {processor.py:925} INFO - DAG(s) 'schedule_with_cron_expression_v03' retrieved from /opt/airflow/dags/deck_with_cron_expression.py
[2024-09-26T03:43:55.575+0000] {logging_mixin.py:190} INFO - [2024-09-26T03:43:55.575+0000] {dag.py:3229} INFO - Sync 1 DAGs
[2024-09-26T03:43:55.597+0000] {logging_mixin.py:190} INFO - [2024-09-26T03:43:55.597+0000] {dag.py:4156} INFO - Setting next_dagrun for schedule_with_cron_expression_v03 to 2024-09-12 03:00:00+00:00, run_after=2024-09-13 03:00:00+00:00
[2024-09-26T03:43:55.622+0000] {processor.py:208} INFO - Processing /opt/airflow/dags/deck_with_cron_expression.py took 0.167 seconds
[2024-09-26T03:44:26.045+0000] {processor.py:186} INFO - Started process (PID=149061) to work on /opt/airflow/dags/deck_with_cron_expression.py
[2024-09-26T03:44:26.047+0000] {processor.py:914} INFO - Processing file /opt/airflow/dags/deck_with_cron_expression.py for tasks to queue
[2024-09-26T03:44:26.050+0000] {logging_mixin.py:190} INFO - [2024-09-26T03:44:26.049+0000] {dagbag.py:587} INFO - Filling up the DagBag from /opt/airflow/dags/deck_with_cron_expression.py
[2024-09-26T03:44:26.127+0000] {processor.py:925} INFO - DAG(s) 'schedule_with_cron_expression_v03' retrieved from /opt/airflow/dags/deck_with_cron_expression.py
[2024-09-26T03:44:26.153+0000] {logging_mixin.py:190} INFO - [2024-09-26T03:44:26.153+0000] {dag.py:3229} INFO - Sync 1 DAGs
[2024-09-26T03:44:26.174+0000] {logging_mixin.py:190} INFO - [2024-09-26T03:44:26.174+0000] {dag.py:4156} INFO - Setting next_dagrun for schedule_with_cron_expression_v03 to 2024-09-12 03:00:00+00:00, run_after=2024-09-13 03:00:00+00:00
[2024-09-26T03:44:26.207+0000] {processor.py:208} INFO - Processing /opt/airflow/dags/deck_with_cron_expression.py took 0.171 seconds
[2024-09-26T03:44:56.739+0000] {processor.py:186} INFO - Started process (PID=149104) to work on /opt/airflow/dags/deck_with_cron_expression.py
[2024-09-26T03:44:56.741+0000] {processor.py:914} INFO - Processing file /opt/airflow/dags/deck_with_cron_expression.py for tasks to queue
[2024-09-26T03:44:56.743+0000] {logging_mixin.py:190} INFO - [2024-09-26T03:44:56.743+0000] {dagbag.py:587} INFO - Filling up the DagBag from /opt/airflow/dags/deck_with_cron_expression.py
[2024-09-26T03:44:56.823+0000] {processor.py:925} INFO - DAG(s) 'schedule_with_cron_expression_v03' retrieved from /opt/airflow/dags/deck_with_cron_expression.py
[2024-09-26T03:44:56.849+0000] {logging_mixin.py:190} INFO - [2024-09-26T03:44:56.849+0000] {dag.py:3229} INFO - Sync 1 DAGs
[2024-09-26T03:44:56.872+0000] {logging_mixin.py:190} INFO - [2024-09-26T03:44:56.872+0000] {dag.py:4156} INFO - Setting next_dagrun for schedule_with_cron_expression_v03 to 2024-09-12 03:00:00+00:00, run_after=2024-09-13 03:00:00+00:00
[2024-09-26T03:44:56.892+0000] {processor.py:208} INFO - Processing /opt/airflow/dags/deck_with_cron_expression.py took 0.165 seconds
[2024-09-26T03:45:27.390+0000] {processor.py:186} INFO - Started process (PID=149147) to work on /opt/airflow/dags/deck_with_cron_expression.py
[2024-09-26T03:45:27.392+0000] {processor.py:914} INFO - Processing file /opt/airflow/dags/deck_with_cron_expression.py for tasks to queue
[2024-09-26T03:45:27.395+0000] {logging_mixin.py:190} INFO - [2024-09-26T03:45:27.395+0000] {dagbag.py:587} INFO - Filling up the DagBag from /opt/airflow/dags/deck_with_cron_expression.py
[2024-09-26T03:45:27.512+0000] {processor.py:925} INFO - DAG(s) 'schedule_with_cron_expression_v03' retrieved from /opt/airflow/dags/deck_with_cron_expression.py
[2024-09-26T03:45:27.541+0000] {logging_mixin.py:190} INFO - [2024-09-26T03:45:27.541+0000] {dag.py:3229} INFO - Sync 1 DAGs
[2024-09-26T03:45:27.561+0000] {logging_mixin.py:190} INFO - [2024-09-26T03:45:27.561+0000] {dag.py:4156} INFO - Setting next_dagrun for schedule_with_cron_expression_v03 to 2024-09-12 03:00:00+00:00, run_after=2024-09-13 03:00:00+00:00
[2024-09-26T03:45:27.588+0000] {processor.py:208} INFO - Processing /opt/airflow/dags/deck_with_cron_expression.py took 0.209 seconds
[2024-09-26T03:45:57.922+0000] {processor.py:186} INFO - Started process (PID=149190) to work on /opt/airflow/dags/deck_with_cron_expression.py
[2024-09-26T03:45:57.924+0000] {processor.py:914} INFO - Processing file /opt/airflow/dags/deck_with_cron_expression.py for tasks to queue
[2024-09-26T03:45:57.926+0000] {logging_mixin.py:190} INFO - [2024-09-26T03:45:57.925+0000] {dagbag.py:587} INFO - Filling up the DagBag from /opt/airflow/dags/deck_with_cron_expression.py
[2024-09-26T03:45:57.987+0000] {processor.py:925} INFO - DAG(s) 'schedule_with_cron_expression_v03' retrieved from /opt/airflow/dags/deck_with_cron_expression.py
[2024-09-26T03:45:58.012+0000] {logging_mixin.py:190} INFO - [2024-09-26T03:45:58.012+0000] {dag.py:3229} INFO - Sync 1 DAGs
[2024-09-26T03:45:58.036+0000] {logging_mixin.py:190} INFO - [2024-09-26T03:45:58.035+0000] {dag.py:4156} INFO - Setting next_dagrun for schedule_with_cron_expression_v03 to 2024-09-12 03:00:00+00:00, run_after=2024-09-13 03:00:00+00:00
[2024-09-26T03:45:58.058+0000] {processor.py:208} INFO - Processing /opt/airflow/dags/deck_with_cron_expression.py took 0.141 seconds
[2024-09-26T03:46:28.657+0000] {processor.py:186} INFO - Started process (PID=149233) to work on /opt/airflow/dags/deck_with_cron_expression.py
[2024-09-26T03:46:28.659+0000] {processor.py:914} INFO - Processing file /opt/airflow/dags/deck_with_cron_expression.py for tasks to queue
[2024-09-26T03:46:28.661+0000] {logging_mixin.py:190} INFO - [2024-09-26T03:46:28.661+0000] {dagbag.py:587} INFO - Filling up the DagBag from /opt/airflow/dags/deck_with_cron_expression.py
[2024-09-26T03:46:28.738+0000] {processor.py:925} INFO - DAG(s) 'schedule_with_cron_expression_v03' retrieved from /opt/airflow/dags/deck_with_cron_expression.py
[2024-09-26T03:46:28.774+0000] {logging_mixin.py:190} INFO - [2024-09-26T03:46:28.774+0000] {dag.py:3229} INFO - Sync 1 DAGs
[2024-09-26T03:46:28.799+0000] {logging_mixin.py:190} INFO - [2024-09-26T03:46:28.799+0000] {dag.py:4156} INFO - Setting next_dagrun for schedule_with_cron_expression_v03 to 2024-09-12 03:00:00+00:00, run_after=2024-09-13 03:00:00+00:00
[2024-09-26T03:46:28.827+0000] {processor.py:208} INFO - Processing /opt/airflow/dags/deck_with_cron_expression.py took 0.181 seconds
[2024-09-26T03:46:59.429+0000] {processor.py:186} INFO - Started process (PID=149276) to work on /opt/airflow/dags/deck_with_cron_expression.py
[2024-09-26T03:46:59.431+0000] {processor.py:914} INFO - Processing file /opt/airflow/dags/deck_with_cron_expression.py for tasks to queue
[2024-09-26T03:46:59.434+0000] {logging_mixin.py:190} INFO - [2024-09-26T03:46:59.433+0000] {dagbag.py:587} INFO - Filling up the DagBag from /opt/airflow/dags/deck_with_cron_expression.py
[2024-09-26T03:46:59.505+0000] {processor.py:925} INFO - DAG(s) 'schedule_with_cron_expression_v03' retrieved from /opt/airflow/dags/deck_with_cron_expression.py
[2024-09-26T03:46:59.532+0000] {logging_mixin.py:190} INFO - [2024-09-26T03:46:59.532+0000] {dag.py:3229} INFO - Sync 1 DAGs
[2024-09-26T03:46:59.553+0000] {logging_mixin.py:190} INFO - [2024-09-26T03:46:59.553+0000] {dag.py:4156} INFO - Setting next_dagrun for schedule_with_cron_expression_v03 to 2024-09-12 03:00:00+00:00, run_after=2024-09-13 03:00:00+00:00
[2024-09-26T03:46:59.579+0000] {processor.py:208} INFO - Processing /opt/airflow/dags/deck_with_cron_expression.py took 0.157 seconds
[2024-09-26T03:47:30.173+0000] {processor.py:186} INFO - Started process (PID=149319) to work on /opt/airflow/dags/deck_with_cron_expression.py
[2024-09-26T03:47:30.174+0000] {processor.py:914} INFO - Processing file /opt/airflow/dags/deck_with_cron_expression.py for tasks to queue
[2024-09-26T03:47:30.177+0000] {logging_mixin.py:190} INFO - [2024-09-26T03:47:30.176+0000] {dagbag.py:587} INFO - Filling up the DagBag from /opt/airflow/dags/deck_with_cron_expression.py
[2024-09-26T03:47:30.269+0000] {processor.py:925} INFO - DAG(s) 'schedule_with_cron_expression_v03' retrieved from /opt/airflow/dags/deck_with_cron_expression.py
[2024-09-26T03:47:30.305+0000] {logging_mixin.py:190} INFO - [2024-09-26T03:47:30.304+0000] {dag.py:3229} INFO - Sync 1 DAGs
[2024-09-26T03:47:30.331+0000] {logging_mixin.py:190} INFO - [2024-09-26T03:47:30.331+0000] {dag.py:4156} INFO - Setting next_dagrun for schedule_with_cron_expression_v03 to 2024-09-12 03:00:00+00:00, run_after=2024-09-13 03:00:00+00:00
[2024-09-26T03:47:30.356+0000] {processor.py:208} INFO - Processing /opt/airflow/dags/deck_with_cron_expression.py took 0.189 seconds
[2024-09-26T03:48:00.900+0000] {processor.py:186} INFO - Started process (PID=149362) to work on /opt/airflow/dags/deck_with_cron_expression.py
[2024-09-26T03:48:00.907+0000] {processor.py:914} INFO - Processing file /opt/airflow/dags/deck_with_cron_expression.py for tasks to queue
[2024-09-26T03:48:00.910+0000] {logging_mixin.py:190} INFO - [2024-09-26T03:48:00.909+0000] {dagbag.py:587} INFO - Filling up the DagBag from /opt/airflow/dags/deck_with_cron_expression.py
[2024-09-26T03:48:00.981+0000] {processor.py:925} INFO - DAG(s) 'schedule_with_cron_expression_v03' retrieved from /opt/airflow/dags/deck_with_cron_expression.py
[2024-09-26T03:48:01.038+0000] {logging_mixin.py:190} INFO - [2024-09-26T03:48:01.038+0000] {dag.py:3229} INFO - Sync 1 DAGs
[2024-09-26T03:48:01.099+0000] {logging_mixin.py:190} INFO - [2024-09-26T03:48:01.099+0000] {dag.py:4156} INFO - Setting next_dagrun for schedule_with_cron_expression_v03 to 2024-09-12 03:00:00+00:00, run_after=2024-09-13 03:00:00+00:00
[2024-09-26T03:48:01.123+0000] {processor.py:208} INFO - Processing /opt/airflow/dags/deck_with_cron_expression.py took 0.297 seconds
[2024-09-26T03:48:31.386+0000] {processor.py:186} INFO - Started process (PID=149405) to work on /opt/airflow/dags/deck_with_cron_expression.py
[2024-09-26T03:48:31.387+0000] {processor.py:914} INFO - Processing file /opt/airflow/dags/deck_with_cron_expression.py for tasks to queue
[2024-09-26T03:48:31.389+0000] {logging_mixin.py:190} INFO - [2024-09-26T03:48:31.389+0000] {dagbag.py:587} INFO - Filling up the DagBag from /opt/airflow/dags/deck_with_cron_expression.py
[2024-09-26T03:48:31.468+0000] {processor.py:925} INFO - DAG(s) 'schedule_with_cron_expression_v03' retrieved from /opt/airflow/dags/deck_with_cron_expression.py
[2024-09-26T03:48:31.498+0000] {logging_mixin.py:190} INFO - [2024-09-26T03:48:31.497+0000] {dag.py:3229} INFO - Sync 1 DAGs
[2024-09-26T03:48:31.523+0000] {logging_mixin.py:190} INFO - [2024-09-26T03:48:31.523+0000] {dag.py:4156} INFO - Setting next_dagrun for schedule_with_cron_expression_v03 to 2024-09-12 03:00:00+00:00, run_after=2024-09-13 03:00:00+00:00
[2024-09-26T03:48:31.545+0000] {processor.py:208} INFO - Processing /opt/airflow/dags/deck_with_cron_expression.py took 0.165 seconds
[2024-09-26T03:49:01.806+0000] {processor.py:186} INFO - Started process (PID=149448) to work on /opt/airflow/dags/deck_with_cron_expression.py
[2024-09-26T03:49:01.808+0000] {processor.py:914} INFO - Processing file /opt/airflow/dags/deck_with_cron_expression.py for tasks to queue
[2024-09-26T03:49:01.811+0000] {logging_mixin.py:190} INFO - [2024-09-26T03:49:01.811+0000] {dagbag.py:587} INFO - Filling up the DagBag from /opt/airflow/dags/deck_with_cron_expression.py
[2024-09-26T03:49:01.920+0000] {processor.py:925} INFO - DAG(s) 'schedule_with_cron_expression_v03' retrieved from /opt/airflow/dags/deck_with_cron_expression.py
[2024-09-26T03:49:01.950+0000] {logging_mixin.py:190} INFO - [2024-09-26T03:49:01.950+0000] {dag.py:3229} INFO - Sync 1 DAGs
[2024-09-26T03:49:01.979+0000] {logging_mixin.py:190} INFO - [2024-09-26T03:49:01.978+0000] {dag.py:4156} INFO - Setting next_dagrun for schedule_with_cron_expression_v03 to 2024-09-12 03:00:00+00:00, run_after=2024-09-13 03:00:00+00:00
[2024-09-26T03:49:02.016+0000] {processor.py:208} INFO - Processing /opt/airflow/dags/deck_with_cron_expression.py took 0.221 seconds
[2024-09-26T03:49:32.289+0000] {processor.py:186} INFO - Started process (PID=149491) to work on /opt/airflow/dags/deck_with_cron_expression.py
[2024-09-26T03:49:32.291+0000] {processor.py:914} INFO - Processing file /opt/airflow/dags/deck_with_cron_expression.py for tasks to queue
[2024-09-26T03:49:32.294+0000] {logging_mixin.py:190} INFO - [2024-09-26T03:49:32.294+0000] {dagbag.py:587} INFO - Filling up the DagBag from /opt/airflow/dags/deck_with_cron_expression.py
[2024-09-26T03:49:32.391+0000] {processor.py:925} INFO - DAG(s) 'schedule_with_cron_expression_v03' retrieved from /opt/airflow/dags/deck_with_cron_expression.py
[2024-09-26T03:49:32.422+0000] {logging_mixin.py:190} INFO - [2024-09-26T03:49:32.422+0000] {dag.py:3229} INFO - Sync 1 DAGs
[2024-09-26T03:49:32.444+0000] {logging_mixin.py:190} INFO - [2024-09-26T03:49:32.444+0000] {dag.py:4156} INFO - Setting next_dagrun for schedule_with_cron_expression_v03 to 2024-09-12 03:00:00+00:00, run_after=2024-09-13 03:00:00+00:00
[2024-09-26T03:49:32.473+0000] {processor.py:208} INFO - Processing /opt/airflow/dags/deck_with_cron_expression.py took 0.195 seconds
[2024-09-26T03:50:02.915+0000] {processor.py:186} INFO - Started process (PID=149534) to work on /opt/airflow/dags/deck_with_cron_expression.py
[2024-09-26T03:50:02.917+0000] {processor.py:914} INFO - Processing file /opt/airflow/dags/deck_with_cron_expression.py for tasks to queue
[2024-09-26T03:50:02.919+0000] {logging_mixin.py:190} INFO - [2024-09-26T03:50:02.919+0000] {dagbag.py:587} INFO - Filling up the DagBag from /opt/airflow/dags/deck_with_cron_expression.py
[2024-09-26T03:50:03.023+0000] {processor.py:925} INFO - DAG(s) 'schedule_with_cron_expression_v03' retrieved from /opt/airflow/dags/deck_with_cron_expression.py
[2024-09-26T03:50:03.052+0000] {logging_mixin.py:190} INFO - [2024-09-26T03:50:03.052+0000] {dag.py:3229} INFO - Sync 1 DAGs
[2024-09-26T03:50:03.090+0000] {logging_mixin.py:190} INFO - [2024-09-26T03:50:03.090+0000] {dag.py:4156} INFO - Setting next_dagrun for schedule_with_cron_expression_v03 to 2024-09-12 03:00:00+00:00, run_after=2024-09-13 03:00:00+00:00
[2024-09-26T03:50:03.116+0000] {processor.py:208} INFO - Processing /opt/airflow/dags/deck_with_cron_expression.py took 0.208 seconds
[2024-09-26T03:50:33.443+0000] {processor.py:186} INFO - Started process (PID=149577) to work on /opt/airflow/dags/deck_with_cron_expression.py
[2024-09-26T03:50:33.445+0000] {processor.py:914} INFO - Processing file /opt/airflow/dags/deck_with_cron_expression.py for tasks to queue
[2024-09-26T03:50:33.448+0000] {logging_mixin.py:190} INFO - [2024-09-26T03:50:33.447+0000] {dagbag.py:587} INFO - Filling up the DagBag from /opt/airflow/dags/deck_with_cron_expression.py
[2024-09-26T03:50:33.520+0000] {processor.py:925} INFO - DAG(s) 'schedule_with_cron_expression_v03' retrieved from /opt/airflow/dags/deck_with_cron_expression.py
[2024-09-26T03:50:33.542+0000] {logging_mixin.py:190} INFO - [2024-09-26T03:50:33.542+0000] {dag.py:3229} INFO - Sync 1 DAGs
[2024-09-26T03:50:33.566+0000] {logging_mixin.py:190} INFO - [2024-09-26T03:50:33.566+0000] {dag.py:4156} INFO - Setting next_dagrun for schedule_with_cron_expression_v03 to 2024-09-12 03:00:00+00:00, run_after=2024-09-13 03:00:00+00:00
[2024-09-26T03:50:33.594+0000] {processor.py:208} INFO - Processing /opt/airflow/dags/deck_with_cron_expression.py took 0.159 seconds
[2024-09-26T03:51:04.074+0000] {processor.py:186} INFO - Started process (PID=149620) to work on /opt/airflow/dags/deck_with_cron_expression.py
[2024-09-26T03:51:04.077+0000] {processor.py:914} INFO - Processing file /opt/airflow/dags/deck_with_cron_expression.py for tasks to queue
[2024-09-26T03:51:04.081+0000] {logging_mixin.py:190} INFO - [2024-09-26T03:51:04.080+0000] {dagbag.py:587} INFO - Filling up the DagBag from /opt/airflow/dags/deck_with_cron_expression.py
[2024-09-26T03:51:04.205+0000] {processor.py:925} INFO - DAG(s) 'schedule_with_cron_expression_v03' retrieved from /opt/airflow/dags/deck_with_cron_expression.py
[2024-09-26T03:51:04.257+0000] {logging_mixin.py:190} INFO - [2024-09-26T03:51:04.257+0000] {dag.py:3229} INFO - Sync 1 DAGs
[2024-09-26T03:51:04.282+0000] {logging_mixin.py:190} INFO - [2024-09-26T03:51:04.281+0000] {dag.py:4156} INFO - Setting next_dagrun for schedule_with_cron_expression_v03 to 2024-09-12 03:00:00+00:00, run_after=2024-09-13 03:00:00+00:00
[2024-09-26T03:51:04.303+0000] {processor.py:208} INFO - Processing /opt/airflow/dags/deck_with_cron_expression.py took 0.237 seconds
[2024-09-26T03:51:34.894+0000] {processor.py:186} INFO - Started process (PID=149663) to work on /opt/airflow/dags/deck_with_cron_expression.py
[2024-09-26T03:51:34.896+0000] {processor.py:914} INFO - Processing file /opt/airflow/dags/deck_with_cron_expression.py for tasks to queue
[2024-09-26T03:51:34.898+0000] {logging_mixin.py:190} INFO - [2024-09-26T03:51:34.898+0000] {dagbag.py:587} INFO - Filling up the DagBag from /opt/airflow/dags/deck_with_cron_expression.py
[2024-09-26T03:51:34.971+0000] {processor.py:925} INFO - DAG(s) 'schedule_with_cron_expression_v03' retrieved from /opt/airflow/dags/deck_with_cron_expression.py
[2024-09-26T03:51:34.998+0000] {logging_mixin.py:190} INFO - [2024-09-26T03:51:34.998+0000] {dag.py:3229} INFO - Sync 1 DAGs
[2024-09-26T03:51:35.027+0000] {logging_mixin.py:190} INFO - [2024-09-26T03:51:35.026+0000] {dag.py:4156} INFO - Setting next_dagrun for schedule_with_cron_expression_v03 to 2024-09-12 03:00:00+00:00, run_after=2024-09-13 03:00:00+00:00
[2024-09-26T03:51:35.052+0000] {processor.py:208} INFO - Processing /opt/airflow/dags/deck_with_cron_expression.py took 0.163 seconds
[2024-09-26T03:52:05.547+0000] {processor.py:186} INFO - Started process (PID=149706) to work on /opt/airflow/dags/deck_with_cron_expression.py
[2024-09-26T03:52:05.550+0000] {processor.py:914} INFO - Processing file /opt/airflow/dags/deck_with_cron_expression.py for tasks to queue
[2024-09-26T03:52:05.552+0000] {logging_mixin.py:190} INFO - [2024-09-26T03:52:05.551+0000] {dagbag.py:587} INFO - Filling up the DagBag from /opt/airflow/dags/deck_with_cron_expression.py
[2024-09-26T03:52:05.673+0000] {processor.py:925} INFO - DAG(s) 'schedule_with_cron_expression_v03' retrieved from /opt/airflow/dags/deck_with_cron_expression.py
[2024-09-26T03:52:05.705+0000] {logging_mixin.py:190} INFO - [2024-09-26T03:52:05.705+0000] {dag.py:3229} INFO - Sync 1 DAGs
[2024-09-26T03:52:05.730+0000] {logging_mixin.py:190} INFO - [2024-09-26T03:52:05.729+0000] {dag.py:4156} INFO - Setting next_dagrun for schedule_with_cron_expression_v03 to 2024-09-12 03:00:00+00:00, run_after=2024-09-13 03:00:00+00:00
[2024-09-26T03:52:05.760+0000] {processor.py:208} INFO - Processing /opt/airflow/dags/deck_with_cron_expression.py took 0.220 seconds
[2024-09-26T03:52:36.180+0000] {processor.py:186} INFO - Started process (PID=149749) to work on /opt/airflow/dags/deck_with_cron_expression.py
[2024-09-26T03:52:36.182+0000] {processor.py:914} INFO - Processing file /opt/airflow/dags/deck_with_cron_expression.py for tasks to queue
[2024-09-26T03:52:36.186+0000] {logging_mixin.py:190} INFO - [2024-09-26T03:52:36.186+0000] {dagbag.py:587} INFO - Filling up the DagBag from /opt/airflow/dags/deck_with_cron_expression.py
[2024-09-26T03:52:36.289+0000] {processor.py:925} INFO - DAG(s) 'schedule_with_cron_expression_v03' retrieved from /opt/airflow/dags/deck_with_cron_expression.py
[2024-09-26T03:52:36.327+0000] {logging_mixin.py:190} INFO - [2024-09-26T03:52:36.327+0000] {dag.py:3229} INFO - Sync 1 DAGs
[2024-09-26T03:52:36.350+0000] {logging_mixin.py:190} INFO - [2024-09-26T03:52:36.350+0000] {dag.py:4156} INFO - Setting next_dagrun for schedule_with_cron_expression_v03 to 2024-09-12 03:00:00+00:00, run_after=2024-09-13 03:00:00+00:00
[2024-09-26T03:52:36.376+0000] {processor.py:208} INFO - Processing /opt/airflow/dags/deck_with_cron_expression.py took 0.206 seconds
[2024-09-26T03:53:07.001+0000] {processor.py:186} INFO - Started process (PID=149792) to work on /opt/airflow/dags/deck_with_cron_expression.py
[2024-09-26T03:53:07.003+0000] {processor.py:914} INFO - Processing file /opt/airflow/dags/deck_with_cron_expression.py for tasks to queue
[2024-09-26T03:53:07.005+0000] {logging_mixin.py:190} INFO - [2024-09-26T03:53:07.005+0000] {dagbag.py:587} INFO - Filling up the DagBag from /opt/airflow/dags/deck_with_cron_expression.py
[2024-09-26T03:53:07.078+0000] {processor.py:925} INFO - DAG(s) 'schedule_with_cron_expression_v03' retrieved from /opt/airflow/dags/deck_with_cron_expression.py
[2024-09-26T03:53:07.106+0000] {logging_mixin.py:190} INFO - [2024-09-26T03:53:07.106+0000] {dag.py:3229} INFO - Sync 1 DAGs
[2024-09-26T03:53:07.128+0000] {logging_mixin.py:190} INFO - [2024-09-26T03:53:07.128+0000] {dag.py:4156} INFO - Setting next_dagrun for schedule_with_cron_expression_v03 to 2024-09-12 03:00:00+00:00, run_after=2024-09-13 03:00:00+00:00
[2024-09-26T03:53:07.154+0000] {processor.py:208} INFO - Processing /opt/airflow/dags/deck_with_cron_expression.py took 0.158 seconds
[2024-09-26T03:53:37.477+0000] {processor.py:186} INFO - Started process (PID=149835) to work on /opt/airflow/dags/deck_with_cron_expression.py
[2024-09-26T03:53:37.479+0000] {processor.py:914} INFO - Processing file /opt/airflow/dags/deck_with_cron_expression.py for tasks to queue
[2024-09-26T03:53:37.482+0000] {logging_mixin.py:190} INFO - [2024-09-26T03:53:37.482+0000] {dagbag.py:587} INFO - Filling up the DagBag from /opt/airflow/dags/deck_with_cron_expression.py
[2024-09-26T03:53:37.587+0000] {processor.py:925} INFO - DAG(s) 'schedule_with_cron_expression_v03' retrieved from /opt/airflow/dags/deck_with_cron_expression.py
[2024-09-26T03:53:37.623+0000] {logging_mixin.py:190} INFO - [2024-09-26T03:53:37.623+0000] {dag.py:3229} INFO - Sync 1 DAGs
[2024-09-26T03:53:37.647+0000] {logging_mixin.py:190} INFO - [2024-09-26T03:53:37.646+0000] {dag.py:4156} INFO - Setting next_dagrun for schedule_with_cron_expression_v03 to 2024-09-12 03:00:00+00:00, run_after=2024-09-13 03:00:00+00:00
[2024-09-26T03:53:37.675+0000] {processor.py:208} INFO - Processing /opt/airflow/dags/deck_with_cron_expression.py took 0.205 seconds
[2024-09-26T03:54:08.090+0000] {processor.py:186} INFO - Started process (PID=149878) to work on /opt/airflow/dags/deck_with_cron_expression.py
[2024-09-26T03:54:08.091+0000] {processor.py:914} INFO - Processing file /opt/airflow/dags/deck_with_cron_expression.py for tasks to queue
[2024-09-26T03:54:08.094+0000] {logging_mixin.py:190} INFO - [2024-09-26T03:54:08.093+0000] {dagbag.py:587} INFO - Filling up the DagBag from /opt/airflow/dags/deck_with_cron_expression.py
[2024-09-26T03:54:08.178+0000] {processor.py:925} INFO - DAG(s) 'schedule_with_cron_expression_v03' retrieved from /opt/airflow/dags/deck_with_cron_expression.py
[2024-09-26T03:54:08.202+0000] {logging_mixin.py:190} INFO - [2024-09-26T03:54:08.202+0000] {dag.py:3229} INFO - Sync 1 DAGs
[2024-09-26T03:54:08.224+0000] {logging_mixin.py:190} INFO - [2024-09-26T03:54:08.224+0000] {dag.py:4156} INFO - Setting next_dagrun for schedule_with_cron_expression_v03 to 2024-09-12 03:00:00+00:00, run_after=2024-09-13 03:00:00+00:00
[2024-09-26T03:54:08.252+0000] {processor.py:208} INFO - Processing /opt/airflow/dags/deck_with_cron_expression.py took 0.168 seconds
[2024-09-26T03:54:38.486+0000] {processor.py:186} INFO - Started process (PID=149921) to work on /opt/airflow/dags/deck_with_cron_expression.py
[2024-09-26T03:54:38.488+0000] {processor.py:914} INFO - Processing file /opt/airflow/dags/deck_with_cron_expression.py for tasks to queue
[2024-09-26T03:54:38.490+0000] {logging_mixin.py:190} INFO - [2024-09-26T03:54:38.489+0000] {dagbag.py:587} INFO - Filling up the DagBag from /opt/airflow/dags/deck_with_cron_expression.py
[2024-09-26T03:54:38.566+0000] {processor.py:925} INFO - DAG(s) 'schedule_with_cron_expression_v03' retrieved from /opt/airflow/dags/deck_with_cron_expression.py
[2024-09-26T03:54:38.592+0000] {logging_mixin.py:190} INFO - [2024-09-26T03:54:38.592+0000] {dag.py:3229} INFO - Sync 1 DAGs
[2024-09-26T03:54:38.616+0000] {logging_mixin.py:190} INFO - [2024-09-26T03:54:38.616+0000] {dag.py:4156} INFO - Setting next_dagrun for schedule_with_cron_expression_v03 to 2024-09-12 03:00:00+00:00, run_after=2024-09-13 03:00:00+00:00
[2024-09-26T03:54:38.638+0000] {processor.py:208} INFO - Processing /opt/airflow/dags/deck_with_cron_expression.py took 0.157 seconds
[2024-09-26T03:55:09.172+0000] {processor.py:186} INFO - Started process (PID=149964) to work on /opt/airflow/dags/deck_with_cron_expression.py
[2024-09-26T03:55:09.173+0000] {processor.py:914} INFO - Processing file /opt/airflow/dags/deck_with_cron_expression.py for tasks to queue
[2024-09-26T03:55:09.176+0000] {logging_mixin.py:190} INFO - [2024-09-26T03:55:09.176+0000] {dagbag.py:587} INFO - Filling up the DagBag from /opt/airflow/dags/deck_with_cron_expression.py
[2024-09-26T03:55:09.255+0000] {processor.py:925} INFO - DAG(s) 'schedule_with_cron_expression_v03' retrieved from /opt/airflow/dags/deck_with_cron_expression.py
[2024-09-26T03:55:09.278+0000] {logging_mixin.py:190} INFO - [2024-09-26T03:55:09.277+0000] {dag.py:3229} INFO - Sync 1 DAGs
[2024-09-26T03:55:09.297+0000] {logging_mixin.py:190} INFO - [2024-09-26T03:55:09.297+0000] {dag.py:4156} INFO - Setting next_dagrun for schedule_with_cron_expression_v03 to 2024-09-12 03:00:00+00:00, run_after=2024-09-13 03:00:00+00:00
[2024-09-26T03:55:09.323+0000] {processor.py:208} INFO - Processing /opt/airflow/dags/deck_with_cron_expression.py took 0.156 seconds
[2024-09-26T03:55:40.384+0000] {processor.py:186} INFO - Started process (PID=150007) to work on /opt/airflow/dags/deck_with_cron_expression.py
[2024-09-26T03:55:40.386+0000] {processor.py:914} INFO - Processing file /opt/airflow/dags/deck_with_cron_expression.py for tasks to queue
[2024-09-26T03:55:40.389+0000] {logging_mixin.py:190} INFO - [2024-09-26T03:55:40.388+0000] {dagbag.py:587} INFO - Filling up the DagBag from /opt/airflow/dags/deck_with_cron_expression.py
[2024-09-26T03:55:40.503+0000] {processor.py:925} INFO - DAG(s) 'schedule_with_cron_expression_v03' retrieved from /opt/airflow/dags/deck_with_cron_expression.py
[2024-09-26T03:55:40.530+0000] {logging_mixin.py:190} INFO - [2024-09-26T03:55:40.530+0000] {dag.py:3229} INFO - Sync 1 DAGs
[2024-09-26T03:55:40.550+0000] {logging_mixin.py:190} INFO - [2024-09-26T03:55:40.550+0000] {dag.py:4156} INFO - Setting next_dagrun for schedule_with_cron_expression_v03 to 2024-09-12 03:00:00+00:00, run_after=2024-09-13 03:00:00+00:00
[2024-09-26T03:55:40.569+0000] {processor.py:208} INFO - Processing /opt/airflow/dags/deck_with_cron_expression.py took 0.197 seconds
[2024-09-26T03:56:11.127+0000] {processor.py:186} INFO - Started process (PID=150050) to work on /opt/airflow/dags/deck_with_cron_expression.py
[2024-09-26T03:56:11.129+0000] {processor.py:914} INFO - Processing file /opt/airflow/dags/deck_with_cron_expression.py for tasks to queue
[2024-09-26T03:56:11.131+0000] {logging_mixin.py:190} INFO - [2024-09-26T03:56:11.131+0000] {dagbag.py:587} INFO - Filling up the DagBag from /opt/airflow/dags/deck_with_cron_expression.py
[2024-09-26T03:56:11.212+0000] {processor.py:925} INFO - DAG(s) 'schedule_with_cron_expression_v03' retrieved from /opt/airflow/dags/deck_with_cron_expression.py
[2024-09-26T03:56:11.249+0000] {logging_mixin.py:190} INFO - [2024-09-26T03:56:11.248+0000] {dag.py:3229} INFO - Sync 1 DAGs
[2024-09-26T03:56:11.271+0000] {logging_mixin.py:190} INFO - [2024-09-26T03:56:11.271+0000] {dag.py:4156} INFO - Setting next_dagrun for schedule_with_cron_expression_v03 to 2024-09-12 03:00:00+00:00, run_after=2024-09-13 03:00:00+00:00
[2024-09-26T03:56:11.295+0000] {processor.py:208} INFO - Processing /opt/airflow/dags/deck_with_cron_expression.py took 0.173 seconds
[2024-09-26T03:56:41.888+0000] {processor.py:186} INFO - Started process (PID=150093) to work on /opt/airflow/dags/deck_with_cron_expression.py
[2024-09-26T03:56:41.890+0000] {processor.py:914} INFO - Processing file /opt/airflow/dags/deck_with_cron_expression.py for tasks to queue
[2024-09-26T03:56:41.892+0000] {logging_mixin.py:190} INFO - [2024-09-26T03:56:41.891+0000] {dagbag.py:587} INFO - Filling up the DagBag from /opt/airflow/dags/deck_with_cron_expression.py
[2024-09-26T03:56:41.972+0000] {processor.py:925} INFO - DAG(s) 'schedule_with_cron_expression_v03' retrieved from /opt/airflow/dags/deck_with_cron_expression.py
[2024-09-26T03:56:41.997+0000] {logging_mixin.py:190} INFO - [2024-09-26T03:56:41.996+0000] {dag.py:3229} INFO - Sync 1 DAGs
[2024-09-26T03:56:42.019+0000] {logging_mixin.py:190} INFO - [2024-09-26T03:56:42.019+0000] {dag.py:4156} INFO - Setting next_dagrun for schedule_with_cron_expression_v03 to 2024-09-12 03:00:00+00:00, run_after=2024-09-13 03:00:00+00:00
[2024-09-26T03:56:42.046+0000] {processor.py:208} INFO - Processing /opt/airflow/dags/deck_with_cron_expression.py took 0.163 seconds
[2024-09-26T03:57:12.660+0000] {processor.py:186} INFO - Started process (PID=150136) to work on /opt/airflow/dags/deck_with_cron_expression.py
[2024-09-26T03:57:12.662+0000] {processor.py:914} INFO - Processing file /opt/airflow/dags/deck_with_cron_expression.py for tasks to queue
[2024-09-26T03:57:12.665+0000] {logging_mixin.py:190} INFO - [2024-09-26T03:57:12.664+0000] {dagbag.py:587} INFO - Filling up the DagBag from /opt/airflow/dags/deck_with_cron_expression.py
[2024-09-26T03:57:12.781+0000] {processor.py:925} INFO - DAG(s) 'schedule_with_cron_expression_v03' retrieved from /opt/airflow/dags/deck_with_cron_expression.py
[2024-09-26T03:57:12.845+0000] {logging_mixin.py:190} INFO - [2024-09-26T03:57:12.844+0000] {dag.py:3229} INFO - Sync 1 DAGs
[2024-09-26T03:57:12.887+0000] {logging_mixin.py:190} INFO - [2024-09-26T03:57:12.886+0000] {dag.py:4156} INFO - Setting next_dagrun for schedule_with_cron_expression_v03 to 2024-09-12 03:00:00+00:00, run_after=2024-09-13 03:00:00+00:00
[2024-09-26T03:57:12.935+0000] {processor.py:208} INFO - Processing /opt/airflow/dags/deck_with_cron_expression.py took 0.283 seconds
[2024-09-26T03:57:43.221+0000] {processor.py:186} INFO - Started process (PID=150179) to work on /opt/airflow/dags/deck_with_cron_expression.py
[2024-09-26T03:57:43.223+0000] {processor.py:914} INFO - Processing file /opt/airflow/dags/deck_with_cron_expression.py for tasks to queue
[2024-09-26T03:57:43.226+0000] {logging_mixin.py:190} INFO - [2024-09-26T03:57:43.225+0000] {dagbag.py:587} INFO - Filling up the DagBag from /opt/airflow/dags/deck_with_cron_expression.py
[2024-09-26T03:57:43.331+0000] {processor.py:925} INFO - DAG(s) 'schedule_with_cron_expression_v03' retrieved from /opt/airflow/dags/deck_with_cron_expression.py
[2024-09-26T03:57:43.366+0000] {logging_mixin.py:190} INFO - [2024-09-26T03:57:43.366+0000] {dag.py:3229} INFO - Sync 1 DAGs
[2024-09-26T03:57:43.391+0000] {logging_mixin.py:190} INFO - [2024-09-26T03:57:43.391+0000] {dag.py:4156} INFO - Setting next_dagrun for schedule_with_cron_expression_v03 to 2024-09-12 03:00:00+00:00, run_after=2024-09-13 03:00:00+00:00
[2024-09-26T03:57:43.429+0000] {processor.py:208} INFO - Processing /opt/airflow/dags/deck_with_cron_expression.py took 0.220 seconds
[2024-09-26T03:58:13.955+0000] {processor.py:186} INFO - Started process (PID=150222) to work on /opt/airflow/dags/deck_with_cron_expression.py
[2024-09-26T03:58:13.957+0000] {processor.py:914} INFO - Processing file /opt/airflow/dags/deck_with_cron_expression.py for tasks to queue
[2024-09-26T03:58:13.960+0000] {logging_mixin.py:190} INFO - [2024-09-26T03:58:13.960+0000] {dagbag.py:587} INFO - Filling up the DagBag from /opt/airflow/dags/deck_with_cron_expression.py
[2024-09-26T03:58:14.069+0000] {processor.py:925} INFO - DAG(s) 'schedule_with_cron_expression_v03' retrieved from /opt/airflow/dags/deck_with_cron_expression.py
[2024-09-26T03:58:14.095+0000] {logging_mixin.py:190} INFO - [2024-09-26T03:58:14.094+0000] {dag.py:3229} INFO - Sync 1 DAGs
[2024-09-26T03:58:14.114+0000] {logging_mixin.py:190} INFO - [2024-09-26T03:58:14.114+0000] {dag.py:4156} INFO - Setting next_dagrun for schedule_with_cron_expression_v03 to 2024-09-12 03:00:00+00:00, run_after=2024-09-13 03:00:00+00:00
[2024-09-26T03:58:14.145+0000] {processor.py:208} INFO - Processing /opt/airflow/dags/deck_with_cron_expression.py took 0.199 seconds
[2024-09-26T03:58:44.517+0000] {processor.py:186} INFO - Started process (PID=150265) to work on /opt/airflow/dags/deck_with_cron_expression.py
[2024-09-26T03:58:44.521+0000] {processor.py:914} INFO - Processing file /opt/airflow/dags/deck_with_cron_expression.py for tasks to queue
[2024-09-26T03:58:44.525+0000] {logging_mixin.py:190} INFO - [2024-09-26T03:58:44.524+0000] {dagbag.py:587} INFO - Filling up the DagBag from /opt/airflow/dags/deck_with_cron_expression.py
[2024-09-26T03:58:44.647+0000] {processor.py:925} INFO - DAG(s) 'schedule_with_cron_expression_v03' retrieved from /opt/airflow/dags/deck_with_cron_expression.py
[2024-09-26T03:58:44.691+0000] {logging_mixin.py:190} INFO - [2024-09-26T03:58:44.690+0000] {dag.py:3229} INFO - Sync 1 DAGs
[2024-09-26T03:58:44.711+0000] {logging_mixin.py:190} INFO - [2024-09-26T03:58:44.711+0000] {dag.py:4156} INFO - Setting next_dagrun for schedule_with_cron_expression_v03 to 2024-09-12 03:00:00+00:00, run_after=2024-09-13 03:00:00+00:00
[2024-09-26T03:58:44.737+0000] {processor.py:208} INFO - Processing /opt/airflow/dags/deck_with_cron_expression.py took 0.233 seconds
[2024-09-26T03:59:15.171+0000] {processor.py:186} INFO - Started process (PID=150308) to work on /opt/airflow/dags/deck_with_cron_expression.py
[2024-09-26T03:59:15.172+0000] {processor.py:914} INFO - Processing file /opt/airflow/dags/deck_with_cron_expression.py for tasks to queue
[2024-09-26T03:59:15.175+0000] {logging_mixin.py:190} INFO - [2024-09-26T03:59:15.174+0000] {dagbag.py:587} INFO - Filling up the DagBag from /opt/airflow/dags/deck_with_cron_expression.py
[2024-09-26T03:59:15.253+0000] {processor.py:925} INFO - DAG(s) 'schedule_with_cron_expression_v03' retrieved from /opt/airflow/dags/deck_with_cron_expression.py
[2024-09-26T03:59:15.278+0000] {logging_mixin.py:190} INFO - [2024-09-26T03:59:15.278+0000] {dag.py:3229} INFO - Sync 1 DAGs
[2024-09-26T03:59:15.300+0000] {logging_mixin.py:190} INFO - [2024-09-26T03:59:15.300+0000] {dag.py:4156} INFO - Setting next_dagrun for schedule_with_cron_expression_v03 to 2024-09-12 03:00:00+00:00, run_after=2024-09-13 03:00:00+00:00
[2024-09-26T03:59:15.326+0000] {processor.py:208} INFO - Processing /opt/airflow/dags/deck_with_cron_expression.py took 0.163 seconds
[2024-09-26T03:59:45.737+0000] {processor.py:186} INFO - Started process (PID=150351) to work on /opt/airflow/dags/deck_with_cron_expression.py
[2024-09-26T03:59:45.739+0000] {processor.py:914} INFO - Processing file /opt/airflow/dags/deck_with_cron_expression.py for tasks to queue
[2024-09-26T03:59:45.742+0000] {logging_mixin.py:190} INFO - [2024-09-26T03:59:45.741+0000] {dagbag.py:587} INFO - Filling up the DagBag from /opt/airflow/dags/deck_with_cron_expression.py
[2024-09-26T03:59:45.850+0000] {processor.py:925} INFO - DAG(s) 'schedule_with_cron_expression_v03' retrieved from /opt/airflow/dags/deck_with_cron_expression.py
[2024-09-26T03:59:45.877+0000] {logging_mixin.py:190} INFO - [2024-09-26T03:59:45.877+0000] {dag.py:3229} INFO - Sync 1 DAGs
[2024-09-26T03:59:45.899+0000] {logging_mixin.py:190} INFO - [2024-09-26T03:59:45.899+0000] {dag.py:4156} INFO - Setting next_dagrun for schedule_with_cron_expression_v03 to 2024-09-12 03:00:00+00:00, run_after=2024-09-13 03:00:00+00:00
[2024-09-26T03:59:45.924+0000] {processor.py:208} INFO - Processing /opt/airflow/dags/deck_with_cron_expression.py took 0.200 seconds
[2024-09-26T04:00:16.227+0000] {processor.py:186} INFO - Started process (PID=150394) to work on /opt/airflow/dags/deck_with_cron_expression.py
[2024-09-26T04:00:16.229+0000] {processor.py:914} INFO - Processing file /opt/airflow/dags/deck_with_cron_expression.py for tasks to queue
[2024-09-26T04:00:16.231+0000] {logging_mixin.py:190} INFO - [2024-09-26T04:00:16.231+0000] {dagbag.py:587} INFO - Filling up the DagBag from /opt/airflow/dags/deck_with_cron_expression.py
[2024-09-26T04:00:16.302+0000] {processor.py:925} INFO - DAG(s) 'schedule_with_cron_expression_v03' retrieved from /opt/airflow/dags/deck_with_cron_expression.py
[2024-09-26T04:00:16.332+0000] {logging_mixin.py:190} INFO - [2024-09-26T04:00:16.331+0000] {dag.py:3229} INFO - Sync 1 DAGs
[2024-09-26T04:00:16.360+0000] {logging_mixin.py:190} INFO - [2024-09-26T04:00:16.360+0000] {dag.py:4156} INFO - Setting next_dagrun for schedule_with_cron_expression_v03 to 2024-09-12 03:00:00+00:00, run_after=2024-09-13 03:00:00+00:00
[2024-09-26T04:00:16.385+0000] {processor.py:208} INFO - Processing /opt/airflow/dags/deck_with_cron_expression.py took 0.168 seconds
[2024-09-26T04:00:47.018+0000] {processor.py:186} INFO - Started process (PID=150437) to work on /opt/airflow/dags/deck_with_cron_expression.py
[2024-09-26T04:00:47.019+0000] {processor.py:914} INFO - Processing file /opt/airflow/dags/deck_with_cron_expression.py for tasks to queue
[2024-09-26T04:00:47.022+0000] {logging_mixin.py:190} INFO - [2024-09-26T04:00:47.021+0000] {dagbag.py:587} INFO - Filling up the DagBag from /opt/airflow/dags/deck_with_cron_expression.py
[2024-09-26T04:00:47.103+0000] {processor.py:925} INFO - DAG(s) 'schedule_with_cron_expression_v03' retrieved from /opt/airflow/dags/deck_with_cron_expression.py
[2024-09-26T04:00:47.130+0000] {logging_mixin.py:190} INFO - [2024-09-26T04:00:47.130+0000] {dag.py:3229} INFO - Sync 1 DAGs
[2024-09-26T04:00:47.154+0000] {logging_mixin.py:190} INFO - [2024-09-26T04:00:47.154+0000] {dag.py:4156} INFO - Setting next_dagrun for schedule_with_cron_expression_v03 to 2024-09-12 03:00:00+00:00, run_after=2024-09-13 03:00:00+00:00
[2024-09-26T04:00:47.179+0000] {processor.py:208} INFO - Processing /opt/airflow/dags/deck_with_cron_expression.py took 0.168 seconds
[2024-09-26T04:01:17.902+0000] {processor.py:186} INFO - Started process (PID=150480) to work on /opt/airflow/dags/deck_with_cron_expression.py
[2024-09-26T04:01:17.904+0000] {processor.py:914} INFO - Processing file /opt/airflow/dags/deck_with_cron_expression.py for tasks to queue
[2024-09-26T04:01:17.906+0000] {logging_mixin.py:190} INFO - [2024-09-26T04:01:17.906+0000] {dagbag.py:587} INFO - Filling up the DagBag from /opt/airflow/dags/deck_with_cron_expression.py
[2024-09-26T04:01:17.982+0000] {processor.py:925} INFO - DAG(s) 'schedule_with_cron_expression_v03' retrieved from /opt/airflow/dags/deck_with_cron_expression.py
[2024-09-26T04:01:18.011+0000] {logging_mixin.py:190} INFO - [2024-09-26T04:01:18.011+0000] {dag.py:3229} INFO - Sync 1 DAGs
[2024-09-26T04:01:18.035+0000] {logging_mixin.py:190} INFO - [2024-09-26T04:01:18.035+0000] {dag.py:4156} INFO - Setting next_dagrun for schedule_with_cron_expression_v03 to 2024-09-12 03:00:00+00:00, run_after=2024-09-13 03:00:00+00:00
[2024-09-26T04:01:18.070+0000] {processor.py:208} INFO - Processing /opt/airflow/dags/deck_with_cron_expression.py took 0.175 seconds
[2024-09-26T04:01:48.753+0000] {processor.py:186} INFO - Started process (PID=150523) to work on /opt/airflow/dags/deck_with_cron_expression.py
[2024-09-26T04:01:48.755+0000] {processor.py:914} INFO - Processing file /opt/airflow/dags/deck_with_cron_expression.py for tasks to queue
[2024-09-26T04:01:48.757+0000] {logging_mixin.py:190} INFO - [2024-09-26T04:01:48.757+0000] {dagbag.py:587} INFO - Filling up the DagBag from /opt/airflow/dags/deck_with_cron_expression.py
[2024-09-26T04:01:48.839+0000] {processor.py:925} INFO - DAG(s) 'schedule_with_cron_expression_v03' retrieved from /opt/airflow/dags/deck_with_cron_expression.py
[2024-09-26T04:01:48.870+0000] {logging_mixin.py:190} INFO - [2024-09-26T04:01:48.869+0000] {dag.py:3229} INFO - Sync 1 DAGs
[2024-09-26T04:01:48.898+0000] {logging_mixin.py:190} INFO - [2024-09-26T04:01:48.898+0000] {dag.py:4156} INFO - Setting next_dagrun for schedule_with_cron_expression_v03 to 2024-09-12 03:00:00+00:00, run_after=2024-09-13 03:00:00+00:00
[2024-09-26T04:01:48.931+0000] {processor.py:208} INFO - Processing /opt/airflow/dags/deck_with_cron_expression.py took 0.188 seconds
[2024-09-26T04:02:19.475+0000] {processor.py:186} INFO - Started process (PID=150566) to work on /opt/airflow/dags/deck_with_cron_expression.py
[2024-09-26T04:02:19.477+0000] {processor.py:914} INFO - Processing file /opt/airflow/dags/deck_with_cron_expression.py for tasks to queue
[2024-09-26T04:02:19.479+0000] {logging_mixin.py:190} INFO - [2024-09-26T04:02:19.479+0000] {dagbag.py:587} INFO - Filling up the DagBag from /opt/airflow/dags/deck_with_cron_expression.py
[2024-09-26T04:02:19.557+0000] {processor.py:925} INFO - DAG(s) 'schedule_with_cron_expression_v03' retrieved from /opt/airflow/dags/deck_with_cron_expression.py
[2024-09-26T04:02:19.590+0000] {logging_mixin.py:190} INFO - [2024-09-26T04:02:19.590+0000] {dag.py:3229} INFO - Sync 1 DAGs
[2024-09-26T04:02:19.627+0000] {logging_mixin.py:190} INFO - [2024-09-26T04:02:19.626+0000] {dag.py:4156} INFO - Setting next_dagrun for schedule_with_cron_expression_v03 to 2024-09-12 03:00:00+00:00, run_after=2024-09-13 03:00:00+00:00
[2024-09-26T04:02:19.661+0000] {processor.py:208} INFO - Processing /opt/airflow/dags/deck_with_cron_expression.py took 0.194 seconds
[2024-09-26T04:02:50.320+0000] {processor.py:186} INFO - Started process (PID=150609) to work on /opt/airflow/dags/deck_with_cron_expression.py
[2024-09-26T04:02:50.322+0000] {processor.py:914} INFO - Processing file /opt/airflow/dags/deck_with_cron_expression.py for tasks to queue
[2024-09-26T04:02:50.324+0000] {logging_mixin.py:190} INFO - [2024-09-26T04:02:50.324+0000] {dagbag.py:587} INFO - Filling up the DagBag from /opt/airflow/dags/deck_with_cron_expression.py
[2024-09-26T04:02:50.402+0000] {processor.py:925} INFO - DAG(s) 'schedule_with_cron_expression_v03' retrieved from /opt/airflow/dags/deck_with_cron_expression.py
[2024-09-26T04:02:50.428+0000] {logging_mixin.py:190} INFO - [2024-09-26T04:02:50.428+0000] {dag.py:3229} INFO - Sync 1 DAGs
[2024-09-26T04:02:50.450+0000] {logging_mixin.py:190} INFO - [2024-09-26T04:02:50.450+0000] {dag.py:4156} INFO - Setting next_dagrun for schedule_with_cron_expression_v03 to 2024-09-12 03:00:00+00:00, run_after=2024-09-13 03:00:00+00:00
[2024-09-26T04:02:50.475+0000] {processor.py:208} INFO - Processing /opt/airflow/dags/deck_with_cron_expression.py took 0.160 seconds
[2024-09-26T04:03:21.023+0000] {processor.py:186} INFO - Started process (PID=150652) to work on /opt/airflow/dags/deck_with_cron_expression.py
[2024-09-26T04:03:21.024+0000] {processor.py:914} INFO - Processing file /opt/airflow/dags/deck_with_cron_expression.py for tasks to queue
[2024-09-26T04:03:21.027+0000] {logging_mixin.py:190} INFO - [2024-09-26T04:03:21.026+0000] {dagbag.py:587} INFO - Filling up the DagBag from /opt/airflow/dags/deck_with_cron_expression.py
[2024-09-26T04:03:21.101+0000] {processor.py:925} INFO - DAG(s) 'schedule_with_cron_expression_v03' retrieved from /opt/airflow/dags/deck_with_cron_expression.py
[2024-09-26T04:03:21.132+0000] {logging_mixin.py:190} INFO - [2024-09-26T04:03:21.132+0000] {dag.py:3229} INFO - Sync 1 DAGs
[2024-09-26T04:03:21.169+0000] {logging_mixin.py:190} INFO - [2024-09-26T04:03:21.169+0000] {dag.py:4156} INFO - Setting next_dagrun for schedule_with_cron_expression_v03 to 2024-09-12 03:00:00+00:00, run_after=2024-09-13 03:00:00+00:00
[2024-09-26T04:03:21.204+0000] {processor.py:208} INFO - Processing /opt/airflow/dags/deck_with_cron_expression.py took 0.188 seconds
[2024-09-26T04:03:51.976+0000] {processor.py:186} INFO - Started process (PID=150695) to work on /opt/airflow/dags/deck_with_cron_expression.py
[2024-09-26T04:03:51.977+0000] {processor.py:914} INFO - Processing file /opt/airflow/dags/deck_with_cron_expression.py for tasks to queue
[2024-09-26T04:03:51.979+0000] {logging_mixin.py:190} INFO - [2024-09-26T04:03:51.978+0000] {dagbag.py:587} INFO - Filling up the DagBag from /opt/airflow/dags/deck_with_cron_expression.py
[2024-09-26T04:03:52.066+0000] {processor.py:925} INFO - DAG(s) 'schedule_with_cron_expression_v03' retrieved from /opt/airflow/dags/deck_with_cron_expression.py
[2024-09-26T04:03:52.093+0000] {logging_mixin.py:190} INFO - [2024-09-26T04:03:52.093+0000] {dag.py:3229} INFO - Sync 1 DAGs
[2024-09-26T04:03:52.115+0000] {logging_mixin.py:190} INFO - [2024-09-26T04:03:52.115+0000] {dag.py:4156} INFO - Setting next_dagrun for schedule_with_cron_expression_v03 to 2024-09-12 03:00:00+00:00, run_after=2024-09-13 03:00:00+00:00
[2024-09-26T04:03:52.142+0000] {processor.py:208} INFO - Processing /opt/airflow/dags/deck_with_cron_expression.py took 0.172 seconds
[2024-09-26T04:04:22.489+0000] {processor.py:186} INFO - Started process (PID=150738) to work on /opt/airflow/dags/deck_with_cron_expression.py
[2024-09-26T04:04:22.491+0000] {processor.py:914} INFO - Processing file /opt/airflow/dags/deck_with_cron_expression.py for tasks to queue
[2024-09-26T04:04:22.494+0000] {logging_mixin.py:190} INFO - [2024-09-26T04:04:22.493+0000] {dagbag.py:587} INFO - Filling up the DagBag from /opt/airflow/dags/deck_with_cron_expression.py
[2024-09-26T04:04:22.595+0000] {processor.py:925} INFO - DAG(s) 'schedule_with_cron_expression_v03' retrieved from /opt/airflow/dags/deck_with_cron_expression.py
[2024-09-26T04:04:22.623+0000] {logging_mixin.py:190} INFO - [2024-09-26T04:04:22.623+0000] {dag.py:3229} INFO - Sync 1 DAGs
[2024-09-26T04:04:22.645+0000] {logging_mixin.py:190} INFO - [2024-09-26T04:04:22.644+0000] {dag.py:4156} INFO - Setting next_dagrun for schedule_with_cron_expression_v03 to 2024-09-12 03:00:00+00:00, run_after=2024-09-13 03:00:00+00:00
[2024-09-26T04:04:22.682+0000] {processor.py:208} INFO - Processing /opt/airflow/dags/deck_with_cron_expression.py took 0.204 seconds
[2024-09-26T04:04:52.966+0000] {processor.py:186} INFO - Started process (PID=150781) to work on /opt/airflow/dags/deck_with_cron_expression.py
[2024-09-26T04:04:52.968+0000] {processor.py:914} INFO - Processing file /opt/airflow/dags/deck_with_cron_expression.py for tasks to queue
[2024-09-26T04:04:52.970+0000] {logging_mixin.py:190} INFO - [2024-09-26T04:04:52.970+0000] {dagbag.py:587} INFO - Filling up the DagBag from /opt/airflow/dags/deck_with_cron_expression.py
[2024-09-26T04:04:53.080+0000] {processor.py:925} INFO - DAG(s) 'schedule_with_cron_expression_v03' retrieved from /opt/airflow/dags/deck_with_cron_expression.py
[2024-09-26T04:04:53.106+0000] {logging_mixin.py:190} INFO - [2024-09-26T04:04:53.106+0000] {dag.py:3229} INFO - Sync 1 DAGs
[2024-09-26T04:04:53.126+0000] {logging_mixin.py:190} INFO - [2024-09-26T04:04:53.126+0000] {dag.py:4156} INFO - Setting next_dagrun for schedule_with_cron_expression_v03 to 2024-09-12 03:00:00+00:00, run_after=2024-09-13 03:00:00+00:00
[2024-09-26T04:04:53.150+0000] {processor.py:208} INFO - Processing /opt/airflow/dags/deck_with_cron_expression.py took 0.190 seconds
[2024-09-26T04:05:23.439+0000] {processor.py:186} INFO - Started process (PID=150824) to work on /opt/airflow/dags/deck_with_cron_expression.py
[2024-09-26T04:05:23.442+0000] {processor.py:914} INFO - Processing file /opt/airflow/dags/deck_with_cron_expression.py for tasks to queue
[2024-09-26T04:05:23.448+0000] {logging_mixin.py:190} INFO - [2024-09-26T04:05:23.446+0000] {dagbag.py:587} INFO - Filling up the DagBag from /opt/airflow/dags/deck_with_cron_expression.py
[2024-09-26T04:05:23.562+0000] {processor.py:925} INFO - DAG(s) 'schedule_with_cron_expression_v03' retrieved from /opt/airflow/dags/deck_with_cron_expression.py
[2024-09-26T04:05:23.597+0000] {logging_mixin.py:190} INFO - [2024-09-26T04:05:23.597+0000] {dag.py:3229} INFO - Sync 1 DAGs
[2024-09-26T04:05:23.620+0000] {logging_mixin.py:190} INFO - [2024-09-26T04:05:23.620+0000] {dag.py:4156} INFO - Setting next_dagrun for schedule_with_cron_expression_v03 to 2024-09-12 03:00:00+00:00, run_after=2024-09-13 03:00:00+00:00
[2024-09-26T04:05:23.653+0000] {processor.py:208} INFO - Processing /opt/airflow/dags/deck_with_cron_expression.py took 0.231 seconds
[2024-09-26T04:05:54.090+0000] {processor.py:186} INFO - Started process (PID=150867) to work on /opt/airflow/dags/deck_with_cron_expression.py
[2024-09-26T04:05:54.093+0000] {processor.py:914} INFO - Processing file /opt/airflow/dags/deck_with_cron_expression.py for tasks to queue
[2024-09-26T04:05:54.096+0000] {logging_mixin.py:190} INFO - [2024-09-26T04:05:54.095+0000] {dagbag.py:587} INFO - Filling up the DagBag from /opt/airflow/dags/deck_with_cron_expression.py
[2024-09-26T04:05:54.206+0000] {processor.py:925} INFO - DAG(s) 'schedule_with_cron_expression_v03' retrieved from /opt/airflow/dags/deck_with_cron_expression.py
[2024-09-26T04:05:54.241+0000] {logging_mixin.py:190} INFO - [2024-09-26T04:05:54.241+0000] {dag.py:3229} INFO - Sync 1 DAGs
[2024-09-26T04:05:54.273+0000] {logging_mixin.py:190} INFO - [2024-09-26T04:05:54.273+0000] {dag.py:4156} INFO - Setting next_dagrun for schedule_with_cron_expression_v03 to 2024-09-12 03:00:00+00:00, run_after=2024-09-13 03:00:00+00:00
[2024-09-26T04:05:54.304+0000] {processor.py:208} INFO - Processing /opt/airflow/dags/deck_with_cron_expression.py took 0.227 seconds
[2024-09-26T04:06:24.803+0000] {processor.py:186} INFO - Started process (PID=150910) to work on /opt/airflow/dags/deck_with_cron_expression.py
[2024-09-26T04:06:24.806+0000] {processor.py:914} INFO - Processing file /opt/airflow/dags/deck_with_cron_expression.py for tasks to queue
[2024-09-26T04:06:24.809+0000] {logging_mixin.py:190} INFO - [2024-09-26T04:06:24.808+0000] {dagbag.py:587} INFO - Filling up the DagBag from /opt/airflow/dags/deck_with_cron_expression.py
[2024-09-26T04:06:24.935+0000] {processor.py:925} INFO - DAG(s) 'schedule_with_cron_expression_v03' retrieved from /opt/airflow/dags/deck_with_cron_expression.py
[2024-09-26T04:06:24.967+0000] {logging_mixin.py:190} INFO - [2024-09-26T04:06:24.967+0000] {dag.py:3229} INFO - Sync 1 DAGs
[2024-09-26T04:06:24.993+0000] {logging_mixin.py:190} INFO - [2024-09-26T04:06:24.993+0000] {dag.py:4156} INFO - Setting next_dagrun for schedule_with_cron_expression_v03 to 2024-09-12 03:00:00+00:00, run_after=2024-09-13 03:00:00+00:00
[2024-09-26T04:06:25.036+0000] {processor.py:208} INFO - Processing /opt/airflow/dags/deck_with_cron_expression.py took 0.246 seconds
[2024-09-26T04:06:55.371+0000] {processor.py:186} INFO - Started process (PID=150953) to work on /opt/airflow/dags/deck_with_cron_expression.py
[2024-09-26T04:06:55.374+0000] {processor.py:914} INFO - Processing file /opt/airflow/dags/deck_with_cron_expression.py for tasks to queue
[2024-09-26T04:06:55.378+0000] {logging_mixin.py:190} INFO - [2024-09-26T04:06:55.378+0000] {dagbag.py:587} INFO - Filling up the DagBag from /opt/airflow/dags/deck_with_cron_expression.py
[2024-09-26T04:06:55.462+0000] {processor.py:925} INFO - DAG(s) 'schedule_with_cron_expression_v03' retrieved from /opt/airflow/dags/deck_with_cron_expression.py
[2024-09-26T04:06:55.494+0000] {logging_mixin.py:190} INFO - [2024-09-26T04:06:55.494+0000] {dag.py:3229} INFO - Sync 1 DAGs
[2024-09-26T04:06:55.520+0000] {logging_mixin.py:190} INFO - [2024-09-26T04:06:55.520+0000] {dag.py:4156} INFO - Setting next_dagrun for schedule_with_cron_expression_v03 to 2024-09-12 03:00:00+00:00, run_after=2024-09-13 03:00:00+00:00
[2024-09-26T04:06:55.555+0000] {processor.py:208} INFO - Processing /opt/airflow/dags/deck_with_cron_expression.py took 0.195 seconds
[2024-09-26T04:07:26.330+0000] {processor.py:186} INFO - Started process (PID=150996) to work on /opt/airflow/dags/deck_with_cron_expression.py
[2024-09-26T04:07:26.332+0000] {processor.py:914} INFO - Processing file /opt/airflow/dags/deck_with_cron_expression.py for tasks to queue
[2024-09-26T04:07:26.337+0000] {logging_mixin.py:190} INFO - [2024-09-26T04:07:26.335+0000] {dagbag.py:587} INFO - Filling up the DagBag from /opt/airflow/dags/deck_with_cron_expression.py
[2024-09-26T04:07:26.424+0000] {processor.py:925} INFO - DAG(s) 'schedule_with_cron_expression_v03' retrieved from /opt/airflow/dags/deck_with_cron_expression.py
[2024-09-26T04:07:26.455+0000] {logging_mixin.py:190} INFO - [2024-09-26T04:07:26.455+0000] {dag.py:3229} INFO - Sync 1 DAGs
[2024-09-26T04:07:26.481+0000] {logging_mixin.py:190} INFO - [2024-09-26T04:07:26.481+0000] {dag.py:4156} INFO - Setting next_dagrun for schedule_with_cron_expression_v03 to 2024-09-12 03:00:00+00:00, run_after=2024-09-13 03:00:00+00:00
[2024-09-26T04:07:26.510+0000] {processor.py:208} INFO - Processing /opt/airflow/dags/deck_with_cron_expression.py took 0.185 seconds
[2024-09-26T04:07:56.877+0000] {processor.py:186} INFO - Started process (PID=151039) to work on /opt/airflow/dags/deck_with_cron_expression.py
[2024-09-26T04:07:56.879+0000] {processor.py:914} INFO - Processing file /opt/airflow/dags/deck_with_cron_expression.py for tasks to queue
[2024-09-26T04:07:56.881+0000] {logging_mixin.py:190} INFO - [2024-09-26T04:07:56.881+0000] {dagbag.py:587} INFO - Filling up the DagBag from /opt/airflow/dags/deck_with_cron_expression.py
[2024-09-26T04:07:56.975+0000] {processor.py:925} INFO - DAG(s) 'schedule_with_cron_expression_v03' retrieved from /opt/airflow/dags/deck_with_cron_expression.py
[2024-09-26T04:07:57.005+0000] {logging_mixin.py:190} INFO - [2024-09-26T04:07:57.005+0000] {dag.py:3229} INFO - Sync 1 DAGs
[2024-09-26T04:07:57.029+0000] {logging_mixin.py:190} INFO - [2024-09-26T04:07:57.029+0000] {dag.py:4156} INFO - Setting next_dagrun for schedule_with_cron_expression_v03 to 2024-09-12 03:00:00+00:00, run_after=2024-09-13 03:00:00+00:00
[2024-09-26T04:07:57.064+0000] {processor.py:208} INFO - Processing /opt/airflow/dags/deck_with_cron_expression.py took 0.197 seconds
[2024-09-26T04:08:27.537+0000] {processor.py:186} INFO - Started process (PID=151082) to work on /opt/airflow/dags/deck_with_cron_expression.py
[2024-09-26T04:08:27.538+0000] {processor.py:914} INFO - Processing file /opt/airflow/dags/deck_with_cron_expression.py for tasks to queue
[2024-09-26T04:08:27.540+0000] {logging_mixin.py:190} INFO - [2024-09-26T04:08:27.540+0000] {dagbag.py:587} INFO - Filling up the DagBag from /opt/airflow/dags/deck_with_cron_expression.py
[2024-09-26T04:08:27.656+0000] {processor.py:925} INFO - DAG(s) 'schedule_with_cron_expression_v03' retrieved from /opt/airflow/dags/deck_with_cron_expression.py
[2024-09-26T04:08:27.681+0000] {logging_mixin.py:190} INFO - [2024-09-26T04:08:27.681+0000] {dag.py:3229} INFO - Sync 1 DAGs
[2024-09-26T04:08:27.703+0000] {logging_mixin.py:190} INFO - [2024-09-26T04:08:27.703+0000] {dag.py:4156} INFO - Setting next_dagrun for schedule_with_cron_expression_v03 to 2024-09-12 03:00:00+00:00, run_after=2024-09-13 03:00:00+00:00
[2024-09-26T04:08:27.728+0000] {processor.py:208} INFO - Processing /opt/airflow/dags/deck_with_cron_expression.py took 0.197 seconds
[2024-09-26T04:08:58.092+0000] {processor.py:186} INFO - Started process (PID=151125) to work on /opt/airflow/dags/deck_with_cron_expression.py
[2024-09-26T04:08:58.095+0000] {processor.py:914} INFO - Processing file /opt/airflow/dags/deck_with_cron_expression.py for tasks to queue
[2024-09-26T04:08:58.098+0000] {logging_mixin.py:190} INFO - [2024-09-26T04:08:58.098+0000] {dagbag.py:587} INFO - Filling up the DagBag from /opt/airflow/dags/deck_with_cron_expression.py
[2024-09-26T04:08:58.218+0000] {processor.py:925} INFO - DAG(s) 'schedule_with_cron_expression_v03' retrieved from /opt/airflow/dags/deck_with_cron_expression.py
[2024-09-26T04:08:58.258+0000] {logging_mixin.py:190} INFO - [2024-09-26T04:08:58.257+0000] {dag.py:3229} INFO - Sync 1 DAGs
[2024-09-26T04:08:58.283+0000] {logging_mixin.py:190} INFO - [2024-09-26T04:08:58.283+0000] {dag.py:4156} INFO - Setting next_dagrun for schedule_with_cron_expression_v03 to 2024-09-12 03:00:00+00:00, run_after=2024-09-13 03:00:00+00:00
[2024-09-26T04:08:58.320+0000] {processor.py:208} INFO - Processing /opt/airflow/dags/deck_with_cron_expression.py took 0.237 seconds
[2024-09-26T04:09:28.626+0000] {processor.py:186} INFO - Started process (PID=151168) to work on /opt/airflow/dags/deck_with_cron_expression.py
[2024-09-26T04:09:28.628+0000] {processor.py:914} INFO - Processing file /opt/airflow/dags/deck_with_cron_expression.py for tasks to queue
[2024-09-26T04:09:28.630+0000] {logging_mixin.py:190} INFO - [2024-09-26T04:09:28.630+0000] {dagbag.py:587} INFO - Filling up the DagBag from /opt/airflow/dags/deck_with_cron_expression.py
[2024-09-26T04:09:28.714+0000] {processor.py:925} INFO - DAG(s) 'schedule_with_cron_expression_v03' retrieved from /opt/airflow/dags/deck_with_cron_expression.py
[2024-09-26T04:09:28.740+0000] {logging_mixin.py:190} INFO - [2024-09-26T04:09:28.740+0000] {dag.py:3229} INFO - Sync 1 DAGs
[2024-09-26T04:09:28.767+0000] {logging_mixin.py:190} INFO - [2024-09-26T04:09:28.767+0000] {dag.py:4156} INFO - Setting next_dagrun for schedule_with_cron_expression_v03 to 2024-09-12 03:00:00+00:00, run_after=2024-09-13 03:00:00+00:00
[2024-09-26T04:09:28.798+0000] {processor.py:208} INFO - Processing /opt/airflow/dags/deck_with_cron_expression.py took 0.179 seconds
[2024-09-26T04:09:59.223+0000] {processor.py:186} INFO - Started process (PID=151211) to work on /opt/airflow/dags/deck_with_cron_expression.py
[2024-09-26T04:09:59.226+0000] {processor.py:914} INFO - Processing file /opt/airflow/dags/deck_with_cron_expression.py for tasks to queue
[2024-09-26T04:09:59.231+0000] {logging_mixin.py:190} INFO - [2024-09-26T04:09:59.230+0000] {dagbag.py:587} INFO - Filling up the DagBag from /opt/airflow/dags/deck_with_cron_expression.py
[2024-09-26T04:09:59.337+0000] {processor.py:925} INFO - DAG(s) 'schedule_with_cron_expression_v03' retrieved from /opt/airflow/dags/deck_with_cron_expression.py
[2024-09-26T04:09:59.368+0000] {logging_mixin.py:190} INFO - [2024-09-26T04:09:59.368+0000] {dag.py:3229} INFO - Sync 1 DAGs
[2024-09-26T04:09:59.388+0000] {logging_mixin.py:190} INFO - [2024-09-26T04:09:59.388+0000] {dag.py:4156} INFO - Setting next_dagrun for schedule_with_cron_expression_v03 to 2024-09-12 03:00:00+00:00, run_after=2024-09-13 03:00:00+00:00
[2024-09-26T04:09:59.410+0000] {processor.py:208} INFO - Processing /opt/airflow/dags/deck_with_cron_expression.py took 0.199 seconds
[2024-09-26T04:10:30.303+0000] {processor.py:186} INFO - Started process (PID=151254) to work on /opt/airflow/dags/deck_with_cron_expression.py
[2024-09-26T04:10:30.305+0000] {processor.py:914} INFO - Processing file /opt/airflow/dags/deck_with_cron_expression.py for tasks to queue
[2024-09-26T04:10:30.309+0000] {logging_mixin.py:190} INFO - [2024-09-26T04:10:30.308+0000] {dagbag.py:587} INFO - Filling up the DagBag from /opt/airflow/dags/deck_with_cron_expression.py
[2024-09-26T04:10:30.422+0000] {processor.py:925} INFO - DAG(s) 'schedule_with_cron_expression_v03' retrieved from /opt/airflow/dags/deck_with_cron_expression.py
[2024-09-26T04:10:30.449+0000] {logging_mixin.py:190} INFO - [2024-09-26T04:10:30.449+0000] {dag.py:3229} INFO - Sync 1 DAGs
[2024-09-26T04:10:30.471+0000] {logging_mixin.py:190} INFO - [2024-09-26T04:10:30.471+0000] {dag.py:4156} INFO - Setting next_dagrun for schedule_with_cron_expression_v03 to 2024-09-12 03:00:00+00:00, run_after=2024-09-13 03:00:00+00:00
[2024-09-26T04:10:30.493+0000] {processor.py:208} INFO - Processing /opt/airflow/dags/deck_with_cron_expression.py took 0.199 seconds
[2024-09-26T04:11:01.127+0000] {processor.py:186} INFO - Started process (PID=151297) to work on /opt/airflow/dags/deck_with_cron_expression.py
[2024-09-26T04:11:01.130+0000] {processor.py:914} INFO - Processing file /opt/airflow/dags/deck_with_cron_expression.py for tasks to queue
[2024-09-26T04:11:01.133+0000] {logging_mixin.py:190} INFO - [2024-09-26T04:11:01.132+0000] {dagbag.py:587} INFO - Filling up the DagBag from /opt/airflow/dags/deck_with_cron_expression.py
[2024-09-26T04:11:01.276+0000] {processor.py:925} INFO - DAG(s) 'schedule_with_cron_expression_v03' retrieved from /opt/airflow/dags/deck_with_cron_expression.py
[2024-09-26T04:11:01.304+0000] {logging_mixin.py:190} INFO - [2024-09-26T04:11:01.304+0000] {dag.py:3229} INFO - Sync 1 DAGs
[2024-09-26T04:11:01.333+0000] {logging_mixin.py:190} INFO - [2024-09-26T04:11:01.332+0000] {dag.py:4156} INFO - Setting next_dagrun for schedule_with_cron_expression_v03 to 2024-09-12 03:00:00+00:00, run_after=2024-09-13 03:00:00+00:00
[2024-09-26T04:11:01.354+0000] {processor.py:208} INFO - Processing /opt/airflow/dags/deck_with_cron_expression.py took 0.236 seconds
[2024-09-26T04:11:31.700+0000] {processor.py:186} INFO - Started process (PID=151340) to work on /opt/airflow/dags/deck_with_cron_expression.py
[2024-09-26T04:11:31.703+0000] {processor.py:914} INFO - Processing file /opt/airflow/dags/deck_with_cron_expression.py for tasks to queue
[2024-09-26T04:11:31.706+0000] {logging_mixin.py:190} INFO - [2024-09-26T04:11:31.705+0000] {dagbag.py:587} INFO - Filling up the DagBag from /opt/airflow/dags/deck_with_cron_expression.py
[2024-09-26T04:11:31.810+0000] {processor.py:925} INFO - DAG(s) 'schedule_with_cron_expression_v03' retrieved from /opt/airflow/dags/deck_with_cron_expression.py
[2024-09-26T04:11:31.839+0000] {logging_mixin.py:190} INFO - [2024-09-26T04:11:31.838+0000] {dag.py:3229} INFO - Sync 1 DAGs
[2024-09-26T04:11:31.865+0000] {logging_mixin.py:190} INFO - [2024-09-26T04:11:31.865+0000] {dag.py:4156} INFO - Setting next_dagrun for schedule_with_cron_expression_v03 to 2024-09-12 03:00:00+00:00, run_after=2024-09-13 03:00:00+00:00
[2024-09-26T04:11:31.889+0000] {processor.py:208} INFO - Processing /opt/airflow/dags/deck_with_cron_expression.py took 0.200 seconds
[2024-09-26T04:12:02.965+0000] {processor.py:186} INFO - Started process (PID=151383) to work on /opt/airflow/dags/deck_with_cron_expression.py
[2024-09-26T04:12:02.966+0000] {processor.py:914} INFO - Processing file /opt/airflow/dags/deck_with_cron_expression.py for tasks to queue
[2024-09-26T04:12:02.968+0000] {logging_mixin.py:190} INFO - [2024-09-26T04:12:02.968+0000] {dagbag.py:587} INFO - Filling up the DagBag from /opt/airflow/dags/deck_with_cron_expression.py
[2024-09-26T04:12:03.075+0000] {processor.py:925} INFO - DAG(s) 'schedule_with_cron_expression_v03' retrieved from /opt/airflow/dags/deck_with_cron_expression.py
[2024-09-26T04:12:03.109+0000] {logging_mixin.py:190} INFO - [2024-09-26T04:12:03.109+0000] {dag.py:3229} INFO - Sync 1 DAGs
[2024-09-26T04:12:03.130+0000] {logging_mixin.py:190} INFO - [2024-09-26T04:12:03.130+0000] {dag.py:4156} INFO - Setting next_dagrun for schedule_with_cron_expression_v03 to 2024-09-12 03:00:00+00:00, run_after=2024-09-13 03:00:00+00:00
[2024-09-26T04:12:03.154+0000] {processor.py:208} INFO - Processing /opt/airflow/dags/deck_with_cron_expression.py took 0.201 seconds
[2024-09-26T04:12:33.441+0000] {processor.py:186} INFO - Started process (PID=151426) to work on /opt/airflow/dags/deck_with_cron_expression.py
[2024-09-26T04:12:33.443+0000] {processor.py:914} INFO - Processing file /opt/airflow/dags/deck_with_cron_expression.py for tasks to queue
[2024-09-26T04:12:33.445+0000] {logging_mixin.py:190} INFO - [2024-09-26T04:12:33.444+0000] {dagbag.py:587} INFO - Filling up the DagBag from /opt/airflow/dags/deck_with_cron_expression.py
[2024-09-26T04:12:33.544+0000] {processor.py:925} INFO - DAG(s) 'schedule_with_cron_expression_v03' retrieved from /opt/airflow/dags/deck_with_cron_expression.py
[2024-09-26T04:12:33.572+0000] {logging_mixin.py:190} INFO - [2024-09-26T04:12:33.572+0000] {dag.py:3229} INFO - Sync 1 DAGs
[2024-09-26T04:12:33.593+0000] {logging_mixin.py:190} INFO - [2024-09-26T04:12:33.592+0000] {dag.py:4156} INFO - Setting next_dagrun for schedule_with_cron_expression_v03 to 2024-09-12 03:00:00+00:00, run_after=2024-09-13 03:00:00+00:00
[2024-09-26T04:12:33.630+0000] {processor.py:208} INFO - Processing /opt/airflow/dags/deck_with_cron_expression.py took 0.195 seconds
[2024-09-26T04:13:03.978+0000] {processor.py:186} INFO - Started process (PID=151469) to work on /opt/airflow/dags/deck_with_cron_expression.py
[2024-09-26T04:13:03.980+0000] {processor.py:914} INFO - Processing file /opt/airflow/dags/deck_with_cron_expression.py for tasks to queue
[2024-09-26T04:13:03.983+0000] {logging_mixin.py:190} INFO - [2024-09-26T04:13:03.983+0000] {dagbag.py:587} INFO - Filling up the DagBag from /opt/airflow/dags/deck_with_cron_expression.py
[2024-09-26T04:13:04.104+0000] {processor.py:925} INFO - DAG(s) 'schedule_with_cron_expression_v03' retrieved from /opt/airflow/dags/deck_with_cron_expression.py
[2024-09-26T04:13:04.129+0000] {logging_mixin.py:190} INFO - [2024-09-26T04:13:04.129+0000] {dag.py:3229} INFO - Sync 1 DAGs
[2024-09-26T04:13:04.150+0000] {logging_mixin.py:190} INFO - [2024-09-26T04:13:04.149+0000] {dag.py:4156} INFO - Setting next_dagrun for schedule_with_cron_expression_v03 to 2024-09-12 03:00:00+00:00, run_after=2024-09-13 03:00:00+00:00
[2024-09-26T04:13:04.188+0000] {processor.py:208} INFO - Processing /opt/airflow/dags/deck_with_cron_expression.py took 0.220 seconds
[2024-09-26T04:13:34.815+0000] {processor.py:186} INFO - Started process (PID=151512) to work on /opt/airflow/dags/deck_with_cron_expression.py
[2024-09-26T04:13:34.817+0000] {processor.py:914} INFO - Processing file /opt/airflow/dags/deck_with_cron_expression.py for tasks to queue
[2024-09-26T04:13:34.819+0000] {logging_mixin.py:190} INFO - [2024-09-26T04:13:34.819+0000] {dagbag.py:587} INFO - Filling up the DagBag from /opt/airflow/dags/deck_with_cron_expression.py
[2024-09-26T04:13:34.941+0000] {processor.py:925} INFO - DAG(s) 'schedule_with_cron_expression_v03' retrieved from /opt/airflow/dags/deck_with_cron_expression.py
[2024-09-26T04:13:34.994+0000] {logging_mixin.py:190} INFO - [2024-09-26T04:13:34.994+0000] {dag.py:3229} INFO - Sync 1 DAGs
[2024-09-26T04:13:35.017+0000] {logging_mixin.py:190} INFO - [2024-09-26T04:13:35.017+0000] {dag.py:4156} INFO - Setting next_dagrun for schedule_with_cron_expression_v03 to 2024-09-12 03:00:00+00:00, run_after=2024-09-13 03:00:00+00:00
[2024-09-26T04:13:35.042+0000] {processor.py:208} INFO - Processing /opt/airflow/dags/deck_with_cron_expression.py took 0.236 seconds
[2024-09-26T04:14:05.518+0000] {processor.py:186} INFO - Started process (PID=151555) to work on /opt/airflow/dags/deck_with_cron_expression.py
[2024-09-26T04:14:05.520+0000] {processor.py:914} INFO - Processing file /opt/airflow/dags/deck_with_cron_expression.py for tasks to queue
[2024-09-26T04:14:05.523+0000] {logging_mixin.py:190} INFO - [2024-09-26T04:14:05.522+0000] {dagbag.py:587} INFO - Filling up the DagBag from /opt/airflow/dags/deck_with_cron_expression.py
[2024-09-26T04:14:05.614+0000] {processor.py:925} INFO - DAG(s) 'schedule_with_cron_expression_v03' retrieved from /opt/airflow/dags/deck_with_cron_expression.py
[2024-09-26T04:14:05.644+0000] {logging_mixin.py:190} INFO - [2024-09-26T04:14:05.644+0000] {dag.py:3229} INFO - Sync 1 DAGs
[2024-09-26T04:14:05.666+0000] {logging_mixin.py:190} INFO - [2024-09-26T04:14:05.666+0000] {dag.py:4156} INFO - Setting next_dagrun for schedule_with_cron_expression_v03 to 2024-09-12 03:00:00+00:00, run_after=2024-09-13 03:00:00+00:00
[2024-09-26T04:14:05.696+0000] {processor.py:208} INFO - Processing /opt/airflow/dags/deck_with_cron_expression.py took 0.184 seconds
[2024-09-26T04:14:36.144+0000] {processor.py:186} INFO - Started process (PID=151598) to work on /opt/airflow/dags/deck_with_cron_expression.py
[2024-09-26T04:14:36.145+0000] {processor.py:914} INFO - Processing file /opt/airflow/dags/deck_with_cron_expression.py for tasks to queue
[2024-09-26T04:14:36.148+0000] {logging_mixin.py:190} INFO - [2024-09-26T04:14:36.148+0000] {dagbag.py:587} INFO - Filling up the DagBag from /opt/airflow/dags/deck_with_cron_expression.py
[2024-09-26T04:14:36.257+0000] {processor.py:925} INFO - DAG(s) 'schedule_with_cron_expression_v03' retrieved from /opt/airflow/dags/deck_with_cron_expression.py
[2024-09-26T04:14:36.280+0000] {logging_mixin.py:190} INFO - [2024-09-26T04:14:36.280+0000] {dag.py:3229} INFO - Sync 1 DAGs
[2024-09-26T04:14:36.304+0000] {logging_mixin.py:190} INFO - [2024-09-26T04:14:36.303+0000] {dag.py:4156} INFO - Setting next_dagrun for schedule_with_cron_expression_v03 to 2024-09-12 03:00:00+00:00, run_after=2024-09-13 03:00:00+00:00
[2024-09-26T04:14:36.331+0000] {processor.py:208} INFO - Processing /opt/airflow/dags/deck_with_cron_expression.py took 0.196 seconds
[2024-09-26T04:15:07.315+0000] {processor.py:186} INFO - Started process (PID=151641) to work on /opt/airflow/dags/deck_with_cron_expression.py
[2024-09-26T04:15:07.317+0000] {processor.py:914} INFO - Processing file /opt/airflow/dags/deck_with_cron_expression.py for tasks to queue
[2024-09-26T04:15:07.320+0000] {logging_mixin.py:190} INFO - [2024-09-26T04:15:07.319+0000] {dagbag.py:587} INFO - Filling up the DagBag from /opt/airflow/dags/deck_with_cron_expression.py
[2024-09-26T04:15:07.419+0000] {processor.py:925} INFO - DAG(s) 'schedule_with_cron_expression_v03' retrieved from /opt/airflow/dags/deck_with_cron_expression.py
[2024-09-26T04:15:07.442+0000] {logging_mixin.py:190} INFO - [2024-09-26T04:15:07.442+0000] {dag.py:3229} INFO - Sync 1 DAGs
[2024-09-26T04:15:07.460+0000] {logging_mixin.py:190} INFO - [2024-09-26T04:15:07.460+0000] {dag.py:4156} INFO - Setting next_dagrun for schedule_with_cron_expression_v03 to 2024-09-12 03:00:00+00:00, run_after=2024-09-13 03:00:00+00:00
[2024-09-26T04:15:07.489+0000] {processor.py:208} INFO - Processing /opt/airflow/dags/deck_with_cron_expression.py took 0.184 seconds
[2024-09-26T04:15:37.854+0000] {processor.py:186} INFO - Started process (PID=151684) to work on /opt/airflow/dags/deck_with_cron_expression.py
[2024-09-26T04:15:37.855+0000] {processor.py:914} INFO - Processing file /opt/airflow/dags/deck_with_cron_expression.py for tasks to queue
[2024-09-26T04:15:37.857+0000] {logging_mixin.py:190} INFO - [2024-09-26T04:15:37.857+0000] {dagbag.py:587} INFO - Filling up the DagBag from /opt/airflow/dags/deck_with_cron_expression.py
[2024-09-26T04:15:37.934+0000] {processor.py:925} INFO - DAG(s) 'schedule_with_cron_expression_v03' retrieved from /opt/airflow/dags/deck_with_cron_expression.py
[2024-09-26T04:15:37.959+0000] {logging_mixin.py:190} INFO - [2024-09-26T04:15:37.959+0000] {dag.py:3229} INFO - Sync 1 DAGs
[2024-09-26T04:15:37.981+0000] {logging_mixin.py:190} INFO - [2024-09-26T04:15:37.981+0000] {dag.py:4156} INFO - Setting next_dagrun for schedule_with_cron_expression_v03 to 2024-09-12 03:00:00+00:00, run_after=2024-09-13 03:00:00+00:00
[2024-09-26T04:15:38.004+0000] {processor.py:208} INFO - Processing /opt/airflow/dags/deck_with_cron_expression.py took 0.156 seconds
[2024-09-26T04:16:08.333+0000] {processor.py:186} INFO - Started process (PID=151725) to work on /opt/airflow/dags/deck_with_cron_expression.py
[2024-09-26T04:16:08.336+0000] {processor.py:914} INFO - Processing file /opt/airflow/dags/deck_with_cron_expression.py for tasks to queue
[2024-09-26T04:16:08.339+0000] {logging_mixin.py:190} INFO - [2024-09-26T04:16:08.339+0000] {dagbag.py:587} INFO - Filling up the DagBag from /opt/airflow/dags/deck_with_cron_expression.py
[2024-09-26T04:16:08.435+0000] {processor.py:925} INFO - DAG(s) 'schedule_with_cron_expression_v03' retrieved from /opt/airflow/dags/deck_with_cron_expression.py
[2024-09-26T04:16:08.469+0000] {logging_mixin.py:190} INFO - [2024-09-26T04:16:08.468+0000] {dag.py:3229} INFO - Sync 1 DAGs
[2024-09-26T04:16:08.501+0000] {logging_mixin.py:190} INFO - [2024-09-26T04:16:08.500+0000] {dag.py:4156} INFO - Setting next_dagrun for schedule_with_cron_expression_v03 to 2024-09-12 03:00:00+00:00, run_after=2024-09-13 03:00:00+00:00
[2024-09-26T04:16:08.538+0000] {processor.py:208} INFO - Processing /opt/airflow/dags/deck_with_cron_expression.py took 0.215 seconds
[2024-09-26T04:16:39.029+0000] {processor.py:186} INFO - Started process (PID=151770) to work on /opt/airflow/dags/deck_with_cron_expression.py
[2024-09-26T04:16:39.031+0000] {processor.py:914} INFO - Processing file /opt/airflow/dags/deck_with_cron_expression.py for tasks to queue
[2024-09-26T04:16:39.034+0000] {logging_mixin.py:190} INFO - [2024-09-26T04:16:39.034+0000] {dagbag.py:587} INFO - Filling up the DagBag from /opt/airflow/dags/deck_with_cron_expression.py
[2024-09-26T04:16:39.110+0000] {processor.py:925} INFO - DAG(s) 'schedule_with_cron_expression_v03' retrieved from /opt/airflow/dags/deck_with_cron_expression.py
[2024-09-26T04:16:39.137+0000] {logging_mixin.py:190} INFO - [2024-09-26T04:16:39.137+0000] {dag.py:3229} INFO - Sync 1 DAGs
[2024-09-26T04:16:39.168+0000] {logging_mixin.py:190} INFO - [2024-09-26T04:16:39.168+0000] {dag.py:4156} INFO - Setting next_dagrun for schedule_with_cron_expression_v03 to 2024-09-12 03:00:00+00:00, run_after=2024-09-13 03:00:00+00:00
[2024-09-26T04:16:39.199+0000] {processor.py:208} INFO - Processing /opt/airflow/dags/deck_with_cron_expression.py took 0.175 seconds
[2024-09-26T04:17:09.732+0000] {processor.py:186} INFO - Started process (PID=151813) to work on /opt/airflow/dags/deck_with_cron_expression.py
[2024-09-26T04:17:09.735+0000] {processor.py:914} INFO - Processing file /opt/airflow/dags/deck_with_cron_expression.py for tasks to queue
[2024-09-26T04:17:09.737+0000] {logging_mixin.py:190} INFO - [2024-09-26T04:17:09.737+0000] {dagbag.py:587} INFO - Filling up the DagBag from /opt/airflow/dags/deck_with_cron_expression.py
[2024-09-26T04:17:09.861+0000] {processor.py:925} INFO - DAG(s) 'schedule_with_cron_expression_v03' retrieved from /opt/airflow/dags/deck_with_cron_expression.py
[2024-09-26T04:17:09.887+0000] {logging_mixin.py:190} INFO - [2024-09-26T04:17:09.887+0000] {dag.py:3229} INFO - Sync 1 DAGs
[2024-09-26T04:17:09.907+0000] {logging_mixin.py:190} INFO - [2024-09-26T04:17:09.907+0000] {dag.py:4156} INFO - Setting next_dagrun for schedule_with_cron_expression_v03 to 2024-09-12 03:00:00+00:00, run_after=2024-09-13 03:00:00+00:00
[2024-09-26T04:17:09.935+0000] {processor.py:208} INFO - Processing /opt/airflow/dags/deck_with_cron_expression.py took 0.213 seconds
[2024-09-26T04:17:40.306+0000] {processor.py:186} INFO - Started process (PID=151856) to work on /opt/airflow/dags/deck_with_cron_expression.py
[2024-09-26T04:17:40.307+0000] {processor.py:914} INFO - Processing file /opt/airflow/dags/deck_with_cron_expression.py for tasks to queue
[2024-09-26T04:17:40.310+0000] {logging_mixin.py:190} INFO - [2024-09-26T04:17:40.310+0000] {dagbag.py:587} INFO - Filling up the DagBag from /opt/airflow/dags/deck_with_cron_expression.py
[2024-09-26T04:17:40.428+0000] {processor.py:925} INFO - DAG(s) 'schedule_with_cron_expression_v03' retrieved from /opt/airflow/dags/deck_with_cron_expression.py
[2024-09-26T04:17:40.457+0000] {logging_mixin.py:190} INFO - [2024-09-26T04:17:40.457+0000] {dag.py:3229} INFO - Sync 1 DAGs
[2024-09-26T04:17:40.481+0000] {logging_mixin.py:190} INFO - [2024-09-26T04:17:40.481+0000] {dag.py:4156} INFO - Setting next_dagrun for schedule_with_cron_expression_v03 to 2024-09-12 03:00:00+00:00, run_after=2024-09-13 03:00:00+00:00
[2024-09-26T04:17:40.519+0000] {processor.py:208} INFO - Processing /opt/airflow/dags/deck_with_cron_expression.py took 0.221 seconds
[2024-09-26T04:18:10.781+0000] {processor.py:186} INFO - Started process (PID=151899) to work on /opt/airflow/dags/deck_with_cron_expression.py
[2024-09-26T04:18:10.783+0000] {processor.py:914} INFO - Processing file /opt/airflow/dags/deck_with_cron_expression.py for tasks to queue
[2024-09-26T04:18:10.785+0000] {logging_mixin.py:190} INFO - [2024-09-26T04:18:10.785+0000] {dagbag.py:587} INFO - Filling up the DagBag from /opt/airflow/dags/deck_with_cron_expression.py
[2024-09-26T04:18:10.893+0000] {processor.py:925} INFO - DAG(s) 'schedule_with_cron_expression_v03' retrieved from /opt/airflow/dags/deck_with_cron_expression.py
[2024-09-26T04:18:10.924+0000] {logging_mixin.py:190} INFO - [2024-09-26T04:18:10.924+0000] {dag.py:3229} INFO - Sync 1 DAGs
[2024-09-26T04:18:10.944+0000] {logging_mixin.py:190} INFO - [2024-09-26T04:18:10.944+0000] {dag.py:4156} INFO - Setting next_dagrun for schedule_with_cron_expression_v03 to 2024-09-12 03:00:00+00:00, run_after=2024-09-13 03:00:00+00:00
[2024-09-26T04:18:10.980+0000] {processor.py:208} INFO - Processing /opt/airflow/dags/deck_with_cron_expression.py took 0.206 seconds
[2024-09-26T04:18:41.382+0000] {processor.py:186} INFO - Started process (PID=151942) to work on /opt/airflow/dags/deck_with_cron_expression.py
[2024-09-26T04:18:41.384+0000] {processor.py:914} INFO - Processing file /opt/airflow/dags/deck_with_cron_expression.py for tasks to queue
[2024-09-26T04:18:41.388+0000] {logging_mixin.py:190} INFO - [2024-09-26T04:18:41.387+0000] {dagbag.py:587} INFO - Filling up the DagBag from /opt/airflow/dags/deck_with_cron_expression.py
[2024-09-26T04:18:41.503+0000] {processor.py:925} INFO - DAG(s) 'schedule_with_cron_expression_v03' retrieved from /opt/airflow/dags/deck_with_cron_expression.py
[2024-09-26T04:18:41.532+0000] {logging_mixin.py:190} INFO - [2024-09-26T04:18:41.531+0000] {dag.py:3229} INFO - Sync 1 DAGs
[2024-09-26T04:18:41.560+0000] {logging_mixin.py:190} INFO - [2024-09-26T04:18:41.559+0000] {dag.py:4156} INFO - Setting next_dagrun for schedule_with_cron_expression_v03 to 2024-09-12 03:00:00+00:00, run_after=2024-09-13 03:00:00+00:00
[2024-09-26T04:18:41.586+0000] {processor.py:208} INFO - Processing /opt/airflow/dags/deck_with_cron_expression.py took 0.212 seconds
[2024-09-26T04:19:12.046+0000] {processor.py:186} INFO - Started process (PID=151985) to work on /opt/airflow/dags/deck_with_cron_expression.py
[2024-09-26T04:19:12.048+0000] {processor.py:914} INFO - Processing file /opt/airflow/dags/deck_with_cron_expression.py for tasks to queue
[2024-09-26T04:19:12.050+0000] {logging_mixin.py:190} INFO - [2024-09-26T04:19:12.050+0000] {dagbag.py:587} INFO - Filling up the DagBag from /opt/airflow/dags/deck_with_cron_expression.py
[2024-09-26T04:19:12.138+0000] {processor.py:925} INFO - DAG(s) 'schedule_with_cron_expression_v03' retrieved from /opt/airflow/dags/deck_with_cron_expression.py
[2024-09-26T04:19:12.171+0000] {logging_mixin.py:190} INFO - [2024-09-26T04:19:12.171+0000] {dag.py:3229} INFO - Sync 1 DAGs
[2024-09-26T04:19:12.198+0000] {logging_mixin.py:190} INFO - [2024-09-26T04:19:12.198+0000] {dag.py:4156} INFO - Setting next_dagrun for schedule_with_cron_expression_v03 to 2024-09-12 03:00:00+00:00, run_after=2024-09-13 03:00:00+00:00
[2024-09-26T04:19:12.226+0000] {processor.py:208} INFO - Processing /opt/airflow/dags/deck_with_cron_expression.py took 0.189 seconds
[2024-09-26T04:19:42.972+0000] {processor.py:186} INFO - Started process (PID=152028) to work on /opt/airflow/dags/deck_with_cron_expression.py
[2024-09-26T04:19:42.974+0000] {processor.py:914} INFO - Processing file /opt/airflow/dags/deck_with_cron_expression.py for tasks to queue
[2024-09-26T04:19:42.977+0000] {logging_mixin.py:190} INFO - [2024-09-26T04:19:42.976+0000] {dagbag.py:587} INFO - Filling up the DagBag from /opt/airflow/dags/deck_with_cron_expression.py
[2024-09-26T04:19:43.068+0000] {processor.py:925} INFO - DAG(s) 'schedule_with_cron_expression_v03' retrieved from /opt/airflow/dags/deck_with_cron_expression.py
[2024-09-26T04:19:43.095+0000] {logging_mixin.py:190} INFO - [2024-09-26T04:19:43.095+0000] {dag.py:3229} INFO - Sync 1 DAGs
[2024-09-26T04:19:43.118+0000] {logging_mixin.py:190} INFO - [2024-09-26T04:19:43.118+0000] {dag.py:4156} INFO - Setting next_dagrun for schedule_with_cron_expression_v03 to 2024-09-12 03:00:00+00:00, run_after=2024-09-13 03:00:00+00:00
[2024-09-26T04:19:43.144+0000] {processor.py:208} INFO - Processing /opt/airflow/dags/deck_with_cron_expression.py took 0.186 seconds
[2024-09-26T04:20:13.509+0000] {processor.py:186} INFO - Started process (PID=152071) to work on /opt/airflow/dags/deck_with_cron_expression.py
[2024-09-26T04:20:13.511+0000] {processor.py:914} INFO - Processing file /opt/airflow/dags/deck_with_cron_expression.py for tasks to queue
[2024-09-26T04:20:13.513+0000] {logging_mixin.py:190} INFO - [2024-09-26T04:20:13.512+0000] {dagbag.py:587} INFO - Filling up the DagBag from /opt/airflow/dags/deck_with_cron_expression.py
[2024-09-26T04:20:13.624+0000] {processor.py:925} INFO - DAG(s) 'schedule_with_cron_expression_v03' retrieved from /opt/airflow/dags/deck_with_cron_expression.py
[2024-09-26T04:20:13.665+0000] {logging_mixin.py:190} INFO - [2024-09-26T04:20:13.665+0000] {dag.py:3229} INFO - Sync 1 DAGs
[2024-09-26T04:20:13.690+0000] {logging_mixin.py:190} INFO - [2024-09-26T04:20:13.690+0000] {dag.py:4156} INFO - Setting next_dagrun for schedule_with_cron_expression_v03 to 2024-09-12 03:00:00+00:00, run_after=2024-09-13 03:00:00+00:00
[2024-09-26T04:20:13.724+0000] {processor.py:208} INFO - Processing /opt/airflow/dags/deck_with_cron_expression.py took 0.222 seconds
[2024-09-26T04:20:44.042+0000] {processor.py:186} INFO - Started process (PID=152114) to work on /opt/airflow/dags/deck_with_cron_expression.py
[2024-09-26T04:20:44.044+0000] {processor.py:914} INFO - Processing file /opt/airflow/dags/deck_with_cron_expression.py for tasks to queue
[2024-09-26T04:20:44.046+0000] {logging_mixin.py:190} INFO - [2024-09-26T04:20:44.046+0000] {dagbag.py:587} INFO - Filling up the DagBag from /opt/airflow/dags/deck_with_cron_expression.py
[2024-09-26T04:20:44.125+0000] {processor.py:925} INFO - DAG(s) 'schedule_with_cron_expression_v03' retrieved from /opt/airflow/dags/deck_with_cron_expression.py
[2024-09-26T04:20:44.149+0000] {logging_mixin.py:190} INFO - [2024-09-26T04:20:44.149+0000] {dag.py:3229} INFO - Sync 1 DAGs
[2024-09-26T04:20:44.173+0000] {logging_mixin.py:190} INFO - [2024-09-26T04:20:44.173+0000] {dag.py:4156} INFO - Setting next_dagrun for schedule_with_cron_expression_v03 to 2024-09-12 03:00:00+00:00, run_after=2024-09-13 03:00:00+00:00
[2024-09-26T04:20:44.206+0000] {processor.py:208} INFO - Processing /opt/airflow/dags/deck_with_cron_expression.py took 0.173 seconds
[2024-09-26T04:21:14.509+0000] {processor.py:186} INFO - Started process (PID=152157) to work on /opt/airflow/dags/deck_with_cron_expression.py
[2024-09-26T04:21:14.510+0000] {processor.py:914} INFO - Processing file /opt/airflow/dags/deck_with_cron_expression.py for tasks to queue
[2024-09-26T04:21:14.512+0000] {logging_mixin.py:190} INFO - [2024-09-26T04:21:14.512+0000] {dagbag.py:587} INFO - Filling up the DagBag from /opt/airflow/dags/deck_with_cron_expression.py
[2024-09-26T04:21:14.625+0000] {processor.py:925} INFO - DAG(s) 'schedule_with_cron_expression_v03' retrieved from /opt/airflow/dags/deck_with_cron_expression.py
[2024-09-26T04:21:14.649+0000] {logging_mixin.py:190} INFO - [2024-09-26T04:21:14.649+0000] {dag.py:3229} INFO - Sync 1 DAGs
[2024-09-26T04:21:14.669+0000] {logging_mixin.py:190} INFO - [2024-09-26T04:21:14.669+0000] {dag.py:4156} INFO - Setting next_dagrun for schedule_with_cron_expression_v03 to 2024-09-12 03:00:00+00:00, run_after=2024-09-13 03:00:00+00:00
[2024-09-26T04:21:14.697+0000] {processor.py:208} INFO - Processing /opt/airflow/dags/deck_with_cron_expression.py took 0.193 seconds
[2024-09-26T04:21:45.219+0000] {processor.py:186} INFO - Started process (PID=152198) to work on /opt/airflow/dags/deck_with_cron_expression.py
[2024-09-26T04:21:45.220+0000] {processor.py:914} INFO - Processing file /opt/airflow/dags/deck_with_cron_expression.py for tasks to queue
[2024-09-26T04:21:45.222+0000] {logging_mixin.py:190} INFO - [2024-09-26T04:21:45.222+0000] {dagbag.py:587} INFO - Filling up the DagBag from /opt/airflow/dags/deck_with_cron_expression.py
[2024-09-26T04:21:45.289+0000] {processor.py:925} INFO - DAG(s) 'schedule_with_cron_expression_v03' retrieved from /opt/airflow/dags/deck_with_cron_expression.py
[2024-09-26T04:21:45.321+0000] {logging_mixin.py:190} INFO - [2024-09-26T04:21:45.321+0000] {dag.py:3229} INFO - Sync 1 DAGs
[2024-09-26T04:21:45.349+0000] {logging_mixin.py:190} INFO - [2024-09-26T04:21:45.349+0000] {dag.py:4156} INFO - Setting next_dagrun for schedule_with_cron_expression_v03 to 2024-09-12 03:00:00+00:00, run_after=2024-09-13 03:00:00+00:00
[2024-09-26T04:21:45.375+0000] {processor.py:208} INFO - Processing /opt/airflow/dags/deck_with_cron_expression.py took 0.164 seconds
[2024-09-26T04:22:15.993+0000] {processor.py:186} INFO - Started process (PID=152243) to work on /opt/airflow/dags/deck_with_cron_expression.py
[2024-09-26T04:22:15.995+0000] {processor.py:914} INFO - Processing file /opt/airflow/dags/deck_with_cron_expression.py for tasks to queue
[2024-09-26T04:22:15.996+0000] {logging_mixin.py:190} INFO - [2024-09-26T04:22:15.996+0000] {dagbag.py:587} INFO - Filling up the DagBag from /opt/airflow/dags/deck_with_cron_expression.py
[2024-09-26T04:22:16.070+0000] {processor.py:925} INFO - DAG(s) 'schedule_with_cron_expression_v03' retrieved from /opt/airflow/dags/deck_with_cron_expression.py
[2024-09-26T04:22:16.095+0000] {logging_mixin.py:190} INFO - [2024-09-26T04:22:16.095+0000] {dag.py:3229} INFO - Sync 1 DAGs
[2024-09-26T04:22:16.116+0000] {logging_mixin.py:190} INFO - [2024-09-26T04:22:16.116+0000] {dag.py:4156} INFO - Setting next_dagrun for schedule_with_cron_expression_v03 to 2024-09-12 03:00:00+00:00, run_after=2024-09-13 03:00:00+00:00
[2024-09-26T04:22:16.145+0000] {processor.py:208} INFO - Processing /opt/airflow/dags/deck_with_cron_expression.py took 0.158 seconds
[2024-09-26T04:22:46.575+0000] {processor.py:186} INFO - Started process (PID=152286) to work on /opt/airflow/dags/deck_with_cron_expression.py
[2024-09-26T04:22:46.577+0000] {processor.py:914} INFO - Processing file /opt/airflow/dags/deck_with_cron_expression.py for tasks to queue
[2024-09-26T04:22:46.581+0000] {logging_mixin.py:190} INFO - [2024-09-26T04:22:46.580+0000] {dagbag.py:587} INFO - Filling up the DagBag from /opt/airflow/dags/deck_with_cron_expression.py
[2024-09-26T04:22:46.673+0000] {processor.py:925} INFO - DAG(s) 'schedule_with_cron_expression_v03' retrieved from /opt/airflow/dags/deck_with_cron_expression.py
[2024-09-26T04:22:46.714+0000] {logging_mixin.py:190} INFO - [2024-09-26T04:22:46.713+0000] {dag.py:3229} INFO - Sync 1 DAGs
[2024-09-26T04:22:46.740+0000] {logging_mixin.py:190} INFO - [2024-09-26T04:22:46.740+0000] {dag.py:4156} INFO - Setting next_dagrun for schedule_with_cron_expression_v03 to 2024-09-12 03:00:00+00:00, run_after=2024-09-13 03:00:00+00:00
[2024-09-26T04:22:46.770+0000] {processor.py:208} INFO - Processing /opt/airflow/dags/deck_with_cron_expression.py took 0.200 seconds
[2024-09-26T04:23:17.313+0000] {processor.py:186} INFO - Started process (PID=152329) to work on /opt/airflow/dags/deck_with_cron_expression.py
[2024-09-26T04:23:17.315+0000] {processor.py:914} INFO - Processing file /opt/airflow/dags/deck_with_cron_expression.py for tasks to queue
[2024-09-26T04:23:17.318+0000] {logging_mixin.py:190} INFO - [2024-09-26T04:23:17.317+0000] {dagbag.py:587} INFO - Filling up the DagBag from /opt/airflow/dags/deck_with_cron_expression.py
[2024-09-26T04:23:17.387+0000] {processor.py:925} INFO - DAG(s) 'schedule_with_cron_expression_v03' retrieved from /opt/airflow/dags/deck_with_cron_expression.py
[2024-09-26T04:23:17.412+0000] {logging_mixin.py:190} INFO - [2024-09-26T04:23:17.411+0000] {dag.py:3229} INFO - Sync 1 DAGs
[2024-09-26T04:23:17.434+0000] {logging_mixin.py:190} INFO - [2024-09-26T04:23:17.434+0000] {dag.py:4156} INFO - Setting next_dagrun for schedule_with_cron_expression_v03 to 2024-09-12 03:00:00+00:00, run_after=2024-09-13 03:00:00+00:00
[2024-09-26T04:23:17.460+0000] {processor.py:208} INFO - Processing /opt/airflow/dags/deck_with_cron_expression.py took 0.155 seconds
[2024-09-26T04:23:48.097+0000] {processor.py:186} INFO - Started process (PID=152372) to work on /opt/airflow/dags/deck_with_cron_expression.py
[2024-09-26T04:23:48.100+0000] {processor.py:914} INFO - Processing file /opt/airflow/dags/deck_with_cron_expression.py for tasks to queue
[2024-09-26T04:23:48.104+0000] {logging_mixin.py:190} INFO - [2024-09-26T04:23:48.104+0000] {dagbag.py:587} INFO - Filling up the DagBag from /opt/airflow/dags/deck_with_cron_expression.py
[2024-09-26T04:23:48.203+0000] {processor.py:925} INFO - DAG(s) 'schedule_with_cron_expression_v03' retrieved from /opt/airflow/dags/deck_with_cron_expression.py
[2024-09-26T04:23:48.244+0000] {logging_mixin.py:190} INFO - [2024-09-26T04:23:48.244+0000] {dag.py:3229} INFO - Sync 1 DAGs
[2024-09-26T04:23:48.288+0000] {logging_mixin.py:190} INFO - [2024-09-26T04:23:48.288+0000] {dag.py:4156} INFO - Setting next_dagrun for schedule_with_cron_expression_v03 to 2024-09-12 03:00:00+00:00, run_after=2024-09-13 03:00:00+00:00
[2024-09-26T04:23:48.329+0000] {processor.py:208} INFO - Processing /opt/airflow/dags/deck_with_cron_expression.py took 0.254 seconds
[2024-09-26T04:24:18.491+0000] {processor.py:186} INFO - Started process (PID=152415) to work on /opt/airflow/dags/deck_with_cron_expression.py
[2024-09-26T04:24:18.493+0000] {processor.py:914} INFO - Processing file /opt/airflow/dags/deck_with_cron_expression.py for tasks to queue
[2024-09-26T04:24:18.497+0000] {logging_mixin.py:190} INFO - [2024-09-26T04:24:18.496+0000] {dagbag.py:587} INFO - Filling up the DagBag from /opt/airflow/dags/deck_with_cron_expression.py
[2024-09-26T04:24:18.589+0000] {processor.py:925} INFO - DAG(s) 'schedule_with_cron_expression_v03' retrieved from /opt/airflow/dags/deck_with_cron_expression.py
[2024-09-26T04:24:18.619+0000] {logging_mixin.py:190} INFO - [2024-09-26T04:24:18.618+0000] {dag.py:3229} INFO - Sync 1 DAGs
[2024-09-26T04:24:18.641+0000] {logging_mixin.py:190} INFO - [2024-09-26T04:24:18.641+0000] {dag.py:4156} INFO - Setting next_dagrun for schedule_with_cron_expression_v03 to 2024-09-12 03:00:00+00:00, run_after=2024-09-13 03:00:00+00:00
[2024-09-26T04:24:18.668+0000] {processor.py:208} INFO - Processing /opt/airflow/dags/deck_with_cron_expression.py took 0.190 seconds
[2024-09-26T04:24:49.404+0000] {processor.py:186} INFO - Started process (PID=152458) to work on /opt/airflow/dags/deck_with_cron_expression.py
[2024-09-26T04:24:49.406+0000] {processor.py:914} INFO - Processing file /opt/airflow/dags/deck_with_cron_expression.py for tasks to queue
[2024-09-26T04:24:49.410+0000] {logging_mixin.py:190} INFO - [2024-09-26T04:24:49.409+0000] {dagbag.py:587} INFO - Filling up the DagBag from /opt/airflow/dags/deck_with_cron_expression.py
[2024-09-26T04:24:49.514+0000] {processor.py:925} INFO - DAG(s) 'schedule_with_cron_expression_v03' retrieved from /opt/airflow/dags/deck_with_cron_expression.py
[2024-09-26T04:24:49.538+0000] {logging_mixin.py:190} INFO - [2024-09-26T04:24:49.538+0000] {dag.py:3229} INFO - Sync 1 DAGs
[2024-09-26T04:24:49.566+0000] {logging_mixin.py:190} INFO - [2024-09-26T04:24:49.565+0000] {dag.py:4156} INFO - Setting next_dagrun for schedule_with_cron_expression_v03 to 2024-09-12 03:00:00+00:00, run_after=2024-09-13 03:00:00+00:00
[2024-09-26T04:24:49.604+0000] {processor.py:208} INFO - Processing /opt/airflow/dags/deck_with_cron_expression.py took 0.211 seconds
[2024-09-26T04:25:20.554+0000] {processor.py:186} INFO - Started process (PID=152501) to work on /opt/airflow/dags/deck_with_cron_expression.py
[2024-09-26T04:25:20.556+0000] {processor.py:914} INFO - Processing file /opt/airflow/dags/deck_with_cron_expression.py for tasks to queue
[2024-09-26T04:25:20.558+0000] {logging_mixin.py:190} INFO - [2024-09-26T04:25:20.558+0000] {dagbag.py:587} INFO - Filling up the DagBag from /opt/airflow/dags/deck_with_cron_expression.py
[2024-09-26T04:25:20.661+0000] {processor.py:925} INFO - DAG(s) 'schedule_with_cron_expression_v03' retrieved from /opt/airflow/dags/deck_with_cron_expression.py
[2024-09-26T04:25:20.685+0000] {logging_mixin.py:190} INFO - [2024-09-26T04:25:20.684+0000] {dag.py:3229} INFO - Sync 1 DAGs
[2024-09-26T04:25:20.711+0000] {logging_mixin.py:190} INFO - [2024-09-26T04:25:20.710+0000] {dag.py:4156} INFO - Setting next_dagrun for schedule_with_cron_expression_v03 to 2024-09-12 03:00:00+00:00, run_after=2024-09-13 03:00:00+00:00
[2024-09-26T04:25:20.735+0000] {processor.py:208} INFO - Processing /opt/airflow/dags/deck_with_cron_expression.py took 0.191 seconds
[2024-09-26T04:25:51.690+0000] {processor.py:186} INFO - Started process (PID=152544) to work on /opt/airflow/dags/deck_with_cron_expression.py
[2024-09-26T04:25:51.692+0000] {processor.py:914} INFO - Processing file /opt/airflow/dags/deck_with_cron_expression.py for tasks to queue
[2024-09-26T04:25:51.696+0000] {logging_mixin.py:190} INFO - [2024-09-26T04:25:51.695+0000] {dagbag.py:587} INFO - Filling up the DagBag from /opt/airflow/dags/deck_with_cron_expression.py
[2024-09-26T04:25:51.842+0000] {processor.py:925} INFO - DAG(s) 'schedule_with_cron_expression_v03' retrieved from /opt/airflow/dags/deck_with_cron_expression.py
[2024-09-26T04:25:51.872+0000] {logging_mixin.py:190} INFO - [2024-09-26T04:25:51.871+0000] {dag.py:3229} INFO - Sync 1 DAGs
[2024-09-26T04:25:51.896+0000] {logging_mixin.py:190} INFO - [2024-09-26T04:25:51.896+0000] {dag.py:4156} INFO - Setting next_dagrun for schedule_with_cron_expression_v03 to 2024-09-12 03:00:00+00:00, run_after=2024-09-13 03:00:00+00:00
[2024-09-26T04:25:51.922+0000] {processor.py:208} INFO - Processing /opt/airflow/dags/deck_with_cron_expression.py took 0.243 seconds
[2024-09-26T04:26:22.750+0000] {processor.py:186} INFO - Started process (PID=152587) to work on /opt/airflow/dags/deck_with_cron_expression.py
[2024-09-26T04:26:22.752+0000] {processor.py:914} INFO - Processing file /opt/airflow/dags/deck_with_cron_expression.py for tasks to queue
[2024-09-26T04:26:22.754+0000] {logging_mixin.py:190} INFO - [2024-09-26T04:26:22.753+0000] {dagbag.py:587} INFO - Filling up the DagBag from /opt/airflow/dags/deck_with_cron_expression.py
[2024-09-26T04:26:22.863+0000] {processor.py:925} INFO - DAG(s) 'schedule_with_cron_expression_v03' retrieved from /opt/airflow/dags/deck_with_cron_expression.py
[2024-09-26T04:26:22.896+0000] {logging_mixin.py:190} INFO - [2024-09-26T04:26:22.896+0000] {dag.py:3229} INFO - Sync 1 DAGs
[2024-09-26T04:26:22.920+0000] {logging_mixin.py:190} INFO - [2024-09-26T04:26:22.919+0000] {dag.py:4156} INFO - Setting next_dagrun for schedule_with_cron_expression_v03 to 2024-09-12 03:00:00+00:00, run_after=2024-09-13 03:00:00+00:00
[2024-09-26T04:26:22.953+0000] {processor.py:208} INFO - Processing /opt/airflow/dags/deck_with_cron_expression.py took 0.209 seconds
[2024-09-26T04:26:53.683+0000] {processor.py:186} INFO - Started process (PID=152630) to work on /opt/airflow/dags/deck_with_cron_expression.py
[2024-09-26T04:26:53.687+0000] {processor.py:914} INFO - Processing file /opt/airflow/dags/deck_with_cron_expression.py for tasks to queue
[2024-09-26T04:26:53.689+0000] {logging_mixin.py:190} INFO - [2024-09-26T04:26:53.689+0000] {dagbag.py:587} INFO - Filling up the DagBag from /opt/airflow/dags/deck_with_cron_expression.py
[2024-09-26T04:26:53.825+0000] {processor.py:925} INFO - DAG(s) 'schedule_with_cron_expression_v03' retrieved from /opt/airflow/dags/deck_with_cron_expression.py
[2024-09-26T04:26:53.881+0000] {logging_mixin.py:190} INFO - [2024-09-26T04:26:53.881+0000] {dag.py:3229} INFO - Sync 1 DAGs
[2024-09-26T04:26:53.918+0000] {logging_mixin.py:190} INFO - [2024-09-26T04:26:53.918+0000] {dag.py:4156} INFO - Setting next_dagrun for schedule_with_cron_expression_v03 to 2024-09-12 03:00:00+00:00, run_after=2024-09-13 03:00:00+00:00
[2024-09-26T04:26:54.030+0000] {processor.py:208} INFO - Processing /opt/airflow/dags/deck_with_cron_expression.py took 0.354 seconds
[2024-09-26T04:27:24.917+0000] {processor.py:186} INFO - Started process (PID=152673) to work on /opt/airflow/dags/deck_with_cron_expression.py
[2024-09-26T04:27:24.918+0000] {processor.py:914} INFO - Processing file /opt/airflow/dags/deck_with_cron_expression.py for tasks to queue
[2024-09-26T04:27:24.920+0000] {logging_mixin.py:190} INFO - [2024-09-26T04:27:24.920+0000] {dagbag.py:587} INFO - Filling up the DagBag from /opt/airflow/dags/deck_with_cron_expression.py
[2024-09-26T04:27:24.987+0000] {processor.py:925} INFO - DAG(s) 'schedule_with_cron_expression_v03' retrieved from /opt/airflow/dags/deck_with_cron_expression.py
[2024-09-26T04:27:25.011+0000] {logging_mixin.py:190} INFO - [2024-09-26T04:27:25.011+0000] {dag.py:3229} INFO - Sync 1 DAGs
[2024-09-26T04:27:25.035+0000] {logging_mixin.py:190} INFO - [2024-09-26T04:27:25.035+0000] {dag.py:4156} INFO - Setting next_dagrun for schedule_with_cron_expression_v03 to 2024-09-12 03:00:00+00:00, run_after=2024-09-13 03:00:00+00:00
[2024-09-26T04:27:25.059+0000] {processor.py:208} INFO - Processing /opt/airflow/dags/deck_with_cron_expression.py took 0.150 seconds
[2024-09-26T04:27:55.698+0000] {processor.py:186} INFO - Started process (PID=152716) to work on /opt/airflow/dags/deck_with_cron_expression.py
[2024-09-26T04:27:55.701+0000] {processor.py:914} INFO - Processing file /opt/airflow/dags/deck_with_cron_expression.py for tasks to queue
[2024-09-26T04:27:55.704+0000] {logging_mixin.py:190} INFO - [2024-09-26T04:27:55.703+0000] {dagbag.py:587} INFO - Filling up the DagBag from /opt/airflow/dags/deck_with_cron_expression.py
[2024-09-26T04:27:55.819+0000] {processor.py:925} INFO - DAG(s) 'schedule_with_cron_expression_v03' retrieved from /opt/airflow/dags/deck_with_cron_expression.py
[2024-09-26T04:27:55.848+0000] {logging_mixin.py:190} INFO - [2024-09-26T04:27:55.848+0000] {dag.py:3229} INFO - Sync 1 DAGs
[2024-09-26T04:27:55.870+0000] {logging_mixin.py:190} INFO - [2024-09-26T04:27:55.870+0000] {dag.py:4156} INFO - Setting next_dagrun for schedule_with_cron_expression_v03 to 2024-09-12 03:00:00+00:00, run_after=2024-09-13 03:00:00+00:00
[2024-09-26T04:27:55.892+0000] {processor.py:208} INFO - Processing /opt/airflow/dags/deck_with_cron_expression.py took 0.201 seconds
[2024-09-26T04:28:26.444+0000] {processor.py:186} INFO - Started process (PID=152759) to work on /opt/airflow/dags/deck_with_cron_expression.py
[2024-09-26T04:28:26.446+0000] {processor.py:914} INFO - Processing file /opt/airflow/dags/deck_with_cron_expression.py for tasks to queue
[2024-09-26T04:28:26.452+0000] {logging_mixin.py:190} INFO - [2024-09-26T04:28:26.450+0000] {dagbag.py:587} INFO - Filling up the DagBag from /opt/airflow/dags/deck_with_cron_expression.py
[2024-09-26T04:28:26.566+0000] {processor.py:925} INFO - DAG(s) 'schedule_with_cron_expression_v03' retrieved from /opt/airflow/dags/deck_with_cron_expression.py
[2024-09-26T04:28:26.607+0000] {logging_mixin.py:190} INFO - [2024-09-26T04:28:26.607+0000] {dag.py:3229} INFO - Sync 1 DAGs
[2024-09-26T04:28:26.637+0000] {logging_mixin.py:190} INFO - [2024-09-26T04:28:26.636+0000] {dag.py:4156} INFO - Setting next_dagrun for schedule_with_cron_expression_v03 to 2024-09-12 03:00:00+00:00, run_after=2024-09-13 03:00:00+00:00
[2024-09-26T04:28:26.665+0000] {processor.py:208} INFO - Processing /opt/airflow/dags/deck_with_cron_expression.py took 0.232 seconds
[2024-09-26T04:28:57.260+0000] {processor.py:186} INFO - Started process (PID=152802) to work on /opt/airflow/dags/deck_with_cron_expression.py
[2024-09-26T04:28:57.263+0000] {processor.py:914} INFO - Processing file /opt/airflow/dags/deck_with_cron_expression.py for tasks to queue
[2024-09-26T04:28:57.265+0000] {logging_mixin.py:190} INFO - [2024-09-26T04:28:57.265+0000] {dagbag.py:587} INFO - Filling up the DagBag from /opt/airflow/dags/deck_with_cron_expression.py
[2024-09-26T04:28:57.371+0000] {processor.py:925} INFO - DAG(s) 'schedule_with_cron_expression_v03' retrieved from /opt/airflow/dags/deck_with_cron_expression.py
[2024-09-26T04:28:57.395+0000] {logging_mixin.py:190} INFO - [2024-09-26T04:28:57.395+0000] {dag.py:3229} INFO - Sync 1 DAGs
[2024-09-26T04:28:57.417+0000] {logging_mixin.py:190} INFO - [2024-09-26T04:28:57.416+0000] {dag.py:4156} INFO - Setting next_dagrun for schedule_with_cron_expression_v03 to 2024-09-12 03:00:00+00:00, run_after=2024-09-13 03:00:00+00:00
[2024-09-26T04:28:57.442+0000] {processor.py:208} INFO - Processing /opt/airflow/dags/deck_with_cron_expression.py took 0.188 seconds
[2024-09-26T04:29:28.037+0000] {processor.py:186} INFO - Started process (PID=152845) to work on /opt/airflow/dags/deck_with_cron_expression.py
[2024-09-26T04:29:28.039+0000] {processor.py:914} INFO - Processing file /opt/airflow/dags/deck_with_cron_expression.py for tasks to queue
[2024-09-26T04:29:28.041+0000] {logging_mixin.py:190} INFO - [2024-09-26T04:29:28.041+0000] {dagbag.py:587} INFO - Filling up the DagBag from /opt/airflow/dags/deck_with_cron_expression.py
[2024-09-26T04:29:28.110+0000] {processor.py:925} INFO - DAG(s) 'schedule_with_cron_expression_v03' retrieved from /opt/airflow/dags/deck_with_cron_expression.py
[2024-09-26T04:29:28.137+0000] {logging_mixin.py:190} INFO - [2024-09-26T04:29:28.137+0000] {dag.py:3229} INFO - Sync 1 DAGs
[2024-09-26T04:29:28.158+0000] {logging_mixin.py:190} INFO - [2024-09-26T04:29:28.158+0000] {dag.py:4156} INFO - Setting next_dagrun for schedule_with_cron_expression_v03 to 2024-09-12 03:00:00+00:00, run_after=2024-09-13 03:00:00+00:00
[2024-09-26T04:29:28.185+0000] {processor.py:208} INFO - Processing /opt/airflow/dags/deck_with_cron_expression.py took 0.157 seconds
[2024-09-26T04:29:58.607+0000] {processor.py:186} INFO - Started process (PID=152888) to work on /opt/airflow/dags/deck_with_cron_expression.py
[2024-09-26T04:29:58.609+0000] {processor.py:914} INFO - Processing file /opt/airflow/dags/deck_with_cron_expression.py for tasks to queue
[2024-09-26T04:29:58.611+0000] {logging_mixin.py:190} INFO - [2024-09-26T04:29:58.610+0000] {dagbag.py:587} INFO - Filling up the DagBag from /opt/airflow/dags/deck_with_cron_expression.py
[2024-09-26T04:29:58.722+0000] {processor.py:925} INFO - DAG(s) 'schedule_with_cron_expression_v03' retrieved from /opt/airflow/dags/deck_with_cron_expression.py
[2024-09-26T04:29:58.760+0000] {logging_mixin.py:190} INFO - [2024-09-26T04:29:58.760+0000] {dag.py:3229} INFO - Sync 1 DAGs
[2024-09-26T04:29:58.784+0000] {logging_mixin.py:190} INFO - [2024-09-26T04:29:58.783+0000] {dag.py:4156} INFO - Setting next_dagrun for schedule_with_cron_expression_v03 to 2024-09-12 03:00:00+00:00, run_after=2024-09-13 03:00:00+00:00
[2024-09-26T04:29:58.812+0000] {processor.py:208} INFO - Processing /opt/airflow/dags/deck_with_cron_expression.py took 0.212 seconds
[2024-09-26T04:30:29.503+0000] {processor.py:186} INFO - Started process (PID=152931) to work on /opt/airflow/dags/deck_with_cron_expression.py
[2024-09-26T04:30:29.505+0000] {processor.py:914} INFO - Processing file /opt/airflow/dags/deck_with_cron_expression.py for tasks to queue
[2024-09-26T04:30:29.507+0000] {logging_mixin.py:190} INFO - [2024-09-26T04:30:29.507+0000] {dagbag.py:587} INFO - Filling up the DagBag from /opt/airflow/dags/deck_with_cron_expression.py
[2024-09-26T04:30:29.627+0000] {processor.py:925} INFO - DAG(s) 'schedule_with_cron_expression_v03' retrieved from /opt/airflow/dags/deck_with_cron_expression.py
[2024-09-26T04:30:29.649+0000] {logging_mixin.py:190} INFO - [2024-09-26T04:30:29.649+0000] {dag.py:3229} INFO - Sync 1 DAGs
[2024-09-26T04:30:29.674+0000] {logging_mixin.py:190} INFO - [2024-09-26T04:30:29.673+0000] {dag.py:4156} INFO - Setting next_dagrun for schedule_with_cron_expression_v03 to 2024-09-12 03:00:00+00:00, run_after=2024-09-13 03:00:00+00:00
[2024-09-26T04:30:29.710+0000] {processor.py:208} INFO - Processing /opt/airflow/dags/deck_with_cron_expression.py took 0.216 seconds
[2024-09-26T04:31:00.112+0000] {processor.py:186} INFO - Started process (PID=152974) to work on /opt/airflow/dags/deck_with_cron_expression.py
[2024-09-26T04:31:00.113+0000] {processor.py:914} INFO - Processing file /opt/airflow/dags/deck_with_cron_expression.py for tasks to queue
[2024-09-26T04:31:00.116+0000] {logging_mixin.py:190} INFO - [2024-09-26T04:31:00.115+0000] {dagbag.py:587} INFO - Filling up the DagBag from /opt/airflow/dags/deck_with_cron_expression.py
[2024-09-26T04:31:00.220+0000] {processor.py:925} INFO - DAG(s) 'schedule_with_cron_expression_v03' retrieved from /opt/airflow/dags/deck_with_cron_expression.py
[2024-09-26T04:31:00.251+0000] {logging_mixin.py:190} INFO - [2024-09-26T04:31:00.250+0000] {dag.py:3229} INFO - Sync 1 DAGs
[2024-09-26T04:31:00.272+0000] {logging_mixin.py:190} INFO - [2024-09-26T04:31:00.272+0000] {dag.py:4156} INFO - Setting next_dagrun for schedule_with_cron_expression_v03 to 2024-09-12 03:00:00+00:00, run_after=2024-09-13 03:00:00+00:00
[2024-09-26T04:31:00.300+0000] {processor.py:208} INFO - Processing /opt/airflow/dags/deck_with_cron_expression.py took 0.195 seconds
[2024-09-26T04:31:30.815+0000] {processor.py:186} INFO - Started process (PID=153017) to work on /opt/airflow/dags/deck_with_cron_expression.py
[2024-09-26T04:31:30.817+0000] {processor.py:914} INFO - Processing file /opt/airflow/dags/deck_with_cron_expression.py for tasks to queue
[2024-09-26T04:31:30.820+0000] {logging_mixin.py:190} INFO - [2024-09-26T04:31:30.819+0000] {dagbag.py:587} INFO - Filling up the DagBag from /opt/airflow/dags/deck_with_cron_expression.py
[2024-09-26T04:31:30.909+0000] {processor.py:925} INFO - DAG(s) 'schedule_with_cron_expression_v03' retrieved from /opt/airflow/dags/deck_with_cron_expression.py
[2024-09-26T04:31:30.941+0000] {logging_mixin.py:190} INFO - [2024-09-26T04:31:30.941+0000] {dag.py:3229} INFO - Sync 1 DAGs
[2024-09-26T04:31:30.968+0000] {logging_mixin.py:190} INFO - [2024-09-26T04:31:30.968+0000] {dag.py:4156} INFO - Setting next_dagrun for schedule_with_cron_expression_v03 to 2024-09-12 03:00:00+00:00, run_after=2024-09-13 03:00:00+00:00
[2024-09-26T04:31:30.998+0000] {processor.py:208} INFO - Processing /opt/airflow/dags/deck_with_cron_expression.py took 0.188 seconds
[2024-09-26T04:32:01.375+0000] {processor.py:186} INFO - Started process (PID=153060) to work on /opt/airflow/dags/deck_with_cron_expression.py
[2024-09-26T04:32:01.378+0000] {processor.py:914} INFO - Processing file /opt/airflow/dags/deck_with_cron_expression.py for tasks to queue
[2024-09-26T04:32:01.381+0000] {logging_mixin.py:190} INFO - [2024-09-26T04:32:01.381+0000] {dagbag.py:587} INFO - Filling up the DagBag from /opt/airflow/dags/deck_with_cron_expression.py
[2024-09-26T04:32:01.494+0000] {processor.py:925} INFO - DAG(s) 'schedule_with_cron_expression_v03' retrieved from /opt/airflow/dags/deck_with_cron_expression.py
[2024-09-26T04:32:01.517+0000] {logging_mixin.py:190} INFO - [2024-09-26T04:32:01.516+0000] {dag.py:3229} INFO - Sync 1 DAGs
[2024-09-26T04:32:01.538+0000] {logging_mixin.py:190} INFO - [2024-09-26T04:32:01.537+0000] {dag.py:4156} INFO - Setting next_dagrun for schedule_with_cron_expression_v03 to 2024-09-12 03:00:00+00:00, run_after=2024-09-13 03:00:00+00:00
[2024-09-26T04:32:01.574+0000] {processor.py:208} INFO - Processing /opt/airflow/dags/deck_with_cron_expression.py took 0.210 seconds
[2024-09-26T04:32:32.346+0000] {processor.py:186} INFO - Started process (PID=153103) to work on /opt/airflow/dags/deck_with_cron_expression.py
[2024-09-26T04:32:32.348+0000] {processor.py:914} INFO - Processing file /opt/airflow/dags/deck_with_cron_expression.py for tasks to queue
[2024-09-26T04:32:32.351+0000] {logging_mixin.py:190} INFO - [2024-09-26T04:32:32.351+0000] {dagbag.py:587} INFO - Filling up the DagBag from /opt/airflow/dags/deck_with_cron_expression.py
[2024-09-26T04:32:32.467+0000] {processor.py:925} INFO - DAG(s) 'schedule_with_cron_expression_v03' retrieved from /opt/airflow/dags/deck_with_cron_expression.py
[2024-09-26T04:32:32.507+0000] {logging_mixin.py:190} INFO - [2024-09-26T04:32:32.507+0000] {dag.py:3229} INFO - Sync 1 DAGs
[2024-09-26T04:32:32.530+0000] {logging_mixin.py:190} INFO - [2024-09-26T04:32:32.530+0000] {dag.py:4156} INFO - Setting next_dagrun for schedule_with_cron_expression_v03 to 2024-09-12 03:00:00+00:00, run_after=2024-09-13 03:00:00+00:00
[2024-09-26T04:32:32.559+0000] {processor.py:208} INFO - Processing /opt/airflow/dags/deck_with_cron_expression.py took 0.218 seconds
[2024-09-26T04:33:03.056+0000] {processor.py:186} INFO - Started process (PID=153146) to work on /opt/airflow/dags/deck_with_cron_expression.py
[2024-09-26T04:33:03.058+0000] {processor.py:914} INFO - Processing file /opt/airflow/dags/deck_with_cron_expression.py for tasks to queue
[2024-09-26T04:33:03.061+0000] {logging_mixin.py:190} INFO - [2024-09-26T04:33:03.060+0000] {dagbag.py:587} INFO - Filling up the DagBag from /opt/airflow/dags/deck_with_cron_expression.py
[2024-09-26T04:33:03.185+0000] {processor.py:925} INFO - DAG(s) 'schedule_with_cron_expression_v03' retrieved from /opt/airflow/dags/deck_with_cron_expression.py
[2024-09-26T04:33:03.207+0000] {logging_mixin.py:190} INFO - [2024-09-26T04:33:03.207+0000] {dag.py:3229} INFO - Sync 1 DAGs
[2024-09-26T04:33:03.227+0000] {logging_mixin.py:190} INFO - [2024-09-26T04:33:03.227+0000] {dag.py:4156} INFO - Setting next_dagrun for schedule_with_cron_expression_v03 to 2024-09-12 03:00:00+00:00, run_after=2024-09-13 03:00:00+00:00
[2024-09-26T04:33:03.262+0000] {processor.py:208} INFO - Processing /opt/airflow/dags/deck_with_cron_expression.py took 0.216 seconds
[2024-09-26T04:33:33.831+0000] {processor.py:186} INFO - Started process (PID=153189) to work on /opt/airflow/dags/deck_with_cron_expression.py
[2024-09-26T04:33:33.833+0000] {processor.py:914} INFO - Processing file /opt/airflow/dags/deck_with_cron_expression.py for tasks to queue
[2024-09-26T04:33:33.836+0000] {logging_mixin.py:190} INFO - [2024-09-26T04:33:33.835+0000] {dagbag.py:587} INFO - Filling up the DagBag from /opt/airflow/dags/deck_with_cron_expression.py
[2024-09-26T04:33:33.965+0000] {processor.py:925} INFO - DAG(s) 'schedule_with_cron_expression_v03' retrieved from /opt/airflow/dags/deck_with_cron_expression.py
[2024-09-26T04:33:33.998+0000] {logging_mixin.py:190} INFO - [2024-09-26T04:33:33.998+0000] {dag.py:3229} INFO - Sync 1 DAGs
[2024-09-26T04:33:34.020+0000] {logging_mixin.py:190} INFO - [2024-09-26T04:33:34.020+0000] {dag.py:4156} INFO - Setting next_dagrun for schedule_with_cron_expression_v03 to 2024-09-12 03:00:00+00:00, run_after=2024-09-13 03:00:00+00:00
[2024-09-26T04:33:34.047+0000] {processor.py:208} INFO - Processing /opt/airflow/dags/deck_with_cron_expression.py took 0.229 seconds
[2024-09-26T04:34:04.530+0000] {processor.py:186} INFO - Started process (PID=153230) to work on /opt/airflow/dags/deck_with_cron_expression.py
[2024-09-26T04:34:04.532+0000] {processor.py:914} INFO - Processing file /opt/airflow/dags/deck_with_cron_expression.py for tasks to queue
[2024-09-26T04:34:04.534+0000] {logging_mixin.py:190} INFO - [2024-09-26T04:34:04.534+0000] {dagbag.py:587} INFO - Filling up the DagBag from /opt/airflow/dags/deck_with_cron_expression.py
[2024-09-26T04:34:04.613+0000] {processor.py:925} INFO - DAG(s) 'schedule_with_cron_expression_v03' retrieved from /opt/airflow/dags/deck_with_cron_expression.py
[2024-09-26T04:34:04.641+0000] {logging_mixin.py:190} INFO - [2024-09-26T04:34:04.640+0000] {dag.py:3229} INFO - Sync 1 DAGs
[2024-09-26T04:34:04.662+0000] {logging_mixin.py:190} INFO - [2024-09-26T04:34:04.661+0000] {dag.py:4156} INFO - Setting next_dagrun for schedule_with_cron_expression_v03 to 2024-09-12 03:00:00+00:00, run_after=2024-09-13 03:00:00+00:00
[2024-09-26T04:34:04.688+0000] {processor.py:208} INFO - Processing /opt/airflow/dags/deck_with_cron_expression.py took 0.163 seconds
[2024-09-26T04:34:35.446+0000] {processor.py:186} INFO - Started process (PID=153275) to work on /opt/airflow/dags/deck_with_cron_expression.py
[2024-09-26T04:34:35.449+0000] {processor.py:914} INFO - Processing file /opt/airflow/dags/deck_with_cron_expression.py for tasks to queue
[2024-09-26T04:34:35.453+0000] {logging_mixin.py:190} INFO - [2024-09-26T04:34:35.452+0000] {dagbag.py:587} INFO - Filling up the DagBag from /opt/airflow/dags/deck_with_cron_expression.py
[2024-09-26T04:34:35.511+0000] {processor.py:925} INFO - DAG(s) 'schedule_with_cron_expression_v03' retrieved from /opt/airflow/dags/deck_with_cron_expression.py
[2024-09-26T04:34:35.534+0000] {logging_mixin.py:190} INFO - [2024-09-26T04:34:35.534+0000] {dag.py:3229} INFO - Sync 1 DAGs
[2024-09-26T04:34:35.556+0000] {logging_mixin.py:190} INFO - [2024-09-26T04:34:35.555+0000] {dag.py:4156} INFO - Setting next_dagrun for schedule_with_cron_expression_v03 to 2024-09-12 03:00:00+00:00, run_after=2024-09-13 03:00:00+00:00
[2024-09-26T04:34:35.576+0000] {processor.py:208} INFO - Processing /opt/airflow/dags/deck_with_cron_expression.py took 0.147 seconds
[2024-09-26T04:35:06.695+0000] {processor.py:186} INFO - Started process (PID=153318) to work on /opt/airflow/dags/deck_with_cron_expression.py
[2024-09-26T04:35:06.698+0000] {processor.py:914} INFO - Processing file /opt/airflow/dags/deck_with_cron_expression.py for tasks to queue
[2024-09-26T04:35:06.700+0000] {logging_mixin.py:190} INFO - [2024-09-26T04:35:06.699+0000] {dagbag.py:587} INFO - Filling up the DagBag from /opt/airflow/dags/deck_with_cron_expression.py
[2024-09-26T04:35:06.794+0000] {processor.py:925} INFO - DAG(s) 'schedule_with_cron_expression_v03' retrieved from /opt/airflow/dags/deck_with_cron_expression.py
[2024-09-26T04:35:06.818+0000] {logging_mixin.py:190} INFO - [2024-09-26T04:35:06.818+0000] {dag.py:3229} INFO - Sync 1 DAGs
[2024-09-26T04:35:06.841+0000] {logging_mixin.py:190} INFO - [2024-09-26T04:35:06.841+0000] {dag.py:4156} INFO - Setting next_dagrun for schedule_with_cron_expression_v03 to 2024-09-12 03:00:00+00:00, run_after=2024-09-13 03:00:00+00:00
[2024-09-26T04:35:06.865+0000] {processor.py:208} INFO - Processing /opt/airflow/dags/deck_with_cron_expression.py took 0.182 seconds
[2024-09-26T04:35:37.639+0000] {processor.py:186} INFO - Started process (PID=153361) to work on /opt/airflow/dags/deck_with_cron_expression.py
[2024-09-26T04:35:37.642+0000] {processor.py:914} INFO - Processing file /opt/airflow/dags/deck_with_cron_expression.py for tasks to queue
[2024-09-26T04:35:37.645+0000] {logging_mixin.py:190} INFO - [2024-09-26T04:35:37.644+0000] {dagbag.py:587} INFO - Filling up the DagBag from /opt/airflow/dags/deck_with_cron_expression.py
[2024-09-26T04:35:37.748+0000] {processor.py:925} INFO - DAG(s) 'schedule_with_cron_expression_v03' retrieved from /opt/airflow/dags/deck_with_cron_expression.py
[2024-09-26T04:35:37.780+0000] {logging_mixin.py:190} INFO - [2024-09-26T04:35:37.780+0000] {dag.py:3229} INFO - Sync 1 DAGs
[2024-09-26T04:35:37.809+0000] {logging_mixin.py:190} INFO - [2024-09-26T04:35:37.808+0000] {dag.py:4156} INFO - Setting next_dagrun for schedule_with_cron_expression_v03 to 2024-09-12 03:00:00+00:00, run_after=2024-09-13 03:00:00+00:00
[2024-09-26T04:35:37.837+0000] {processor.py:208} INFO - Processing /opt/airflow/dags/deck_with_cron_expression.py took 0.215 seconds
[2024-09-26T04:36:08.094+0000] {processor.py:186} INFO - Started process (PID=153404) to work on /opt/airflow/dags/deck_with_cron_expression.py
[2024-09-26T04:36:08.096+0000] {processor.py:914} INFO - Processing file /opt/airflow/dags/deck_with_cron_expression.py for tasks to queue
[2024-09-26T04:36:08.098+0000] {logging_mixin.py:190} INFO - [2024-09-26T04:36:08.098+0000] {dagbag.py:587} INFO - Filling up the DagBag from /opt/airflow/dags/deck_with_cron_expression.py
[2024-09-26T04:36:08.206+0000] {processor.py:925} INFO - DAG(s) 'schedule_with_cron_expression_v03' retrieved from /opt/airflow/dags/deck_with_cron_expression.py
[2024-09-26T04:36:08.228+0000] {logging_mixin.py:190} INFO - [2024-09-26T04:36:08.228+0000] {dag.py:3229} INFO - Sync 1 DAGs
[2024-09-26T04:36:08.249+0000] {logging_mixin.py:190} INFO - [2024-09-26T04:36:08.249+0000] {dag.py:4156} INFO - Setting next_dagrun for schedule_with_cron_expression_v03 to 2024-09-12 03:00:00+00:00, run_after=2024-09-13 03:00:00+00:00
[2024-09-26T04:36:08.276+0000] {processor.py:208} INFO - Processing /opt/airflow/dags/deck_with_cron_expression.py took 0.191 seconds
[2024-09-26T04:36:39.190+0000] {processor.py:186} INFO - Started process (PID=153447) to work on /opt/airflow/dags/deck_with_cron_expression.py
[2024-09-26T04:36:39.193+0000] {processor.py:914} INFO - Processing file /opt/airflow/dags/deck_with_cron_expression.py for tasks to queue
[2024-09-26T04:36:39.197+0000] {logging_mixin.py:190} INFO - [2024-09-26T04:36:39.196+0000] {dagbag.py:587} INFO - Filling up the DagBag from /opt/airflow/dags/deck_with_cron_expression.py
[2024-09-26T04:36:39.290+0000] {processor.py:925} INFO - DAG(s) 'schedule_with_cron_expression_v03' retrieved from /opt/airflow/dags/deck_with_cron_expression.py
[2024-09-26T04:36:39.328+0000] {logging_mixin.py:190} INFO - [2024-09-26T04:36:39.328+0000] {dag.py:3229} INFO - Sync 1 DAGs
[2024-09-26T04:36:39.354+0000] {logging_mixin.py:190} INFO - [2024-09-26T04:36:39.354+0000] {dag.py:4156} INFO - Setting next_dagrun for schedule_with_cron_expression_v03 to 2024-09-12 03:00:00+00:00, run_after=2024-09-13 03:00:00+00:00
[2024-09-26T04:36:39.382+0000] {processor.py:208} INFO - Processing /opt/airflow/dags/deck_with_cron_expression.py took 0.203 seconds
[2024-09-26T04:37:10.240+0000] {processor.py:186} INFO - Started process (PID=153490) to work on /opt/airflow/dags/deck_with_cron_expression.py
[2024-09-26T04:37:10.242+0000] {processor.py:914} INFO - Processing file /opt/airflow/dags/deck_with_cron_expression.py for tasks to queue
[2024-09-26T04:37:10.244+0000] {logging_mixin.py:190} INFO - [2024-09-26T04:37:10.244+0000] {dagbag.py:587} INFO - Filling up the DagBag from /opt/airflow/dags/deck_with_cron_expression.py
[2024-09-26T04:37:10.365+0000] {processor.py:925} INFO - DAG(s) 'schedule_with_cron_expression_v03' retrieved from /opt/airflow/dags/deck_with_cron_expression.py
[2024-09-26T04:37:10.387+0000] {logging_mixin.py:190} INFO - [2024-09-26T04:37:10.386+0000] {dag.py:3229} INFO - Sync 1 DAGs
[2024-09-26T04:37:10.407+0000] {logging_mixin.py:190} INFO - [2024-09-26T04:37:10.406+0000] {dag.py:4156} INFO - Setting next_dagrun for schedule_with_cron_expression_v03 to 2024-09-12 03:00:00+00:00, run_after=2024-09-13 03:00:00+00:00
[2024-09-26T04:37:10.439+0000] {processor.py:208} INFO - Processing /opt/airflow/dags/deck_with_cron_expression.py took 0.205 seconds
[2024-09-26T04:37:40.680+0000] {processor.py:186} INFO - Started process (PID=153531) to work on /opt/airflow/dags/deck_with_cron_expression.py
[2024-09-26T04:37:40.681+0000] {processor.py:914} INFO - Processing file /opt/airflow/dags/deck_with_cron_expression.py for tasks to queue
[2024-09-26T04:37:40.683+0000] {logging_mixin.py:190} INFO - [2024-09-26T04:37:40.683+0000] {dagbag.py:587} INFO - Filling up the DagBag from /opt/airflow/dags/deck_with_cron_expression.py
[2024-09-26T04:37:40.777+0000] {processor.py:925} INFO - DAG(s) 'schedule_with_cron_expression_v03' retrieved from /opt/airflow/dags/deck_with_cron_expression.py
[2024-09-26T04:37:40.807+0000] {logging_mixin.py:190} INFO - [2024-09-26T04:37:40.807+0000] {dag.py:3229} INFO - Sync 1 DAGs
[2024-09-26T04:37:40.828+0000] {logging_mixin.py:190} INFO - [2024-09-26T04:37:40.828+0000] {dag.py:4156} INFO - Setting next_dagrun for schedule_with_cron_expression_v03 to 2024-09-12 03:00:00+00:00, run_after=2024-09-13 03:00:00+00:00
[2024-09-26T04:37:40.850+0000] {processor.py:208} INFO - Processing /opt/airflow/dags/deck_with_cron_expression.py took 0.176 seconds
[2024-09-26T04:38:11.546+0000] {processor.py:186} INFO - Started process (PID=153576) to work on /opt/airflow/dags/deck_with_cron_expression.py
[2024-09-26T04:38:11.548+0000] {processor.py:914} INFO - Processing file /opt/airflow/dags/deck_with_cron_expression.py for tasks to queue
[2024-09-26T04:38:11.550+0000] {logging_mixin.py:190} INFO - [2024-09-26T04:38:11.549+0000] {dagbag.py:587} INFO - Filling up the DagBag from /opt/airflow/dags/deck_with_cron_expression.py
[2024-09-26T04:38:11.658+0000] {processor.py:925} INFO - DAG(s) 'schedule_with_cron_expression_v03' retrieved from /opt/airflow/dags/deck_with_cron_expression.py
[2024-09-26T04:38:11.683+0000] {logging_mixin.py:190} INFO - [2024-09-26T04:38:11.683+0000] {dag.py:3229} INFO - Sync 1 DAGs
[2024-09-26T04:38:11.705+0000] {logging_mixin.py:190} INFO - [2024-09-26T04:38:11.705+0000] {dag.py:4156} INFO - Setting next_dagrun for schedule_with_cron_expression_v03 to 2024-09-12 03:00:00+00:00, run_after=2024-09-13 03:00:00+00:00
[2024-09-26T04:38:11.735+0000] {processor.py:208} INFO - Processing /opt/airflow/dags/deck_with_cron_expression.py took 0.200 seconds
[2024-09-26T04:38:42.586+0000] {processor.py:186} INFO - Started process (PID=153619) to work on /opt/airflow/dags/deck_with_cron_expression.py
[2024-09-26T04:38:42.588+0000] {processor.py:914} INFO - Processing file /opt/airflow/dags/deck_with_cron_expression.py for tasks to queue
[2024-09-26T04:38:42.590+0000] {logging_mixin.py:190} INFO - [2024-09-26T04:38:42.590+0000] {dagbag.py:587} INFO - Filling up the DagBag from /opt/airflow/dags/deck_with_cron_expression.py
[2024-09-26T04:38:42.701+0000] {processor.py:925} INFO - DAG(s) 'schedule_with_cron_expression_v03' retrieved from /opt/airflow/dags/deck_with_cron_expression.py
[2024-09-26T04:38:42.724+0000] {logging_mixin.py:190} INFO - [2024-09-26T04:38:42.724+0000] {dag.py:3229} INFO - Sync 1 DAGs
[2024-09-26T04:38:42.746+0000] {logging_mixin.py:190} INFO - [2024-09-26T04:38:42.745+0000] {dag.py:4156} INFO - Setting next_dagrun for schedule_with_cron_expression_v03 to 2024-09-12 03:00:00+00:00, run_after=2024-09-13 03:00:00+00:00
[2024-09-26T04:38:42.771+0000] {processor.py:208} INFO - Processing /opt/airflow/dags/deck_with_cron_expression.py took 0.195 seconds
[2024-09-26T04:39:13.133+0000] {processor.py:186} INFO - Started process (PID=153662) to work on /opt/airflow/dags/deck_with_cron_expression.py
[2024-09-26T04:39:13.136+0000] {processor.py:914} INFO - Processing file /opt/airflow/dags/deck_with_cron_expression.py for tasks to queue
[2024-09-26T04:39:13.138+0000] {logging_mixin.py:190} INFO - [2024-09-26T04:39:13.137+0000] {dagbag.py:587} INFO - Filling up the DagBag from /opt/airflow/dags/deck_with_cron_expression.py
[2024-09-26T04:39:13.225+0000] {processor.py:925} INFO - DAG(s) 'schedule_with_cron_expression_v03' retrieved from /opt/airflow/dags/deck_with_cron_expression.py
[2024-09-26T04:39:13.257+0000] {logging_mixin.py:190} INFO - [2024-09-26T04:39:13.257+0000] {dag.py:3229} INFO - Sync 1 DAGs
[2024-09-26T04:39:13.281+0000] {logging_mixin.py:190} INFO - [2024-09-26T04:39:13.280+0000] {dag.py:4156} INFO - Setting next_dagrun for schedule_with_cron_expression_v03 to 2024-09-12 03:00:00+00:00, run_after=2024-09-13 03:00:00+00:00
[2024-09-26T04:39:13.312+0000] {processor.py:208} INFO - Processing /opt/airflow/dags/deck_with_cron_expression.py took 0.184 seconds
[2024-09-26T04:39:43.741+0000] {processor.py:186} INFO - Started process (PID=153705) to work on /opt/airflow/dags/deck_with_cron_expression.py
[2024-09-26T04:39:43.743+0000] {processor.py:914} INFO - Processing file /opt/airflow/dags/deck_with_cron_expression.py for tasks to queue
[2024-09-26T04:39:43.745+0000] {logging_mixin.py:190} INFO - [2024-09-26T04:39:43.745+0000] {dagbag.py:587} INFO - Filling up the DagBag from /opt/airflow/dags/deck_with_cron_expression.py
[2024-09-26T04:39:43.828+0000] {processor.py:925} INFO - DAG(s) 'schedule_with_cron_expression_v03' retrieved from /opt/airflow/dags/deck_with_cron_expression.py
[2024-09-26T04:39:43.860+0000] {logging_mixin.py:190} INFO - [2024-09-26T04:39:43.860+0000] {dag.py:3229} INFO - Sync 1 DAGs
[2024-09-26T04:39:43.887+0000] {logging_mixin.py:190} INFO - [2024-09-26T04:39:43.886+0000] {dag.py:4156} INFO - Setting next_dagrun for schedule_with_cron_expression_v03 to 2024-09-12 03:00:00+00:00, run_after=2024-09-13 03:00:00+00:00
[2024-09-26T04:39:43.921+0000] {processor.py:208} INFO - Processing /opt/airflow/dags/deck_with_cron_expression.py took 0.186 seconds
[2024-09-26T04:40:14.263+0000] {processor.py:186} INFO - Started process (PID=153748) to work on /opt/airflow/dags/deck_with_cron_expression.py
[2024-09-26T04:40:14.265+0000] {processor.py:914} INFO - Processing file /opt/airflow/dags/deck_with_cron_expression.py for tasks to queue
[2024-09-26T04:40:14.267+0000] {logging_mixin.py:190} INFO - [2024-09-26T04:40:14.267+0000] {dagbag.py:587} INFO - Filling up the DagBag from /opt/airflow/dags/deck_with_cron_expression.py
[2024-09-26T04:40:14.369+0000] {processor.py:925} INFO - DAG(s) 'schedule_with_cron_expression_v03' retrieved from /opt/airflow/dags/deck_with_cron_expression.py
[2024-09-26T04:40:14.397+0000] {logging_mixin.py:190} INFO - [2024-09-26T04:40:14.396+0000] {dag.py:3229} INFO - Sync 1 DAGs
[2024-09-26T04:40:14.420+0000] {logging_mixin.py:190} INFO - [2024-09-26T04:40:14.420+0000] {dag.py:4156} INFO - Setting next_dagrun for schedule_with_cron_expression_v03 to 2024-09-12 03:00:00+00:00, run_after=2024-09-13 03:00:00+00:00
[2024-09-26T04:40:14.446+0000] {processor.py:208} INFO - Processing /opt/airflow/dags/deck_with_cron_expression.py took 0.190 seconds
[2024-09-26T04:40:45.093+0000] {processor.py:186} INFO - Started process (PID=153791) to work on /opt/airflow/dags/deck_with_cron_expression.py
[2024-09-26T04:40:45.094+0000] {processor.py:914} INFO - Processing file /opt/airflow/dags/deck_with_cron_expression.py for tasks to queue
[2024-09-26T04:40:45.097+0000] {logging_mixin.py:190} INFO - [2024-09-26T04:40:45.096+0000] {dagbag.py:587} INFO - Filling up the DagBag from /opt/airflow/dags/deck_with_cron_expression.py
[2024-09-26T04:40:45.164+0000] {processor.py:925} INFO - DAG(s) 'schedule_with_cron_expression_v03' retrieved from /opt/airflow/dags/deck_with_cron_expression.py
[2024-09-26T04:40:45.193+0000] {logging_mixin.py:190} INFO - [2024-09-26T04:40:45.192+0000] {dag.py:3229} INFO - Sync 1 DAGs
[2024-09-26T04:40:45.217+0000] {logging_mixin.py:190} INFO - [2024-09-26T04:40:45.216+0000] {dag.py:4156} INFO - Setting next_dagrun for schedule_with_cron_expression_v03 to 2024-09-12 03:00:00+00:00, run_after=2024-09-13 03:00:00+00:00
[2024-09-26T04:40:45.243+0000] {processor.py:208} INFO - Processing /opt/airflow/dags/deck_with_cron_expression.py took 0.158 seconds
[2024-09-26T04:41:15.720+0000] {processor.py:186} INFO - Started process (PID=153834) to work on /opt/airflow/dags/deck_with_cron_expression.py
[2024-09-26T04:41:15.723+0000] {processor.py:914} INFO - Processing file /opt/airflow/dags/deck_with_cron_expression.py for tasks to queue
[2024-09-26T04:41:15.725+0000] {logging_mixin.py:190} INFO - [2024-09-26T04:41:15.725+0000] {dagbag.py:587} INFO - Filling up the DagBag from /opt/airflow/dags/deck_with_cron_expression.py
[2024-09-26T04:41:15.847+0000] {processor.py:925} INFO - DAG(s) 'schedule_with_cron_expression_v03' retrieved from /opt/airflow/dags/deck_with_cron_expression.py
[2024-09-26T04:41:15.903+0000] {logging_mixin.py:190} INFO - [2024-09-26T04:41:15.902+0000] {dag.py:3229} INFO - Sync 1 DAGs
[2024-09-26T04:41:15.927+0000] {logging_mixin.py:190} INFO - [2024-09-26T04:41:15.927+0000] {dag.py:4156} INFO - Setting next_dagrun for schedule_with_cron_expression_v03 to 2024-09-12 03:00:00+00:00, run_after=2024-09-13 03:00:00+00:00
[2024-09-26T04:41:15.954+0000] {processor.py:208} INFO - Processing /opt/airflow/dags/deck_with_cron_expression.py took 0.246 seconds
[2024-09-26T04:41:46.363+0000] {processor.py:186} INFO - Started process (PID=153877) to work on /opt/airflow/dags/deck_with_cron_expression.py
[2024-09-26T04:41:46.365+0000] {processor.py:914} INFO - Processing file /opt/airflow/dags/deck_with_cron_expression.py for tasks to queue
[2024-09-26T04:41:46.367+0000] {logging_mixin.py:190} INFO - [2024-09-26T04:41:46.367+0000] {dagbag.py:587} INFO - Filling up the DagBag from /opt/airflow/dags/deck_with_cron_expression.py
[2024-09-26T04:41:46.438+0000] {processor.py:925} INFO - DAG(s) 'schedule_with_cron_expression_v03' retrieved from /opt/airflow/dags/deck_with_cron_expression.py
[2024-09-26T04:41:46.466+0000] {logging_mixin.py:190} INFO - [2024-09-26T04:41:46.466+0000] {dag.py:3229} INFO - Sync 1 DAGs
[2024-09-26T04:41:46.489+0000] {logging_mixin.py:190} INFO - [2024-09-26T04:41:46.489+0000] {dag.py:4156} INFO - Setting next_dagrun for schedule_with_cron_expression_v03 to 2024-09-12 03:00:00+00:00, run_after=2024-09-13 03:00:00+00:00
[2024-09-26T04:41:46.516+0000] {processor.py:208} INFO - Processing /opt/airflow/dags/deck_with_cron_expression.py took 0.161 seconds
[2024-09-26T04:42:17.414+0000] {processor.py:186} INFO - Started process (PID=153920) to work on /opt/airflow/dags/deck_with_cron_expression.py
[2024-09-26T04:42:17.417+0000] {processor.py:914} INFO - Processing file /opt/airflow/dags/deck_with_cron_expression.py for tasks to queue
[2024-09-26T04:42:17.422+0000] {logging_mixin.py:190} INFO - [2024-09-26T04:42:17.421+0000] {dagbag.py:587} INFO - Filling up the DagBag from /opt/airflow/dags/deck_with_cron_expression.py
[2024-09-26T04:42:17.518+0000] {processor.py:925} INFO - DAG(s) 'schedule_with_cron_expression_v03' retrieved from /opt/airflow/dags/deck_with_cron_expression.py
[2024-09-26T04:42:17.554+0000] {logging_mixin.py:190} INFO - [2024-09-26T04:42:17.553+0000] {dag.py:3229} INFO - Sync 1 DAGs
[2024-09-26T04:42:17.579+0000] {logging_mixin.py:190} INFO - [2024-09-26T04:42:17.579+0000] {dag.py:4156} INFO - Setting next_dagrun for schedule_with_cron_expression_v03 to 2024-09-12 03:00:00+00:00, run_after=2024-09-13 03:00:00+00:00
[2024-09-26T04:42:17.605+0000] {processor.py:208} INFO - Processing /opt/airflow/dags/deck_with_cron_expression.py took 0.202 seconds
[2024-09-26T04:42:48.002+0000] {processor.py:186} INFO - Started process (PID=153963) to work on /opt/airflow/dags/deck_with_cron_expression.py
[2024-09-26T04:42:48.004+0000] {processor.py:914} INFO - Processing file /opt/airflow/dags/deck_with_cron_expression.py for tasks to queue
[2024-09-26T04:42:48.007+0000] {logging_mixin.py:190} INFO - [2024-09-26T04:42:48.007+0000] {dagbag.py:587} INFO - Filling up the DagBag from /opt/airflow/dags/deck_with_cron_expression.py
[2024-09-26T04:42:48.103+0000] {processor.py:925} INFO - DAG(s) 'schedule_with_cron_expression_v03' retrieved from /opt/airflow/dags/deck_with_cron_expression.py
[2024-09-26T04:42:48.127+0000] {logging_mixin.py:190} INFO - [2024-09-26T04:42:48.126+0000] {dag.py:3229} INFO - Sync 1 DAGs
[2024-09-26T04:42:48.151+0000] {logging_mixin.py:190} INFO - [2024-09-26T04:42:48.150+0000] {dag.py:4156} INFO - Setting next_dagrun for schedule_with_cron_expression_v03 to 2024-09-12 03:00:00+00:00, run_after=2024-09-13 03:00:00+00:00
[2024-09-26T04:42:48.180+0000] {processor.py:208} INFO - Processing /opt/airflow/dags/deck_with_cron_expression.py took 0.189 seconds
[2024-09-26T04:43:18.621+0000] {processor.py:186} INFO - Started process (PID=154006) to work on /opt/airflow/dags/deck_with_cron_expression.py
[2024-09-26T04:43:18.624+0000] {processor.py:914} INFO - Processing file /opt/airflow/dags/deck_with_cron_expression.py for tasks to queue
[2024-09-26T04:43:18.628+0000] {logging_mixin.py:190} INFO - [2024-09-26T04:43:18.627+0000] {dagbag.py:587} INFO - Filling up the DagBag from /opt/airflow/dags/deck_with_cron_expression.py
[2024-09-26T04:43:18.764+0000] {processor.py:925} INFO - DAG(s) 'schedule_with_cron_expression_v03' retrieved from /opt/airflow/dags/deck_with_cron_expression.py
[2024-09-26T04:43:18.806+0000] {logging_mixin.py:190} INFO - [2024-09-26T04:43:18.806+0000] {dag.py:3229} INFO - Sync 1 DAGs
[2024-09-26T04:43:18.832+0000] {logging_mixin.py:190} INFO - [2024-09-26T04:43:18.832+0000] {dag.py:4156} INFO - Setting next_dagrun for schedule_with_cron_expression_v03 to 2024-09-12 03:00:00+00:00, run_after=2024-09-13 03:00:00+00:00
[2024-09-26T04:43:18.858+0000] {processor.py:208} INFO - Processing /opt/airflow/dags/deck_with_cron_expression.py took 0.249 seconds
[2024-09-26T04:43:49.498+0000] {processor.py:186} INFO - Started process (PID=154049) to work on /opt/airflow/dags/deck_with_cron_expression.py
[2024-09-26T04:43:49.500+0000] {processor.py:914} INFO - Processing file /opt/airflow/dags/deck_with_cron_expression.py for tasks to queue
[2024-09-26T04:43:49.503+0000] {logging_mixin.py:190} INFO - [2024-09-26T04:43:49.502+0000] {dagbag.py:587} INFO - Filling up the DagBag from /opt/airflow/dags/deck_with_cron_expression.py
[2024-09-26T04:43:49.609+0000] {processor.py:925} INFO - DAG(s) 'schedule_with_cron_expression_v03' retrieved from /opt/airflow/dags/deck_with_cron_expression.py
[2024-09-26T04:43:49.632+0000] {logging_mixin.py:190} INFO - [2024-09-26T04:43:49.632+0000] {dag.py:3229} INFO - Sync 1 DAGs
[2024-09-26T04:43:49.655+0000] {logging_mixin.py:190} INFO - [2024-09-26T04:43:49.655+0000] {dag.py:4156} INFO - Setting next_dagrun for schedule_with_cron_expression_v03 to 2024-09-12 03:00:00+00:00, run_after=2024-09-13 03:00:00+00:00
[2024-09-26T04:43:49.679+0000] {processor.py:208} INFO - Processing /opt/airflow/dags/deck_with_cron_expression.py took 0.191 seconds
[2024-09-26T04:44:20.027+0000] {processor.py:186} INFO - Started process (PID=154092) to work on /opt/airflow/dags/deck_with_cron_expression.py
[2024-09-26T04:44:20.029+0000] {processor.py:914} INFO - Processing file /opt/airflow/dags/deck_with_cron_expression.py for tasks to queue
[2024-09-26T04:44:20.031+0000] {logging_mixin.py:190} INFO - [2024-09-26T04:44:20.031+0000] {dagbag.py:587} INFO - Filling up the DagBag from /opt/airflow/dags/deck_with_cron_expression.py
[2024-09-26T04:44:20.148+0000] {processor.py:925} INFO - DAG(s) 'schedule_with_cron_expression_v03' retrieved from /opt/airflow/dags/deck_with_cron_expression.py
[2024-09-26T04:44:20.172+0000] {logging_mixin.py:190} INFO - [2024-09-26T04:44:20.172+0000] {dag.py:3229} INFO - Sync 1 DAGs
[2024-09-26T04:44:20.199+0000] {logging_mixin.py:190} INFO - [2024-09-26T04:44:20.199+0000] {dag.py:4156} INFO - Setting next_dagrun for schedule_with_cron_expression_v03 to 2024-09-12 03:00:00+00:00, run_after=2024-09-13 03:00:00+00:00
[2024-09-26T04:44:20.223+0000] {processor.py:208} INFO - Processing /opt/airflow/dags/deck_with_cron_expression.py took 0.202 seconds
[2024-09-26T04:44:50.569+0000] {processor.py:186} INFO - Started process (PID=154135) to work on /opt/airflow/dags/deck_with_cron_expression.py
[2024-09-26T04:44:50.571+0000] {processor.py:914} INFO - Processing file /opt/airflow/dags/deck_with_cron_expression.py for tasks to queue
[2024-09-26T04:44:50.573+0000] {logging_mixin.py:190} INFO - [2024-09-26T04:44:50.573+0000] {dagbag.py:587} INFO - Filling up the DagBag from /opt/airflow/dags/deck_with_cron_expression.py
[2024-09-26T04:44:50.648+0000] {processor.py:925} INFO - DAG(s) 'schedule_with_cron_expression_v03' retrieved from /opt/airflow/dags/deck_with_cron_expression.py
[2024-09-26T04:44:50.671+0000] {logging_mixin.py:190} INFO - [2024-09-26T04:44:50.670+0000] {dag.py:3229} INFO - Sync 1 DAGs
[2024-09-26T04:44:50.698+0000] {logging_mixin.py:190} INFO - [2024-09-26T04:44:50.698+0000] {dag.py:4156} INFO - Setting next_dagrun for schedule_with_cron_expression_v03 to 2024-09-12 03:00:00+00:00, run_after=2024-09-13 03:00:00+00:00
[2024-09-26T04:44:50.731+0000] {processor.py:208} INFO - Processing /opt/airflow/dags/deck_with_cron_expression.py took 0.169 seconds
[2024-09-26T04:45:21.911+0000] {processor.py:186} INFO - Started process (PID=154178) to work on /opt/airflow/dags/deck_with_cron_expression.py
[2024-09-26T04:45:21.914+0000] {processor.py:914} INFO - Processing file /opt/airflow/dags/deck_with_cron_expression.py for tasks to queue
[2024-09-26T04:45:21.916+0000] {logging_mixin.py:190} INFO - [2024-09-26T04:45:21.916+0000] {dagbag.py:587} INFO - Filling up the DagBag from /opt/airflow/dags/deck_with_cron_expression.py
[2024-09-26T04:45:22.017+0000] {processor.py:925} INFO - DAG(s) 'schedule_with_cron_expression_v03' retrieved from /opt/airflow/dags/deck_with_cron_expression.py
[2024-09-26T04:45:22.069+0000] {logging_mixin.py:190} INFO - [2024-09-26T04:45:22.068+0000] {dag.py:3229} INFO - Sync 1 DAGs
[2024-09-26T04:45:22.091+0000] {logging_mixin.py:190} INFO - [2024-09-26T04:45:22.090+0000] {dag.py:4156} INFO - Setting next_dagrun for schedule_with_cron_expression_v03 to 2024-09-12 03:00:00+00:00, run_after=2024-09-13 03:00:00+00:00
[2024-09-26T04:45:22.125+0000] {processor.py:208} INFO - Processing /opt/airflow/dags/deck_with_cron_expression.py took 0.225 seconds
[2024-09-26T04:45:52.984+0000] {processor.py:186} INFO - Started process (PID=154221) to work on /opt/airflow/dags/deck_with_cron_expression.py
[2024-09-26T04:45:52.986+0000] {processor.py:914} INFO - Processing file /opt/airflow/dags/deck_with_cron_expression.py for tasks to queue
[2024-09-26T04:45:52.988+0000] {logging_mixin.py:190} INFO - [2024-09-26T04:45:52.988+0000] {dagbag.py:587} INFO - Filling up the DagBag from /opt/airflow/dags/deck_with_cron_expression.py
[2024-09-26T04:45:53.080+0000] {processor.py:925} INFO - DAG(s) 'schedule_with_cron_expression_v03' retrieved from /opt/airflow/dags/deck_with_cron_expression.py
[2024-09-26T04:45:53.106+0000] {logging_mixin.py:190} INFO - [2024-09-26T04:45:53.105+0000] {dag.py:3229} INFO - Sync 1 DAGs
[2024-09-26T04:45:53.128+0000] {logging_mixin.py:190} INFO - [2024-09-26T04:45:53.128+0000] {dag.py:4156} INFO - Setting next_dagrun for schedule_with_cron_expression_v03 to 2024-09-12 03:00:00+00:00, run_after=2024-09-13 03:00:00+00:00
[2024-09-26T04:45:53.165+0000] {processor.py:208} INFO - Processing /opt/airflow/dags/deck_with_cron_expression.py took 0.192 seconds
[2024-09-26T04:46:23.819+0000] {processor.py:186} INFO - Started process (PID=154264) to work on /opt/airflow/dags/deck_with_cron_expression.py
[2024-09-26T04:46:23.820+0000] {processor.py:914} INFO - Processing file /opt/airflow/dags/deck_with_cron_expression.py for tasks to queue
[2024-09-26T04:46:23.824+0000] {logging_mixin.py:190} INFO - [2024-09-26T04:46:23.823+0000] {dagbag.py:587} INFO - Filling up the DagBag from /opt/airflow/dags/deck_with_cron_expression.py
[2024-09-26T04:46:23.936+0000] {processor.py:925} INFO - DAG(s) 'schedule_with_cron_expression_v03' retrieved from /opt/airflow/dags/deck_with_cron_expression.py
[2024-09-26T04:46:23.960+0000] {logging_mixin.py:190} INFO - [2024-09-26T04:46:23.960+0000] {dag.py:3229} INFO - Sync 1 DAGs
[2024-09-26T04:46:23.990+0000] {logging_mixin.py:190} INFO - [2024-09-26T04:46:23.990+0000] {dag.py:4156} INFO - Setting next_dagrun for schedule_with_cron_expression_v03 to 2024-09-12 03:00:00+00:00, run_after=2024-09-13 03:00:00+00:00
[2024-09-26T04:46:24.019+0000] {processor.py:208} INFO - Processing /opt/airflow/dags/deck_with_cron_expression.py took 0.208 seconds
[2024-09-26T04:46:54.466+0000] {processor.py:186} INFO - Started process (PID=154307) to work on /opt/airflow/dags/deck_with_cron_expression.py
[2024-09-26T04:46:54.468+0000] {processor.py:914} INFO - Processing file /opt/airflow/dags/deck_with_cron_expression.py for tasks to queue
[2024-09-26T04:46:54.471+0000] {logging_mixin.py:190} INFO - [2024-09-26T04:46:54.471+0000] {dagbag.py:587} INFO - Filling up the DagBag from /opt/airflow/dags/deck_with_cron_expression.py
[2024-09-26T04:46:54.553+0000] {processor.py:925} INFO - DAG(s) 'schedule_with_cron_expression_v03' retrieved from /opt/airflow/dags/deck_with_cron_expression.py
[2024-09-26T04:46:54.581+0000] {logging_mixin.py:190} INFO - [2024-09-26T04:46:54.580+0000] {dag.py:3229} INFO - Sync 1 DAGs
[2024-09-26T04:46:54.611+0000] {logging_mixin.py:190} INFO - [2024-09-26T04:46:54.610+0000] {dag.py:4156} INFO - Setting next_dagrun for schedule_with_cron_expression_v03 to 2024-09-12 03:00:00+00:00, run_after=2024-09-13 03:00:00+00:00
[2024-09-26T04:46:54.639+0000] {processor.py:208} INFO - Processing /opt/airflow/dags/deck_with_cron_expression.py took 0.178 seconds
[2024-09-26T04:47:25.271+0000] {processor.py:186} INFO - Started process (PID=154350) to work on /opt/airflow/dags/deck_with_cron_expression.py
[2024-09-26T04:47:25.272+0000] {processor.py:914} INFO - Processing file /opt/airflow/dags/deck_with_cron_expression.py for tasks to queue
[2024-09-26T04:47:25.275+0000] {logging_mixin.py:190} INFO - [2024-09-26T04:47:25.274+0000] {dagbag.py:587} INFO - Filling up the DagBag from /opt/airflow/dags/deck_with_cron_expression.py
[2024-09-26T04:47:25.375+0000] {processor.py:925} INFO - DAG(s) 'schedule_with_cron_expression_v03' retrieved from /opt/airflow/dags/deck_with_cron_expression.py
[2024-09-26T04:47:25.409+0000] {logging_mixin.py:190} INFO - [2024-09-26T04:47:25.409+0000] {dag.py:3229} INFO - Sync 1 DAGs
[2024-09-26T04:47:25.440+0000] {logging_mixin.py:190} INFO - [2024-09-26T04:47:25.439+0000] {dag.py:4156} INFO - Setting next_dagrun for schedule_with_cron_expression_v03 to 2024-09-12 03:00:00+00:00, run_after=2024-09-13 03:00:00+00:00
[2024-09-26T04:47:25.468+0000] {processor.py:208} INFO - Processing /opt/airflow/dags/deck_with_cron_expression.py took 0.204 seconds
[2024-09-26T04:47:56.128+0000] {processor.py:186} INFO - Started process (PID=154393) to work on /opt/airflow/dags/deck_with_cron_expression.py
[2024-09-26T04:47:56.131+0000] {processor.py:914} INFO - Processing file /opt/airflow/dags/deck_with_cron_expression.py for tasks to queue
[2024-09-26T04:47:56.135+0000] {logging_mixin.py:190} INFO - [2024-09-26T04:47:56.134+0000] {dagbag.py:587} INFO - Filling up the DagBag from /opt/airflow/dags/deck_with_cron_expression.py
[2024-09-26T04:47:56.264+0000] {processor.py:925} INFO - DAG(s) 'schedule_with_cron_expression_v03' retrieved from /opt/airflow/dags/deck_with_cron_expression.py
[2024-09-26T04:47:56.306+0000] {logging_mixin.py:190} INFO - [2024-09-26T04:47:56.306+0000] {dag.py:3229} INFO - Sync 1 DAGs
[2024-09-26T04:47:56.329+0000] {logging_mixin.py:190} INFO - [2024-09-26T04:47:56.328+0000] {dag.py:4156} INFO - Setting next_dagrun for schedule_with_cron_expression_v03 to 2024-09-12 03:00:00+00:00, run_after=2024-09-13 03:00:00+00:00
[2024-09-26T04:47:56.355+0000] {processor.py:208} INFO - Processing /opt/airflow/dags/deck_with_cron_expression.py took 0.239 seconds
[2024-09-26T04:48:26.752+0000] {processor.py:186} INFO - Started process (PID=154436) to work on /opt/airflow/dags/deck_with_cron_expression.py
[2024-09-26T04:48:26.754+0000] {processor.py:914} INFO - Processing file /opt/airflow/dags/deck_with_cron_expression.py for tasks to queue
[2024-09-26T04:48:26.756+0000] {logging_mixin.py:190} INFO - [2024-09-26T04:48:26.755+0000] {dagbag.py:587} INFO - Filling up the DagBag from /opt/airflow/dags/deck_with_cron_expression.py
[2024-09-26T04:48:26.868+0000] {processor.py:925} INFO - DAG(s) 'schedule_with_cron_expression_v03' retrieved from /opt/airflow/dags/deck_with_cron_expression.py
[2024-09-26T04:48:26.904+0000] {logging_mixin.py:190} INFO - [2024-09-26T04:48:26.903+0000] {dag.py:3229} INFO - Sync 1 DAGs
[2024-09-26T04:48:26.925+0000] {logging_mixin.py:190} INFO - [2024-09-26T04:48:26.925+0000] {dag.py:4156} INFO - Setting next_dagrun for schedule_with_cron_expression_v03 to 2024-09-12 03:00:00+00:00, run_after=2024-09-13 03:00:00+00:00
[2024-09-26T04:48:26.950+0000] {processor.py:208} INFO - Processing /opt/airflow/dags/deck_with_cron_expression.py took 0.208 seconds
[2024-09-26T04:48:57.505+0000] {processor.py:186} INFO - Started process (PID=154479) to work on /opt/airflow/dags/deck_with_cron_expression.py
[2024-09-26T04:48:57.507+0000] {processor.py:914} INFO - Processing file /opt/airflow/dags/deck_with_cron_expression.py for tasks to queue
[2024-09-26T04:48:57.510+0000] {logging_mixin.py:190} INFO - [2024-09-26T04:48:57.510+0000] {dagbag.py:587} INFO - Filling up the DagBag from /opt/airflow/dags/deck_with_cron_expression.py
[2024-09-26T04:48:57.633+0000] {processor.py:925} INFO - DAG(s) 'schedule_with_cron_expression_v03' retrieved from /opt/airflow/dags/deck_with_cron_expression.py
[2024-09-26T04:48:57.663+0000] {logging_mixin.py:190} INFO - [2024-09-26T04:48:57.663+0000] {dag.py:3229} INFO - Sync 1 DAGs
[2024-09-26T04:48:57.686+0000] {logging_mixin.py:190} INFO - [2024-09-26T04:48:57.686+0000] {dag.py:4156} INFO - Setting next_dagrun for schedule_with_cron_expression_v03 to 2024-09-12 03:00:00+00:00, run_after=2024-09-13 03:00:00+00:00
[2024-09-26T04:48:57.720+0000] {processor.py:208} INFO - Processing /opt/airflow/dags/deck_with_cron_expression.py took 0.227 seconds
[2024-09-26T04:49:28.592+0000] {processor.py:186} INFO - Started process (PID=154522) to work on /opt/airflow/dags/deck_with_cron_expression.py
[2024-09-26T04:49:28.595+0000] {processor.py:914} INFO - Processing file /opt/airflow/dags/deck_with_cron_expression.py for tasks to queue
[2024-09-26T04:49:28.598+0000] {logging_mixin.py:190} INFO - [2024-09-26T04:49:28.597+0000] {dagbag.py:587} INFO - Filling up the DagBag from /opt/airflow/dags/deck_with_cron_expression.py
[2024-09-26T04:49:28.707+0000] {processor.py:925} INFO - DAG(s) 'schedule_with_cron_expression_v03' retrieved from /opt/airflow/dags/deck_with_cron_expression.py
[2024-09-26T04:49:28.732+0000] {logging_mixin.py:190} INFO - [2024-09-26T04:49:28.732+0000] {dag.py:3229} INFO - Sync 1 DAGs
[2024-09-26T04:49:28.758+0000] {logging_mixin.py:190} INFO - [2024-09-26T04:49:28.758+0000] {dag.py:4156} INFO - Setting next_dagrun for schedule_with_cron_expression_v03 to 2024-09-12 03:00:00+00:00, run_after=2024-09-13 03:00:00+00:00
[2024-09-26T04:49:28.792+0000] {processor.py:208} INFO - Processing /opt/airflow/dags/deck_with_cron_expression.py took 0.208 seconds
[2024-09-26T04:49:59.371+0000] {processor.py:186} INFO - Started process (PID=154565) to work on /opt/airflow/dags/deck_with_cron_expression.py
[2024-09-26T04:49:59.373+0000] {processor.py:914} INFO - Processing file /opt/airflow/dags/deck_with_cron_expression.py for tasks to queue
[2024-09-26T04:49:59.375+0000] {logging_mixin.py:190} INFO - [2024-09-26T04:49:59.375+0000] {dagbag.py:587} INFO - Filling up the DagBag from /opt/airflow/dags/deck_with_cron_expression.py
[2024-09-26T04:49:59.489+0000] {processor.py:925} INFO - DAG(s) 'schedule_with_cron_expression_v03' retrieved from /opt/airflow/dags/deck_with_cron_expression.py
[2024-09-26T04:49:59.516+0000] {logging_mixin.py:190} INFO - [2024-09-26T04:49:59.516+0000] {dag.py:3229} INFO - Sync 1 DAGs
[2024-09-26T04:49:59.538+0000] {logging_mixin.py:190} INFO - [2024-09-26T04:49:59.537+0000] {dag.py:4156} INFO - Setting next_dagrun for schedule_with_cron_expression_v03 to 2024-09-12 03:00:00+00:00, run_after=2024-09-13 03:00:00+00:00
[2024-09-26T04:49:59.572+0000] {processor.py:208} INFO - Processing /opt/airflow/dags/deck_with_cron_expression.py took 0.213 seconds
[2024-09-26T04:50:29.970+0000] {processor.py:186} INFO - Started process (PID=154608) to work on /opt/airflow/dags/deck_with_cron_expression.py
[2024-09-26T04:50:29.972+0000] {processor.py:914} INFO - Processing file /opt/airflow/dags/deck_with_cron_expression.py for tasks to queue
[2024-09-26T04:50:29.975+0000] {logging_mixin.py:190} INFO - [2024-09-26T04:50:29.974+0000] {dagbag.py:587} INFO - Filling up the DagBag from /opt/airflow/dags/deck_with_cron_expression.py
[2024-09-26T04:50:30.053+0000] {processor.py:925} INFO - DAG(s) 'schedule_with_cron_expression_v03' retrieved from /opt/airflow/dags/deck_with_cron_expression.py
[2024-09-26T04:50:30.081+0000] {logging_mixin.py:190} INFO - [2024-09-26T04:50:30.080+0000] {dag.py:3229} INFO - Sync 1 DAGs
[2024-09-26T04:50:30.103+0000] {logging_mixin.py:190} INFO - [2024-09-26T04:50:30.103+0000] {dag.py:4156} INFO - Setting next_dagrun for schedule_with_cron_expression_v03 to 2024-09-12 03:00:00+00:00, run_after=2024-09-13 03:00:00+00:00
[2024-09-26T04:50:30.140+0000] {processor.py:208} INFO - Processing /opt/airflow/dags/deck_with_cron_expression.py took 0.181 seconds
[2024-09-26T04:51:00.751+0000] {processor.py:186} INFO - Started process (PID=154651) to work on /opt/airflow/dags/deck_with_cron_expression.py
[2024-09-26T04:51:00.753+0000] {processor.py:914} INFO - Processing file /opt/airflow/dags/deck_with_cron_expression.py for tasks to queue
[2024-09-26T04:51:00.754+0000] {logging_mixin.py:190} INFO - [2024-09-26T04:51:00.754+0000] {dagbag.py:587} INFO - Filling up the DagBag from /opt/airflow/dags/deck_with_cron_expression.py
[2024-09-26T04:51:00.836+0000] {processor.py:925} INFO - DAG(s) 'schedule_with_cron_expression_v03' retrieved from /opt/airflow/dags/deck_with_cron_expression.py
[2024-09-26T04:51:00.865+0000] {logging_mixin.py:190} INFO - [2024-09-26T04:51:00.865+0000] {dag.py:3229} INFO - Sync 1 DAGs
[2024-09-26T04:51:00.892+0000] {logging_mixin.py:190} INFO - [2024-09-26T04:51:00.892+0000] {dag.py:4156} INFO - Setting next_dagrun for schedule_with_cron_expression_v03 to 2024-09-12 03:00:00+00:00, run_after=2024-09-13 03:00:00+00:00
[2024-09-26T04:51:00.918+0000] {processor.py:208} INFO - Processing /opt/airflow/dags/deck_with_cron_expression.py took 0.173 seconds
[2024-09-26T04:51:31.745+0000] {processor.py:186} INFO - Started process (PID=154694) to work on /opt/airflow/dags/deck_with_cron_expression.py
[2024-09-26T04:51:31.748+0000] {processor.py:914} INFO - Processing file /opt/airflow/dags/deck_with_cron_expression.py for tasks to queue
[2024-09-26T04:51:31.751+0000] {logging_mixin.py:190} INFO - [2024-09-26T04:51:31.751+0000] {dagbag.py:587} INFO - Filling up the DagBag from /opt/airflow/dags/deck_with_cron_expression.py
[2024-09-26T04:51:31.865+0000] {processor.py:925} INFO - DAG(s) 'schedule_with_cron_expression_v03' retrieved from /opt/airflow/dags/deck_with_cron_expression.py
[2024-09-26T04:51:31.892+0000] {logging_mixin.py:190} INFO - [2024-09-26T04:51:31.892+0000] {dag.py:3229} INFO - Sync 1 DAGs
[2024-09-26T04:51:31.920+0000] {logging_mixin.py:190} INFO - [2024-09-26T04:51:31.919+0000] {dag.py:4156} INFO - Setting next_dagrun for schedule_with_cron_expression_v03 to 2024-09-12 03:00:00+00:00, run_after=2024-09-13 03:00:00+00:00
[2024-09-26T04:51:31.944+0000] {processor.py:208} INFO - Processing /opt/airflow/dags/deck_with_cron_expression.py took 0.212 seconds
[2024-09-26T04:52:02.812+0000] {processor.py:186} INFO - Started process (PID=154737) to work on /opt/airflow/dags/deck_with_cron_expression.py
[2024-09-26T04:52:02.814+0000] {processor.py:914} INFO - Processing file /opt/airflow/dags/deck_with_cron_expression.py for tasks to queue
[2024-09-26T04:52:02.816+0000] {logging_mixin.py:190} INFO - [2024-09-26T04:52:02.815+0000] {dagbag.py:587} INFO - Filling up the DagBag from /opt/airflow/dags/deck_with_cron_expression.py
[2024-09-26T04:52:02.908+0000] {processor.py:925} INFO - DAG(s) 'schedule_with_cron_expression_v03' retrieved from /opt/airflow/dags/deck_with_cron_expression.py
[2024-09-26T04:52:02.940+0000] {logging_mixin.py:190} INFO - [2024-09-26T04:52:02.940+0000] {dag.py:3229} INFO - Sync 1 DAGs
[2024-09-26T04:52:02.966+0000] {logging_mixin.py:190} INFO - [2024-09-26T04:52:02.966+0000] {dag.py:4156} INFO - Setting next_dagrun for schedule_with_cron_expression_v03 to 2024-09-12 03:00:00+00:00, run_after=2024-09-13 03:00:00+00:00
[2024-09-26T04:52:02.992+0000] {processor.py:208} INFO - Processing /opt/airflow/dags/deck_with_cron_expression.py took 0.185 seconds
[2024-09-26T04:52:33.471+0000] {processor.py:186} INFO - Started process (PID=154780) to work on /opt/airflow/dags/deck_with_cron_expression.py
[2024-09-26T04:52:33.474+0000] {processor.py:914} INFO - Processing file /opt/airflow/dags/deck_with_cron_expression.py for tasks to queue
[2024-09-26T04:52:33.476+0000] {logging_mixin.py:190} INFO - [2024-09-26T04:52:33.476+0000] {dagbag.py:587} INFO - Filling up the DagBag from /opt/airflow/dags/deck_with_cron_expression.py
[2024-09-26T04:52:33.580+0000] {processor.py:925} INFO - DAG(s) 'schedule_with_cron_expression_v03' retrieved from /opt/airflow/dags/deck_with_cron_expression.py
[2024-09-26T04:52:33.602+0000] {logging_mixin.py:190} INFO - [2024-09-26T04:52:33.602+0000] {dag.py:3229} INFO - Sync 1 DAGs
[2024-09-26T04:52:33.624+0000] {logging_mixin.py:190} INFO - [2024-09-26T04:52:33.624+0000] {dag.py:4156} INFO - Setting next_dagrun for schedule_with_cron_expression_v03 to 2024-09-12 03:00:00+00:00, run_after=2024-09-13 03:00:00+00:00
[2024-09-26T04:52:33.651+0000] {processor.py:208} INFO - Processing /opt/airflow/dags/deck_with_cron_expression.py took 0.188 seconds
[2024-09-26T04:53:03.941+0000] {processor.py:186} INFO - Started process (PID=154821) to work on /opt/airflow/dags/deck_with_cron_expression.py
[2024-09-26T04:53:03.942+0000] {processor.py:914} INFO - Processing file /opt/airflow/dags/deck_with_cron_expression.py for tasks to queue
[2024-09-26T04:53:03.944+0000] {logging_mixin.py:190} INFO - [2024-09-26T04:53:03.944+0000] {dagbag.py:587} INFO - Filling up the DagBag from /opt/airflow/dags/deck_with_cron_expression.py
[2024-09-26T04:53:04.030+0000] {processor.py:925} INFO - DAG(s) 'schedule_with_cron_expression_v03' retrieved from /opt/airflow/dags/deck_with_cron_expression.py
[2024-09-26T04:53:04.059+0000] {logging_mixin.py:190} INFO - [2024-09-26T04:53:04.058+0000] {dag.py:3229} INFO - Sync 1 DAGs
[2024-09-26T04:53:04.081+0000] {logging_mixin.py:190} INFO - [2024-09-26T04:53:04.080+0000] {dag.py:4156} INFO - Setting next_dagrun for schedule_with_cron_expression_v03 to 2024-09-12 03:00:00+00:00, run_after=2024-09-13 03:00:00+00:00
[2024-09-26T04:53:04.105+0000] {processor.py:208} INFO - Processing /opt/airflow/dags/deck_with_cron_expression.py took 0.170 seconds
[2024-09-26T04:53:34.753+0000] {processor.py:186} INFO - Started process (PID=154866) to work on /opt/airflow/dags/deck_with_cron_expression.py
[2024-09-26T04:53:34.754+0000] {processor.py:914} INFO - Processing file /opt/airflow/dags/deck_with_cron_expression.py for tasks to queue
[2024-09-26T04:53:34.757+0000] {logging_mixin.py:190} INFO - [2024-09-26T04:53:34.757+0000] {dagbag.py:587} INFO - Filling up the DagBag from /opt/airflow/dags/deck_with_cron_expression.py
[2024-09-26T04:53:34.834+0000] {processor.py:925} INFO - DAG(s) 'schedule_with_cron_expression_v03' retrieved from /opt/airflow/dags/deck_with_cron_expression.py
[2024-09-26T04:53:34.860+0000] {logging_mixin.py:190} INFO - [2024-09-26T04:53:34.859+0000] {dag.py:3229} INFO - Sync 1 DAGs
[2024-09-26T04:53:34.882+0000] {logging_mixin.py:190} INFO - [2024-09-26T04:53:34.882+0000] {dag.py:4156} INFO - Setting next_dagrun for schedule_with_cron_expression_v03 to 2024-09-12 03:00:00+00:00, run_after=2024-09-13 03:00:00+00:00
[2024-09-26T04:53:34.906+0000] {processor.py:208} INFO - Processing /opt/airflow/dags/deck_with_cron_expression.py took 0.161 seconds
[2024-09-26T04:54:05.401+0000] {processor.py:186} INFO - Started process (PID=154909) to work on /opt/airflow/dags/deck_with_cron_expression.py
[2024-09-26T04:54:05.403+0000] {processor.py:914} INFO - Processing file /opt/airflow/dags/deck_with_cron_expression.py for tasks to queue
[2024-09-26T04:54:05.406+0000] {logging_mixin.py:190} INFO - [2024-09-26T04:54:05.405+0000] {dagbag.py:587} INFO - Filling up the DagBag from /opt/airflow/dags/deck_with_cron_expression.py
[2024-09-26T04:54:05.484+0000] {processor.py:925} INFO - DAG(s) 'schedule_with_cron_expression_v03' retrieved from /opt/airflow/dags/deck_with_cron_expression.py
[2024-09-26T04:54:05.514+0000] {logging_mixin.py:190} INFO - [2024-09-26T04:54:05.514+0000] {dag.py:3229} INFO - Sync 1 DAGs
[2024-09-26T04:54:05.543+0000] {logging_mixin.py:190} INFO - [2024-09-26T04:54:05.542+0000] {dag.py:4156} INFO - Setting next_dagrun for schedule_with_cron_expression_v03 to 2024-09-12 03:00:00+00:00, run_after=2024-09-13 03:00:00+00:00
[2024-09-26T04:54:05.573+0000] {processor.py:208} INFO - Processing /opt/airflow/dags/deck_with_cron_expression.py took 0.181 seconds
[2024-09-26T04:54:36.322+0000] {processor.py:186} INFO - Started process (PID=154952) to work on /opt/airflow/dags/deck_with_cron_expression.py
[2024-09-26T04:54:36.324+0000] {processor.py:914} INFO - Processing file /opt/airflow/dags/deck_with_cron_expression.py for tasks to queue
[2024-09-26T04:54:36.326+0000] {logging_mixin.py:190} INFO - [2024-09-26T04:54:36.326+0000] {dagbag.py:587} INFO - Filling up the DagBag from /opt/airflow/dags/deck_with_cron_expression.py
[2024-09-26T04:54:36.400+0000] {processor.py:925} INFO - DAG(s) 'schedule_with_cron_expression_v03' retrieved from /opt/airflow/dags/deck_with_cron_expression.py
[2024-09-26T04:54:36.435+0000] {logging_mixin.py:190} INFO - [2024-09-26T04:54:36.435+0000] {dag.py:3229} INFO - Sync 1 DAGs
[2024-09-26T04:54:36.472+0000] {logging_mixin.py:190} INFO - [2024-09-26T04:54:36.472+0000] {dag.py:4156} INFO - Setting next_dagrun for schedule_with_cron_expression_v03 to 2024-09-12 03:00:00+00:00, run_after=2024-09-13 03:00:00+00:00
[2024-09-26T04:54:36.504+0000] {processor.py:208} INFO - Processing /opt/airflow/dags/deck_with_cron_expression.py took 0.187 seconds
[2024-09-26T04:55:07.964+0000] {processor.py:186} INFO - Started process (PID=154995) to work on /opt/airflow/dags/deck_with_cron_expression.py
[2024-09-26T04:55:07.966+0000] {processor.py:914} INFO - Processing file /opt/airflow/dags/deck_with_cron_expression.py for tasks to queue
[2024-09-26T04:55:07.969+0000] {logging_mixin.py:190} INFO - [2024-09-26T04:55:07.968+0000] {dagbag.py:587} INFO - Filling up the DagBag from /opt/airflow/dags/deck_with_cron_expression.py
[2024-09-26T04:55:08.085+0000] {processor.py:925} INFO - DAG(s) 'schedule_with_cron_expression_v03' retrieved from /opt/airflow/dags/deck_with_cron_expression.py
[2024-09-26T04:55:08.110+0000] {logging_mixin.py:190} INFO - [2024-09-26T04:55:08.110+0000] {dag.py:3229} INFO - Sync 1 DAGs
[2024-09-26T04:55:08.131+0000] {logging_mixin.py:190} INFO - [2024-09-26T04:55:08.131+0000] {dag.py:4156} INFO - Setting next_dagrun for schedule_with_cron_expression_v03 to 2024-09-12 03:00:00+00:00, run_after=2024-09-13 03:00:00+00:00
[2024-09-26T04:55:08.158+0000] {processor.py:208} INFO - Processing /opt/airflow/dags/deck_with_cron_expression.py took 0.205 seconds
[2024-09-26T04:55:38.337+0000] {processor.py:186} INFO - Started process (PID=155036) to work on /opt/airflow/dags/deck_with_cron_expression.py
[2024-09-26T04:55:38.338+0000] {processor.py:914} INFO - Processing file /opt/airflow/dags/deck_with_cron_expression.py for tasks to queue
[2024-09-26T04:55:38.341+0000] {logging_mixin.py:190} INFO - [2024-09-26T04:55:38.340+0000] {dagbag.py:587} INFO - Filling up the DagBag from /opt/airflow/dags/deck_with_cron_expression.py
[2024-09-26T04:55:38.402+0000] {processor.py:925} INFO - DAG(s) 'schedule_with_cron_expression_v03' retrieved from /opt/airflow/dags/deck_with_cron_expression.py
[2024-09-26T04:55:38.429+0000] {logging_mixin.py:190} INFO - [2024-09-26T04:55:38.429+0000] {dag.py:3229} INFO - Sync 1 DAGs
[2024-09-26T04:55:38.454+0000] {logging_mixin.py:190} INFO - [2024-09-26T04:55:38.454+0000] {dag.py:4156} INFO - Setting next_dagrun for schedule_with_cron_expression_v03 to 2024-09-12 03:00:00+00:00, run_after=2024-09-13 03:00:00+00:00
[2024-09-26T04:55:38.478+0000] {processor.py:208} INFO - Processing /opt/airflow/dags/deck_with_cron_expression.py took 0.148 seconds
[2024-09-26T04:56:09.418+0000] {processor.py:186} INFO - Started process (PID=155081) to work on /opt/airflow/dags/deck_with_cron_expression.py
[2024-09-26T04:56:09.421+0000] {processor.py:914} INFO - Processing file /opt/airflow/dags/deck_with_cron_expression.py for tasks to queue
[2024-09-26T04:56:09.425+0000] {logging_mixin.py:190} INFO - [2024-09-26T04:56:09.424+0000] {dagbag.py:587} INFO - Filling up the DagBag from /opt/airflow/dags/deck_with_cron_expression.py
[2024-09-26T04:56:09.559+0000] {processor.py:925} INFO - DAG(s) 'schedule_with_cron_expression_v03' retrieved from /opt/airflow/dags/deck_with_cron_expression.py
[2024-09-26T04:56:09.593+0000] {logging_mixin.py:190} INFO - [2024-09-26T04:56:09.592+0000] {dag.py:3229} INFO - Sync 1 DAGs
[2024-09-26T04:56:09.619+0000] {logging_mixin.py:190} INFO - [2024-09-26T04:56:09.618+0000] {dag.py:4156} INFO - Setting next_dagrun for schedule_with_cron_expression_v03 to 2024-09-12 03:00:00+00:00, run_after=2024-09-13 03:00:00+00:00
[2024-09-26T04:56:09.648+0000] {processor.py:208} INFO - Processing /opt/airflow/dags/deck_with_cron_expression.py took 0.241 seconds
[2024-09-26T04:56:40.551+0000] {processor.py:186} INFO - Started process (PID=155124) to work on /opt/airflow/dags/deck_with_cron_expression.py
[2024-09-26T04:56:40.554+0000] {processor.py:914} INFO - Processing file /opt/airflow/dags/deck_with_cron_expression.py for tasks to queue
[2024-09-26T04:56:40.557+0000] {logging_mixin.py:190} INFO - [2024-09-26T04:56:40.556+0000] {dagbag.py:587} INFO - Filling up the DagBag from /opt/airflow/dags/deck_with_cron_expression.py
[2024-09-26T04:56:40.667+0000] {processor.py:925} INFO - DAG(s) 'schedule_with_cron_expression_v03' retrieved from /opt/airflow/dags/deck_with_cron_expression.py
[2024-09-26T04:56:40.688+0000] {logging_mixin.py:190} INFO - [2024-09-26T04:56:40.688+0000] {dag.py:3229} INFO - Sync 1 DAGs
[2024-09-26T04:56:40.711+0000] {logging_mixin.py:190} INFO - [2024-09-26T04:56:40.711+0000] {dag.py:4156} INFO - Setting next_dagrun for schedule_with_cron_expression_v03 to 2024-09-12 03:00:00+00:00, run_after=2024-09-13 03:00:00+00:00
[2024-09-26T04:56:40.740+0000] {processor.py:208} INFO - Processing /opt/airflow/dags/deck_with_cron_expression.py took 0.198 seconds
[2024-09-26T04:57:11.103+0000] {processor.py:186} INFO - Started process (PID=155167) to work on /opt/airflow/dags/deck_with_cron_expression.py
[2024-09-26T04:57:11.105+0000] {processor.py:914} INFO - Processing file /opt/airflow/dags/deck_with_cron_expression.py for tasks to queue
[2024-09-26T04:57:11.108+0000] {logging_mixin.py:190} INFO - [2024-09-26T04:57:11.107+0000] {dagbag.py:587} INFO - Filling up the DagBag from /opt/airflow/dags/deck_with_cron_expression.py
[2024-09-26T04:57:11.177+0000] {processor.py:925} INFO - DAG(s) 'schedule_with_cron_expression_v03' retrieved from /opt/airflow/dags/deck_with_cron_expression.py
[2024-09-26T04:57:11.207+0000] {logging_mixin.py:190} INFO - [2024-09-26T04:57:11.206+0000] {dag.py:3229} INFO - Sync 1 DAGs
[2024-09-26T04:57:11.233+0000] {logging_mixin.py:190} INFO - [2024-09-26T04:57:11.233+0000] {dag.py:4156} INFO - Setting next_dagrun for schedule_with_cron_expression_v03 to 2024-09-12 03:00:00+00:00, run_after=2024-09-13 03:00:00+00:00
[2024-09-26T04:57:11.268+0000] {processor.py:208} INFO - Processing /opt/airflow/dags/deck_with_cron_expression.py took 0.176 seconds
[2024-09-26T04:57:41.832+0000] {processor.py:186} INFO - Started process (PID=155210) to work on /opt/airflow/dags/deck_with_cron_expression.py
[2024-09-26T04:57:41.834+0000] {processor.py:914} INFO - Processing file /opt/airflow/dags/deck_with_cron_expression.py for tasks to queue
[2024-09-26T04:57:41.837+0000] {logging_mixin.py:190} INFO - [2024-09-26T04:57:41.836+0000] {dagbag.py:587} INFO - Filling up the DagBag from /opt/airflow/dags/deck_with_cron_expression.py
[2024-09-26T04:57:41.924+0000] {processor.py:925} INFO - DAG(s) 'schedule_with_cron_expression_v03' retrieved from /opt/airflow/dags/deck_with_cron_expression.py
[2024-09-26T04:57:41.953+0000] {logging_mixin.py:190} INFO - [2024-09-26T04:57:41.952+0000] {dag.py:3229} INFO - Sync 1 DAGs
[2024-09-26T04:57:41.978+0000] {logging_mixin.py:190} INFO - [2024-09-26T04:57:41.978+0000] {dag.py:4156} INFO - Setting next_dagrun for schedule_with_cron_expression_v03 to 2024-09-12 03:00:00+00:00, run_after=2024-09-13 03:00:00+00:00
[2024-09-26T04:57:42.005+0000] {processor.py:208} INFO - Processing /opt/airflow/dags/deck_with_cron_expression.py took 0.181 seconds
[2024-09-26T04:58:12.717+0000] {processor.py:186} INFO - Started process (PID=155253) to work on /opt/airflow/dags/deck_with_cron_expression.py
[2024-09-26T04:58:12.718+0000] {processor.py:914} INFO - Processing file /opt/airflow/dags/deck_with_cron_expression.py for tasks to queue
[2024-09-26T04:58:12.720+0000] {logging_mixin.py:190} INFO - [2024-09-26T04:58:12.720+0000] {dagbag.py:587} INFO - Filling up the DagBag from /opt/airflow/dags/deck_with_cron_expression.py
[2024-09-26T04:58:12.815+0000] {processor.py:925} INFO - DAG(s) 'schedule_with_cron_expression_v03' retrieved from /opt/airflow/dags/deck_with_cron_expression.py
[2024-09-26T04:58:12.840+0000] {logging_mixin.py:190} INFO - [2024-09-26T04:58:12.840+0000] {dag.py:3229} INFO - Sync 1 DAGs
[2024-09-26T04:58:12.862+0000] {logging_mixin.py:190} INFO - [2024-09-26T04:58:12.862+0000] {dag.py:4156} INFO - Setting next_dagrun for schedule_with_cron_expression_v03 to 2024-09-12 03:00:00+00:00, run_after=2024-09-13 03:00:00+00:00
[2024-09-26T04:58:12.898+0000] {processor.py:208} INFO - Processing /opt/airflow/dags/deck_with_cron_expression.py took 0.191 seconds
[2024-09-26T04:58:43.637+0000] {processor.py:186} INFO - Started process (PID=155296) to work on /opt/airflow/dags/deck_with_cron_expression.py
[2024-09-26T04:58:43.639+0000] {processor.py:914} INFO - Processing file /opt/airflow/dags/deck_with_cron_expression.py for tasks to queue
[2024-09-26T04:58:43.641+0000] {logging_mixin.py:190} INFO - [2024-09-26T04:58:43.641+0000] {dagbag.py:587} INFO - Filling up the DagBag from /opt/airflow/dags/deck_with_cron_expression.py
[2024-09-26T04:58:43.766+0000] {processor.py:925} INFO - DAG(s) 'schedule_with_cron_expression_v03' retrieved from /opt/airflow/dags/deck_with_cron_expression.py
[2024-09-26T04:58:43.803+0000] {logging_mixin.py:190} INFO - [2024-09-26T04:58:43.803+0000] {dag.py:3229} INFO - Sync 1 DAGs
[2024-09-26T04:58:43.833+0000] {logging_mixin.py:190} INFO - [2024-09-26T04:58:43.833+0000] {dag.py:4156} INFO - Setting next_dagrun for schedule_with_cron_expression_v03 to 2024-09-12 03:00:00+00:00, run_after=2024-09-13 03:00:00+00:00
[2024-09-26T04:58:43.863+0000] {processor.py:208} INFO - Processing /opt/airflow/dags/deck_with_cron_expression.py took 0.233 seconds
[2024-09-26T04:59:14.460+0000] {processor.py:186} INFO - Started process (PID=155339) to work on /opt/airflow/dags/deck_with_cron_expression.py
[2024-09-26T04:59:14.463+0000] {processor.py:914} INFO - Processing file /opt/airflow/dags/deck_with_cron_expression.py for tasks to queue
[2024-09-26T04:59:14.467+0000] {logging_mixin.py:190} INFO - [2024-09-26T04:59:14.466+0000] {dagbag.py:587} INFO - Filling up the DagBag from /opt/airflow/dags/deck_with_cron_expression.py
[2024-09-26T04:59:14.632+0000] {processor.py:925} INFO - DAG(s) 'schedule_with_cron_expression_v03' retrieved from /opt/airflow/dags/deck_with_cron_expression.py
[2024-09-26T04:59:14.660+0000] {logging_mixin.py:190} INFO - [2024-09-26T04:59:14.660+0000] {dag.py:3229} INFO - Sync 1 DAGs
[2024-09-26T04:59:14.685+0000] {logging_mixin.py:190} INFO - [2024-09-26T04:59:14.685+0000] {dag.py:4156} INFO - Setting next_dagrun for schedule_with_cron_expression_v03 to 2024-09-12 03:00:00+00:00, run_after=2024-09-13 03:00:00+00:00
[2024-09-26T04:59:14.715+0000] {processor.py:208} INFO - Processing /opt/airflow/dags/deck_with_cron_expression.py took 0.262 seconds
[2024-09-26T04:59:45.007+0000] {processor.py:186} INFO - Started process (PID=155382) to work on /opt/airflow/dags/deck_with_cron_expression.py
[2024-09-26T04:59:45.008+0000] {processor.py:914} INFO - Processing file /opt/airflow/dags/deck_with_cron_expression.py for tasks to queue
[2024-09-26T04:59:45.010+0000] {logging_mixin.py:190} INFO - [2024-09-26T04:59:45.010+0000] {dagbag.py:587} INFO - Filling up the DagBag from /opt/airflow/dags/deck_with_cron_expression.py
[2024-09-26T04:59:45.074+0000] {processor.py:925} INFO - DAG(s) 'schedule_with_cron_expression_v03' retrieved from /opt/airflow/dags/deck_with_cron_expression.py
[2024-09-26T04:59:45.105+0000] {logging_mixin.py:190} INFO - [2024-09-26T04:59:45.105+0000] {dag.py:3229} INFO - Sync 1 DAGs
[2024-09-26T04:59:45.136+0000] {logging_mixin.py:190} INFO - [2024-09-26T04:59:45.135+0000] {dag.py:4156} INFO - Setting next_dagrun for schedule_with_cron_expression_v03 to 2024-09-12 03:00:00+00:00, run_after=2024-09-13 03:00:00+00:00
[2024-09-26T04:59:45.158+0000] {processor.py:208} INFO - Processing /opt/airflow/dags/deck_with_cron_expression.py took 0.158 seconds
[2024-09-26T05:00:15.558+0000] {processor.py:186} INFO - Started process (PID=155425) to work on /opt/airflow/dags/deck_with_cron_expression.py
[2024-09-26T05:00:15.560+0000] {processor.py:914} INFO - Processing file /opt/airflow/dags/deck_with_cron_expression.py for tasks to queue
[2024-09-26T05:00:15.562+0000] {logging_mixin.py:190} INFO - [2024-09-26T05:00:15.562+0000] {dagbag.py:587} INFO - Filling up the DagBag from /opt/airflow/dags/deck_with_cron_expression.py
[2024-09-26T05:00:15.675+0000] {processor.py:925} INFO - DAG(s) 'schedule_with_cron_expression_v03' retrieved from /opt/airflow/dags/deck_with_cron_expression.py
[2024-09-26T05:00:15.710+0000] {logging_mixin.py:190} INFO - [2024-09-26T05:00:15.710+0000] {dag.py:3229} INFO - Sync 1 DAGs
[2024-09-26T05:00:15.736+0000] {logging_mixin.py:190} INFO - [2024-09-26T05:00:15.736+0000] {dag.py:4156} INFO - Setting next_dagrun for schedule_with_cron_expression_v03 to 2024-09-12 03:00:00+00:00, run_after=2024-09-13 03:00:00+00:00
[2024-09-26T05:00:15.761+0000] {processor.py:208} INFO - Processing /opt/airflow/dags/deck_with_cron_expression.py took 0.211 seconds
[2024-09-26T05:00:46.370+0000] {processor.py:186} INFO - Started process (PID=155468) to work on /opt/airflow/dags/deck_with_cron_expression.py
[2024-09-26T05:00:46.374+0000] {processor.py:914} INFO - Processing file /opt/airflow/dags/deck_with_cron_expression.py for tasks to queue
[2024-09-26T05:00:46.380+0000] {logging_mixin.py:190} INFO - [2024-09-26T05:00:46.378+0000] {dagbag.py:587} INFO - Filling up the DagBag from /opt/airflow/dags/deck_with_cron_expression.py
[2024-09-26T05:00:46.583+0000] {processor.py:925} INFO - DAG(s) 'schedule_with_cron_expression_v03' retrieved from /opt/airflow/dags/deck_with_cron_expression.py
[2024-09-26T05:00:46.629+0000] {logging_mixin.py:190} INFO - [2024-09-26T05:00:46.629+0000] {dag.py:3229} INFO - Sync 1 DAGs
[2024-09-26T05:00:46.672+0000] {logging_mixin.py:190} INFO - [2024-09-26T05:00:46.672+0000] {dag.py:4156} INFO - Setting next_dagrun for schedule_with_cron_expression_v03 to 2024-09-12 03:00:00+00:00, run_after=2024-09-13 03:00:00+00:00
[2024-09-26T05:00:46.706+0000] {processor.py:208} INFO - Processing /opt/airflow/dags/deck_with_cron_expression.py took 0.369 seconds
[2024-09-26T05:01:17.538+0000] {processor.py:186} INFO - Started process (PID=155511) to work on /opt/airflow/dags/deck_with_cron_expression.py
[2024-09-26T05:01:17.540+0000] {processor.py:914} INFO - Processing file /opt/airflow/dags/deck_with_cron_expression.py for tasks to queue
[2024-09-26T05:01:17.543+0000] {logging_mixin.py:190} INFO - [2024-09-26T05:01:17.542+0000] {dagbag.py:587} INFO - Filling up the DagBag from /opt/airflow/dags/deck_with_cron_expression.py
[2024-09-26T05:01:17.624+0000] {processor.py:925} INFO - DAG(s) 'schedule_with_cron_expression_v03' retrieved from /opt/airflow/dags/deck_with_cron_expression.py
[2024-09-26T05:01:17.659+0000] {logging_mixin.py:190} INFO - [2024-09-26T05:01:17.658+0000] {dag.py:3229} INFO - Sync 1 DAGs
[2024-09-26T05:01:17.683+0000] {logging_mixin.py:190} INFO - [2024-09-26T05:01:17.683+0000] {dag.py:4156} INFO - Setting next_dagrun for schedule_with_cron_expression_v03 to 2024-09-12 03:00:00+00:00, run_after=2024-09-13 03:00:00+00:00
[2024-09-26T05:01:17.708+0000] {processor.py:208} INFO - Processing /opt/airflow/dags/deck_with_cron_expression.py took 0.177 seconds
[2024-09-26T05:01:48.164+0000] {processor.py:186} INFO - Started process (PID=155554) to work on /opt/airflow/dags/deck_with_cron_expression.py
[2024-09-26T05:01:48.166+0000] {processor.py:914} INFO - Processing file /opt/airflow/dags/deck_with_cron_expression.py for tasks to queue
[2024-09-26T05:01:48.169+0000] {logging_mixin.py:190} INFO - [2024-09-26T05:01:48.168+0000] {dagbag.py:587} INFO - Filling up the DagBag from /opt/airflow/dags/deck_with_cron_expression.py
[2024-09-26T05:01:48.248+0000] {processor.py:925} INFO - DAG(s) 'schedule_with_cron_expression_v03' retrieved from /opt/airflow/dags/deck_with_cron_expression.py
[2024-09-26T05:01:48.279+0000] {logging_mixin.py:190} INFO - [2024-09-26T05:01:48.279+0000] {dag.py:3229} INFO - Sync 1 DAGs
[2024-09-26T05:01:48.304+0000] {logging_mixin.py:190} INFO - [2024-09-26T05:01:48.303+0000] {dag.py:4156} INFO - Setting next_dagrun for schedule_with_cron_expression_v03 to 2024-09-12 03:00:00+00:00, run_after=2024-09-13 03:00:00+00:00
[2024-09-26T05:01:48.335+0000] {processor.py:208} INFO - Processing /opt/airflow/dags/deck_with_cron_expression.py took 0.177 seconds
[2024-09-26T05:02:18.959+0000] {processor.py:186} INFO - Started process (PID=155597) to work on /opt/airflow/dags/deck_with_cron_expression.py
[2024-09-26T05:02:18.961+0000] {processor.py:914} INFO - Processing file /opt/airflow/dags/deck_with_cron_expression.py for tasks to queue
[2024-09-26T05:02:18.963+0000] {logging_mixin.py:190} INFO - [2024-09-26T05:02:18.963+0000] {dagbag.py:587} INFO - Filling up the DagBag from /opt/airflow/dags/deck_with_cron_expression.py
[2024-09-26T05:02:19.032+0000] {processor.py:925} INFO - DAG(s) 'schedule_with_cron_expression_v03' retrieved from /opt/airflow/dags/deck_with_cron_expression.py
[2024-09-26T05:02:19.058+0000] {logging_mixin.py:190} INFO - [2024-09-26T05:02:19.058+0000] {dag.py:3229} INFO - Sync 1 DAGs
[2024-09-26T05:02:19.082+0000] {logging_mixin.py:190} INFO - [2024-09-26T05:02:19.081+0000] {dag.py:4156} INFO - Setting next_dagrun for schedule_with_cron_expression_v03 to 2024-09-12 03:00:00+00:00, run_after=2024-09-13 03:00:00+00:00
[2024-09-26T05:02:19.106+0000] {processor.py:208} INFO - Processing /opt/airflow/dags/deck_with_cron_expression.py took 0.152 seconds
[2024-09-26T05:02:49.609+0000] {processor.py:186} INFO - Started process (PID=155640) to work on /opt/airflow/dags/deck_with_cron_expression.py
[2024-09-26T05:02:49.610+0000] {processor.py:914} INFO - Processing file /opt/airflow/dags/deck_with_cron_expression.py for tasks to queue
[2024-09-26T05:02:49.612+0000] {logging_mixin.py:190} INFO - [2024-09-26T05:02:49.612+0000] {dagbag.py:587} INFO - Filling up the DagBag from /opt/airflow/dags/deck_with_cron_expression.py
[2024-09-26T05:02:49.683+0000] {processor.py:925} INFO - DAG(s) 'schedule_with_cron_expression_v03' retrieved from /opt/airflow/dags/deck_with_cron_expression.py
[2024-09-26T05:02:49.706+0000] {logging_mixin.py:190} INFO - [2024-09-26T05:02:49.705+0000] {dag.py:3229} INFO - Sync 1 DAGs
[2024-09-26T05:02:49.727+0000] {logging_mixin.py:190} INFO - [2024-09-26T05:02:49.727+0000] {dag.py:4156} INFO - Setting next_dagrun for schedule_with_cron_expression_v03 to 2024-09-12 03:00:00+00:00, run_after=2024-09-13 03:00:00+00:00
[2024-09-26T05:02:49.753+0000] {processor.py:208} INFO - Processing /opt/airflow/dags/deck_with_cron_expression.py took 0.150 seconds
[2024-09-26T05:03:20.105+0000] {processor.py:186} INFO - Started process (PID=155681) to work on /opt/airflow/dags/deck_with_cron_expression.py
[2024-09-26T05:03:20.107+0000] {processor.py:914} INFO - Processing file /opt/airflow/dags/deck_with_cron_expression.py for tasks to queue
[2024-09-26T05:03:20.113+0000] {logging_mixin.py:190} INFO - [2024-09-26T05:03:20.112+0000] {dagbag.py:587} INFO - Filling up the DagBag from /opt/airflow/dags/deck_with_cron_expression.py
[2024-09-26T05:03:20.209+0000] {processor.py:925} INFO - DAG(s) 'schedule_with_cron_expression_v03' retrieved from /opt/airflow/dags/deck_with_cron_expression.py
[2024-09-26T05:03:20.235+0000] {logging_mixin.py:190} INFO - [2024-09-26T05:03:20.235+0000] {dag.py:3229} INFO - Sync 1 DAGs
[2024-09-26T05:03:20.258+0000] {logging_mixin.py:190} INFO - [2024-09-26T05:03:20.258+0000] {dag.py:4156} INFO - Setting next_dagrun for schedule_with_cron_expression_v03 to 2024-09-12 03:00:00+00:00, run_after=2024-09-13 03:00:00+00:00
[2024-09-26T05:03:20.282+0000] {processor.py:208} INFO - Processing /opt/airflow/dags/deck_with_cron_expression.py took 0.192 seconds
[2024-09-26T05:03:50.562+0000] {processor.py:186} INFO - Started process (PID=155724) to work on /opt/airflow/dags/deck_with_cron_expression.py
[2024-09-26T05:03:50.564+0000] {processor.py:914} INFO - Processing file /opt/airflow/dags/deck_with_cron_expression.py for tasks to queue
[2024-09-26T05:03:50.565+0000] {logging_mixin.py:190} INFO - [2024-09-26T05:03:50.565+0000] {dagbag.py:587} INFO - Filling up the DagBag from /opt/airflow/dags/deck_with_cron_expression.py
[2024-09-26T05:03:50.627+0000] {processor.py:925} INFO - DAG(s) 'schedule_with_cron_expression_v03' retrieved from /opt/airflow/dags/deck_with_cron_expression.py
[2024-09-26T05:03:50.659+0000] {logging_mixin.py:190} INFO - [2024-09-26T05:03:50.659+0000] {dag.py:3229} INFO - Sync 1 DAGs
[2024-09-26T05:03:50.693+0000] {logging_mixin.py:190} INFO - [2024-09-26T05:03:50.693+0000] {dag.py:4156} INFO - Setting next_dagrun for schedule_with_cron_expression_v03 to 2024-09-12 03:00:00+00:00, run_after=2024-09-13 03:00:00+00:00
[2024-09-26T05:03:50.724+0000] {processor.py:208} INFO - Processing /opt/airflow/dags/deck_with_cron_expression.py took 0.170 seconds
[2024-09-26T05:04:21.227+0000] {processor.py:186} INFO - Started process (PID=155769) to work on /opt/airflow/dags/deck_with_cron_expression.py
[2024-09-26T05:04:21.229+0000] {processor.py:914} INFO - Processing file /opt/airflow/dags/deck_with_cron_expression.py for tasks to queue
[2024-09-26T05:04:21.232+0000] {logging_mixin.py:190} INFO - [2024-09-26T05:04:21.232+0000] {dagbag.py:587} INFO - Filling up the DagBag from /opt/airflow/dags/deck_with_cron_expression.py
[2024-09-26T05:04:21.332+0000] {processor.py:925} INFO - DAG(s) 'schedule_with_cron_expression_v03' retrieved from /opt/airflow/dags/deck_with_cron_expression.py
[2024-09-26T05:04:21.360+0000] {logging_mixin.py:190} INFO - [2024-09-26T05:04:21.360+0000] {dag.py:3229} INFO - Sync 1 DAGs
[2024-09-26T05:04:21.381+0000] {logging_mixin.py:190} INFO - [2024-09-26T05:04:21.381+0000] {dag.py:4156} INFO - Setting next_dagrun for schedule_with_cron_expression_v03 to 2024-09-12 03:00:00+00:00, run_after=2024-09-13 03:00:00+00:00
[2024-09-26T05:04:21.417+0000] {processor.py:208} INFO - Processing /opt/airflow/dags/deck_with_cron_expression.py took 0.202 seconds
[2024-09-26T05:04:51.938+0000] {processor.py:186} INFO - Started process (PID=155812) to work on /opt/airflow/dags/deck_with_cron_expression.py
[2024-09-26T05:04:51.940+0000] {processor.py:914} INFO - Processing file /opt/airflow/dags/deck_with_cron_expression.py for tasks to queue
[2024-09-26T05:04:51.943+0000] {logging_mixin.py:190} INFO - [2024-09-26T05:04:51.942+0000] {dagbag.py:587} INFO - Filling up the DagBag from /opt/airflow/dags/deck_with_cron_expression.py
[2024-09-26T05:04:52.060+0000] {processor.py:925} INFO - DAG(s) 'schedule_with_cron_expression_v03' retrieved from /opt/airflow/dags/deck_with_cron_expression.py
[2024-09-26T05:04:52.084+0000] {logging_mixin.py:190} INFO - [2024-09-26T05:04:52.084+0000] {dag.py:3229} INFO - Sync 1 DAGs
[2024-09-26T05:04:52.104+0000] {logging_mixin.py:190} INFO - [2024-09-26T05:04:52.104+0000] {dag.py:4156} INFO - Setting next_dagrun for schedule_with_cron_expression_v03 to 2024-09-12 03:00:00+00:00, run_after=2024-09-13 03:00:00+00:00
[2024-09-26T05:04:52.129+0000] {processor.py:208} INFO - Processing /opt/airflow/dags/deck_with_cron_expression.py took 0.198 seconds
[2024-09-26T05:05:22.707+0000] {processor.py:186} INFO - Started process (PID=155855) to work on /opt/airflow/dags/deck_with_cron_expression.py
[2024-09-26T05:05:22.708+0000] {processor.py:914} INFO - Processing file /opt/airflow/dags/deck_with_cron_expression.py for tasks to queue
[2024-09-26T05:05:22.710+0000] {logging_mixin.py:190} INFO - [2024-09-26T05:05:22.710+0000] {dagbag.py:587} INFO - Filling up the DagBag from /opt/airflow/dags/deck_with_cron_expression.py
[2024-09-26T05:05:22.777+0000] {processor.py:925} INFO - DAG(s) 'schedule_with_cron_expression_v03' retrieved from /opt/airflow/dags/deck_with_cron_expression.py
[2024-09-26T05:05:22.805+0000] {logging_mixin.py:190} INFO - [2024-09-26T05:05:22.804+0000] {dag.py:3229} INFO - Sync 1 DAGs
[2024-09-26T05:05:22.826+0000] {logging_mixin.py:190} INFO - [2024-09-26T05:05:22.826+0000] {dag.py:4156} INFO - Setting next_dagrun for schedule_with_cron_expression_v03 to 2024-09-12 03:00:00+00:00, run_after=2024-09-13 03:00:00+00:00
[2024-09-26T05:05:22.864+0000] {processor.py:208} INFO - Processing /opt/airflow/dags/deck_with_cron_expression.py took 0.162 seconds
[2024-09-26T05:05:53.597+0000] {processor.py:186} INFO - Started process (PID=155898) to work on /opt/airflow/dags/deck_with_cron_expression.py
[2024-09-26T05:05:53.599+0000] {processor.py:914} INFO - Processing file /opt/airflow/dags/deck_with_cron_expression.py for tasks to queue
[2024-09-26T05:05:53.601+0000] {logging_mixin.py:190} INFO - [2024-09-26T05:05:53.601+0000] {dagbag.py:587} INFO - Filling up the DagBag from /opt/airflow/dags/deck_with_cron_expression.py
[2024-09-26T05:05:53.723+0000] {processor.py:925} INFO - DAG(s) 'schedule_with_cron_expression_v03' retrieved from /opt/airflow/dags/deck_with_cron_expression.py
[2024-09-26T05:05:53.760+0000] {logging_mixin.py:190} INFO - [2024-09-26T05:05:53.760+0000] {dag.py:3229} INFO - Sync 1 DAGs
[2024-09-26T05:05:53.785+0000] {logging_mixin.py:190} INFO - [2024-09-26T05:05:53.785+0000] {dag.py:4156} INFO - Setting next_dagrun for schedule_with_cron_expression_v03 to 2024-09-12 03:00:00+00:00, run_after=2024-09-13 03:00:00+00:00
[2024-09-26T05:05:53.812+0000] {processor.py:208} INFO - Processing /opt/airflow/dags/deck_with_cron_expression.py took 0.223 seconds
[2024-09-26T05:06:24.244+0000] {processor.py:186} INFO - Started process (PID=155941) to work on /opt/airflow/dags/deck_with_cron_expression.py
[2024-09-26T05:06:24.245+0000] {processor.py:914} INFO - Processing file /opt/airflow/dags/deck_with_cron_expression.py for tasks to queue
[2024-09-26T05:06:24.247+0000] {logging_mixin.py:190} INFO - [2024-09-26T05:06:24.247+0000] {dagbag.py:587} INFO - Filling up the DagBag from /opt/airflow/dags/deck_with_cron_expression.py
[2024-09-26T05:06:24.323+0000] {processor.py:925} INFO - DAG(s) 'schedule_with_cron_expression_v03' retrieved from /opt/airflow/dags/deck_with_cron_expression.py
[2024-09-26T05:06:24.351+0000] {logging_mixin.py:190} INFO - [2024-09-26T05:06:24.350+0000] {dag.py:3229} INFO - Sync 1 DAGs
[2024-09-26T05:06:24.371+0000] {logging_mixin.py:190} INFO - [2024-09-26T05:06:24.371+0000] {dag.py:4156} INFO - Setting next_dagrun for schedule_with_cron_expression_v03 to 2024-09-12 03:00:00+00:00, run_after=2024-09-13 03:00:00+00:00
[2024-09-26T05:06:24.396+0000] {processor.py:208} INFO - Processing /opt/airflow/dags/deck_with_cron_expression.py took 0.158 seconds
[2024-09-26T05:06:55.008+0000] {processor.py:186} INFO - Started process (PID=155984) to work on /opt/airflow/dags/deck_with_cron_expression.py
[2024-09-26T05:06:55.010+0000] {processor.py:914} INFO - Processing file /opt/airflow/dags/deck_with_cron_expression.py for tasks to queue
[2024-09-26T05:06:55.013+0000] {logging_mixin.py:190} INFO - [2024-09-26T05:06:55.013+0000] {dagbag.py:587} INFO - Filling up the DagBag from /opt/airflow/dags/deck_with_cron_expression.py
[2024-09-26T05:06:55.123+0000] {processor.py:925} INFO - DAG(s) 'schedule_with_cron_expression_v03' retrieved from /opt/airflow/dags/deck_with_cron_expression.py
[2024-09-26T05:06:55.166+0000] {logging_mixin.py:190} INFO - [2024-09-26T05:06:55.166+0000] {dag.py:3229} INFO - Sync 1 DAGs
[2024-09-26T05:06:55.215+0000] {logging_mixin.py:190} INFO - [2024-09-26T05:06:55.214+0000] {dag.py:4156} INFO - Setting next_dagrun for schedule_with_cron_expression_v03 to 2024-09-12 03:00:00+00:00, run_after=2024-09-13 03:00:00+00:00
[2024-09-26T05:06:55.260+0000] {processor.py:208} INFO - Processing /opt/airflow/dags/deck_with_cron_expression.py took 0.263 seconds
[2024-09-26T05:07:25.772+0000] {processor.py:186} INFO - Started process (PID=156027) to work on /opt/airflow/dags/deck_with_cron_expression.py
[2024-09-26T05:07:25.773+0000] {processor.py:914} INFO - Processing file /opt/airflow/dags/deck_with_cron_expression.py for tasks to queue
[2024-09-26T05:07:25.776+0000] {logging_mixin.py:190} INFO - [2024-09-26T05:07:25.775+0000] {dagbag.py:587} INFO - Filling up the DagBag from /opt/airflow/dags/deck_with_cron_expression.py
[2024-09-26T05:07:25.885+0000] {processor.py:925} INFO - DAG(s) 'schedule_with_cron_expression_v03' retrieved from /opt/airflow/dags/deck_with_cron_expression.py
[2024-09-26T05:07:25.914+0000] {logging_mixin.py:190} INFO - [2024-09-26T05:07:25.914+0000] {dag.py:3229} INFO - Sync 1 DAGs
[2024-09-26T05:07:25.936+0000] {logging_mixin.py:190} INFO - [2024-09-26T05:07:25.936+0000] {dag.py:4156} INFO - Setting next_dagrun for schedule_with_cron_expression_v03 to 2024-09-12 03:00:00+00:00, run_after=2024-09-13 03:00:00+00:00
[2024-09-26T05:07:25.969+0000] {processor.py:208} INFO - Processing /opt/airflow/dags/deck_with_cron_expression.py took 0.203 seconds
[2024-09-26T05:07:57.114+0000] {processor.py:186} INFO - Started process (PID=156070) to work on /opt/airflow/dags/deck_with_cron_expression.py
[2024-09-26T05:07:57.116+0000] {processor.py:914} INFO - Processing file /opt/airflow/dags/deck_with_cron_expression.py for tasks to queue
[2024-09-26T05:07:57.119+0000] {logging_mixin.py:190} INFO - [2024-09-26T05:07:57.118+0000] {dagbag.py:587} INFO - Filling up the DagBag from /opt/airflow/dags/deck_with_cron_expression.py
[2024-09-26T05:07:57.231+0000] {processor.py:925} INFO - DAG(s) 'schedule_with_cron_expression_v03' retrieved from /opt/airflow/dags/deck_with_cron_expression.py
[2024-09-26T05:07:57.255+0000] {logging_mixin.py:190} INFO - [2024-09-26T05:07:57.255+0000] {dag.py:3229} INFO - Sync 1 DAGs
[2024-09-26T05:07:57.275+0000] {logging_mixin.py:190} INFO - [2024-09-26T05:07:57.275+0000] {dag.py:4156} INFO - Setting next_dagrun for schedule_with_cron_expression_v03 to 2024-09-12 03:00:00+00:00, run_after=2024-09-13 03:00:00+00:00
[2024-09-26T05:07:57.311+0000] {processor.py:208} INFO - Processing /opt/airflow/dags/deck_with_cron_expression.py took 0.205 seconds
[2024-09-26T05:08:29.166+0000] {processor.py:186} INFO - Started process (PID=156113) to work on /opt/airflow/dags/deck_with_cron_expression.py
[2024-09-26T05:08:29.168+0000] {processor.py:914} INFO - Processing file /opt/airflow/dags/deck_with_cron_expression.py for tasks to queue
[2024-09-26T05:08:29.170+0000] {logging_mixin.py:190} INFO - [2024-09-26T05:08:29.170+0000] {dagbag.py:587} INFO - Filling up the DagBag from /opt/airflow/dags/deck_with_cron_expression.py
[2024-09-26T05:08:29.301+0000] {processor.py:925} INFO - DAG(s) 'schedule_with_cron_expression_v03' retrieved from /opt/airflow/dags/deck_with_cron_expression.py
[2024-09-26T05:08:29.349+0000] {logging_mixin.py:190} INFO - [2024-09-26T05:08:29.349+0000] {dag.py:3229} INFO - Sync 1 DAGs
[2024-09-26T05:08:29.375+0000] {logging_mixin.py:190} INFO - [2024-09-26T05:08:29.375+0000] {dag.py:4156} INFO - Setting next_dagrun for schedule_with_cron_expression_v03 to 2024-09-12 03:00:00+00:00, run_after=2024-09-13 03:00:00+00:00
[2024-09-26T05:08:29.546+0000] {processor.py:208} INFO - Processing /opt/airflow/dags/deck_with_cron_expression.py took 0.386 seconds
[2024-09-26T05:08:59.874+0000] {processor.py:186} INFO - Started process (PID=156156) to work on /opt/airflow/dags/deck_with_cron_expression.py
[2024-09-26T05:08:59.876+0000] {processor.py:914} INFO - Processing file /opt/airflow/dags/deck_with_cron_expression.py for tasks to queue
[2024-09-26T05:08:59.878+0000] {logging_mixin.py:190} INFO - [2024-09-26T05:08:59.878+0000] {dagbag.py:587} INFO - Filling up the DagBag from /opt/airflow/dags/deck_with_cron_expression.py
[2024-09-26T05:08:59.996+0000] {processor.py:925} INFO - DAG(s) 'schedule_with_cron_expression_v03' retrieved from /opt/airflow/dags/deck_with_cron_expression.py
[2024-09-26T05:09:00.042+0000] {logging_mixin.py:190} INFO - [2024-09-26T05:09:00.042+0000] {dag.py:3229} INFO - Sync 1 DAGs
[2024-09-26T05:09:00.067+0000] {logging_mixin.py:190} INFO - [2024-09-26T05:09:00.067+0000] {dag.py:4156} INFO - Setting next_dagrun for schedule_with_cron_expression_v03 to 2024-09-12 03:00:00+00:00, run_after=2024-09-13 03:00:00+00:00
[2024-09-26T05:09:00.102+0000] {processor.py:208} INFO - Processing /opt/airflow/dags/deck_with_cron_expression.py took 0.232 seconds
[2024-09-26T05:09:30.646+0000] {processor.py:186} INFO - Started process (PID=156199) to work on /opt/airflow/dags/deck_with_cron_expression.py
[2024-09-26T05:09:30.647+0000] {processor.py:914} INFO - Processing file /opt/airflow/dags/deck_with_cron_expression.py for tasks to queue
[2024-09-26T05:09:30.649+0000] {logging_mixin.py:190} INFO - [2024-09-26T05:09:30.649+0000] {dagbag.py:587} INFO - Filling up the DagBag from /opt/airflow/dags/deck_with_cron_expression.py
[2024-09-26T05:09:30.763+0000] {processor.py:925} INFO - DAG(s) 'schedule_with_cron_expression_v03' retrieved from /opt/airflow/dags/deck_with_cron_expression.py
[2024-09-26T05:09:30.791+0000] {logging_mixin.py:190} INFO - [2024-09-26T05:09:30.790+0000] {dag.py:3229} INFO - Sync 1 DAGs
[2024-09-26T05:09:30.813+0000] {logging_mixin.py:190} INFO - [2024-09-26T05:09:30.813+0000] {dag.py:4156} INFO - Setting next_dagrun for schedule_with_cron_expression_v03 to 2024-09-12 03:00:00+00:00, run_after=2024-09-13 03:00:00+00:00
[2024-09-26T05:09:30.839+0000] {processor.py:208} INFO - Processing /opt/airflow/dags/deck_with_cron_expression.py took 0.199 seconds
[2024-09-26T05:10:01.406+0000] {processor.py:186} INFO - Started process (PID=156242) to work on /opt/airflow/dags/deck_with_cron_expression.py
[2024-09-26T05:10:01.408+0000] {processor.py:914} INFO - Processing file /opt/airflow/dags/deck_with_cron_expression.py for tasks to queue
[2024-09-26T05:10:01.411+0000] {logging_mixin.py:190} INFO - [2024-09-26T05:10:01.410+0000] {dagbag.py:587} INFO - Filling up the DagBag from /opt/airflow/dags/deck_with_cron_expression.py
[2024-09-26T05:10:01.493+0000] {processor.py:925} INFO - DAG(s) 'schedule_with_cron_expression_v03' retrieved from /opt/airflow/dags/deck_with_cron_expression.py
[2024-09-26T05:10:01.519+0000] {logging_mixin.py:190} INFO - [2024-09-26T05:10:01.518+0000] {dag.py:3229} INFO - Sync 1 DAGs
[2024-09-26T05:10:01.542+0000] {logging_mixin.py:190} INFO - [2024-09-26T05:10:01.542+0000] {dag.py:4156} INFO - Setting next_dagrun for schedule_with_cron_expression_v03 to 2024-09-12 03:00:00+00:00, run_after=2024-09-13 03:00:00+00:00
[2024-09-26T05:10:01.572+0000] {processor.py:208} INFO - Processing /opt/airflow/dags/deck_with_cron_expression.py took 0.173 seconds
[2024-09-26T05:10:32.079+0000] {processor.py:186} INFO - Started process (PID=156285) to work on /opt/airflow/dags/deck_with_cron_expression.py
[2024-09-26T05:10:32.082+0000] {processor.py:914} INFO - Processing file /opt/airflow/dags/deck_with_cron_expression.py for tasks to queue
[2024-09-26T05:10:32.086+0000] {logging_mixin.py:190} INFO - [2024-09-26T05:10:32.085+0000] {dagbag.py:587} INFO - Filling up the DagBag from /opt/airflow/dags/deck_with_cron_expression.py
[2024-09-26T05:10:32.201+0000] {processor.py:925} INFO - DAG(s) 'schedule_with_cron_expression_v03' retrieved from /opt/airflow/dags/deck_with_cron_expression.py
[2024-09-26T05:10:32.237+0000] {logging_mixin.py:190} INFO - [2024-09-26T05:10:32.237+0000] {dag.py:3229} INFO - Sync 1 DAGs
[2024-09-26T05:10:32.260+0000] {logging_mixin.py:190} INFO - [2024-09-26T05:10:32.259+0000] {dag.py:4156} INFO - Setting next_dagrun for schedule_with_cron_expression_v03 to 2024-09-12 03:00:00+00:00, run_after=2024-09-13 03:00:00+00:00
[2024-09-26T05:10:32.298+0000] {processor.py:208} INFO - Processing /opt/airflow/dags/deck_with_cron_expression.py took 0.233 seconds
[2024-09-26T05:11:02.950+0000] {processor.py:186} INFO - Started process (PID=156326) to work on /opt/airflow/dags/deck_with_cron_expression.py
[2024-09-26T05:11:02.952+0000] {processor.py:914} INFO - Processing file /opt/airflow/dags/deck_with_cron_expression.py for tasks to queue
[2024-09-26T05:11:02.954+0000] {logging_mixin.py:190} INFO - [2024-09-26T05:11:02.953+0000] {dagbag.py:587} INFO - Filling up the DagBag from /opt/airflow/dags/deck_with_cron_expression.py
[2024-09-26T05:11:03.058+0000] {processor.py:925} INFO - DAG(s) 'schedule_with_cron_expression_v03' retrieved from /opt/airflow/dags/deck_with_cron_expression.py
[2024-09-26T05:11:03.083+0000] {logging_mixin.py:190} INFO - [2024-09-26T05:11:03.083+0000] {dag.py:3229} INFO - Sync 1 DAGs
[2024-09-26T05:11:03.106+0000] {logging_mixin.py:190} INFO - [2024-09-26T05:11:03.106+0000] {dag.py:4156} INFO - Setting next_dagrun for schedule_with_cron_expression_v03 to 2024-09-12 03:00:00+00:00, run_after=2024-09-13 03:00:00+00:00
[2024-09-26T05:11:03.259+0000] {processor.py:208} INFO - Processing /opt/airflow/dags/deck_with_cron_expression.py took 0.315 seconds
[2024-09-26T05:11:34.216+0000] {processor.py:186} INFO - Started process (PID=156369) to work on /opt/airflow/dags/deck_with_cron_expression.py
[2024-09-26T05:11:34.218+0000] {processor.py:914} INFO - Processing file /opt/airflow/dags/deck_with_cron_expression.py for tasks to queue
[2024-09-26T05:11:34.222+0000] {logging_mixin.py:190} INFO - [2024-09-26T05:11:34.221+0000] {dagbag.py:587} INFO - Filling up the DagBag from /opt/airflow/dags/deck_with_cron_expression.py
[2024-09-26T05:11:34.326+0000] {processor.py:925} INFO - DAG(s) 'schedule_with_cron_expression_v03' retrieved from /opt/airflow/dags/deck_with_cron_expression.py
[2024-09-26T05:11:34.352+0000] {logging_mixin.py:190} INFO - [2024-09-26T05:11:34.352+0000] {dag.py:3229} INFO - Sync 1 DAGs
[2024-09-26T05:11:34.373+0000] {logging_mixin.py:190} INFO - [2024-09-26T05:11:34.373+0000] {dag.py:4156} INFO - Setting next_dagrun for schedule_with_cron_expression_v03 to 2024-09-12 03:00:00+00:00, run_after=2024-09-13 03:00:00+00:00
[2024-09-26T05:11:34.398+0000] {processor.py:208} INFO - Processing /opt/airflow/dags/deck_with_cron_expression.py took 0.191 seconds
[2024-09-26T05:12:05.038+0000] {processor.py:186} INFO - Started process (PID=156412) to work on /opt/airflow/dags/deck_with_cron_expression.py
[2024-09-26T05:12:05.040+0000] {processor.py:914} INFO - Processing file /opt/airflow/dags/deck_with_cron_expression.py for tasks to queue
[2024-09-26T05:12:05.042+0000] {logging_mixin.py:190} INFO - [2024-09-26T05:12:05.042+0000] {dagbag.py:587} INFO - Filling up the DagBag from /opt/airflow/dags/deck_with_cron_expression.py
[2024-09-26T05:12:05.143+0000] {processor.py:925} INFO - DAG(s) 'schedule_with_cron_expression_v03' retrieved from /opt/airflow/dags/deck_with_cron_expression.py
[2024-09-26T05:12:05.167+0000] {logging_mixin.py:190} INFO - [2024-09-26T05:12:05.167+0000] {dag.py:3229} INFO - Sync 1 DAGs
[2024-09-26T05:12:05.188+0000] {logging_mixin.py:190} INFO - [2024-09-26T05:12:05.188+0000] {dag.py:4156} INFO - Setting next_dagrun for schedule_with_cron_expression_v03 to 2024-09-12 03:00:00+00:00, run_after=2024-09-13 03:00:00+00:00
[2024-09-26T05:12:05.218+0000] {processor.py:208} INFO - Processing /opt/airflow/dags/deck_with_cron_expression.py took 0.188 seconds
[2024-09-26T05:12:35.544+0000] {processor.py:186} INFO - Started process (PID=156455) to work on /opt/airflow/dags/deck_with_cron_expression.py
[2024-09-26T05:12:35.547+0000] {processor.py:914} INFO - Processing file /opt/airflow/dags/deck_with_cron_expression.py for tasks to queue
[2024-09-26T05:12:35.551+0000] {logging_mixin.py:190} INFO - [2024-09-26T05:12:35.550+0000] {dagbag.py:587} INFO - Filling up the DagBag from /opt/airflow/dags/deck_with_cron_expression.py
[2024-09-26T05:12:35.637+0000] {processor.py:925} INFO - DAG(s) 'schedule_with_cron_expression_v03' retrieved from /opt/airflow/dags/deck_with_cron_expression.py
[2024-09-26T05:12:35.667+0000] {logging_mixin.py:190} INFO - [2024-09-26T05:12:35.666+0000] {dag.py:3229} INFO - Sync 1 DAGs
[2024-09-26T05:12:35.694+0000] {logging_mixin.py:190} INFO - [2024-09-26T05:12:35.694+0000] {dag.py:4156} INFO - Setting next_dagrun for schedule_with_cron_expression_v03 to 2024-09-12 03:00:00+00:00, run_after=2024-09-13 03:00:00+00:00
[2024-09-26T05:12:35.718+0000] {processor.py:208} INFO - Processing /opt/airflow/dags/deck_with_cron_expression.py took 0.188 seconds
[2024-09-26T05:13:06.026+0000] {processor.py:186} INFO - Started process (PID=156498) to work on /opt/airflow/dags/deck_with_cron_expression.py
[2024-09-26T05:13:06.028+0000] {processor.py:914} INFO - Processing file /opt/airflow/dags/deck_with_cron_expression.py for tasks to queue
[2024-09-26T05:13:06.029+0000] {logging_mixin.py:190} INFO - [2024-09-26T05:13:06.029+0000] {dagbag.py:587} INFO - Filling up the DagBag from /opt/airflow/dags/deck_with_cron_expression.py
[2024-09-26T05:13:06.102+0000] {processor.py:925} INFO - DAG(s) 'schedule_with_cron_expression_v03' retrieved from /opt/airflow/dags/deck_with_cron_expression.py
[2024-09-26T05:13:06.130+0000] {logging_mixin.py:190} INFO - [2024-09-26T05:13:06.129+0000] {dag.py:3229} INFO - Sync 1 DAGs
[2024-09-26T05:13:06.155+0000] {logging_mixin.py:190} INFO - [2024-09-26T05:13:06.155+0000] {dag.py:4156} INFO - Setting next_dagrun for schedule_with_cron_expression_v03 to 2024-09-12 03:00:00+00:00, run_after=2024-09-13 03:00:00+00:00
[2024-09-26T05:13:06.181+0000] {processor.py:208} INFO - Processing /opt/airflow/dags/deck_with_cron_expression.py took 0.163 seconds
[2024-09-26T05:13:36.855+0000] {processor.py:186} INFO - Started process (PID=156541) to work on /opt/airflow/dags/deck_with_cron_expression.py
[2024-09-26T05:13:36.856+0000] {processor.py:914} INFO - Processing file /opt/airflow/dags/deck_with_cron_expression.py for tasks to queue
[2024-09-26T05:13:36.858+0000] {logging_mixin.py:190} INFO - [2024-09-26T05:13:36.858+0000] {dagbag.py:587} INFO - Filling up the DagBag from /opt/airflow/dags/deck_with_cron_expression.py
[2024-09-26T05:13:36.933+0000] {processor.py:925} INFO - DAG(s) 'schedule_with_cron_expression_v03' retrieved from /opt/airflow/dags/deck_with_cron_expression.py
[2024-09-26T05:13:36.957+0000] {logging_mixin.py:190} INFO - [2024-09-26T05:13:36.957+0000] {dag.py:3229} INFO - Sync 1 DAGs
[2024-09-26T05:13:36.977+0000] {logging_mixin.py:190} INFO - [2024-09-26T05:13:36.977+0000] {dag.py:4156} INFO - Setting next_dagrun for schedule_with_cron_expression_v03 to 2024-09-12 03:00:00+00:00, run_after=2024-09-13 03:00:00+00:00
[2024-09-26T05:13:36.999+0000] {processor.py:208} INFO - Processing /opt/airflow/dags/deck_with_cron_expression.py took 0.149 seconds
[2024-09-26T05:14:07.650+0000] {processor.py:186} INFO - Started process (PID=156584) to work on /opt/airflow/dags/deck_with_cron_expression.py
[2024-09-26T05:14:07.651+0000] {processor.py:914} INFO - Processing file /opt/airflow/dags/deck_with_cron_expression.py for tasks to queue
[2024-09-26T05:14:07.653+0000] {logging_mixin.py:190} INFO - [2024-09-26T05:14:07.653+0000] {dagbag.py:587} INFO - Filling up the DagBag from /opt/airflow/dags/deck_with_cron_expression.py
[2024-09-26T05:14:07.737+0000] {processor.py:925} INFO - DAG(s) 'schedule_with_cron_expression_v03' retrieved from /opt/airflow/dags/deck_with_cron_expression.py
[2024-09-26T05:14:07.764+0000] {logging_mixin.py:190} INFO - [2024-09-26T05:14:07.764+0000] {dag.py:3229} INFO - Sync 1 DAGs
[2024-09-26T05:14:07.909+0000] {logging_mixin.py:190} INFO - [2024-09-26T05:14:07.909+0000] {dag.py:4156} INFO - Setting next_dagrun for schedule_with_cron_expression_v03 to 2024-09-12 03:00:00+00:00, run_after=2024-09-13 03:00:00+00:00
[2024-09-26T05:14:07.930+0000] {processor.py:208} INFO - Processing /opt/airflow/dags/deck_with_cron_expression.py took 0.286 seconds
[2024-09-26T05:14:38.579+0000] {processor.py:186} INFO - Started process (PID=156627) to work on /opt/airflow/dags/deck_with_cron_expression.py
[2024-09-26T05:14:38.580+0000] {processor.py:914} INFO - Processing file /opt/airflow/dags/deck_with_cron_expression.py for tasks to queue
[2024-09-26T05:14:38.582+0000] {logging_mixin.py:190} INFO - [2024-09-26T05:14:38.582+0000] {dagbag.py:587} INFO - Filling up the DagBag from /opt/airflow/dags/deck_with_cron_expression.py
[2024-09-26T05:14:38.659+0000] {processor.py:925} INFO - DAG(s) 'schedule_with_cron_expression_v03' retrieved from /opt/airflow/dags/deck_with_cron_expression.py
[2024-09-26T05:14:38.690+0000] {logging_mixin.py:190} INFO - [2024-09-26T05:14:38.690+0000] {dag.py:3229} INFO - Sync 1 DAGs
[2024-09-26T05:14:38.718+0000] {logging_mixin.py:190} INFO - [2024-09-26T05:14:38.718+0000] {dag.py:4156} INFO - Setting next_dagrun for schedule_with_cron_expression_v03 to 2024-09-12 03:00:00+00:00, run_after=2024-09-13 03:00:00+00:00
[2024-09-26T05:14:38.750+0000] {processor.py:208} INFO - Processing /opt/airflow/dags/deck_with_cron_expression.py took 0.177 seconds
[2024-09-26T05:15:09.145+0000] {processor.py:186} INFO - Started process (PID=156670) to work on /opt/airflow/dags/deck_with_cron_expression.py
[2024-09-26T05:15:09.147+0000] {processor.py:914} INFO - Processing file /opt/airflow/dags/deck_with_cron_expression.py for tasks to queue
[2024-09-26T05:15:09.149+0000] {logging_mixin.py:190} INFO - [2024-09-26T05:15:09.149+0000] {dagbag.py:587} INFO - Filling up the DagBag from /opt/airflow/dags/deck_with_cron_expression.py
[2024-09-26T05:15:09.254+0000] {processor.py:925} INFO - DAG(s) 'schedule_with_cron_expression_v03' retrieved from /opt/airflow/dags/deck_with_cron_expression.py
[2024-09-26T05:15:09.281+0000] {logging_mixin.py:190} INFO - [2024-09-26T05:15:09.281+0000] {dag.py:3229} INFO - Sync 1 DAGs
[2024-09-26T05:15:09.302+0000] {logging_mixin.py:190} INFO - [2024-09-26T05:15:09.302+0000] {dag.py:4156} INFO - Setting next_dagrun for schedule_with_cron_expression_v03 to 2024-09-12 03:00:00+00:00, run_after=2024-09-13 03:00:00+00:00
[2024-09-26T05:15:09.327+0000] {processor.py:208} INFO - Processing /opt/airflow/dags/deck_with_cron_expression.py took 0.193 seconds
[2024-09-26T05:15:40.055+0000] {processor.py:186} INFO - Started process (PID=156715) to work on /opt/airflow/dags/deck_with_cron_expression.py
[2024-09-26T05:15:40.057+0000] {processor.py:914} INFO - Processing file /opt/airflow/dags/deck_with_cron_expression.py for tasks to queue
[2024-09-26T05:15:40.060+0000] {logging_mixin.py:190} INFO - [2024-09-26T05:15:40.059+0000] {dagbag.py:587} INFO - Filling up the DagBag from /opt/airflow/dags/deck_with_cron_expression.py
[2024-09-26T05:15:40.158+0000] {processor.py:925} INFO - DAG(s) 'schedule_with_cron_expression_v03' retrieved from /opt/airflow/dags/deck_with_cron_expression.py
[2024-09-26T05:15:40.184+0000] {logging_mixin.py:190} INFO - [2024-09-26T05:15:40.184+0000] {dag.py:3229} INFO - Sync 1 DAGs
[2024-09-26T05:15:40.218+0000] {logging_mixin.py:190} INFO - [2024-09-26T05:15:40.218+0000] {dag.py:4156} INFO - Setting next_dagrun for schedule_with_cron_expression_v03 to 2024-09-12 03:00:00+00:00, run_after=2024-09-13 03:00:00+00:00
[2024-09-26T05:15:40.252+0000] {processor.py:208} INFO - Processing /opt/airflow/dags/deck_with_cron_expression.py took 0.202 seconds
[2024-09-26T05:16:10.981+0000] {processor.py:186} INFO - Started process (PID=156758) to work on /opt/airflow/dags/deck_with_cron_expression.py
[2024-09-26T05:16:10.983+0000] {processor.py:914} INFO - Processing file /opt/airflow/dags/deck_with_cron_expression.py for tasks to queue
[2024-09-26T05:16:10.987+0000] {logging_mixin.py:190} INFO - [2024-09-26T05:16:10.986+0000] {dagbag.py:587} INFO - Filling up the DagBag from /opt/airflow/dags/deck_with_cron_expression.py
[2024-09-26T05:16:11.104+0000] {processor.py:925} INFO - DAG(s) 'schedule_with_cron_expression_v03' retrieved from /opt/airflow/dags/deck_with_cron_expression.py
[2024-09-26T05:16:11.133+0000] {logging_mixin.py:190} INFO - [2024-09-26T05:16:11.133+0000] {dag.py:3229} INFO - Sync 1 DAGs
[2024-09-26T05:16:11.155+0000] {logging_mixin.py:190} INFO - [2024-09-26T05:16:11.155+0000] {dag.py:4156} INFO - Setting next_dagrun for schedule_with_cron_expression_v03 to 2024-09-12 03:00:00+00:00, run_after=2024-09-13 03:00:00+00:00
[2024-09-26T05:16:11.190+0000] {processor.py:208} INFO - Processing /opt/airflow/dags/deck_with_cron_expression.py took 0.215 seconds
[2024-09-26T05:16:42.012+0000] {processor.py:186} INFO - Started process (PID=156801) to work on /opt/airflow/dags/deck_with_cron_expression.py
[2024-09-26T05:16:42.013+0000] {processor.py:914} INFO - Processing file /opt/airflow/dags/deck_with_cron_expression.py for tasks to queue
[2024-09-26T05:16:42.016+0000] {logging_mixin.py:190} INFO - [2024-09-26T05:16:42.015+0000] {dagbag.py:587} INFO - Filling up the DagBag from /opt/airflow/dags/deck_with_cron_expression.py
[2024-09-26T05:16:42.084+0000] {processor.py:925} INFO - DAG(s) 'schedule_with_cron_expression_v03' retrieved from /opt/airflow/dags/deck_with_cron_expression.py
[2024-09-26T05:16:42.118+0000] {logging_mixin.py:190} INFO - [2024-09-26T05:16:42.118+0000] {dag.py:3229} INFO - Sync 1 DAGs
[2024-09-26T05:16:42.147+0000] {logging_mixin.py:190} INFO - [2024-09-26T05:16:42.146+0000] {dag.py:4156} INFO - Setting next_dagrun for schedule_with_cron_expression_v03 to 2024-09-12 03:00:00+00:00, run_after=2024-09-13 03:00:00+00:00
[2024-09-26T05:16:42.294+0000] {processor.py:208} INFO - Processing /opt/airflow/dags/deck_with_cron_expression.py took 0.290 seconds
[2024-09-26T05:17:12.988+0000] {processor.py:186} INFO - Started process (PID=156842) to work on /opt/airflow/dags/deck_with_cron_expression.py
[2024-09-26T05:17:12.990+0000] {processor.py:914} INFO - Processing file /opt/airflow/dags/deck_with_cron_expression.py for tasks to queue
[2024-09-26T05:17:12.992+0000] {logging_mixin.py:190} INFO - [2024-09-26T05:17:12.992+0000] {dagbag.py:587} INFO - Filling up the DagBag from /opt/airflow/dags/deck_with_cron_expression.py
[2024-09-26T05:17:13.075+0000] {processor.py:925} INFO - DAG(s) 'schedule_with_cron_expression_v03' retrieved from /opt/airflow/dags/deck_with_cron_expression.py
[2024-09-26T05:17:13.100+0000] {logging_mixin.py:190} INFO - [2024-09-26T05:17:13.099+0000] {dag.py:3229} INFO - Sync 1 DAGs
[2024-09-26T05:17:13.123+0000] {logging_mixin.py:190} INFO - [2024-09-26T05:17:13.123+0000] {dag.py:4156} INFO - Setting next_dagrun for schedule_with_cron_expression_v03 to 2024-09-12 03:00:00+00:00, run_after=2024-09-13 03:00:00+00:00
[2024-09-26T05:17:13.151+0000] {processor.py:208} INFO - Processing /opt/airflow/dags/deck_with_cron_expression.py took 0.170 seconds
[2024-09-26T05:17:43.499+0000] {processor.py:186} INFO - Started process (PID=156885) to work on /opt/airflow/dags/deck_with_cron_expression.py
[2024-09-26T05:17:43.501+0000] {processor.py:914} INFO - Processing file /opt/airflow/dags/deck_with_cron_expression.py for tasks to queue
[2024-09-26T05:17:43.503+0000] {logging_mixin.py:190} INFO - [2024-09-26T05:17:43.503+0000] {dagbag.py:587} INFO - Filling up the DagBag from /opt/airflow/dags/deck_with_cron_expression.py
[2024-09-26T05:17:43.581+0000] {processor.py:925} INFO - DAG(s) 'schedule_with_cron_expression_v03' retrieved from /opt/airflow/dags/deck_with_cron_expression.py
[2024-09-26T05:17:43.609+0000] {logging_mixin.py:190} INFO - [2024-09-26T05:17:43.609+0000] {dag.py:3229} INFO - Sync 1 DAGs
[2024-09-26T05:17:43.633+0000] {logging_mixin.py:190} INFO - [2024-09-26T05:17:43.632+0000] {dag.py:4156} INFO - Setting next_dagrun for schedule_with_cron_expression_v03 to 2024-09-12 03:00:00+00:00, run_after=2024-09-13 03:00:00+00:00
[2024-09-26T05:17:43.659+0000] {processor.py:208} INFO - Processing /opt/airflow/dags/deck_with_cron_expression.py took 0.164 seconds
[2024-09-26T05:18:13.963+0000] {processor.py:186} INFO - Started process (PID=156928) to work on /opt/airflow/dags/deck_with_cron_expression.py
[2024-09-26T05:18:13.965+0000] {processor.py:914} INFO - Processing file /opt/airflow/dags/deck_with_cron_expression.py for tasks to queue
[2024-09-26T05:18:13.967+0000] {logging_mixin.py:190} INFO - [2024-09-26T05:18:13.967+0000] {dagbag.py:587} INFO - Filling up the DagBag from /opt/airflow/dags/deck_with_cron_expression.py
[2024-09-26T05:18:14.050+0000] {processor.py:925} INFO - DAG(s) 'schedule_with_cron_expression_v03' retrieved from /opt/airflow/dags/deck_with_cron_expression.py
[2024-09-26T05:18:14.079+0000] {logging_mixin.py:190} INFO - [2024-09-26T05:18:14.079+0000] {dag.py:3229} INFO - Sync 1 DAGs
[2024-09-26T05:18:14.101+0000] {logging_mixin.py:190} INFO - [2024-09-26T05:18:14.101+0000] {dag.py:4156} INFO - Setting next_dagrun for schedule_with_cron_expression_v03 to 2024-09-12 03:00:00+00:00, run_after=2024-09-13 03:00:00+00:00
[2024-09-26T05:18:14.125+0000] {processor.py:208} INFO - Processing /opt/airflow/dags/deck_with_cron_expression.py took 0.168 seconds
[2024-09-26T05:18:44.720+0000] {processor.py:186} INFO - Started process (PID=156971) to work on /opt/airflow/dags/deck_with_cron_expression.py
[2024-09-26T05:18:44.721+0000] {processor.py:914} INFO - Processing file /opt/airflow/dags/deck_with_cron_expression.py for tasks to queue
[2024-09-26T05:18:44.724+0000] {logging_mixin.py:190} INFO - [2024-09-26T05:18:44.723+0000] {dagbag.py:587} INFO - Filling up the DagBag from /opt/airflow/dags/deck_with_cron_expression.py
[2024-09-26T05:18:44.798+0000] {processor.py:925} INFO - DAG(s) 'schedule_with_cron_expression_v03' retrieved from /opt/airflow/dags/deck_with_cron_expression.py
[2024-09-26T05:18:44.827+0000] {logging_mixin.py:190} INFO - [2024-09-26T05:18:44.827+0000] {dag.py:3229} INFO - Sync 1 DAGs
[2024-09-26T05:18:44.848+0000] {logging_mixin.py:190} INFO - [2024-09-26T05:18:44.847+0000] {dag.py:4156} INFO - Setting next_dagrun for schedule_with_cron_expression_v03 to 2024-09-12 03:00:00+00:00, run_after=2024-09-13 03:00:00+00:00
[2024-09-26T05:18:44.871+0000] {processor.py:208} INFO - Processing /opt/airflow/dags/deck_with_cron_expression.py took 0.157 seconds
[2024-09-26T05:19:15.245+0000] {processor.py:186} INFO - Started process (PID=157014) to work on /opt/airflow/dags/deck_with_cron_expression.py
[2024-09-26T05:19:15.247+0000] {processor.py:914} INFO - Processing file /opt/airflow/dags/deck_with_cron_expression.py for tasks to queue
[2024-09-26T05:19:15.250+0000] {logging_mixin.py:190} INFO - [2024-09-26T05:19:15.249+0000] {dagbag.py:587} INFO - Filling up the DagBag from /opt/airflow/dags/deck_with_cron_expression.py
[2024-09-26T05:19:15.351+0000] {processor.py:925} INFO - DAG(s) 'schedule_with_cron_expression_v03' retrieved from /opt/airflow/dags/deck_with_cron_expression.py
[2024-09-26T05:19:15.388+0000] {logging_mixin.py:190} INFO - [2024-09-26T05:19:15.388+0000] {dag.py:3229} INFO - Sync 1 DAGs
[2024-09-26T05:19:15.412+0000] {logging_mixin.py:190} INFO - [2024-09-26T05:19:15.412+0000] {dag.py:4156} INFO - Setting next_dagrun for schedule_with_cron_expression_v03 to 2024-09-12 03:00:00+00:00, run_after=2024-09-13 03:00:00+00:00
[2024-09-26T05:19:15.444+0000] {processor.py:208} INFO - Processing /opt/airflow/dags/deck_with_cron_expression.py took 0.207 seconds
[2024-09-26T05:19:46.091+0000] {processor.py:186} INFO - Started process (PID=157057) to work on /opt/airflow/dags/deck_with_cron_expression.py
[2024-09-26T05:19:46.093+0000] {processor.py:914} INFO - Processing file /opt/airflow/dags/deck_with_cron_expression.py for tasks to queue
[2024-09-26T05:19:46.096+0000] {logging_mixin.py:190} INFO - [2024-09-26T05:19:46.096+0000] {dagbag.py:587} INFO - Filling up the DagBag from /opt/airflow/dags/deck_with_cron_expression.py
[2024-09-26T05:19:46.198+0000] {processor.py:925} INFO - DAG(s) 'schedule_with_cron_expression_v03' retrieved from /opt/airflow/dags/deck_with_cron_expression.py
[2024-09-26T05:19:46.225+0000] {logging_mixin.py:190} INFO - [2024-09-26T05:19:46.224+0000] {dag.py:3229} INFO - Sync 1 DAGs
[2024-09-26T05:19:46.370+0000] {logging_mixin.py:190} INFO - [2024-09-26T05:19:46.369+0000] {dag.py:4156} INFO - Setting next_dagrun for schedule_with_cron_expression_v03 to 2024-09-12 03:00:00+00:00, run_after=2024-09-13 03:00:00+00:00
[2024-09-26T05:19:46.395+0000] {processor.py:208} INFO - Processing /opt/airflow/dags/deck_with_cron_expression.py took 0.310 seconds
[2024-09-26T05:20:17.232+0000] {processor.py:186} INFO - Started process (PID=157100) to work on /opt/airflow/dags/deck_with_cron_expression.py
[2024-09-26T05:20:17.234+0000] {processor.py:914} INFO - Processing file /opt/airflow/dags/deck_with_cron_expression.py for tasks to queue
[2024-09-26T05:20:17.238+0000] {logging_mixin.py:190} INFO - [2024-09-26T05:20:17.237+0000] {dagbag.py:587} INFO - Filling up the DagBag from /opt/airflow/dags/deck_with_cron_expression.py
[2024-09-26T05:20:17.359+0000] {processor.py:925} INFO - DAG(s) 'schedule_with_cron_expression_v03' retrieved from /opt/airflow/dags/deck_with_cron_expression.py
[2024-09-26T05:20:17.388+0000] {logging_mixin.py:190} INFO - [2024-09-26T05:20:17.388+0000] {dag.py:3229} INFO - Sync 1 DAGs
[2024-09-26T05:20:17.412+0000] {logging_mixin.py:190} INFO - [2024-09-26T05:20:17.412+0000] {dag.py:4156} INFO - Setting next_dagrun for schedule_with_cron_expression_v03 to 2024-09-12 03:00:00+00:00, run_after=2024-09-13 03:00:00+00:00
[2024-09-26T05:20:17.441+0000] {processor.py:208} INFO - Processing /opt/airflow/dags/deck_with_cron_expression.py took 0.224 seconds
[2024-09-26T05:20:47.792+0000] {processor.py:186} INFO - Started process (PID=157143) to work on /opt/airflow/dags/deck_with_cron_expression.py
[2024-09-26T05:20:47.795+0000] {processor.py:914} INFO - Processing file /opt/airflow/dags/deck_with_cron_expression.py for tasks to queue
[2024-09-26T05:20:47.797+0000] {logging_mixin.py:190} INFO - [2024-09-26T05:20:47.797+0000] {dagbag.py:587} INFO - Filling up the DagBag from /opt/airflow/dags/deck_with_cron_expression.py
[2024-09-26T05:20:47.892+0000] {processor.py:925} INFO - DAG(s) 'schedule_with_cron_expression_v03' retrieved from /opt/airflow/dags/deck_with_cron_expression.py
[2024-09-26T05:20:47.917+0000] {logging_mixin.py:190} INFO - [2024-09-26T05:20:47.917+0000] {dag.py:3229} INFO - Sync 1 DAGs
[2024-09-26T05:20:47.939+0000] {logging_mixin.py:190} INFO - [2024-09-26T05:20:47.939+0000] {dag.py:4156} INFO - Setting next_dagrun for schedule_with_cron_expression_v03 to 2024-09-12 03:00:00+00:00, run_after=2024-09-13 03:00:00+00:00
[2024-09-26T05:20:47.969+0000] {processor.py:208} INFO - Processing /opt/airflow/dags/deck_with_cron_expression.py took 0.191 seconds
[2024-09-26T05:21:18.453+0000] {processor.py:186} INFO - Started process (PID=157186) to work on /opt/airflow/dags/deck_with_cron_expression.py
[2024-09-26T05:21:18.454+0000] {processor.py:914} INFO - Processing file /opt/airflow/dags/deck_with_cron_expression.py for tasks to queue
[2024-09-26T05:21:18.457+0000] {logging_mixin.py:190} INFO - [2024-09-26T05:21:18.456+0000] {dagbag.py:587} INFO - Filling up the DagBag from /opt/airflow/dags/deck_with_cron_expression.py
[2024-09-26T05:21:18.572+0000] {processor.py:925} INFO - DAG(s) 'schedule_with_cron_expression_v03' retrieved from /opt/airflow/dags/deck_with_cron_expression.py
[2024-09-26T05:21:18.602+0000] {logging_mixin.py:190} INFO - [2024-09-26T05:21:18.602+0000] {dag.py:3229} INFO - Sync 1 DAGs
[2024-09-26T05:21:18.625+0000] {logging_mixin.py:190} INFO - [2024-09-26T05:21:18.624+0000] {dag.py:4156} INFO - Setting next_dagrun for schedule_with_cron_expression_v03 to 2024-09-12 03:00:00+00:00, run_after=2024-09-13 03:00:00+00:00
[2024-09-26T05:21:18.653+0000] {processor.py:208} INFO - Processing /opt/airflow/dags/deck_with_cron_expression.py took 0.212 seconds
[2024-09-26T05:21:48.957+0000] {processor.py:186} INFO - Started process (PID=157229) to work on /opt/airflow/dags/deck_with_cron_expression.py
[2024-09-26T05:21:48.959+0000] {processor.py:914} INFO - Processing file /opt/airflow/dags/deck_with_cron_expression.py for tasks to queue
[2024-09-26T05:21:48.961+0000] {logging_mixin.py:190} INFO - [2024-09-26T05:21:48.961+0000] {dagbag.py:587} INFO - Filling up the DagBag from /opt/airflow/dags/deck_with_cron_expression.py
[2024-09-26T05:21:49.055+0000] {processor.py:925} INFO - DAG(s) 'schedule_with_cron_expression_v03' retrieved from /opt/airflow/dags/deck_with_cron_expression.py
[2024-09-26T05:21:49.077+0000] {logging_mixin.py:190} INFO - [2024-09-26T05:21:49.077+0000] {dag.py:3229} INFO - Sync 1 DAGs
[2024-09-26T05:21:49.097+0000] {logging_mixin.py:190} INFO - [2024-09-26T05:21:49.096+0000] {dag.py:4156} INFO - Setting next_dagrun for schedule_with_cron_expression_v03 to 2024-09-12 03:00:00+00:00, run_after=2024-09-13 03:00:00+00:00
[2024-09-26T05:21:49.121+0000] {processor.py:208} INFO - Processing /opt/airflow/dags/deck_with_cron_expression.py took 0.172 seconds
[2024-09-26T05:22:19.592+0000] {processor.py:186} INFO - Started process (PID=157272) to work on /opt/airflow/dags/deck_with_cron_expression.py
[2024-09-26T05:22:19.593+0000] {processor.py:914} INFO - Processing file /opt/airflow/dags/deck_with_cron_expression.py for tasks to queue
[2024-09-26T05:22:19.595+0000] {logging_mixin.py:190} INFO - [2024-09-26T05:22:19.595+0000] {dagbag.py:587} INFO - Filling up the DagBag from /opt/airflow/dags/deck_with_cron_expression.py
[2024-09-26T05:22:19.667+0000] {processor.py:925} INFO - DAG(s) 'schedule_with_cron_expression_v03' retrieved from /opt/airflow/dags/deck_with_cron_expression.py
[2024-09-26T05:22:19.693+0000] {logging_mixin.py:190} INFO - [2024-09-26T05:22:19.692+0000] {dag.py:3229} INFO - Sync 1 DAGs
[2024-09-26T05:22:19.714+0000] {logging_mixin.py:190} INFO - [2024-09-26T05:22:19.714+0000] {dag.py:4156} INFO - Setting next_dagrun for schedule_with_cron_expression_v03 to 2024-09-12 03:00:00+00:00, run_after=2024-09-13 03:00:00+00:00
[2024-09-26T05:22:19.867+0000] {processor.py:208} INFO - Processing /opt/airflow/dags/deck_with_cron_expression.py took 0.281 seconds
[2024-09-26T05:22:50.382+0000] {processor.py:186} INFO - Started process (PID=157315) to work on /opt/airflow/dags/deck_with_cron_expression.py
[2024-09-26T05:22:50.384+0000] {processor.py:914} INFO - Processing file /opt/airflow/dags/deck_with_cron_expression.py for tasks to queue
[2024-09-26T05:22:50.388+0000] {logging_mixin.py:190} INFO - [2024-09-26T05:22:50.388+0000] {dagbag.py:587} INFO - Filling up the DagBag from /opt/airflow/dags/deck_with_cron_expression.py
[2024-09-26T05:22:50.469+0000] {processor.py:925} INFO - DAG(s) 'schedule_with_cron_expression_v03' retrieved from /opt/airflow/dags/deck_with_cron_expression.py
[2024-09-26T05:22:50.493+0000] {logging_mixin.py:190} INFO - [2024-09-26T05:22:50.493+0000] {dag.py:3229} INFO - Sync 1 DAGs
[2024-09-26T05:22:50.513+0000] {logging_mixin.py:190} INFO - [2024-09-26T05:22:50.513+0000] {dag.py:4156} INFO - Setting next_dagrun for schedule_with_cron_expression_v03 to 2024-09-12 03:00:00+00:00, run_after=2024-09-13 03:00:00+00:00
[2024-09-26T05:22:50.536+0000] {processor.py:208} INFO - Processing /opt/airflow/dags/deck_with_cron_expression.py took 0.166 seconds
[2024-09-26T05:23:21.581+0000] {processor.py:186} INFO - Started process (PID=157358) to work on /opt/airflow/dags/deck_with_cron_expression.py
[2024-09-26T05:23:21.583+0000] {processor.py:914} INFO - Processing file /opt/airflow/dags/deck_with_cron_expression.py for tasks to queue
[2024-09-26T05:23:21.585+0000] {logging_mixin.py:190} INFO - [2024-09-26T05:23:21.585+0000] {dagbag.py:587} INFO - Filling up the DagBag from /opt/airflow/dags/deck_with_cron_expression.py
[2024-09-26T05:23:21.672+0000] {processor.py:925} INFO - DAG(s) 'schedule_with_cron_expression_v03' retrieved from /opt/airflow/dags/deck_with_cron_expression.py
[2024-09-26T05:23:21.697+0000] {logging_mixin.py:190} INFO - [2024-09-26T05:23:21.697+0000] {dag.py:3229} INFO - Sync 1 DAGs
[2024-09-26T05:23:21.719+0000] {logging_mixin.py:190} INFO - [2024-09-26T05:23:21.719+0000] {dag.py:4156} INFO - Setting next_dagrun for schedule_with_cron_expression_v03 to 2024-09-12 03:00:00+00:00, run_after=2024-09-13 03:00:00+00:00
[2024-09-26T05:23:21.741+0000] {processor.py:208} INFO - Processing /opt/airflow/dags/deck_with_cron_expression.py took 0.169 seconds
[2024-09-26T05:23:52.154+0000] {processor.py:186} INFO - Started process (PID=157401) to work on /opt/airflow/dags/deck_with_cron_expression.py
[2024-09-26T05:23:52.157+0000] {processor.py:914} INFO - Processing file /opt/airflow/dags/deck_with_cron_expression.py for tasks to queue
[2024-09-26T05:23:52.161+0000] {logging_mixin.py:190} INFO - [2024-09-26T05:23:52.160+0000] {dagbag.py:587} INFO - Filling up the DagBag from /opt/airflow/dags/deck_with_cron_expression.py
[2024-09-26T05:23:52.280+0000] {processor.py:925} INFO - DAG(s) 'schedule_with_cron_expression_v03' retrieved from /opt/airflow/dags/deck_with_cron_expression.py
[2024-09-26T05:23:52.326+0000] {logging_mixin.py:190} INFO - [2024-09-26T05:23:52.326+0000] {dag.py:3229} INFO - Sync 1 DAGs
[2024-09-26T05:23:52.375+0000] {logging_mixin.py:190} INFO - [2024-09-26T05:23:52.375+0000] {dag.py:4156} INFO - Setting next_dagrun for schedule_with_cron_expression_v03 to 2024-09-12 03:00:00+00:00, run_after=2024-09-13 03:00:00+00:00
[2024-09-26T05:23:52.415+0000] {processor.py:208} INFO - Processing /opt/airflow/dags/deck_with_cron_expression.py took 0.276 seconds
[2024-09-26T05:24:23.105+0000] {processor.py:186} INFO - Started process (PID=157444) to work on /opt/airflow/dags/deck_with_cron_expression.py
[2024-09-26T05:24:23.107+0000] {processor.py:914} INFO - Processing file /opt/airflow/dags/deck_with_cron_expression.py for tasks to queue
[2024-09-26T05:24:23.109+0000] {logging_mixin.py:190} INFO - [2024-09-26T05:24:23.109+0000] {dagbag.py:587} INFO - Filling up the DagBag from /opt/airflow/dags/deck_with_cron_expression.py
[2024-09-26T05:24:23.246+0000] {processor.py:925} INFO - DAG(s) 'schedule_with_cron_expression_v03' retrieved from /opt/airflow/dags/deck_with_cron_expression.py
[2024-09-26T05:24:23.306+0000] {logging_mixin.py:190} INFO - [2024-09-26T05:24:23.305+0000] {dag.py:3229} INFO - Sync 1 DAGs
[2024-09-26T05:24:23.342+0000] {logging_mixin.py:190} INFO - [2024-09-26T05:24:23.342+0000] {dag.py:4156} INFO - Setting next_dagrun for schedule_with_cron_expression_v03 to 2024-09-12 03:00:00+00:00, run_after=2024-09-13 03:00:00+00:00
[2024-09-26T05:24:23.366+0000] {processor.py:208} INFO - Processing /opt/airflow/dags/deck_with_cron_expression.py took 0.270 seconds
[2024-09-26T05:24:53.866+0000] {processor.py:186} INFO - Started process (PID=157487) to work on /opt/airflow/dags/deck_with_cron_expression.py
[2024-09-26T05:24:53.867+0000] {processor.py:914} INFO - Processing file /opt/airflow/dags/deck_with_cron_expression.py for tasks to queue
[2024-09-26T05:24:53.868+0000] {logging_mixin.py:190} INFO - [2024-09-26T05:24:53.868+0000] {dagbag.py:587} INFO - Filling up the DagBag from /opt/airflow/dags/deck_with_cron_expression.py
[2024-09-26T05:24:53.935+0000] {processor.py:925} INFO - DAG(s) 'schedule_with_cron_expression_v03' retrieved from /opt/airflow/dags/deck_with_cron_expression.py
[2024-09-26T05:24:53.963+0000] {logging_mixin.py:190} INFO - [2024-09-26T05:24:53.963+0000] {dag.py:3229} INFO - Sync 1 DAGs
[2024-09-26T05:24:53.988+0000] {logging_mixin.py:190} INFO - [2024-09-26T05:24:53.987+0000] {dag.py:4156} INFO - Setting next_dagrun for schedule_with_cron_expression_v03 to 2024-09-12 03:00:00+00:00, run_after=2024-09-13 03:00:00+00:00
[2024-09-26T05:24:54.011+0000] {processor.py:208} INFO - Processing /opt/airflow/dags/deck_with_cron_expression.py took 0.151 seconds
[2024-09-26T05:25:24.683+0000] {processor.py:186} INFO - Started process (PID=157532) to work on /opt/airflow/dags/deck_with_cron_expression.py
[2024-09-26T05:25:24.686+0000] {processor.py:914} INFO - Processing file /opt/airflow/dags/deck_with_cron_expression.py for tasks to queue
[2024-09-26T05:25:24.688+0000] {logging_mixin.py:190} INFO - [2024-09-26T05:25:24.688+0000] {dagbag.py:587} INFO - Filling up the DagBag from /opt/airflow/dags/deck_with_cron_expression.py
[2024-09-26T05:25:24.813+0000] {processor.py:925} INFO - DAG(s) 'schedule_with_cron_expression_v03' retrieved from /opt/airflow/dags/deck_with_cron_expression.py
[2024-09-26T05:25:24.839+0000] {logging_mixin.py:190} INFO - [2024-09-26T05:25:24.839+0000] {dag.py:3229} INFO - Sync 1 DAGs
[2024-09-26T05:25:24.976+0000] {logging_mixin.py:190} INFO - [2024-09-26T05:25:24.976+0000] {dag.py:4156} INFO - Setting next_dagrun for schedule_with_cron_expression_v03 to 2024-09-12 03:00:00+00:00, run_after=2024-09-13 03:00:00+00:00
[2024-09-26T05:25:25.003+0000] {processor.py:208} INFO - Processing /opt/airflow/dags/deck_with_cron_expression.py took 0.330 seconds
[2024-09-26T05:25:56.003+0000] {processor.py:186} INFO - Started process (PID=157575) to work on /opt/airflow/dags/deck_with_cron_expression.py
[2024-09-26T05:25:56.004+0000] {processor.py:914} INFO - Processing file /opt/airflow/dags/deck_with_cron_expression.py for tasks to queue
[2024-09-26T05:25:56.006+0000] {logging_mixin.py:190} INFO - [2024-09-26T05:25:56.006+0000] {dagbag.py:587} INFO - Filling up the DagBag from /opt/airflow/dags/deck_with_cron_expression.py
[2024-09-26T05:25:56.108+0000] {processor.py:925} INFO - DAG(s) 'schedule_with_cron_expression_v03' retrieved from /opt/airflow/dags/deck_with_cron_expression.py
[2024-09-26T05:25:56.141+0000] {logging_mixin.py:190} INFO - [2024-09-26T05:25:56.140+0000] {dag.py:3229} INFO - Sync 1 DAGs
[2024-09-26T05:25:56.162+0000] {logging_mixin.py:190} INFO - [2024-09-26T05:25:56.162+0000] {dag.py:4156} INFO - Setting next_dagrun for schedule_with_cron_expression_v03 to 2024-09-12 03:00:00+00:00, run_after=2024-09-13 03:00:00+00:00
[2024-09-26T05:25:56.187+0000] {processor.py:208} INFO - Processing /opt/airflow/dags/deck_with_cron_expression.py took 0.189 seconds
[2024-09-26T05:26:26.863+0000] {processor.py:186} INFO - Started process (PID=157618) to work on /opt/airflow/dags/deck_with_cron_expression.py
[2024-09-26T05:26:26.866+0000] {processor.py:914} INFO - Processing file /opt/airflow/dags/deck_with_cron_expression.py for tasks to queue
[2024-09-26T05:26:26.868+0000] {logging_mixin.py:190} INFO - [2024-09-26T05:26:26.868+0000] {dagbag.py:587} INFO - Filling up the DagBag from /opt/airflow/dags/deck_with_cron_expression.py
[2024-09-26T05:26:26.987+0000] {processor.py:925} INFO - DAG(s) 'schedule_with_cron_expression_v03' retrieved from /opt/airflow/dags/deck_with_cron_expression.py
[2024-09-26T05:26:27.026+0000] {logging_mixin.py:190} INFO - [2024-09-26T05:26:27.025+0000] {dag.py:3229} INFO - Sync 1 DAGs
[2024-09-26T05:26:27.056+0000] {logging_mixin.py:190} INFO - [2024-09-26T05:26:27.056+0000] {dag.py:4156} INFO - Setting next_dagrun for schedule_with_cron_expression_v03 to 2024-09-12 03:00:00+00:00, run_after=2024-09-13 03:00:00+00:00
[2024-09-26T05:26:27.084+0000] {processor.py:208} INFO - Processing /opt/airflow/dags/deck_with_cron_expression.py took 0.237 seconds
[2024-09-26T05:26:57.524+0000] {processor.py:186} INFO - Started process (PID=157661) to work on /opt/airflow/dags/deck_with_cron_expression.py
[2024-09-26T05:26:57.526+0000] {processor.py:914} INFO - Processing file /opt/airflow/dags/deck_with_cron_expression.py for tasks to queue
[2024-09-26T05:26:57.530+0000] {logging_mixin.py:190} INFO - [2024-09-26T05:26:57.529+0000] {dagbag.py:587} INFO - Filling up the DagBag from /opt/airflow/dags/deck_with_cron_expression.py
[2024-09-26T05:26:57.651+0000] {processor.py:925} INFO - DAG(s) 'schedule_with_cron_expression_v03' retrieved from /opt/airflow/dags/deck_with_cron_expression.py
[2024-09-26T05:26:57.676+0000] {logging_mixin.py:190} INFO - [2024-09-26T05:26:57.676+0000] {dag.py:3229} INFO - Sync 1 DAGs
[2024-09-26T05:26:57.696+0000] {logging_mixin.py:190} INFO - [2024-09-26T05:26:57.696+0000] {dag.py:4156} INFO - Setting next_dagrun for schedule_with_cron_expression_v03 to 2024-09-12 03:00:00+00:00, run_after=2024-09-13 03:00:00+00:00
[2024-09-26T05:26:57.724+0000] {processor.py:208} INFO - Processing /opt/airflow/dags/deck_with_cron_expression.py took 0.207 seconds
[2024-09-26T05:27:28.194+0000] {processor.py:186} INFO - Started process (PID=157704) to work on /opt/airflow/dags/deck_with_cron_expression.py
[2024-09-26T05:27:28.196+0000] {processor.py:914} INFO - Processing file /opt/airflow/dags/deck_with_cron_expression.py for tasks to queue
[2024-09-26T05:27:28.198+0000] {logging_mixin.py:190} INFO - [2024-09-26T05:27:28.198+0000] {dagbag.py:587} INFO - Filling up the DagBag from /opt/airflow/dags/deck_with_cron_expression.py
[2024-09-26T05:27:28.261+0000] {processor.py:925} INFO - DAG(s) 'schedule_with_cron_expression_v03' retrieved from /opt/airflow/dags/deck_with_cron_expression.py
[2024-09-26T05:27:28.295+0000] {logging_mixin.py:190} INFO - [2024-09-26T05:27:28.294+0000] {dag.py:3229} INFO - Sync 1 DAGs
[2024-09-26T05:27:28.328+0000] {logging_mixin.py:190} INFO - [2024-09-26T05:27:28.328+0000] {dag.py:4156} INFO - Setting next_dagrun for schedule_with_cron_expression_v03 to 2024-09-12 03:00:00+00:00, run_after=2024-09-13 03:00:00+00:00
[2024-09-26T05:27:28.364+0000] {processor.py:208} INFO - Processing /opt/airflow/dags/deck_with_cron_expression.py took 0.178 seconds
[2024-09-26T05:27:59.071+0000] {processor.py:186} INFO - Started process (PID=157747) to work on /opt/airflow/dags/deck_with_cron_expression.py
[2024-09-26T05:27:59.074+0000] {processor.py:914} INFO - Processing file /opt/airflow/dags/deck_with_cron_expression.py for tasks to queue
[2024-09-26T05:27:59.077+0000] {logging_mixin.py:190} INFO - [2024-09-26T05:27:59.077+0000] {dagbag.py:587} INFO - Filling up the DagBag from /opt/airflow/dags/deck_with_cron_expression.py
[2024-09-26T05:27:59.187+0000] {processor.py:925} INFO - DAG(s) 'schedule_with_cron_expression_v03' retrieved from /opt/airflow/dags/deck_with_cron_expression.py
[2024-09-26T05:27:59.211+0000] {logging_mixin.py:190} INFO - [2024-09-26T05:27:59.211+0000] {dag.py:3229} INFO - Sync 1 DAGs
[2024-09-26T05:27:59.232+0000] {logging_mixin.py:190} INFO - [2024-09-26T05:27:59.232+0000] {dag.py:4156} INFO - Setting next_dagrun for schedule_with_cron_expression_v03 to 2024-09-12 03:00:00+00:00, run_after=2024-09-13 03:00:00+00:00
[2024-09-26T05:27:59.393+0000] {processor.py:208} INFO - Processing /opt/airflow/dags/deck_with_cron_expression.py took 0.333 seconds
[2024-09-26T05:28:30.034+0000] {processor.py:186} INFO - Started process (PID=157790) to work on /opt/airflow/dags/deck_with_cron_expression.py
[2024-09-26T05:28:30.035+0000] {processor.py:914} INFO - Processing file /opt/airflow/dags/deck_with_cron_expression.py for tasks to queue
[2024-09-26T05:28:30.038+0000] {logging_mixin.py:190} INFO - [2024-09-26T05:28:30.037+0000] {dagbag.py:587} INFO - Filling up the DagBag from /opt/airflow/dags/deck_with_cron_expression.py
[2024-09-26T05:28:30.122+0000] {processor.py:925} INFO - DAG(s) 'schedule_with_cron_expression_v03' retrieved from /opt/airflow/dags/deck_with_cron_expression.py
[2024-09-26T05:28:30.149+0000] {logging_mixin.py:190} INFO - [2024-09-26T05:28:30.149+0000] {dag.py:3229} INFO - Sync 1 DAGs
[2024-09-26T05:28:30.175+0000] {logging_mixin.py:190} INFO - [2024-09-26T05:28:30.175+0000] {dag.py:4156} INFO - Setting next_dagrun for schedule_with_cron_expression_v03 to 2024-09-12 03:00:00+00:00, run_after=2024-09-13 03:00:00+00:00
[2024-09-26T05:28:30.206+0000] {processor.py:208} INFO - Processing /opt/airflow/dags/deck_with_cron_expression.py took 0.178 seconds
[2024-09-26T05:29:00.623+0000] {processor.py:186} INFO - Started process (PID=157833) to work on /opt/airflow/dags/deck_with_cron_expression.py
[2024-09-26T05:29:00.625+0000] {processor.py:914} INFO - Processing file /opt/airflow/dags/deck_with_cron_expression.py for tasks to queue
[2024-09-26T05:29:00.628+0000] {logging_mixin.py:190} INFO - [2024-09-26T05:29:00.628+0000] {dagbag.py:587} INFO - Filling up the DagBag from /opt/airflow/dags/deck_with_cron_expression.py
[2024-09-26T05:29:00.751+0000] {processor.py:925} INFO - DAG(s) 'schedule_with_cron_expression_v03' retrieved from /opt/airflow/dags/deck_with_cron_expression.py
[2024-09-26T05:29:00.788+0000] {logging_mixin.py:190} INFO - [2024-09-26T05:29:00.788+0000] {dag.py:3229} INFO - Sync 1 DAGs
[2024-09-26T05:29:00.819+0000] {logging_mixin.py:190} INFO - [2024-09-26T05:29:00.819+0000] {dag.py:4156} INFO - Setting next_dagrun for schedule_with_cron_expression_v03 to 2024-09-12 03:00:00+00:00, run_after=2024-09-13 03:00:00+00:00
[2024-09-26T05:29:00.851+0000] {processor.py:208} INFO - Processing /opt/airflow/dags/deck_with_cron_expression.py took 0.240 seconds
[2024-09-26T05:29:31.193+0000] {processor.py:186} INFO - Started process (PID=157876) to work on /opt/airflow/dags/deck_with_cron_expression.py
[2024-09-26T05:29:31.196+0000] {processor.py:914} INFO - Processing file /opt/airflow/dags/deck_with_cron_expression.py for tasks to queue
[2024-09-26T05:29:31.198+0000] {logging_mixin.py:190} INFO - [2024-09-26T05:29:31.198+0000] {dagbag.py:587} INFO - Filling up the DagBag from /opt/airflow/dags/deck_with_cron_expression.py
[2024-09-26T05:29:31.311+0000] {processor.py:925} INFO - DAG(s) 'schedule_with_cron_expression_v03' retrieved from /opt/airflow/dags/deck_with_cron_expression.py
[2024-09-26T05:29:31.345+0000] {logging_mixin.py:190} INFO - [2024-09-26T05:29:31.345+0000] {dag.py:3229} INFO - Sync 1 DAGs
[2024-09-26T05:29:31.371+0000] {logging_mixin.py:190} INFO - [2024-09-26T05:29:31.370+0000] {dag.py:4156} INFO - Setting next_dagrun for schedule_with_cron_expression_v03 to 2024-09-12 03:00:00+00:00, run_after=2024-09-13 03:00:00+00:00
[2024-09-26T05:29:31.396+0000] {processor.py:208} INFO - Processing /opt/airflow/dags/deck_with_cron_expression.py took 0.215 seconds
[2024-09-26T05:30:01.802+0000] {processor.py:186} INFO - Started process (PID=157919) to work on /opt/airflow/dags/deck_with_cron_expression.py
[2024-09-26T05:30:01.804+0000] {processor.py:914} INFO - Processing file /opt/airflow/dags/deck_with_cron_expression.py for tasks to queue
[2024-09-26T05:30:01.807+0000] {logging_mixin.py:190} INFO - [2024-09-26T05:30:01.807+0000] {dagbag.py:587} INFO - Filling up the DagBag from /opt/airflow/dags/deck_with_cron_expression.py
[2024-09-26T05:30:01.915+0000] {processor.py:925} INFO - DAG(s) 'schedule_with_cron_expression_v03' retrieved from /opt/airflow/dags/deck_with_cron_expression.py
[2024-09-26T05:30:01.945+0000] {logging_mixin.py:190} INFO - [2024-09-26T05:30:01.945+0000] {dag.py:3229} INFO - Sync 1 DAGs
[2024-09-26T05:30:01.968+0000] {logging_mixin.py:190} INFO - [2024-09-26T05:30:01.968+0000] {dag.py:4156} INFO - Setting next_dagrun for schedule_with_cron_expression_v03 to 2024-09-12 03:00:00+00:00, run_after=2024-09-13 03:00:00+00:00
[2024-09-26T05:30:02.000+0000] {processor.py:208} INFO - Processing /opt/airflow/dags/deck_with_cron_expression.py took 0.210 seconds
[2024-09-26T05:30:32.338+0000] {processor.py:186} INFO - Started process (PID=157962) to work on /opt/airflow/dags/deck_with_cron_expression.py
[2024-09-26T05:30:32.340+0000] {processor.py:914} INFO - Processing file /opt/airflow/dags/deck_with_cron_expression.py for tasks to queue
[2024-09-26T05:30:32.342+0000] {logging_mixin.py:190} INFO - [2024-09-26T05:30:32.342+0000] {dagbag.py:587} INFO - Filling up the DagBag from /opt/airflow/dags/deck_with_cron_expression.py
[2024-09-26T05:30:32.442+0000] {processor.py:925} INFO - DAG(s) 'schedule_with_cron_expression_v03' retrieved from /opt/airflow/dags/deck_with_cron_expression.py
[2024-09-26T05:30:32.464+0000] {logging_mixin.py:190} INFO - [2024-09-26T05:30:32.464+0000] {dag.py:3229} INFO - Sync 1 DAGs
[2024-09-26T05:30:32.487+0000] {logging_mixin.py:190} INFO - [2024-09-26T05:30:32.487+0000] {dag.py:4156} INFO - Setting next_dagrun for schedule_with_cron_expression_v03 to 2024-09-12 03:00:00+00:00, run_after=2024-09-13 03:00:00+00:00
[2024-09-26T05:30:32.653+0000] {processor.py:208} INFO - Processing /opt/airflow/dags/deck_with_cron_expression.py took 0.322 seconds
[2024-09-26T05:31:02.956+0000] {processor.py:186} INFO - Started process (PID=158003) to work on /opt/airflow/dags/deck_with_cron_expression.py
[2024-09-26T05:31:02.958+0000] {processor.py:914} INFO - Processing file /opt/airflow/dags/deck_with_cron_expression.py for tasks to queue
[2024-09-26T05:31:02.961+0000] {logging_mixin.py:190} INFO - [2024-09-26T05:31:02.961+0000] {dagbag.py:587} INFO - Filling up the DagBag from /opt/airflow/dags/deck_with_cron_expression.py
[2024-09-26T05:31:03.076+0000] {processor.py:925} INFO - DAG(s) 'schedule_with_cron_expression_v03' retrieved from /opt/airflow/dags/deck_with_cron_expression.py
[2024-09-26T05:31:03.118+0000] {logging_mixin.py:190} INFO - [2024-09-26T05:31:03.117+0000] {dag.py:3229} INFO - Sync 1 DAGs
[2024-09-26T05:31:03.334+0000] {logging_mixin.py:190} INFO - [2024-09-26T05:31:03.334+0000] {dag.py:4156} INFO - Setting next_dagrun for schedule_with_cron_expression_v03 to 2024-09-12 03:00:00+00:00, run_after=2024-09-13 03:00:00+00:00
[2024-09-26T05:31:03.357+0000] {processor.py:208} INFO - Processing /opt/airflow/dags/deck_with_cron_expression.py took 0.408 seconds
[2024-09-26T05:31:33.565+0000] {processor.py:186} INFO - Started process (PID=158046) to work on /opt/airflow/dags/deck_with_cron_expression.py
[2024-09-26T05:31:33.567+0000] {processor.py:914} INFO - Processing file /opt/airflow/dags/deck_with_cron_expression.py for tasks to queue
[2024-09-26T05:31:33.569+0000] {logging_mixin.py:190} INFO - [2024-09-26T05:31:33.569+0000] {dagbag.py:587} INFO - Filling up the DagBag from /opt/airflow/dags/deck_with_cron_expression.py
[2024-09-26T05:31:33.644+0000] {processor.py:925} INFO - DAG(s) 'schedule_with_cron_expression_v03' retrieved from /opt/airflow/dags/deck_with_cron_expression.py
[2024-09-26T05:31:33.690+0000] {logging_mixin.py:190} INFO - [2024-09-26T05:31:33.690+0000] {dag.py:3229} INFO - Sync 1 DAGs
[2024-09-26T05:31:33.722+0000] {logging_mixin.py:190} INFO - [2024-09-26T05:31:33.722+0000] {dag.py:4156} INFO - Setting next_dagrun for schedule_with_cron_expression_v03 to 2024-09-12 03:00:00+00:00, run_after=2024-09-13 03:00:00+00:00
[2024-09-26T05:31:33.760+0000] {processor.py:208} INFO - Processing /opt/airflow/dags/deck_with_cron_expression.py took 0.201 seconds
[2024-09-26T05:32:03.997+0000] {processor.py:186} INFO - Started process (PID=158089) to work on /opt/airflow/dags/deck_with_cron_expression.py
[2024-09-26T05:32:03.998+0000] {processor.py:914} INFO - Processing file /opt/airflow/dags/deck_with_cron_expression.py for tasks to queue
[2024-09-26T05:32:04.001+0000] {logging_mixin.py:190} INFO - [2024-09-26T05:32:04.000+0000] {dagbag.py:587} INFO - Filling up the DagBag from /opt/airflow/dags/deck_with_cron_expression.py
[2024-09-26T05:32:04.063+0000] {processor.py:925} INFO - DAG(s) 'schedule_with_cron_expression_v03' retrieved from /opt/airflow/dags/deck_with_cron_expression.py
[2024-09-26T05:32:04.095+0000] {logging_mixin.py:190} INFO - [2024-09-26T05:32:04.095+0000] {dag.py:3229} INFO - Sync 1 DAGs
[2024-09-26T05:32:04.129+0000] {logging_mixin.py:190} INFO - [2024-09-26T05:32:04.128+0000] {dag.py:4156} INFO - Setting next_dagrun for schedule_with_cron_expression_v03 to 2024-09-12 03:00:00+00:00, run_after=2024-09-13 03:00:00+00:00
[2024-09-26T05:32:04.158+0000] {processor.py:208} INFO - Processing /opt/airflow/dags/deck_with_cron_expression.py took 0.166 seconds
[2024-09-26T05:32:34.497+0000] {processor.py:186} INFO - Started process (PID=158132) to work on /opt/airflow/dags/deck_with_cron_expression.py
[2024-09-26T05:32:34.499+0000] {processor.py:914} INFO - Processing file /opt/airflow/dags/deck_with_cron_expression.py for tasks to queue
[2024-09-26T05:32:34.501+0000] {logging_mixin.py:190} INFO - [2024-09-26T05:32:34.501+0000] {dagbag.py:587} INFO - Filling up the DagBag from /opt/airflow/dags/deck_with_cron_expression.py
[2024-09-26T05:32:34.595+0000] {processor.py:925} INFO - DAG(s) 'schedule_with_cron_expression_v03' retrieved from /opt/airflow/dags/deck_with_cron_expression.py
[2024-09-26T05:32:34.622+0000] {logging_mixin.py:190} INFO - [2024-09-26T05:32:34.622+0000] {dag.py:3229} INFO - Sync 1 DAGs
[2024-09-26T05:32:34.645+0000] {logging_mixin.py:190} INFO - [2024-09-26T05:32:34.645+0000] {dag.py:4156} INFO - Setting next_dagrun for schedule_with_cron_expression_v03 to 2024-09-12 03:00:00+00:00, run_after=2024-09-13 03:00:00+00:00
[2024-09-26T05:32:34.668+0000] {processor.py:208} INFO - Processing /opt/airflow/dags/deck_with_cron_expression.py took 0.183 seconds
[2024-09-26T05:33:05.477+0000] {processor.py:186} INFO - Started process (PID=158177) to work on /opt/airflow/dags/deck_with_cron_expression.py
[2024-09-26T05:33:05.480+0000] {processor.py:914} INFO - Processing file /opt/airflow/dags/deck_with_cron_expression.py for tasks to queue
[2024-09-26T05:33:05.485+0000] {logging_mixin.py:190} INFO - [2024-09-26T05:33:05.484+0000] {dagbag.py:587} INFO - Filling up the DagBag from /opt/airflow/dags/deck_with_cron_expression.py
[2024-09-26T05:33:05.602+0000] {processor.py:925} INFO - DAG(s) 'schedule_with_cron_expression_v03' retrieved from /opt/airflow/dags/deck_with_cron_expression.py
[2024-09-26T05:33:05.642+0000] {logging_mixin.py:190} INFO - [2024-09-26T05:33:05.642+0000] {dag.py:3229} INFO - Sync 1 DAGs
[2024-09-26T05:33:05.674+0000] {logging_mixin.py:190} INFO - [2024-09-26T05:33:05.674+0000] {dag.py:4156} INFO - Setting next_dagrun for schedule_with_cron_expression_v03 to 2024-09-12 03:00:00+00:00, run_after=2024-09-13 03:00:00+00:00
[2024-09-26T05:33:05.704+0000] {processor.py:208} INFO - Processing /opt/airflow/dags/deck_with_cron_expression.py took 0.240 seconds
[2024-09-26T05:33:36.359+0000] {processor.py:186} INFO - Started process (PID=158220) to work on /opt/airflow/dags/deck_with_cron_expression.py
[2024-09-26T05:33:36.361+0000] {processor.py:914} INFO - Processing file /opt/airflow/dags/deck_with_cron_expression.py for tasks to queue
[2024-09-26T05:33:36.364+0000] {logging_mixin.py:190} INFO - [2024-09-26T05:33:36.363+0000] {dagbag.py:587} INFO - Filling up the DagBag from /opt/airflow/dags/deck_with_cron_expression.py
[2024-09-26T05:33:36.485+0000] {processor.py:925} INFO - DAG(s) 'schedule_with_cron_expression_v03' retrieved from /opt/airflow/dags/deck_with_cron_expression.py
[2024-09-26T05:33:36.514+0000] {logging_mixin.py:190} INFO - [2024-09-26T05:33:36.513+0000] {dag.py:3229} INFO - Sync 1 DAGs
[2024-09-26T05:33:36.667+0000] {logging_mixin.py:190} INFO - [2024-09-26T05:33:36.667+0000] {dag.py:4156} INFO - Setting next_dagrun for schedule_with_cron_expression_v03 to 2024-09-12 03:00:00+00:00, run_after=2024-09-13 03:00:00+00:00
[2024-09-26T05:33:36.701+0000] {processor.py:208} INFO - Processing /opt/airflow/dags/deck_with_cron_expression.py took 0.356 seconds
[2024-09-26T05:34:06.992+0000] {processor.py:186} INFO - Started process (PID=158263) to work on /opt/airflow/dags/deck_with_cron_expression.py
[2024-09-26T05:34:06.993+0000] {processor.py:914} INFO - Processing file /opt/airflow/dags/deck_with_cron_expression.py for tasks to queue
[2024-09-26T05:34:06.995+0000] {logging_mixin.py:190} INFO - [2024-09-26T05:34:06.995+0000] {dagbag.py:587} INFO - Filling up the DagBag from /opt/airflow/dags/deck_with_cron_expression.py
[2024-09-26T05:34:07.068+0000] {processor.py:925} INFO - DAG(s) 'schedule_with_cron_expression_v03' retrieved from /opt/airflow/dags/deck_with_cron_expression.py
[2024-09-26T05:34:07.093+0000] {logging_mixin.py:190} INFO - [2024-09-26T05:34:07.093+0000] {dag.py:3229} INFO - Sync 1 DAGs
[2024-09-26T05:34:07.118+0000] {logging_mixin.py:190} INFO - [2024-09-26T05:34:07.117+0000] {dag.py:4156} INFO - Setting next_dagrun for schedule_with_cron_expression_v03 to 2024-09-12 03:00:00+00:00, run_after=2024-09-13 03:00:00+00:00
[2024-09-26T05:34:07.144+0000] {processor.py:208} INFO - Processing /opt/airflow/dags/deck_with_cron_expression.py took 0.159 seconds
[2024-09-26T05:34:37.591+0000] {processor.py:186} INFO - Started process (PID=158306) to work on /opt/airflow/dags/deck_with_cron_expression.py
[2024-09-26T05:34:37.593+0000] {processor.py:914} INFO - Processing file /opt/airflow/dags/deck_with_cron_expression.py for tasks to queue
[2024-09-26T05:34:37.595+0000] {logging_mixin.py:190} INFO - [2024-09-26T05:34:37.594+0000] {dagbag.py:587} INFO - Filling up the DagBag from /opt/airflow/dags/deck_with_cron_expression.py
[2024-09-26T05:34:37.701+0000] {processor.py:925} INFO - DAG(s) 'schedule_with_cron_expression_v03' retrieved from /opt/airflow/dags/deck_with_cron_expression.py
[2024-09-26T05:34:37.732+0000] {logging_mixin.py:190} INFO - [2024-09-26T05:34:37.732+0000] {dag.py:3229} INFO - Sync 1 DAGs
[2024-09-26T05:34:37.755+0000] {logging_mixin.py:190} INFO - [2024-09-26T05:34:37.755+0000] {dag.py:4156} INFO - Setting next_dagrun for schedule_with_cron_expression_v03 to 2024-09-12 03:00:00+00:00, run_after=2024-09-13 03:00:00+00:00
[2024-09-26T05:34:37.783+0000] {processor.py:208} INFO - Processing /opt/airflow/dags/deck_with_cron_expression.py took 0.197 seconds
[2024-09-26T05:35:09.296+0000] {processor.py:186} INFO - Started process (PID=158349) to work on /opt/airflow/dags/deck_with_cron_expression.py
[2024-09-26T05:35:09.298+0000] {processor.py:914} INFO - Processing file /opt/airflow/dags/deck_with_cron_expression.py for tasks to queue
[2024-09-26T05:35:09.301+0000] {logging_mixin.py:190} INFO - [2024-09-26T05:35:09.301+0000] {dagbag.py:587} INFO - Filling up the DagBag from /opt/airflow/dags/deck_with_cron_expression.py
[2024-09-26T05:35:09.397+0000] {processor.py:925} INFO - DAG(s) 'schedule_with_cron_expression_v03' retrieved from /opt/airflow/dags/deck_with_cron_expression.py
[2024-09-26T05:35:09.429+0000] {logging_mixin.py:190} INFO - [2024-09-26T05:35:09.429+0000] {dag.py:3229} INFO - Sync 1 DAGs
[2024-09-26T05:35:09.456+0000] {logging_mixin.py:190} INFO - [2024-09-26T05:35:09.455+0000] {dag.py:4156} INFO - Setting next_dagrun for schedule_with_cron_expression_v03 to 2024-09-12 03:00:00+00:00, run_after=2024-09-13 03:00:00+00:00
[2024-09-26T05:35:09.483+0000] {processor.py:208} INFO - Processing /opt/airflow/dags/deck_with_cron_expression.py took 0.193 seconds
[2024-09-26T05:35:39.857+0000] {processor.py:186} INFO - Started process (PID=158392) to work on /opt/airflow/dags/deck_with_cron_expression.py
[2024-09-26T05:35:39.859+0000] {processor.py:914} INFO - Processing file /opt/airflow/dags/deck_with_cron_expression.py for tasks to queue
[2024-09-26T05:35:39.861+0000] {logging_mixin.py:190} INFO - [2024-09-26T05:35:39.860+0000] {dagbag.py:587} INFO - Filling up the DagBag from /opt/airflow/dags/deck_with_cron_expression.py
[2024-09-26T05:35:39.963+0000] {processor.py:925} INFO - DAG(s) 'schedule_with_cron_expression_v03' retrieved from /opt/airflow/dags/deck_with_cron_expression.py
[2024-09-26T05:35:39.987+0000] {logging_mixin.py:190} INFO - [2024-09-26T05:35:39.987+0000] {dag.py:3229} INFO - Sync 1 DAGs
[2024-09-26T05:35:40.010+0000] {logging_mixin.py:190} INFO - [2024-09-26T05:35:40.010+0000] {dag.py:4156} INFO - Setting next_dagrun for schedule_with_cron_expression_v03 to 2024-09-12 03:00:00+00:00, run_after=2024-09-13 03:00:00+00:00
[2024-09-26T05:35:40.049+0000] {processor.py:208} INFO - Processing /opt/airflow/dags/deck_with_cron_expression.py took 0.198 seconds
[2024-09-26T05:36:10.763+0000] {processor.py:186} INFO - Started process (PID=158435) to work on /opt/airflow/dags/deck_with_cron_expression.py
[2024-09-26T05:36:10.766+0000] {processor.py:914} INFO - Processing file /opt/airflow/dags/deck_with_cron_expression.py for tasks to queue
[2024-09-26T05:36:10.769+0000] {logging_mixin.py:190} INFO - [2024-09-26T05:36:10.768+0000] {dagbag.py:587} INFO - Filling up the DagBag from /opt/airflow/dags/deck_with_cron_expression.py
[2024-09-26T05:36:10.877+0000] {processor.py:925} INFO - DAG(s) 'schedule_with_cron_expression_v03' retrieved from /opt/airflow/dags/deck_with_cron_expression.py
[2024-09-26T05:36:10.909+0000] {logging_mixin.py:190} INFO - [2024-09-26T05:36:10.909+0000] {dag.py:3229} INFO - Sync 1 DAGs
[2024-09-26T05:36:11.108+0000] {logging_mixin.py:190} INFO - [2024-09-26T05:36:11.107+0000] {dag.py:4156} INFO - Setting next_dagrun for schedule_with_cron_expression_v03 to 2024-09-12 03:00:00+00:00, run_after=2024-09-13 03:00:00+00:00
[2024-09-26T05:36:11.132+0000] {processor.py:208} INFO - Processing /opt/airflow/dags/deck_with_cron_expression.py took 0.380 seconds
[2024-09-26T05:36:41.631+0000] {processor.py:186} INFO - Started process (PID=158478) to work on /opt/airflow/dags/deck_with_cron_expression.py
[2024-09-26T05:36:41.633+0000] {processor.py:914} INFO - Processing file /opt/airflow/dags/deck_with_cron_expression.py for tasks to queue
[2024-09-26T05:36:41.636+0000] {logging_mixin.py:190} INFO - [2024-09-26T05:36:41.636+0000] {dagbag.py:587} INFO - Filling up the DagBag from /opt/airflow/dags/deck_with_cron_expression.py
[2024-09-26T05:36:41.742+0000] {processor.py:925} INFO - DAG(s) 'schedule_with_cron_expression_v03' retrieved from /opt/airflow/dags/deck_with_cron_expression.py
[2024-09-26T05:36:41.766+0000] {logging_mixin.py:190} INFO - [2024-09-26T05:36:41.766+0000] {dag.py:3229} INFO - Sync 1 DAGs
[2024-09-26T05:36:41.789+0000] {logging_mixin.py:190} INFO - [2024-09-26T05:36:41.789+0000] {dag.py:4156} INFO - Setting next_dagrun for schedule_with_cron_expression_v03 to 2024-09-12 03:00:00+00:00, run_after=2024-09-13 03:00:00+00:00
[2024-09-26T05:36:41.812+0000] {processor.py:208} INFO - Processing /opt/airflow/dags/deck_with_cron_expression.py took 0.193 seconds
[2024-09-26T05:37:12.247+0000] {processor.py:186} INFO - Started process (PID=158521) to work on /opt/airflow/dags/deck_with_cron_expression.py
[2024-09-26T05:37:12.251+0000] {processor.py:914} INFO - Processing file /opt/airflow/dags/deck_with_cron_expression.py for tasks to queue
[2024-09-26T05:37:12.256+0000] {logging_mixin.py:190} INFO - [2024-09-26T05:37:12.255+0000] {dagbag.py:587} INFO - Filling up the DagBag from /opt/airflow/dags/deck_with_cron_expression.py
[2024-09-26T05:37:12.397+0000] {processor.py:925} INFO - DAG(s) 'schedule_with_cron_expression_v03' retrieved from /opt/airflow/dags/deck_with_cron_expression.py
[2024-09-26T05:37:12.424+0000] {logging_mixin.py:190} INFO - [2024-09-26T05:37:12.424+0000] {dag.py:3229} INFO - Sync 1 DAGs
[2024-09-26T05:37:12.449+0000] {logging_mixin.py:190} INFO - [2024-09-26T05:37:12.449+0000] {dag.py:4156} INFO - Setting next_dagrun for schedule_with_cron_expression_v03 to 2024-09-12 03:00:00+00:00, run_after=2024-09-13 03:00:00+00:00
[2024-09-26T05:37:12.475+0000] {processor.py:208} INFO - Processing /opt/airflow/dags/deck_with_cron_expression.py took 0.235 seconds
[2024-09-26T05:37:43.110+0000] {processor.py:186} INFO - Started process (PID=158564) to work on /opt/airflow/dags/deck_with_cron_expression.py
[2024-09-26T05:37:43.112+0000] {processor.py:914} INFO - Processing file /opt/airflow/dags/deck_with_cron_expression.py for tasks to queue
[2024-09-26T05:37:43.115+0000] {logging_mixin.py:190} INFO - [2024-09-26T05:37:43.114+0000] {dagbag.py:587} INFO - Filling up the DagBag from /opt/airflow/dags/deck_with_cron_expression.py
[2024-09-26T05:37:43.237+0000] {processor.py:925} INFO - DAG(s) 'schedule_with_cron_expression_v03' retrieved from /opt/airflow/dags/deck_with_cron_expression.py
[2024-09-26T05:37:43.279+0000] {logging_mixin.py:190} INFO - [2024-09-26T05:37:43.279+0000] {dag.py:3229} INFO - Sync 1 DAGs
[2024-09-26T05:37:43.299+0000] {logging_mixin.py:190} INFO - [2024-09-26T05:37:43.299+0000] {dag.py:4156} INFO - Setting next_dagrun for schedule_with_cron_expression_v03 to 2024-09-12 03:00:00+00:00, run_after=2024-09-13 03:00:00+00:00
[2024-09-26T05:37:43.332+0000] {processor.py:208} INFO - Processing /opt/airflow/dags/deck_with_cron_expression.py took 0.230 seconds
[2024-09-26T05:38:13.656+0000] {processor.py:186} INFO - Started process (PID=158607) to work on /opt/airflow/dags/deck_with_cron_expression.py
[2024-09-26T05:38:13.658+0000] {processor.py:914} INFO - Processing file /opt/airflow/dags/deck_with_cron_expression.py for tasks to queue
[2024-09-26T05:38:13.660+0000] {logging_mixin.py:190} INFO - [2024-09-26T05:38:13.660+0000] {dagbag.py:587} INFO - Filling up the DagBag from /opt/airflow/dags/deck_with_cron_expression.py
[2024-09-26T05:38:13.757+0000] {processor.py:925} INFO - DAG(s) 'schedule_with_cron_expression_v03' retrieved from /opt/airflow/dags/deck_with_cron_expression.py
[2024-09-26T05:38:13.784+0000] {logging_mixin.py:190} INFO - [2024-09-26T05:38:13.784+0000] {dag.py:3229} INFO - Sync 1 DAGs
[2024-09-26T05:38:13.809+0000] {logging_mixin.py:190} INFO - [2024-09-26T05:38:13.809+0000] {dag.py:4156} INFO - Setting next_dagrun for schedule_with_cron_expression_v03 to 2024-09-12 03:00:00+00:00, run_after=2024-09-13 03:00:00+00:00
[2024-09-26T05:38:13.838+0000] {processor.py:208} INFO - Processing /opt/airflow/dags/deck_with_cron_expression.py took 0.188 seconds
[2024-09-26T05:38:44.307+0000] {processor.py:186} INFO - Started process (PID=158650) to work on /opt/airflow/dags/deck_with_cron_expression.py
[2024-09-26T05:38:44.309+0000] {processor.py:914} INFO - Processing file /opt/airflow/dags/deck_with_cron_expression.py for tasks to queue
[2024-09-26T05:38:44.311+0000] {logging_mixin.py:190} INFO - [2024-09-26T05:38:44.311+0000] {dagbag.py:587} INFO - Filling up the DagBag from /opt/airflow/dags/deck_with_cron_expression.py
[2024-09-26T05:38:44.434+0000] {processor.py:925} INFO - DAG(s) 'schedule_with_cron_expression_v03' retrieved from /opt/airflow/dags/deck_with_cron_expression.py
[2024-09-26T05:38:44.458+0000] {logging_mixin.py:190} INFO - [2024-09-26T05:38:44.458+0000] {dag.py:3229} INFO - Sync 1 DAGs
[2024-09-26T05:38:44.479+0000] {logging_mixin.py:190} INFO - [2024-09-26T05:38:44.479+0000] {dag.py:4156} INFO - Setting next_dagrun for schedule_with_cron_expression_v03 to 2024-09-12 03:00:00+00:00, run_after=2024-09-13 03:00:00+00:00
[2024-09-26T05:38:44.636+0000] {processor.py:208} INFO - Processing /opt/airflow/dags/deck_with_cron_expression.py took 0.335 seconds
[2024-09-26T05:39:15.426+0000] {processor.py:186} INFO - Started process (PID=158693) to work on /opt/airflow/dags/deck_with_cron_expression.py
[2024-09-26T05:39:15.429+0000] {processor.py:914} INFO - Processing file /opt/airflow/dags/deck_with_cron_expression.py for tasks to queue
[2024-09-26T05:39:15.431+0000] {logging_mixin.py:190} INFO - [2024-09-26T05:39:15.431+0000] {dagbag.py:587} INFO - Filling up the DagBag from /opt/airflow/dags/deck_with_cron_expression.py
[2024-09-26T05:39:15.543+0000] {processor.py:925} INFO - DAG(s) 'schedule_with_cron_expression_v03' retrieved from /opt/airflow/dags/deck_with_cron_expression.py
[2024-09-26T05:39:15.570+0000] {logging_mixin.py:190} INFO - [2024-09-26T05:39:15.570+0000] {dag.py:3229} INFO - Sync 1 DAGs
[2024-09-26T05:39:15.703+0000] {logging_mixin.py:190} INFO - [2024-09-26T05:39:15.703+0000] {dag.py:4156} INFO - Setting next_dagrun for schedule_with_cron_expression_v03 to 2024-09-12 03:00:00+00:00, run_after=2024-09-13 03:00:00+00:00
[2024-09-26T05:39:15.730+0000] {processor.py:208} INFO - Processing /opt/airflow/dags/deck_with_cron_expression.py took 0.309 seconds
[2024-09-26T05:39:46.047+0000] {processor.py:186} INFO - Started process (PID=158736) to work on /opt/airflow/dags/deck_with_cron_expression.py
[2024-09-26T05:39:46.049+0000] {processor.py:914} INFO - Processing file /opt/airflow/dags/deck_with_cron_expression.py for tasks to queue
[2024-09-26T05:39:46.060+0000] {logging_mixin.py:190} INFO - [2024-09-26T05:39:46.060+0000] {dagbag.py:587} INFO - Filling up the DagBag from /opt/airflow/dags/deck_with_cron_expression.py
[2024-09-26T05:39:46.148+0000] {processor.py:925} INFO - DAG(s) 'schedule_with_cron_expression_v03' retrieved from /opt/airflow/dags/deck_with_cron_expression.py
[2024-09-26T05:39:46.178+0000] {logging_mixin.py:190} INFO - [2024-09-26T05:39:46.177+0000] {dag.py:3229} INFO - Sync 1 DAGs
[2024-09-26T05:39:46.203+0000] {logging_mixin.py:190} INFO - [2024-09-26T05:39:46.203+0000] {dag.py:4156} INFO - Setting next_dagrun for schedule_with_cron_expression_v03 to 2024-09-12 03:00:00+00:00, run_after=2024-09-13 03:00:00+00:00
[2024-09-26T05:39:46.231+0000] {processor.py:208} INFO - Processing /opt/airflow/dags/deck_with_cron_expression.py took 0.192 seconds
[2024-09-26T05:40:16.648+0000] {processor.py:186} INFO - Started process (PID=158779) to work on /opt/airflow/dags/deck_with_cron_expression.py
[2024-09-26T05:40:16.650+0000] {processor.py:914} INFO - Processing file /opt/airflow/dags/deck_with_cron_expression.py for tasks to queue
[2024-09-26T05:40:16.653+0000] {logging_mixin.py:190} INFO - [2024-09-26T05:40:16.652+0000] {dagbag.py:587} INFO - Filling up the DagBag from /opt/airflow/dags/deck_with_cron_expression.py
[2024-09-26T05:40:16.758+0000] {processor.py:925} INFO - DAG(s) 'schedule_with_cron_expression_v03' retrieved from /opt/airflow/dags/deck_with_cron_expression.py
[2024-09-26T05:40:16.781+0000] {logging_mixin.py:190} INFO - [2024-09-26T05:40:16.780+0000] {dag.py:3229} INFO - Sync 1 DAGs
[2024-09-26T05:40:16.803+0000] {logging_mixin.py:190} INFO - [2024-09-26T05:40:16.803+0000] {dag.py:4156} INFO - Setting next_dagrun for schedule_with_cron_expression_v03 to 2024-09-12 03:00:00+00:00, run_after=2024-09-13 03:00:00+00:00
[2024-09-26T05:40:16.837+0000] {processor.py:208} INFO - Processing /opt/airflow/dags/deck_with_cron_expression.py took 0.198 seconds
[2024-09-26T05:40:47.395+0000] {processor.py:186} INFO - Started process (PID=158822) to work on /opt/airflow/dags/deck_with_cron_expression.py
[2024-09-26T05:40:47.397+0000] {processor.py:914} INFO - Processing file /opt/airflow/dags/deck_with_cron_expression.py for tasks to queue
[2024-09-26T05:40:47.400+0000] {logging_mixin.py:190} INFO - [2024-09-26T05:40:47.400+0000] {dagbag.py:587} INFO - Filling up the DagBag from /opt/airflow/dags/deck_with_cron_expression.py
[2024-09-26T05:40:47.501+0000] {processor.py:925} INFO - DAG(s) 'schedule_with_cron_expression_v03' retrieved from /opt/airflow/dags/deck_with_cron_expression.py
[2024-09-26T05:40:47.524+0000] {logging_mixin.py:190} INFO - [2024-09-26T05:40:47.524+0000] {dag.py:3229} INFO - Sync 1 DAGs
[2024-09-26T05:40:47.545+0000] {logging_mixin.py:190} INFO - [2024-09-26T05:40:47.545+0000] {dag.py:4156} INFO - Setting next_dagrun for schedule_with_cron_expression_v03 to 2024-09-12 03:00:00+00:00, run_after=2024-09-13 03:00:00+00:00
[2024-09-26T05:40:47.573+0000] {processor.py:208} INFO - Processing /opt/airflow/dags/deck_with_cron_expression.py took 0.185 seconds
[2024-09-26T05:41:18.130+0000] {processor.py:186} INFO - Started process (PID=158865) to work on /opt/airflow/dags/deck_with_cron_expression.py
[2024-09-26T05:41:18.131+0000] {processor.py:914} INFO - Processing file /opt/airflow/dags/deck_with_cron_expression.py for tasks to queue
[2024-09-26T05:41:18.133+0000] {logging_mixin.py:190} INFO - [2024-09-26T05:41:18.132+0000] {dagbag.py:587} INFO - Filling up the DagBag from /opt/airflow/dags/deck_with_cron_expression.py
[2024-09-26T05:41:18.226+0000] {processor.py:925} INFO - DAG(s) 'schedule_with_cron_expression_v03' retrieved from /opt/airflow/dags/deck_with_cron_expression.py
[2024-09-26T05:41:18.251+0000] {logging_mixin.py:190} INFO - [2024-09-26T05:41:18.251+0000] {dag.py:3229} INFO - Sync 1 DAGs
[2024-09-26T05:41:18.279+0000] {logging_mixin.py:190} INFO - [2024-09-26T05:41:18.279+0000] {dag.py:4156} INFO - Setting next_dagrun for schedule_with_cron_expression_v03 to 2024-09-12 03:00:00+00:00, run_after=2024-09-13 03:00:00+00:00
[2024-09-26T05:41:18.306+0000] {processor.py:208} INFO - Processing /opt/airflow/dags/deck_with_cron_expression.py took 0.181 seconds
[2024-09-26T05:41:48.642+0000] {processor.py:186} INFO - Started process (PID=158908) to work on /opt/airflow/dags/deck_with_cron_expression.py
[2024-09-26T05:41:48.644+0000] {processor.py:914} INFO - Processing file /opt/airflow/dags/deck_with_cron_expression.py for tasks to queue
[2024-09-26T05:41:48.647+0000] {logging_mixin.py:190} INFO - [2024-09-26T05:41:48.646+0000] {dagbag.py:587} INFO - Filling up the DagBag from /opt/airflow/dags/deck_with_cron_expression.py
[2024-09-26T05:41:48.762+0000] {processor.py:925} INFO - DAG(s) 'schedule_with_cron_expression_v03' retrieved from /opt/airflow/dags/deck_with_cron_expression.py
[2024-09-26T05:41:48.785+0000] {logging_mixin.py:190} INFO - [2024-09-26T05:41:48.784+0000] {dag.py:3229} INFO - Sync 1 DAGs
[2024-09-26T05:41:48.937+0000] {logging_mixin.py:190} INFO - [2024-09-26T05:41:48.937+0000] {dag.py:4156} INFO - Setting next_dagrun for schedule_with_cron_expression_v03 to 2024-09-12 03:00:00+00:00, run_after=2024-09-13 03:00:00+00:00
[2024-09-26T05:41:48.964+0000] {processor.py:208} INFO - Processing /opt/airflow/dags/deck_with_cron_expression.py took 0.331 seconds
[2024-09-26T05:42:19.337+0000] {processor.py:186} INFO - Started process (PID=158951) to work on /opt/airflow/dags/deck_with_cron_expression.py
[2024-09-26T05:42:19.338+0000] {processor.py:914} INFO - Processing file /opt/airflow/dags/deck_with_cron_expression.py for tasks to queue
[2024-09-26T05:42:19.340+0000] {logging_mixin.py:190} INFO - [2024-09-26T05:42:19.339+0000] {dagbag.py:587} INFO - Filling up the DagBag from /opt/airflow/dags/deck_with_cron_expression.py
[2024-09-26T05:42:19.408+0000] {processor.py:925} INFO - DAG(s) 'schedule_with_cron_expression_v03' retrieved from /opt/airflow/dags/deck_with_cron_expression.py
[2024-09-26T05:42:19.433+0000] {logging_mixin.py:190} INFO - [2024-09-26T05:42:19.433+0000] {dag.py:3229} INFO - Sync 1 DAGs
[2024-09-26T05:42:19.580+0000] {logging_mixin.py:190} INFO - [2024-09-26T05:42:19.580+0000] {dag.py:4156} INFO - Setting next_dagrun for schedule_with_cron_expression_v03 to 2024-09-12 03:00:00+00:00, run_after=2024-09-13 03:00:00+00:00
[2024-09-26T05:42:19.604+0000] {processor.py:208} INFO - Processing /opt/airflow/dags/deck_with_cron_expression.py took 0.275 seconds
[2024-09-26T05:42:49.881+0000] {processor.py:186} INFO - Started process (PID=158994) to work on /opt/airflow/dags/deck_with_cron_expression.py
[2024-09-26T05:42:49.884+0000] {processor.py:914} INFO - Processing file /opt/airflow/dags/deck_with_cron_expression.py for tasks to queue
[2024-09-26T05:42:49.887+0000] {logging_mixin.py:190} INFO - [2024-09-26T05:42:49.886+0000] {dagbag.py:587} INFO - Filling up the DagBag from /opt/airflow/dags/deck_with_cron_expression.py
[2024-09-26T05:42:50.004+0000] {processor.py:925} INFO - DAG(s) 'schedule_with_cron_expression_v03' retrieved from /opt/airflow/dags/deck_with_cron_expression.py
[2024-09-26T05:42:50.029+0000] {logging_mixin.py:190} INFO - [2024-09-26T05:42:50.029+0000] {dag.py:3229} INFO - Sync 1 DAGs
[2024-09-26T05:42:50.049+0000] {logging_mixin.py:190} INFO - [2024-09-26T05:42:50.049+0000] {dag.py:4156} INFO - Setting next_dagrun for schedule_with_cron_expression_v03 to 2024-09-12 03:00:00+00:00, run_after=2024-09-13 03:00:00+00:00
[2024-09-26T05:42:50.087+0000] {processor.py:208} INFO - Processing /opt/airflow/dags/deck_with_cron_expression.py took 0.214 seconds
[2024-09-26T05:43:20.420+0000] {processor.py:186} INFO - Started process (PID=159037) to work on /opt/airflow/dags/deck_with_cron_expression.py
[2024-09-26T05:43:20.422+0000] {processor.py:914} INFO - Processing file /opt/airflow/dags/deck_with_cron_expression.py for tasks to queue
[2024-09-26T05:43:20.425+0000] {logging_mixin.py:190} INFO - [2024-09-26T05:43:20.425+0000] {dagbag.py:587} INFO - Filling up the DagBag from /opt/airflow/dags/deck_with_cron_expression.py
[2024-09-26T05:43:20.540+0000] {processor.py:925} INFO - DAG(s) 'schedule_with_cron_expression_v03' retrieved from /opt/airflow/dags/deck_with_cron_expression.py
[2024-09-26T05:43:20.584+0000] {logging_mixin.py:190} INFO - [2024-09-26T05:43:20.584+0000] {dag.py:3229} INFO - Sync 1 DAGs
[2024-09-26T05:43:20.605+0000] {logging_mixin.py:190} INFO - [2024-09-26T05:43:20.605+0000] {dag.py:4156} INFO - Setting next_dagrun for schedule_with_cron_expression_v03 to 2024-09-12 03:00:00+00:00, run_after=2024-09-13 03:00:00+00:00
[2024-09-26T05:43:20.649+0000] {processor.py:208} INFO - Processing /opt/airflow/dags/deck_with_cron_expression.py took 0.237 seconds
[2024-09-26T05:43:51.019+0000] {processor.py:186} INFO - Started process (PID=159080) to work on /opt/airflow/dags/deck_with_cron_expression.py
[2024-09-26T05:43:51.021+0000] {processor.py:914} INFO - Processing file /opt/airflow/dags/deck_with_cron_expression.py for tasks to queue
[2024-09-26T05:43:51.023+0000] {logging_mixin.py:190} INFO - [2024-09-26T05:43:51.023+0000] {dagbag.py:587} INFO - Filling up the DagBag from /opt/airflow/dags/deck_with_cron_expression.py
[2024-09-26T05:43:51.132+0000] {processor.py:925} INFO - DAG(s) 'schedule_with_cron_expression_v03' retrieved from /opt/airflow/dags/deck_with_cron_expression.py
[2024-09-26T05:43:51.157+0000] {logging_mixin.py:190} INFO - [2024-09-26T05:43:51.157+0000] {dag.py:3229} INFO - Sync 1 DAGs
[2024-09-26T05:43:51.178+0000] {logging_mixin.py:190} INFO - [2024-09-26T05:43:51.178+0000] {dag.py:4156} INFO - Setting next_dagrun for schedule_with_cron_expression_v03 to 2024-09-12 03:00:00+00:00, run_after=2024-09-13 03:00:00+00:00
[2024-09-26T05:43:51.213+0000] {processor.py:208} INFO - Processing /opt/airflow/dags/deck_with_cron_expression.py took 0.202 seconds
[2024-09-26T05:44:21.933+0000] {processor.py:186} INFO - Started process (PID=159123) to work on /opt/airflow/dags/deck_with_cron_expression.py
[2024-09-26T05:44:21.936+0000] {processor.py:914} INFO - Processing file /opt/airflow/dags/deck_with_cron_expression.py for tasks to queue
[2024-09-26T05:44:21.938+0000] {logging_mixin.py:190} INFO - [2024-09-26T05:44:21.938+0000] {dagbag.py:587} INFO - Filling up the DagBag from /opt/airflow/dags/deck_with_cron_expression.py
[2024-09-26T05:44:22.041+0000] {processor.py:925} INFO - DAG(s) 'schedule_with_cron_expression_v03' retrieved from /opt/airflow/dags/deck_with_cron_expression.py
[2024-09-26T05:44:22.070+0000] {logging_mixin.py:190} INFO - [2024-09-26T05:44:22.070+0000] {dag.py:3229} INFO - Sync 1 DAGs
[2024-09-26T05:44:22.094+0000] {logging_mixin.py:190} INFO - [2024-09-26T05:44:22.094+0000] {dag.py:4156} INFO - Setting next_dagrun for schedule_with_cron_expression_v03 to 2024-09-12 03:00:00+00:00, run_after=2024-09-13 03:00:00+00:00
[2024-09-26T05:44:22.239+0000] {processor.py:208} INFO - Processing /opt/airflow/dags/deck_with_cron_expression.py took 0.312 seconds
[2024-09-26T05:44:52.664+0000] {processor.py:186} INFO - Started process (PID=159166) to work on /opt/airflow/dags/deck_with_cron_expression.py
[2024-09-26T05:44:52.666+0000] {processor.py:914} INFO - Processing file /opt/airflow/dags/deck_with_cron_expression.py for tasks to queue
[2024-09-26T05:44:52.669+0000] {logging_mixin.py:190} INFO - [2024-09-26T05:44:52.668+0000] {dagbag.py:587} INFO - Filling up the DagBag from /opt/airflow/dags/deck_with_cron_expression.py
[2024-09-26T05:44:52.763+0000] {processor.py:925} INFO - DAG(s) 'schedule_with_cron_expression_v03' retrieved from /opt/airflow/dags/deck_with_cron_expression.py
[2024-09-26T05:44:52.817+0000] {logging_mixin.py:190} INFO - [2024-09-26T05:44:52.816+0000] {dag.py:3229} INFO - Sync 1 DAGs
[2024-09-26T05:44:52.972+0000] {logging_mixin.py:190} INFO - [2024-09-26T05:44:52.972+0000] {dag.py:4156} INFO - Setting next_dagrun for schedule_with_cron_expression_v03 to 2024-09-12 03:00:00+00:00, run_after=2024-09-13 03:00:00+00:00
[2024-09-26T05:44:52.994+0000] {processor.py:208} INFO - Processing /opt/airflow/dags/deck_with_cron_expression.py took 0.340 seconds
[2024-09-26T05:45:23.582+0000] {processor.py:186} INFO - Started process (PID=159209) to work on /opt/airflow/dags/deck_with_cron_expression.py
[2024-09-26T05:45:23.584+0000] {processor.py:914} INFO - Processing file /opt/airflow/dags/deck_with_cron_expression.py for tasks to queue
[2024-09-26T05:45:23.587+0000] {logging_mixin.py:190} INFO - [2024-09-26T05:45:23.586+0000] {dagbag.py:587} INFO - Filling up the DagBag from /opt/airflow/dags/deck_with_cron_expression.py
[2024-09-26T05:45:23.688+0000] {processor.py:925} INFO - DAG(s) 'schedule_with_cron_expression_v03' retrieved from /opt/airflow/dags/deck_with_cron_expression.py
[2024-09-26T05:45:23.711+0000] {logging_mixin.py:190} INFO - [2024-09-26T05:45:23.711+0000] {dag.py:3229} INFO - Sync 1 DAGs
[2024-09-26T05:45:23.863+0000] {logging_mixin.py:190} INFO - [2024-09-26T05:45:23.863+0000] {dag.py:4156} INFO - Setting next_dagrun for schedule_with_cron_expression_v03 to 2024-09-12 03:00:00+00:00, run_after=2024-09-13 03:00:00+00:00
[2024-09-26T05:45:23.889+0000] {processor.py:208} INFO - Processing /opt/airflow/dags/deck_with_cron_expression.py took 0.318 seconds
[2024-09-26T05:45:54.104+0000] {processor.py:186} INFO - Started process (PID=159252) to work on /opt/airflow/dags/deck_with_cron_expression.py
[2024-09-26T05:45:54.105+0000] {processor.py:914} INFO - Processing file /opt/airflow/dags/deck_with_cron_expression.py for tasks to queue
[2024-09-26T05:45:54.108+0000] {logging_mixin.py:190} INFO - [2024-09-26T05:45:54.107+0000] {dagbag.py:587} INFO - Filling up the DagBag from /opt/airflow/dags/deck_with_cron_expression.py
[2024-09-26T05:45:54.201+0000] {processor.py:925} INFO - DAG(s) 'schedule_with_cron_expression_v03' retrieved from /opt/airflow/dags/deck_with_cron_expression.py
[2024-09-26T05:45:54.228+0000] {logging_mixin.py:190} INFO - [2024-09-26T05:45:54.228+0000] {dag.py:3229} INFO - Sync 1 DAGs
[2024-09-26T05:45:54.250+0000] {logging_mixin.py:190} INFO - [2024-09-26T05:45:54.250+0000] {dag.py:4156} INFO - Setting next_dagrun for schedule_with_cron_expression_v03 to 2024-09-12 03:00:00+00:00, run_after=2024-09-13 03:00:00+00:00
[2024-09-26T05:45:54.274+0000] {processor.py:208} INFO - Processing /opt/airflow/dags/deck_with_cron_expression.py took 0.180 seconds
[2024-09-26T05:46:24.527+0000] {processor.py:186} INFO - Started process (PID=159295) to work on /opt/airflow/dags/deck_with_cron_expression.py
[2024-09-26T05:46:24.529+0000] {processor.py:914} INFO - Processing file /opt/airflow/dags/deck_with_cron_expression.py for tasks to queue
[2024-09-26T05:46:24.531+0000] {logging_mixin.py:190} INFO - [2024-09-26T05:46:24.530+0000] {dagbag.py:587} INFO - Filling up the DagBag from /opt/airflow/dags/deck_with_cron_expression.py
[2024-09-26T05:46:24.598+0000] {processor.py:925} INFO - DAG(s) 'schedule_with_cron_expression_v03' retrieved from /opt/airflow/dags/deck_with_cron_expression.py
[2024-09-26T05:46:24.627+0000] {logging_mixin.py:190} INFO - [2024-09-26T05:46:24.626+0000] {dag.py:3229} INFO - Sync 1 DAGs
[2024-09-26T05:46:24.648+0000] {logging_mixin.py:190} INFO - [2024-09-26T05:46:24.648+0000] {dag.py:4156} INFO - Setting next_dagrun for schedule_with_cron_expression_v03 to 2024-09-12 03:00:00+00:00, run_after=2024-09-13 03:00:00+00:00
[2024-09-26T05:46:24.671+0000] {processor.py:208} INFO - Processing /opt/airflow/dags/deck_with_cron_expression.py took 0.148 seconds
[2024-09-26T05:46:55.220+0000] {processor.py:186} INFO - Started process (PID=159338) to work on /opt/airflow/dags/deck_with_cron_expression.py
[2024-09-26T05:46:55.222+0000] {processor.py:914} INFO - Processing file /opt/airflow/dags/deck_with_cron_expression.py for tasks to queue
[2024-09-26T05:46:55.223+0000] {logging_mixin.py:190} INFO - [2024-09-26T05:46:55.223+0000] {dagbag.py:587} INFO - Filling up the DagBag from /opt/airflow/dags/deck_with_cron_expression.py
[2024-09-26T05:46:55.302+0000] {processor.py:925} INFO - DAG(s) 'schedule_with_cron_expression_v03' retrieved from /opt/airflow/dags/deck_with_cron_expression.py
[2024-09-26T05:46:55.333+0000] {logging_mixin.py:190} INFO - [2024-09-26T05:46:55.333+0000] {dag.py:3229} INFO - Sync 1 DAGs
[2024-09-26T05:46:55.360+0000] {logging_mixin.py:190} INFO - [2024-09-26T05:46:55.359+0000] {dag.py:4156} INFO - Setting next_dagrun for schedule_with_cron_expression_v03 to 2024-09-12 03:00:00+00:00, run_after=2024-09-13 03:00:00+00:00
[2024-09-26T05:46:55.388+0000] {processor.py:208} INFO - Processing /opt/airflow/dags/deck_with_cron_expression.py took 0.174 seconds
[2024-09-26T05:47:26.086+0000] {processor.py:186} INFO - Started process (PID=159381) to work on /opt/airflow/dags/deck_with_cron_expression.py
[2024-09-26T05:47:26.088+0000] {processor.py:914} INFO - Processing file /opt/airflow/dags/deck_with_cron_expression.py for tasks to queue
[2024-09-26T05:47:26.091+0000] {logging_mixin.py:190} INFO - [2024-09-26T05:47:26.090+0000] {dagbag.py:587} INFO - Filling up the DagBag from /opt/airflow/dags/deck_with_cron_expression.py
[2024-09-26T05:47:26.208+0000] {processor.py:925} INFO - DAG(s) 'schedule_with_cron_expression_v03' retrieved from /opt/airflow/dags/deck_with_cron_expression.py
[2024-09-26T05:47:26.254+0000] {logging_mixin.py:190} INFO - [2024-09-26T05:47:26.254+0000] {dag.py:3229} INFO - Sync 1 DAGs
[2024-09-26T05:47:26.413+0000] {logging_mixin.py:190} INFO - [2024-09-26T05:47:26.413+0000] {dag.py:4156} INFO - Setting next_dagrun for schedule_with_cron_expression_v03 to 2024-09-12 03:00:00+00:00, run_after=2024-09-13 03:00:00+00:00
[2024-09-26T05:47:26.435+0000] {processor.py:208} INFO - Processing /opt/airflow/dags/deck_with_cron_expression.py took 0.359 seconds
[2024-09-26T05:47:56.699+0000] {processor.py:186} INFO - Started process (PID=159424) to work on /opt/airflow/dags/deck_with_cron_expression.py
[2024-09-26T05:47:56.701+0000] {processor.py:914} INFO - Processing file /opt/airflow/dags/deck_with_cron_expression.py for tasks to queue
[2024-09-26T05:47:56.704+0000] {logging_mixin.py:190} INFO - [2024-09-26T05:47:56.703+0000] {dagbag.py:587} INFO - Filling up the DagBag from /opt/airflow/dags/deck_with_cron_expression.py
[2024-09-26T05:47:56.789+0000] {processor.py:925} INFO - DAG(s) 'schedule_with_cron_expression_v03' retrieved from /opt/airflow/dags/deck_with_cron_expression.py
[2024-09-26T05:47:56.819+0000] {logging_mixin.py:190} INFO - [2024-09-26T05:47:56.818+0000] {dag.py:3229} INFO - Sync 1 DAGs
[2024-09-26T05:47:56.987+0000] {logging_mixin.py:190} INFO - [2024-09-26T05:47:56.987+0000] {dag.py:4156} INFO - Setting next_dagrun for schedule_with_cron_expression_v03 to 2024-09-12 03:00:00+00:00, run_after=2024-09-13 03:00:00+00:00
[2024-09-26T05:47:57.012+0000] {processor.py:208} INFO - Processing /opt/airflow/dags/deck_with_cron_expression.py took 0.324 seconds
[2024-09-26T05:48:27.831+0000] {processor.py:186} INFO - Started process (PID=159467) to work on /opt/airflow/dags/deck_with_cron_expression.py
[2024-09-26T05:48:27.833+0000] {processor.py:914} INFO - Processing file /opt/airflow/dags/deck_with_cron_expression.py for tasks to queue
[2024-09-26T05:48:27.835+0000] {logging_mixin.py:190} INFO - [2024-09-26T05:48:27.835+0000] {dagbag.py:587} INFO - Filling up the DagBag from /opt/airflow/dags/deck_with_cron_expression.py
[2024-09-26T05:48:27.945+0000] {processor.py:925} INFO - DAG(s) 'schedule_with_cron_expression_v03' retrieved from /opt/airflow/dags/deck_with_cron_expression.py
[2024-09-26T05:48:27.973+0000] {logging_mixin.py:190} INFO - [2024-09-26T05:48:27.973+0000] {dag.py:3229} INFO - Sync 1 DAGs
[2024-09-26T05:48:27.994+0000] {logging_mixin.py:190} INFO - [2024-09-26T05:48:27.994+0000] {dag.py:4156} INFO - Setting next_dagrun for schedule_with_cron_expression_v03 to 2024-09-12 03:00:00+00:00, run_after=2024-09-13 03:00:00+00:00
[2024-09-26T05:48:28.019+0000] {processor.py:208} INFO - Processing /opt/airflow/dags/deck_with_cron_expression.py took 0.193 seconds
[2024-09-26T05:48:58.320+0000] {processor.py:186} INFO - Started process (PID=159507) to work on /opt/airflow/dags/deck_with_cron_expression.py
[2024-09-26T05:48:58.322+0000] {processor.py:914} INFO - Processing file /opt/airflow/dags/deck_with_cron_expression.py for tasks to queue
[2024-09-26T05:48:58.324+0000] {logging_mixin.py:190} INFO - [2024-09-26T05:48:58.324+0000] {dagbag.py:587} INFO - Filling up the DagBag from /opt/airflow/dags/deck_with_cron_expression.py
[2024-09-26T05:48:58.402+0000] {processor.py:925} INFO - DAG(s) 'schedule_with_cron_expression_v03' retrieved from /opt/airflow/dags/deck_with_cron_expression.py
[2024-09-26T05:48:58.431+0000] {logging_mixin.py:190} INFO - [2024-09-26T05:48:58.431+0000] {dag.py:3229} INFO - Sync 1 DAGs
[2024-09-26T05:48:58.453+0000] {logging_mixin.py:190} INFO - [2024-09-26T05:48:58.453+0000] {dag.py:4156} INFO - Setting next_dagrun for schedule_with_cron_expression_v03 to 2024-09-12 03:00:00+00:00, run_after=2024-09-13 03:00:00+00:00
[2024-09-26T05:48:58.479+0000] {processor.py:208} INFO - Processing /opt/airflow/dags/deck_with_cron_expression.py took 0.164 seconds
[2024-09-26T05:49:29.022+0000] {processor.py:186} INFO - Started process (PID=159553) to work on /opt/airflow/dags/deck_with_cron_expression.py
[2024-09-26T05:49:29.024+0000] {processor.py:914} INFO - Processing file /opt/airflow/dags/deck_with_cron_expression.py for tasks to queue
[2024-09-26T05:49:29.027+0000] {logging_mixin.py:190} INFO - [2024-09-26T05:49:29.027+0000] {dagbag.py:587} INFO - Filling up the DagBag from /opt/airflow/dags/deck_with_cron_expression.py
[2024-09-26T05:49:29.124+0000] {processor.py:925} INFO - DAG(s) 'schedule_with_cron_expression_v03' retrieved from /opt/airflow/dags/deck_with_cron_expression.py
[2024-09-26T05:49:29.149+0000] {logging_mixin.py:190} INFO - [2024-09-26T05:49:29.149+0000] {dag.py:3229} INFO - Sync 1 DAGs
[2024-09-26T05:49:29.171+0000] {logging_mixin.py:190} INFO - [2024-09-26T05:49:29.171+0000] {dag.py:4156} INFO - Setting next_dagrun for schedule_with_cron_expression_v03 to 2024-09-12 03:00:00+00:00, run_after=2024-09-13 03:00:00+00:00
[2024-09-26T05:49:29.195+0000] {processor.py:208} INFO - Processing /opt/airflow/dags/deck_with_cron_expression.py took 0.183 seconds
[2024-09-26T05:49:59.741+0000] {processor.py:186} INFO - Started process (PID=159596) to work on /opt/airflow/dags/deck_with_cron_expression.py
[2024-09-26T05:49:59.743+0000] {processor.py:914} INFO - Processing file /opt/airflow/dags/deck_with_cron_expression.py for tasks to queue
[2024-09-26T05:49:59.745+0000] {logging_mixin.py:190} INFO - [2024-09-26T05:49:59.745+0000] {dagbag.py:587} INFO - Filling up the DagBag from /opt/airflow/dags/deck_with_cron_expression.py
[2024-09-26T05:49:59.839+0000] {processor.py:925} INFO - DAG(s) 'schedule_with_cron_expression_v03' retrieved from /opt/airflow/dags/deck_with_cron_expression.py
[2024-09-26T05:49:59.871+0000] {logging_mixin.py:190} INFO - [2024-09-26T05:49:59.871+0000] {dag.py:3229} INFO - Sync 1 DAGs
[2024-09-26T05:49:59.897+0000] {logging_mixin.py:190} INFO - [2024-09-26T05:49:59.897+0000] {dag.py:4156} INFO - Setting next_dagrun for schedule_with_cron_expression_v03 to 2024-09-12 03:00:00+00:00, run_after=2024-09-13 03:00:00+00:00
[2024-09-26T05:50:00.056+0000] {processor.py:208} INFO - Processing /opt/airflow/dags/deck_with_cron_expression.py took 0.322 seconds
[2024-09-26T05:50:30.602+0000] {processor.py:186} INFO - Started process (PID=159639) to work on /opt/airflow/dags/deck_with_cron_expression.py
[2024-09-26T05:50:30.604+0000] {processor.py:914} INFO - Processing file /opt/airflow/dags/deck_with_cron_expression.py for tasks to queue
[2024-09-26T05:50:30.606+0000] {logging_mixin.py:190} INFO - [2024-09-26T05:50:30.606+0000] {dagbag.py:587} INFO - Filling up the DagBag from /opt/airflow/dags/deck_with_cron_expression.py
[2024-09-26T05:50:30.686+0000] {processor.py:925} INFO - DAG(s) 'schedule_with_cron_expression_v03' retrieved from /opt/airflow/dags/deck_with_cron_expression.py
[2024-09-26T05:50:30.711+0000] {logging_mixin.py:190} INFO - [2024-09-26T05:50:30.711+0000] {dag.py:3229} INFO - Sync 1 DAGs
[2024-09-26T05:50:30.860+0000] {logging_mixin.py:190} INFO - [2024-09-26T05:50:30.860+0000] {dag.py:4156} INFO - Setting next_dagrun for schedule_with_cron_expression_v03 to 2024-09-12 03:00:00+00:00, run_after=2024-09-13 03:00:00+00:00
[2024-09-26T05:50:30.892+0000] {processor.py:208} INFO - Processing /opt/airflow/dags/deck_with_cron_expression.py took 0.295 seconds
[2024-09-26T05:51:01.319+0000] {processor.py:186} INFO - Started process (PID=159679) to work on /opt/airflow/dags/deck_with_cron_expression.py
[2024-09-26T05:51:01.321+0000] {processor.py:914} INFO - Processing file /opt/airflow/dags/deck_with_cron_expression.py for tasks to queue
[2024-09-26T05:51:01.323+0000] {logging_mixin.py:190} INFO - [2024-09-26T05:51:01.323+0000] {dagbag.py:587} INFO - Filling up the DagBag from /opt/airflow/dags/deck_with_cron_expression.py
[2024-09-26T05:51:01.391+0000] {processor.py:925} INFO - DAG(s) 'schedule_with_cron_expression_v03' retrieved from /opt/airflow/dags/deck_with_cron_expression.py
[2024-09-26T05:51:01.550+0000] {logging_mixin.py:190} INFO - [2024-09-26T05:51:01.550+0000] {dag.py:3229} INFO - Sync 1 DAGs
[2024-09-26T05:51:01.577+0000] {logging_mixin.py:190} INFO - [2024-09-26T05:51:01.577+0000] {dag.py:4156} INFO - Setting next_dagrun for schedule_with_cron_expression_v03 to 2024-09-12 03:00:00+00:00, run_after=2024-09-13 03:00:00+00:00
[2024-09-26T05:51:01.602+0000] {processor.py:208} INFO - Processing /opt/airflow/dags/deck_with_cron_expression.py took 0.290 seconds
[2024-09-26T05:51:32.341+0000] {processor.py:186} INFO - Started process (PID=159722) to work on /opt/airflow/dags/deck_with_cron_expression.py
[2024-09-26T05:51:32.342+0000] {processor.py:914} INFO - Processing file /opt/airflow/dags/deck_with_cron_expression.py for tasks to queue
[2024-09-26T05:51:32.344+0000] {logging_mixin.py:190} INFO - [2024-09-26T05:51:32.344+0000] {dagbag.py:587} INFO - Filling up the DagBag from /opt/airflow/dags/deck_with_cron_expression.py
[2024-09-26T05:51:32.429+0000] {processor.py:925} INFO - DAG(s) 'schedule_with_cron_expression_v03' retrieved from /opt/airflow/dags/deck_with_cron_expression.py
[2024-09-26T05:51:32.466+0000] {logging_mixin.py:190} INFO - [2024-09-26T05:51:32.466+0000] {dag.py:3229} INFO - Sync 1 DAGs
[2024-09-26T05:51:32.489+0000] {logging_mixin.py:190} INFO - [2024-09-26T05:51:32.489+0000] {dag.py:4156} INFO - Setting next_dagrun for schedule_with_cron_expression_v03 to 2024-09-12 03:00:00+00:00, run_after=2024-09-13 03:00:00+00:00
[2024-09-26T05:51:32.514+0000] {processor.py:208} INFO - Processing /opt/airflow/dags/deck_with_cron_expression.py took 0.188 seconds
[2024-09-26T05:52:02.891+0000] {processor.py:186} INFO - Started process (PID=159768) to work on /opt/airflow/dags/deck_with_cron_expression.py
[2024-09-26T05:52:02.892+0000] {processor.py:914} INFO - Processing file /opt/airflow/dags/deck_with_cron_expression.py for tasks to queue
[2024-09-26T05:52:02.894+0000] {logging_mixin.py:190} INFO - [2024-09-26T05:52:02.894+0000] {dagbag.py:587} INFO - Filling up the DagBag from /opt/airflow/dags/deck_with_cron_expression.py
[2024-09-26T05:52:03.006+0000] {processor.py:925} INFO - DAG(s) 'schedule_with_cron_expression_v03' retrieved from /opt/airflow/dags/deck_with_cron_expression.py
[2024-09-26T05:52:03.039+0000] {logging_mixin.py:190} INFO - [2024-09-26T05:52:03.039+0000] {dag.py:3229} INFO - Sync 1 DAGs
[2024-09-26T05:52:03.061+0000] {logging_mixin.py:190} INFO - [2024-09-26T05:52:03.060+0000] {dag.py:4156} INFO - Setting next_dagrun for schedule_with_cron_expression_v03 to 2024-09-12 03:00:00+00:00, run_after=2024-09-13 03:00:00+00:00
[2024-09-26T05:52:03.081+0000] {processor.py:208} INFO - Processing /opt/airflow/dags/deck_with_cron_expression.py took 0.196 seconds
[2024-09-26T05:52:33.433+0000] {processor.py:186} INFO - Started process (PID=159811) to work on /opt/airflow/dags/deck_with_cron_expression.py
[2024-09-26T05:52:33.437+0000] {processor.py:914} INFO - Processing file /opt/airflow/dags/deck_with_cron_expression.py for tasks to queue
[2024-09-26T05:52:33.441+0000] {logging_mixin.py:190} INFO - [2024-09-26T05:52:33.440+0000] {dagbag.py:587} INFO - Filling up the DagBag from /opt/airflow/dags/deck_with_cron_expression.py
[2024-09-26T05:52:33.529+0000] {processor.py:925} INFO - DAG(s) 'schedule_with_cron_expression_v03' retrieved from /opt/airflow/dags/deck_with_cron_expression.py
[2024-09-26T05:52:33.569+0000] {logging_mixin.py:190} INFO - [2024-09-26T05:52:33.568+0000] {dag.py:3229} INFO - Sync 1 DAGs
[2024-09-26T05:52:33.594+0000] {logging_mixin.py:190} INFO - [2024-09-26T05:52:33.594+0000] {dag.py:4156} INFO - Setting next_dagrun for schedule_with_cron_expression_v03 to 2024-09-12 03:00:00+00:00, run_after=2024-09-13 03:00:00+00:00
[2024-09-26T05:52:33.619+0000] {processor.py:208} INFO - Processing /opt/airflow/dags/deck_with_cron_expression.py took 0.198 seconds
[2024-09-26T05:53:04.124+0000] {processor.py:186} INFO - Started process (PID=159851) to work on /opt/airflow/dags/deck_with_cron_expression.py
[2024-09-26T05:53:04.125+0000] {processor.py:914} INFO - Processing file /opt/airflow/dags/deck_with_cron_expression.py for tasks to queue
[2024-09-26T05:53:04.127+0000] {logging_mixin.py:190} INFO - [2024-09-26T05:53:04.127+0000] {dagbag.py:587} INFO - Filling up the DagBag from /opt/airflow/dags/deck_with_cron_expression.py
[2024-09-26T05:53:04.223+0000] {processor.py:925} INFO - DAG(s) 'schedule_with_cron_expression_v03' retrieved from /opt/airflow/dags/deck_with_cron_expression.py
[2024-09-26T05:53:04.264+0000] {logging_mixin.py:190} INFO - [2024-09-26T05:53:04.264+0000] {dag.py:3229} INFO - Sync 1 DAGs
[2024-09-26T05:53:04.420+0000] {logging_mixin.py:190} INFO - [2024-09-26T05:53:04.419+0000] {dag.py:4156} INFO - Setting next_dagrun for schedule_with_cron_expression_v03 to 2024-09-12 03:00:00+00:00, run_after=2024-09-13 03:00:00+00:00
[2024-09-26T05:53:04.443+0000] {processor.py:208} INFO - Processing /opt/airflow/dags/deck_with_cron_expression.py took 0.325 seconds
[2024-09-26T05:53:34.746+0000] {processor.py:186} INFO - Started process (PID=159894) to work on /opt/airflow/dags/deck_with_cron_expression.py
[2024-09-26T05:53:34.749+0000] {processor.py:914} INFO - Processing file /opt/airflow/dags/deck_with_cron_expression.py for tasks to queue
[2024-09-26T05:53:34.755+0000] {logging_mixin.py:190} INFO - [2024-09-26T05:53:34.754+0000] {dagbag.py:587} INFO - Filling up the DagBag from /opt/airflow/dags/deck_with_cron_expression.py
[2024-09-26T05:53:34.875+0000] {processor.py:925} INFO - DAG(s) 'schedule_with_cron_expression_v03' retrieved from /opt/airflow/dags/deck_with_cron_expression.py
[2024-09-26T05:53:34.925+0000] {logging_mixin.py:190} INFO - [2024-09-26T05:53:34.925+0000] {dag.py:3229} INFO - Sync 1 DAGs
[2024-09-26T05:53:35.119+0000] {logging_mixin.py:190} INFO - [2024-09-26T05:53:35.119+0000] {dag.py:4156} INFO - Setting next_dagrun for schedule_with_cron_expression_v03 to 2024-09-12 03:00:00+00:00, run_after=2024-09-13 03:00:00+00:00
[2024-09-26T05:53:35.156+0000] {processor.py:208} INFO - Processing /opt/airflow/dags/deck_with_cron_expression.py took 0.425 seconds
[2024-09-26T05:54:06.074+0000] {processor.py:186} INFO - Started process (PID=159937) to work on /opt/airflow/dags/deck_with_cron_expression.py
[2024-09-26T05:54:06.076+0000] {processor.py:914} INFO - Processing file /opt/airflow/dags/deck_with_cron_expression.py for tasks to queue
[2024-09-26T05:54:06.078+0000] {logging_mixin.py:190} INFO - [2024-09-26T05:54:06.077+0000] {dagbag.py:587} INFO - Filling up the DagBag from /opt/airflow/dags/deck_with_cron_expression.py
[2024-09-26T05:54:06.154+0000] {processor.py:925} INFO - DAG(s) 'schedule_with_cron_expression_v03' retrieved from /opt/airflow/dags/deck_with_cron_expression.py
[2024-09-26T05:54:06.183+0000] {logging_mixin.py:190} INFO - [2024-09-26T05:54:06.182+0000] {dag.py:3229} INFO - Sync 1 DAGs
[2024-09-26T05:54:06.213+0000] {logging_mixin.py:190} INFO - [2024-09-26T05:54:06.212+0000] {dag.py:4156} INFO - Setting next_dagrun for schedule_with_cron_expression_v03 to 2024-09-12 03:00:00+00:00, run_after=2024-09-13 03:00:00+00:00
[2024-09-26T05:54:06.240+0000] {processor.py:208} INFO - Processing /opt/airflow/dags/deck_with_cron_expression.py took 0.171 seconds
[2024-09-26T05:54:36.677+0000] {processor.py:186} INFO - Started process (PID=159980) to work on /opt/airflow/dags/deck_with_cron_expression.py
[2024-09-26T05:54:36.679+0000] {processor.py:914} INFO - Processing file /opt/airflow/dags/deck_with_cron_expression.py for tasks to queue
[2024-09-26T05:54:36.681+0000] {logging_mixin.py:190} INFO - [2024-09-26T05:54:36.681+0000] {dagbag.py:587} INFO - Filling up the DagBag from /opt/airflow/dags/deck_with_cron_expression.py
[2024-09-26T05:54:36.753+0000] {processor.py:925} INFO - DAG(s) 'schedule_with_cron_expression_v03' retrieved from /opt/airflow/dags/deck_with_cron_expression.py
[2024-09-26T05:54:36.789+0000] {logging_mixin.py:190} INFO - [2024-09-26T05:54:36.789+0000] {dag.py:3229} INFO - Sync 1 DAGs
[2024-09-26T05:54:36.816+0000] {logging_mixin.py:190} INFO - [2024-09-26T05:54:36.815+0000] {dag.py:4156} INFO - Setting next_dagrun for schedule_with_cron_expression_v03 to 2024-09-12 03:00:00+00:00, run_after=2024-09-13 03:00:00+00:00
[2024-09-26T05:54:36.845+0000] {processor.py:208} INFO - Processing /opt/airflow/dags/deck_with_cron_expression.py took 0.173 seconds
[2024-09-26T05:55:07.288+0000] {processor.py:186} INFO - Started process (PID=160023) to work on /opt/airflow/dags/deck_with_cron_expression.py
[2024-09-26T05:55:07.290+0000] {processor.py:914} INFO - Processing file /opt/airflow/dags/deck_with_cron_expression.py for tasks to queue
[2024-09-26T05:55:07.292+0000] {logging_mixin.py:190} INFO - [2024-09-26T05:55:07.291+0000] {dagbag.py:587} INFO - Filling up the DagBag from /opt/airflow/dags/deck_with_cron_expression.py
[2024-09-26T05:55:07.375+0000] {processor.py:925} INFO - DAG(s) 'schedule_with_cron_expression_v03' retrieved from /opt/airflow/dags/deck_with_cron_expression.py
[2024-09-26T05:55:07.400+0000] {logging_mixin.py:190} INFO - [2024-09-26T05:55:07.399+0000] {dag.py:3229} INFO - Sync 1 DAGs
[2024-09-26T05:55:07.422+0000] {logging_mixin.py:190} INFO - [2024-09-26T05:55:07.422+0000] {dag.py:4156} INFO - Setting next_dagrun for schedule_with_cron_expression_v03 to 2024-09-12 03:00:00+00:00, run_after=2024-09-13 03:00:00+00:00
[2024-09-26T05:55:07.452+0000] {processor.py:208} INFO - Processing /opt/airflow/dags/deck_with_cron_expression.py took 0.176 seconds
[2024-09-26T05:55:37.973+0000] {processor.py:186} INFO - Started process (PID=160066) to work on /opt/airflow/dags/deck_with_cron_expression.py
[2024-09-26T05:55:37.976+0000] {processor.py:914} INFO - Processing file /opt/airflow/dags/deck_with_cron_expression.py for tasks to queue
[2024-09-26T05:55:37.980+0000] {logging_mixin.py:190} INFO - [2024-09-26T05:55:37.979+0000] {dagbag.py:587} INFO - Filling up the DagBag from /opt/airflow/dags/deck_with_cron_expression.py
[2024-09-26T05:55:38.100+0000] {processor.py:925} INFO - DAG(s) 'schedule_with_cron_expression_v03' retrieved from /opt/airflow/dags/deck_with_cron_expression.py
[2024-09-26T05:55:38.135+0000] {logging_mixin.py:190} INFO - [2024-09-26T05:55:38.135+0000] {dag.py:3229} INFO - Sync 1 DAGs
[2024-09-26T05:55:38.289+0000] {logging_mixin.py:190} INFO - [2024-09-26T05:55:38.288+0000] {dag.py:4156} INFO - Setting next_dagrun for schedule_with_cron_expression_v03 to 2024-09-12 03:00:00+00:00, run_after=2024-09-13 03:00:00+00:00
[2024-09-26T05:55:38.321+0000] {processor.py:208} INFO - Processing /opt/airflow/dags/deck_with_cron_expression.py took 0.359 seconds
[2024-09-26T05:56:08.653+0000] {processor.py:186} INFO - Started process (PID=160109) to work on /opt/airflow/dags/deck_with_cron_expression.py
[2024-09-26T05:56:08.656+0000] {processor.py:914} INFO - Processing file /opt/airflow/dags/deck_with_cron_expression.py for tasks to queue
[2024-09-26T05:56:08.658+0000] {logging_mixin.py:190} INFO - [2024-09-26T05:56:08.657+0000] {dagbag.py:587} INFO - Filling up the DagBag from /opt/airflow/dags/deck_with_cron_expression.py
[2024-09-26T05:56:08.772+0000] {processor.py:925} INFO - DAG(s) 'schedule_with_cron_expression_v03' retrieved from /opt/airflow/dags/deck_with_cron_expression.py
[2024-09-26T05:56:08.802+0000] {logging_mixin.py:190} INFO - [2024-09-26T05:56:08.802+0000] {dag.py:3229} INFO - Sync 1 DAGs
[2024-09-26T05:56:08.946+0000] {logging_mixin.py:190} INFO - [2024-09-26T05:56:08.946+0000] {dag.py:4156} INFO - Setting next_dagrun for schedule_with_cron_expression_v03 to 2024-09-12 03:00:00+00:00, run_after=2024-09-13 03:00:00+00:00
[2024-09-26T05:56:08.974+0000] {processor.py:208} INFO - Processing /opt/airflow/dags/deck_with_cron_expression.py took 0.330 seconds
[2024-09-26T05:56:39.406+0000] {processor.py:186} INFO - Started process (PID=160152) to work on /opt/airflow/dags/deck_with_cron_expression.py
[2024-09-26T05:56:39.408+0000] {processor.py:914} INFO - Processing file /opt/airflow/dags/deck_with_cron_expression.py for tasks to queue
[2024-09-26T05:56:39.412+0000] {logging_mixin.py:190} INFO - [2024-09-26T05:56:39.411+0000] {dagbag.py:587} INFO - Filling up the DagBag from /opt/airflow/dags/deck_with_cron_expression.py
[2024-09-26T05:56:39.527+0000] {processor.py:925} INFO - DAG(s) 'schedule_with_cron_expression_v03' retrieved from /opt/airflow/dags/deck_with_cron_expression.py
[2024-09-26T05:56:39.688+0000] {logging_mixin.py:190} INFO - [2024-09-26T05:56:39.687+0000] {dag.py:3229} INFO - Sync 1 DAGs
[2024-09-26T05:56:39.711+0000] {logging_mixin.py:190} INFO - [2024-09-26T05:56:39.711+0000] {dag.py:4156} INFO - Setting next_dagrun for schedule_with_cron_expression_v03 to 2024-09-12 03:00:00+00:00, run_after=2024-09-13 03:00:00+00:00
[2024-09-26T05:56:39.746+0000] {processor.py:208} INFO - Processing /opt/airflow/dags/deck_with_cron_expression.py took 0.352 seconds
[2024-09-26T05:57:09.922+0000] {processor.py:186} INFO - Started process (PID=160195) to work on /opt/airflow/dags/deck_with_cron_expression.py
[2024-09-26T05:57:09.923+0000] {processor.py:914} INFO - Processing file /opt/airflow/dags/deck_with_cron_expression.py for tasks to queue
[2024-09-26T05:57:09.925+0000] {logging_mixin.py:190} INFO - [2024-09-26T05:57:09.925+0000] {dagbag.py:587} INFO - Filling up the DagBag from /opt/airflow/dags/deck_with_cron_expression.py
[2024-09-26T05:57:09.985+0000] {processor.py:925} INFO - DAG(s) 'schedule_with_cron_expression_v03' retrieved from /opt/airflow/dags/deck_with_cron_expression.py
[2024-09-26T05:57:10.013+0000] {logging_mixin.py:190} INFO - [2024-09-26T05:57:10.012+0000] {dag.py:3229} INFO - Sync 1 DAGs
[2024-09-26T05:57:10.034+0000] {logging_mixin.py:190} INFO - [2024-09-26T05:57:10.034+0000] {dag.py:4156} INFO - Setting next_dagrun for schedule_with_cron_expression_v03 to 2024-09-12 03:00:00+00:00, run_after=2024-09-13 03:00:00+00:00
[2024-09-26T05:57:10.059+0000] {processor.py:208} INFO - Processing /opt/airflow/dags/deck_with_cron_expression.py took 0.147 seconds
[2024-09-26T05:57:40.473+0000] {processor.py:186} INFO - Started process (PID=160238) to work on /opt/airflow/dags/deck_with_cron_expression.py
[2024-09-26T05:57:40.475+0000] {processor.py:914} INFO - Processing file /opt/airflow/dags/deck_with_cron_expression.py for tasks to queue
[2024-09-26T05:57:40.478+0000] {logging_mixin.py:190} INFO - [2024-09-26T05:57:40.477+0000] {dagbag.py:587} INFO - Filling up the DagBag from /opt/airflow/dags/deck_with_cron_expression.py
[2024-09-26T05:57:40.556+0000] {processor.py:925} INFO - DAG(s) 'schedule_with_cron_expression_v03' retrieved from /opt/airflow/dags/deck_with_cron_expression.py
[2024-09-26T05:57:40.587+0000] {logging_mixin.py:190} INFO - [2024-09-26T05:57:40.587+0000] {dag.py:3229} INFO - Sync 1 DAGs
[2024-09-26T05:57:40.615+0000] {logging_mixin.py:190} INFO - [2024-09-26T05:57:40.615+0000] {dag.py:4156} INFO - Setting next_dagrun for schedule_with_cron_expression_v03 to 2024-09-12 03:00:00+00:00, run_after=2024-09-13 03:00:00+00:00
[2024-09-26T05:57:40.648+0000] {processor.py:208} INFO - Processing /opt/airflow/dags/deck_with_cron_expression.py took 0.184 seconds
[2024-09-26T05:58:11.023+0000] {processor.py:186} INFO - Started process (PID=160281) to work on /opt/airflow/dags/deck_with_cron_expression.py
[2024-09-26T05:58:11.024+0000] {processor.py:914} INFO - Processing file /opt/airflow/dags/deck_with_cron_expression.py for tasks to queue
[2024-09-26T05:58:11.027+0000] {logging_mixin.py:190} INFO - [2024-09-26T05:58:11.026+0000] {dagbag.py:587} INFO - Filling up the DagBag from /opt/airflow/dags/deck_with_cron_expression.py
[2024-09-26T05:58:11.110+0000] {processor.py:925} INFO - DAG(s) 'schedule_with_cron_expression_v03' retrieved from /opt/airflow/dags/deck_with_cron_expression.py
[2024-09-26T05:58:11.137+0000] {logging_mixin.py:190} INFO - [2024-09-26T05:58:11.136+0000] {dag.py:3229} INFO - Sync 1 DAGs
[2024-09-26T05:58:11.162+0000] {logging_mixin.py:190} INFO - [2024-09-26T05:58:11.162+0000] {dag.py:4156} INFO - Setting next_dagrun for schedule_with_cron_expression_v03 to 2024-09-12 03:00:00+00:00, run_after=2024-09-13 03:00:00+00:00
[2024-09-26T05:58:11.195+0000] {processor.py:208} INFO - Processing /opt/airflow/dags/deck_with_cron_expression.py took 0.184 seconds
[2024-09-26T05:58:41.613+0000] {processor.py:186} INFO - Started process (PID=160324) to work on /opt/airflow/dags/deck_with_cron_expression.py
[2024-09-26T05:58:41.615+0000] {processor.py:914} INFO - Processing file /opt/airflow/dags/deck_with_cron_expression.py for tasks to queue
[2024-09-26T05:58:41.618+0000] {logging_mixin.py:190} INFO - [2024-09-26T05:58:41.617+0000] {dagbag.py:587} INFO - Filling up the DagBag from /opt/airflow/dags/deck_with_cron_expression.py
[2024-09-26T05:58:41.730+0000] {processor.py:925} INFO - DAG(s) 'schedule_with_cron_expression_v03' retrieved from /opt/airflow/dags/deck_with_cron_expression.py
[2024-09-26T05:58:41.765+0000] {logging_mixin.py:190} INFO - [2024-09-26T05:58:41.765+0000] {dag.py:3229} INFO - Sync 1 DAGs
[2024-09-26T05:58:41.899+0000] {logging_mixin.py:190} INFO - [2024-09-26T05:58:41.899+0000] {dag.py:4156} INFO - Setting next_dagrun for schedule_with_cron_expression_v03 to 2024-09-12 03:00:00+00:00, run_after=2024-09-13 03:00:00+00:00
[2024-09-26T05:58:41.937+0000] {processor.py:208} INFO - Processing /opt/airflow/dags/deck_with_cron_expression.py took 0.330 seconds
[2024-09-26T05:59:12.326+0000] {processor.py:186} INFO - Started process (PID=160367) to work on /opt/airflow/dags/deck_with_cron_expression.py
[2024-09-26T05:59:12.328+0000] {processor.py:914} INFO - Processing file /opt/airflow/dags/deck_with_cron_expression.py for tasks to queue
[2024-09-26T05:59:12.331+0000] {logging_mixin.py:190} INFO - [2024-09-26T05:59:12.330+0000] {dagbag.py:587} INFO - Filling up the DagBag from /opt/airflow/dags/deck_with_cron_expression.py
[2024-09-26T05:59:12.405+0000] {processor.py:925} INFO - DAG(s) 'schedule_with_cron_expression_v03' retrieved from /opt/airflow/dags/deck_with_cron_expression.py
[2024-09-26T05:59:12.430+0000] {logging_mixin.py:190} INFO - [2024-09-26T05:59:12.430+0000] {dag.py:3229} INFO - Sync 1 DAGs
[2024-09-26T05:59:12.600+0000] {logging_mixin.py:190} INFO - [2024-09-26T05:59:12.599+0000] {dag.py:4156} INFO - Setting next_dagrun for schedule_with_cron_expression_v03 to 2024-09-12 03:00:00+00:00, run_after=2024-09-13 03:00:00+00:00
[2024-09-26T05:59:12.637+0000] {processor.py:208} INFO - Processing /opt/airflow/dags/deck_with_cron_expression.py took 0.324 seconds
[2024-09-26T05:59:42.825+0000] {processor.py:186} INFO - Started process (PID=160410) to work on /opt/airflow/dags/deck_with_cron_expression.py
[2024-09-26T05:59:42.827+0000] {processor.py:914} INFO - Processing file /opt/airflow/dags/deck_with_cron_expression.py for tasks to queue
[2024-09-26T05:59:42.829+0000] {logging_mixin.py:190} INFO - [2024-09-26T05:59:42.829+0000] {dagbag.py:587} INFO - Filling up the DagBag from /opt/airflow/dags/deck_with_cron_expression.py
[2024-09-26T05:59:42.928+0000] {processor.py:925} INFO - DAG(s) 'schedule_with_cron_expression_v03' retrieved from /opt/airflow/dags/deck_with_cron_expression.py
[2024-09-26T05:59:42.956+0000] {logging_mixin.py:190} INFO - [2024-09-26T05:59:42.955+0000] {dag.py:3229} INFO - Sync 1 DAGs
[2024-09-26T05:59:42.978+0000] {logging_mixin.py:190} INFO - [2024-09-26T05:59:42.978+0000] {dag.py:4156} INFO - Setting next_dagrun for schedule_with_cron_expression_v03 to 2024-09-12 03:00:00+00:00, run_after=2024-09-13 03:00:00+00:00
[2024-09-26T05:59:43.003+0000] {processor.py:208} INFO - Processing /opt/airflow/dags/deck_with_cron_expression.py took 0.185 seconds
[2024-09-26T06:00:13.654+0000] {processor.py:186} INFO - Started process (PID=160453) to work on /opt/airflow/dags/deck_with_cron_expression.py
[2024-09-26T06:00:13.658+0000] {processor.py:914} INFO - Processing file /opt/airflow/dags/deck_with_cron_expression.py for tasks to queue
[2024-09-26T06:00:13.663+0000] {logging_mixin.py:190} INFO - [2024-09-26T06:00:13.662+0000] {dagbag.py:587} INFO - Filling up the DagBag from /opt/airflow/dags/deck_with_cron_expression.py
[2024-09-26T06:00:13.795+0000] {processor.py:925} INFO - DAG(s) 'schedule_with_cron_expression_v03' retrieved from /opt/airflow/dags/deck_with_cron_expression.py
[2024-09-26T06:00:13.840+0000] {logging_mixin.py:190} INFO - [2024-09-26T06:00:13.840+0000] {dag.py:3229} INFO - Sync 1 DAGs
[2024-09-26T06:00:13.872+0000] {logging_mixin.py:190} INFO - [2024-09-26T06:00:13.871+0000] {dag.py:4156} INFO - Setting next_dagrun for schedule_with_cron_expression_v03 to 2024-09-12 03:00:00+00:00, run_after=2024-09-13 03:00:00+00:00
[2024-09-26T06:00:13.903+0000] {processor.py:208} INFO - Processing /opt/airflow/dags/deck_with_cron_expression.py took 0.269 seconds
[2024-09-26T06:00:44.201+0000] {processor.py:186} INFO - Started process (PID=160496) to work on /opt/airflow/dags/deck_with_cron_expression.py
[2024-09-26T06:00:44.203+0000] {processor.py:914} INFO - Processing file /opt/airflow/dags/deck_with_cron_expression.py for tasks to queue
[2024-09-26T06:00:44.207+0000] {logging_mixin.py:190} INFO - [2024-09-26T06:00:44.206+0000] {dagbag.py:587} INFO - Filling up the DagBag from /opt/airflow/dags/deck_with_cron_expression.py
[2024-09-26T06:00:44.293+0000] {processor.py:925} INFO - DAG(s) 'schedule_with_cron_expression_v03' retrieved from /opt/airflow/dags/deck_with_cron_expression.py
[2024-09-26T06:00:44.317+0000] {logging_mixin.py:190} INFO - [2024-09-26T06:00:44.317+0000] {dag.py:3229} INFO - Sync 1 DAGs
[2024-09-26T06:00:44.338+0000] {logging_mixin.py:190} INFO - [2024-09-26T06:00:44.338+0000] {dag.py:4156} INFO - Setting next_dagrun for schedule_with_cron_expression_v03 to 2024-09-12 03:00:00+00:00, run_after=2024-09-13 03:00:00+00:00
[2024-09-26T06:00:44.368+0000] {processor.py:208} INFO - Processing /opt/airflow/dags/deck_with_cron_expression.py took 0.179 seconds
[2024-09-26T06:01:14.990+0000] {processor.py:186} INFO - Started process (PID=160539) to work on /opt/airflow/dags/deck_with_cron_expression.py
[2024-09-26T06:01:14.992+0000] {processor.py:914} INFO - Processing file /opt/airflow/dags/deck_with_cron_expression.py for tasks to queue
[2024-09-26T06:01:14.994+0000] {logging_mixin.py:190} INFO - [2024-09-26T06:01:14.994+0000] {dagbag.py:587} INFO - Filling up the DagBag from /opt/airflow/dags/deck_with_cron_expression.py
[2024-09-26T06:01:15.077+0000] {processor.py:925} INFO - DAG(s) 'schedule_with_cron_expression_v03' retrieved from /opt/airflow/dags/deck_with_cron_expression.py
[2024-09-26T06:01:15.102+0000] {logging_mixin.py:190} INFO - [2024-09-26T06:01:15.102+0000] {dag.py:3229} INFO - Sync 1 DAGs
[2024-09-26T06:01:15.268+0000] {logging_mixin.py:190} INFO - [2024-09-26T06:01:15.267+0000] {dag.py:4156} INFO - Setting next_dagrun for schedule_with_cron_expression_v03 to 2024-09-12 03:00:00+00:00, run_after=2024-09-13 03:00:00+00:00
[2024-09-26T06:01:15.295+0000] {processor.py:208} INFO - Processing /opt/airflow/dags/deck_with_cron_expression.py took 0.310 seconds
[2024-09-26T06:01:45.709+0000] {processor.py:186} INFO - Started process (PID=160582) to work on /opt/airflow/dags/deck_with_cron_expression.py
[2024-09-26T06:01:45.712+0000] {processor.py:914} INFO - Processing file /opt/airflow/dags/deck_with_cron_expression.py for tasks to queue
[2024-09-26T06:01:45.716+0000] {logging_mixin.py:190} INFO - [2024-09-26T06:01:45.715+0000] {dagbag.py:587} INFO - Filling up the DagBag from /opt/airflow/dags/deck_with_cron_expression.py
[2024-09-26T06:01:45.817+0000] {processor.py:925} INFO - DAG(s) 'schedule_with_cron_expression_v03' retrieved from /opt/airflow/dags/deck_with_cron_expression.py
[2024-09-26T06:01:45.848+0000] {logging_mixin.py:190} INFO - [2024-09-26T06:01:45.848+0000] {dag.py:3229} INFO - Sync 1 DAGs
[2024-09-26T06:01:45.984+0000] {logging_mixin.py:190} INFO - [2024-09-26T06:01:45.984+0000] {dag.py:4156} INFO - Setting next_dagrun for schedule_with_cron_expression_v03 to 2024-09-12 03:00:00+00:00, run_after=2024-09-13 03:00:00+00:00
[2024-09-26T06:01:46.011+0000] {processor.py:208} INFO - Processing /opt/airflow/dags/deck_with_cron_expression.py took 0.313 seconds
[2024-09-26T06:02:16.350+0000] {processor.py:186} INFO - Started process (PID=160625) to work on /opt/airflow/dags/deck_with_cron_expression.py
[2024-09-26T06:02:16.352+0000] {processor.py:914} INFO - Processing file /opt/airflow/dags/deck_with_cron_expression.py for tasks to queue
[2024-09-26T06:02:16.354+0000] {logging_mixin.py:190} INFO - [2024-09-26T06:02:16.354+0000] {dagbag.py:587} INFO - Filling up the DagBag from /opt/airflow/dags/deck_with_cron_expression.py
[2024-09-26T06:02:16.453+0000] {processor.py:925} INFO - DAG(s) 'schedule_with_cron_expression_v03' retrieved from /opt/airflow/dags/deck_with_cron_expression.py
[2024-09-26T06:02:16.636+0000] {logging_mixin.py:190} INFO - [2024-09-26T06:02:16.635+0000] {dag.py:3229} INFO - Sync 1 DAGs
[2024-09-26T06:02:16.655+0000] {logging_mixin.py:190} INFO - [2024-09-26T06:02:16.654+0000] {dag.py:4156} INFO - Setting next_dagrun for schedule_with_cron_expression_v03 to 2024-09-12 03:00:00+00:00, run_after=2024-09-13 03:00:00+00:00
[2024-09-26T06:02:16.676+0000] {processor.py:208} INFO - Processing /opt/airflow/dags/deck_with_cron_expression.py took 0.332 seconds
[2024-09-26T06:02:46.868+0000] {processor.py:186} INFO - Started process (PID=160668) to work on /opt/airflow/dags/deck_with_cron_expression.py
[2024-09-26T06:02:46.870+0000] {processor.py:914} INFO - Processing file /opt/airflow/dags/deck_with_cron_expression.py for tasks to queue
[2024-09-26T06:02:46.872+0000] {logging_mixin.py:190} INFO - [2024-09-26T06:02:46.872+0000] {dagbag.py:587} INFO - Filling up the DagBag from /opt/airflow/dags/deck_with_cron_expression.py
[2024-09-26T06:02:46.965+0000] {processor.py:925} INFO - DAG(s) 'schedule_with_cron_expression_v03' retrieved from /opt/airflow/dags/deck_with_cron_expression.py
[2024-09-26T06:02:46.994+0000] {logging_mixin.py:190} INFO - [2024-09-26T06:02:46.994+0000] {dag.py:3229} INFO - Sync 1 DAGs
[2024-09-26T06:02:47.014+0000] {logging_mixin.py:190} INFO - [2024-09-26T06:02:47.014+0000] {dag.py:4156} INFO - Setting next_dagrun for schedule_with_cron_expression_v03 to 2024-09-12 03:00:00+00:00, run_after=2024-09-13 03:00:00+00:00
[2024-09-26T06:02:47.036+0000] {processor.py:208} INFO - Processing /opt/airflow/dags/deck_with_cron_expression.py took 0.177 seconds
[2024-09-26T06:03:17.597+0000] {processor.py:186} INFO - Started process (PID=160711) to work on /opt/airflow/dags/deck_with_cron_expression.py
[2024-09-26T06:03:17.599+0000] {processor.py:914} INFO - Processing file /opt/airflow/dags/deck_with_cron_expression.py for tasks to queue
[2024-09-26T06:03:17.602+0000] {logging_mixin.py:190} INFO - [2024-09-26T06:03:17.602+0000] {dagbag.py:587} INFO - Filling up the DagBag from /opt/airflow/dags/deck_with_cron_expression.py
[2024-09-26T06:03:17.708+0000] {processor.py:925} INFO - DAG(s) 'schedule_with_cron_expression_v03' retrieved from /opt/airflow/dags/deck_with_cron_expression.py
[2024-09-26T06:03:17.733+0000] {logging_mixin.py:190} INFO - [2024-09-26T06:03:17.733+0000] {dag.py:3229} INFO - Sync 1 DAGs
[2024-09-26T06:03:17.757+0000] {logging_mixin.py:190} INFO - [2024-09-26T06:03:17.757+0000] {dag.py:4156} INFO - Setting next_dagrun for schedule_with_cron_expression_v03 to 2024-09-12 03:00:00+00:00, run_after=2024-09-13 03:00:00+00:00
[2024-09-26T06:03:17.784+0000] {processor.py:208} INFO - Processing /opt/airflow/dags/deck_with_cron_expression.py took 0.193 seconds
[2024-09-26T06:03:48.361+0000] {processor.py:186} INFO - Started process (PID=160754) to work on /opt/airflow/dags/deck_with_cron_expression.py
[2024-09-26T06:03:48.363+0000] {processor.py:914} INFO - Processing file /opt/airflow/dags/deck_with_cron_expression.py for tasks to queue
[2024-09-26T06:03:48.366+0000] {logging_mixin.py:190} INFO - [2024-09-26T06:03:48.365+0000] {dagbag.py:587} INFO - Filling up the DagBag from /opt/airflow/dags/deck_with_cron_expression.py
[2024-09-26T06:03:48.461+0000] {processor.py:925} INFO - DAG(s) 'schedule_with_cron_expression_v03' retrieved from /opt/airflow/dags/deck_with_cron_expression.py
[2024-09-26T06:03:48.484+0000] {logging_mixin.py:190} INFO - [2024-09-26T06:03:48.484+0000] {dag.py:3229} INFO - Sync 1 DAGs
[2024-09-26T06:03:48.509+0000] {logging_mixin.py:190} INFO - [2024-09-26T06:03:48.508+0000] {dag.py:4156} INFO - Setting next_dagrun for schedule_with_cron_expression_v03 to 2024-09-12 03:00:00+00:00, run_after=2024-09-13 03:00:00+00:00
[2024-09-26T06:03:48.663+0000] {processor.py:208} INFO - Processing /opt/airflow/dags/deck_with_cron_expression.py took 0.313 seconds
[2024-09-26T06:04:19.099+0000] {processor.py:186} INFO - Started process (PID=160797) to work on /opt/airflow/dags/deck_with_cron_expression.py
[2024-09-26T06:04:19.102+0000] {processor.py:914} INFO - Processing file /opt/airflow/dags/deck_with_cron_expression.py for tasks to queue
[2024-09-26T06:04:19.105+0000] {logging_mixin.py:190} INFO - [2024-09-26T06:04:19.105+0000] {dagbag.py:587} INFO - Filling up the DagBag from /opt/airflow/dags/deck_with_cron_expression.py
[2024-09-26T06:04:19.266+0000] {processor.py:925} INFO - DAG(s) 'schedule_with_cron_expression_v03' retrieved from /opt/airflow/dags/deck_with_cron_expression.py
[2024-09-26T06:04:19.321+0000] {logging_mixin.py:190} INFO - [2024-09-26T06:04:19.321+0000] {dag.py:3229} INFO - Sync 1 DAGs
[2024-09-26T06:04:19.556+0000] {logging_mixin.py:190} INFO - [2024-09-26T06:04:19.556+0000] {dag.py:4156} INFO - Setting next_dagrun for schedule_with_cron_expression_v03 to 2024-09-12 03:00:00+00:00, run_after=2024-09-13 03:00:00+00:00
[2024-09-26T06:04:19.590+0000] {processor.py:208} INFO - Processing /opt/airflow/dags/deck_with_cron_expression.py took 0.509 seconds
[2024-09-26T06:04:50.174+0000] {processor.py:186} INFO - Started process (PID=160840) to work on /opt/airflow/dags/deck_with_cron_expression.py
[2024-09-26T06:04:50.176+0000] {processor.py:914} INFO - Processing file /opt/airflow/dags/deck_with_cron_expression.py for tasks to queue
[2024-09-26T06:04:50.184+0000] {logging_mixin.py:190} INFO - [2024-09-26T06:04:50.182+0000] {dagbag.py:587} INFO - Filling up the DagBag from /opt/airflow/dags/deck_with_cron_expression.py
[2024-09-26T06:04:50.269+0000] {processor.py:925} INFO - DAG(s) 'schedule_with_cron_expression_v03' retrieved from /opt/airflow/dags/deck_with_cron_expression.py
[2024-09-26T06:04:50.433+0000] {logging_mixin.py:190} INFO - [2024-09-26T06:04:50.433+0000] {dag.py:3229} INFO - Sync 1 DAGs
[2024-09-26T06:04:50.454+0000] {logging_mixin.py:190} INFO - [2024-09-26T06:04:50.453+0000] {dag.py:4156} INFO - Setting next_dagrun for schedule_with_cron_expression_v03 to 2024-09-12 03:00:00+00:00, run_after=2024-09-13 03:00:00+00:00
[2024-09-26T06:04:50.477+0000] {processor.py:208} INFO - Processing /opt/airflow/dags/deck_with_cron_expression.py took 0.313 seconds
[2024-09-26T06:05:20.962+0000] {processor.py:186} INFO - Started process (PID=160883) to work on /opt/airflow/dags/deck_with_cron_expression.py
[2024-09-26T06:05:20.965+0000] {processor.py:914} INFO - Processing file /opt/airflow/dags/deck_with_cron_expression.py for tasks to queue
[2024-09-26T06:05:20.971+0000] {logging_mixin.py:190} INFO - [2024-09-26T06:05:20.971+0000] {dagbag.py:587} INFO - Filling up the DagBag from /opt/airflow/dags/deck_with_cron_expression.py
[2024-09-26T06:05:21.087+0000] {processor.py:925} INFO - DAG(s) 'schedule_with_cron_expression_v03' retrieved from /opt/airflow/dags/deck_with_cron_expression.py
[2024-09-26T06:05:21.114+0000] {logging_mixin.py:190} INFO - [2024-09-26T06:05:21.114+0000] {dag.py:3229} INFO - Sync 1 DAGs
[2024-09-26T06:05:21.136+0000] {logging_mixin.py:190} INFO - [2024-09-26T06:05:21.135+0000] {dag.py:4156} INFO - Setting next_dagrun for schedule_with_cron_expression_v03 to 2024-09-12 03:00:00+00:00, run_after=2024-09-13 03:00:00+00:00
[2024-09-26T06:05:21.160+0000] {processor.py:208} INFO - Processing /opt/airflow/dags/deck_with_cron_expression.py took 0.214 seconds
[2024-09-26T06:05:51.555+0000] {processor.py:186} INFO - Started process (PID=160926) to work on /opt/airflow/dags/deck_with_cron_expression.py
[2024-09-26T06:05:51.557+0000] {processor.py:914} INFO - Processing file /opt/airflow/dags/deck_with_cron_expression.py for tasks to queue
[2024-09-26T06:05:51.561+0000] {logging_mixin.py:190} INFO - [2024-09-26T06:05:51.561+0000] {dagbag.py:587} INFO - Filling up the DagBag from /opt/airflow/dags/deck_with_cron_expression.py
[2024-09-26T06:05:51.671+0000] {processor.py:925} INFO - DAG(s) 'schedule_with_cron_expression_v03' retrieved from /opt/airflow/dags/deck_with_cron_expression.py
[2024-09-26T06:05:51.699+0000] {logging_mixin.py:190} INFO - [2024-09-26T06:05:51.699+0000] {dag.py:3229} INFO - Sync 1 DAGs
[2024-09-26T06:05:51.723+0000] {logging_mixin.py:190} INFO - [2024-09-26T06:05:51.723+0000] {dag.py:4156} INFO - Setting next_dagrun for schedule_with_cron_expression_v03 to 2024-09-12 03:00:00+00:00, run_after=2024-09-13 03:00:00+00:00
[2024-09-26T06:05:51.759+0000] {processor.py:208} INFO - Processing /opt/airflow/dags/deck_with_cron_expression.py took 0.214 seconds
[2024-09-26T06:06:22.181+0000] {processor.py:186} INFO - Started process (PID=160969) to work on /opt/airflow/dags/deck_with_cron_expression.py
[2024-09-26T06:06:22.182+0000] {processor.py:914} INFO - Processing file /opt/airflow/dags/deck_with_cron_expression.py for tasks to queue
[2024-09-26T06:06:22.184+0000] {logging_mixin.py:190} INFO - [2024-09-26T06:06:22.184+0000] {dagbag.py:587} INFO - Filling up the DagBag from /opt/airflow/dags/deck_with_cron_expression.py
[2024-09-26T06:06:22.315+0000] {processor.py:925} INFO - DAG(s) 'schedule_with_cron_expression_v03' retrieved from /opt/airflow/dags/deck_with_cron_expression.py
[2024-09-26T06:06:22.344+0000] {logging_mixin.py:190} INFO - [2024-09-26T06:06:22.344+0000] {dag.py:3229} INFO - Sync 1 DAGs
[2024-09-26T06:06:22.368+0000] {logging_mixin.py:190} INFO - [2024-09-26T06:06:22.368+0000] {dag.py:4156} INFO - Setting next_dagrun for schedule_with_cron_expression_v03 to 2024-09-12 03:00:00+00:00, run_after=2024-09-13 03:00:00+00:00
[2024-09-26T06:06:22.512+0000] {processor.py:208} INFO - Processing /opt/airflow/dags/deck_with_cron_expression.py took 0.338 seconds
[2024-09-26T06:06:52.938+0000] {processor.py:186} INFO - Started process (PID=161012) to work on /opt/airflow/dags/deck_with_cron_expression.py
[2024-09-26T06:06:52.940+0000] {processor.py:914} INFO - Processing file /opt/airflow/dags/deck_with_cron_expression.py for tasks to queue
[2024-09-26T06:06:52.943+0000] {logging_mixin.py:190} INFO - [2024-09-26T06:06:52.942+0000] {dagbag.py:587} INFO - Filling up the DagBag from /opt/airflow/dags/deck_with_cron_expression.py
[2024-09-26T06:06:53.060+0000] {processor.py:925} INFO - DAG(s) 'schedule_with_cron_expression_v03' retrieved from /opt/airflow/dags/deck_with_cron_expression.py
[2024-09-26T06:06:53.083+0000] {logging_mixin.py:190} INFO - [2024-09-26T06:06:53.083+0000] {dag.py:3229} INFO - Sync 1 DAGs
[2024-09-26T06:06:53.255+0000] {logging_mixin.py:190} INFO - [2024-09-26T06:06:53.255+0000] {dag.py:4156} INFO - Setting next_dagrun for schedule_with_cron_expression_v03 to 2024-09-12 03:00:00+00:00, run_after=2024-09-13 03:00:00+00:00
[2024-09-26T06:06:53.285+0000] {processor.py:208} INFO - Processing /opt/airflow/dags/deck_with_cron_expression.py took 0.357 seconds
[2024-09-26T06:07:23.585+0000] {processor.py:186} INFO - Started process (PID=161055) to work on /opt/airflow/dags/deck_with_cron_expression.py
[2024-09-26T06:07:23.587+0000] {processor.py:914} INFO - Processing file /opt/airflow/dags/deck_with_cron_expression.py for tasks to queue
[2024-09-26T06:07:23.591+0000] {logging_mixin.py:190} INFO - [2024-09-26T06:07:23.591+0000] {dagbag.py:587} INFO - Filling up the DagBag from /opt/airflow/dags/deck_with_cron_expression.py
[2024-09-26T06:07:23.707+0000] {processor.py:925} INFO - DAG(s) 'schedule_with_cron_expression_v03' retrieved from /opt/airflow/dags/deck_with_cron_expression.py
[2024-09-26T06:07:23.746+0000] {logging_mixin.py:190} INFO - [2024-09-26T06:07:23.746+0000] {dag.py:3229} INFO - Sync 1 DAGs
[2024-09-26T06:07:23.891+0000] {logging_mixin.py:190} INFO - [2024-09-26T06:07:23.891+0000] {dag.py:4156} INFO - Setting next_dagrun for schedule_with_cron_expression_v03 to 2024-09-12 03:00:00+00:00, run_after=2024-09-13 03:00:00+00:00
[2024-09-26T06:07:23.926+0000] {processor.py:208} INFO - Processing /opt/airflow/dags/deck_with_cron_expression.py took 0.351 seconds
[2024-09-26T06:07:54.439+0000] {processor.py:186} INFO - Started process (PID=161096) to work on /opt/airflow/dags/deck_with_cron_expression.py
[2024-09-26T06:07:54.441+0000] {processor.py:914} INFO - Processing file /opt/airflow/dags/deck_with_cron_expression.py for tasks to queue
[2024-09-26T06:07:54.444+0000] {logging_mixin.py:190} INFO - [2024-09-26T06:07:54.443+0000] {dagbag.py:587} INFO - Filling up the DagBag from /opt/airflow/dags/deck_with_cron_expression.py
[2024-09-26T06:07:54.604+0000] {processor.py:925} INFO - DAG(s) 'schedule_with_cron_expression_v03' retrieved from /opt/airflow/dags/deck_with_cron_expression.py
[2024-09-26T06:07:54.822+0000] {logging_mixin.py:190} INFO - [2024-09-26T06:07:54.821+0000] {dag.py:3229} INFO - Sync 1 DAGs
[2024-09-26T06:07:54.868+0000] {logging_mixin.py:190} INFO - [2024-09-26T06:07:54.868+0000] {dag.py:4156} INFO - Setting next_dagrun for schedule_with_cron_expression_v03 to 2024-09-12 03:00:00+00:00, run_after=2024-09-13 03:00:00+00:00
[2024-09-26T06:07:54.901+0000] {processor.py:208} INFO - Processing /opt/airflow/dags/deck_with_cron_expression.py took 0.472 seconds
[2024-09-26T06:08:25.064+0000] {processor.py:186} INFO - Started process (PID=161136) to work on /opt/airflow/dags/deck_with_cron_expression.py
[2024-09-26T06:08:25.066+0000] {processor.py:914} INFO - Processing file /opt/airflow/dags/deck_with_cron_expression.py for tasks to queue
[2024-09-26T06:08:25.069+0000] {logging_mixin.py:190} INFO - [2024-09-26T06:08:25.068+0000] {dagbag.py:587} INFO - Filling up the DagBag from /opt/airflow/dags/deck_with_cron_expression.py
[2024-09-26T06:08:25.134+0000] {processor.py:925} INFO - DAG(s) 'schedule_with_cron_expression_v03' retrieved from /opt/airflow/dags/deck_with_cron_expression.py
[2024-09-26T06:08:25.160+0000] {logging_mixin.py:190} INFO - [2024-09-26T06:08:25.160+0000] {dag.py:3229} INFO - Sync 1 DAGs
[2024-09-26T06:08:25.184+0000] {logging_mixin.py:190} INFO - [2024-09-26T06:08:25.183+0000] {dag.py:4156} INFO - Setting next_dagrun for schedule_with_cron_expression_v03 to 2024-09-12 03:00:00+00:00, run_after=2024-09-13 03:00:00+00:00
[2024-09-26T06:08:25.210+0000] {processor.py:208} INFO - Processing /opt/airflow/dags/deck_with_cron_expression.py took 0.153 seconds
[2024-09-26T06:08:55.387+0000] {processor.py:186} INFO - Started process (PID=161179) to work on /opt/airflow/dags/deck_with_cron_expression.py
[2024-09-26T06:08:55.389+0000] {processor.py:914} INFO - Processing file /opt/airflow/dags/deck_with_cron_expression.py for tasks to queue
[2024-09-26T06:08:55.391+0000] {logging_mixin.py:190} INFO - [2024-09-26T06:08:55.390+0000] {dagbag.py:587} INFO - Filling up the DagBag from /opt/airflow/dags/deck_with_cron_expression.py
[2024-09-26T06:08:55.474+0000] {processor.py:925} INFO - DAG(s) 'schedule_with_cron_expression_v03' retrieved from /opt/airflow/dags/deck_with_cron_expression.py
[2024-09-26T06:08:55.499+0000] {logging_mixin.py:190} INFO - [2024-09-26T06:08:55.499+0000] {dag.py:3229} INFO - Sync 1 DAGs
[2024-09-26T06:08:55.523+0000] {logging_mixin.py:190} INFO - [2024-09-26T06:08:55.523+0000] {dag.py:4156} INFO - Setting next_dagrun for schedule_with_cron_expression_v03 to 2024-09-12 03:00:00+00:00, run_after=2024-09-13 03:00:00+00:00
[2024-09-26T06:08:55.553+0000] {processor.py:208} INFO - Processing /opt/airflow/dags/deck_with_cron_expression.py took 0.170 seconds
[2024-09-26T06:09:26.291+0000] {processor.py:186} INFO - Started process (PID=161225) to work on /opt/airflow/dags/deck_with_cron_expression.py
[2024-09-26T06:09:26.294+0000] {processor.py:914} INFO - Processing file /opt/airflow/dags/deck_with_cron_expression.py for tasks to queue
[2024-09-26T06:09:26.296+0000] {logging_mixin.py:190} INFO - [2024-09-26T06:09:26.295+0000] {dagbag.py:587} INFO - Filling up the DagBag from /opt/airflow/dags/deck_with_cron_expression.py
[2024-09-26T06:09:26.373+0000] {processor.py:925} INFO - DAG(s) 'schedule_with_cron_expression_v03' retrieved from /opt/airflow/dags/deck_with_cron_expression.py
[2024-09-26T06:09:26.403+0000] {logging_mixin.py:190} INFO - [2024-09-26T06:09:26.403+0000] {dag.py:3229} INFO - Sync 1 DAGs
[2024-09-26T06:09:26.430+0000] {logging_mixin.py:190} INFO - [2024-09-26T06:09:26.430+0000] {dag.py:4156} INFO - Setting next_dagrun for schedule_with_cron_expression_v03 to 2024-09-12 03:00:00+00:00, run_after=2024-09-13 03:00:00+00:00
[2024-09-26T06:09:26.455+0000] {processor.py:208} INFO - Processing /opt/airflow/dags/deck_with_cron_expression.py took 0.171 seconds
[2024-09-26T06:09:56.872+0000] {processor.py:186} INFO - Started process (PID=161268) to work on /opt/airflow/dags/deck_with_cron_expression.py
[2024-09-26T06:09:56.874+0000] {processor.py:914} INFO - Processing file /opt/airflow/dags/deck_with_cron_expression.py for tasks to queue
[2024-09-26T06:09:56.876+0000] {logging_mixin.py:190} INFO - [2024-09-26T06:09:56.876+0000] {dagbag.py:587} INFO - Filling up the DagBag from /opt/airflow/dags/deck_with_cron_expression.py
[2024-09-26T06:09:56.958+0000] {processor.py:925} INFO - DAG(s) 'schedule_with_cron_expression_v03' retrieved from /opt/airflow/dags/deck_with_cron_expression.py
[2024-09-26T06:09:56.985+0000] {logging_mixin.py:190} INFO - [2024-09-26T06:09:56.985+0000] {dag.py:3229} INFO - Sync 1 DAGs
[2024-09-26T06:09:57.009+0000] {logging_mixin.py:190} INFO - [2024-09-26T06:09:57.009+0000] {dag.py:4156} INFO - Setting next_dagrun for schedule_with_cron_expression_v03 to 2024-09-12 03:00:00+00:00, run_after=2024-09-13 03:00:00+00:00
[2024-09-26T06:09:57.032+0000] {processor.py:208} INFO - Processing /opt/airflow/dags/deck_with_cron_expression.py took 0.168 seconds
[2024-09-26T06:10:27.313+0000] {processor.py:186} INFO - Started process (PID=161311) to work on /opt/airflow/dags/deck_with_cron_expression.py
[2024-09-26T06:10:27.315+0000] {processor.py:914} INFO - Processing file /opt/airflow/dags/deck_with_cron_expression.py for tasks to queue
[2024-09-26T06:10:27.316+0000] {logging_mixin.py:190} INFO - [2024-09-26T06:10:27.316+0000] {dagbag.py:587} INFO - Filling up the DagBag from /opt/airflow/dags/deck_with_cron_expression.py
[2024-09-26T06:10:27.405+0000] {processor.py:925} INFO - DAG(s) 'schedule_with_cron_expression_v03' retrieved from /opt/airflow/dags/deck_with_cron_expression.py
[2024-09-26T06:10:27.433+0000] {logging_mixin.py:190} INFO - [2024-09-26T06:10:27.433+0000] {dag.py:3229} INFO - Sync 1 DAGs
[2024-09-26T06:10:27.457+0000] {logging_mixin.py:190} INFO - [2024-09-26T06:10:27.457+0000] {dag.py:4156} INFO - Setting next_dagrun for schedule_with_cron_expression_v03 to 2024-09-12 03:00:00+00:00, run_after=2024-09-13 03:00:00+00:00
[2024-09-26T06:10:27.482+0000] {processor.py:208} INFO - Processing /opt/airflow/dags/deck_with_cron_expression.py took 0.175 seconds
[2024-09-26T06:10:57.816+0000] {processor.py:186} INFO - Started process (PID=161354) to work on /opt/airflow/dags/deck_with_cron_expression.py
[2024-09-26T06:10:57.818+0000] {processor.py:914} INFO - Processing file /opt/airflow/dags/deck_with_cron_expression.py for tasks to queue
[2024-09-26T06:10:57.821+0000] {logging_mixin.py:190} INFO - [2024-09-26T06:10:57.821+0000] {dagbag.py:587} INFO - Filling up the DagBag from /opt/airflow/dags/deck_with_cron_expression.py
[2024-09-26T06:10:57.913+0000] {processor.py:925} INFO - DAG(s) 'schedule_with_cron_expression_v03' retrieved from /opt/airflow/dags/deck_with_cron_expression.py
[2024-09-26T06:10:57.937+0000] {logging_mixin.py:190} INFO - [2024-09-26T06:10:57.936+0000] {dag.py:3229} INFO - Sync 1 DAGs
[2024-09-26T06:10:57.956+0000] {logging_mixin.py:190} INFO - [2024-09-26T06:10:57.956+0000] {dag.py:4156} INFO - Setting next_dagrun for schedule_with_cron_expression_v03 to 2024-09-12 03:00:00+00:00, run_after=2024-09-13 03:00:00+00:00
[2024-09-26T06:10:57.978+0000] {processor.py:208} INFO - Processing /opt/airflow/dags/deck_with_cron_expression.py took 0.170 seconds
[2024-09-26T06:11:28.465+0000] {processor.py:186} INFO - Started process (PID=161397) to work on /opt/airflow/dags/deck_with_cron_expression.py
[2024-09-26T06:11:28.467+0000] {processor.py:914} INFO - Processing file /opt/airflow/dags/deck_with_cron_expression.py for tasks to queue
[2024-09-26T06:11:28.469+0000] {logging_mixin.py:190} INFO - [2024-09-26T06:11:28.469+0000] {dagbag.py:587} INFO - Filling up the DagBag from /opt/airflow/dags/deck_with_cron_expression.py
[2024-09-26T06:11:28.561+0000] {processor.py:925} INFO - DAG(s) 'schedule_with_cron_expression_v03' retrieved from /opt/airflow/dags/deck_with_cron_expression.py
[2024-09-26T06:11:28.586+0000] {logging_mixin.py:190} INFO - [2024-09-26T06:11:28.586+0000] {dag.py:3229} INFO - Sync 1 DAGs
[2024-09-26T06:11:28.613+0000] {logging_mixin.py:190} INFO - [2024-09-26T06:11:28.612+0000] {dag.py:4156} INFO - Setting next_dagrun for schedule_with_cron_expression_v03 to 2024-09-12 03:00:00+00:00, run_after=2024-09-13 03:00:00+00:00
[2024-09-26T06:11:28.641+0000] {processor.py:208} INFO - Processing /opt/airflow/dags/deck_with_cron_expression.py took 0.180 seconds
[2024-09-26T06:11:59.037+0000] {processor.py:186} INFO - Started process (PID=161440) to work on /opt/airflow/dags/deck_with_cron_expression.py
[2024-09-26T06:11:59.039+0000] {processor.py:914} INFO - Processing file /opt/airflow/dags/deck_with_cron_expression.py for tasks to queue
[2024-09-26T06:11:59.042+0000] {logging_mixin.py:190} INFO - [2024-09-26T06:11:59.041+0000] {dagbag.py:587} INFO - Filling up the DagBag from /opt/airflow/dags/deck_with_cron_expression.py
[2024-09-26T06:11:59.143+0000] {processor.py:925} INFO - DAG(s) 'schedule_with_cron_expression_v03' retrieved from /opt/airflow/dags/deck_with_cron_expression.py
[2024-09-26T06:11:59.176+0000] {logging_mixin.py:190} INFO - [2024-09-26T06:11:59.176+0000] {dag.py:3229} INFO - Sync 1 DAGs
[2024-09-26T06:11:59.197+0000] {logging_mixin.py:190} INFO - [2024-09-26T06:11:59.197+0000] {dag.py:4156} INFO - Setting next_dagrun for schedule_with_cron_expression_v03 to 2024-09-12 03:00:00+00:00, run_after=2024-09-13 03:00:00+00:00
[2024-09-26T06:11:59.220+0000] {processor.py:208} INFO - Processing /opt/airflow/dags/deck_with_cron_expression.py took 0.193 seconds
[2024-09-26T06:12:29.410+0000] {processor.py:186} INFO - Started process (PID=161483) to work on /opt/airflow/dags/deck_with_cron_expression.py
[2024-09-26T06:12:29.412+0000] {processor.py:914} INFO - Processing file /opt/airflow/dags/deck_with_cron_expression.py for tasks to queue
[2024-09-26T06:12:29.414+0000] {logging_mixin.py:190} INFO - [2024-09-26T06:12:29.414+0000] {dagbag.py:587} INFO - Filling up the DagBag from /opt/airflow/dags/deck_with_cron_expression.py
[2024-09-26T06:12:29.489+0000] {processor.py:925} INFO - DAG(s) 'schedule_with_cron_expression_v03' retrieved from /opt/airflow/dags/deck_with_cron_expression.py
[2024-09-26T06:12:29.512+0000] {logging_mixin.py:190} INFO - [2024-09-26T06:12:29.512+0000] {dag.py:3229} INFO - Sync 1 DAGs
[2024-09-26T06:12:29.534+0000] {logging_mixin.py:190} INFO - [2024-09-26T06:12:29.533+0000] {dag.py:4156} INFO - Setting next_dagrun for schedule_with_cron_expression_v03 to 2024-09-12 03:00:00+00:00, run_after=2024-09-13 03:00:00+00:00
[2024-09-26T06:12:29.554+0000] {processor.py:208} INFO - Processing /opt/airflow/dags/deck_with_cron_expression.py took 0.149 seconds
[2024-09-26T06:12:59.932+0000] {processor.py:186} INFO - Started process (PID=161526) to work on /opt/airflow/dags/deck_with_cron_expression.py
[2024-09-26T06:12:59.934+0000] {processor.py:914} INFO - Processing file /opt/airflow/dags/deck_with_cron_expression.py for tasks to queue
[2024-09-26T06:12:59.936+0000] {logging_mixin.py:190} INFO - [2024-09-26T06:12:59.936+0000] {dagbag.py:587} INFO - Filling up the DagBag from /opt/airflow/dags/deck_with_cron_expression.py
[2024-09-26T06:13:00.061+0000] {processor.py:925} INFO - DAG(s) 'schedule_with_cron_expression_v03' retrieved from /opt/airflow/dags/deck_with_cron_expression.py
[2024-09-26T06:13:00.097+0000] {logging_mixin.py:190} INFO - [2024-09-26T06:13:00.097+0000] {dag.py:3229} INFO - Sync 1 DAGs
[2024-09-26T06:13:00.117+0000] {logging_mixin.py:190} INFO - [2024-09-26T06:13:00.117+0000] {dag.py:4156} INFO - Setting next_dagrun for schedule_with_cron_expression_v03 to 2024-09-12 03:00:00+00:00, run_after=2024-09-13 03:00:00+00:00
[2024-09-26T06:13:00.138+0000] {processor.py:208} INFO - Processing /opt/airflow/dags/deck_with_cron_expression.py took 0.213 seconds
[2024-09-26T06:13:30.538+0000] {processor.py:186} INFO - Started process (PID=161569) to work on /opt/airflow/dags/deck_with_cron_expression.py
[2024-09-26T06:13:30.539+0000] {processor.py:914} INFO - Processing file /opt/airflow/dags/deck_with_cron_expression.py for tasks to queue
[2024-09-26T06:13:30.541+0000] {logging_mixin.py:190} INFO - [2024-09-26T06:13:30.540+0000] {dagbag.py:587} INFO - Filling up the DagBag from /opt/airflow/dags/deck_with_cron_expression.py
[2024-09-26T06:13:30.647+0000] {processor.py:925} INFO - DAG(s) 'schedule_with_cron_expression_v03' retrieved from /opt/airflow/dags/deck_with_cron_expression.py
[2024-09-26T06:13:30.669+0000] {logging_mixin.py:190} INFO - [2024-09-26T06:13:30.669+0000] {dag.py:3229} INFO - Sync 1 DAGs
[2024-09-26T06:13:30.691+0000] {logging_mixin.py:190} INFO - [2024-09-26T06:13:30.691+0000] {dag.py:4156} INFO - Setting next_dagrun for schedule_with_cron_expression_v03 to 2024-09-12 03:00:00+00:00, run_after=2024-09-13 03:00:00+00:00
[2024-09-26T06:13:30.715+0000] {processor.py:208} INFO - Processing /opt/airflow/dags/deck_with_cron_expression.py took 0.183 seconds
[2024-09-26T06:14:01.292+0000] {processor.py:186} INFO - Started process (PID=161612) to work on /opt/airflow/dags/deck_with_cron_expression.py
[2024-09-26T06:14:01.293+0000] {processor.py:914} INFO - Processing file /opt/airflow/dags/deck_with_cron_expression.py for tasks to queue
[2024-09-26T06:14:01.295+0000] {logging_mixin.py:190} INFO - [2024-09-26T06:14:01.295+0000] {dagbag.py:587} INFO - Filling up the DagBag from /opt/airflow/dags/deck_with_cron_expression.py
[2024-09-26T06:14:01.387+0000] {processor.py:925} INFO - DAG(s) 'schedule_with_cron_expression_v03' retrieved from /opt/airflow/dags/deck_with_cron_expression.py
[2024-09-26T06:14:01.414+0000] {logging_mixin.py:190} INFO - [2024-09-26T06:14:01.414+0000] {dag.py:3229} INFO - Sync 1 DAGs
[2024-09-26T06:14:01.437+0000] {logging_mixin.py:190} INFO - [2024-09-26T06:14:01.436+0000] {dag.py:4156} INFO - Setting next_dagrun for schedule_with_cron_expression_v03 to 2024-09-12 03:00:00+00:00, run_after=2024-09-13 03:00:00+00:00
[2024-09-26T06:14:01.461+0000] {processor.py:208} INFO - Processing /opt/airflow/dags/deck_with_cron_expression.py took 0.178 seconds
[2024-09-26T06:14:32.352+0000] {processor.py:186} INFO - Started process (PID=161655) to work on /opt/airflow/dags/deck_with_cron_expression.py
[2024-09-26T06:14:32.353+0000] {processor.py:914} INFO - Processing file /opt/airflow/dags/deck_with_cron_expression.py for tasks to queue
[2024-09-26T06:14:32.355+0000] {logging_mixin.py:190} INFO - [2024-09-26T06:14:32.354+0000] {dagbag.py:587} INFO - Filling up the DagBag from /opt/airflow/dags/deck_with_cron_expression.py
[2024-09-26T06:14:32.424+0000] {processor.py:925} INFO - DAG(s) 'schedule_with_cron_expression_v03' retrieved from /opt/airflow/dags/deck_with_cron_expression.py
[2024-09-26T06:14:32.455+0000] {logging_mixin.py:190} INFO - [2024-09-26T06:14:32.455+0000] {dag.py:3229} INFO - Sync 1 DAGs
[2024-09-26T06:14:32.485+0000] {logging_mixin.py:190} INFO - [2024-09-26T06:14:32.484+0000] {dag.py:4156} INFO - Setting next_dagrun for schedule_with_cron_expression_v03 to 2024-09-12 03:00:00+00:00, run_after=2024-09-13 03:00:00+00:00
[2024-09-26T06:14:32.514+0000] {processor.py:208} INFO - Processing /opt/airflow/dags/deck_with_cron_expression.py took 0.167 seconds
[2024-09-26T06:15:03.050+0000] {processor.py:186} INFO - Started process (PID=161698) to work on /opt/airflow/dags/deck_with_cron_expression.py
[2024-09-26T06:15:03.052+0000] {processor.py:914} INFO - Processing file /opt/airflow/dags/deck_with_cron_expression.py for tasks to queue
[2024-09-26T06:15:03.055+0000] {logging_mixin.py:190} INFO - [2024-09-26T06:15:03.054+0000] {dagbag.py:587} INFO - Filling up the DagBag from /opt/airflow/dags/deck_with_cron_expression.py
[2024-09-26T06:15:03.140+0000] {processor.py:925} INFO - DAG(s) 'schedule_with_cron_expression_v03' retrieved from /opt/airflow/dags/deck_with_cron_expression.py
[2024-09-26T06:15:03.168+0000] {logging_mixin.py:190} INFO - [2024-09-26T06:15:03.168+0000] {dag.py:3229} INFO - Sync 1 DAGs
[2024-09-26T06:15:03.192+0000] {logging_mixin.py:190} INFO - [2024-09-26T06:15:03.192+0000] {dag.py:4156} INFO - Setting next_dagrun for schedule_with_cron_expression_v03 to 2024-09-12 03:00:00+00:00, run_after=2024-09-13 03:00:00+00:00
[2024-09-26T06:15:03.222+0000] {processor.py:208} INFO - Processing /opt/airflow/dags/deck_with_cron_expression.py took 0.179 seconds
[2024-09-26T06:15:33.909+0000] {processor.py:186} INFO - Started process (PID=161741) to work on /opt/airflow/dags/deck_with_cron_expression.py
[2024-09-26T06:15:33.910+0000] {processor.py:914} INFO - Processing file /opt/airflow/dags/deck_with_cron_expression.py for tasks to queue
[2024-09-26T06:15:33.912+0000] {logging_mixin.py:190} INFO - [2024-09-26T06:15:33.912+0000] {dagbag.py:587} INFO - Filling up the DagBag from /opt/airflow/dags/deck_with_cron_expression.py
[2024-09-26T06:15:34.011+0000] {processor.py:925} INFO - DAG(s) 'schedule_with_cron_expression_v03' retrieved from /opt/airflow/dags/deck_with_cron_expression.py
[2024-09-26T06:15:34.033+0000] {logging_mixin.py:190} INFO - [2024-09-26T06:15:34.033+0000] {dag.py:3229} INFO - Sync 1 DAGs
[2024-09-26T06:15:34.054+0000] {logging_mixin.py:190} INFO - [2024-09-26T06:15:34.054+0000] {dag.py:4156} INFO - Setting next_dagrun for schedule_with_cron_expression_v03 to 2024-09-12 03:00:00+00:00, run_after=2024-09-13 03:00:00+00:00
[2024-09-26T06:15:34.075+0000] {processor.py:208} INFO - Processing /opt/airflow/dags/deck_with_cron_expression.py took 0.172 seconds
[2024-09-26T06:16:04.491+0000] {processor.py:186} INFO - Started process (PID=161784) to work on /opt/airflow/dags/deck_with_cron_expression.py
[2024-09-26T06:16:04.493+0000] {processor.py:914} INFO - Processing file /opt/airflow/dags/deck_with_cron_expression.py for tasks to queue
[2024-09-26T06:16:04.494+0000] {logging_mixin.py:190} INFO - [2024-09-26T06:16:04.494+0000] {dagbag.py:587} INFO - Filling up the DagBag from /opt/airflow/dags/deck_with_cron_expression.py
[2024-09-26T06:16:04.594+0000] {processor.py:925} INFO - DAG(s) 'schedule_with_cron_expression_v03' retrieved from /opt/airflow/dags/deck_with_cron_expression.py
[2024-09-26T06:16:04.644+0000] {logging_mixin.py:190} INFO - [2024-09-26T06:16:04.643+0000] {dag.py:3229} INFO - Sync 1 DAGs
[2024-09-26T06:16:04.682+0000] {logging_mixin.py:190} INFO - [2024-09-26T06:16:04.682+0000] {dag.py:4156} INFO - Setting next_dagrun for schedule_with_cron_expression_v03 to 2024-09-12 03:00:00+00:00, run_after=2024-09-13 03:00:00+00:00
[2024-09-26T06:16:04.724+0000] {processor.py:208} INFO - Processing /opt/airflow/dags/deck_with_cron_expression.py took 0.239 seconds
[2024-09-26T06:16:35.033+0000] {processor.py:186} INFO - Started process (PID=161827) to work on /opt/airflow/dags/deck_with_cron_expression.py
[2024-09-26T06:16:35.035+0000] {processor.py:914} INFO - Processing file /opt/airflow/dags/deck_with_cron_expression.py for tasks to queue
[2024-09-26T06:16:35.038+0000] {logging_mixin.py:190} INFO - [2024-09-26T06:16:35.038+0000] {dagbag.py:587} INFO - Filling up the DagBag from /opt/airflow/dags/deck_with_cron_expression.py
[2024-09-26T06:16:35.131+0000] {processor.py:925} INFO - DAG(s) 'schedule_with_cron_expression_v03' retrieved from /opt/airflow/dags/deck_with_cron_expression.py
[2024-09-26T06:16:35.155+0000] {logging_mixin.py:190} INFO - [2024-09-26T06:16:35.155+0000] {dag.py:3229} INFO - Sync 1 DAGs
[2024-09-26T06:16:35.176+0000] {logging_mixin.py:190} INFO - [2024-09-26T06:16:35.176+0000] {dag.py:4156} INFO - Setting next_dagrun for schedule_with_cron_expression_v03 to 2024-09-12 03:00:00+00:00, run_after=2024-09-13 03:00:00+00:00
[2024-09-26T06:16:35.201+0000] {processor.py:208} INFO - Processing /opt/airflow/dags/deck_with_cron_expression.py took 0.178 seconds
[2024-09-26T06:17:05.848+0000] {processor.py:186} INFO - Started process (PID=161870) to work on /opt/airflow/dags/deck_with_cron_expression.py
[2024-09-26T06:17:05.850+0000] {processor.py:914} INFO - Processing file /opt/airflow/dags/deck_with_cron_expression.py for tasks to queue
[2024-09-26T06:17:05.852+0000] {logging_mixin.py:190} INFO - [2024-09-26T06:17:05.852+0000] {dagbag.py:587} INFO - Filling up the DagBag from /opt/airflow/dags/deck_with_cron_expression.py
[2024-09-26T06:17:05.945+0000] {processor.py:925} INFO - DAG(s) 'schedule_with_cron_expression_v03' retrieved from /opt/airflow/dags/deck_with_cron_expression.py
[2024-09-26T06:17:05.971+0000] {logging_mixin.py:190} INFO - [2024-09-26T06:17:05.970+0000] {dag.py:3229} INFO - Sync 1 DAGs
[2024-09-26T06:17:05.991+0000] {logging_mixin.py:190} INFO - [2024-09-26T06:17:05.991+0000] {dag.py:4156} INFO - Setting next_dagrun for schedule_with_cron_expression_v03 to 2024-09-12 03:00:00+00:00, run_after=2024-09-13 03:00:00+00:00
[2024-09-26T06:17:06.018+0000] {processor.py:208} INFO - Processing /opt/airflow/dags/deck_with_cron_expression.py took 0.180 seconds
[2024-09-26T06:17:36.592+0000] {processor.py:186} INFO - Started process (PID=161913) to work on /opt/airflow/dags/deck_with_cron_expression.py
[2024-09-26T06:17:36.594+0000] {processor.py:914} INFO - Processing file /opt/airflow/dags/deck_with_cron_expression.py for tasks to queue
[2024-09-26T06:17:36.596+0000] {logging_mixin.py:190} INFO - [2024-09-26T06:17:36.596+0000] {dagbag.py:587} INFO - Filling up the DagBag from /opt/airflow/dags/deck_with_cron_expression.py
[2024-09-26T06:17:36.695+0000] {processor.py:925} INFO - DAG(s) 'schedule_with_cron_expression_v03' retrieved from /opt/airflow/dags/deck_with_cron_expression.py
[2024-09-26T06:17:36.724+0000] {logging_mixin.py:190} INFO - [2024-09-26T06:17:36.724+0000] {dag.py:3229} INFO - Sync 1 DAGs
[2024-09-26T06:17:36.751+0000] {logging_mixin.py:190} INFO - [2024-09-26T06:17:36.751+0000] {dag.py:4156} INFO - Setting next_dagrun for schedule_with_cron_expression_v03 to 2024-09-12 03:00:00+00:00, run_after=2024-09-13 03:00:00+00:00
[2024-09-26T06:17:36.777+0000] {processor.py:208} INFO - Processing /opt/airflow/dags/deck_with_cron_expression.py took 0.195 seconds
[2024-09-26T06:18:07.276+0000] {processor.py:186} INFO - Started process (PID=161956) to work on /opt/airflow/dags/deck_with_cron_expression.py
[2024-09-26T06:18:07.278+0000] {processor.py:914} INFO - Processing file /opt/airflow/dags/deck_with_cron_expression.py for tasks to queue
[2024-09-26T06:18:07.280+0000] {logging_mixin.py:190} INFO - [2024-09-26T06:18:07.279+0000] {dagbag.py:587} INFO - Filling up the DagBag from /opt/airflow/dags/deck_with_cron_expression.py
[2024-09-26T06:18:07.370+0000] {processor.py:925} INFO - DAG(s) 'schedule_with_cron_expression_v03' retrieved from /opt/airflow/dags/deck_with_cron_expression.py
[2024-09-26T06:18:07.399+0000] {logging_mixin.py:190} INFO - [2024-09-26T06:18:07.399+0000] {dag.py:3229} INFO - Sync 1 DAGs
[2024-09-26T06:18:07.422+0000] {logging_mixin.py:190} INFO - [2024-09-26T06:18:07.422+0000] {dag.py:4156} INFO - Setting next_dagrun for schedule_with_cron_expression_v03 to 2024-09-12 03:00:00+00:00, run_after=2024-09-13 03:00:00+00:00
[2024-09-26T06:18:07.445+0000] {processor.py:208} INFO - Processing /opt/airflow/dags/deck_with_cron_expression.py took 0.176 seconds
[2024-09-26T06:18:37.798+0000] {processor.py:186} INFO - Started process (PID=161999) to work on /opt/airflow/dags/deck_with_cron_expression.py
[2024-09-26T06:18:37.800+0000] {processor.py:914} INFO - Processing file /opt/airflow/dags/deck_with_cron_expression.py for tasks to queue
[2024-09-26T06:18:37.802+0000] {logging_mixin.py:190} INFO - [2024-09-26T06:18:37.801+0000] {dagbag.py:587} INFO - Filling up the DagBag from /opt/airflow/dags/deck_with_cron_expression.py
[2024-09-26T06:18:37.896+0000] {processor.py:925} INFO - DAG(s) 'schedule_with_cron_expression_v03' retrieved from /opt/airflow/dags/deck_with_cron_expression.py
[2024-09-26T06:18:37.921+0000] {logging_mixin.py:190} INFO - [2024-09-26T06:18:37.920+0000] {dag.py:3229} INFO - Sync 1 DAGs
[2024-09-26T06:18:37.942+0000] {logging_mixin.py:190} INFO - [2024-09-26T06:18:37.941+0000] {dag.py:4156} INFO - Setting next_dagrun for schedule_with_cron_expression_v03 to 2024-09-12 03:00:00+00:00, run_after=2024-09-13 03:00:00+00:00
[2024-09-26T06:18:37.964+0000] {processor.py:208} INFO - Processing /opt/airflow/dags/deck_with_cron_expression.py took 0.171 seconds
[2024-09-26T06:19:08.464+0000] {processor.py:186} INFO - Started process (PID=162042) to work on /opt/airflow/dags/deck_with_cron_expression.py
[2024-09-26T06:19:08.465+0000] {processor.py:914} INFO - Processing file /opt/airflow/dags/deck_with_cron_expression.py for tasks to queue
[2024-09-26T06:19:08.466+0000] {logging_mixin.py:190} INFO - [2024-09-26T06:19:08.466+0000] {dagbag.py:587} INFO - Filling up the DagBag from /opt/airflow/dags/deck_with_cron_expression.py
[2024-09-26T06:19:08.542+0000] {processor.py:925} INFO - DAG(s) 'schedule_with_cron_expression_v03' retrieved from /opt/airflow/dags/deck_with_cron_expression.py
[2024-09-26T06:19:08.574+0000] {logging_mixin.py:190} INFO - [2024-09-26T06:19:08.574+0000] {dag.py:3229} INFO - Sync 1 DAGs
[2024-09-26T06:19:08.599+0000] {logging_mixin.py:190} INFO - [2024-09-26T06:19:08.599+0000] {dag.py:4156} INFO - Setting next_dagrun for schedule_with_cron_expression_v03 to 2024-09-12 03:00:00+00:00, run_after=2024-09-13 03:00:00+00:00
[2024-09-26T06:19:08.623+0000] {processor.py:208} INFO - Processing /opt/airflow/dags/deck_with_cron_expression.py took 0.164 seconds
[2024-09-26T06:19:38.978+0000] {processor.py:186} INFO - Started process (PID=162085) to work on /opt/airflow/dags/deck_with_cron_expression.py
[2024-09-26T06:19:38.981+0000] {processor.py:914} INFO - Processing file /opt/airflow/dags/deck_with_cron_expression.py for tasks to queue
[2024-09-26T06:19:38.984+0000] {logging_mixin.py:190} INFO - [2024-09-26T06:19:38.983+0000] {dagbag.py:587} INFO - Filling up the DagBag from /opt/airflow/dags/deck_with_cron_expression.py
[2024-09-26T06:19:39.088+0000] {processor.py:925} INFO - DAG(s) 'schedule_with_cron_expression_v03' retrieved from /opt/airflow/dags/deck_with_cron_expression.py
[2024-09-26T06:19:39.113+0000] {logging_mixin.py:190} INFO - [2024-09-26T06:19:39.113+0000] {dag.py:3229} INFO - Sync 1 DAGs
[2024-09-26T06:19:39.133+0000] {logging_mixin.py:190} INFO - [2024-09-26T06:19:39.133+0000] {dag.py:4156} INFO - Setting next_dagrun for schedule_with_cron_expression_v03 to 2024-09-12 03:00:00+00:00, run_after=2024-09-13 03:00:00+00:00
[2024-09-26T06:19:39.158+0000] {processor.py:208} INFO - Processing /opt/airflow/dags/deck_with_cron_expression.py took 0.189 seconds
[2024-09-26T06:20:09.591+0000] {processor.py:186} INFO - Started process (PID=162128) to work on /opt/airflow/dags/deck_with_cron_expression.py
[2024-09-26T06:20:09.592+0000] {processor.py:914} INFO - Processing file /opt/airflow/dags/deck_with_cron_expression.py for tasks to queue
[2024-09-26T06:20:09.595+0000] {logging_mixin.py:190} INFO - [2024-09-26T06:20:09.594+0000] {dagbag.py:587} INFO - Filling up the DagBag from /opt/airflow/dags/deck_with_cron_expression.py
[2024-09-26T06:20:09.692+0000] {processor.py:925} INFO - DAG(s) 'schedule_with_cron_expression_v03' retrieved from /opt/airflow/dags/deck_with_cron_expression.py
[2024-09-26T06:20:09.717+0000] {logging_mixin.py:190} INFO - [2024-09-26T06:20:09.717+0000] {dag.py:3229} INFO - Sync 1 DAGs
[2024-09-26T06:20:09.740+0000] {logging_mixin.py:190} INFO - [2024-09-26T06:20:09.740+0000] {dag.py:4156} INFO - Setting next_dagrun for schedule_with_cron_expression_v03 to 2024-09-12 03:00:00+00:00, run_after=2024-09-13 03:00:00+00:00
[2024-09-26T06:20:09.761+0000] {processor.py:208} INFO - Processing /opt/airflow/dags/deck_with_cron_expression.py took 0.176 seconds
[2024-09-26T06:20:40.384+0000] {processor.py:186} INFO - Started process (PID=162171) to work on /opt/airflow/dags/deck_with_cron_expression.py
[2024-09-26T06:20:40.387+0000] {processor.py:914} INFO - Processing file /opt/airflow/dags/deck_with_cron_expression.py for tasks to queue
[2024-09-26T06:20:40.394+0000] {logging_mixin.py:190} INFO - [2024-09-26T06:20:40.393+0000] {dagbag.py:587} INFO - Filling up the DagBag from /opt/airflow/dags/deck_with_cron_expression.py
[2024-09-26T06:20:40.472+0000] {processor.py:925} INFO - DAG(s) 'schedule_with_cron_expression_v03' retrieved from /opt/airflow/dags/deck_with_cron_expression.py
[2024-09-26T06:20:40.500+0000] {logging_mixin.py:190} INFO - [2024-09-26T06:20:40.499+0000] {dag.py:3229} INFO - Sync 1 DAGs
[2024-09-26T06:20:40.525+0000] {logging_mixin.py:190} INFO - [2024-09-26T06:20:40.525+0000] {dag.py:4156} INFO - Setting next_dagrun for schedule_with_cron_expression_v03 to 2024-09-12 03:00:00+00:00, run_after=2024-09-13 03:00:00+00:00
[2024-09-26T06:20:40.550+0000] {processor.py:208} INFO - Processing /opt/airflow/dags/deck_with_cron_expression.py took 0.172 seconds
[2024-09-26T06:21:11.050+0000] {processor.py:186} INFO - Started process (PID=162214) to work on /opt/airflow/dags/deck_with_cron_expression.py
[2024-09-26T06:21:11.052+0000] {processor.py:914} INFO - Processing file /opt/airflow/dags/deck_with_cron_expression.py for tasks to queue
[2024-09-26T06:21:11.054+0000] {logging_mixin.py:190} INFO - [2024-09-26T06:21:11.054+0000] {dagbag.py:587} INFO - Filling up the DagBag from /opt/airflow/dags/deck_with_cron_expression.py
[2024-09-26T06:21:11.156+0000] {processor.py:925} INFO - DAG(s) 'schedule_with_cron_expression_v03' retrieved from /opt/airflow/dags/deck_with_cron_expression.py
[2024-09-26T06:21:11.180+0000] {logging_mixin.py:190} INFO - [2024-09-26T06:21:11.180+0000] {dag.py:3229} INFO - Sync 1 DAGs
[2024-09-26T06:21:11.200+0000] {logging_mixin.py:190} INFO - [2024-09-26T06:21:11.200+0000] {dag.py:4156} INFO - Setting next_dagrun for schedule_with_cron_expression_v03 to 2024-09-12 03:00:00+00:00, run_after=2024-09-13 03:00:00+00:00
[2024-09-26T06:21:11.228+0000] {processor.py:208} INFO - Processing /opt/airflow/dags/deck_with_cron_expression.py took 0.187 seconds
[2024-09-26T06:21:41.480+0000] {processor.py:186} INFO - Started process (PID=162257) to work on /opt/airflow/dags/deck_with_cron_expression.py
[2024-09-26T06:21:41.482+0000] {processor.py:914} INFO - Processing file /opt/airflow/dags/deck_with_cron_expression.py for tasks to queue
[2024-09-26T06:21:41.484+0000] {logging_mixin.py:190} INFO - [2024-09-26T06:21:41.483+0000] {dagbag.py:587} INFO - Filling up the DagBag from /opt/airflow/dags/deck_with_cron_expression.py
[2024-09-26T06:21:41.569+0000] {processor.py:925} INFO - DAG(s) 'schedule_with_cron_expression_v03' retrieved from /opt/airflow/dags/deck_with_cron_expression.py
[2024-09-26T06:21:41.593+0000] {logging_mixin.py:190} INFO - [2024-09-26T06:21:41.593+0000] {dag.py:3229} INFO - Sync 1 DAGs
[2024-09-26T06:21:41.615+0000] {logging_mixin.py:190} INFO - [2024-09-26T06:21:41.614+0000] {dag.py:4156} INFO - Setting next_dagrun for schedule_with_cron_expression_v03 to 2024-09-12 03:00:00+00:00, run_after=2024-09-13 03:00:00+00:00
[2024-09-26T06:21:41.638+0000] {processor.py:208} INFO - Processing /opt/airflow/dags/deck_with_cron_expression.py took 0.163 seconds
[2024-09-26T06:22:12.042+0000] {processor.py:186} INFO - Started process (PID=162300) to work on /opt/airflow/dags/deck_with_cron_expression.py
[2024-09-26T06:22:12.044+0000] {processor.py:914} INFO - Processing file /opt/airflow/dags/deck_with_cron_expression.py for tasks to queue
[2024-09-26T06:22:12.046+0000] {logging_mixin.py:190} INFO - [2024-09-26T06:22:12.046+0000] {dagbag.py:587} INFO - Filling up the DagBag from /opt/airflow/dags/deck_with_cron_expression.py
[2024-09-26T06:22:12.152+0000] {processor.py:925} INFO - DAG(s) 'schedule_with_cron_expression_v03' retrieved from /opt/airflow/dags/deck_with_cron_expression.py
[2024-09-26T06:22:12.177+0000] {logging_mixin.py:190} INFO - [2024-09-26T06:22:12.177+0000] {dag.py:3229} INFO - Sync 1 DAGs
[2024-09-26T06:22:12.196+0000] {logging_mixin.py:190} INFO - [2024-09-26T06:22:12.196+0000] {dag.py:4156} INFO - Setting next_dagrun for schedule_with_cron_expression_v03 to 2024-09-12 03:00:00+00:00, run_after=2024-09-13 03:00:00+00:00
[2024-09-26T06:22:12.221+0000] {processor.py:208} INFO - Processing /opt/airflow/dags/deck_with_cron_expression.py took 0.186 seconds
[2024-09-26T06:22:42.710+0000] {processor.py:186} INFO - Started process (PID=162343) to work on /opt/airflow/dags/deck_with_cron_expression.py
[2024-09-26T06:22:42.712+0000] {processor.py:914} INFO - Processing file /opt/airflow/dags/deck_with_cron_expression.py for tasks to queue
[2024-09-26T06:22:42.714+0000] {logging_mixin.py:190} INFO - [2024-09-26T06:22:42.714+0000] {dagbag.py:587} INFO - Filling up the DagBag from /opt/airflow/dags/deck_with_cron_expression.py
[2024-09-26T06:22:42.805+0000] {processor.py:925} INFO - DAG(s) 'schedule_with_cron_expression_v03' retrieved from /opt/airflow/dags/deck_with_cron_expression.py
[2024-09-26T06:22:42.830+0000] {logging_mixin.py:190} INFO - [2024-09-26T06:22:42.830+0000] {dag.py:3229} INFO - Sync 1 DAGs
[2024-09-26T06:22:42.851+0000] {logging_mixin.py:190} INFO - [2024-09-26T06:22:42.851+0000] {dag.py:4156} INFO - Setting next_dagrun for schedule_with_cron_expression_v03 to 2024-09-12 03:00:00+00:00, run_after=2024-09-13 03:00:00+00:00
[2024-09-26T06:22:42.875+0000] {processor.py:208} INFO - Processing /opt/airflow/dags/deck_with_cron_expression.py took 0.172 seconds
[2024-09-26T06:23:13.294+0000] {processor.py:186} INFO - Started process (PID=162386) to work on /opt/airflow/dags/deck_with_cron_expression.py
[2024-09-26T06:23:13.295+0000] {processor.py:914} INFO - Processing file /opt/airflow/dags/deck_with_cron_expression.py for tasks to queue
[2024-09-26T06:23:13.297+0000] {logging_mixin.py:190} INFO - [2024-09-26T06:23:13.297+0000] {dagbag.py:587} INFO - Filling up the DagBag from /opt/airflow/dags/deck_with_cron_expression.py
[2024-09-26T06:23:13.368+0000] {processor.py:925} INFO - DAG(s) 'schedule_with_cron_expression_v03' retrieved from /opt/airflow/dags/deck_with_cron_expression.py
[2024-09-26T06:23:13.395+0000] {logging_mixin.py:190} INFO - [2024-09-26T06:23:13.395+0000] {dag.py:3229} INFO - Sync 1 DAGs
[2024-09-26T06:23:13.416+0000] {logging_mixin.py:190} INFO - [2024-09-26T06:23:13.415+0000] {dag.py:4156} INFO - Setting next_dagrun for schedule_with_cron_expression_v03 to 2024-09-12 03:00:00+00:00, run_after=2024-09-13 03:00:00+00:00
[2024-09-26T06:23:13.439+0000] {processor.py:208} INFO - Processing /opt/airflow/dags/deck_with_cron_expression.py took 0.151 seconds
[2024-09-26T06:23:43.812+0000] {processor.py:186} INFO - Started process (PID=162429) to work on /opt/airflow/dags/deck_with_cron_expression.py
[2024-09-26T06:23:43.813+0000] {processor.py:914} INFO - Processing file /opt/airflow/dags/deck_with_cron_expression.py for tasks to queue
[2024-09-26T06:23:43.815+0000] {logging_mixin.py:190} INFO - [2024-09-26T06:23:43.814+0000] {dagbag.py:587} INFO - Filling up the DagBag from /opt/airflow/dags/deck_with_cron_expression.py
[2024-09-26T06:23:43.880+0000] {processor.py:925} INFO - DAG(s) 'schedule_with_cron_expression_v03' retrieved from /opt/airflow/dags/deck_with_cron_expression.py
[2024-09-26T06:23:43.907+0000] {logging_mixin.py:190} INFO - [2024-09-26T06:23:43.907+0000] {dag.py:3229} INFO - Sync 1 DAGs
[2024-09-26T06:23:43.928+0000] {logging_mixin.py:190} INFO - [2024-09-26T06:23:43.927+0000] {dag.py:4156} INFO - Setting next_dagrun for schedule_with_cron_expression_v03 to 2024-09-12 03:00:00+00:00, run_after=2024-09-13 03:00:00+00:00
[2024-09-26T06:23:43.952+0000] {processor.py:208} INFO - Processing /opt/airflow/dags/deck_with_cron_expression.py took 0.146 seconds
[2024-09-26T06:24:14.513+0000] {processor.py:186} INFO - Started process (PID=162472) to work on /opt/airflow/dags/deck_with_cron_expression.py
[2024-09-26T06:24:14.515+0000] {processor.py:914} INFO - Processing file /opt/airflow/dags/deck_with_cron_expression.py for tasks to queue
[2024-09-26T06:24:14.521+0000] {logging_mixin.py:190} INFO - [2024-09-26T06:24:14.520+0000] {dagbag.py:587} INFO - Filling up the DagBag from /opt/airflow/dags/deck_with_cron_expression.py
[2024-09-26T06:24:14.591+0000] {processor.py:925} INFO - DAG(s) 'schedule_with_cron_expression_v03' retrieved from /opt/airflow/dags/deck_with_cron_expression.py
[2024-09-26T06:24:14.619+0000] {logging_mixin.py:190} INFO - [2024-09-26T06:24:14.618+0000] {dag.py:3229} INFO - Sync 1 DAGs
[2024-09-26T06:24:14.642+0000] {logging_mixin.py:190} INFO - [2024-09-26T06:24:14.642+0000] {dag.py:4156} INFO - Setting next_dagrun for schedule_with_cron_expression_v03 to 2024-09-12 03:00:00+00:00, run_after=2024-09-13 03:00:00+00:00
[2024-09-26T06:24:14.667+0000] {processor.py:208} INFO - Processing /opt/airflow/dags/deck_with_cron_expression.py took 0.164 seconds
[2024-09-26T06:24:45.048+0000] {processor.py:186} INFO - Started process (PID=162515) to work on /opt/airflow/dags/deck_with_cron_expression.py
[2024-09-26T06:24:45.049+0000] {processor.py:914} INFO - Processing file /opt/airflow/dags/deck_with_cron_expression.py for tasks to queue
[2024-09-26T06:24:45.051+0000] {logging_mixin.py:190} INFO - [2024-09-26T06:24:45.051+0000] {dagbag.py:587} INFO - Filling up the DagBag from /opt/airflow/dags/deck_with_cron_expression.py
[2024-09-26T06:24:45.146+0000] {processor.py:925} INFO - DAG(s) 'schedule_with_cron_expression_v03' retrieved from /opt/airflow/dags/deck_with_cron_expression.py
[2024-09-26T06:24:45.168+0000] {logging_mixin.py:190} INFO - [2024-09-26T06:24:45.167+0000] {dag.py:3229} INFO - Sync 1 DAGs
[2024-09-26T06:24:45.187+0000] {logging_mixin.py:190} INFO - [2024-09-26T06:24:45.187+0000] {dag.py:4156} INFO - Setting next_dagrun for schedule_with_cron_expression_v03 to 2024-09-12 03:00:00+00:00, run_after=2024-09-13 03:00:00+00:00
[2024-09-26T06:24:45.208+0000] {processor.py:208} INFO - Processing /opt/airflow/dags/deck_with_cron_expression.py took 0.166 seconds
[2024-09-26T06:25:15.621+0000] {processor.py:186} INFO - Started process (PID=162558) to work on /opt/airflow/dags/deck_with_cron_expression.py
[2024-09-26T06:25:15.623+0000] {processor.py:914} INFO - Processing file /opt/airflow/dags/deck_with_cron_expression.py for tasks to queue
[2024-09-26T06:25:15.626+0000] {logging_mixin.py:190} INFO - [2024-09-26T06:25:15.625+0000] {dagbag.py:587} INFO - Filling up the DagBag from /opt/airflow/dags/deck_with_cron_expression.py
[2024-09-26T06:25:15.712+0000] {processor.py:925} INFO - DAG(s) 'schedule_with_cron_expression_v03' retrieved from /opt/airflow/dags/deck_with_cron_expression.py
[2024-09-26T06:25:15.736+0000] {logging_mixin.py:190} INFO - [2024-09-26T06:25:15.735+0000] {dag.py:3229} INFO - Sync 1 DAGs
[2024-09-26T06:25:15.757+0000] {logging_mixin.py:190} INFO - [2024-09-26T06:25:15.757+0000] {dag.py:4156} INFO - Setting next_dagrun for schedule_with_cron_expression_v03 to 2024-09-12 03:00:00+00:00, run_after=2024-09-13 03:00:00+00:00
[2024-09-26T06:25:15.786+0000] {processor.py:208} INFO - Processing /opt/airflow/dags/deck_with_cron_expression.py took 0.174 seconds
[2024-09-26T06:25:46.052+0000] {processor.py:186} INFO - Started process (PID=162601) to work on /opt/airflow/dags/deck_with_cron_expression.py
[2024-09-26T06:25:46.055+0000] {processor.py:914} INFO - Processing file /opt/airflow/dags/deck_with_cron_expression.py for tasks to queue
[2024-09-26T06:25:46.057+0000] {logging_mixin.py:190} INFO - [2024-09-26T06:25:46.057+0000] {dagbag.py:587} INFO - Filling up the DagBag from /opt/airflow/dags/deck_with_cron_expression.py
[2024-09-26T06:25:46.154+0000] {processor.py:925} INFO - DAG(s) 'schedule_with_cron_expression_v03' retrieved from /opt/airflow/dags/deck_with_cron_expression.py
[2024-09-26T06:25:46.177+0000] {logging_mixin.py:190} INFO - [2024-09-26T06:25:46.177+0000] {dag.py:3229} INFO - Sync 1 DAGs
[2024-09-26T06:25:46.202+0000] {logging_mixin.py:190} INFO - [2024-09-26T06:25:46.202+0000] {dag.py:4156} INFO - Setting next_dagrun for schedule_with_cron_expression_v03 to 2024-09-12 03:00:00+00:00, run_after=2024-09-13 03:00:00+00:00
[2024-09-26T06:25:46.230+0000] {processor.py:208} INFO - Processing /opt/airflow/dags/deck_with_cron_expression.py took 0.186 seconds
[2024-09-26T06:26:16.668+0000] {processor.py:186} INFO - Started process (PID=162644) to work on /opt/airflow/dags/deck_with_cron_expression.py
[2024-09-26T06:26:16.669+0000] {processor.py:914} INFO - Processing file /opt/airflow/dags/deck_with_cron_expression.py for tasks to queue
[2024-09-26T06:26:16.671+0000] {logging_mixin.py:190} INFO - [2024-09-26T06:26:16.671+0000] {dagbag.py:587} INFO - Filling up the DagBag from /opt/airflow/dags/deck_with_cron_expression.py
[2024-09-26T06:26:16.750+0000] {processor.py:925} INFO - DAG(s) 'schedule_with_cron_expression_v03' retrieved from /opt/airflow/dags/deck_with_cron_expression.py
[2024-09-26T06:26:16.777+0000] {logging_mixin.py:190} INFO - [2024-09-26T06:26:16.777+0000] {dag.py:3229} INFO - Sync 1 DAGs
[2024-09-26T06:26:16.805+0000] {logging_mixin.py:190} INFO - [2024-09-26T06:26:16.805+0000] {dag.py:4156} INFO - Setting next_dagrun for schedule_with_cron_expression_v03 to 2024-09-12 03:00:00+00:00, run_after=2024-09-13 03:00:00+00:00
[2024-09-26T06:26:16.833+0000] {processor.py:208} INFO - Processing /opt/airflow/dags/deck_with_cron_expression.py took 0.170 seconds
[2024-09-26T06:26:47.434+0000] {processor.py:186} INFO - Started process (PID=162687) to work on /opt/airflow/dags/deck_with_cron_expression.py
[2024-09-26T06:26:47.435+0000] {processor.py:914} INFO - Processing file /opt/airflow/dags/deck_with_cron_expression.py for tasks to queue
[2024-09-26T06:26:47.437+0000] {logging_mixin.py:190} INFO - [2024-09-26T06:26:47.437+0000] {dagbag.py:587} INFO - Filling up the DagBag from /opt/airflow/dags/deck_with_cron_expression.py
[2024-09-26T06:26:47.528+0000] {processor.py:925} INFO - DAG(s) 'schedule_with_cron_expression_v03' retrieved from /opt/airflow/dags/deck_with_cron_expression.py
[2024-09-26T06:26:47.563+0000] {logging_mixin.py:190} INFO - [2024-09-26T06:26:47.563+0000] {dag.py:3229} INFO - Sync 1 DAGs
[2024-09-26T06:26:47.584+0000] {logging_mixin.py:190} INFO - [2024-09-26T06:26:47.584+0000] {dag.py:4156} INFO - Setting next_dagrun for schedule_with_cron_expression_v03 to 2024-09-12 03:00:00+00:00, run_after=2024-09-13 03:00:00+00:00
[2024-09-26T06:26:47.611+0000] {processor.py:208} INFO - Processing /opt/airflow/dags/deck_with_cron_expression.py took 0.183 seconds
[2024-09-26T06:27:18.047+0000] {processor.py:186} INFO - Started process (PID=162730) to work on /opt/airflow/dags/deck_with_cron_expression.py
[2024-09-26T06:27:18.050+0000] {processor.py:914} INFO - Processing file /opt/airflow/dags/deck_with_cron_expression.py for tasks to queue
[2024-09-26T06:27:18.054+0000] {logging_mixin.py:190} INFO - [2024-09-26T06:27:18.053+0000] {dagbag.py:587} INFO - Filling up the DagBag from /opt/airflow/dags/deck_with_cron_expression.py
[2024-09-26T06:27:18.133+0000] {processor.py:925} INFO - DAG(s) 'schedule_with_cron_expression_v03' retrieved from /opt/airflow/dags/deck_with_cron_expression.py
[2024-09-26T06:27:18.164+0000] {logging_mixin.py:190} INFO - [2024-09-26T06:27:18.164+0000] {dag.py:3229} INFO - Sync 1 DAGs
[2024-09-26T06:27:18.189+0000] {logging_mixin.py:190} INFO - [2024-09-26T06:27:18.189+0000] {dag.py:4156} INFO - Setting next_dagrun for schedule_with_cron_expression_v03 to 2024-09-12 03:00:00+00:00, run_after=2024-09-13 03:00:00+00:00
[2024-09-26T06:27:18.216+0000] {processor.py:208} INFO - Processing /opt/airflow/dags/deck_with_cron_expression.py took 0.175 seconds
[2024-09-26T06:27:48.528+0000] {processor.py:186} INFO - Started process (PID=162773) to work on /opt/airflow/dags/deck_with_cron_expression.py
[2024-09-26T06:27:48.529+0000] {processor.py:914} INFO - Processing file /opt/airflow/dags/deck_with_cron_expression.py for tasks to queue
[2024-09-26T06:27:48.531+0000] {logging_mixin.py:190} INFO - [2024-09-26T06:27:48.531+0000] {dagbag.py:587} INFO - Filling up the DagBag from /opt/airflow/dags/deck_with_cron_expression.py
[2024-09-26T06:27:48.600+0000] {processor.py:925} INFO - DAG(s) 'schedule_with_cron_expression_v03' retrieved from /opt/airflow/dags/deck_with_cron_expression.py
[2024-09-26T06:27:48.633+0000] {logging_mixin.py:190} INFO - [2024-09-26T06:27:48.633+0000] {dag.py:3229} INFO - Sync 1 DAGs
[2024-09-26T06:27:48.665+0000] {logging_mixin.py:190} INFO - [2024-09-26T06:27:48.664+0000] {dag.py:4156} INFO - Setting next_dagrun for schedule_with_cron_expression_v03 to 2024-09-12 03:00:00+00:00, run_after=2024-09-13 03:00:00+00:00
[2024-09-26T06:27:48.695+0000] {processor.py:208} INFO - Processing /opt/airflow/dags/deck_with_cron_expression.py took 0.173 seconds
[2024-09-26T06:28:19.183+0000] {processor.py:186} INFO - Started process (PID=162816) to work on /opt/airflow/dags/deck_with_cron_expression.py
[2024-09-26T06:28:19.185+0000] {processor.py:914} INFO - Processing file /opt/airflow/dags/deck_with_cron_expression.py for tasks to queue
[2024-09-26T06:28:19.187+0000] {logging_mixin.py:190} INFO - [2024-09-26T06:28:19.186+0000] {dagbag.py:587} INFO - Filling up the DagBag from /opt/airflow/dags/deck_with_cron_expression.py
[2024-09-26T06:28:19.253+0000] {processor.py:925} INFO - DAG(s) 'schedule_with_cron_expression_v03' retrieved from /opt/airflow/dags/deck_with_cron_expression.py
[2024-09-26T06:28:19.285+0000] {logging_mixin.py:190} INFO - [2024-09-26T06:28:19.284+0000] {dag.py:3229} INFO - Sync 1 DAGs
[2024-09-26T06:28:19.313+0000] {logging_mixin.py:190} INFO - [2024-09-26T06:28:19.312+0000] {dag.py:4156} INFO - Setting next_dagrun for schedule_with_cron_expression_v03 to 2024-09-12 03:00:00+00:00, run_after=2024-09-13 03:00:00+00:00
[2024-09-26T06:28:19.343+0000] {processor.py:208} INFO - Processing /opt/airflow/dags/deck_with_cron_expression.py took 0.165 seconds
[2024-09-26T06:28:49.827+0000] {processor.py:186} INFO - Started process (PID=162859) to work on /opt/airflow/dags/deck_with_cron_expression.py
[2024-09-26T06:28:49.829+0000] {processor.py:914} INFO - Processing file /opt/airflow/dags/deck_with_cron_expression.py for tasks to queue
[2024-09-26T06:28:49.831+0000] {logging_mixin.py:190} INFO - [2024-09-26T06:28:49.831+0000] {dagbag.py:587} INFO - Filling up the DagBag from /opt/airflow/dags/deck_with_cron_expression.py
[2024-09-26T06:28:49.913+0000] {processor.py:925} INFO - DAG(s) 'schedule_with_cron_expression_v03' retrieved from /opt/airflow/dags/deck_with_cron_expression.py
[2024-09-26T06:28:49.943+0000] {logging_mixin.py:190} INFO - [2024-09-26T06:28:49.943+0000] {dag.py:3229} INFO - Sync 1 DAGs
[2024-09-26T06:28:49.968+0000] {logging_mixin.py:190} INFO - [2024-09-26T06:28:49.968+0000] {dag.py:4156} INFO - Setting next_dagrun for schedule_with_cron_expression_v03 to 2024-09-12 03:00:00+00:00, run_after=2024-09-13 03:00:00+00:00
[2024-09-26T06:28:49.992+0000] {processor.py:208} INFO - Processing /opt/airflow/dags/deck_with_cron_expression.py took 0.170 seconds
[2024-09-26T06:29:20.487+0000] {processor.py:186} INFO - Started process (PID=162902) to work on /opt/airflow/dags/deck_with_cron_expression.py
[2024-09-26T06:29:20.489+0000] {processor.py:914} INFO - Processing file /opt/airflow/dags/deck_with_cron_expression.py for tasks to queue
[2024-09-26T06:29:20.491+0000] {logging_mixin.py:190} INFO - [2024-09-26T06:29:20.490+0000] {dagbag.py:587} INFO - Filling up the DagBag from /opt/airflow/dags/deck_with_cron_expression.py
[2024-09-26T06:29:20.595+0000] {processor.py:925} INFO - DAG(s) 'schedule_with_cron_expression_v03' retrieved from /opt/airflow/dags/deck_with_cron_expression.py
[2024-09-26T06:29:20.624+0000] {logging_mixin.py:190} INFO - [2024-09-26T06:29:20.624+0000] {dag.py:3229} INFO - Sync 1 DAGs
[2024-09-26T06:29:20.655+0000] {logging_mixin.py:190} INFO - [2024-09-26T06:29:20.654+0000] {dag.py:4156} INFO - Setting next_dagrun for schedule_with_cron_expression_v03 to 2024-09-12 03:00:00+00:00, run_after=2024-09-13 03:00:00+00:00
[2024-09-26T06:29:20.683+0000] {processor.py:208} INFO - Processing /opt/airflow/dags/deck_with_cron_expression.py took 0.201 seconds
[2024-09-26T06:29:51.112+0000] {processor.py:186} INFO - Started process (PID=162945) to work on /opt/airflow/dags/deck_with_cron_expression.py
[2024-09-26T06:29:51.114+0000] {processor.py:914} INFO - Processing file /opt/airflow/dags/deck_with_cron_expression.py for tasks to queue
[2024-09-26T06:29:51.116+0000] {logging_mixin.py:190} INFO - [2024-09-26T06:29:51.116+0000] {dagbag.py:587} INFO - Filling up the DagBag from /opt/airflow/dags/deck_with_cron_expression.py
[2024-09-26T06:29:51.226+0000] {processor.py:925} INFO - DAG(s) 'schedule_with_cron_expression_v03' retrieved from /opt/airflow/dags/deck_with_cron_expression.py
[2024-09-26T06:29:51.257+0000] {logging_mixin.py:190} INFO - [2024-09-26T06:29:51.257+0000] {dag.py:3229} INFO - Sync 1 DAGs
[2024-09-26T06:29:51.279+0000] {logging_mixin.py:190} INFO - [2024-09-26T06:29:51.279+0000] {dag.py:4156} INFO - Setting next_dagrun for schedule_with_cron_expression_v03 to 2024-09-12 03:00:00+00:00, run_after=2024-09-13 03:00:00+00:00
[2024-09-26T06:29:51.303+0000] {processor.py:208} INFO - Processing /opt/airflow/dags/deck_with_cron_expression.py took 0.200 seconds
[2024-09-26T06:30:21.660+0000] {processor.py:186} INFO - Started process (PID=162988) to work on /opt/airflow/dags/deck_with_cron_expression.py
[2024-09-26T06:30:21.662+0000] {processor.py:914} INFO - Processing file /opt/airflow/dags/deck_with_cron_expression.py for tasks to queue
[2024-09-26T06:30:21.665+0000] {logging_mixin.py:190} INFO - [2024-09-26T06:30:21.665+0000] {dagbag.py:587} INFO - Filling up the DagBag from /opt/airflow/dags/deck_with_cron_expression.py
[2024-09-26T06:30:21.734+0000] {processor.py:925} INFO - DAG(s) 'schedule_with_cron_expression_v03' retrieved from /opt/airflow/dags/deck_with_cron_expression.py
[2024-09-26T06:30:21.760+0000] {logging_mixin.py:190} INFO - [2024-09-26T06:30:21.759+0000] {dag.py:3229} INFO - Sync 1 DAGs
[2024-09-26T06:30:21.783+0000] {logging_mixin.py:190} INFO - [2024-09-26T06:30:21.782+0000] {dag.py:4156} INFO - Setting next_dagrun for schedule_with_cron_expression_v03 to 2024-09-12 03:00:00+00:00, run_after=2024-09-13 03:00:00+00:00
[2024-09-26T06:30:21.807+0000] {processor.py:208} INFO - Processing /opt/airflow/dags/deck_with_cron_expression.py took 0.155 seconds
[2024-09-26T06:30:52.160+0000] {processor.py:186} INFO - Started process (PID=163031) to work on /opt/airflow/dags/deck_with_cron_expression.py
[2024-09-26T06:30:52.163+0000] {processor.py:914} INFO - Processing file /opt/airflow/dags/deck_with_cron_expression.py for tasks to queue
[2024-09-26T06:30:52.168+0000] {logging_mixin.py:190} INFO - [2024-09-26T06:30:52.167+0000] {dagbag.py:587} INFO - Filling up the DagBag from /opt/airflow/dags/deck_with_cron_expression.py
[2024-09-26T06:30:52.268+0000] {processor.py:925} INFO - DAG(s) 'schedule_with_cron_expression_v03' retrieved from /opt/airflow/dags/deck_with_cron_expression.py
[2024-09-26T06:30:52.312+0000] {logging_mixin.py:190} INFO - [2024-09-26T06:30:52.312+0000] {dag.py:3229} INFO - Sync 1 DAGs
[2024-09-26T06:30:52.343+0000] {logging_mixin.py:190} INFO - [2024-09-26T06:30:52.343+0000] {dag.py:4156} INFO - Setting next_dagrun for schedule_with_cron_expression_v03 to 2024-09-12 03:00:00+00:00, run_after=2024-09-13 03:00:00+00:00
[2024-09-26T06:30:52.379+0000] {processor.py:208} INFO - Processing /opt/airflow/dags/deck_with_cron_expression.py took 0.234 seconds
[2024-09-26T06:31:22.816+0000] {processor.py:186} INFO - Started process (PID=163074) to work on /opt/airflow/dags/deck_with_cron_expression.py
[2024-09-26T06:31:22.818+0000] {processor.py:914} INFO - Processing file /opt/airflow/dags/deck_with_cron_expression.py for tasks to queue
[2024-09-26T06:31:22.820+0000] {logging_mixin.py:190} INFO - [2024-09-26T06:31:22.820+0000] {dagbag.py:587} INFO - Filling up the DagBag from /opt/airflow/dags/deck_with_cron_expression.py
[2024-09-26T06:31:22.901+0000] {processor.py:925} INFO - DAG(s) 'schedule_with_cron_expression_v03' retrieved from /opt/airflow/dags/deck_with_cron_expression.py
[2024-09-26T06:31:22.927+0000] {logging_mixin.py:190} INFO - [2024-09-26T06:31:22.927+0000] {dag.py:3229} INFO - Sync 1 DAGs
[2024-09-26T06:31:22.954+0000] {logging_mixin.py:190} INFO - [2024-09-26T06:31:22.953+0000] {dag.py:4156} INFO - Setting next_dagrun for schedule_with_cron_expression_v03 to 2024-09-12 03:00:00+00:00, run_after=2024-09-13 03:00:00+00:00
[2024-09-26T06:31:22.978+0000] {processor.py:208} INFO - Processing /opt/airflow/dags/deck_with_cron_expression.py took 0.169 seconds
[2024-09-26T06:31:53.515+0000] {processor.py:186} INFO - Started process (PID=163117) to work on /opt/airflow/dags/deck_with_cron_expression.py
[2024-09-26T06:31:53.517+0000] {processor.py:914} INFO - Processing file /opt/airflow/dags/deck_with_cron_expression.py for tasks to queue
[2024-09-26T06:31:53.520+0000] {logging_mixin.py:190} INFO - [2024-09-26T06:31:53.520+0000] {dagbag.py:587} INFO - Filling up the DagBag from /opt/airflow/dags/deck_with_cron_expression.py
[2024-09-26T06:31:53.645+0000] {processor.py:925} INFO - DAG(s) 'schedule_with_cron_expression_v03' retrieved from /opt/airflow/dags/deck_with_cron_expression.py
[2024-09-26T06:31:53.671+0000] {logging_mixin.py:190} INFO - [2024-09-26T06:31:53.671+0000] {dag.py:3229} INFO - Sync 1 DAGs
[2024-09-26T06:31:53.699+0000] {logging_mixin.py:190} INFO - [2024-09-26T06:31:53.699+0000] {dag.py:4156} INFO - Setting next_dagrun for schedule_with_cron_expression_v03 to 2024-09-12 03:00:00+00:00, run_after=2024-09-13 03:00:00+00:00
[2024-09-26T06:31:53.725+0000] {processor.py:208} INFO - Processing /opt/airflow/dags/deck_with_cron_expression.py took 0.223 seconds
[2024-09-26T06:32:24.488+0000] {processor.py:186} INFO - Started process (PID=163162) to work on /opt/airflow/dags/deck_with_cron_expression.py
[2024-09-26T06:32:24.492+0000] {processor.py:914} INFO - Processing file /opt/airflow/dags/deck_with_cron_expression.py for tasks to queue
[2024-09-26T06:32:24.499+0000] {logging_mixin.py:190} INFO - [2024-09-26T06:32:24.498+0000] {dagbag.py:587} INFO - Filling up the DagBag from /opt/airflow/dags/deck_with_cron_expression.py
[2024-09-26T06:32:24.588+0000] {processor.py:925} INFO - DAG(s) 'schedule_with_cron_expression_v03' retrieved from /opt/airflow/dags/deck_with_cron_expression.py
[2024-09-26T06:32:24.615+0000] {logging_mixin.py:190} INFO - [2024-09-26T06:32:24.614+0000] {dag.py:3229} INFO - Sync 1 DAGs
[2024-09-26T06:32:24.640+0000] {logging_mixin.py:190} INFO - [2024-09-26T06:32:24.640+0000] {dag.py:4156} INFO - Setting next_dagrun for schedule_with_cron_expression_v03 to 2024-09-12 03:00:00+00:00, run_after=2024-09-13 03:00:00+00:00
[2024-09-26T06:32:24.668+0000] {processor.py:208} INFO - Processing /opt/airflow/dags/deck_with_cron_expression.py took 0.196 seconds
[2024-09-26T06:32:54.891+0000] {processor.py:186} INFO - Started process (PID=163205) to work on /opt/airflow/dags/deck_with_cron_expression.py
[2024-09-26T06:32:54.893+0000] {processor.py:914} INFO - Processing file /opt/airflow/dags/deck_with_cron_expression.py for tasks to queue
[2024-09-26T06:32:54.896+0000] {logging_mixin.py:190} INFO - [2024-09-26T06:32:54.895+0000] {dagbag.py:587} INFO - Filling up the DagBag from /opt/airflow/dags/deck_with_cron_expression.py
[2024-09-26T06:32:54.986+0000] {processor.py:925} INFO - DAG(s) 'schedule_with_cron_expression_v03' retrieved from /opt/airflow/dags/deck_with_cron_expression.py
[2024-09-26T06:32:55.028+0000] {logging_mixin.py:190} INFO - [2024-09-26T06:32:55.028+0000] {dag.py:3229} INFO - Sync 1 DAGs
[2024-09-26T06:32:55.050+0000] {logging_mixin.py:190} INFO - [2024-09-26T06:32:55.050+0000] {dag.py:4156} INFO - Setting next_dagrun for schedule_with_cron_expression_v03 to 2024-09-12 03:00:00+00:00, run_after=2024-09-13 03:00:00+00:00
[2024-09-26T06:32:55.072+0000] {processor.py:208} INFO - Processing /opt/airflow/dags/deck_with_cron_expression.py took 0.187 seconds
[2024-09-26T06:33:25.344+0000] {processor.py:186} INFO - Started process (PID=163246) to work on /opt/airflow/dags/deck_with_cron_expression.py
[2024-09-26T06:33:25.346+0000] {processor.py:914} INFO - Processing file /opt/airflow/dags/deck_with_cron_expression.py for tasks to queue
[2024-09-26T06:33:25.348+0000] {logging_mixin.py:190} INFO - [2024-09-26T06:33:25.347+0000] {dagbag.py:587} INFO - Filling up the DagBag from /opt/airflow/dags/deck_with_cron_expression.py
[2024-09-26T06:33:25.441+0000] {processor.py:925} INFO - DAG(s) 'schedule_with_cron_expression_v03' retrieved from /opt/airflow/dags/deck_with_cron_expression.py
[2024-09-26T06:33:25.466+0000] {logging_mixin.py:190} INFO - [2024-09-26T06:33:25.466+0000] {dag.py:3229} INFO - Sync 1 DAGs
[2024-09-26T06:33:25.488+0000] {logging_mixin.py:190} INFO - [2024-09-26T06:33:25.488+0000] {dag.py:4156} INFO - Setting next_dagrun for schedule_with_cron_expression_v03 to 2024-09-12 03:00:00+00:00, run_after=2024-09-13 03:00:00+00:00
[2024-09-26T06:33:25.510+0000] {processor.py:208} INFO - Processing /opt/airflow/dags/deck_with_cron_expression.py took 0.173 seconds
[2024-09-26T06:33:55.993+0000] {processor.py:186} INFO - Started process (PID=163289) to work on /opt/airflow/dags/deck_with_cron_expression.py
[2024-09-26T06:33:55.995+0000] {processor.py:914} INFO - Processing file /opt/airflow/dags/deck_with_cron_expression.py for tasks to queue
[2024-09-26T06:33:55.997+0000] {logging_mixin.py:190} INFO - [2024-09-26T06:33:55.996+0000] {dagbag.py:587} INFO - Filling up the DagBag from /opt/airflow/dags/deck_with_cron_expression.py
[2024-09-26T06:33:56.075+0000] {processor.py:925} INFO - DAG(s) 'schedule_with_cron_expression_v03' retrieved from /opt/airflow/dags/deck_with_cron_expression.py
[2024-09-26T06:33:56.109+0000] {logging_mixin.py:190} INFO - [2024-09-26T06:33:56.108+0000] {dag.py:3229} INFO - Sync 1 DAGs
[2024-09-26T06:33:56.129+0000] {logging_mixin.py:190} INFO - [2024-09-26T06:33:56.129+0000] {dag.py:4156} INFO - Setting next_dagrun for schedule_with_cron_expression_v03 to 2024-09-12 03:00:00+00:00, run_after=2024-09-13 03:00:00+00:00
[2024-09-26T06:33:56.159+0000] {processor.py:208} INFO - Processing /opt/airflow/dags/deck_with_cron_expression.py took 0.173 seconds
[2024-09-26T06:34:26.589+0000] {processor.py:186} INFO - Started process (PID=163332) to work on /opt/airflow/dags/deck_with_cron_expression.py
[2024-09-26T06:34:26.592+0000] {processor.py:914} INFO - Processing file /opt/airflow/dags/deck_with_cron_expression.py for tasks to queue
[2024-09-26T06:34:26.596+0000] {logging_mixin.py:190} INFO - [2024-09-26T06:34:26.595+0000] {dagbag.py:587} INFO - Filling up the DagBag from /opt/airflow/dags/deck_with_cron_expression.py
[2024-09-26T06:34:26.702+0000] {processor.py:925} INFO - DAG(s) 'schedule_with_cron_expression_v03' retrieved from /opt/airflow/dags/deck_with_cron_expression.py
[2024-09-26T06:34:26.752+0000] {logging_mixin.py:190} INFO - [2024-09-26T06:34:26.752+0000] {dag.py:3229} INFO - Sync 1 DAGs
[2024-09-26T06:34:26.782+0000] {logging_mixin.py:190} INFO - [2024-09-26T06:34:26.782+0000] {dag.py:4156} INFO - Setting next_dagrun for schedule_with_cron_expression_v03 to 2024-09-12 03:00:00+00:00, run_after=2024-09-13 03:00:00+00:00
[2024-09-26T06:34:26.813+0000] {processor.py:208} INFO - Processing /opt/airflow/dags/deck_with_cron_expression.py took 0.236 seconds
[2024-09-26T06:34:57.433+0000] {processor.py:186} INFO - Started process (PID=163375) to work on /opt/airflow/dags/deck_with_cron_expression.py
[2024-09-26T06:34:57.435+0000] {processor.py:914} INFO - Processing file /opt/airflow/dags/deck_with_cron_expression.py for tasks to queue
[2024-09-26T06:34:57.437+0000] {logging_mixin.py:190} INFO - [2024-09-26T06:34:57.437+0000] {dagbag.py:587} INFO - Filling up the DagBag from /opt/airflow/dags/deck_with_cron_expression.py
[2024-09-26T06:34:57.520+0000] {processor.py:925} INFO - DAG(s) 'schedule_with_cron_expression_v03' retrieved from /opt/airflow/dags/deck_with_cron_expression.py
[2024-09-26T06:34:57.550+0000] {logging_mixin.py:190} INFO - [2024-09-26T06:34:57.549+0000] {dag.py:3229} INFO - Sync 1 DAGs
[2024-09-26T06:34:57.574+0000] {logging_mixin.py:190} INFO - [2024-09-26T06:34:57.574+0000] {dag.py:4156} INFO - Setting next_dagrun for schedule_with_cron_expression_v03 to 2024-09-12 03:00:00+00:00, run_after=2024-09-13 03:00:00+00:00
[2024-09-26T06:34:57.604+0000] {processor.py:208} INFO - Processing /opt/airflow/dags/deck_with_cron_expression.py took 0.175 seconds
[2024-09-26T06:35:28.445+0000] {processor.py:186} INFO - Started process (PID=163418) to work on /opt/airflow/dags/deck_with_cron_expression.py
[2024-09-26T06:35:28.447+0000] {processor.py:914} INFO - Processing file /opt/airflow/dags/deck_with_cron_expression.py for tasks to queue
[2024-09-26T06:35:28.449+0000] {logging_mixin.py:190} INFO - [2024-09-26T06:35:28.448+0000] {dagbag.py:587} INFO - Filling up the DagBag from /opt/airflow/dags/deck_with_cron_expression.py
[2024-09-26T06:35:28.516+0000] {processor.py:925} INFO - DAG(s) 'schedule_with_cron_expression_v03' retrieved from /opt/airflow/dags/deck_with_cron_expression.py
[2024-09-26T06:35:28.544+0000] {logging_mixin.py:190} INFO - [2024-09-26T06:35:28.544+0000] {dag.py:3229} INFO - Sync 1 DAGs
[2024-09-26T06:35:28.569+0000] {logging_mixin.py:190} INFO - [2024-09-26T06:35:28.569+0000] {dag.py:4156} INFO - Setting next_dagrun for schedule_with_cron_expression_v03 to 2024-09-12 03:00:00+00:00, run_after=2024-09-13 03:00:00+00:00
[2024-09-26T06:35:28.597+0000] {processor.py:208} INFO - Processing /opt/airflow/dags/deck_with_cron_expression.py took 0.156 seconds
[2024-09-26T06:35:59.730+0000] {processor.py:186} INFO - Started process (PID=163461) to work on /opt/airflow/dags/deck_with_cron_expression.py
[2024-09-26T06:35:59.731+0000] {processor.py:914} INFO - Processing file /opt/airflow/dags/deck_with_cron_expression.py for tasks to queue
[2024-09-26T06:35:59.734+0000] {logging_mixin.py:190} INFO - [2024-09-26T06:35:59.733+0000] {dagbag.py:587} INFO - Filling up the DagBag from /opt/airflow/dags/deck_with_cron_expression.py
[2024-09-26T06:35:59.816+0000] {processor.py:925} INFO - DAG(s) 'schedule_with_cron_expression_v03' retrieved from /opt/airflow/dags/deck_with_cron_expression.py
[2024-09-26T06:35:59.839+0000] {logging_mixin.py:190} INFO - [2024-09-26T06:35:59.839+0000] {dag.py:3229} INFO - Sync 1 DAGs
[2024-09-26T06:35:59.861+0000] {logging_mixin.py:190} INFO - [2024-09-26T06:35:59.860+0000] {dag.py:4156} INFO - Setting next_dagrun for schedule_with_cron_expression_v03 to 2024-09-12 03:00:00+00:00, run_after=2024-09-13 03:00:00+00:00
[2024-09-26T06:35:59.887+0000] {processor.py:208} INFO - Processing /opt/airflow/dags/deck_with_cron_expression.py took 0.162 seconds
[2024-09-26T06:36:30.233+0000] {processor.py:186} INFO - Started process (PID=163504) to work on /opt/airflow/dags/deck_with_cron_expression.py
[2024-09-26T06:36:30.234+0000] {processor.py:914} INFO - Processing file /opt/airflow/dags/deck_with_cron_expression.py for tasks to queue
[2024-09-26T06:36:30.236+0000] {logging_mixin.py:190} INFO - [2024-09-26T06:36:30.236+0000] {dagbag.py:587} INFO - Filling up the DagBag from /opt/airflow/dags/deck_with_cron_expression.py
[2024-09-26T06:36:30.320+0000] {processor.py:925} INFO - DAG(s) 'schedule_with_cron_expression_v03' retrieved from /opt/airflow/dags/deck_with_cron_expression.py
[2024-09-26T06:36:30.343+0000] {logging_mixin.py:190} INFO - [2024-09-26T06:36:30.343+0000] {dag.py:3229} INFO - Sync 1 DAGs
[2024-09-26T06:36:30.367+0000] {logging_mixin.py:190} INFO - [2024-09-26T06:36:30.366+0000] {dag.py:4156} INFO - Setting next_dagrun for schedule_with_cron_expression_v03 to 2024-09-12 03:00:00+00:00, run_after=2024-09-13 03:00:00+00:00
[2024-09-26T06:36:30.390+0000] {processor.py:208} INFO - Processing /opt/airflow/dags/deck_with_cron_expression.py took 0.163 seconds
[2024-09-26T06:37:00.873+0000] {processor.py:186} INFO - Started process (PID=163547) to work on /opt/airflow/dags/deck_with_cron_expression.py
[2024-09-26T06:37:00.875+0000] {processor.py:914} INFO - Processing file /opt/airflow/dags/deck_with_cron_expression.py for tasks to queue
[2024-09-26T06:37:00.877+0000] {logging_mixin.py:190} INFO - [2024-09-26T06:37:00.876+0000] {dagbag.py:587} INFO - Filling up the DagBag from /opt/airflow/dags/deck_with_cron_expression.py
[2024-09-26T06:37:00.966+0000] {processor.py:925} INFO - DAG(s) 'schedule_with_cron_expression_v03' retrieved from /opt/airflow/dags/deck_with_cron_expression.py
[2024-09-26T06:37:00.990+0000] {logging_mixin.py:190} INFO - [2024-09-26T06:37:00.990+0000] {dag.py:3229} INFO - Sync 1 DAGs
[2024-09-26T06:37:01.011+0000] {logging_mixin.py:190} INFO - [2024-09-26T06:37:01.011+0000] {dag.py:4156} INFO - Setting next_dagrun for schedule_with_cron_expression_v03 to 2024-09-12 03:00:00+00:00, run_after=2024-09-13 03:00:00+00:00
[2024-09-26T06:37:01.038+0000] {processor.py:208} INFO - Processing /opt/airflow/dags/deck_with_cron_expression.py took 0.170 seconds
[2024-09-26T06:37:31.700+0000] {processor.py:186} INFO - Started process (PID=163590) to work on /opt/airflow/dags/deck_with_cron_expression.py
[2024-09-26T06:37:31.702+0000] {processor.py:914} INFO - Processing file /opt/airflow/dags/deck_with_cron_expression.py for tasks to queue
[2024-09-26T06:37:31.703+0000] {logging_mixin.py:190} INFO - [2024-09-26T06:37:31.703+0000] {dagbag.py:587} INFO - Filling up the DagBag from /opt/airflow/dags/deck_with_cron_expression.py
[2024-09-26T06:37:31.783+0000] {processor.py:925} INFO - DAG(s) 'schedule_with_cron_expression_v03' retrieved from /opt/airflow/dags/deck_with_cron_expression.py
[2024-09-26T06:37:31.809+0000] {logging_mixin.py:190} INFO - [2024-09-26T06:37:31.809+0000] {dag.py:3229} INFO - Sync 1 DAGs
[2024-09-26T06:37:31.836+0000] {logging_mixin.py:190} INFO - [2024-09-26T06:37:31.836+0000] {dag.py:4156} INFO - Setting next_dagrun for schedule_with_cron_expression_v03 to 2024-09-12 03:00:00+00:00, run_after=2024-09-13 03:00:00+00:00
[2024-09-26T06:37:31.860+0000] {processor.py:208} INFO - Processing /opt/airflow/dags/deck_with_cron_expression.py took 0.168 seconds
[2024-09-26T06:38:02.251+0000] {processor.py:186} INFO - Started process (PID=163633) to work on /opt/airflow/dags/deck_with_cron_expression.py
[2024-09-26T06:38:02.252+0000] {processor.py:914} INFO - Processing file /opt/airflow/dags/deck_with_cron_expression.py for tasks to queue
[2024-09-26T06:38:02.254+0000] {logging_mixin.py:190} INFO - [2024-09-26T06:38:02.254+0000] {dagbag.py:587} INFO - Filling up the DagBag from /opt/airflow/dags/deck_with_cron_expression.py
[2024-09-26T06:38:02.328+0000] {processor.py:925} INFO - DAG(s) 'schedule_with_cron_expression_v03' retrieved from /opt/airflow/dags/deck_with_cron_expression.py
[2024-09-26T06:38:02.361+0000] {logging_mixin.py:190} INFO - [2024-09-26T06:38:02.360+0000] {dag.py:3229} INFO - Sync 1 DAGs
[2024-09-26T06:38:02.393+0000] {logging_mixin.py:190} INFO - [2024-09-26T06:38:02.393+0000] {dag.py:4156} INFO - Setting next_dagrun for schedule_with_cron_expression_v03 to 2024-09-12 03:00:00+00:00, run_after=2024-09-13 03:00:00+00:00
[2024-09-26T06:38:02.427+0000] {processor.py:208} INFO - Processing /opt/airflow/dags/deck_with_cron_expression.py took 0.182 seconds
[2024-09-26T06:38:32.798+0000] {processor.py:186} INFO - Started process (PID=163676) to work on /opt/airflow/dags/deck_with_cron_expression.py
[2024-09-26T06:38:32.799+0000] {processor.py:914} INFO - Processing file /opt/airflow/dags/deck_with_cron_expression.py for tasks to queue
[2024-09-26T06:38:32.801+0000] {logging_mixin.py:190} INFO - [2024-09-26T06:38:32.801+0000] {dagbag.py:587} INFO - Filling up the DagBag from /opt/airflow/dags/deck_with_cron_expression.py
[2024-09-26T06:38:32.883+0000] {processor.py:925} INFO - DAG(s) 'schedule_with_cron_expression_v03' retrieved from /opt/airflow/dags/deck_with_cron_expression.py
[2024-09-26T06:38:32.907+0000] {logging_mixin.py:190} INFO - [2024-09-26T06:38:32.907+0000] {dag.py:3229} INFO - Sync 1 DAGs
[2024-09-26T06:38:32.928+0000] {logging_mixin.py:190} INFO - [2024-09-26T06:38:32.928+0000] {dag.py:4156} INFO - Setting next_dagrun for schedule_with_cron_expression_v03 to 2024-09-12 03:00:00+00:00, run_after=2024-09-13 03:00:00+00:00
[2024-09-26T06:38:32.952+0000] {processor.py:208} INFO - Processing /opt/airflow/dags/deck_with_cron_expression.py took 0.161 seconds
[2024-09-26T06:39:03.496+0000] {processor.py:186} INFO - Started process (PID=163719) to work on /opt/airflow/dags/deck_with_cron_expression.py
[2024-09-26T06:39:03.499+0000] {processor.py:914} INFO - Processing file /opt/airflow/dags/deck_with_cron_expression.py for tasks to queue
[2024-09-26T06:39:03.503+0000] {logging_mixin.py:190} INFO - [2024-09-26T06:39:03.502+0000] {dagbag.py:587} INFO - Filling up the DagBag from /opt/airflow/dags/deck_with_cron_expression.py
[2024-09-26T06:39:03.596+0000] {processor.py:925} INFO - DAG(s) 'schedule_with_cron_expression_v03' retrieved from /opt/airflow/dags/deck_with_cron_expression.py
[2024-09-26T06:39:03.618+0000] {logging_mixin.py:190} INFO - [2024-09-26T06:39:03.618+0000] {dag.py:3229} INFO - Sync 1 DAGs
[2024-09-26T06:39:03.640+0000] {logging_mixin.py:190} INFO - [2024-09-26T06:39:03.640+0000] {dag.py:4156} INFO - Setting next_dagrun for schedule_with_cron_expression_v03 to 2024-09-12 03:00:00+00:00, run_after=2024-09-13 03:00:00+00:00
[2024-09-26T06:39:03.662+0000] {processor.py:208} INFO - Processing /opt/airflow/dags/deck_with_cron_expression.py took 0.180 seconds
[2024-09-26T06:39:34.236+0000] {processor.py:186} INFO - Started process (PID=163762) to work on /opt/airflow/dags/deck_with_cron_expression.py
[2024-09-26T06:39:34.238+0000] {processor.py:914} INFO - Processing file /opt/airflow/dags/deck_with_cron_expression.py for tasks to queue
[2024-09-26T06:39:34.240+0000] {logging_mixin.py:190} INFO - [2024-09-26T06:39:34.240+0000] {dagbag.py:587} INFO - Filling up the DagBag from /opt/airflow/dags/deck_with_cron_expression.py
[2024-09-26T06:39:34.342+0000] {processor.py:925} INFO - DAG(s) 'schedule_with_cron_expression_v03' retrieved from /opt/airflow/dags/deck_with_cron_expression.py
[2024-09-26T06:39:34.365+0000] {logging_mixin.py:190} INFO - [2024-09-26T06:39:34.365+0000] {dag.py:3229} INFO - Sync 1 DAGs
[2024-09-26T06:39:34.387+0000] {logging_mixin.py:190} INFO - [2024-09-26T06:39:34.386+0000] {dag.py:4156} INFO - Setting next_dagrun for schedule_with_cron_expression_v03 to 2024-09-12 03:00:00+00:00, run_after=2024-09-13 03:00:00+00:00
[2024-09-26T06:39:34.409+0000] {processor.py:208} INFO - Processing /opt/airflow/dags/deck_with_cron_expression.py took 0.180 seconds
[2024-09-26T06:40:04.784+0000] {processor.py:186} INFO - Started process (PID=163805) to work on /opt/airflow/dags/deck_with_cron_expression.py
[2024-09-26T06:40:04.786+0000] {processor.py:914} INFO - Processing file /opt/airflow/dags/deck_with_cron_expression.py for tasks to queue
[2024-09-26T06:40:04.789+0000] {logging_mixin.py:190} INFO - [2024-09-26T06:40:04.788+0000] {dagbag.py:587} INFO - Filling up the DagBag from /opt/airflow/dags/deck_with_cron_expression.py
[2024-09-26T06:40:04.877+0000] {processor.py:925} INFO - DAG(s) 'schedule_with_cron_expression_v03' retrieved from /opt/airflow/dags/deck_with_cron_expression.py
[2024-09-26T06:40:04.902+0000] {logging_mixin.py:190} INFO - [2024-09-26T06:40:04.902+0000] {dag.py:3229} INFO - Sync 1 DAGs
[2024-09-26T06:40:04.924+0000] {logging_mixin.py:190} INFO - [2024-09-26T06:40:04.923+0000] {dag.py:4156} INFO - Setting next_dagrun for schedule_with_cron_expression_v03 to 2024-09-12 03:00:00+00:00, run_after=2024-09-13 03:00:00+00:00
[2024-09-26T06:40:04.943+0000] {processor.py:208} INFO - Processing /opt/airflow/dags/deck_with_cron_expression.py took 0.173 seconds
[2024-09-26T06:40:35.219+0000] {processor.py:186} INFO - Started process (PID=163848) to work on /opt/airflow/dags/deck_with_cron_expression.py
[2024-09-26T06:40:35.221+0000] {processor.py:914} INFO - Processing file /opt/airflow/dags/deck_with_cron_expression.py for tasks to queue
[2024-09-26T06:40:35.222+0000] {logging_mixin.py:190} INFO - [2024-09-26T06:40:35.222+0000] {dagbag.py:587} INFO - Filling up the DagBag from /opt/airflow/dags/deck_with_cron_expression.py
[2024-09-26T06:40:35.306+0000] {processor.py:925} INFO - DAG(s) 'schedule_with_cron_expression_v03' retrieved from /opt/airflow/dags/deck_with_cron_expression.py
[2024-09-26T06:40:35.333+0000] {logging_mixin.py:190} INFO - [2024-09-26T06:40:35.333+0000] {dag.py:3229} INFO - Sync 1 DAGs
[2024-09-26T06:40:35.356+0000] {logging_mixin.py:190} INFO - [2024-09-26T06:40:35.356+0000] {dag.py:4156} INFO - Setting next_dagrun for schedule_with_cron_expression_v03 to 2024-09-12 03:00:00+00:00, run_after=2024-09-13 03:00:00+00:00
[2024-09-26T06:40:35.378+0000] {processor.py:208} INFO - Processing /opt/airflow/dags/deck_with_cron_expression.py took 0.165 seconds
[2024-09-26T06:41:05.777+0000] {processor.py:186} INFO - Started process (PID=163891) to work on /opt/airflow/dags/deck_with_cron_expression.py
[2024-09-26T06:41:05.778+0000] {processor.py:914} INFO - Processing file /opt/airflow/dags/deck_with_cron_expression.py for tasks to queue
[2024-09-26T06:41:05.780+0000] {logging_mixin.py:190} INFO - [2024-09-26T06:41:05.780+0000] {dagbag.py:587} INFO - Filling up the DagBag from /opt/airflow/dags/deck_with_cron_expression.py
[2024-09-26T06:41:05.874+0000] {processor.py:925} INFO - DAG(s) 'schedule_with_cron_expression_v03' retrieved from /opt/airflow/dags/deck_with_cron_expression.py
[2024-09-26T06:41:05.899+0000] {logging_mixin.py:190} INFO - [2024-09-26T06:41:05.899+0000] {dag.py:3229} INFO - Sync 1 DAGs
[2024-09-26T06:41:05.919+0000] {logging_mixin.py:190} INFO - [2024-09-26T06:41:05.918+0000] {dag.py:4156} INFO - Setting next_dagrun for schedule_with_cron_expression_v03 to 2024-09-12 03:00:00+00:00, run_after=2024-09-13 03:00:00+00:00
[2024-09-26T06:41:05.946+0000] {processor.py:208} INFO - Processing /opt/airflow/dags/deck_with_cron_expression.py took 0.174 seconds
[2024-09-26T06:41:36.557+0000] {processor.py:186} INFO - Started process (PID=163934) to work on /opt/airflow/dags/deck_with_cron_expression.py
[2024-09-26T06:41:36.559+0000] {processor.py:914} INFO - Processing file /opt/airflow/dags/deck_with_cron_expression.py for tasks to queue
[2024-09-26T06:41:36.561+0000] {logging_mixin.py:190} INFO - [2024-09-26T06:41:36.561+0000] {dagbag.py:587} INFO - Filling up the DagBag from /opt/airflow/dags/deck_with_cron_expression.py
[2024-09-26T06:41:36.688+0000] {processor.py:925} INFO - DAG(s) 'schedule_with_cron_expression_v03' retrieved from /opt/airflow/dags/deck_with_cron_expression.py
[2024-09-26T06:41:36.712+0000] {logging_mixin.py:190} INFO - [2024-09-26T06:41:36.712+0000] {dag.py:3229} INFO - Sync 1 DAGs
[2024-09-26T06:41:36.735+0000] {logging_mixin.py:190} INFO - [2024-09-26T06:41:36.735+0000] {dag.py:4156} INFO - Setting next_dagrun for schedule_with_cron_expression_v03 to 2024-09-12 03:00:00+00:00, run_after=2024-09-13 03:00:00+00:00
[2024-09-26T06:41:36.760+0000] {processor.py:208} INFO - Processing /opt/airflow/dags/deck_with_cron_expression.py took 0.218 seconds
[2024-09-26T06:42:07.789+0000] {processor.py:186} INFO - Started process (PID=163977) to work on /opt/airflow/dags/deck_with_cron_expression.py
[2024-09-26T06:42:07.793+0000] {processor.py:914} INFO - Processing file /opt/airflow/dags/deck_with_cron_expression.py for tasks to queue
[2024-09-26T06:42:07.798+0000] {logging_mixin.py:190} INFO - [2024-09-26T06:42:07.797+0000] {dagbag.py:587} INFO - Filling up the DagBag from /opt/airflow/dags/deck_with_cron_expression.py
[2024-09-26T06:42:07.908+0000] {processor.py:925} INFO - DAG(s) 'schedule_with_cron_expression_v03' retrieved from /opt/airflow/dags/deck_with_cron_expression.py
[2024-09-26T06:42:07.941+0000] {logging_mixin.py:190} INFO - [2024-09-26T06:42:07.940+0000] {dag.py:3229} INFO - Sync 1 DAGs
[2024-09-26T06:42:07.965+0000] {logging_mixin.py:190} INFO - [2024-09-26T06:42:07.965+0000] {dag.py:4156} INFO - Setting next_dagrun for schedule_with_cron_expression_v03 to 2024-09-12 03:00:00+00:00, run_after=2024-09-13 03:00:00+00:00
[2024-09-26T06:42:07.988+0000] {processor.py:208} INFO - Processing /opt/airflow/dags/deck_with_cron_expression.py took 0.211 seconds
[2024-09-26T06:42:38.442+0000] {processor.py:186} INFO - Started process (PID=164020) to work on /opt/airflow/dags/deck_with_cron_expression.py
[2024-09-26T06:42:38.444+0000] {processor.py:914} INFO - Processing file /opt/airflow/dags/deck_with_cron_expression.py for tasks to queue
[2024-09-26T06:42:38.446+0000] {logging_mixin.py:190} INFO - [2024-09-26T06:42:38.446+0000] {dagbag.py:587} INFO - Filling up the DagBag from /opt/airflow/dags/deck_with_cron_expression.py
[2024-09-26T06:42:38.532+0000] {processor.py:925} INFO - DAG(s) 'schedule_with_cron_expression_v03' retrieved from /opt/airflow/dags/deck_with_cron_expression.py
[2024-09-26T06:42:38.555+0000] {logging_mixin.py:190} INFO - [2024-09-26T06:42:38.555+0000] {dag.py:3229} INFO - Sync 1 DAGs
[2024-09-26T06:42:38.578+0000] {logging_mixin.py:190} INFO - [2024-09-26T06:42:38.577+0000] {dag.py:4156} INFO - Setting next_dagrun for schedule_with_cron_expression_v03 to 2024-09-12 03:00:00+00:00, run_after=2024-09-13 03:00:00+00:00
[2024-09-26T06:42:38.603+0000] {processor.py:208} INFO - Processing /opt/airflow/dags/deck_with_cron_expression.py took 0.165 seconds
[2024-09-26T06:43:08.963+0000] {processor.py:186} INFO - Started process (PID=164063) to work on /opt/airflow/dags/deck_with_cron_expression.py
[2024-09-26T06:43:08.967+0000] {processor.py:914} INFO - Processing file /opt/airflow/dags/deck_with_cron_expression.py for tasks to queue
[2024-09-26T06:43:08.971+0000] {logging_mixin.py:190} INFO - [2024-09-26T06:43:08.970+0000] {dagbag.py:587} INFO - Filling up the DagBag from /opt/airflow/dags/deck_with_cron_expression.py
[2024-09-26T06:43:09.087+0000] {processor.py:925} INFO - DAG(s) 'schedule_with_cron_expression_v03' retrieved from /opt/airflow/dags/deck_with_cron_expression.py
[2024-09-26T06:43:09.143+0000] {logging_mixin.py:190} INFO - [2024-09-26T06:43:09.143+0000] {dag.py:3229} INFO - Sync 1 DAGs
[2024-09-26T06:43:09.190+0000] {logging_mixin.py:190} INFO - [2024-09-26T06:43:09.190+0000] {dag.py:4156} INFO - Setting next_dagrun for schedule_with_cron_expression_v03 to 2024-09-12 03:00:00+00:00, run_after=2024-09-13 03:00:00+00:00
[2024-09-26T06:43:09.250+0000] {processor.py:208} INFO - Processing /opt/airflow/dags/deck_with_cron_expression.py took 0.303 seconds
[2024-09-26T06:43:39.768+0000] {processor.py:186} INFO - Started process (PID=164108) to work on /opt/airflow/dags/deck_with_cron_expression.py
[2024-09-26T06:43:39.771+0000] {processor.py:914} INFO - Processing file /opt/airflow/dags/deck_with_cron_expression.py for tasks to queue
[2024-09-26T06:43:39.773+0000] {logging_mixin.py:190} INFO - [2024-09-26T06:43:39.773+0000] {dagbag.py:587} INFO - Filling up the DagBag from /opt/airflow/dags/deck_with_cron_expression.py
[2024-09-26T06:43:39.889+0000] {processor.py:925} INFO - DAG(s) 'schedule_with_cron_expression_v03' retrieved from /opt/airflow/dags/deck_with_cron_expression.py
[2024-09-26T06:43:39.923+0000] {logging_mixin.py:190} INFO - [2024-09-26T06:43:39.923+0000] {dag.py:3229} INFO - Sync 1 DAGs
[2024-09-26T06:43:39.942+0000] {logging_mixin.py:190} INFO - [2024-09-26T06:43:39.942+0000] {dag.py:4156} INFO - Setting next_dagrun for schedule_with_cron_expression_v03 to 2024-09-12 03:00:00+00:00, run_after=2024-09-13 03:00:00+00:00
[2024-09-26T06:43:39.980+0000] {processor.py:208} INFO - Processing /opt/airflow/dags/deck_with_cron_expression.py took 0.220 seconds
[2024-09-26T06:44:10.862+0000] {processor.py:186} INFO - Started process (PID=164151) to work on /opt/airflow/dags/deck_with_cron_expression.py
[2024-09-26T06:44:10.864+0000] {processor.py:914} INFO - Processing file /opt/airflow/dags/deck_with_cron_expression.py for tasks to queue
[2024-09-26T06:44:10.867+0000] {logging_mixin.py:190} INFO - [2024-09-26T06:44:10.867+0000] {dagbag.py:587} INFO - Filling up the DagBag from /opt/airflow/dags/deck_with_cron_expression.py
[2024-09-26T06:44:10.968+0000] {processor.py:925} INFO - DAG(s) 'schedule_with_cron_expression_v03' retrieved from /opt/airflow/dags/deck_with_cron_expression.py
[2024-09-26T06:44:10.997+0000] {logging_mixin.py:190} INFO - [2024-09-26T06:44:10.997+0000] {dag.py:3229} INFO - Sync 1 DAGs
[2024-09-26T06:44:11.021+0000] {logging_mixin.py:190} INFO - [2024-09-26T06:44:11.021+0000] {dag.py:4156} INFO - Setting next_dagrun for schedule_with_cron_expression_v03 to 2024-09-12 03:00:00+00:00, run_after=2024-09-13 03:00:00+00:00
[2024-09-26T06:44:11.047+0000] {processor.py:208} INFO - Processing /opt/airflow/dags/deck_with_cron_expression.py took 0.191 seconds
[2024-09-26T06:44:41.849+0000] {processor.py:186} INFO - Started process (PID=164194) to work on /opt/airflow/dags/deck_with_cron_expression.py
[2024-09-26T06:44:41.851+0000] {processor.py:914} INFO - Processing file /opt/airflow/dags/deck_with_cron_expression.py for tasks to queue
[2024-09-26T06:44:41.853+0000] {logging_mixin.py:190} INFO - [2024-09-26T06:44:41.853+0000] {dagbag.py:587} INFO - Filling up the DagBag from /opt/airflow/dags/deck_with_cron_expression.py
[2024-09-26T06:44:41.931+0000] {processor.py:925} INFO - DAG(s) 'schedule_with_cron_expression_v03' retrieved from /opt/airflow/dags/deck_with_cron_expression.py
[2024-09-26T06:44:41.959+0000] {logging_mixin.py:190} INFO - [2024-09-26T06:44:41.959+0000] {dag.py:3229} INFO - Sync 1 DAGs
[2024-09-26T06:44:41.988+0000] {logging_mixin.py:190} INFO - [2024-09-26T06:44:41.988+0000] {dag.py:4156} INFO - Setting next_dagrun for schedule_with_cron_expression_v03 to 2024-09-12 03:00:00+00:00, run_after=2024-09-13 03:00:00+00:00
[2024-09-26T06:44:42.010+0000] {processor.py:208} INFO - Processing /opt/airflow/dags/deck_with_cron_expression.py took 0.167 seconds
[2024-09-26T06:45:13.437+0000] {processor.py:186} INFO - Started process (PID=164237) to work on /opt/airflow/dags/deck_with_cron_expression.py
[2024-09-26T06:45:13.439+0000] {processor.py:914} INFO - Processing file /opt/airflow/dags/deck_with_cron_expression.py for tasks to queue
[2024-09-26T06:45:13.441+0000] {logging_mixin.py:190} INFO - [2024-09-26T06:45:13.441+0000] {dagbag.py:587} INFO - Filling up the DagBag from /opt/airflow/dags/deck_with_cron_expression.py
[2024-09-26T06:45:13.531+0000] {processor.py:925} INFO - DAG(s) 'schedule_with_cron_expression_v03' retrieved from /opt/airflow/dags/deck_with_cron_expression.py
[2024-09-26T06:45:13.555+0000] {logging_mixin.py:190} INFO - [2024-09-26T06:45:13.554+0000] {dag.py:3229} INFO - Sync 1 DAGs
[2024-09-26T06:45:13.580+0000] {logging_mixin.py:190} INFO - [2024-09-26T06:45:13.580+0000] {dag.py:4156} INFO - Setting next_dagrun for schedule_with_cron_expression_v03 to 2024-09-12 03:00:00+00:00, run_after=2024-09-13 03:00:00+00:00
[2024-09-26T06:45:13.608+0000] {processor.py:208} INFO - Processing /opt/airflow/dags/deck_with_cron_expression.py took 0.176 seconds
[2024-09-26T06:45:44.079+0000] {processor.py:186} INFO - Started process (PID=164280) to work on /opt/airflow/dags/deck_with_cron_expression.py
[2024-09-26T06:45:44.081+0000] {processor.py:914} INFO - Processing file /opt/airflow/dags/deck_with_cron_expression.py for tasks to queue
[2024-09-26T06:45:44.084+0000] {logging_mixin.py:190} INFO - [2024-09-26T06:45:44.084+0000] {dagbag.py:587} INFO - Filling up the DagBag from /opt/airflow/dags/deck_with_cron_expression.py
[2024-09-26T06:45:44.199+0000] {processor.py:925} INFO - DAG(s) 'schedule_with_cron_expression_v03' retrieved from /opt/airflow/dags/deck_with_cron_expression.py
[2024-09-26T06:45:44.225+0000] {logging_mixin.py:190} INFO - [2024-09-26T06:45:44.225+0000] {dag.py:3229} INFO - Sync 1 DAGs
[2024-09-26T06:45:44.253+0000] {logging_mixin.py:190} INFO - [2024-09-26T06:45:44.253+0000] {dag.py:4156} INFO - Setting next_dagrun for schedule_with_cron_expression_v03 to 2024-09-12 03:00:00+00:00, run_after=2024-09-13 03:00:00+00:00
[2024-09-26T06:45:44.283+0000] {processor.py:208} INFO - Processing /opt/airflow/dags/deck_with_cron_expression.py took 0.215 seconds
[2024-09-26T06:46:14.724+0000] {processor.py:186} INFO - Started process (PID=164323) to work on /opt/airflow/dags/deck_with_cron_expression.py
[2024-09-26T06:46:14.725+0000] {processor.py:914} INFO - Processing file /opt/airflow/dags/deck_with_cron_expression.py for tasks to queue
[2024-09-26T06:46:14.728+0000] {logging_mixin.py:190} INFO - [2024-09-26T06:46:14.727+0000] {dagbag.py:587} INFO - Filling up the DagBag from /opt/airflow/dags/deck_with_cron_expression.py
[2024-09-26T06:46:14.817+0000] {processor.py:925} INFO - DAG(s) 'schedule_with_cron_expression_v03' retrieved from /opt/airflow/dags/deck_with_cron_expression.py
[2024-09-26T06:46:14.848+0000] {logging_mixin.py:190} INFO - [2024-09-26T06:46:14.848+0000] {dag.py:3229} INFO - Sync 1 DAGs
[2024-09-26T06:46:14.872+0000] {logging_mixin.py:190} INFO - [2024-09-26T06:46:14.872+0000] {dag.py:4156} INFO - Setting next_dagrun for schedule_with_cron_expression_v03 to 2024-09-12 03:00:00+00:00, run_after=2024-09-13 03:00:00+00:00
[2024-09-26T06:46:14.898+0000] {processor.py:208} INFO - Processing /opt/airflow/dags/deck_with_cron_expression.py took 0.179 seconds
[2024-09-26T06:46:45.438+0000] {processor.py:186} INFO - Started process (PID=164366) to work on /opt/airflow/dags/deck_with_cron_expression.py
[2024-09-26T06:46:45.439+0000] {processor.py:914} INFO - Processing file /opt/airflow/dags/deck_with_cron_expression.py for tasks to queue
[2024-09-26T06:46:45.441+0000] {logging_mixin.py:190} INFO - [2024-09-26T06:46:45.441+0000] {dagbag.py:587} INFO - Filling up the DagBag from /opt/airflow/dags/deck_with_cron_expression.py
[2024-09-26T06:46:45.524+0000] {processor.py:925} INFO - DAG(s) 'schedule_with_cron_expression_v03' retrieved from /opt/airflow/dags/deck_with_cron_expression.py
[2024-09-26T06:46:45.549+0000] {logging_mixin.py:190} INFO - [2024-09-26T06:46:45.549+0000] {dag.py:3229} INFO - Sync 1 DAGs
[2024-09-26T06:46:45.570+0000] {logging_mixin.py:190} INFO - [2024-09-26T06:46:45.570+0000] {dag.py:4156} INFO - Setting next_dagrun for schedule_with_cron_expression_v03 to 2024-09-12 03:00:00+00:00, run_after=2024-09-13 03:00:00+00:00
[2024-09-26T06:46:45.608+0000] {processor.py:208} INFO - Processing /opt/airflow/dags/deck_with_cron_expression.py took 0.175 seconds
[2024-09-26T06:47:16.109+0000] {processor.py:186} INFO - Started process (PID=164409) to work on /opt/airflow/dags/deck_with_cron_expression.py
[2024-09-26T06:47:16.111+0000] {processor.py:914} INFO - Processing file /opt/airflow/dags/deck_with_cron_expression.py for tasks to queue
[2024-09-26T06:47:16.113+0000] {logging_mixin.py:190} INFO - [2024-09-26T06:47:16.113+0000] {dagbag.py:587} INFO - Filling up the DagBag from /opt/airflow/dags/deck_with_cron_expression.py
[2024-09-26T06:47:16.222+0000] {processor.py:925} INFO - DAG(s) 'schedule_with_cron_expression_v03' retrieved from /opt/airflow/dags/deck_with_cron_expression.py
[2024-09-26T06:47:16.249+0000] {logging_mixin.py:190} INFO - [2024-09-26T06:47:16.249+0000] {dag.py:3229} INFO - Sync 1 DAGs
[2024-09-26T06:47:16.275+0000] {logging_mixin.py:190} INFO - [2024-09-26T06:47:16.275+0000] {dag.py:4156} INFO - Setting next_dagrun for schedule_with_cron_expression_v03 to 2024-09-12 03:00:00+00:00, run_after=2024-09-13 03:00:00+00:00
[2024-09-26T06:47:16.301+0000] {processor.py:208} INFO - Processing /opt/airflow/dags/deck_with_cron_expression.py took 0.197 seconds
[2024-09-26T06:47:46.499+0000] {processor.py:186} INFO - Started process (PID=164452) to work on /opt/airflow/dags/deck_with_cron_expression.py
[2024-09-26T06:47:46.501+0000] {processor.py:914} INFO - Processing file /opt/airflow/dags/deck_with_cron_expression.py for tasks to queue
[2024-09-26T06:47:46.504+0000] {logging_mixin.py:190} INFO - [2024-09-26T06:47:46.504+0000] {dagbag.py:587} INFO - Filling up the DagBag from /opt/airflow/dags/deck_with_cron_expression.py
[2024-09-26T06:47:46.619+0000] {processor.py:925} INFO - DAG(s) 'schedule_with_cron_expression_v03' retrieved from /opt/airflow/dags/deck_with_cron_expression.py
[2024-09-26T06:47:46.649+0000] {logging_mixin.py:190} INFO - [2024-09-26T06:47:46.649+0000] {dag.py:3229} INFO - Sync 1 DAGs
[2024-09-26T06:47:46.676+0000] {logging_mixin.py:190} INFO - [2024-09-26T06:47:46.676+0000] {dag.py:4156} INFO - Setting next_dagrun for schedule_with_cron_expression_v03 to 2024-09-12 03:00:00+00:00, run_after=2024-09-13 03:00:00+00:00
[2024-09-26T06:47:46.696+0000] {processor.py:208} INFO - Processing /opt/airflow/dags/deck_with_cron_expression.py took 0.206 seconds
[2024-09-26T06:48:17.499+0000] {processor.py:186} INFO - Started process (PID=164495) to work on /opt/airflow/dags/deck_with_cron_expression.py
[2024-09-26T06:48:17.500+0000] {processor.py:914} INFO - Processing file /opt/airflow/dags/deck_with_cron_expression.py for tasks to queue
[2024-09-26T06:48:17.503+0000] {logging_mixin.py:190} INFO - [2024-09-26T06:48:17.502+0000] {dagbag.py:587} INFO - Filling up the DagBag from /opt/airflow/dags/deck_with_cron_expression.py
[2024-09-26T06:48:17.601+0000] {processor.py:925} INFO - DAG(s) 'schedule_with_cron_expression_v03' retrieved from /opt/airflow/dags/deck_with_cron_expression.py
[2024-09-26T06:48:17.625+0000] {logging_mixin.py:190} INFO - [2024-09-26T06:48:17.625+0000] {dag.py:3229} INFO - Sync 1 DAGs
[2024-09-26T06:48:17.648+0000] {logging_mixin.py:190} INFO - [2024-09-26T06:48:17.648+0000] {dag.py:4156} INFO - Setting next_dagrun for schedule_with_cron_expression_v03 to 2024-09-12 03:00:00+00:00, run_after=2024-09-13 03:00:00+00:00
[2024-09-26T06:48:17.677+0000] {processor.py:208} INFO - Processing /opt/airflow/dags/deck_with_cron_expression.py took 0.186 seconds
[2024-09-26T06:48:48.313+0000] {processor.py:186} INFO - Started process (PID=164538) to work on /opt/airflow/dags/deck_with_cron_expression.py
[2024-09-26T06:48:48.321+0000] {processor.py:914} INFO - Processing file /opt/airflow/dags/deck_with_cron_expression.py for tasks to queue
[2024-09-26T06:48:48.342+0000] {logging_mixin.py:190} INFO - [2024-09-26T06:48:48.341+0000] {dagbag.py:587} INFO - Filling up the DagBag from /opt/airflow/dags/deck_with_cron_expression.py
[2024-09-26T06:48:48.509+0000] {processor.py:925} INFO - DAG(s) 'schedule_with_cron_expression_v03' retrieved from /opt/airflow/dags/deck_with_cron_expression.py
[2024-09-26T06:48:48.560+0000] {logging_mixin.py:190} INFO - [2024-09-26T06:48:48.559+0000] {dag.py:3229} INFO - Sync 1 DAGs
[2024-09-26T06:48:48.629+0000] {logging_mixin.py:190} INFO - [2024-09-26T06:48:48.629+0000] {dag.py:4156} INFO - Setting next_dagrun for schedule_with_cron_expression_v03 to 2024-09-12 03:00:00+00:00, run_after=2024-09-13 03:00:00+00:00
[2024-09-26T06:48:48.689+0000] {processor.py:208} INFO - Processing /opt/airflow/dags/deck_with_cron_expression.py took 0.396 seconds
[2024-09-26T06:49:19.074+0000] {processor.py:186} INFO - Started process (PID=164581) to work on /opt/airflow/dags/deck_with_cron_expression.py
[2024-09-26T06:49:19.076+0000] {processor.py:914} INFO - Processing file /opt/airflow/dags/deck_with_cron_expression.py for tasks to queue
[2024-09-26T06:49:19.079+0000] {logging_mixin.py:190} INFO - [2024-09-26T06:49:19.078+0000] {dagbag.py:587} INFO - Filling up the DagBag from /opt/airflow/dags/deck_with_cron_expression.py
[2024-09-26T06:49:19.146+0000] {processor.py:925} INFO - DAG(s) 'schedule_with_cron_expression_v03' retrieved from /opt/airflow/dags/deck_with_cron_expression.py
[2024-09-26T06:49:19.176+0000] {logging_mixin.py:190} INFO - [2024-09-26T06:49:19.176+0000] {dag.py:3229} INFO - Sync 1 DAGs
[2024-09-26T06:49:19.203+0000] {logging_mixin.py:190} INFO - [2024-09-26T06:49:19.203+0000] {dag.py:4156} INFO - Setting next_dagrun for schedule_with_cron_expression_v03 to 2024-09-12 03:00:00+00:00, run_after=2024-09-13 03:00:00+00:00
[2024-09-26T06:49:19.236+0000] {processor.py:208} INFO - Processing /opt/airflow/dags/deck_with_cron_expression.py took 0.168 seconds
[2024-09-26T06:49:50.214+0000] {processor.py:186} INFO - Started process (PID=164624) to work on /opt/airflow/dags/deck_with_cron_expression.py
[2024-09-26T06:49:50.216+0000] {processor.py:914} INFO - Processing file /opt/airflow/dags/deck_with_cron_expression.py for tasks to queue
[2024-09-26T06:49:50.220+0000] {logging_mixin.py:190} INFO - [2024-09-26T06:49:50.219+0000] {dagbag.py:587} INFO - Filling up the DagBag from /opt/airflow/dags/deck_with_cron_expression.py
[2024-09-26T06:49:50.434+0000] {processor.py:925} INFO - DAG(s) 'schedule_with_cron_expression_v03' retrieved from /opt/airflow/dags/deck_with_cron_expression.py
[2024-09-26T06:49:50.484+0000] {logging_mixin.py:190} INFO - [2024-09-26T06:49:50.484+0000] {dag.py:3229} INFO - Sync 1 DAGs
[2024-09-26T06:49:50.540+0000] {logging_mixin.py:190} INFO - [2024-09-26T06:49:50.539+0000] {dag.py:4156} INFO - Setting next_dagrun for schedule_with_cron_expression_v03 to 2024-09-12 03:00:00+00:00, run_after=2024-09-13 03:00:00+00:00
[2024-09-26T06:49:50.602+0000] {processor.py:208} INFO - Processing /opt/airflow/dags/deck_with_cron_expression.py took 0.397 seconds
[2024-09-26T06:50:20.916+0000] {processor.py:186} INFO - Started process (PID=164667) to work on /opt/airflow/dags/deck_with_cron_expression.py
[2024-09-26T06:50:20.918+0000] {processor.py:914} INFO - Processing file /opt/airflow/dags/deck_with_cron_expression.py for tasks to queue
[2024-09-26T06:50:20.921+0000] {logging_mixin.py:190} INFO - [2024-09-26T06:50:20.920+0000] {dagbag.py:587} INFO - Filling up the DagBag from /opt/airflow/dags/deck_with_cron_expression.py
[2024-09-26T06:50:21.009+0000] {processor.py:925} INFO - DAG(s) 'schedule_with_cron_expression_v03' retrieved from /opt/airflow/dags/deck_with_cron_expression.py
[2024-09-26T06:50:21.035+0000] {logging_mixin.py:190} INFO - [2024-09-26T06:50:21.035+0000] {dag.py:3229} INFO - Sync 1 DAGs
[2024-09-26T06:50:21.058+0000] {logging_mixin.py:190} INFO - [2024-09-26T06:50:21.057+0000] {dag.py:4156} INFO - Setting next_dagrun for schedule_with_cron_expression_v03 to 2024-09-12 03:00:00+00:00, run_after=2024-09-13 03:00:00+00:00
[2024-09-26T06:50:21.086+0000] {processor.py:208} INFO - Processing /opt/airflow/dags/deck_with_cron_expression.py took 0.179 seconds
[2024-09-26T06:50:51.985+0000] {processor.py:186} INFO - Started process (PID=164710) to work on /opt/airflow/dags/deck_with_cron_expression.py
[2024-09-26T06:50:51.988+0000] {processor.py:914} INFO - Processing file /opt/airflow/dags/deck_with_cron_expression.py for tasks to queue
[2024-09-26T06:50:51.996+0000] {logging_mixin.py:190} INFO - [2024-09-26T06:50:51.995+0000] {dagbag.py:587} INFO - Filling up the DagBag from /opt/airflow/dags/deck_with_cron_expression.py
[2024-09-26T06:50:52.086+0000] {processor.py:925} INFO - DAG(s) 'schedule_with_cron_expression_v03' retrieved from /opt/airflow/dags/deck_with_cron_expression.py
[2024-09-26T06:50:52.123+0000] {logging_mixin.py:190} INFO - [2024-09-26T06:50:52.123+0000] {dag.py:3229} INFO - Sync 1 DAGs
[2024-09-26T06:50:52.168+0000] {logging_mixin.py:190} INFO - [2024-09-26T06:50:52.168+0000] {dag.py:4156} INFO - Setting next_dagrun for schedule_with_cron_expression_v03 to 2024-09-12 03:00:00+00:00, run_after=2024-09-13 03:00:00+00:00
[2024-09-26T06:50:52.211+0000] {processor.py:208} INFO - Processing /opt/airflow/dags/deck_with_cron_expression.py took 0.246 seconds
[2024-09-26T06:51:22.841+0000] {processor.py:186} INFO - Started process (PID=164753) to work on /opt/airflow/dags/deck_with_cron_expression.py
[2024-09-26T06:51:22.845+0000] {processor.py:914} INFO - Processing file /opt/airflow/dags/deck_with_cron_expression.py for tasks to queue
[2024-09-26T06:51:22.848+0000] {logging_mixin.py:190} INFO - [2024-09-26T06:51:22.847+0000] {dagbag.py:587} INFO - Filling up the DagBag from /opt/airflow/dags/deck_with_cron_expression.py
[2024-09-26T06:51:22.908+0000] {processor.py:925} INFO - DAG(s) 'schedule_with_cron_expression_v03' retrieved from /opt/airflow/dags/deck_with_cron_expression.py
[2024-09-26T06:51:22.944+0000] {logging_mixin.py:190} INFO - [2024-09-26T06:51:22.944+0000] {dag.py:3229} INFO - Sync 1 DAGs
[2024-09-26T06:51:22.976+0000] {logging_mixin.py:190} INFO - [2024-09-26T06:51:22.976+0000] {dag.py:4156} INFO - Setting next_dagrun for schedule_with_cron_expression_v03 to 2024-09-12 03:00:00+00:00, run_after=2024-09-13 03:00:00+00:00
[2024-09-26T06:51:23.004+0000] {processor.py:208} INFO - Processing /opt/airflow/dags/deck_with_cron_expression.py took 0.173 seconds
[2024-09-26T06:51:53.558+0000] {processor.py:186} INFO - Started process (PID=164796) to work on /opt/airflow/dags/deck_with_cron_expression.py
[2024-09-26T06:51:53.560+0000] {processor.py:914} INFO - Processing file /opt/airflow/dags/deck_with_cron_expression.py for tasks to queue
[2024-09-26T06:51:53.562+0000] {logging_mixin.py:190} INFO - [2024-09-26T06:51:53.562+0000] {dagbag.py:587} INFO - Filling up the DagBag from /opt/airflow/dags/deck_with_cron_expression.py
[2024-09-26T06:51:53.670+0000] {processor.py:925} INFO - DAG(s) 'schedule_with_cron_expression_v03' retrieved from /opt/airflow/dags/deck_with_cron_expression.py
[2024-09-26T06:51:53.698+0000] {logging_mixin.py:190} INFO - [2024-09-26T06:51:53.698+0000] {dag.py:3229} INFO - Sync 1 DAGs
[2024-09-26T06:51:53.727+0000] {logging_mixin.py:190} INFO - [2024-09-26T06:51:53.726+0000] {dag.py:4156} INFO - Setting next_dagrun for schedule_with_cron_expression_v03 to 2024-09-12 03:00:00+00:00, run_after=2024-09-13 03:00:00+00:00
[2024-09-26T06:51:53.763+0000] {processor.py:208} INFO - Processing /opt/airflow/dags/deck_with_cron_expression.py took 0.211 seconds
[2024-09-26T06:52:24.888+0000] {processor.py:186} INFO - Started process (PID=164839) to work on /opt/airflow/dags/deck_with_cron_expression.py
[2024-09-26T06:52:24.891+0000] {processor.py:914} INFO - Processing file /opt/airflow/dags/deck_with_cron_expression.py for tasks to queue
[2024-09-26T06:52:24.897+0000] {logging_mixin.py:190} INFO - [2024-09-26T06:52:24.894+0000] {dagbag.py:587} INFO - Filling up the DagBag from /opt/airflow/dags/deck_with_cron_expression.py
[2024-09-26T06:52:25.011+0000] {processor.py:925} INFO - DAG(s) 'schedule_with_cron_expression_v03' retrieved from /opt/airflow/dags/deck_with_cron_expression.py
[2024-09-26T06:52:25.053+0000] {logging_mixin.py:190} INFO - [2024-09-26T06:52:25.053+0000] {dag.py:3229} INFO - Sync 1 DAGs
[2024-09-26T06:52:25.101+0000] {logging_mixin.py:190} INFO - [2024-09-26T06:52:25.100+0000] {dag.py:4156} INFO - Setting next_dagrun for schedule_with_cron_expression_v03 to 2024-09-12 03:00:00+00:00, run_after=2024-09-13 03:00:00+00:00
[2024-09-26T06:52:25.130+0000] {processor.py:208} INFO - Processing /opt/airflow/dags/deck_with_cron_expression.py took 0.265 seconds
[2024-09-26T06:52:55.431+0000] {processor.py:186} INFO - Started process (PID=164882) to work on /opt/airflow/dags/deck_with_cron_expression.py
[2024-09-26T06:52:55.433+0000] {processor.py:914} INFO - Processing file /opt/airflow/dags/deck_with_cron_expression.py for tasks to queue
[2024-09-26T06:52:55.435+0000] {logging_mixin.py:190} INFO - [2024-09-26T06:52:55.435+0000] {dagbag.py:587} INFO - Filling up the DagBag from /opt/airflow/dags/deck_with_cron_expression.py
[2024-09-26T06:52:55.508+0000] {processor.py:925} INFO - DAG(s) 'schedule_with_cron_expression_v03' retrieved from /opt/airflow/dags/deck_with_cron_expression.py
[2024-09-26T06:52:55.538+0000] {logging_mixin.py:190} INFO - [2024-09-26T06:52:55.537+0000] {dag.py:3229} INFO - Sync 1 DAGs
[2024-09-26T06:52:55.565+0000] {logging_mixin.py:190} INFO - [2024-09-26T06:52:55.565+0000] {dag.py:4156} INFO - Setting next_dagrun for schedule_with_cron_expression_v03 to 2024-09-12 03:00:00+00:00, run_after=2024-09-13 03:00:00+00:00
[2024-09-26T06:52:55.603+0000] {processor.py:208} INFO - Processing /opt/airflow/dags/deck_with_cron_expression.py took 0.181 seconds
