[2024-09-23T19:31:12.866+0000] {processor.py:186} INFO - Started process (PID=825) to work on /opt/airflow/dags/dag_with_postgres_operator.py
[2024-09-23T19:31:12.878+0000] {processor.py:914} INFO - Processing file /opt/airflow/dags/dag_with_postgres_operator.py for tasks to queue
[2024-09-23T19:31:12.883+0000] {logging_mixin.py:190} INFO - [2024-09-23T19:31:12.882+0000] {dagbag.py:587} INFO - Filling up the DagBag from /opt/airflow/dags/dag_with_postgres_operator.py
[2024-09-23T19:31:13.804+0000] {processor.py:925} INFO - DAG(s) 'dag_with_postgres_operator_v01' retrieved from /opt/airflow/dags/dag_with_postgres_operator.py
[2024-09-23T19:31:14.233+0000] {logging_mixin.py:190} INFO - [2024-09-23T19:31:14.230+0000] {override.py:1900} INFO - Created Permission View: can edit on DAG:dag_with_postgres_operator_v01
[2024-09-23T19:31:14.269+0000] {logging_mixin.py:190} INFO - [2024-09-23T19:31:14.269+0000] {override.py:1900} INFO - Created Permission View: can read on DAG:dag_with_postgres_operator_v01
[2024-09-23T19:31:14.312+0000] {logging_mixin.py:190} INFO - [2024-09-23T19:31:14.311+0000] {override.py:1900} INFO - Created Permission View: can delete on DAG:dag_with_postgres_operator_v01
[2024-09-23T19:31:14.333+0000] {logging_mixin.py:190} INFO - [2024-09-23T19:31:14.332+0000] {override.py:1900} INFO - Created Permission View: menu access on DAG Run:dag_with_postgres_operator_v01
[2024-09-23T19:31:14.348+0000] {logging_mixin.py:190} INFO - [2024-09-23T19:31:14.347+0000] {override.py:1900} INFO - Created Permission View: can read on DAG Run:dag_with_postgres_operator_v01
[2024-09-23T19:31:14.365+0000] {logging_mixin.py:190} INFO - [2024-09-23T19:31:14.365+0000] {override.py:1900} INFO - Created Permission View: can create on DAG Run:dag_with_postgres_operator_v01
[2024-09-23T19:31:14.383+0000] {logging_mixin.py:190} INFO - [2024-09-23T19:31:14.382+0000] {override.py:1900} INFO - Created Permission View: can delete on DAG Run:dag_with_postgres_operator_v01
[2024-09-23T19:31:14.384+0000] {logging_mixin.py:190} INFO - [2024-09-23T19:31:14.384+0000] {dag.py:3229} INFO - Sync 1 DAGs
[2024-09-23T19:31:14.407+0000] {logging_mixin.py:190} INFO - [2024-09-23T19:31:14.406+0000] {dag.py:3252} INFO - Creating ORM DAG for dag_with_postgres_operator_v01
[2024-09-23T19:31:14.427+0000] {logging_mixin.py:190} INFO - [2024-09-23T19:31:14.426+0000] {dag.py:4156} INFO - Setting next_dagrun for dag_with_postgres_operator_v01 to 2024-09-23 00:00:00+00:00, run_after=2024-09-24 00:00:00+00:00
[2024-09-23T19:31:14.550+0000] {processor.py:208} INFO - Processing /opt/airflow/dags/dag_with_postgres_operator.py took 1.695 seconds
[2024-09-23T19:31:30.700+0000] {processor.py:186} INFO - Started process (PID=838) to work on /opt/airflow/dags/dag_with_postgres_operator.py
[2024-09-23T19:31:30.703+0000] {processor.py:914} INFO - Processing file /opt/airflow/dags/dag_with_postgres_operator.py for tasks to queue
[2024-09-23T19:31:30.707+0000] {logging_mixin.py:190} INFO - [2024-09-23T19:31:30.706+0000] {dagbag.py:587} INFO - Filling up the DagBag from /opt/airflow/dags/dag_with_postgres_operator.py
[2024-09-23T19:31:31.028+0000] {logging_mixin.py:190} INFO - [2024-09-23T19:31:30.999+0000] {dagbag.py:386} ERROR - Failed to import: /opt/airflow/dags/dag_with_postgres_operator.py
Traceback (most recent call last):
  File "/home/airflow/.local/lib/python3.12/site-packages/airflow/models/dagbag.py", line 382, in parse
    loader.exec_module(new_module)
  File "<frozen importlib._bootstrap_external>", line 995, in exec_module
  File "<frozen importlib._bootstrap>", line 488, in _call_with_frames_removed
  File "/opt/airflow/dags/dag_with_postgres_operator.py", line 20, in <module>
    task1=Pos
          ^^^
NameError: name 'Pos' is not defined
[2024-09-23T19:31:31.034+0000] {processor.py:927} WARNING - No viable dags retrieved from /opt/airflow/dags/dag_with_postgres_operator.py
[2024-09-23T19:31:31.067+0000] {processor.py:208} INFO - Processing /opt/airflow/dags/dag_with_postgres_operator.py took 0.380 seconds
[2024-09-23T19:31:36.486+0000] {processor.py:186} INFO - Started process (PID=853) to work on /opt/airflow/dags/dag_with_postgres_operator.py
[2024-09-23T19:31:36.515+0000] {processor.py:914} INFO - Processing file /opt/airflow/dags/dag_with_postgres_operator.py for tasks to queue
[2024-09-23T19:31:36.530+0000] {logging_mixin.py:190} INFO - [2024-09-23T19:31:36.529+0000] {dagbag.py:587} INFO - Filling up the DagBag from /opt/airflow/dags/dag_with_postgres_operator.py
[2024-09-23T19:31:36.845+0000] {logging_mixin.py:190} INFO - [2024-09-23T19:31:36.792+0000] {dagbag.py:386} ERROR - Failed to import: /opt/airflow/dags/dag_with_postgres_operator.py
Traceback (most recent call last):
  File "/home/airflow/.local/lib/python3.12/site-packages/airflow/models/dagbag.py", line 382, in parse
    loader.exec_module(new_module)
  File "<frozen importlib._bootstrap_external>", line 995, in exec_module
  File "<frozen importlib._bootstrap>", line 488, in _call_with_frames_removed
  File "/opt/airflow/dags/dag_with_postgres_operator.py", line 20, in <module>
    task1=PostgresOpeartor()
          ^^^^^^^^^^^^^^^^
NameError: name 'PostgresOpeartor' is not defined
[2024-09-23T19:31:37.008+0000] {processor.py:927} WARNING - No viable dags retrieved from /opt/airflow/dags/dag_with_postgres_operator.py
[2024-09-23T19:31:37.072+0000] {processor.py:208} INFO - Processing /opt/airflow/dags/dag_with_postgres_operator.py took 0.605 seconds
[2024-09-23T19:31:49.967+0000] {processor.py:186} INFO - Started process (PID=868) to work on /opt/airflow/dags/dag_with_postgres_operator.py
[2024-09-23T19:31:49.970+0000] {processor.py:914} INFO - Processing file /opt/airflow/dags/dag_with_postgres_operator.py for tasks to queue
[2024-09-23T19:31:49.975+0000] {logging_mixin.py:190} INFO - [2024-09-23T19:31:49.974+0000] {dagbag.py:587} INFO - Filling up the DagBag from /opt/airflow/dags/dag_with_postgres_operator.py
[2024-09-23T19:31:50.109+0000] {logging_mixin.py:190} INFO - [2024-09-23T19:31:50.105+0000] {dagbag.py:386} ERROR - Failed to import: /opt/airflow/dags/dag_with_postgres_operator.py
Traceback (most recent call last):
  File "/home/airflow/.local/lib/python3.12/site-packages/airflow/models/dagbag.py", line 382, in parse
    loader.exec_module(new_module)
  File "<frozen importlib._bootstrap_external>", line 991, in exec_module
  File "<frozen importlib._bootstrap_external>", line 1129, in get_code
  File "<frozen importlib._bootstrap_external>", line 1059, in source_to_code
  File "<frozen importlib._bootstrap>", line 488, in _call_with_frames_removed
  File "/opt/airflow/dags/dag_with_postgres_operator.py", line 7
    from airflow.providers
                          ^
SyntaxError: invalid syntax
[2024-09-23T19:31:50.111+0000] {processor.py:927} WARNING - No viable dags retrieved from /opt/airflow/dags/dag_with_postgres_operator.py
[2024-09-23T19:31:50.155+0000] {processor.py:208} INFO - Processing /opt/airflow/dags/dag_with_postgres_operator.py took 0.202 seconds
[2024-09-23T19:31:59.308+0000] {processor.py:186} INFO - Started process (PID=876) to work on /opt/airflow/dags/dag_with_postgres_operator.py
[2024-09-23T19:31:59.310+0000] {processor.py:914} INFO - Processing file /opt/airflow/dags/dag_with_postgres_operator.py for tasks to queue
[2024-09-23T19:31:59.314+0000] {logging_mixin.py:190} INFO - [2024-09-23T19:31:59.313+0000] {dagbag.py:587} INFO - Filling up the DagBag from /opt/airflow/dags/dag_with_postgres_operator.py
[2024-09-23T19:31:59.509+0000] {logging_mixin.py:190} INFO - [2024-09-23T19:31:59.479+0000] {dagbag.py:386} ERROR - Failed to import: /opt/airflow/dags/dag_with_postgres_operator.py
Traceback (most recent call last):
  File "/home/airflow/.local/lib/python3.12/site-packages/airflow/models/dagbag.py", line 382, in parse
    loader.exec_module(new_module)
  File "<frozen importlib._bootstrap_external>", line 995, in exec_module
  File "<frozen importlib._bootstrap>", line 488, in _call_with_frames_removed
  File "/opt/airflow/dags/dag_with_postgres_operator.py", line 7, in <module>
    from airflow.providers.postgres.operators.postgres import Postgres
ImportError: cannot import name 'Postgres' from 'airflow.providers.postgres.operators.postgres' (/home/airflow/.local/lib/python3.12/site-packages/airflow/providers/postgres/operators/postgres.py)
[2024-09-23T19:31:59.520+0000] {processor.py:927} WARNING - No viable dags retrieved from /opt/airflow/dags/dag_with_postgres_operator.py
[2024-09-23T19:31:59.574+0000] {processor.py:208} INFO - Processing /opt/airflow/dags/dag_with_postgres_operator.py took 0.275 seconds
[2024-09-23T19:32:01.053+0000] {processor.py:186} INFO - Started process (PID=881) to work on /opt/airflow/dags/dag_with_postgres_operator.py
[2024-09-23T19:32:01.067+0000] {processor.py:914} INFO - Processing file /opt/airflow/dags/dag_with_postgres_operator.py for tasks to queue
[2024-09-23T19:32:01.088+0000] {logging_mixin.py:190} INFO - [2024-09-23T19:32:01.087+0000] {dagbag.py:587} INFO - Filling up the DagBag from /opt/airflow/dags/dag_with_postgres_operator.py
[2024-09-23T19:32:01.530+0000] {logging_mixin.py:190} INFO - [2024-09-23T19:32:01.494+0000] {dagbag.py:386} ERROR - Failed to import: /opt/airflow/dags/dag_with_postgres_operator.py
Traceback (most recent call last):
  File "/home/airflow/.local/lib/python3.12/site-packages/airflow/models/dagbag.py", line 382, in parse
    loader.exec_module(new_module)
  File "<frozen importlib._bootstrap_external>", line 995, in exec_module
  File "<frozen importlib._bootstrap>", line 488, in _call_with_frames_removed
  File "/opt/airflow/dags/dag_with_postgres_operator.py", line 20, in <module>
    task1 = PostgresOpeartor()
            ^^^^^^^^^^^^^^^^
NameError: name 'PostgresOpeartor' is not defined. Did you mean: 'PostgresOperator'?
[2024-09-23T19:32:01.544+0000] {processor.py:927} WARNING - No viable dags retrieved from /opt/airflow/dags/dag_with_postgres_operator.py
[2024-09-23T19:32:01.594+0000] {processor.py:208} INFO - Processing /opt/airflow/dags/dag_with_postgres_operator.py took 0.556 seconds
[2024-09-23T19:32:11.475+0000] {processor.py:186} INFO - Started process (PID=911) to work on /opt/airflow/dags/dag_with_postgres_operator.py
[2024-09-23T19:32:11.477+0000] {processor.py:914} INFO - Processing file /opt/airflow/dags/dag_with_postgres_operator.py for tasks to queue
[2024-09-23T19:32:11.480+0000] {logging_mixin.py:190} INFO - [2024-09-23T19:32:11.480+0000] {dagbag.py:587} INFO - Filling up the DagBag from /opt/airflow/dags/dag_with_postgres_operator.py
[2024-09-23T19:32:12.830+0000] {logging_mixin.py:190} INFO - [2024-09-23T19:32:12.592+0000] {dagbag.py:386} ERROR - Failed to import: /opt/airflow/dags/dag_with_postgres_operator.py
Traceback (most recent call last):
  File "/home/airflow/.local/lib/python3.12/site-packages/airflow/models/dagbag.py", line 382, in parse
    loader.exec_module(new_module)
  File "<frozen importlib._bootstrap_external>", line 995, in exec_module
  File "<frozen importlib._bootstrap>", line 488, in _call_with_frames_removed
  File "/opt/airflow/dags/dag_with_postgres_operator.py", line 20, in <module>
    task1 = PostgresOpeartor(
            ^^^^^^^^^^^^^^^^
NameError: name 'PostgresOpeartor' is not defined. Did you mean: 'PostgresOperator'?
[2024-09-23T19:32:12.910+0000] {processor.py:927} WARNING - No viable dags retrieved from /opt/airflow/dags/dag_with_postgres_operator.py
[2024-09-23T19:32:12.987+0000] {processor.py:208} INFO - Processing /opt/airflow/dags/dag_with_postgres_operator.py took 1.521 seconds
[2024-09-23T19:32:38.029+0000] {processor.py:186} INFO - Started process (PID=934) to work on /opt/airflow/dags/dag_with_postgres_operator.py
[2024-09-23T19:32:38.030+0000] {processor.py:914} INFO - Processing file /opt/airflow/dags/dag_with_postgres_operator.py for tasks to queue
[2024-09-23T19:32:38.032+0000] {logging_mixin.py:190} INFO - [2024-09-23T19:32:38.032+0000] {dagbag.py:587} INFO - Filling up the DagBag from /opt/airflow/dags/dag_with_postgres_operator.py
[2024-09-23T19:32:38.167+0000] {logging_mixin.py:190} INFO - [2024-09-23T19:32:38.146+0000] {dagbag.py:386} ERROR - Failed to import: /opt/airflow/dags/dag_with_postgres_operator.py
Traceback (most recent call last):
  File "/home/airflow/.local/lib/python3.12/site-packages/airflow/models/dagbag.py", line 382, in parse
    loader.exec_module(new_module)
  File "<frozen importlib._bootstrap_external>", line 995, in exec_module
  File "<frozen importlib._bootstrap>", line 488, in _call_with_frames_removed
  File "/opt/airflow/dags/dag_with_postgres_operator.py", line 20, in <module>
    task1 = PostgresOpeartor()
            ^^^^^^^^^^^^^^^^
NameError: name 'PostgresOpeartor' is not defined. Did you mean: 'PostgresOperator'?
[2024-09-23T19:32:38.172+0000] {processor.py:927} WARNING - No viable dags retrieved from /opt/airflow/dags/dag_with_postgres_operator.py
[2024-09-23T19:32:38.202+0000] {processor.py:208} INFO - Processing /opt/airflow/dags/dag_with_postgres_operator.py took 0.180 seconds
[2024-09-23T19:32:43.885+0000] {processor.py:186} INFO - Started process (PID=949) to work on /opt/airflow/dags/dag_with_postgres_operator.py
[2024-09-23T19:32:43.892+0000] {processor.py:914} INFO - Processing file /opt/airflow/dags/dag_with_postgres_operator.py for tasks to queue
[2024-09-23T19:32:43.895+0000] {logging_mixin.py:190} INFO - [2024-09-23T19:32:43.895+0000] {dagbag.py:587} INFO - Filling up the DagBag from /opt/airflow/dags/dag_with_postgres_operator.py
[2024-09-23T19:32:44.076+0000] {processor.py:925} INFO - DAG(s) 'dag_with_postgres_operator_v01' retrieved from /opt/airflow/dags/dag_with_postgres_operator.py
[2024-09-23T19:32:44.280+0000] {logging_mixin.py:190} INFO - [2024-09-23T19:32:44.280+0000] {dag.py:3229} INFO - Sync 1 DAGs
[2024-09-23T19:32:44.738+0000] {logging_mixin.py:190} INFO - [2024-09-23T19:32:44.738+0000] {dag.py:4156} INFO - Setting next_dagrun for dag_with_postgres_operator_v01 to 2024-09-23 00:00:00+00:00, run_after=2024-09-24 00:00:00+00:00
[2024-09-23T19:32:44.796+0000] {processor.py:208} INFO - Processing /opt/airflow/dags/dag_with_postgres_operator.py took 0.920 seconds
[2024-09-23T19:33:15.517+0000] {processor.py:186} INFO - Started process (PID=982) to work on /opt/airflow/dags/dag_with_postgres_operator.py
[2024-09-23T19:33:15.521+0000] {processor.py:914} INFO - Processing file /opt/airflow/dags/dag_with_postgres_operator.py for tasks to queue
[2024-09-23T19:33:15.524+0000] {logging_mixin.py:190} INFO - [2024-09-23T19:33:15.522+0000] {dagbag.py:587} INFO - Filling up the DagBag from /opt/airflow/dags/dag_with_postgres_operator.py
[2024-09-23T19:33:15.564+0000] {processor.py:925} INFO - DAG(s) 'dag_with_postgres_operator_v01' retrieved from /opt/airflow/dags/dag_with_postgres_operator.py
[2024-09-23T19:33:15.585+0000] {logging_mixin.py:190} INFO - [2024-09-23T19:33:15.585+0000] {dag.py:3229} INFO - Sync 1 DAGs
[2024-09-23T19:33:15.610+0000] {logging_mixin.py:190} INFO - [2024-09-23T19:33:15.610+0000] {dag.py:4156} INFO - Setting next_dagrun for dag_with_postgres_operator_v01 to 2024-09-23 00:00:00+00:00, run_after=2024-09-24 00:00:00+00:00
[2024-09-23T19:33:15.642+0000] {processor.py:208} INFO - Processing /opt/airflow/dags/dag_with_postgres_operator.py took 0.131 seconds
[2024-09-23T19:33:46.416+0000] {processor.py:186} INFO - Started process (PID=1015) to work on /opt/airflow/dags/dag_with_postgres_operator.py
[2024-09-23T19:33:46.419+0000] {processor.py:914} INFO - Processing file /opt/airflow/dags/dag_with_postgres_operator.py for tasks to queue
[2024-09-23T19:33:46.424+0000] {logging_mixin.py:190} INFO - [2024-09-23T19:33:46.423+0000] {dagbag.py:587} INFO - Filling up the DagBag from /opt/airflow/dags/dag_with_postgres_operator.py
[2024-09-23T19:33:46.702+0000] {processor.py:925} INFO - DAG(s) 'dag_with_postgres_operator_v01' retrieved from /opt/airflow/dags/dag_with_postgres_operator.py
[2024-09-23T19:33:46.736+0000] {logging_mixin.py:190} INFO - [2024-09-23T19:33:46.736+0000] {dag.py:3229} INFO - Sync 1 DAGs
[2024-09-23T19:33:46.783+0000] {logging_mixin.py:190} INFO - [2024-09-23T19:33:46.783+0000] {dag.py:4156} INFO - Setting next_dagrun for dag_with_postgres_operator_v01 to 2024-09-23 00:00:00+00:00, run_after=2024-09-24 00:00:00+00:00
[2024-09-23T19:33:46.823+0000] {processor.py:208} INFO - Processing /opt/airflow/dags/dag_with_postgres_operator.py took 0.419 seconds
[2024-09-23T19:34:03.049+0000] {processor.py:186} INFO - Started process (PID=1023) to work on /opt/airflow/dags/dag_with_postgres_operator.py
[2024-09-23T19:34:03.054+0000] {processor.py:914} INFO - Processing file /opt/airflow/dags/dag_with_postgres_operator.py for tasks to queue
[2024-09-23T19:34:03.060+0000] {logging_mixin.py:190} INFO - [2024-09-23T19:34:03.060+0000] {dagbag.py:587} INFO - Filling up the DagBag from /opt/airflow/dags/dag_with_postgres_operator.py
[2024-09-23T19:34:03.386+0000] {processor.py:925} INFO - DAG(s) 'dag_with_postgres_operator_v01' retrieved from /opt/airflow/dags/dag_with_postgres_operator.py
[2024-09-23T19:34:03.426+0000] {logging_mixin.py:190} INFO - [2024-09-23T19:34:03.425+0000] {dag.py:3229} INFO - Sync 1 DAGs
[2024-09-23T19:34:03.479+0000] {logging_mixin.py:190} INFO - [2024-09-23T19:34:03.478+0000] {dag.py:4156} INFO - Setting next_dagrun for dag_with_postgres_operator_v01 to 2024-09-23 00:00:00+00:00, run_after=2024-09-24 00:00:00+00:00
[2024-09-23T19:34:03.568+0000] {processor.py:208} INFO - Processing /opt/airflow/dags/dag_with_postgres_operator.py took 0.529 seconds
[2024-09-23T19:34:34.372+0000] {processor.py:186} INFO - Started process (PID=1056) to work on /opt/airflow/dags/dag_with_postgres_operator.py
[2024-09-23T19:34:34.378+0000] {processor.py:914} INFO - Processing file /opt/airflow/dags/dag_with_postgres_operator.py for tasks to queue
[2024-09-23T19:34:34.382+0000] {logging_mixin.py:190} INFO - [2024-09-23T19:34:34.380+0000] {dagbag.py:587} INFO - Filling up the DagBag from /opt/airflow/dags/dag_with_postgres_operator.py
[2024-09-23T19:34:34.509+0000] {processor.py:925} INFO - DAG(s) 'dag_with_postgres_operator_v01' retrieved from /opt/airflow/dags/dag_with_postgres_operator.py
[2024-09-23T19:34:34.553+0000] {logging_mixin.py:190} INFO - [2024-09-23T19:34:34.553+0000] {dag.py:3229} INFO - Sync 1 DAGs
[2024-09-23T19:34:34.592+0000] {logging_mixin.py:190} INFO - [2024-09-23T19:34:34.592+0000] {dag.py:4156} INFO - Setting next_dagrun for dag_with_postgres_operator_v01 to 2024-09-23 00:00:00+00:00, run_after=2024-09-24 00:00:00+00:00
[2024-09-23T19:34:34.626+0000] {processor.py:208} INFO - Processing /opt/airflow/dags/dag_with_postgres_operator.py took 0.265 seconds
[2024-09-23T19:35:04.832+0000] {processor.py:186} INFO - Started process (PID=1089) to work on /opt/airflow/dags/dag_with_postgres_operator.py
[2024-09-23T19:35:04.834+0000] {processor.py:914} INFO - Processing file /opt/airflow/dags/dag_with_postgres_operator.py for tasks to queue
[2024-09-23T19:35:04.839+0000] {logging_mixin.py:190} INFO - [2024-09-23T19:35:04.838+0000] {dagbag.py:587} INFO - Filling up the DagBag from /opt/airflow/dags/dag_with_postgres_operator.py
[2024-09-23T19:35:04.930+0000] {processor.py:925} INFO - DAG(s) 'dag_with_postgres_operator_v01' retrieved from /opt/airflow/dags/dag_with_postgres_operator.py
[2024-09-23T19:35:04.972+0000] {logging_mixin.py:190} INFO - [2024-09-23T19:35:04.972+0000] {dag.py:3229} INFO - Sync 1 DAGs
[2024-09-23T19:35:05.030+0000] {logging_mixin.py:190} INFO - [2024-09-23T19:35:05.029+0000] {dag.py:4156} INFO - Setting next_dagrun for dag_with_postgres_operator_v01 to 2024-09-23 00:00:00+00:00, run_after=2024-09-24 00:00:00+00:00
[2024-09-23T19:35:05.079+0000] {processor.py:208} INFO - Processing /opt/airflow/dags/dag_with_postgres_operator.py took 0.261 seconds
[2024-09-23T19:35:18.911+0000] {processor.py:186} INFO - Started process (PID=1119) to work on /opt/airflow/dags/dag_with_postgres_operator.py
[2024-09-23T19:35:18.914+0000] {processor.py:914} INFO - Processing file /opt/airflow/dags/dag_with_postgres_operator.py for tasks to queue
[2024-09-23T19:35:18.920+0000] {logging_mixin.py:190} INFO - [2024-09-23T19:35:18.917+0000] {dagbag.py:587} INFO - Filling up the DagBag from /opt/airflow/dags/dag_with_postgres_operator.py
[2024-09-23T19:35:19.278+0000] {processor.py:925} INFO - DAG(s) 'dag_with_postgres_operator_v01' retrieved from /opt/airflow/dags/dag_with_postgres_operator.py
[2024-09-23T19:35:19.313+0000] {logging_mixin.py:190} INFO - [2024-09-23T19:35:19.313+0000] {dag.py:3229} INFO - Sync 1 DAGs
[2024-09-23T19:35:19.368+0000] {logging_mixin.py:190} INFO - [2024-09-23T19:35:19.368+0000] {dag.py:4156} INFO - Setting next_dagrun for dag_with_postgres_operator_v01 to 2024-09-23 00:00:00+00:00, run_after=2024-09-24 00:00:00+00:00
[2024-09-23T19:35:19.442+0000] {processor.py:208} INFO - Processing /opt/airflow/dags/dag_with_postgres_operator.py took 0.542 seconds
[2024-09-23T19:35:20.829+0000] {processor.py:186} INFO - Started process (PID=1124) to work on /opt/airflow/dags/dag_with_postgres_operator.py
[2024-09-23T19:35:20.831+0000] {processor.py:914} INFO - Processing file /opt/airflow/dags/dag_with_postgres_operator.py for tasks to queue
[2024-09-23T19:35:20.836+0000] {logging_mixin.py:190} INFO - [2024-09-23T19:35:20.835+0000] {dagbag.py:587} INFO - Filling up the DagBag from /opt/airflow/dags/dag_with_postgres_operator.py
[2024-09-23T19:35:21.097+0000] {processor.py:925} INFO - DAG(s) 'dag_with_postgres_operator_v01' retrieved from /opt/airflow/dags/dag_with_postgres_operator.py
[2024-09-23T19:35:21.136+0000] {logging_mixin.py:190} INFO - [2024-09-23T19:35:21.135+0000] {dag.py:3229} INFO - Sync 1 DAGs
[2024-09-23T19:35:21.193+0000] {logging_mixin.py:190} INFO - [2024-09-23T19:35:21.193+0000] {dag.py:4156} INFO - Setting next_dagrun for dag_with_postgres_operator_v01 to 2024-09-23 00:00:00+00:00, run_after=2024-09-24 00:00:00+00:00
[2024-09-23T19:35:21.287+0000] {processor.py:208} INFO - Processing /opt/airflow/dags/dag_with_postgres_operator.py took 0.470 seconds
[2024-09-23T19:35:26.045+0000] {processor.py:186} INFO - Started process (PID=1129) to work on /opt/airflow/dags/dag_with_postgres_operator.py
[2024-09-23T19:35:26.060+0000] {processor.py:914} INFO - Processing file /opt/airflow/dags/dag_with_postgres_operator.py for tasks to queue
[2024-09-23T19:35:26.095+0000] {logging_mixin.py:190} INFO - [2024-09-23T19:35:26.094+0000] {dagbag.py:587} INFO - Filling up the DagBag from /opt/airflow/dags/dag_with_postgres_operator.py
[2024-09-23T19:35:26.693+0000] {processor.py:925} INFO - DAG(s) 'dag_with_postgres_operator_v01' retrieved from /opt/airflow/dags/dag_with_postgres_operator.py
[2024-09-23T19:35:26.742+0000] {logging_mixin.py:190} INFO - [2024-09-23T19:35:26.742+0000] {dag.py:3229} INFO - Sync 1 DAGs
[2024-09-23T19:35:26.825+0000] {logging_mixin.py:190} INFO - [2024-09-23T19:35:26.825+0000] {dag.py:4156} INFO - Setting next_dagrun for dag_with_postgres_operator_v01 to 2024-09-23 00:00:00+00:00, run_after=2024-09-24 00:00:00+00:00
[2024-09-23T19:35:27.047+0000] {processor.py:208} INFO - Processing /opt/airflow/dags/dag_with_postgres_operator.py took 1.016 seconds
[2024-09-23T19:35:57.890+0000] {processor.py:186} INFO - Started process (PID=1162) to work on /opt/airflow/dags/dag_with_postgres_operator.py
[2024-09-23T19:35:57.896+0000] {processor.py:914} INFO - Processing file /opt/airflow/dags/dag_with_postgres_operator.py for tasks to queue
[2024-09-23T19:35:57.898+0000] {logging_mixin.py:190} INFO - [2024-09-23T19:35:57.898+0000] {dagbag.py:587} INFO - Filling up the DagBag from /opt/airflow/dags/dag_with_postgres_operator.py
[2024-09-23T19:35:57.973+0000] {processor.py:925} INFO - DAG(s) 'dag_with_postgres_operator_v01' retrieved from /opt/airflow/dags/dag_with_postgres_operator.py
[2024-09-23T19:35:57.992+0000] {logging_mixin.py:190} INFO - [2024-09-23T19:35:57.992+0000] {dag.py:3229} INFO - Sync 1 DAGs
[2024-09-23T19:35:58.013+0000] {logging_mixin.py:190} INFO - [2024-09-23T19:35:58.013+0000] {dag.py:4156} INFO - Setting next_dagrun for dag_with_postgres_operator_v01 to 2024-09-23 00:00:00+00:00, run_after=2024-09-24 00:00:00+00:00
[2024-09-23T19:35:58.039+0000] {processor.py:208} INFO - Processing /opt/airflow/dags/dag_with_postgres_operator.py took 0.184 seconds
[2024-09-23T19:36:28.937+0000] {processor.py:186} INFO - Started process (PID=1195) to work on /opt/airflow/dags/dag_with_postgres_operator.py
[2024-09-23T19:36:28.939+0000] {processor.py:914} INFO - Processing file /opt/airflow/dags/dag_with_postgres_operator.py for tasks to queue
[2024-09-23T19:36:28.942+0000] {logging_mixin.py:190} INFO - [2024-09-23T19:36:28.941+0000] {dagbag.py:587} INFO - Filling up the DagBag from /opt/airflow/dags/dag_with_postgres_operator.py
[2024-09-23T19:36:29.016+0000] {processor.py:925} INFO - DAG(s) 'dag_with_postgres_operator_v01' retrieved from /opt/airflow/dags/dag_with_postgres_operator.py
[2024-09-23T19:36:29.045+0000] {logging_mixin.py:190} INFO - [2024-09-23T19:36:29.045+0000] {dag.py:3229} INFO - Sync 1 DAGs
[2024-09-23T19:36:29.070+0000] {logging_mixin.py:190} INFO - [2024-09-23T19:36:29.070+0000] {dag.py:4156} INFO - Setting next_dagrun for dag_with_postgres_operator_v01 to 2024-09-23 00:00:00+00:00, run_after=2024-09-24 00:00:00+00:00
[2024-09-23T19:36:29.099+0000] {processor.py:208} INFO - Processing /opt/airflow/dags/dag_with_postgres_operator.py took 0.172 seconds
[2024-09-23T19:36:59.523+0000] {processor.py:186} INFO - Started process (PID=1228) to work on /opt/airflow/dags/dag_with_postgres_operator.py
[2024-09-23T19:36:59.525+0000] {processor.py:914} INFO - Processing file /opt/airflow/dags/dag_with_postgres_operator.py for tasks to queue
[2024-09-23T19:36:59.528+0000] {logging_mixin.py:190} INFO - [2024-09-23T19:36:59.527+0000] {dagbag.py:587} INFO - Filling up the DagBag from /opt/airflow/dags/dag_with_postgres_operator.py
[2024-09-23T19:36:59.593+0000] {processor.py:925} INFO - DAG(s) 'dag_with_postgres_operator_v01' retrieved from /opt/airflow/dags/dag_with_postgres_operator.py
[2024-09-23T19:36:59.611+0000] {logging_mixin.py:190} INFO - [2024-09-23T19:36:59.611+0000] {dag.py:3229} INFO - Sync 1 DAGs
[2024-09-23T19:36:59.631+0000] {logging_mixin.py:190} INFO - [2024-09-23T19:36:59.631+0000] {dag.py:4156} INFO - Setting next_dagrun for dag_with_postgres_operator_v01 to 2024-09-23 00:00:00+00:00, run_after=2024-09-24 00:00:00+00:00
[2024-09-23T19:36:59.658+0000] {processor.py:208} INFO - Processing /opt/airflow/dags/dag_with_postgres_operator.py took 0.142 seconds
[2024-09-23T19:37:30.097+0000] {processor.py:186} INFO - Started process (PID=1261) to work on /opt/airflow/dags/dag_with_postgres_operator.py
[2024-09-23T19:37:30.102+0000] {processor.py:914} INFO - Processing file /opt/airflow/dags/dag_with_postgres_operator.py for tasks to queue
[2024-09-23T19:37:30.107+0000] {logging_mixin.py:190} INFO - [2024-09-23T19:37:30.106+0000] {dagbag.py:587} INFO - Filling up the DagBag from /opt/airflow/dags/dag_with_postgres_operator.py
[2024-09-23T19:37:30.240+0000] {processor.py:925} INFO - DAG(s) 'dag_with_postgres_operator_v01' retrieved from /opt/airflow/dags/dag_with_postgres_operator.py
[2024-09-23T19:37:30.301+0000] {logging_mixin.py:190} INFO - [2024-09-23T19:37:30.300+0000] {dag.py:3229} INFO - Sync 1 DAGs
[2024-09-23T19:37:30.386+0000] {logging_mixin.py:190} INFO - [2024-09-23T19:37:30.385+0000] {dag.py:4156} INFO - Setting next_dagrun for dag_with_postgres_operator_v01 to 2024-09-23 00:00:00+00:00, run_after=2024-09-24 00:00:00+00:00
[2024-09-23T19:37:30.445+0000] {processor.py:208} INFO - Processing /opt/airflow/dags/dag_with_postgres_operator.py took 0.359 seconds
[2024-09-23T19:38:00.729+0000] {processor.py:186} INFO - Started process (PID=1294) to work on /opt/airflow/dags/dag_with_postgres_operator.py
[2024-09-23T19:38:00.732+0000] {processor.py:914} INFO - Processing file /opt/airflow/dags/dag_with_postgres_operator.py for tasks to queue
[2024-09-23T19:38:00.734+0000] {logging_mixin.py:190} INFO - [2024-09-23T19:38:00.734+0000] {dagbag.py:587} INFO - Filling up the DagBag from /opt/airflow/dags/dag_with_postgres_operator.py
[2024-09-23T19:38:00.850+0000] {processor.py:925} INFO - DAG(s) 'dag_with_postgres_operator_v01' retrieved from /opt/airflow/dags/dag_with_postgres_operator.py
[2024-09-23T19:38:00.875+0000] {logging_mixin.py:190} INFO - [2024-09-23T19:38:00.875+0000] {dag.py:3229} INFO - Sync 1 DAGs
[2024-09-23T19:38:00.902+0000] {logging_mixin.py:190} INFO - [2024-09-23T19:38:00.902+0000] {dag.py:4156} INFO - Setting next_dagrun for dag_with_postgres_operator_v01 to 2024-09-23 00:00:00+00:00, run_after=2024-09-24 00:00:00+00:00
[2024-09-23T19:38:00.932+0000] {processor.py:208} INFO - Processing /opt/airflow/dags/dag_with_postgres_operator.py took 0.212 seconds
[2024-09-23T19:38:31.588+0000] {processor.py:186} INFO - Started process (PID=1327) to work on /opt/airflow/dags/dag_with_postgres_operator.py
[2024-09-23T19:38:31.591+0000] {processor.py:914} INFO - Processing file /opt/airflow/dags/dag_with_postgres_operator.py for tasks to queue
[2024-09-23T19:38:31.594+0000] {logging_mixin.py:190} INFO - [2024-09-23T19:38:31.593+0000] {dagbag.py:587} INFO - Filling up the DagBag from /opt/airflow/dags/dag_with_postgres_operator.py
[2024-09-23T19:38:31.706+0000] {processor.py:925} INFO - DAG(s) 'dag_with_postgres_operator_v01' retrieved from /opt/airflow/dags/dag_with_postgres_operator.py
[2024-09-23T19:38:31.726+0000] {logging_mixin.py:190} INFO - [2024-09-23T19:38:31.726+0000] {dag.py:3229} INFO - Sync 1 DAGs
[2024-09-23T19:38:31.757+0000] {logging_mixin.py:190} INFO - [2024-09-23T19:38:31.757+0000] {dag.py:4156} INFO - Setting next_dagrun for dag_with_postgres_operator_v01 to 2024-09-23 00:00:00+00:00, run_after=2024-09-24 00:00:00+00:00
[2024-09-23T19:38:31.784+0000] {processor.py:208} INFO - Processing /opt/airflow/dags/dag_with_postgres_operator.py took 0.207 seconds
[2024-09-23T19:39:02.401+0000] {processor.py:186} INFO - Started process (PID=1360) to work on /opt/airflow/dags/dag_with_postgres_operator.py
[2024-09-23T19:39:02.403+0000] {processor.py:914} INFO - Processing file /opt/airflow/dags/dag_with_postgres_operator.py for tasks to queue
[2024-09-23T19:39:02.406+0000] {logging_mixin.py:190} INFO - [2024-09-23T19:39:02.406+0000] {dagbag.py:587} INFO - Filling up the DagBag from /opt/airflow/dags/dag_with_postgres_operator.py
[2024-09-23T19:39:02.542+0000] {processor.py:925} INFO - DAG(s) 'dag_with_postgres_operator_v01' retrieved from /opt/airflow/dags/dag_with_postgres_operator.py
[2024-09-23T19:39:02.575+0000] {logging_mixin.py:190} INFO - [2024-09-23T19:39:02.575+0000] {dag.py:3229} INFO - Sync 1 DAGs
[2024-09-23T19:39:02.613+0000] {logging_mixin.py:190} INFO - [2024-09-23T19:39:02.612+0000] {dag.py:4156} INFO - Setting next_dagrun for dag_with_postgres_operator_v01 to 2024-09-23 00:00:00+00:00, run_after=2024-09-24 00:00:00+00:00
[2024-09-23T19:39:02.656+0000] {processor.py:208} INFO - Processing /opt/airflow/dags/dag_with_postgres_operator.py took 0.264 seconds
[2024-09-23T19:39:33.135+0000] {processor.py:186} INFO - Started process (PID=1393) to work on /opt/airflow/dags/dag_with_postgres_operator.py
[2024-09-23T19:39:33.138+0000] {processor.py:914} INFO - Processing file /opt/airflow/dags/dag_with_postgres_operator.py for tasks to queue
[2024-09-23T19:39:33.141+0000] {logging_mixin.py:190} INFO - [2024-09-23T19:39:33.141+0000] {dagbag.py:587} INFO - Filling up the DagBag from /opt/airflow/dags/dag_with_postgres_operator.py
[2024-09-23T19:39:33.250+0000] {processor.py:925} INFO - DAG(s) 'dag_with_postgres_operator_v01' retrieved from /opt/airflow/dags/dag_with_postgres_operator.py
[2024-09-23T19:39:33.296+0000] {logging_mixin.py:190} INFO - [2024-09-23T19:39:33.296+0000] {dag.py:3229} INFO - Sync 1 DAGs
[2024-09-23T19:39:33.370+0000] {logging_mixin.py:190} INFO - [2024-09-23T19:39:33.369+0000] {dag.py:4156} INFO - Setting next_dagrun for dag_with_postgres_operator_v01 to 2024-09-23 00:00:00+00:00, run_after=2024-09-24 00:00:00+00:00
[2024-09-23T19:39:33.464+0000] {processor.py:208} INFO - Processing /opt/airflow/dags/dag_with_postgres_operator.py took 0.339 seconds
[2024-09-23T19:40:05.929+0000] {processor.py:186} INFO - Started process (PID=1426) to work on /opt/airflow/dags/dag_with_postgres_operator.py
[2024-09-23T19:40:05.958+0000] {processor.py:914} INFO - Processing file /opt/airflow/dags/dag_with_postgres_operator.py for tasks to queue
[2024-09-23T19:40:05.981+0000] {logging_mixin.py:190} INFO - [2024-09-23T19:40:05.974+0000] {dagbag.py:587} INFO - Filling up the DagBag from /opt/airflow/dags/dag_with_postgres_operator.py
[2024-09-23T19:40:06.958+0000] {processor.py:925} INFO - DAG(s) 'dag_with_postgres_operator_v01' retrieved from /opt/airflow/dags/dag_with_postgres_operator.py
[2024-09-23T19:40:07.344+0000] {logging_mixin.py:190} INFO - [2024-09-23T19:40:07.343+0000] {dag.py:3229} INFO - Sync 1 DAGs
[2024-09-23T19:40:07.726+0000] {logging_mixin.py:190} INFO - [2024-09-23T19:40:07.725+0000] {dag.py:4156} INFO - Setting next_dagrun for dag_with_postgres_operator_v01 to 2024-09-23 00:00:00+00:00, run_after=2024-09-24 00:00:00+00:00
[2024-09-23T19:40:08.016+0000] {processor.py:208} INFO - Processing /opt/airflow/dags/dag_with_postgres_operator.py took 2.177 seconds
[2024-09-23T19:40:39.260+0000] {processor.py:186} INFO - Started process (PID=1459) to work on /opt/airflow/dags/dag_with_postgres_operator.py
[2024-09-23T19:40:39.271+0000] {processor.py:914} INFO - Processing file /opt/airflow/dags/dag_with_postgres_operator.py for tasks to queue
[2024-09-23T19:40:39.274+0000] {logging_mixin.py:190} INFO - [2024-09-23T19:40:39.273+0000] {dagbag.py:587} INFO - Filling up the DagBag from /opt/airflow/dags/dag_with_postgres_operator.py
[2024-09-23T19:40:39.554+0000] {processor.py:925} INFO - DAG(s) 'dag_with_postgres_operator_v01' retrieved from /opt/airflow/dags/dag_with_postgres_operator.py
[2024-09-23T19:40:39.589+0000] {logging_mixin.py:190} INFO - [2024-09-23T19:40:39.589+0000] {dag.py:3229} INFO - Sync 1 DAGs
[2024-09-23T19:40:39.632+0000] {logging_mixin.py:190} INFO - [2024-09-23T19:40:39.632+0000] {dag.py:4156} INFO - Setting next_dagrun for dag_with_postgres_operator_v01 to 2024-09-23 00:00:00+00:00, run_after=2024-09-24 00:00:00+00:00
[2024-09-23T19:40:39.722+0000] {processor.py:208} INFO - Processing /opt/airflow/dags/dag_with_postgres_operator.py took 0.473 seconds
[2024-09-23T19:41:10.892+0000] {processor.py:186} INFO - Started process (PID=1492) to work on /opt/airflow/dags/dag_with_postgres_operator.py
[2024-09-23T19:41:10.899+0000] {processor.py:914} INFO - Processing file /opt/airflow/dags/dag_with_postgres_operator.py for tasks to queue
[2024-09-23T19:41:10.903+0000] {logging_mixin.py:190} INFO - [2024-09-23T19:41:10.902+0000] {dagbag.py:587} INFO - Filling up the DagBag from /opt/airflow/dags/dag_with_postgres_operator.py
[2024-09-23T19:41:10.981+0000] {processor.py:925} INFO - DAG(s) 'dag_with_postgres_operator_v01' retrieved from /opt/airflow/dags/dag_with_postgres_operator.py
[2024-09-23T19:41:11.001+0000] {logging_mixin.py:190} INFO - [2024-09-23T19:41:11.001+0000] {dag.py:3229} INFO - Sync 1 DAGs
[2024-09-23T19:41:11.025+0000] {logging_mixin.py:190} INFO - [2024-09-23T19:41:11.025+0000] {dag.py:4156} INFO - Setting next_dagrun for dag_with_postgres_operator_v01 to 2024-09-23 00:00:00+00:00, run_after=2024-09-24 00:00:00+00:00
[2024-09-23T19:41:11.061+0000] {processor.py:208} INFO - Processing /opt/airflow/dags/dag_with_postgres_operator.py took 0.183 seconds
[2024-09-23T19:41:41.760+0000] {processor.py:186} INFO - Started process (PID=1525) to work on /opt/airflow/dags/dag_with_postgres_operator.py
[2024-09-23T19:41:41.762+0000] {processor.py:914} INFO - Processing file /opt/airflow/dags/dag_with_postgres_operator.py for tasks to queue
[2024-09-23T19:41:41.765+0000] {logging_mixin.py:190} INFO - [2024-09-23T19:41:41.765+0000] {dagbag.py:587} INFO - Filling up the DagBag from /opt/airflow/dags/dag_with_postgres_operator.py
[2024-09-23T19:41:41.884+0000] {processor.py:925} INFO - DAG(s) 'dag_with_postgres_operator_v01' retrieved from /opt/airflow/dags/dag_with_postgres_operator.py
[2024-09-23T19:41:41.908+0000] {logging_mixin.py:190} INFO - [2024-09-23T19:41:41.908+0000] {dag.py:3229} INFO - Sync 1 DAGs
[2024-09-23T19:41:41.935+0000] {logging_mixin.py:190} INFO - [2024-09-23T19:41:41.935+0000] {dag.py:4156} INFO - Setting next_dagrun for dag_with_postgres_operator_v01 to 2024-09-23 00:00:00+00:00, run_after=2024-09-24 00:00:00+00:00
[2024-09-23T19:41:41.962+0000] {processor.py:208} INFO - Processing /opt/airflow/dags/dag_with_postgres_operator.py took 0.213 seconds
[2024-09-23T19:42:12.782+0000] {processor.py:186} INFO - Started process (PID=1558) to work on /opt/airflow/dags/dag_with_postgres_operator.py
[2024-09-23T19:42:12.784+0000] {processor.py:914} INFO - Processing file /opt/airflow/dags/dag_with_postgres_operator.py for tasks to queue
[2024-09-23T19:42:12.787+0000] {logging_mixin.py:190} INFO - [2024-09-23T19:42:12.786+0000] {dagbag.py:587} INFO - Filling up the DagBag from /opt/airflow/dags/dag_with_postgres_operator.py
[2024-09-23T19:42:12.857+0000] {processor.py:925} INFO - DAG(s) 'dag_with_postgres_operator_v01' retrieved from /opt/airflow/dags/dag_with_postgres_operator.py
[2024-09-23T19:42:12.876+0000] {logging_mixin.py:190} INFO - [2024-09-23T19:42:12.876+0000] {dag.py:3229} INFO - Sync 1 DAGs
[2024-09-23T19:42:12.898+0000] {logging_mixin.py:190} INFO - [2024-09-23T19:42:12.898+0000] {dag.py:4156} INFO - Setting next_dagrun for dag_with_postgres_operator_v01 to 2024-09-23 00:00:00+00:00, run_after=2024-09-24 00:00:00+00:00
[2024-09-23T19:42:12.933+0000] {processor.py:208} INFO - Processing /opt/airflow/dags/dag_with_postgres_operator.py took 0.164 seconds
[2024-09-23T19:42:43.750+0000] {processor.py:186} INFO - Started process (PID=1591) to work on /opt/airflow/dags/dag_with_postgres_operator.py
[2024-09-23T19:42:43.754+0000] {processor.py:914} INFO - Processing file /opt/airflow/dags/dag_with_postgres_operator.py for tasks to queue
[2024-09-23T19:42:43.758+0000] {logging_mixin.py:190} INFO - [2024-09-23T19:42:43.757+0000] {dagbag.py:587} INFO - Filling up the DagBag from /opt/airflow/dags/dag_with_postgres_operator.py
[2024-09-23T19:42:43.905+0000] {processor.py:925} INFO - DAG(s) 'dag_with_postgres_operator_v01' retrieved from /opt/airflow/dags/dag_with_postgres_operator.py
[2024-09-23T19:42:43.959+0000] {logging_mixin.py:190} INFO - [2024-09-23T19:42:43.958+0000] {dag.py:3229} INFO - Sync 1 DAGs
[2024-09-23T19:42:44.008+0000] {logging_mixin.py:190} INFO - [2024-09-23T19:42:44.008+0000] {dag.py:4156} INFO - Setting next_dagrun for dag_with_postgres_operator_v01 to 2024-09-23 00:00:00+00:00, run_after=2024-09-24 00:00:00+00:00
[2024-09-23T19:42:44.042+0000] {processor.py:208} INFO - Processing /opt/airflow/dags/dag_with_postgres_operator.py took 0.304 seconds
[2024-09-23T19:43:14.862+0000] {processor.py:186} INFO - Started process (PID=1624) to work on /opt/airflow/dags/dag_with_postgres_operator.py
[2024-09-23T19:43:14.866+0000] {processor.py:914} INFO - Processing file /opt/airflow/dags/dag_with_postgres_operator.py for tasks to queue
[2024-09-23T19:43:14.872+0000] {logging_mixin.py:190} INFO - [2024-09-23T19:43:14.871+0000] {dagbag.py:587} INFO - Filling up the DagBag from /opt/airflow/dags/dag_with_postgres_operator.py
[2024-09-23T19:43:14.965+0000] {processor.py:925} INFO - DAG(s) 'dag_with_postgres_operator_v01' retrieved from /opt/airflow/dags/dag_with_postgres_operator.py
[2024-09-23T19:43:15.004+0000] {logging_mixin.py:190} INFO - [2024-09-23T19:43:15.003+0000] {dag.py:3229} INFO - Sync 1 DAGs
[2024-09-23T19:43:15.052+0000] {logging_mixin.py:190} INFO - [2024-09-23T19:43:15.051+0000] {dag.py:4156} INFO - Setting next_dagrun for dag_with_postgres_operator_v01 to 2024-09-23 00:00:00+00:00, run_after=2024-09-24 00:00:00+00:00
[2024-09-23T19:43:15.090+0000] {processor.py:208} INFO - Processing /opt/airflow/dags/dag_with_postgres_operator.py took 0.243 seconds
[2024-09-23T19:43:45.735+0000] {processor.py:186} INFO - Started process (PID=1657) to work on /opt/airflow/dags/dag_with_postgres_operator.py
[2024-09-23T19:43:45.737+0000] {processor.py:914} INFO - Processing file /opt/airflow/dags/dag_with_postgres_operator.py for tasks to queue
[2024-09-23T19:43:45.739+0000] {logging_mixin.py:190} INFO - [2024-09-23T19:43:45.739+0000] {dagbag.py:587} INFO - Filling up the DagBag from /opt/airflow/dags/dag_with_postgres_operator.py
[2024-09-23T19:43:45.836+0000] {processor.py:925} INFO - DAG(s) 'dag_with_postgres_operator_v01' retrieved from /opt/airflow/dags/dag_with_postgres_operator.py
[2024-09-23T19:43:45.866+0000] {logging_mixin.py:190} INFO - [2024-09-23T19:43:45.866+0000] {dag.py:3229} INFO - Sync 1 DAGs
[2024-09-23T19:43:45.910+0000] {logging_mixin.py:190} INFO - [2024-09-23T19:43:45.910+0000] {dag.py:4156} INFO - Setting next_dagrun for dag_with_postgres_operator_v01 to 2024-09-23 00:00:00+00:00, run_after=2024-09-24 00:00:00+00:00
[2024-09-23T19:43:45.952+0000] {processor.py:208} INFO - Processing /opt/airflow/dags/dag_with_postgres_operator.py took 0.227 seconds
[2024-09-23T19:44:17.090+0000] {processor.py:186} INFO - Started process (PID=1690) to work on /opt/airflow/dags/dag_with_postgres_operator.py
[2024-09-23T19:44:17.094+0000] {processor.py:914} INFO - Processing file /opt/airflow/dags/dag_with_postgres_operator.py for tasks to queue
[2024-09-23T19:44:17.098+0000] {logging_mixin.py:190} INFO - [2024-09-23T19:44:17.098+0000] {dagbag.py:587} INFO - Filling up the DagBag from /opt/airflow/dags/dag_with_postgres_operator.py
[2024-09-23T19:44:17.217+0000] {processor.py:925} INFO - DAG(s) 'dag_with_postgres_operator_v01' retrieved from /opt/airflow/dags/dag_with_postgres_operator.py
[2024-09-23T19:44:17.275+0000] {logging_mixin.py:190} INFO - [2024-09-23T19:44:17.274+0000] {dag.py:3229} INFO - Sync 1 DAGs
[2024-09-23T19:44:17.363+0000] {logging_mixin.py:190} INFO - [2024-09-23T19:44:17.362+0000] {dag.py:4156} INFO - Setting next_dagrun for dag_with_postgres_operator_v01 to 2024-09-23 00:00:00+00:00, run_after=2024-09-24 00:00:00+00:00
[2024-09-23T19:44:17.424+0000] {processor.py:208} INFO - Processing /opt/airflow/dags/dag_with_postgres_operator.py took 0.351 seconds
[2024-09-23T19:44:47.725+0000] {processor.py:186} INFO - Started process (PID=1723) to work on /opt/airflow/dags/dag_with_postgres_operator.py
[2024-09-23T19:44:47.727+0000] {processor.py:914} INFO - Processing file /opt/airflow/dags/dag_with_postgres_operator.py for tasks to queue
[2024-09-23T19:44:47.729+0000] {logging_mixin.py:190} INFO - [2024-09-23T19:44:47.728+0000] {dagbag.py:587} INFO - Filling up the DagBag from /opt/airflow/dags/dag_with_postgres_operator.py
[2024-09-23T19:44:47.819+0000] {processor.py:925} INFO - DAG(s) 'dag_with_postgres_operator_v01' retrieved from /opt/airflow/dags/dag_with_postgres_operator.py
[2024-09-23T19:44:47.839+0000] {logging_mixin.py:190} INFO - [2024-09-23T19:44:47.839+0000] {dag.py:3229} INFO - Sync 1 DAGs
[2024-09-23T19:44:47.863+0000] {logging_mixin.py:190} INFO - [2024-09-23T19:44:47.863+0000] {dag.py:4156} INFO - Setting next_dagrun for dag_with_postgres_operator_v01 to 2024-09-23 00:00:00+00:00, run_after=2024-09-24 00:00:00+00:00
[2024-09-23T19:44:47.894+0000] {processor.py:208} INFO - Processing /opt/airflow/dags/dag_with_postgres_operator.py took 0.177 seconds
[2024-09-23T19:45:18.464+0000] {processor.py:186} INFO - Started process (PID=1756) to work on /opt/airflow/dags/dag_with_postgres_operator.py
[2024-09-23T19:45:18.466+0000] {processor.py:914} INFO - Processing file /opt/airflow/dags/dag_with_postgres_operator.py for tasks to queue
[2024-09-23T19:45:18.471+0000] {logging_mixin.py:190} INFO - [2024-09-23T19:45:18.470+0000] {dagbag.py:587} INFO - Filling up the DagBag from /opt/airflow/dags/dag_with_postgres_operator.py
[2024-09-23T19:45:18.584+0000] {processor.py:925} INFO - DAG(s) 'dag_with_postgres_operator_v01' retrieved from /opt/airflow/dags/dag_with_postgres_operator.py
[2024-09-23T19:45:18.613+0000] {logging_mixin.py:190} INFO - [2024-09-23T19:45:18.612+0000] {dag.py:3229} INFO - Sync 1 DAGs
[2024-09-23T19:45:18.637+0000] {logging_mixin.py:190} INFO - [2024-09-23T19:45:18.637+0000] {dag.py:4156} INFO - Setting next_dagrun for dag_with_postgres_operator_v01 to 2024-09-23 00:00:00+00:00, run_after=2024-09-24 00:00:00+00:00
[2024-09-23T19:45:18.663+0000] {processor.py:208} INFO - Processing /opt/airflow/dags/dag_with_postgres_operator.py took 0.205 seconds
[2024-09-23T19:45:49.589+0000] {processor.py:186} INFO - Started process (PID=1789) to work on /opt/airflow/dags/dag_with_postgres_operator.py
[2024-09-23T19:45:49.591+0000] {processor.py:914} INFO - Processing file /opt/airflow/dags/dag_with_postgres_operator.py for tasks to queue
[2024-09-23T19:45:49.593+0000] {logging_mixin.py:190} INFO - [2024-09-23T19:45:49.593+0000] {dagbag.py:587} INFO - Filling up the DagBag from /opt/airflow/dags/dag_with_postgres_operator.py
[2024-09-23T19:45:49.673+0000] {processor.py:925} INFO - DAG(s) 'dag_with_postgres_operator_v01' retrieved from /opt/airflow/dags/dag_with_postgres_operator.py
[2024-09-23T19:45:49.696+0000] {logging_mixin.py:190} INFO - [2024-09-23T19:45:49.696+0000] {dag.py:3229} INFO - Sync 1 DAGs
[2024-09-23T19:45:49.717+0000] {logging_mixin.py:190} INFO - [2024-09-23T19:45:49.717+0000] {dag.py:4156} INFO - Setting next_dagrun for dag_with_postgres_operator_v01 to 2024-09-23 00:00:00+00:00, run_after=2024-09-24 00:00:00+00:00
[2024-09-23T19:45:49.737+0000] {processor.py:208} INFO - Processing /opt/airflow/dags/dag_with_postgres_operator.py took 0.160 seconds
[2024-09-23T19:46:20.151+0000] {processor.py:186} INFO - Started process (PID=1822) to work on /opt/airflow/dags/dag_with_postgres_operator.py
[2024-09-23T19:46:20.153+0000] {processor.py:914} INFO - Processing file /opt/airflow/dags/dag_with_postgres_operator.py for tasks to queue
[2024-09-23T19:46:20.158+0000] {logging_mixin.py:190} INFO - [2024-09-23T19:46:20.157+0000] {dagbag.py:587} INFO - Filling up the DagBag from /opt/airflow/dags/dag_with_postgres_operator.py
[2024-09-23T19:46:20.246+0000] {processor.py:925} INFO - DAG(s) 'dag_with_postgres_operator_v01' retrieved from /opt/airflow/dags/dag_with_postgres_operator.py
[2024-09-23T19:46:20.278+0000] {logging_mixin.py:190} INFO - [2024-09-23T19:46:20.278+0000] {dag.py:3229} INFO - Sync 1 DAGs
[2024-09-23T19:46:20.323+0000] {logging_mixin.py:190} INFO - [2024-09-23T19:46:20.323+0000] {dag.py:4156} INFO - Setting next_dagrun for dag_with_postgres_operator_v01 to 2024-09-23 00:00:00+00:00, run_after=2024-09-24 00:00:00+00:00
[2024-09-23T19:46:20.393+0000] {processor.py:208} INFO - Processing /opt/airflow/dags/dag_with_postgres_operator.py took 0.251 seconds
[2024-09-23T19:46:51.218+0000] {processor.py:186} INFO - Started process (PID=1855) to work on /opt/airflow/dags/dag_with_postgres_operator.py
[2024-09-23T19:46:51.220+0000] {processor.py:914} INFO - Processing file /opt/airflow/dags/dag_with_postgres_operator.py for tasks to queue
[2024-09-23T19:46:51.223+0000] {logging_mixin.py:190} INFO - [2024-09-23T19:46:51.222+0000] {dagbag.py:587} INFO - Filling up the DagBag from /opt/airflow/dags/dag_with_postgres_operator.py
[2024-09-23T19:46:51.318+0000] {processor.py:925} INFO - DAG(s) 'dag_with_postgres_operator_v01' retrieved from /opt/airflow/dags/dag_with_postgres_operator.py
[2024-09-23T19:46:51.352+0000] {logging_mixin.py:190} INFO - [2024-09-23T19:46:51.352+0000] {dag.py:3229} INFO - Sync 1 DAGs
[2024-09-23T19:46:51.393+0000] {logging_mixin.py:190} INFO - [2024-09-23T19:46:51.392+0000] {dag.py:4156} INFO - Setting next_dagrun for dag_with_postgres_operator_v01 to 2024-09-23 00:00:00+00:00, run_after=2024-09-24 00:00:00+00:00
[2024-09-23T19:46:51.431+0000] {processor.py:208} INFO - Processing /opt/airflow/dags/dag_with_postgres_operator.py took 0.221 seconds
[2024-09-23T19:47:21.657+0000] {processor.py:186} INFO - Started process (PID=1888) to work on /opt/airflow/dags/dag_with_postgres_operator.py
[2024-09-23T19:47:21.660+0000] {processor.py:914} INFO - Processing file /opt/airflow/dags/dag_with_postgres_operator.py for tasks to queue
[2024-09-23T19:47:21.663+0000] {logging_mixin.py:190} INFO - [2024-09-23T19:47:21.663+0000] {dagbag.py:587} INFO - Filling up the DagBag from /opt/airflow/dags/dag_with_postgres_operator.py
[2024-09-23T19:47:21.750+0000] {processor.py:925} INFO - DAG(s) 'dag_with_postgres_operator_v01' retrieved from /opt/airflow/dags/dag_with_postgres_operator.py
[2024-09-23T19:47:21.772+0000] {logging_mixin.py:190} INFO - [2024-09-23T19:47:21.772+0000] {dag.py:3229} INFO - Sync 1 DAGs
[2024-09-23T19:47:21.800+0000] {logging_mixin.py:190} INFO - [2024-09-23T19:47:21.800+0000] {dag.py:4156} INFO - Setting next_dagrun for dag_with_postgres_operator_v01 to 2024-09-23 00:00:00+00:00, run_after=2024-09-24 00:00:00+00:00
[2024-09-23T19:47:21.849+0000] {processor.py:208} INFO - Processing /opt/airflow/dags/dag_with_postgres_operator.py took 0.203 seconds
[2024-09-23T19:47:52.123+0000] {processor.py:186} INFO - Started process (PID=1921) to work on /opt/airflow/dags/dag_with_postgres_operator.py
[2024-09-23T19:47:52.125+0000] {processor.py:914} INFO - Processing file /opt/airflow/dags/dag_with_postgres_operator.py for tasks to queue
[2024-09-23T19:47:52.127+0000] {logging_mixin.py:190} INFO - [2024-09-23T19:47:52.127+0000] {dagbag.py:587} INFO - Filling up the DagBag from /opt/airflow/dags/dag_with_postgres_operator.py
[2024-09-23T19:47:52.246+0000] {processor.py:925} INFO - DAG(s) 'dag_with_postgres_operator_v01' retrieved from /opt/airflow/dags/dag_with_postgres_operator.py
[2024-09-23T19:47:52.271+0000] {logging_mixin.py:190} INFO - [2024-09-23T19:47:52.271+0000] {dag.py:3229} INFO - Sync 1 DAGs
[2024-09-23T19:47:52.293+0000] {logging_mixin.py:190} INFO - [2024-09-23T19:47:52.293+0000] {dag.py:4156} INFO - Setting next_dagrun for dag_with_postgres_operator_v01 to 2024-09-23 00:00:00+00:00, run_after=2024-09-24 00:00:00+00:00
[2024-09-23T19:47:52.316+0000] {processor.py:208} INFO - Processing /opt/airflow/dags/dag_with_postgres_operator.py took 0.199 seconds
[2024-09-23T19:48:22.668+0000] {processor.py:186} INFO - Started process (PID=1954) to work on /opt/airflow/dags/dag_with_postgres_operator.py
[2024-09-23T19:48:22.671+0000] {processor.py:914} INFO - Processing file /opt/airflow/dags/dag_with_postgres_operator.py for tasks to queue
[2024-09-23T19:48:22.675+0000] {logging_mixin.py:190} INFO - [2024-09-23T19:48:22.674+0000] {dagbag.py:587} INFO - Filling up the DagBag from /opt/airflow/dags/dag_with_postgres_operator.py
[2024-09-23T19:48:22.793+0000] {processor.py:925} INFO - DAG(s) 'dag_with_postgres_operator_v01' retrieved from /opt/airflow/dags/dag_with_postgres_operator.py
[2024-09-23T19:48:22.820+0000] {logging_mixin.py:190} INFO - [2024-09-23T19:48:22.820+0000] {dag.py:3229} INFO - Sync 1 DAGs
[2024-09-23T19:48:22.848+0000] {logging_mixin.py:190} INFO - [2024-09-23T19:48:22.848+0000] {dag.py:4156} INFO - Setting next_dagrun for dag_with_postgres_operator_v01 to 2024-09-23 00:00:00+00:00, run_after=2024-09-24 00:00:00+00:00
[2024-09-23T19:48:22.875+0000] {processor.py:208} INFO - Processing /opt/airflow/dags/dag_with_postgres_operator.py took 0.220 seconds
[2024-09-23T19:48:53.543+0000] {processor.py:186} INFO - Started process (PID=1987) to work on /opt/airflow/dags/dag_with_postgres_operator.py
[2024-09-23T19:48:53.545+0000] {processor.py:914} INFO - Processing file /opt/airflow/dags/dag_with_postgres_operator.py for tasks to queue
[2024-09-23T19:48:53.547+0000] {logging_mixin.py:190} INFO - [2024-09-23T19:48:53.547+0000] {dagbag.py:587} INFO - Filling up the DagBag from /opt/airflow/dags/dag_with_postgres_operator.py
[2024-09-23T19:48:53.659+0000] {processor.py:925} INFO - DAG(s) 'dag_with_postgres_operator_v01' retrieved from /opt/airflow/dags/dag_with_postgres_operator.py
[2024-09-23T19:48:53.678+0000] {logging_mixin.py:190} INFO - [2024-09-23T19:48:53.678+0000] {dag.py:3229} INFO - Sync 1 DAGs
[2024-09-23T19:48:53.696+0000] {logging_mixin.py:190} INFO - [2024-09-23T19:48:53.696+0000] {dag.py:4156} INFO - Setting next_dagrun for dag_with_postgres_operator_v01 to 2024-09-23 00:00:00+00:00, run_after=2024-09-24 00:00:00+00:00
[2024-09-23T19:48:53.720+0000] {processor.py:208} INFO - Processing /opt/airflow/dags/dag_with_postgres_operator.py took 0.182 seconds
[2024-09-23T19:49:24.198+0000] {processor.py:186} INFO - Started process (PID=2020) to work on /opt/airflow/dags/dag_with_postgres_operator.py
[2024-09-23T19:49:24.199+0000] {processor.py:914} INFO - Processing file /opt/airflow/dags/dag_with_postgres_operator.py for tasks to queue
[2024-09-23T19:49:24.202+0000] {logging_mixin.py:190} INFO - [2024-09-23T19:49:24.201+0000] {dagbag.py:587} INFO - Filling up the DagBag from /opt/airflow/dags/dag_with_postgres_operator.py
[2024-09-23T19:49:24.280+0000] {processor.py:925} INFO - DAG(s) 'dag_with_postgres_operator_v01' retrieved from /opt/airflow/dags/dag_with_postgres_operator.py
[2024-09-23T19:49:24.307+0000] {logging_mixin.py:190} INFO - [2024-09-23T19:49:24.306+0000] {dag.py:3229} INFO - Sync 1 DAGs
[2024-09-23T19:49:24.337+0000] {logging_mixin.py:190} INFO - [2024-09-23T19:49:24.337+0000] {dag.py:4156} INFO - Setting next_dagrun for dag_with_postgres_operator_v01 to 2024-09-23 00:00:00+00:00, run_after=2024-09-24 00:00:00+00:00
[2024-09-23T19:49:24.368+0000] {processor.py:208} INFO - Processing /opt/airflow/dags/dag_with_postgres_operator.py took 0.175 seconds
[2024-09-23T19:49:55.088+0000] {processor.py:186} INFO - Started process (PID=2053) to work on /opt/airflow/dags/dag_with_postgres_operator.py
[2024-09-23T19:49:55.090+0000] {processor.py:914} INFO - Processing file /opt/airflow/dags/dag_with_postgres_operator.py for tasks to queue
[2024-09-23T19:49:55.093+0000] {logging_mixin.py:190} INFO - [2024-09-23T19:49:55.093+0000] {dagbag.py:587} INFO - Filling up the DagBag from /opt/airflow/dags/dag_with_postgres_operator.py
[2024-09-23T19:49:55.168+0000] {processor.py:925} INFO - DAG(s) 'dag_with_postgres_operator_v01' retrieved from /opt/airflow/dags/dag_with_postgres_operator.py
[2024-09-23T19:49:55.190+0000] {logging_mixin.py:190} INFO - [2024-09-23T19:49:55.190+0000] {dag.py:3229} INFO - Sync 1 DAGs
[2024-09-23T19:49:55.223+0000] {logging_mixin.py:190} INFO - [2024-09-23T19:49:55.223+0000] {dag.py:4156} INFO - Setting next_dagrun for dag_with_postgres_operator_v01 to 2024-09-23 00:00:00+00:00, run_after=2024-09-24 00:00:00+00:00
[2024-09-23T19:49:55.262+0000] {processor.py:208} INFO - Processing /opt/airflow/dags/dag_with_postgres_operator.py took 0.180 seconds
[2024-09-23T19:50:25.521+0000] {processor.py:186} INFO - Started process (PID=2086) to work on /opt/airflow/dags/dag_with_postgres_operator.py
[2024-09-23T19:50:25.524+0000] {processor.py:914} INFO - Processing file /opt/airflow/dags/dag_with_postgres_operator.py for tasks to queue
[2024-09-23T19:50:25.528+0000] {logging_mixin.py:190} INFO - [2024-09-23T19:50:25.527+0000] {dagbag.py:587} INFO - Filling up the DagBag from /opt/airflow/dags/dag_with_postgres_operator.py
[2024-09-23T19:50:25.650+0000] {processor.py:925} INFO - DAG(s) 'dag_with_postgres_operator_v01' retrieved from /opt/airflow/dags/dag_with_postgres_operator.py
[2024-09-23T19:50:25.676+0000] {logging_mixin.py:190} INFO - [2024-09-23T19:50:25.676+0000] {dag.py:3229} INFO - Sync 1 DAGs
[2024-09-23T19:50:25.698+0000] {logging_mixin.py:190} INFO - [2024-09-23T19:50:25.698+0000] {dag.py:4156} INFO - Setting next_dagrun for dag_with_postgres_operator_v01 to 2024-09-23 00:00:00+00:00, run_after=2024-09-24 00:00:00+00:00
[2024-09-23T19:50:25.738+0000] {processor.py:208} INFO - Processing /opt/airflow/dags/dag_with_postgres_operator.py took 0.230 seconds
[2024-09-23T19:50:55.919+0000] {processor.py:186} INFO - Started process (PID=2119) to work on /opt/airflow/dags/dag_with_postgres_operator.py
[2024-09-23T19:50:55.921+0000] {processor.py:914} INFO - Processing file /opt/airflow/dags/dag_with_postgres_operator.py for tasks to queue
[2024-09-23T19:50:55.923+0000] {logging_mixin.py:190} INFO - [2024-09-23T19:50:55.922+0000] {dagbag.py:587} INFO - Filling up the DagBag from /opt/airflow/dags/dag_with_postgres_operator.py
[2024-09-23T19:50:55.995+0000] {processor.py:925} INFO - DAG(s) 'dag_with_postgres_operator_v01' retrieved from /opt/airflow/dags/dag_with_postgres_operator.py
[2024-09-23T19:50:56.019+0000] {logging_mixin.py:190} INFO - [2024-09-23T19:50:56.019+0000] {dag.py:3229} INFO - Sync 1 DAGs
[2024-09-23T19:50:56.053+0000] {logging_mixin.py:190} INFO - [2024-09-23T19:50:56.053+0000] {dag.py:4156} INFO - Setting next_dagrun for dag_with_postgres_operator_v01 to 2024-09-23 00:00:00+00:00, run_after=2024-09-24 00:00:00+00:00
[2024-09-23T19:50:56.081+0000] {processor.py:208} INFO - Processing /opt/airflow/dags/dag_with_postgres_operator.py took 0.169 seconds
[2024-09-23T19:51:26.513+0000] {processor.py:186} INFO - Started process (PID=2152) to work on /opt/airflow/dags/dag_with_postgres_operator.py
[2024-09-23T19:51:26.515+0000] {processor.py:914} INFO - Processing file /opt/airflow/dags/dag_with_postgres_operator.py for tasks to queue
[2024-09-23T19:51:26.518+0000] {logging_mixin.py:190} INFO - [2024-09-23T19:51:26.518+0000] {dagbag.py:587} INFO - Filling up the DagBag from /opt/airflow/dags/dag_with_postgres_operator.py
[2024-09-23T19:51:26.631+0000] {processor.py:925} INFO - DAG(s) 'dag_with_postgres_operator_v01' retrieved from /opt/airflow/dags/dag_with_postgres_operator.py
[2024-09-23T19:51:26.655+0000] {logging_mixin.py:190} INFO - [2024-09-23T19:51:26.654+0000] {dag.py:3229} INFO - Sync 1 DAGs
[2024-09-23T19:51:26.677+0000] {logging_mixin.py:190} INFO - [2024-09-23T19:51:26.677+0000] {dag.py:4156} INFO - Setting next_dagrun for dag_with_postgres_operator_v01 to 2024-09-23 00:00:00+00:00, run_after=2024-09-24 00:00:00+00:00
[2024-09-23T19:51:26.704+0000] {processor.py:208} INFO - Processing /opt/airflow/dags/dag_with_postgres_operator.py took 0.203 seconds
[2024-09-23T19:51:56.931+0000] {processor.py:186} INFO - Started process (PID=2185) to work on /opt/airflow/dags/dag_with_postgres_operator.py
[2024-09-23T19:51:56.935+0000] {processor.py:914} INFO - Processing file /opt/airflow/dags/dag_with_postgres_operator.py for tasks to queue
[2024-09-23T19:51:56.937+0000] {logging_mixin.py:190} INFO - [2024-09-23T19:51:56.937+0000] {dagbag.py:587} INFO - Filling up the DagBag from /opt/airflow/dags/dag_with_postgres_operator.py
[2024-09-23T19:51:57.015+0000] {processor.py:925} INFO - DAG(s) 'dag_with_postgres_operator_v01' retrieved from /opt/airflow/dags/dag_with_postgres_operator.py
[2024-09-23T19:51:57.036+0000] {logging_mixin.py:190} INFO - [2024-09-23T19:51:57.036+0000] {dag.py:3229} INFO - Sync 1 DAGs
[2024-09-23T19:51:57.063+0000] {logging_mixin.py:190} INFO - [2024-09-23T19:51:57.062+0000] {dag.py:4156} INFO - Setting next_dagrun for dag_with_postgres_operator_v01 to 2024-09-23 00:00:00+00:00, run_after=2024-09-24 00:00:00+00:00
[2024-09-23T19:51:57.087+0000] {processor.py:208} INFO - Processing /opt/airflow/dags/dag_with_postgres_operator.py took 0.162 seconds
[2024-09-23T19:52:27.448+0000] {processor.py:186} INFO - Started process (PID=2218) to work on /opt/airflow/dags/dag_with_postgres_operator.py
[2024-09-23T19:52:27.450+0000] {processor.py:914} INFO - Processing file /opt/airflow/dags/dag_with_postgres_operator.py for tasks to queue
[2024-09-23T19:52:27.454+0000] {logging_mixin.py:190} INFO - [2024-09-23T19:52:27.454+0000] {dagbag.py:587} INFO - Filling up the DagBag from /opt/airflow/dags/dag_with_postgres_operator.py
[2024-09-23T19:52:27.560+0000] {processor.py:925} INFO - DAG(s) 'dag_with_postgres_operator_v01' retrieved from /opt/airflow/dags/dag_with_postgres_operator.py
[2024-09-23T19:52:27.583+0000] {logging_mixin.py:190} INFO - [2024-09-23T19:52:27.582+0000] {dag.py:3229} INFO - Sync 1 DAGs
[2024-09-23T19:52:27.606+0000] {logging_mixin.py:190} INFO - [2024-09-23T19:52:27.606+0000] {dag.py:4156} INFO - Setting next_dagrun for dag_with_postgres_operator_v01 to 2024-09-23 00:00:00+00:00, run_after=2024-09-24 00:00:00+00:00
[2024-09-23T19:52:27.644+0000] {processor.py:208} INFO - Processing /opt/airflow/dags/dag_with_postgres_operator.py took 0.201 seconds
[2024-09-23T19:52:58.586+0000] {processor.py:186} INFO - Started process (PID=2251) to work on /opt/airflow/dags/dag_with_postgres_operator.py
[2024-09-23T19:52:58.589+0000] {processor.py:914} INFO - Processing file /opt/airflow/dags/dag_with_postgres_operator.py for tasks to queue
[2024-09-23T19:52:58.591+0000] {logging_mixin.py:190} INFO - [2024-09-23T19:52:58.591+0000] {dagbag.py:587} INFO - Filling up the DagBag from /opt/airflow/dags/dag_with_postgres_operator.py
[2024-09-23T19:52:58.703+0000] {processor.py:925} INFO - DAG(s) 'dag_with_postgres_operator_v01' retrieved from /opt/airflow/dags/dag_with_postgres_operator.py
[2024-09-23T19:52:58.736+0000] {logging_mixin.py:190} INFO - [2024-09-23T19:52:58.735+0000] {dag.py:3229} INFO - Sync 1 DAGs
[2024-09-23T19:52:58.759+0000] {logging_mixin.py:190} INFO - [2024-09-23T19:52:58.759+0000] {dag.py:4156} INFO - Setting next_dagrun for dag_with_postgres_operator_v01 to 2024-09-23 00:00:00+00:00, run_after=2024-09-24 00:00:00+00:00
[2024-09-23T19:52:58.786+0000] {processor.py:208} INFO - Processing /opt/airflow/dags/dag_with_postgres_operator.py took 0.218 seconds
[2024-09-23T19:53:29.708+0000] {processor.py:186} INFO - Started process (PID=2284) to work on /opt/airflow/dags/dag_with_postgres_operator.py
[2024-09-23T19:53:29.711+0000] {processor.py:914} INFO - Processing file /opt/airflow/dags/dag_with_postgres_operator.py for tasks to queue
[2024-09-23T19:53:29.716+0000] {logging_mixin.py:190} INFO - [2024-09-23T19:53:29.715+0000] {dagbag.py:587} INFO - Filling up the DagBag from /opt/airflow/dags/dag_with_postgres_operator.py
[2024-09-23T19:53:29.836+0000] {processor.py:925} INFO - DAG(s) 'dag_with_postgres_operator_v01' retrieved from /opt/airflow/dags/dag_with_postgres_operator.py
[2024-09-23T19:53:29.860+0000] {logging_mixin.py:190} INFO - [2024-09-23T19:53:29.860+0000] {dag.py:3229} INFO - Sync 1 DAGs
[2024-09-23T19:53:29.881+0000] {logging_mixin.py:190} INFO - [2024-09-23T19:53:29.880+0000] {dag.py:4156} INFO - Setting next_dagrun for dag_with_postgres_operator_v01 to 2024-09-23 00:00:00+00:00, run_after=2024-09-24 00:00:00+00:00
[2024-09-23T19:53:29.905+0000] {processor.py:208} INFO - Processing /opt/airflow/dags/dag_with_postgres_operator.py took 0.209 seconds
[2024-09-23T19:54:00.535+0000] {processor.py:186} INFO - Started process (PID=2317) to work on /opt/airflow/dags/dag_with_postgres_operator.py
[2024-09-23T19:54:00.537+0000] {processor.py:914} INFO - Processing file /opt/airflow/dags/dag_with_postgres_operator.py for tasks to queue
[2024-09-23T19:54:00.540+0000] {logging_mixin.py:190} INFO - [2024-09-23T19:54:00.540+0000] {dagbag.py:587} INFO - Filling up the DagBag from /opt/airflow/dags/dag_with_postgres_operator.py
[2024-09-23T19:54:00.647+0000] {processor.py:925} INFO - DAG(s) 'dag_with_postgres_operator_v01' retrieved from /opt/airflow/dags/dag_with_postgres_operator.py
[2024-09-23T19:54:00.671+0000] {logging_mixin.py:190} INFO - [2024-09-23T19:54:00.671+0000] {dag.py:3229} INFO - Sync 1 DAGs
[2024-09-23T19:54:00.695+0000] {logging_mixin.py:190} INFO - [2024-09-23T19:54:00.694+0000] {dag.py:4156} INFO - Setting next_dagrun for dag_with_postgres_operator_v01 to 2024-09-23 00:00:00+00:00, run_after=2024-09-24 00:00:00+00:00
[2024-09-23T19:54:00.732+0000] {processor.py:208} INFO - Processing /opt/airflow/dags/dag_with_postgres_operator.py took 0.209 seconds
[2024-09-23T19:54:31.010+0000] {processor.py:186} INFO - Started process (PID=2350) to work on /opt/airflow/dags/dag_with_postgres_operator.py
[2024-09-23T19:54:31.012+0000] {processor.py:914} INFO - Processing file /opt/airflow/dags/dag_with_postgres_operator.py for tasks to queue
[2024-09-23T19:54:31.015+0000] {logging_mixin.py:190} INFO - [2024-09-23T19:54:31.014+0000] {dagbag.py:587} INFO - Filling up the DagBag from /opt/airflow/dags/dag_with_postgres_operator.py
[2024-09-23T19:54:31.115+0000] {processor.py:925} INFO - DAG(s) 'dag_with_postgres_operator_v01' retrieved from /opt/airflow/dags/dag_with_postgres_operator.py
[2024-09-23T19:54:31.152+0000] {logging_mixin.py:190} INFO - [2024-09-23T19:54:31.152+0000] {dag.py:3229} INFO - Sync 1 DAGs
[2024-09-23T19:54:31.174+0000] {logging_mixin.py:190} INFO - [2024-09-23T19:54:31.174+0000] {dag.py:4156} INFO - Setting next_dagrun for dag_with_postgres_operator_v01 to 2024-09-23 00:00:00+00:00, run_after=2024-09-24 00:00:00+00:00
[2024-09-23T19:54:31.199+0000] {processor.py:208} INFO - Processing /opt/airflow/dags/dag_with_postgres_operator.py took 0.197 seconds
[2024-09-23T19:55:01.575+0000] {processor.py:186} INFO - Started process (PID=2383) to work on /opt/airflow/dags/dag_with_postgres_operator.py
[2024-09-23T19:55:01.577+0000] {processor.py:914} INFO - Processing file /opt/airflow/dags/dag_with_postgres_operator.py for tasks to queue
[2024-09-23T19:55:01.582+0000] {logging_mixin.py:190} INFO - [2024-09-23T19:55:01.581+0000] {dagbag.py:587} INFO - Filling up the DagBag from /opt/airflow/dags/dag_with_postgres_operator.py
[2024-09-23T19:55:01.699+0000] {processor.py:925} INFO - DAG(s) 'dag_with_postgres_operator_v01' retrieved from /opt/airflow/dags/dag_with_postgres_operator.py
[2024-09-23T19:55:01.723+0000] {logging_mixin.py:190} INFO - [2024-09-23T19:55:01.723+0000] {dag.py:3229} INFO - Sync 1 DAGs
[2024-09-23T19:55:01.747+0000] {logging_mixin.py:190} INFO - [2024-09-23T19:55:01.747+0000] {dag.py:4156} INFO - Setting next_dagrun for dag_with_postgres_operator_v01 to 2024-09-23 00:00:00+00:00, run_after=2024-09-24 00:00:00+00:00
[2024-09-23T19:55:01.788+0000] {processor.py:208} INFO - Processing /opt/airflow/dags/dag_with_postgres_operator.py took 0.226 seconds
[2024-09-23T19:55:32.699+0000] {processor.py:186} INFO - Started process (PID=2416) to work on /opt/airflow/dags/dag_with_postgres_operator.py
[2024-09-23T19:55:32.701+0000] {processor.py:914} INFO - Processing file /opt/airflow/dags/dag_with_postgres_operator.py for tasks to queue
[2024-09-23T19:55:32.704+0000] {logging_mixin.py:190} INFO - [2024-09-23T19:55:32.703+0000] {dagbag.py:587} INFO - Filling up the DagBag from /opt/airflow/dags/dag_with_postgres_operator.py
[2024-09-23T19:55:32.793+0000] {processor.py:925} INFO - DAG(s) 'dag_with_postgres_operator_v01' retrieved from /opt/airflow/dags/dag_with_postgres_operator.py
[2024-09-23T19:55:32.823+0000] {logging_mixin.py:190} INFO - [2024-09-23T19:55:32.823+0000] {dag.py:3229} INFO - Sync 1 DAGs
[2024-09-23T19:55:32.844+0000] {logging_mixin.py:190} INFO - [2024-09-23T19:55:32.844+0000] {dag.py:4156} INFO - Setting next_dagrun for dag_with_postgres_operator_v01 to 2024-09-23 00:00:00+00:00, run_after=2024-09-24 00:00:00+00:00
[2024-09-23T19:55:32.874+0000] {processor.py:208} INFO - Processing /opt/airflow/dags/dag_with_postgres_operator.py took 0.191 seconds
[2024-09-23T19:56:03.197+0000] {processor.py:186} INFO - Started process (PID=2449) to work on /opt/airflow/dags/dag_with_postgres_operator.py
[2024-09-23T19:56:03.200+0000] {processor.py:914} INFO - Processing file /opt/airflow/dags/dag_with_postgres_operator.py for tasks to queue
[2024-09-23T19:56:03.202+0000] {logging_mixin.py:190} INFO - [2024-09-23T19:56:03.202+0000] {dagbag.py:587} INFO - Filling up the DagBag from /opt/airflow/dags/dag_with_postgres_operator.py
[2024-09-23T19:56:03.304+0000] {processor.py:925} INFO - DAG(s) 'dag_with_postgres_operator_v01' retrieved from /opt/airflow/dags/dag_with_postgres_operator.py
[2024-09-23T19:56:03.328+0000] {logging_mixin.py:190} INFO - [2024-09-23T19:56:03.327+0000] {dag.py:3229} INFO - Sync 1 DAGs
[2024-09-23T19:56:03.365+0000] {logging_mixin.py:190} INFO - [2024-09-23T19:56:03.365+0000] {dag.py:4156} INFO - Setting next_dagrun for dag_with_postgres_operator_v01 to 2024-09-23 00:00:00+00:00, run_after=2024-09-24 00:00:00+00:00
[2024-09-23T19:56:03.393+0000] {processor.py:208} INFO - Processing /opt/airflow/dags/dag_with_postgres_operator.py took 0.208 seconds
[2024-09-23T19:56:33.939+0000] {processor.py:186} INFO - Started process (PID=2482) to work on /opt/airflow/dags/dag_with_postgres_operator.py
[2024-09-23T19:56:33.941+0000] {processor.py:914} INFO - Processing file /opt/airflow/dags/dag_with_postgres_operator.py for tasks to queue
[2024-09-23T19:56:33.943+0000] {logging_mixin.py:190} INFO - [2024-09-23T19:56:33.943+0000] {dagbag.py:587} INFO - Filling up the DagBag from /opt/airflow/dags/dag_with_postgres_operator.py
[2024-09-23T19:56:34.018+0000] {processor.py:925} INFO - DAG(s) 'dag_with_postgres_operator_v01' retrieved from /opt/airflow/dags/dag_with_postgres_operator.py
[2024-09-23T19:56:34.043+0000] {logging_mixin.py:190} INFO - [2024-09-23T19:56:34.043+0000] {dag.py:3229} INFO - Sync 1 DAGs
[2024-09-23T19:56:34.067+0000] {logging_mixin.py:190} INFO - [2024-09-23T19:56:34.067+0000] {dag.py:4156} INFO - Setting next_dagrun for dag_with_postgres_operator_v01 to 2024-09-23 00:00:00+00:00, run_after=2024-09-24 00:00:00+00:00
[2024-09-23T19:56:34.089+0000] {processor.py:208} INFO - Processing /opt/airflow/dags/dag_with_postgres_operator.py took 0.155 seconds
[2024-09-23T19:57:04.667+0000] {processor.py:186} INFO - Started process (PID=2515) to work on /opt/airflow/dags/dag_with_postgres_operator.py
[2024-09-23T19:57:04.668+0000] {processor.py:914} INFO - Processing file /opt/airflow/dags/dag_with_postgres_operator.py for tasks to queue
[2024-09-23T19:57:04.671+0000] {logging_mixin.py:190} INFO - [2024-09-23T19:57:04.671+0000] {dagbag.py:587} INFO - Filling up the DagBag from /opt/airflow/dags/dag_with_postgres_operator.py
[2024-09-23T19:57:04.753+0000] {processor.py:925} INFO - DAG(s) 'dag_with_postgres_operator_v01' retrieved from /opt/airflow/dags/dag_with_postgres_operator.py
[2024-09-23T19:57:04.777+0000] {logging_mixin.py:190} INFO - [2024-09-23T19:57:04.777+0000] {dag.py:3229} INFO - Sync 1 DAGs
[2024-09-23T19:57:04.799+0000] {logging_mixin.py:190} INFO - [2024-09-23T19:57:04.799+0000] {dag.py:4156} INFO - Setting next_dagrun for dag_with_postgres_operator_v01 to 2024-09-23 00:00:00+00:00, run_after=2024-09-24 00:00:00+00:00
[2024-09-23T19:57:04.825+0000] {processor.py:208} INFO - Processing /opt/airflow/dags/dag_with_postgres_operator.py took 0.166 seconds
[2024-09-23T19:57:36.193+0000] {processor.py:186} INFO - Started process (PID=2548) to work on /opt/airflow/dags/dag_with_postgres_operator.py
[2024-09-23T19:57:36.197+0000] {processor.py:914} INFO - Processing file /opt/airflow/dags/dag_with_postgres_operator.py for tasks to queue
[2024-09-23T19:57:36.210+0000] {logging_mixin.py:190} INFO - [2024-09-23T19:57:36.210+0000] {dagbag.py:587} INFO - Filling up the DagBag from /opt/airflow/dags/dag_with_postgres_operator.py
[2024-09-23T19:57:36.362+0000] {processor.py:925} INFO - DAG(s) 'dag_with_postgres_operator_v01' retrieved from /opt/airflow/dags/dag_with_postgres_operator.py
[2024-09-23T19:57:36.418+0000] {logging_mixin.py:190} INFO - [2024-09-23T19:57:36.417+0000] {dag.py:3229} INFO - Sync 1 DAGs
[2024-09-23T19:57:36.453+0000] {logging_mixin.py:190} INFO - [2024-09-23T19:57:36.453+0000] {dag.py:4156} INFO - Setting next_dagrun for dag_with_postgres_operator_v01 to 2024-09-23 00:00:00+00:00, run_after=2024-09-24 00:00:00+00:00
[2024-09-23T19:57:36.601+0000] {processor.py:208} INFO - Processing /opt/airflow/dags/dag_with_postgres_operator.py took 0.413 seconds
[2024-09-23T19:58:07.489+0000] {processor.py:186} INFO - Started process (PID=2581) to work on /opt/airflow/dags/dag_with_postgres_operator.py
[2024-09-23T19:58:07.492+0000] {processor.py:914} INFO - Processing file /opt/airflow/dags/dag_with_postgres_operator.py for tasks to queue
[2024-09-23T19:58:07.495+0000] {logging_mixin.py:190} INFO - [2024-09-23T19:58:07.495+0000] {dagbag.py:587} INFO - Filling up the DagBag from /opt/airflow/dags/dag_with_postgres_operator.py
[2024-09-23T19:58:07.611+0000] {processor.py:925} INFO - DAG(s) 'dag_with_postgres_operator_v01' retrieved from /opt/airflow/dags/dag_with_postgres_operator.py
[2024-09-23T19:58:07.635+0000] {logging_mixin.py:190} INFO - [2024-09-23T19:58:07.634+0000] {dag.py:3229} INFO - Sync 1 DAGs
[2024-09-23T19:58:07.656+0000] {logging_mixin.py:190} INFO - [2024-09-23T19:58:07.656+0000] {dag.py:4156} INFO - Setting next_dagrun for dag_with_postgres_operator_v01 to 2024-09-23 00:00:00+00:00, run_after=2024-09-24 00:00:00+00:00
[2024-09-23T19:58:07.690+0000] {processor.py:208} INFO - Processing /opt/airflow/dags/dag_with_postgres_operator.py took 0.210 seconds
[2024-09-23T19:58:38.568+0000] {processor.py:186} INFO - Started process (PID=2614) to work on /opt/airflow/dags/dag_with_postgres_operator.py
[2024-09-23T19:58:38.569+0000] {processor.py:914} INFO - Processing file /opt/airflow/dags/dag_with_postgres_operator.py for tasks to queue
[2024-09-23T19:58:38.572+0000] {logging_mixin.py:190} INFO - [2024-09-23T19:58:38.572+0000] {dagbag.py:587} INFO - Filling up the DagBag from /opt/airflow/dags/dag_with_postgres_operator.py
[2024-09-23T19:58:38.664+0000] {processor.py:925} INFO - DAG(s) 'dag_with_postgres_operator_v01' retrieved from /opt/airflow/dags/dag_with_postgres_operator.py
[2024-09-23T19:58:38.692+0000] {logging_mixin.py:190} INFO - [2024-09-23T19:58:38.692+0000] {dag.py:3229} INFO - Sync 1 DAGs
[2024-09-23T19:58:38.727+0000] {logging_mixin.py:190} INFO - [2024-09-23T19:58:38.726+0000] {dag.py:4156} INFO - Setting next_dagrun for dag_with_postgres_operator_v01 to 2024-09-23 00:00:00+00:00, run_after=2024-09-24 00:00:00+00:00
[2024-09-23T19:58:38.759+0000] {processor.py:208} INFO - Processing /opt/airflow/dags/dag_with_postgres_operator.py took 0.198 seconds
[2024-09-23T19:59:09.428+0000] {processor.py:186} INFO - Started process (PID=2647) to work on /opt/airflow/dags/dag_with_postgres_operator.py
[2024-09-23T19:59:09.431+0000] {processor.py:914} INFO - Processing file /opt/airflow/dags/dag_with_postgres_operator.py for tasks to queue
[2024-09-23T19:59:09.434+0000] {logging_mixin.py:190} INFO - [2024-09-23T19:59:09.433+0000] {dagbag.py:587} INFO - Filling up the DagBag from /opt/airflow/dags/dag_with_postgres_operator.py
[2024-09-23T19:59:09.537+0000] {processor.py:925} INFO - DAG(s) 'dag_with_postgres_operator_v01' retrieved from /opt/airflow/dags/dag_with_postgres_operator.py
[2024-09-23T19:59:09.582+0000] {logging_mixin.py:190} INFO - [2024-09-23T19:59:09.581+0000] {dag.py:3229} INFO - Sync 1 DAGs
[2024-09-23T19:59:09.606+0000] {logging_mixin.py:190} INFO - [2024-09-23T19:59:09.606+0000] {dag.py:4156} INFO - Setting next_dagrun for dag_with_postgres_operator_v01 to 2024-09-23 00:00:00+00:00, run_after=2024-09-24 00:00:00+00:00
[2024-09-23T19:59:09.632+0000] {processor.py:208} INFO - Processing /opt/airflow/dags/dag_with_postgres_operator.py took 0.215 seconds
[2024-09-23T19:59:40.264+0000] {processor.py:186} INFO - Started process (PID=2680) to work on /opt/airflow/dags/dag_with_postgres_operator.py
[2024-09-23T19:59:40.266+0000] {processor.py:914} INFO - Processing file /opt/airflow/dags/dag_with_postgres_operator.py for tasks to queue
[2024-09-23T19:59:40.269+0000] {logging_mixin.py:190} INFO - [2024-09-23T19:59:40.268+0000] {dagbag.py:587} INFO - Filling up the DagBag from /opt/airflow/dags/dag_with_postgres_operator.py
[2024-09-23T19:59:40.375+0000] {processor.py:925} INFO - DAG(s) 'dag_with_postgres_operator_v01' retrieved from /opt/airflow/dags/dag_with_postgres_operator.py
[2024-09-23T19:59:40.395+0000] {logging_mixin.py:190} INFO - [2024-09-23T19:59:40.395+0000] {dag.py:3229} INFO - Sync 1 DAGs
[2024-09-23T19:59:40.418+0000] {logging_mixin.py:190} INFO - [2024-09-23T19:59:40.418+0000] {dag.py:4156} INFO - Setting next_dagrun for dag_with_postgres_operator_v01 to 2024-09-23 00:00:00+00:00, run_after=2024-09-24 00:00:00+00:00
[2024-09-23T19:59:40.445+0000] {processor.py:208} INFO - Processing /opt/airflow/dags/dag_with_postgres_operator.py took 0.186 seconds
[2024-09-23T20:00:11.022+0000] {processor.py:186} INFO - Started process (PID=2713) to work on /opt/airflow/dags/dag_with_postgres_operator.py
[2024-09-23T20:00:11.024+0000] {processor.py:914} INFO - Processing file /opt/airflow/dags/dag_with_postgres_operator.py for tasks to queue
[2024-09-23T20:00:11.025+0000] {logging_mixin.py:190} INFO - [2024-09-23T20:00:11.025+0000] {dagbag.py:587} INFO - Filling up the DagBag from /opt/airflow/dags/dag_with_postgres_operator.py
[2024-09-23T20:00:11.094+0000] {processor.py:925} INFO - DAG(s) 'dag_with_postgres_operator_v01' retrieved from /opt/airflow/dags/dag_with_postgres_operator.py
[2024-09-23T20:00:11.114+0000] {logging_mixin.py:190} INFO - [2024-09-23T20:00:11.114+0000] {dag.py:3229} INFO - Sync 1 DAGs
[2024-09-23T20:00:11.136+0000] {logging_mixin.py:190} INFO - [2024-09-23T20:00:11.135+0000] {dag.py:4156} INFO - Setting next_dagrun for dag_with_postgres_operator_v01 to 2024-09-23 00:00:00+00:00, run_after=2024-09-24 00:00:00+00:00
[2024-09-23T20:00:11.160+0000] {processor.py:208} INFO - Processing /opt/airflow/dags/dag_with_postgres_operator.py took 0.159 seconds
[2024-09-23T20:00:41.636+0000] {processor.py:186} INFO - Started process (PID=2746) to work on /opt/airflow/dags/dag_with_postgres_operator.py
[2024-09-23T20:00:41.639+0000] {processor.py:914} INFO - Processing file /opt/airflow/dags/dag_with_postgres_operator.py for tasks to queue
[2024-09-23T20:00:41.642+0000] {logging_mixin.py:190} INFO - [2024-09-23T20:00:41.641+0000] {dagbag.py:587} INFO - Filling up the DagBag from /opt/airflow/dags/dag_with_postgres_operator.py
[2024-09-23T20:00:41.750+0000] {processor.py:925} INFO - DAG(s) 'dag_with_postgres_operator_v01' retrieved from /opt/airflow/dags/dag_with_postgres_operator.py
[2024-09-23T20:00:41.776+0000] {logging_mixin.py:190} INFO - [2024-09-23T20:00:41.776+0000] {dag.py:3229} INFO - Sync 1 DAGs
[2024-09-23T20:00:41.798+0000] {logging_mixin.py:190} INFO - [2024-09-23T20:00:41.797+0000] {dag.py:4156} INFO - Setting next_dagrun for dag_with_postgres_operator_v01 to 2024-09-23 00:00:00+00:00, run_after=2024-09-24 00:00:00+00:00
[2024-09-23T20:00:41.832+0000] {processor.py:208} INFO - Processing /opt/airflow/dags/dag_with_postgres_operator.py took 0.206 seconds
[2024-09-23T20:01:12.539+0000] {processor.py:186} INFO - Started process (PID=2779) to work on /opt/airflow/dags/dag_with_postgres_operator.py
[2024-09-23T20:01:12.541+0000] {processor.py:914} INFO - Processing file /opt/airflow/dags/dag_with_postgres_operator.py for tasks to queue
[2024-09-23T20:01:12.543+0000] {logging_mixin.py:190} INFO - [2024-09-23T20:01:12.542+0000] {dagbag.py:587} INFO - Filling up the DagBag from /opt/airflow/dags/dag_with_postgres_operator.py
[2024-09-23T20:01:12.632+0000] {processor.py:925} INFO - DAG(s) 'dag_with_postgres_operator_v01' retrieved from /opt/airflow/dags/dag_with_postgres_operator.py
[2024-09-23T20:01:12.657+0000] {logging_mixin.py:190} INFO - [2024-09-23T20:01:12.656+0000] {dag.py:3229} INFO - Sync 1 DAGs
[2024-09-23T20:01:12.677+0000] {logging_mixin.py:190} INFO - [2024-09-23T20:01:12.677+0000] {dag.py:4156} INFO - Setting next_dagrun for dag_with_postgres_operator_v01 to 2024-09-23 00:00:00+00:00, run_after=2024-09-24 00:00:00+00:00
[2024-09-23T20:01:12.702+0000] {processor.py:208} INFO - Processing /opt/airflow/dags/dag_with_postgres_operator.py took 0.168 seconds
[2024-09-23T20:01:43.766+0000] {processor.py:186} INFO - Started process (PID=2812) to work on /opt/airflow/dags/dag_with_postgres_operator.py
[2024-09-23T20:01:43.769+0000] {processor.py:914} INFO - Processing file /opt/airflow/dags/dag_with_postgres_operator.py for tasks to queue
[2024-09-23T20:01:43.772+0000] {logging_mixin.py:190} INFO - [2024-09-23T20:01:43.771+0000] {dagbag.py:587} INFO - Filling up the DagBag from /opt/airflow/dags/dag_with_postgres_operator.py
[2024-09-23T20:01:43.896+0000] {processor.py:925} INFO - DAG(s) 'dag_with_postgres_operator_v01' retrieved from /opt/airflow/dags/dag_with_postgres_operator.py
[2024-09-23T20:01:43.918+0000] {logging_mixin.py:190} INFO - [2024-09-23T20:01:43.918+0000] {dag.py:3229} INFO - Sync 1 DAGs
[2024-09-23T20:01:43.941+0000] {logging_mixin.py:190} INFO - [2024-09-23T20:01:43.941+0000] {dag.py:4156} INFO - Setting next_dagrun for dag_with_postgres_operator_v01 to 2024-09-23 00:00:00+00:00, run_after=2024-09-24 00:00:00+00:00
[2024-09-23T20:01:43.980+0000] {processor.py:208} INFO - Processing /opt/airflow/dags/dag_with_postgres_operator.py took 0.225 seconds
[2024-09-23T20:02:14.820+0000] {processor.py:186} INFO - Started process (PID=2845) to work on /opt/airflow/dags/dag_with_postgres_operator.py
[2024-09-23T20:02:14.821+0000] {processor.py:914} INFO - Processing file /opt/airflow/dags/dag_with_postgres_operator.py for tasks to queue
[2024-09-23T20:02:14.824+0000] {logging_mixin.py:190} INFO - [2024-09-23T20:02:14.823+0000] {dagbag.py:587} INFO - Filling up the DagBag from /opt/airflow/dags/dag_with_postgres_operator.py
[2024-09-23T20:02:14.902+0000] {processor.py:925} INFO - DAG(s) 'dag_with_postgres_operator_v01' retrieved from /opt/airflow/dags/dag_with_postgres_operator.py
[2024-09-23T20:02:14.919+0000] {logging_mixin.py:190} INFO - [2024-09-23T20:02:14.919+0000] {dag.py:3229} INFO - Sync 1 DAGs
[2024-09-23T20:02:14.940+0000] {logging_mixin.py:190} INFO - [2024-09-23T20:02:14.939+0000] {dag.py:4156} INFO - Setting next_dagrun for dag_with_postgres_operator_v01 to 2024-09-23 00:00:00+00:00, run_after=2024-09-24 00:00:00+00:00
[2024-09-23T20:02:14.961+0000] {processor.py:208} INFO - Processing /opt/airflow/dags/dag_with_postgres_operator.py took 0.147 seconds
[2024-09-23T20:02:45.922+0000] {processor.py:186} INFO - Started process (PID=2878) to work on /opt/airflow/dags/dag_with_postgres_operator.py
[2024-09-23T20:02:45.924+0000] {processor.py:914} INFO - Processing file /opt/airflow/dags/dag_with_postgres_operator.py for tasks to queue
[2024-09-23T20:02:45.927+0000] {logging_mixin.py:190} INFO - [2024-09-23T20:02:45.926+0000] {dagbag.py:587} INFO - Filling up the DagBag from /opt/airflow/dags/dag_with_postgres_operator.py
[2024-09-23T20:02:46.027+0000] {processor.py:925} INFO - DAG(s) 'dag_with_postgres_operator_v01' retrieved from /opt/airflow/dags/dag_with_postgres_operator.py
[2024-09-23T20:02:46.051+0000] {logging_mixin.py:190} INFO - [2024-09-23T20:02:46.050+0000] {dag.py:3229} INFO - Sync 1 DAGs
[2024-09-23T20:02:46.075+0000] {logging_mixin.py:190} INFO - [2024-09-23T20:02:46.075+0000] {dag.py:4156} INFO - Setting next_dagrun for dag_with_postgres_operator_v01 to 2024-09-23 00:00:00+00:00, run_after=2024-09-24 00:00:00+00:00
[2024-09-23T20:02:46.098+0000] {processor.py:208} INFO - Processing /opt/airflow/dags/dag_with_postgres_operator.py took 0.184 seconds
[2024-09-23T20:03:17.026+0000] {processor.py:186} INFO - Started process (PID=2911) to work on /opt/airflow/dags/dag_with_postgres_operator.py
[2024-09-23T20:03:17.028+0000] {processor.py:914} INFO - Processing file /opt/airflow/dags/dag_with_postgres_operator.py for tasks to queue
[2024-09-23T20:03:17.029+0000] {logging_mixin.py:190} INFO - [2024-09-23T20:03:17.029+0000] {dagbag.py:587} INFO - Filling up the DagBag from /opt/airflow/dags/dag_with_postgres_operator.py
[2024-09-23T20:03:17.137+0000] {processor.py:925} INFO - DAG(s) 'dag_with_postgres_operator_v01' retrieved from /opt/airflow/dags/dag_with_postgres_operator.py
[2024-09-23T20:03:17.154+0000] {logging_mixin.py:190} INFO - [2024-09-23T20:03:17.153+0000] {dag.py:3229} INFO - Sync 1 DAGs
[2024-09-23T20:03:17.173+0000] {logging_mixin.py:190} INFO - [2024-09-23T20:03:17.173+0000] {dag.py:4156} INFO - Setting next_dagrun for dag_with_postgres_operator_v01 to 2024-09-23 00:00:00+00:00, run_after=2024-09-24 00:00:00+00:00
[2024-09-23T20:03:17.308+0000] {processor.py:208} INFO - Processing /opt/airflow/dags/dag_with_postgres_operator.py took 0.287 seconds
[2024-09-23T20:03:48.030+0000] {processor.py:186} INFO - Started process (PID=2944) to work on /opt/airflow/dags/dag_with_postgres_operator.py
[2024-09-23T20:03:48.032+0000] {processor.py:914} INFO - Processing file /opt/airflow/dags/dag_with_postgres_operator.py for tasks to queue
[2024-09-23T20:03:48.034+0000] {logging_mixin.py:190} INFO - [2024-09-23T20:03:48.034+0000] {dagbag.py:587} INFO - Filling up the DagBag from /opt/airflow/dags/dag_with_postgres_operator.py
[2024-09-23T20:03:48.133+0000] {processor.py:925} INFO - DAG(s) 'dag_with_postgres_operator_v01' retrieved from /opt/airflow/dags/dag_with_postgres_operator.py
[2024-09-23T20:03:48.153+0000] {logging_mixin.py:190} INFO - [2024-09-23T20:03:48.153+0000] {dag.py:3229} INFO - Sync 1 DAGs
[2024-09-23T20:03:48.174+0000] {logging_mixin.py:190} INFO - [2024-09-23T20:03:48.174+0000] {dag.py:4156} INFO - Setting next_dagrun for dag_with_postgres_operator_v01 to 2024-09-23 00:00:00+00:00, run_after=2024-09-24 00:00:00+00:00
[2024-09-23T20:03:48.204+0000] {processor.py:208} INFO - Processing /opt/airflow/dags/dag_with_postgres_operator.py took 0.182 seconds
[2024-09-23T20:04:18.861+0000] {processor.py:186} INFO - Started process (PID=2977) to work on /opt/airflow/dags/dag_with_postgres_operator.py
[2024-09-23T20:04:18.864+0000] {processor.py:914} INFO - Processing file /opt/airflow/dags/dag_with_postgres_operator.py for tasks to queue
[2024-09-23T20:04:18.868+0000] {logging_mixin.py:190} INFO - [2024-09-23T20:04:18.866+0000] {dagbag.py:587} INFO - Filling up the DagBag from /opt/airflow/dags/dag_with_postgres_operator.py
[2024-09-23T20:04:18.969+0000] {processor.py:925} INFO - DAG(s) 'dag_with_postgres_operator_v01' retrieved from /opt/airflow/dags/dag_with_postgres_operator.py
[2024-09-23T20:04:18.991+0000] {logging_mixin.py:190} INFO - [2024-09-23T20:04:18.990+0000] {dag.py:3229} INFO - Sync 1 DAGs
[2024-09-23T20:04:19.011+0000] {logging_mixin.py:190} INFO - [2024-09-23T20:04:19.011+0000] {dag.py:4156} INFO - Setting next_dagrun for dag_with_postgres_operator_v01 to 2024-09-23 00:00:00+00:00, run_after=2024-09-24 00:00:00+00:00
[2024-09-23T20:04:19.037+0000] {processor.py:208} INFO - Processing /opt/airflow/dags/dag_with_postgres_operator.py took 0.183 seconds
[2024-09-23T20:04:49.770+0000] {processor.py:186} INFO - Started process (PID=3010) to work on /opt/airflow/dags/dag_with_postgres_operator.py
[2024-09-23T20:04:49.771+0000] {processor.py:914} INFO - Processing file /opt/airflow/dags/dag_with_postgres_operator.py for tasks to queue
[2024-09-23T20:04:49.773+0000] {logging_mixin.py:190} INFO - [2024-09-23T20:04:49.773+0000] {dagbag.py:587} INFO - Filling up the DagBag from /opt/airflow/dags/dag_with_postgres_operator.py
[2024-09-23T20:04:49.866+0000] {processor.py:925} INFO - DAG(s) 'dag_with_postgres_operator_v01' retrieved from /opt/airflow/dags/dag_with_postgres_operator.py
[2024-09-23T20:04:49.887+0000] {logging_mixin.py:190} INFO - [2024-09-23T20:04:49.887+0000] {dag.py:3229} INFO - Sync 1 DAGs
[2024-09-23T20:04:49.911+0000] {logging_mixin.py:190} INFO - [2024-09-23T20:04:49.911+0000] {dag.py:4156} INFO - Setting next_dagrun for dag_with_postgres_operator_v01 to 2024-09-23 00:00:00+00:00, run_after=2024-09-24 00:00:00+00:00
[2024-09-23T20:04:49.933+0000] {processor.py:208} INFO - Processing /opt/airflow/dags/dag_with_postgres_operator.py took 0.169 seconds
[2024-09-23T20:05:20.562+0000] {processor.py:186} INFO - Started process (PID=3043) to work on /opt/airflow/dags/dag_with_postgres_operator.py
[2024-09-23T20:05:20.564+0000] {processor.py:914} INFO - Processing file /opt/airflow/dags/dag_with_postgres_operator.py for tasks to queue
[2024-09-23T20:05:20.566+0000] {logging_mixin.py:190} INFO - [2024-09-23T20:05:20.566+0000] {dagbag.py:587} INFO - Filling up the DagBag from /opt/airflow/dags/dag_with_postgres_operator.py
[2024-09-23T20:05:20.652+0000] {processor.py:925} INFO - DAG(s) 'dag_with_postgres_operator_v01' retrieved from /opt/airflow/dags/dag_with_postgres_operator.py
[2024-09-23T20:05:20.679+0000] {logging_mixin.py:190} INFO - [2024-09-23T20:05:20.679+0000] {dag.py:3229} INFO - Sync 1 DAGs
[2024-09-23T20:05:20.709+0000] {logging_mixin.py:190} INFO - [2024-09-23T20:05:20.709+0000] {dag.py:4156} INFO - Setting next_dagrun for dag_with_postgres_operator_v01 to 2024-09-23 00:00:00+00:00, run_after=2024-09-24 00:00:00+00:00
[2024-09-23T20:05:20.746+0000] {processor.py:208} INFO - Processing /opt/airflow/dags/dag_with_postgres_operator.py took 0.188 seconds
[2024-09-23T20:05:51.422+0000] {processor.py:186} INFO - Started process (PID=3076) to work on /opt/airflow/dags/dag_with_postgres_operator.py
[2024-09-23T20:05:51.425+0000] {processor.py:914} INFO - Processing file /opt/airflow/dags/dag_with_postgres_operator.py for tasks to queue
[2024-09-23T20:05:51.428+0000] {logging_mixin.py:190} INFO - [2024-09-23T20:05:51.427+0000] {dagbag.py:587} INFO - Filling up the DagBag from /opt/airflow/dags/dag_with_postgres_operator.py
[2024-09-23T20:05:51.529+0000] {processor.py:925} INFO - DAG(s) 'dag_with_postgres_operator_v01' retrieved from /opt/airflow/dags/dag_with_postgres_operator.py
[2024-09-23T20:05:51.555+0000] {logging_mixin.py:190} INFO - [2024-09-23T20:05:51.554+0000] {dag.py:3229} INFO - Sync 1 DAGs
[2024-09-23T20:05:51.584+0000] {logging_mixin.py:190} INFO - [2024-09-23T20:05:51.583+0000] {dag.py:4156} INFO - Setting next_dagrun for dag_with_postgres_operator_v01 to 2024-09-23 00:00:00+00:00, run_after=2024-09-24 00:00:00+00:00
[2024-09-23T20:05:51.610+0000] {processor.py:208} INFO - Processing /opt/airflow/dags/dag_with_postgres_operator.py took 0.196 seconds
[2024-09-23T20:06:22.099+0000] {processor.py:186} INFO - Started process (PID=3109) to work on /opt/airflow/dags/dag_with_postgres_operator.py
[2024-09-23T20:06:22.101+0000] {processor.py:914} INFO - Processing file /opt/airflow/dags/dag_with_postgres_operator.py for tasks to queue
[2024-09-23T20:06:22.103+0000] {logging_mixin.py:190} INFO - [2024-09-23T20:06:22.103+0000] {dagbag.py:587} INFO - Filling up the DagBag from /opt/airflow/dags/dag_with_postgres_operator.py
[2024-09-23T20:06:22.214+0000] {processor.py:925} INFO - DAG(s) 'dag_with_postgres_operator_v01' retrieved from /opt/airflow/dags/dag_with_postgres_operator.py
[2024-09-23T20:06:22.247+0000] {logging_mixin.py:190} INFO - [2024-09-23T20:06:22.247+0000] {dag.py:3229} INFO - Sync 1 DAGs
[2024-09-23T20:06:22.284+0000] {logging_mixin.py:190} INFO - [2024-09-23T20:06:22.284+0000] {dag.py:4156} INFO - Setting next_dagrun for dag_with_postgres_operator_v01 to 2024-09-23 00:00:00+00:00, run_after=2024-09-24 00:00:00+00:00
[2024-09-23T20:06:22.319+0000] {processor.py:208} INFO - Processing /opt/airflow/dags/dag_with_postgres_operator.py took 0.225 seconds
[2024-09-23T20:06:52.983+0000] {processor.py:186} INFO - Started process (PID=3142) to work on /opt/airflow/dags/dag_with_postgres_operator.py
[2024-09-23T20:06:52.985+0000] {processor.py:914} INFO - Processing file /opt/airflow/dags/dag_with_postgres_operator.py for tasks to queue
[2024-09-23T20:06:52.989+0000] {logging_mixin.py:190} INFO - [2024-09-23T20:06:52.988+0000] {dagbag.py:587} INFO - Filling up the DagBag from /opt/airflow/dags/dag_with_postgres_operator.py
[2024-09-23T20:06:53.092+0000] {processor.py:925} INFO - DAG(s) 'dag_with_postgres_operator_v01' retrieved from /opt/airflow/dags/dag_with_postgres_operator.py
[2024-09-23T20:06:53.111+0000] {logging_mixin.py:190} INFO - [2024-09-23T20:06:53.111+0000] {dag.py:3229} INFO - Sync 1 DAGs
[2024-09-23T20:06:53.133+0000] {logging_mixin.py:190} INFO - [2024-09-23T20:06:53.133+0000] {dag.py:4156} INFO - Setting next_dagrun for dag_with_postgres_operator_v01 to 2024-09-23 00:00:00+00:00, run_after=2024-09-24 00:00:00+00:00
[2024-09-23T20:06:53.162+0000] {processor.py:208} INFO - Processing /opt/airflow/dags/dag_with_postgres_operator.py took 0.188 seconds
[2024-09-23T20:07:23.893+0000] {processor.py:186} INFO - Started process (PID=3175) to work on /opt/airflow/dags/dag_with_postgres_operator.py
[2024-09-23T20:07:23.895+0000] {processor.py:914} INFO - Processing file /opt/airflow/dags/dag_with_postgres_operator.py for tasks to queue
[2024-09-23T20:07:23.897+0000] {logging_mixin.py:190} INFO - [2024-09-23T20:07:23.896+0000] {dagbag.py:587} INFO - Filling up the DagBag from /opt/airflow/dags/dag_with_postgres_operator.py
[2024-09-23T20:07:24.002+0000] {processor.py:925} INFO - DAG(s) 'dag_with_postgres_operator_v01' retrieved from /opt/airflow/dags/dag_with_postgres_operator.py
[2024-09-23T20:07:24.023+0000] {logging_mixin.py:190} INFO - [2024-09-23T20:07:24.022+0000] {dag.py:3229} INFO - Sync 1 DAGs
[2024-09-23T20:07:24.044+0000] {logging_mixin.py:190} INFO - [2024-09-23T20:07:24.043+0000] {dag.py:4156} INFO - Setting next_dagrun for dag_with_postgres_operator_v01 to 2024-09-23 00:00:00+00:00, run_after=2024-09-24 00:00:00+00:00
[2024-09-23T20:07:24.070+0000] {processor.py:208} INFO - Processing /opt/airflow/dags/dag_with_postgres_operator.py took 0.189 seconds
[2024-09-23T20:07:54.544+0000] {processor.py:186} INFO - Started process (PID=3208) to work on /opt/airflow/dags/dag_with_postgres_operator.py
[2024-09-23T20:07:54.546+0000] {processor.py:914} INFO - Processing file /opt/airflow/dags/dag_with_postgres_operator.py for tasks to queue
[2024-09-23T20:07:54.549+0000] {logging_mixin.py:190} INFO - [2024-09-23T20:07:54.549+0000] {dagbag.py:587} INFO - Filling up the DagBag from /opt/airflow/dags/dag_with_postgres_operator.py
[2024-09-23T20:07:54.637+0000] {processor.py:925} INFO - DAG(s) 'dag_with_postgres_operator_v01' retrieved from /opt/airflow/dags/dag_with_postgres_operator.py
[2024-09-23T20:07:54.655+0000] {logging_mixin.py:190} INFO - [2024-09-23T20:07:54.655+0000] {dag.py:3229} INFO - Sync 1 DAGs
[2024-09-23T20:07:54.674+0000] {logging_mixin.py:190} INFO - [2024-09-23T20:07:54.674+0000] {dag.py:4156} INFO - Setting next_dagrun for dag_with_postgres_operator_v01 to 2024-09-23 00:00:00+00:00, run_after=2024-09-24 00:00:00+00:00
[2024-09-23T20:07:54.708+0000] {processor.py:208} INFO - Processing /opt/airflow/dags/dag_with_postgres_operator.py took 0.169 seconds
[2024-09-23T20:08:25.467+0000] {processor.py:186} INFO - Started process (PID=3241) to work on /opt/airflow/dags/dag_with_postgres_operator.py
[2024-09-23T20:08:25.470+0000] {processor.py:914} INFO - Processing file /opt/airflow/dags/dag_with_postgres_operator.py for tasks to queue
[2024-09-23T20:08:25.473+0000] {logging_mixin.py:190} INFO - [2024-09-23T20:08:25.472+0000] {dagbag.py:587} INFO - Filling up the DagBag from /opt/airflow/dags/dag_with_postgres_operator.py
[2024-09-23T20:08:25.575+0000] {processor.py:925} INFO - DAG(s) 'dag_with_postgres_operator_v01' retrieved from /opt/airflow/dags/dag_with_postgres_operator.py
[2024-09-23T20:08:25.596+0000] {logging_mixin.py:190} INFO - [2024-09-23T20:08:25.596+0000] {dag.py:3229} INFO - Sync 1 DAGs
[2024-09-23T20:08:25.616+0000] {logging_mixin.py:190} INFO - [2024-09-23T20:08:25.616+0000] {dag.py:4156} INFO - Setting next_dagrun for dag_with_postgres_operator_v01 to 2024-09-23 00:00:00+00:00, run_after=2024-09-24 00:00:00+00:00
[2024-09-23T20:08:25.642+0000] {processor.py:208} INFO - Processing /opt/airflow/dags/dag_with_postgres_operator.py took 0.182 seconds
[2024-09-23T20:08:56.459+0000] {processor.py:186} INFO - Started process (PID=3274) to work on /opt/airflow/dags/dag_with_postgres_operator.py
[2024-09-23T20:08:56.461+0000] {processor.py:914} INFO - Processing file /opt/airflow/dags/dag_with_postgres_operator.py for tasks to queue
[2024-09-23T20:08:56.465+0000] {logging_mixin.py:190} INFO - [2024-09-23T20:08:56.464+0000] {dagbag.py:587} INFO - Filling up the DagBag from /opt/airflow/dags/dag_with_postgres_operator.py
[2024-09-23T20:08:56.576+0000] {processor.py:925} INFO - DAG(s) 'dag_with_postgres_operator_v01' retrieved from /opt/airflow/dags/dag_with_postgres_operator.py
[2024-09-23T20:08:56.610+0000] {logging_mixin.py:190} INFO - [2024-09-23T20:08:56.609+0000] {dag.py:3229} INFO - Sync 1 DAGs
[2024-09-23T20:08:56.746+0000] {logging_mixin.py:190} INFO - [2024-09-23T20:08:56.746+0000] {dag.py:4156} INFO - Setting next_dagrun for dag_with_postgres_operator_v01 to 2024-09-23 00:00:00+00:00, run_after=2024-09-24 00:00:00+00:00
[2024-09-23T20:08:56.768+0000] {processor.py:208} INFO - Processing /opt/airflow/dags/dag_with_postgres_operator.py took 0.318 seconds
[2024-09-23T20:09:27.128+0000] {processor.py:186} INFO - Started process (PID=3307) to work on /opt/airflow/dags/dag_with_postgres_operator.py
[2024-09-23T20:09:27.129+0000] {processor.py:914} INFO - Processing file /opt/airflow/dags/dag_with_postgres_operator.py for tasks to queue
[2024-09-23T20:09:27.132+0000] {logging_mixin.py:190} INFO - [2024-09-23T20:09:27.131+0000] {dagbag.py:587} INFO - Filling up the DagBag from /opt/airflow/dags/dag_with_postgres_operator.py
[2024-09-23T20:09:27.212+0000] {processor.py:925} INFO - DAG(s) 'dag_with_postgres_operator_v01' retrieved from /opt/airflow/dags/dag_with_postgres_operator.py
[2024-09-23T20:09:27.231+0000] {logging_mixin.py:190} INFO - [2024-09-23T20:09:27.231+0000] {dag.py:3229} INFO - Sync 1 DAGs
[2024-09-23T20:09:27.253+0000] {logging_mixin.py:190} INFO - [2024-09-23T20:09:27.253+0000] {dag.py:4156} INFO - Setting next_dagrun for dag_with_postgres_operator_v01 to 2024-09-23 00:00:00+00:00, run_after=2024-09-24 00:00:00+00:00
[2024-09-23T20:09:27.277+0000] {processor.py:208} INFO - Processing /opt/airflow/dags/dag_with_postgres_operator.py took 0.154 seconds
[2024-09-23T20:09:57.953+0000] {processor.py:186} INFO - Started process (PID=3340) to work on /opt/airflow/dags/dag_with_postgres_operator.py
[2024-09-23T20:09:57.955+0000] {processor.py:914} INFO - Processing file /opt/airflow/dags/dag_with_postgres_operator.py for tasks to queue
[2024-09-23T20:09:57.958+0000] {logging_mixin.py:190} INFO - [2024-09-23T20:09:57.957+0000] {dagbag.py:587} INFO - Filling up the DagBag from /opt/airflow/dags/dag_with_postgres_operator.py
[2024-09-23T20:09:58.068+0000] {processor.py:925} INFO - DAG(s) 'dag_with_postgres_operator_v01' retrieved from /opt/airflow/dags/dag_with_postgres_operator.py
[2024-09-23T20:09:58.096+0000] {logging_mixin.py:190} INFO - [2024-09-23T20:09:58.096+0000] {dag.py:3229} INFO - Sync 1 DAGs
[2024-09-23T20:09:58.117+0000] {logging_mixin.py:190} INFO - [2024-09-23T20:09:58.116+0000] {dag.py:4156} INFO - Setting next_dagrun for dag_with_postgres_operator_v01 to 2024-09-23 00:00:00+00:00, run_after=2024-09-24 00:00:00+00:00
[2024-09-23T20:09:58.146+0000] {processor.py:208} INFO - Processing /opt/airflow/dags/dag_with_postgres_operator.py took 0.203 seconds
[2024-09-23T20:10:28.832+0000] {processor.py:186} INFO - Started process (PID=3373) to work on /opt/airflow/dags/dag_with_postgres_operator.py
[2024-09-23T20:10:28.834+0000] {processor.py:914} INFO - Processing file /opt/airflow/dags/dag_with_postgres_operator.py for tasks to queue
[2024-09-23T20:10:28.838+0000] {logging_mixin.py:190} INFO - [2024-09-23T20:10:28.837+0000] {dagbag.py:587} INFO - Filling up the DagBag from /opt/airflow/dags/dag_with_postgres_operator.py
[2024-09-23T20:10:28.961+0000] {processor.py:925} INFO - DAG(s) 'dag_with_postgres_operator_v01' retrieved from /opt/airflow/dags/dag_with_postgres_operator.py
[2024-09-23T20:10:28.986+0000] {logging_mixin.py:190} INFO - [2024-09-23T20:10:28.986+0000] {dag.py:3229} INFO - Sync 1 DAGs
[2024-09-23T20:10:29.008+0000] {logging_mixin.py:190} INFO - [2024-09-23T20:10:29.008+0000] {dag.py:4156} INFO - Setting next_dagrun for dag_with_postgres_operator_v01 to 2024-09-23 00:00:00+00:00, run_after=2024-09-24 00:00:00+00:00
[2024-09-23T20:10:29.038+0000] {processor.py:208} INFO - Processing /opt/airflow/dags/dag_with_postgres_operator.py took 0.213 seconds
[2024-09-23T20:10:59.582+0000] {processor.py:186} INFO - Started process (PID=3406) to work on /opt/airflow/dags/dag_with_postgres_operator.py
[2024-09-23T20:10:59.584+0000] {processor.py:914} INFO - Processing file /opt/airflow/dags/dag_with_postgres_operator.py for tasks to queue
[2024-09-23T20:10:59.587+0000] {logging_mixin.py:190} INFO - [2024-09-23T20:10:59.587+0000] {dagbag.py:587} INFO - Filling up the DagBag from /opt/airflow/dags/dag_with_postgres_operator.py
[2024-09-23T20:10:59.702+0000] {processor.py:925} INFO - DAG(s) 'dag_with_postgres_operator_v01' retrieved from /opt/airflow/dags/dag_with_postgres_operator.py
[2024-09-23T20:10:59.728+0000] {logging_mixin.py:190} INFO - [2024-09-23T20:10:59.728+0000] {dag.py:3229} INFO - Sync 1 DAGs
[2024-09-23T20:10:59.748+0000] {logging_mixin.py:190} INFO - [2024-09-23T20:10:59.748+0000] {dag.py:4156} INFO - Setting next_dagrun for dag_with_postgres_operator_v01 to 2024-09-23 00:00:00+00:00, run_after=2024-09-24 00:00:00+00:00
[2024-09-23T20:10:59.775+0000] {processor.py:208} INFO - Processing /opt/airflow/dags/dag_with_postgres_operator.py took 0.201 seconds
[2024-09-23T20:11:30.417+0000] {processor.py:186} INFO - Started process (PID=3439) to work on /opt/airflow/dags/dag_with_postgres_operator.py
[2024-09-23T20:11:30.419+0000] {processor.py:914} INFO - Processing file /opt/airflow/dags/dag_with_postgres_operator.py for tasks to queue
[2024-09-23T20:11:30.421+0000] {logging_mixin.py:190} INFO - [2024-09-23T20:11:30.421+0000] {dagbag.py:587} INFO - Filling up the DagBag from /opt/airflow/dags/dag_with_postgres_operator.py
[2024-09-23T20:11:30.513+0000] {processor.py:925} INFO - DAG(s) 'dag_with_postgres_operator_v01' retrieved from /opt/airflow/dags/dag_with_postgres_operator.py
[2024-09-23T20:11:30.546+0000] {logging_mixin.py:190} INFO - [2024-09-23T20:11:30.546+0000] {dag.py:3229} INFO - Sync 1 DAGs
[2024-09-23T20:11:30.589+0000] {logging_mixin.py:190} INFO - [2024-09-23T20:11:30.589+0000] {dag.py:4156} INFO - Setting next_dagrun for dag_with_postgres_operator_v01 to 2024-09-23 00:00:00+00:00, run_after=2024-09-24 00:00:00+00:00
[2024-09-23T20:11:30.742+0000] {processor.py:208} INFO - Processing /opt/airflow/dags/dag_with_postgres_operator.py took 0.333 seconds
[2024-09-23T20:12:01.323+0000] {processor.py:186} INFO - Started process (PID=3472) to work on /opt/airflow/dags/dag_with_postgres_operator.py
[2024-09-23T20:12:01.326+0000] {processor.py:914} INFO - Processing file /opt/airflow/dags/dag_with_postgres_operator.py for tasks to queue
[2024-09-23T20:12:01.328+0000] {logging_mixin.py:190} INFO - [2024-09-23T20:12:01.328+0000] {dagbag.py:587} INFO - Filling up the DagBag from /opt/airflow/dags/dag_with_postgres_operator.py
[2024-09-23T20:12:01.433+0000] {processor.py:925} INFO - DAG(s) 'dag_with_postgres_operator_v01' retrieved from /opt/airflow/dags/dag_with_postgres_operator.py
[2024-09-23T20:12:01.455+0000] {logging_mixin.py:190} INFO - [2024-09-23T20:12:01.455+0000] {dag.py:3229} INFO - Sync 1 DAGs
[2024-09-23T20:12:01.476+0000] {logging_mixin.py:190} INFO - [2024-09-23T20:12:01.476+0000] {dag.py:4156} INFO - Setting next_dagrun for dag_with_postgres_operator_v01 to 2024-09-23 00:00:00+00:00, run_after=2024-09-24 00:00:00+00:00
[2024-09-23T20:12:01.502+0000] {processor.py:208} INFO - Processing /opt/airflow/dags/dag_with_postgres_operator.py took 0.189 seconds
[2024-09-23T20:12:32.103+0000] {processor.py:186} INFO - Started process (PID=3505) to work on /opt/airflow/dags/dag_with_postgres_operator.py
[2024-09-23T20:12:32.105+0000] {processor.py:914} INFO - Processing file /opt/airflow/dags/dag_with_postgres_operator.py for tasks to queue
[2024-09-23T20:12:32.108+0000] {logging_mixin.py:190} INFO - [2024-09-23T20:12:32.107+0000] {dagbag.py:587} INFO - Filling up the DagBag from /opt/airflow/dags/dag_with_postgres_operator.py
[2024-09-23T20:12:32.222+0000] {processor.py:925} INFO - DAG(s) 'dag_with_postgres_operator_v01' retrieved from /opt/airflow/dags/dag_with_postgres_operator.py
[2024-09-23T20:12:32.248+0000] {logging_mixin.py:190} INFO - [2024-09-23T20:12:32.247+0000] {dag.py:3229} INFO - Sync 1 DAGs
[2024-09-23T20:12:32.269+0000] {logging_mixin.py:190} INFO - [2024-09-23T20:12:32.269+0000] {dag.py:4156} INFO - Setting next_dagrun for dag_with_postgres_operator_v01 to 2024-09-23 00:00:00+00:00, run_after=2024-09-24 00:00:00+00:00
[2024-09-23T20:12:32.293+0000] {processor.py:208} INFO - Processing /opt/airflow/dags/dag_with_postgres_operator.py took 0.200 seconds
[2024-09-23T20:13:02.731+0000] {processor.py:186} INFO - Started process (PID=3538) to work on /opt/airflow/dags/dag_with_postgres_operator.py
[2024-09-23T20:13:02.732+0000] {processor.py:914} INFO - Processing file /opt/airflow/dags/dag_with_postgres_operator.py for tasks to queue
[2024-09-23T20:13:02.734+0000] {logging_mixin.py:190} INFO - [2024-09-23T20:13:02.734+0000] {dagbag.py:587} INFO - Filling up the DagBag from /opt/airflow/dags/dag_with_postgres_operator.py
[2024-09-23T20:13:02.821+0000] {processor.py:925} INFO - DAG(s) 'dag_with_postgres_operator_v01' retrieved from /opt/airflow/dags/dag_with_postgres_operator.py
[2024-09-23T20:13:02.842+0000] {logging_mixin.py:190} INFO - [2024-09-23T20:13:02.842+0000] {dag.py:3229} INFO - Sync 1 DAGs
[2024-09-23T20:13:02.867+0000] {logging_mixin.py:190} INFO - [2024-09-23T20:13:02.866+0000] {dag.py:4156} INFO - Setting next_dagrun for dag_with_postgres_operator_v01 to 2024-09-23 00:00:00+00:00, run_after=2024-09-24 00:00:00+00:00
[2024-09-23T20:13:02.893+0000] {processor.py:208} INFO - Processing /opt/airflow/dags/dag_with_postgres_operator.py took 0.168 seconds
[2024-09-23T20:13:33.521+0000] {processor.py:186} INFO - Started process (PID=3571) to work on /opt/airflow/dags/dag_with_postgres_operator.py
[2024-09-23T20:13:33.523+0000] {processor.py:914} INFO - Processing file /opt/airflow/dags/dag_with_postgres_operator.py for tasks to queue
[2024-09-23T20:13:33.526+0000] {logging_mixin.py:190} INFO - [2024-09-23T20:13:33.526+0000] {dagbag.py:587} INFO - Filling up the DagBag from /opt/airflow/dags/dag_with_postgres_operator.py
[2024-09-23T20:13:33.633+0000] {processor.py:925} INFO - DAG(s) 'dag_with_postgres_operator_v01' retrieved from /opt/airflow/dags/dag_with_postgres_operator.py
[2024-09-23T20:13:33.680+0000] {logging_mixin.py:190} INFO - [2024-09-23T20:13:33.680+0000] {dag.py:3229} INFO - Sync 1 DAGs
[2024-09-23T20:13:33.734+0000] {logging_mixin.py:190} INFO - [2024-09-23T20:13:33.734+0000] {dag.py:4156} INFO - Setting next_dagrun for dag_with_postgres_operator_v01 to 2024-09-23 00:00:00+00:00, run_after=2024-09-24 00:00:00+00:00
[2024-09-23T20:13:33.783+0000] {processor.py:208} INFO - Processing /opt/airflow/dags/dag_with_postgres_operator.py took 0.267 seconds
[2024-09-23T20:14:04.305+0000] {processor.py:186} INFO - Started process (PID=3604) to work on /opt/airflow/dags/dag_with_postgres_operator.py
[2024-09-23T20:14:04.307+0000] {processor.py:914} INFO - Processing file /opt/airflow/dags/dag_with_postgres_operator.py for tasks to queue
[2024-09-23T20:14:04.312+0000] {logging_mixin.py:190} INFO - [2024-09-23T20:14:04.311+0000] {dagbag.py:587} INFO - Filling up the DagBag from /opt/airflow/dags/dag_with_postgres_operator.py
[2024-09-23T20:14:04.421+0000] {processor.py:925} INFO - DAG(s) 'dag_with_postgres_operator_v01' retrieved from /opt/airflow/dags/dag_with_postgres_operator.py
[2024-09-23T20:14:04.447+0000] {logging_mixin.py:190} INFO - [2024-09-23T20:14:04.447+0000] {dag.py:3229} INFO - Sync 1 DAGs
[2024-09-23T20:14:04.468+0000] {logging_mixin.py:190} INFO - [2024-09-23T20:14:04.468+0000] {dag.py:4156} INFO - Setting next_dagrun for dag_with_postgres_operator_v01 to 2024-09-23 00:00:00+00:00, run_after=2024-09-24 00:00:00+00:00
[2024-09-23T20:14:04.495+0000] {processor.py:208} INFO - Processing /opt/airflow/dags/dag_with_postgres_operator.py took 0.199 seconds
[2024-09-23T20:14:34.916+0000] {processor.py:186} INFO - Started process (PID=3637) to work on /opt/airflow/dags/dag_with_postgres_operator.py
[2024-09-23T20:14:34.919+0000] {processor.py:914} INFO - Processing file /opt/airflow/dags/dag_with_postgres_operator.py for tasks to queue
[2024-09-23T20:14:34.922+0000] {logging_mixin.py:190} INFO - [2024-09-23T20:14:34.921+0000] {dagbag.py:587} INFO - Filling up the DagBag from /opt/airflow/dags/dag_with_postgres_operator.py
[2024-09-23T20:14:35.037+0000] {processor.py:925} INFO - DAG(s) 'dag_with_postgres_operator_v01' retrieved from /opt/airflow/dags/dag_with_postgres_operator.py
[2024-09-23T20:14:35.058+0000] {logging_mixin.py:190} INFO - [2024-09-23T20:14:35.058+0000] {dag.py:3229} INFO - Sync 1 DAGs
[2024-09-23T20:14:35.193+0000] {logging_mixin.py:190} INFO - [2024-09-23T20:14:35.192+0000] {dag.py:4156} INFO - Setting next_dagrun for dag_with_postgres_operator_v01 to 2024-09-23 00:00:00+00:00, run_after=2024-09-24 00:00:00+00:00
[2024-09-23T20:14:35.222+0000] {processor.py:208} INFO - Processing /opt/airflow/dags/dag_with_postgres_operator.py took 0.318 seconds
[2024-09-23T20:15:05.501+0000] {processor.py:186} INFO - Started process (PID=3670) to work on /opt/airflow/dags/dag_with_postgres_operator.py
[2024-09-23T20:15:05.503+0000] {processor.py:914} INFO - Processing file /opt/airflow/dags/dag_with_postgres_operator.py for tasks to queue
[2024-09-23T20:15:05.506+0000] {logging_mixin.py:190} INFO - [2024-09-23T20:15:05.506+0000] {dagbag.py:587} INFO - Filling up the DagBag from /opt/airflow/dags/dag_with_postgres_operator.py
[2024-09-23T20:15:05.616+0000] {processor.py:925} INFO - DAG(s) 'dag_with_postgres_operator_v01' retrieved from /opt/airflow/dags/dag_with_postgres_operator.py
[2024-09-23T20:15:05.639+0000] {logging_mixin.py:190} INFO - [2024-09-23T20:15:05.638+0000] {dag.py:3229} INFO - Sync 1 DAGs
[2024-09-23T20:15:05.661+0000] {logging_mixin.py:190} INFO - [2024-09-23T20:15:05.661+0000] {dag.py:4156} INFO - Setting next_dagrun for dag_with_postgres_operator_v01 to 2024-09-23 00:00:00+00:00, run_after=2024-09-24 00:00:00+00:00
[2024-09-23T20:15:05.689+0000] {processor.py:208} INFO - Processing /opt/airflow/dags/dag_with_postgres_operator.py took 0.197 seconds
[2024-09-23T20:15:36.445+0000] {processor.py:186} INFO - Started process (PID=3703) to work on /opt/airflow/dags/dag_with_postgres_operator.py
[2024-09-23T20:15:36.448+0000] {processor.py:914} INFO - Processing file /opt/airflow/dags/dag_with_postgres_operator.py for tasks to queue
[2024-09-23T20:15:36.451+0000] {logging_mixin.py:190} INFO - [2024-09-23T20:15:36.451+0000] {dagbag.py:587} INFO - Filling up the DagBag from /opt/airflow/dags/dag_with_postgres_operator.py
[2024-09-23T20:15:36.526+0000] {processor.py:925} INFO - DAG(s) 'dag_with_postgres_operator_v01' retrieved from /opt/airflow/dags/dag_with_postgres_operator.py
[2024-09-23T20:15:36.565+0000] {logging_mixin.py:190} INFO - [2024-09-23T20:15:36.565+0000] {dag.py:3229} INFO - Sync 1 DAGs
[2024-09-23T20:15:36.593+0000] {logging_mixin.py:190} INFO - [2024-09-23T20:15:36.592+0000] {dag.py:4156} INFO - Setting next_dagrun for dag_with_postgres_operator_v01 to 2024-09-23 00:00:00+00:00, run_after=2024-09-24 00:00:00+00:00
[2024-09-23T20:15:36.615+0000] {processor.py:208} INFO - Processing /opt/airflow/dags/dag_with_postgres_operator.py took 0.179 seconds
[2024-09-23T20:16:07.416+0000] {processor.py:186} INFO - Started process (PID=3736) to work on /opt/airflow/dags/dag_with_postgres_operator.py
[2024-09-23T20:16:07.418+0000] {processor.py:914} INFO - Processing file /opt/airflow/dags/dag_with_postgres_operator.py for tasks to queue
[2024-09-23T20:16:07.422+0000] {logging_mixin.py:190} INFO - [2024-09-23T20:16:07.421+0000] {dagbag.py:587} INFO - Filling up the DagBag from /opt/airflow/dags/dag_with_postgres_operator.py
[2024-09-23T20:16:07.528+0000] {processor.py:925} INFO - DAG(s) 'dag_with_postgres_operator_v01' retrieved from /opt/airflow/dags/dag_with_postgres_operator.py
[2024-09-23T20:16:07.552+0000] {logging_mixin.py:190} INFO - [2024-09-23T20:16:07.552+0000] {dag.py:3229} INFO - Sync 1 DAGs
[2024-09-23T20:16:07.572+0000] {logging_mixin.py:190} INFO - [2024-09-23T20:16:07.572+0000] {dag.py:4156} INFO - Setting next_dagrun for dag_with_postgres_operator_v01 to 2024-09-23 00:00:00+00:00, run_after=2024-09-24 00:00:00+00:00
[2024-09-23T20:16:07.605+0000] {processor.py:208} INFO - Processing /opt/airflow/dags/dag_with_postgres_operator.py took 0.200 seconds
[2024-09-23T20:16:37.903+0000] {processor.py:186} INFO - Started process (PID=3769) to work on /opt/airflow/dags/dag_with_postgres_operator.py
[2024-09-23T20:16:37.906+0000] {processor.py:914} INFO - Processing file /opt/airflow/dags/dag_with_postgres_operator.py for tasks to queue
[2024-09-23T20:16:37.910+0000] {logging_mixin.py:190} INFO - [2024-09-23T20:16:37.909+0000] {dagbag.py:587} INFO - Filling up the DagBag from /opt/airflow/dags/dag_with_postgres_operator.py
[2024-09-23T20:16:38.020+0000] {processor.py:925} INFO - DAG(s) 'dag_with_postgres_operator_v01' retrieved from /opt/airflow/dags/dag_with_postgres_operator.py
[2024-09-23T20:16:38.044+0000] {logging_mixin.py:190} INFO - [2024-09-23T20:16:38.043+0000] {dag.py:3229} INFO - Sync 1 DAGs
[2024-09-23T20:16:38.065+0000] {logging_mixin.py:190} INFO - [2024-09-23T20:16:38.064+0000] {dag.py:4156} INFO - Setting next_dagrun for dag_with_postgres_operator_v01 to 2024-09-23 00:00:00+00:00, run_after=2024-09-24 00:00:00+00:00
[2024-09-23T20:16:38.092+0000] {processor.py:208} INFO - Processing /opt/airflow/dags/dag_with_postgres_operator.py took 0.202 seconds
[2024-09-23T20:17:09.034+0000] {processor.py:186} INFO - Started process (PID=3802) to work on /opt/airflow/dags/dag_with_postgres_operator.py
[2024-09-23T20:17:09.037+0000] {processor.py:914} INFO - Processing file /opt/airflow/dags/dag_with_postgres_operator.py for tasks to queue
[2024-09-23T20:17:09.039+0000] {logging_mixin.py:190} INFO - [2024-09-23T20:17:09.039+0000] {dagbag.py:587} INFO - Filling up the DagBag from /opt/airflow/dags/dag_with_postgres_operator.py
[2024-09-23T20:17:09.129+0000] {processor.py:925} INFO - DAG(s) 'dag_with_postgres_operator_v01' retrieved from /opt/airflow/dags/dag_with_postgres_operator.py
[2024-09-23T20:17:09.154+0000] {logging_mixin.py:190} INFO - [2024-09-23T20:17:09.154+0000] {dag.py:3229} INFO - Sync 1 DAGs
[2024-09-23T20:17:09.177+0000] {logging_mixin.py:190} INFO - [2024-09-23T20:17:09.176+0000] {dag.py:4156} INFO - Setting next_dagrun for dag_with_postgres_operator_v01 to 2024-09-23 00:00:00+00:00, run_after=2024-09-24 00:00:00+00:00
[2024-09-23T20:17:09.314+0000] {processor.py:208} INFO - Processing /opt/airflow/dags/dag_with_postgres_operator.py took 0.292 seconds
[2024-09-23T20:17:39.619+0000] {processor.py:186} INFO - Started process (PID=3835) to work on /opt/airflow/dags/dag_with_postgres_operator.py
[2024-09-23T20:17:39.621+0000] {processor.py:914} INFO - Processing file /opt/airflow/dags/dag_with_postgres_operator.py for tasks to queue
[2024-09-23T20:17:39.622+0000] {logging_mixin.py:190} INFO - [2024-09-23T20:17:39.622+0000] {dagbag.py:587} INFO - Filling up the DagBag from /opt/airflow/dags/dag_with_postgres_operator.py
[2024-09-23T20:17:39.727+0000] {processor.py:925} INFO - DAG(s) 'dag_with_postgres_operator_v01' retrieved from /opt/airflow/dags/dag_with_postgres_operator.py
[2024-09-23T20:17:39.745+0000] {logging_mixin.py:190} INFO - [2024-09-23T20:17:39.745+0000] {dag.py:3229} INFO - Sync 1 DAGs
[2024-09-23T20:17:39.763+0000] {logging_mixin.py:190} INFO - [2024-09-23T20:17:39.762+0000] {dag.py:4156} INFO - Setting next_dagrun for dag_with_postgres_operator_v01 to 2024-09-23 00:00:00+00:00, run_after=2024-09-24 00:00:00+00:00
[2024-09-23T20:17:39.797+0000] {processor.py:208} INFO - Processing /opt/airflow/dags/dag_with_postgres_operator.py took 0.183 seconds
[2024-09-23T20:18:10.428+0000] {processor.py:186} INFO - Started process (PID=3868) to work on /opt/airflow/dags/dag_with_postgres_operator.py
[2024-09-23T20:18:10.430+0000] {processor.py:914} INFO - Processing file /opt/airflow/dags/dag_with_postgres_operator.py for tasks to queue
[2024-09-23T20:18:10.432+0000] {logging_mixin.py:190} INFO - [2024-09-23T20:18:10.432+0000] {dagbag.py:587} INFO - Filling up the DagBag from /opt/airflow/dags/dag_with_postgres_operator.py
[2024-09-23T20:18:10.531+0000] {processor.py:925} INFO - DAG(s) 'dag_with_postgres_operator_v01' retrieved from /opt/airflow/dags/dag_with_postgres_operator.py
[2024-09-23T20:18:10.556+0000] {logging_mixin.py:190} INFO - [2024-09-23T20:18:10.555+0000] {dag.py:3229} INFO - Sync 1 DAGs
[2024-09-23T20:18:10.577+0000] {logging_mixin.py:190} INFO - [2024-09-23T20:18:10.577+0000] {dag.py:4156} INFO - Setting next_dagrun for dag_with_postgres_operator_v01 to 2024-09-23 00:00:00+00:00, run_after=2024-09-24 00:00:00+00:00
[2024-09-23T20:18:10.603+0000] {processor.py:208} INFO - Processing /opt/airflow/dags/dag_with_postgres_operator.py took 0.183 seconds
[2024-09-23T20:18:41.126+0000] {processor.py:186} INFO - Started process (PID=3901) to work on /opt/airflow/dags/dag_with_postgres_operator.py
[2024-09-23T20:18:41.128+0000] {processor.py:914} INFO - Processing file /opt/airflow/dags/dag_with_postgres_operator.py for tasks to queue
[2024-09-23T20:18:41.130+0000] {logging_mixin.py:190} INFO - [2024-09-23T20:18:41.130+0000] {dagbag.py:587} INFO - Filling up the DagBag from /opt/airflow/dags/dag_with_postgres_operator.py
[2024-09-23T20:18:41.235+0000] {processor.py:925} INFO - DAG(s) 'dag_with_postgres_operator_v01' retrieved from /opt/airflow/dags/dag_with_postgres_operator.py
[2024-09-23T20:18:41.257+0000] {logging_mixin.py:190} INFO - [2024-09-23T20:18:41.256+0000] {dag.py:3229} INFO - Sync 1 DAGs
[2024-09-23T20:18:41.278+0000] {logging_mixin.py:190} INFO - [2024-09-23T20:18:41.278+0000] {dag.py:4156} INFO - Setting next_dagrun for dag_with_postgres_operator_v01 to 2024-09-23 00:00:00+00:00, run_after=2024-09-24 00:00:00+00:00
[2024-09-23T20:18:41.304+0000] {processor.py:208} INFO - Processing /opt/airflow/dags/dag_with_postgres_operator.py took 0.187 seconds
[2024-09-23T20:19:11.819+0000] {processor.py:186} INFO - Started process (PID=3934) to work on /opt/airflow/dags/dag_with_postgres_operator.py
[2024-09-23T20:19:11.821+0000] {processor.py:914} INFO - Processing file /opt/airflow/dags/dag_with_postgres_operator.py for tasks to queue
[2024-09-23T20:19:11.823+0000] {logging_mixin.py:190} INFO - [2024-09-23T20:19:11.823+0000] {dagbag.py:587} INFO - Filling up the DagBag from /opt/airflow/dags/dag_with_postgres_operator.py
[2024-09-23T20:19:11.945+0000] {processor.py:925} INFO - DAG(s) 'dag_with_postgres_operator_v01' retrieved from /opt/airflow/dags/dag_with_postgres_operator.py
[2024-09-23T20:19:11.969+0000] {logging_mixin.py:190} INFO - [2024-09-23T20:19:11.969+0000] {dag.py:3229} INFO - Sync 1 DAGs
[2024-09-23T20:19:11.990+0000] {logging_mixin.py:190} INFO - [2024-09-23T20:19:11.990+0000] {dag.py:4156} INFO - Setting next_dagrun for dag_with_postgres_operator_v01 to 2024-09-23 00:00:00+00:00, run_after=2024-09-24 00:00:00+00:00
[2024-09-23T20:19:12.026+0000] {processor.py:208} INFO - Processing /opt/airflow/dags/dag_with_postgres_operator.py took 0.212 seconds
[2024-09-23T20:19:42.866+0000] {processor.py:186} INFO - Started process (PID=3967) to work on /opt/airflow/dags/dag_with_postgres_operator.py
[2024-09-23T20:19:42.869+0000] {processor.py:914} INFO - Processing file /opt/airflow/dags/dag_with_postgres_operator.py for tasks to queue
[2024-09-23T20:19:42.872+0000] {logging_mixin.py:190} INFO - [2024-09-23T20:19:42.871+0000] {dagbag.py:587} INFO - Filling up the DagBag from /opt/airflow/dags/dag_with_postgres_operator.py
[2024-09-23T20:19:42.963+0000] {processor.py:925} INFO - DAG(s) 'dag_with_postgres_operator_v01' retrieved from /opt/airflow/dags/dag_with_postgres_operator.py
[2024-09-23T20:19:42.985+0000] {logging_mixin.py:190} INFO - [2024-09-23T20:19:42.985+0000] {dag.py:3229} INFO - Sync 1 DAGs
[2024-09-23T20:19:43.008+0000] {logging_mixin.py:190} INFO - [2024-09-23T20:19:43.008+0000] {dag.py:4156} INFO - Setting next_dagrun for dag_with_postgres_operator_v01 to 2024-09-23 00:00:00+00:00, run_after=2024-09-24 00:00:00+00:00
[2024-09-23T20:19:43.036+0000] {processor.py:208} INFO - Processing /opt/airflow/dags/dag_with_postgres_operator.py took 0.180 seconds
[2024-09-23T20:20:13.895+0000] {processor.py:186} INFO - Started process (PID=4000) to work on /opt/airflow/dags/dag_with_postgres_operator.py
[2024-09-23T20:20:13.897+0000] {processor.py:914} INFO - Processing file /opt/airflow/dags/dag_with_postgres_operator.py for tasks to queue
[2024-09-23T20:20:13.900+0000] {logging_mixin.py:190} INFO - [2024-09-23T20:20:13.899+0000] {dagbag.py:587} INFO - Filling up the DagBag from /opt/airflow/dags/dag_with_postgres_operator.py
[2024-09-23T20:20:14.011+0000] {processor.py:925} INFO - DAG(s) 'dag_with_postgres_operator_v01' retrieved from /opt/airflow/dags/dag_with_postgres_operator.py
[2024-09-23T20:20:14.034+0000] {logging_mixin.py:190} INFO - [2024-09-23T20:20:14.033+0000] {dag.py:3229} INFO - Sync 1 DAGs
[2024-09-23T20:20:14.169+0000] {logging_mixin.py:190} INFO - [2024-09-23T20:20:14.168+0000] {dag.py:4156} INFO - Setting next_dagrun for dag_with_postgres_operator_v01 to 2024-09-23 00:00:00+00:00, run_after=2024-09-24 00:00:00+00:00
[2024-09-23T20:20:14.190+0000] {processor.py:208} INFO - Processing /opt/airflow/dags/dag_with_postgres_operator.py took 0.303 seconds
[2024-09-23T20:20:44.713+0000] {processor.py:186} INFO - Started process (PID=4033) to work on /opt/airflow/dags/dag_with_postgres_operator.py
[2024-09-23T20:20:44.715+0000] {processor.py:914} INFO - Processing file /opt/airflow/dags/dag_with_postgres_operator.py for tasks to queue
[2024-09-23T20:20:44.717+0000] {logging_mixin.py:190} INFO - [2024-09-23T20:20:44.716+0000] {dagbag.py:587} INFO - Filling up the DagBag from /opt/airflow/dags/dag_with_postgres_operator.py
[2024-09-23T20:20:44.796+0000] {processor.py:925} INFO - DAG(s) 'dag_with_postgres_operator_v01' retrieved from /opt/airflow/dags/dag_with_postgres_operator.py
[2024-09-23T20:20:44.817+0000] {logging_mixin.py:190} INFO - [2024-09-23T20:20:44.817+0000] {dag.py:3229} INFO - Sync 1 DAGs
[2024-09-23T20:20:44.841+0000] {logging_mixin.py:190} INFO - [2024-09-23T20:20:44.841+0000] {dag.py:4156} INFO - Setting next_dagrun for dag_with_postgres_operator_v01 to 2024-09-23 00:00:00+00:00, run_after=2024-09-24 00:00:00+00:00
[2024-09-23T20:20:44.865+0000] {processor.py:208} INFO - Processing /opt/airflow/dags/dag_with_postgres_operator.py took 0.157 seconds
[2024-09-23T20:21:15.705+0000] {processor.py:186} INFO - Started process (PID=4066) to work on /opt/airflow/dags/dag_with_postgres_operator.py
[2024-09-23T20:21:15.707+0000] {processor.py:914} INFO - Processing file /opt/airflow/dags/dag_with_postgres_operator.py for tasks to queue
[2024-09-23T20:21:15.709+0000] {logging_mixin.py:190} INFO - [2024-09-23T20:21:15.709+0000] {dagbag.py:587} INFO - Filling up the DagBag from /opt/airflow/dags/dag_with_postgres_operator.py
[2024-09-23T20:21:15.821+0000] {processor.py:925} INFO - DAG(s) 'dag_with_postgres_operator_v01' retrieved from /opt/airflow/dags/dag_with_postgres_operator.py
[2024-09-23T20:21:15.851+0000] {logging_mixin.py:190} INFO - [2024-09-23T20:21:15.851+0000] {dag.py:3229} INFO - Sync 1 DAGs
[2024-09-23T20:21:15.872+0000] {logging_mixin.py:190} INFO - [2024-09-23T20:21:15.872+0000] {dag.py:4156} INFO - Setting next_dagrun for dag_with_postgres_operator_v01 to 2024-09-23 00:00:00+00:00, run_after=2024-09-24 00:00:00+00:00
[2024-09-23T20:21:15.900+0000] {processor.py:208} INFO - Processing /opt/airflow/dags/dag_with_postgres_operator.py took 0.206 seconds
[2024-09-23T20:21:46.533+0000] {processor.py:186} INFO - Started process (PID=4099) to work on /opt/airflow/dags/dag_with_postgres_operator.py
[2024-09-23T20:21:46.536+0000] {processor.py:914} INFO - Processing file /opt/airflow/dags/dag_with_postgres_operator.py for tasks to queue
[2024-09-23T20:21:46.539+0000] {logging_mixin.py:190} INFO - [2024-09-23T20:21:46.538+0000] {dagbag.py:587} INFO - Filling up the DagBag from /opt/airflow/dags/dag_with_postgres_operator.py
[2024-09-23T20:21:46.645+0000] {processor.py:925} INFO - DAG(s) 'dag_with_postgres_operator_v01' retrieved from /opt/airflow/dags/dag_with_postgres_operator.py
[2024-09-23T20:21:46.671+0000] {logging_mixin.py:190} INFO - [2024-09-23T20:21:46.671+0000] {dag.py:3229} INFO - Sync 1 DAGs
[2024-09-23T20:21:46.691+0000] {logging_mixin.py:190} INFO - [2024-09-23T20:21:46.691+0000] {dag.py:4156} INFO - Setting next_dagrun for dag_with_postgres_operator_v01 to 2024-09-23 00:00:00+00:00, run_after=2024-09-24 00:00:00+00:00
[2024-09-23T20:21:46.727+0000] {processor.py:208} INFO - Processing /opt/airflow/dags/dag_with_postgres_operator.py took 0.203 seconds
[2024-09-23T20:22:16.906+0000] {processor.py:186} INFO - Started process (PID=4132) to work on /opt/airflow/dags/dag_with_postgres_operator.py
[2024-09-23T20:22:16.908+0000] {processor.py:914} INFO - Processing file /opt/airflow/dags/dag_with_postgres_operator.py for tasks to queue
[2024-09-23T20:22:16.910+0000] {logging_mixin.py:190} INFO - [2024-09-23T20:22:16.910+0000] {dagbag.py:587} INFO - Filling up the DagBag from /opt/airflow/dags/dag_with_postgres_operator.py
[2024-09-23T20:22:16.988+0000] {processor.py:925} INFO - DAG(s) 'dag_with_postgres_operator_v01' retrieved from /opt/airflow/dags/dag_with_postgres_operator.py
[2024-09-23T20:22:17.008+0000] {logging_mixin.py:190} INFO - [2024-09-23T20:22:17.008+0000] {dag.py:3229} INFO - Sync 1 DAGs
[2024-09-23T20:22:17.031+0000] {logging_mixin.py:190} INFO - [2024-09-23T20:22:17.030+0000] {dag.py:4156} INFO - Setting next_dagrun for dag_with_postgres_operator_v01 to 2024-09-23 00:00:00+00:00, run_after=2024-09-24 00:00:00+00:00
[2024-09-23T20:22:17.057+0000] {processor.py:208} INFO - Processing /opt/airflow/dags/dag_with_postgres_operator.py took 0.156 seconds
[2024-09-23T20:22:47.289+0000] {processor.py:186} INFO - Started process (PID=4165) to work on /opt/airflow/dags/dag_with_postgres_operator.py
[2024-09-23T20:22:47.292+0000] {processor.py:914} INFO - Processing file /opt/airflow/dags/dag_with_postgres_operator.py for tasks to queue
[2024-09-23T20:22:47.295+0000] {logging_mixin.py:190} INFO - [2024-09-23T20:22:47.294+0000] {dagbag.py:587} INFO - Filling up the DagBag from /opt/airflow/dags/dag_with_postgres_operator.py
[2024-09-23T20:22:47.414+0000] {processor.py:925} INFO - DAG(s) 'dag_with_postgres_operator_v01' retrieved from /opt/airflow/dags/dag_with_postgres_operator.py
[2024-09-23T20:22:47.438+0000] {logging_mixin.py:190} INFO - [2024-09-23T20:22:47.438+0000] {dag.py:3229} INFO - Sync 1 DAGs
[2024-09-23T20:22:47.461+0000] {logging_mixin.py:190} INFO - [2024-09-23T20:22:47.461+0000] {dag.py:4156} INFO - Setting next_dagrun for dag_with_postgres_operator_v01 to 2024-09-23 00:00:00+00:00, run_after=2024-09-24 00:00:00+00:00
[2024-09-23T20:22:47.615+0000] {processor.py:208} INFO - Processing /opt/airflow/dags/dag_with_postgres_operator.py took 0.338 seconds
[2024-09-23T20:23:17.895+0000] {processor.py:186} INFO - Started process (PID=4198) to work on /opt/airflow/dags/dag_with_postgres_operator.py
[2024-09-23T20:23:17.897+0000] {processor.py:914} INFO - Processing file /opt/airflow/dags/dag_with_postgres_operator.py for tasks to queue
[2024-09-23T20:23:17.901+0000] {logging_mixin.py:190} INFO - [2024-09-23T20:23:17.901+0000] {dagbag.py:587} INFO - Filling up the DagBag from /opt/airflow/dags/dag_with_postgres_operator.py
[2024-09-23T20:23:18.000+0000] {processor.py:925} INFO - DAG(s) 'dag_with_postgres_operator_v01' retrieved from /opt/airflow/dags/dag_with_postgres_operator.py
[2024-09-23T20:23:18.025+0000] {logging_mixin.py:190} INFO - [2024-09-23T20:23:18.024+0000] {dag.py:3229} INFO - Sync 1 DAGs
[2024-09-23T20:23:18.058+0000] {logging_mixin.py:190} INFO - [2024-09-23T20:23:18.058+0000] {dag.py:4156} INFO - Setting next_dagrun for dag_with_postgres_operator_v01 to 2024-09-23 00:00:00+00:00, run_after=2024-09-24 00:00:00+00:00
[2024-09-23T20:23:18.093+0000] {processor.py:208} INFO - Processing /opt/airflow/dags/dag_with_postgres_operator.py took 0.208 seconds
[2024-09-23T20:23:48.292+0000] {processor.py:186} INFO - Started process (PID=4231) to work on /opt/airflow/dags/dag_with_postgres_operator.py
[2024-09-23T20:23:48.294+0000] {processor.py:914} INFO - Processing file /opt/airflow/dags/dag_with_postgres_operator.py for tasks to queue
[2024-09-23T20:23:48.296+0000] {logging_mixin.py:190} INFO - [2024-09-23T20:23:48.296+0000] {dagbag.py:587} INFO - Filling up the DagBag from /opt/airflow/dags/dag_with_postgres_operator.py
[2024-09-23T20:23:48.389+0000] {processor.py:925} INFO - DAG(s) 'dag_with_postgres_operator_v01' retrieved from /opt/airflow/dags/dag_with_postgres_operator.py
[2024-09-23T20:23:48.404+0000] {logging_mixin.py:190} INFO - [2024-09-23T20:23:48.403+0000] {dag.py:3229} INFO - Sync 1 DAGs
[2024-09-23T20:23:48.421+0000] {logging_mixin.py:190} INFO - [2024-09-23T20:23:48.421+0000] {dag.py:4156} INFO - Setting next_dagrun for dag_with_postgres_operator_v01 to 2024-09-23 00:00:00+00:00, run_after=2024-09-24 00:00:00+00:00
[2024-09-23T20:23:48.441+0000] {processor.py:208} INFO - Processing /opt/airflow/dags/dag_with_postgres_operator.py took 0.155 seconds
[2024-09-23T20:24:18.831+0000] {processor.py:186} INFO - Started process (PID=4264) to work on /opt/airflow/dags/dag_with_postgres_operator.py
[2024-09-23T20:24:18.833+0000] {processor.py:914} INFO - Processing file /opt/airflow/dags/dag_with_postgres_operator.py for tasks to queue
[2024-09-23T20:24:18.835+0000] {logging_mixin.py:190} INFO - [2024-09-23T20:24:18.835+0000] {dagbag.py:587} INFO - Filling up the DagBag from /opt/airflow/dags/dag_with_postgres_operator.py
[2024-09-23T20:24:18.921+0000] {processor.py:925} INFO - DAG(s) 'dag_with_postgres_operator_v01' retrieved from /opt/airflow/dags/dag_with_postgres_operator.py
[2024-09-23T20:24:18.942+0000] {logging_mixin.py:190} INFO - [2024-09-23T20:24:18.942+0000] {dag.py:3229} INFO - Sync 1 DAGs
[2024-09-23T20:24:18.965+0000] {logging_mixin.py:190} INFO - [2024-09-23T20:24:18.964+0000] {dag.py:4156} INFO - Setting next_dagrun for dag_with_postgres_operator_v01 to 2024-09-23 00:00:00+00:00, run_after=2024-09-24 00:00:00+00:00
[2024-09-23T20:24:18.988+0000] {processor.py:208} INFO - Processing /opt/airflow/dags/dag_with_postgres_operator.py took 0.162 seconds
[2024-09-23T20:24:49.566+0000] {processor.py:186} INFO - Started process (PID=4297) to work on /opt/airflow/dags/dag_with_postgres_operator.py
[2024-09-23T20:24:49.569+0000] {processor.py:914} INFO - Processing file /opt/airflow/dags/dag_with_postgres_operator.py for tasks to queue
[2024-09-23T20:24:49.572+0000] {logging_mixin.py:190} INFO - [2024-09-23T20:24:49.571+0000] {dagbag.py:587} INFO - Filling up the DagBag from /opt/airflow/dags/dag_with_postgres_operator.py
[2024-09-23T20:24:49.677+0000] {processor.py:925} INFO - DAG(s) 'dag_with_postgres_operator_v01' retrieved from /opt/airflow/dags/dag_with_postgres_operator.py
[2024-09-23T20:24:49.699+0000] {logging_mixin.py:190} INFO - [2024-09-23T20:24:49.699+0000] {dag.py:3229} INFO - Sync 1 DAGs
[2024-09-23T20:24:49.720+0000] {logging_mixin.py:190} INFO - [2024-09-23T20:24:49.720+0000] {dag.py:4156} INFO - Setting next_dagrun for dag_with_postgres_operator_v01 to 2024-09-23 00:00:00+00:00, run_after=2024-09-24 00:00:00+00:00
[2024-09-23T20:24:49.748+0000] {processor.py:208} INFO - Processing /opt/airflow/dags/dag_with_postgres_operator.py took 0.192 seconds
[2024-09-23T20:25:20.500+0000] {processor.py:186} INFO - Started process (PID=4330) to work on /opt/airflow/dags/dag_with_postgres_operator.py
[2024-09-23T20:25:20.502+0000] {processor.py:914} INFO - Processing file /opt/airflow/dags/dag_with_postgres_operator.py for tasks to queue
[2024-09-23T20:25:20.503+0000] {logging_mixin.py:190} INFO - [2024-09-23T20:25:20.503+0000] {dagbag.py:587} INFO - Filling up the DagBag from /opt/airflow/dags/dag_with_postgres_operator.py
[2024-09-23T20:25:20.573+0000] {processor.py:925} INFO - DAG(s) 'dag_with_postgres_operator_v01' retrieved from /opt/airflow/dags/dag_with_postgres_operator.py
[2024-09-23T20:25:20.589+0000] {logging_mixin.py:190} INFO - [2024-09-23T20:25:20.588+0000] {dag.py:3229} INFO - Sync 1 DAGs
[2024-09-23T20:25:20.606+0000] {logging_mixin.py:190} INFO - [2024-09-23T20:25:20.606+0000] {dag.py:4156} INFO - Setting next_dagrun for dag_with_postgres_operator_v01 to 2024-09-23 00:00:00+00:00, run_after=2024-09-24 00:00:00+00:00
[2024-09-23T20:25:20.629+0000] {processor.py:208} INFO - Processing /opt/airflow/dags/dag_with_postgres_operator.py took 0.133 seconds
[2024-09-23T20:25:51.484+0000] {processor.py:186} INFO - Started process (PID=4363) to work on /opt/airflow/dags/dag_with_postgres_operator.py
[2024-09-23T20:25:51.485+0000] {processor.py:914} INFO - Processing file /opt/airflow/dags/dag_with_postgres_operator.py for tasks to queue
[2024-09-23T20:25:51.487+0000] {logging_mixin.py:190} INFO - [2024-09-23T20:25:51.487+0000] {dagbag.py:587} INFO - Filling up the DagBag from /opt/airflow/dags/dag_with_postgres_operator.py
[2024-09-23T20:25:51.577+0000] {processor.py:925} INFO - DAG(s) 'dag_with_postgres_operator_v01' retrieved from /opt/airflow/dags/dag_with_postgres_operator.py
[2024-09-23T20:25:51.600+0000] {logging_mixin.py:190} INFO - [2024-09-23T20:25:51.600+0000] {dag.py:3229} INFO - Sync 1 DAGs
[2024-09-23T20:25:51.749+0000] {logging_mixin.py:190} INFO - [2024-09-23T20:25:51.748+0000] {dag.py:4156} INFO - Setting next_dagrun for dag_with_postgres_operator_v01 to 2024-09-23 00:00:00+00:00, run_after=2024-09-24 00:00:00+00:00
[2024-09-23T20:25:51.770+0000] {processor.py:208} INFO - Processing /opt/airflow/dags/dag_with_postgres_operator.py took 0.294 seconds
[2024-09-23T20:26:22.220+0000] {processor.py:186} INFO - Started process (PID=4396) to work on /opt/airflow/dags/dag_with_postgres_operator.py
[2024-09-23T20:26:22.224+0000] {processor.py:914} INFO - Processing file /opt/airflow/dags/dag_with_postgres_operator.py for tasks to queue
[2024-09-23T20:26:22.230+0000] {logging_mixin.py:190} INFO - [2024-09-23T20:26:22.229+0000] {dagbag.py:587} INFO - Filling up the DagBag from /opt/airflow/dags/dag_with_postgres_operator.py
[2024-09-23T20:26:22.348+0000] {processor.py:925} INFO - DAG(s) 'dag_with_postgres_operator_v01' retrieved from /opt/airflow/dags/dag_with_postgres_operator.py
[2024-09-23T20:26:22.371+0000] {logging_mixin.py:190} INFO - [2024-09-23T20:26:22.370+0000] {dag.py:3229} INFO - Sync 1 DAGs
[2024-09-23T20:26:22.393+0000] {logging_mixin.py:190} INFO - [2024-09-23T20:26:22.393+0000] {dag.py:4156} INFO - Setting next_dagrun for dag_with_postgres_operator_v01 to 2024-09-23 00:00:00+00:00, run_after=2024-09-24 00:00:00+00:00
[2024-09-23T20:26:22.415+0000] {processor.py:208} INFO - Processing /opt/airflow/dags/dag_with_postgres_operator.py took 0.210 seconds
[2024-09-23T20:26:52.917+0000] {processor.py:186} INFO - Started process (PID=4429) to work on /opt/airflow/dags/dag_with_postgres_operator.py
[2024-09-23T20:26:52.918+0000] {processor.py:914} INFO - Processing file /opt/airflow/dags/dag_with_postgres_operator.py for tasks to queue
[2024-09-23T20:26:52.920+0000] {logging_mixin.py:190} INFO - [2024-09-23T20:26:52.920+0000] {dagbag.py:587} INFO - Filling up the DagBag from /opt/airflow/dags/dag_with_postgres_operator.py
[2024-09-23T20:26:53.002+0000] {processor.py:925} INFO - DAG(s) 'dag_with_postgres_operator_v01' retrieved from /opt/airflow/dags/dag_with_postgres_operator.py
[2024-09-23T20:26:53.017+0000] {logging_mixin.py:190} INFO - [2024-09-23T20:26:53.017+0000] {dag.py:3229} INFO - Sync 1 DAGs
[2024-09-23T20:26:53.038+0000] {logging_mixin.py:190} INFO - [2024-09-23T20:26:53.037+0000] {dag.py:4156} INFO - Setting next_dagrun for dag_with_postgres_operator_v01 to 2024-09-23 00:00:00+00:00, run_after=2024-09-24 00:00:00+00:00
[2024-09-23T20:26:53.058+0000] {processor.py:208} INFO - Processing /opt/airflow/dags/dag_with_postgres_operator.py took 0.148 seconds
[2024-09-23T20:27:23.466+0000] {processor.py:186} INFO - Started process (PID=4462) to work on /opt/airflow/dags/dag_with_postgres_operator.py
[2024-09-23T20:27:23.468+0000] {processor.py:914} INFO - Processing file /opt/airflow/dags/dag_with_postgres_operator.py for tasks to queue
[2024-09-23T20:27:23.471+0000] {logging_mixin.py:190} INFO - [2024-09-23T20:27:23.471+0000] {dagbag.py:587} INFO - Filling up the DagBag from /opt/airflow/dags/dag_with_postgres_operator.py
[2024-09-23T20:27:23.582+0000] {processor.py:925} INFO - DAG(s) 'dag_with_postgres_operator_v01' retrieved from /opt/airflow/dags/dag_with_postgres_operator.py
[2024-09-23T20:27:23.614+0000] {logging_mixin.py:190} INFO - [2024-09-23T20:27:23.613+0000] {dag.py:3229} INFO - Sync 1 DAGs
[2024-09-23T20:27:23.635+0000] {logging_mixin.py:190} INFO - [2024-09-23T20:27:23.635+0000] {dag.py:4156} INFO - Setting next_dagrun for dag_with_postgres_operator_v01 to 2024-09-23 00:00:00+00:00, run_after=2024-09-24 00:00:00+00:00
[2024-09-23T20:27:23.664+0000] {processor.py:208} INFO - Processing /opt/airflow/dags/dag_with_postgres_operator.py took 0.209 seconds
[2024-09-23T20:27:54.385+0000] {processor.py:186} INFO - Started process (PID=4495) to work on /opt/airflow/dags/dag_with_postgres_operator.py
[2024-09-23T20:27:54.386+0000] {processor.py:914} INFO - Processing file /opt/airflow/dags/dag_with_postgres_operator.py for tasks to queue
[2024-09-23T20:27:54.388+0000] {logging_mixin.py:190} INFO - [2024-09-23T20:27:54.388+0000] {dagbag.py:587} INFO - Filling up the DagBag from /opt/airflow/dags/dag_with_postgres_operator.py
[2024-09-23T20:27:54.475+0000] {processor.py:925} INFO - DAG(s) 'dag_with_postgres_operator_v01' retrieved from /opt/airflow/dags/dag_with_postgres_operator.py
[2024-09-23T20:27:54.500+0000] {logging_mixin.py:190} INFO - [2024-09-23T20:27:54.500+0000] {dag.py:3229} INFO - Sync 1 DAGs
[2024-09-23T20:27:54.526+0000] {logging_mixin.py:190} INFO - [2024-09-23T20:27:54.525+0000] {dag.py:4156} INFO - Setting next_dagrun for dag_with_postgres_operator_v01 to 2024-09-23 00:00:00+00:00, run_after=2024-09-24 00:00:00+00:00
[2024-09-23T20:27:54.562+0000] {processor.py:208} INFO - Processing /opt/airflow/dags/dag_with_postgres_operator.py took 0.182 seconds
[2024-09-23T20:28:25.008+0000] {processor.py:186} INFO - Started process (PID=4528) to work on /opt/airflow/dags/dag_with_postgres_operator.py
[2024-09-23T20:28:25.010+0000] {processor.py:914} INFO - Processing file /opt/airflow/dags/dag_with_postgres_operator.py for tasks to queue
[2024-09-23T20:28:25.013+0000] {logging_mixin.py:190} INFO - [2024-09-23T20:28:25.012+0000] {dagbag.py:587} INFO - Filling up the DagBag from /opt/airflow/dags/dag_with_postgres_operator.py
[2024-09-23T20:28:25.095+0000] {processor.py:925} INFO - DAG(s) 'dag_with_postgres_operator_v01' retrieved from /opt/airflow/dags/dag_with_postgres_operator.py
[2024-09-23T20:28:25.113+0000] {logging_mixin.py:190} INFO - [2024-09-23T20:28:25.113+0000] {dag.py:3229} INFO - Sync 1 DAGs
[2024-09-23T20:28:25.243+0000] {logging_mixin.py:190} INFO - [2024-09-23T20:28:25.243+0000] {dag.py:4156} INFO - Setting next_dagrun for dag_with_postgres_operator_v01 to 2024-09-23 00:00:00+00:00, run_after=2024-09-24 00:00:00+00:00
[2024-09-23T20:28:25.265+0000] {processor.py:208} INFO - Processing /opt/airflow/dags/dag_with_postgres_operator.py took 0.266 seconds
[2024-09-23T20:28:56.405+0000] {processor.py:186} INFO - Started process (PID=4559) to work on /opt/airflow/dags/dag_with_postgres_operator.py
[2024-09-23T20:28:56.409+0000] {processor.py:914} INFO - Processing file /opt/airflow/dags/dag_with_postgres_operator.py for tasks to queue
[2024-09-23T20:28:56.415+0000] {logging_mixin.py:190} INFO - [2024-09-23T20:28:56.414+0000] {dagbag.py:587} INFO - Filling up the DagBag from /opt/airflow/dags/dag_with_postgres_operator.py
[2024-09-23T20:28:56.633+0000] {processor.py:925} INFO - DAG(s) 'dag_with_postgres_operator_v01' retrieved from /opt/airflow/dags/dag_with_postgres_operator.py
[2024-09-23T20:28:56.675+0000] {logging_mixin.py:190} INFO - [2024-09-23T20:28:56.674+0000] {dag.py:3229} INFO - Sync 1 DAGs
[2024-09-23T20:28:57.003+0000] {logging_mixin.py:190} INFO - [2024-09-23T20:28:57.003+0000] {dag.py:4156} INFO - Setting next_dagrun for dag_with_postgres_operator_v01 to 2024-09-23 00:00:00+00:00, run_after=2024-09-24 00:00:00+00:00
[2024-09-23T20:28:57.107+0000] {processor.py:208} INFO - Processing /opt/airflow/dags/dag_with_postgres_operator.py took 0.711 seconds
[2024-09-23T20:29:27.392+0000] {processor.py:186} INFO - Started process (PID=4592) to work on /opt/airflow/dags/dag_with_postgres_operator.py
[2024-09-23T20:29:27.393+0000] {processor.py:914} INFO - Processing file /opt/airflow/dags/dag_with_postgres_operator.py for tasks to queue
[2024-09-23T20:29:27.395+0000] {logging_mixin.py:190} INFO - [2024-09-23T20:29:27.395+0000] {dagbag.py:587} INFO - Filling up the DagBag from /opt/airflow/dags/dag_with_postgres_operator.py
[2024-09-23T20:29:27.479+0000] {processor.py:925} INFO - DAG(s) 'dag_with_postgres_operator_v01' retrieved from /opt/airflow/dags/dag_with_postgres_operator.py
[2024-09-23T20:29:27.503+0000] {logging_mixin.py:190} INFO - [2024-09-23T20:29:27.503+0000] {dag.py:3229} INFO - Sync 1 DAGs
[2024-09-23T20:29:27.529+0000] {logging_mixin.py:190} INFO - [2024-09-23T20:29:27.529+0000] {dag.py:4156} INFO - Setting next_dagrun for dag_with_postgres_operator_v01 to 2024-09-23 00:00:00+00:00, run_after=2024-09-24 00:00:00+00:00
[2024-09-23T20:29:27.552+0000] {processor.py:208} INFO - Processing /opt/airflow/dags/dag_with_postgres_operator.py took 0.167 seconds
[2024-09-23T20:29:58.136+0000] {processor.py:186} INFO - Started process (PID=4622) to work on /opt/airflow/dags/dag_with_postgres_operator.py
[2024-09-23T20:29:58.138+0000] {processor.py:914} INFO - Processing file /opt/airflow/dags/dag_with_postgres_operator.py for tasks to queue
[2024-09-23T20:29:58.143+0000] {logging_mixin.py:190} INFO - [2024-09-23T20:29:58.143+0000] {dagbag.py:587} INFO - Filling up the DagBag from /opt/airflow/dags/dag_with_postgres_operator.py
[2024-09-23T20:29:58.238+0000] {processor.py:925} INFO - DAG(s) 'dag_with_postgres_operator_v01' retrieved from /opt/airflow/dags/dag_with_postgres_operator.py
[2024-09-23T20:29:58.263+0000] {logging_mixin.py:190} INFO - [2024-09-23T20:29:58.263+0000] {dag.py:3229} INFO - Sync 1 DAGs
[2024-09-23T20:29:58.291+0000] {logging_mixin.py:190} INFO - [2024-09-23T20:29:58.291+0000] {dag.py:4156} INFO - Setting next_dagrun for dag_with_postgres_operator_v01 to 2024-09-23 00:00:00+00:00, run_after=2024-09-24 00:00:00+00:00
[2024-09-23T20:29:58.322+0000] {processor.py:208} INFO - Processing /opt/airflow/dags/dag_with_postgres_operator.py took 0.199 seconds
[2024-09-23T20:30:28.717+0000] {processor.py:186} INFO - Started process (PID=4655) to work on /opt/airflow/dags/dag_with_postgres_operator.py
[2024-09-23T20:30:28.720+0000] {processor.py:914} INFO - Processing file /opt/airflow/dags/dag_with_postgres_operator.py for tasks to queue
[2024-09-23T20:30:28.725+0000] {logging_mixin.py:190} INFO - [2024-09-23T20:30:28.724+0000] {dagbag.py:587} INFO - Filling up the DagBag from /opt/airflow/dags/dag_with_postgres_operator.py
[2024-09-23T20:30:28.848+0000] {processor.py:925} INFO - DAG(s) 'dag_with_postgres_operator_v01' retrieved from /opt/airflow/dags/dag_with_postgres_operator.py
[2024-09-23T20:30:28.885+0000] {logging_mixin.py:190} INFO - [2024-09-23T20:30:28.885+0000] {dag.py:3229} INFO - Sync 1 DAGs
[2024-09-23T20:30:28.913+0000] {logging_mixin.py:190} INFO - [2024-09-23T20:30:28.913+0000] {dag.py:4156} INFO - Setting next_dagrun for dag_with_postgres_operator_v01 to 2024-09-23 00:00:00+00:00, run_after=2024-09-24 00:00:00+00:00
[2024-09-23T20:30:28.943+0000] {processor.py:208} INFO - Processing /opt/airflow/dags/dag_with_postgres_operator.py took 0.241 seconds
[2024-09-23T20:30:59.185+0000] {processor.py:186} INFO - Started process (PID=4688) to work on /opt/airflow/dags/dag_with_postgres_operator.py
[2024-09-23T20:30:59.187+0000] {processor.py:914} INFO - Processing file /opt/airflow/dags/dag_with_postgres_operator.py for tasks to queue
[2024-09-23T20:30:59.189+0000] {logging_mixin.py:190} INFO - [2024-09-23T20:30:59.189+0000] {dagbag.py:587} INFO - Filling up the DagBag from /opt/airflow/dags/dag_with_postgres_operator.py
[2024-09-23T20:30:59.262+0000] {processor.py:925} INFO - DAG(s) 'dag_with_postgres_operator_v01' retrieved from /opt/airflow/dags/dag_with_postgres_operator.py
[2024-09-23T20:30:59.280+0000] {logging_mixin.py:190} INFO - [2024-09-23T20:30:59.280+0000] {dag.py:3229} INFO - Sync 1 DAGs
[2024-09-23T20:30:59.307+0000] {logging_mixin.py:190} INFO - [2024-09-23T20:30:59.307+0000] {dag.py:4156} INFO - Setting next_dagrun for dag_with_postgres_operator_v01 to 2024-09-23 00:00:00+00:00, run_after=2024-09-24 00:00:00+00:00
[2024-09-23T20:30:59.332+0000] {processor.py:208} INFO - Processing /opt/airflow/dags/dag_with_postgres_operator.py took 0.152 seconds
[2024-09-23T20:31:30.069+0000] {processor.py:186} INFO - Started process (PID=4721) to work on /opt/airflow/dags/dag_with_postgres_operator.py
[2024-09-23T20:31:30.072+0000] {processor.py:914} INFO - Processing file /opt/airflow/dags/dag_with_postgres_operator.py for tasks to queue
[2024-09-23T20:31:30.078+0000] {logging_mixin.py:190} INFO - [2024-09-23T20:31:30.077+0000] {dagbag.py:587} INFO - Filling up the DagBag from /opt/airflow/dags/dag_with_postgres_operator.py
[2024-09-23T20:31:30.166+0000] {processor.py:925} INFO - DAG(s) 'dag_with_postgres_operator_v01' retrieved from /opt/airflow/dags/dag_with_postgres_operator.py
[2024-09-23T20:31:30.202+0000] {logging_mixin.py:190} INFO - [2024-09-23T20:31:30.202+0000] {dag.py:3229} INFO - Sync 1 DAGs
[2024-09-23T20:31:30.364+0000] {logging_mixin.py:190} INFO - [2024-09-23T20:31:30.364+0000] {dag.py:4156} INFO - Setting next_dagrun for dag_with_postgres_operator_v01 to 2024-09-23 00:00:00+00:00, run_after=2024-09-24 00:00:00+00:00
[2024-09-23T20:31:30.386+0000] {processor.py:208} INFO - Processing /opt/airflow/dags/dag_with_postgres_operator.py took 0.324 seconds
[2024-09-23T20:32:00.834+0000] {processor.py:186} INFO - Started process (PID=4754) to work on /opt/airflow/dags/dag_with_postgres_operator.py
[2024-09-23T20:32:00.837+0000] {processor.py:914} INFO - Processing file /opt/airflow/dags/dag_with_postgres_operator.py for tasks to queue
[2024-09-23T20:32:00.839+0000] {logging_mixin.py:190} INFO - [2024-09-23T20:32:00.838+0000] {dagbag.py:587} INFO - Filling up the DagBag from /opt/airflow/dags/dag_with_postgres_operator.py
[2024-09-23T20:32:00.909+0000] {processor.py:925} INFO - DAG(s) 'dag_with_postgres_operator_v01' retrieved from /opt/airflow/dags/dag_with_postgres_operator.py
[2024-09-23T20:32:00.933+0000] {logging_mixin.py:190} INFO - [2024-09-23T20:32:00.932+0000] {dag.py:3229} INFO - Sync 1 DAGs
[2024-09-23T20:32:00.957+0000] {logging_mixin.py:190} INFO - [2024-09-23T20:32:00.957+0000] {dag.py:4156} INFO - Setting next_dagrun for dag_with_postgres_operator_v01 to 2024-09-23 00:00:00+00:00, run_after=2024-09-24 00:00:00+00:00
[2024-09-23T20:32:00.984+0000] {processor.py:208} INFO - Processing /opt/airflow/dags/dag_with_postgres_operator.py took 0.159 seconds
[2024-09-23T20:32:31.515+0000] {processor.py:186} INFO - Started process (PID=4782) to work on /opt/airflow/dags/dag_with_postgres_operator.py
[2024-09-23T20:32:31.516+0000] {processor.py:914} INFO - Processing file /opt/airflow/dags/dag_with_postgres_operator.py for tasks to queue
[2024-09-23T20:32:31.518+0000] {logging_mixin.py:190} INFO - [2024-09-23T20:32:31.517+0000] {dagbag.py:587} INFO - Filling up the DagBag from /opt/airflow/dags/dag_with_postgres_operator.py
[2024-09-23T20:32:31.602+0000] {processor.py:925} INFO - DAG(s) 'dag_with_postgres_operator_v01' retrieved from /opt/airflow/dags/dag_with_postgres_operator.py
[2024-09-23T20:32:31.627+0000] {logging_mixin.py:190} INFO - [2024-09-23T20:32:31.626+0000] {dag.py:3229} INFO - Sync 1 DAGs
[2024-09-23T20:32:31.650+0000] {logging_mixin.py:190} INFO - [2024-09-23T20:32:31.650+0000] {dag.py:4156} INFO - Setting next_dagrun for dag_with_postgres_operator_v01 to 2024-09-23 00:00:00+00:00, run_after=2024-09-24 00:00:00+00:00
[2024-09-23T20:32:31.685+0000] {processor.py:208} INFO - Processing /opt/airflow/dags/dag_with_postgres_operator.py took 0.176 seconds
[2024-09-23T20:33:02.312+0000] {processor.py:186} INFO - Started process (PID=4815) to work on /opt/airflow/dags/dag_with_postgres_operator.py
[2024-09-23T20:33:02.316+0000] {processor.py:914} INFO - Processing file /opt/airflow/dags/dag_with_postgres_operator.py for tasks to queue
[2024-09-23T20:33:02.321+0000] {logging_mixin.py:190} INFO - [2024-09-23T20:33:02.320+0000] {dagbag.py:587} INFO - Filling up the DagBag from /opt/airflow/dags/dag_with_postgres_operator.py
[2024-09-23T20:33:02.422+0000] {processor.py:925} INFO - DAG(s) 'dag_with_postgres_operator_v01' retrieved from /opt/airflow/dags/dag_with_postgres_operator.py
[2024-09-23T20:33:02.450+0000] {logging_mixin.py:190} INFO - [2024-09-23T20:33:02.450+0000] {dag.py:3229} INFO - Sync 1 DAGs
[2024-09-23T20:33:02.472+0000] {logging_mixin.py:190} INFO - [2024-09-23T20:33:02.472+0000] {dag.py:4156} INFO - Setting next_dagrun for dag_with_postgres_operator_v01 to 2024-09-23 00:00:00+00:00, run_after=2024-09-24 00:00:00+00:00
[2024-09-23T20:33:02.497+0000] {processor.py:208} INFO - Processing /opt/airflow/dags/dag_with_postgres_operator.py took 0.196 seconds
[2024-09-23T20:33:33.104+0000] {processor.py:186} INFO - Started process (PID=4848) to work on /opt/airflow/dags/dag_with_postgres_operator.py
[2024-09-23T20:33:33.107+0000] {processor.py:914} INFO - Processing file /opt/airflow/dags/dag_with_postgres_operator.py for tasks to queue
[2024-09-23T20:33:33.109+0000] {logging_mixin.py:190} INFO - [2024-09-23T20:33:33.109+0000] {dagbag.py:587} INFO - Filling up the DagBag from /opt/airflow/dags/dag_with_postgres_operator.py
[2024-09-23T20:33:33.208+0000] {processor.py:925} INFO - DAG(s) 'dag_with_postgres_operator_v01' retrieved from /opt/airflow/dags/dag_with_postgres_operator.py
[2024-09-23T20:33:33.238+0000] {logging_mixin.py:190} INFO - [2024-09-23T20:33:33.237+0000] {dag.py:3229} INFO - Sync 1 DAGs
[2024-09-23T20:33:33.268+0000] {logging_mixin.py:190} INFO - [2024-09-23T20:33:33.268+0000] {dag.py:4156} INFO - Setting next_dagrun for dag_with_postgres_operator_v01 to 2024-09-23 00:00:00+00:00, run_after=2024-09-24 00:00:00+00:00
[2024-09-23T20:33:33.298+0000] {processor.py:208} INFO - Processing /opt/airflow/dags/dag_with_postgres_operator.py took 0.202 seconds
[2024-09-23T20:34:04.077+0000] {processor.py:186} INFO - Started process (PID=4881) to work on /opt/airflow/dags/dag_with_postgres_operator.py
[2024-09-23T20:34:04.079+0000] {processor.py:914} INFO - Processing file /opt/airflow/dags/dag_with_postgres_operator.py for tasks to queue
[2024-09-23T20:34:04.081+0000] {logging_mixin.py:190} INFO - [2024-09-23T20:34:04.080+0000] {dagbag.py:587} INFO - Filling up the DagBag from /opt/airflow/dags/dag_with_postgres_operator.py
[2024-09-23T20:34:04.182+0000] {processor.py:925} INFO - DAG(s) 'dag_with_postgres_operator_v01' retrieved from /opt/airflow/dags/dag_with_postgres_operator.py
[2024-09-23T20:34:04.212+0000] {logging_mixin.py:190} INFO - [2024-09-23T20:34:04.211+0000] {dag.py:3229} INFO - Sync 1 DAGs
[2024-09-23T20:34:04.241+0000] {logging_mixin.py:190} INFO - [2024-09-23T20:34:04.241+0000] {dag.py:4156} INFO - Setting next_dagrun for dag_with_postgres_operator_v01 to 2024-09-23 00:00:00+00:00, run_after=2024-09-24 00:00:00+00:00
[2024-09-23T20:34:04.416+0000] {processor.py:208} INFO - Processing /opt/airflow/dags/dag_with_postgres_operator.py took 0.347 seconds
[2024-09-23T20:34:34.977+0000] {processor.py:186} INFO - Started process (PID=4914) to work on /opt/airflow/dags/dag_with_postgres_operator.py
[2024-09-23T20:34:34.979+0000] {processor.py:914} INFO - Processing file /opt/airflow/dags/dag_with_postgres_operator.py for tasks to queue
[2024-09-23T20:34:34.981+0000] {logging_mixin.py:190} INFO - [2024-09-23T20:34:34.981+0000] {dagbag.py:587} INFO - Filling up the DagBag from /opt/airflow/dags/dag_with_postgres_operator.py
[2024-09-23T20:34:35.088+0000] {processor.py:925} INFO - DAG(s) 'dag_with_postgres_operator_v01' retrieved from /opt/airflow/dags/dag_with_postgres_operator.py
[2024-09-23T20:34:35.107+0000] {logging_mixin.py:190} INFO - [2024-09-23T20:34:35.107+0000] {dag.py:3229} INFO - Sync 1 DAGs
[2024-09-23T20:34:35.262+0000] {logging_mixin.py:190} INFO - [2024-09-23T20:34:35.262+0000] {dag.py:4156} INFO - Setting next_dagrun for dag_with_postgres_operator_v01 to 2024-09-23 00:00:00+00:00, run_after=2024-09-24 00:00:00+00:00
[2024-09-23T20:34:35.299+0000] {processor.py:208} INFO - Processing /opt/airflow/dags/dag_with_postgres_operator.py took 0.329 seconds
[2024-09-23T20:35:05.503+0000] {processor.py:186} INFO - Started process (PID=4947) to work on /opt/airflow/dags/dag_with_postgres_operator.py
[2024-09-23T20:35:05.505+0000] {processor.py:914} INFO - Processing file /opt/airflow/dags/dag_with_postgres_operator.py for tasks to queue
[2024-09-23T20:35:05.508+0000] {logging_mixin.py:190} INFO - [2024-09-23T20:35:05.507+0000] {dagbag.py:587} INFO - Filling up the DagBag from /opt/airflow/dags/dag_with_postgres_operator.py
[2024-09-23T20:35:05.601+0000] {processor.py:925} INFO - DAG(s) 'dag_with_postgres_operator_v01' retrieved from /opt/airflow/dags/dag_with_postgres_operator.py
[2024-09-23T20:35:05.629+0000] {logging_mixin.py:190} INFO - [2024-09-23T20:35:05.629+0000] {dag.py:3229} INFO - Sync 1 DAGs
[2024-09-23T20:35:05.657+0000] {logging_mixin.py:190} INFO - [2024-09-23T20:35:05.657+0000] {dag.py:4156} INFO - Setting next_dagrun for dag_with_postgres_operator_v01 to 2024-09-23 00:00:00+00:00, run_after=2024-09-24 00:00:00+00:00
[2024-09-23T20:35:05.694+0000] {processor.py:208} INFO - Processing /opt/airflow/dags/dag_with_postgres_operator.py took 0.196 seconds
[2024-09-23T20:35:35.929+0000] {processor.py:186} INFO - Started process (PID=4980) to work on /opt/airflow/dags/dag_with_postgres_operator.py
[2024-09-23T20:35:35.931+0000] {processor.py:914} INFO - Processing file /opt/airflow/dags/dag_with_postgres_operator.py for tasks to queue
[2024-09-23T20:35:35.934+0000] {logging_mixin.py:190} INFO - [2024-09-23T20:35:35.934+0000] {dagbag.py:587} INFO - Filling up the DagBag from /opt/airflow/dags/dag_with_postgres_operator.py
[2024-09-23T20:35:36.026+0000] {processor.py:925} INFO - DAG(s) 'dag_with_postgres_operator_v01' retrieved from /opt/airflow/dags/dag_with_postgres_operator.py
[2024-09-23T20:35:36.066+0000] {logging_mixin.py:190} INFO - [2024-09-23T20:35:36.066+0000] {dag.py:3229} INFO - Sync 1 DAGs
[2024-09-23T20:35:36.112+0000] {logging_mixin.py:190} INFO - [2024-09-23T20:35:36.111+0000] {dag.py:4156} INFO - Setting next_dagrun for dag_with_postgres_operator_v01 to 2024-09-23 00:00:00+00:00, run_after=2024-09-24 00:00:00+00:00
[2024-09-23T20:35:36.151+0000] {processor.py:208} INFO - Processing /opt/airflow/dags/dag_with_postgres_operator.py took 0.233 seconds
[2024-09-23T20:36:06.955+0000] {processor.py:186} INFO - Started process (PID=5013) to work on /opt/airflow/dags/dag_with_postgres_operator.py
[2024-09-23T20:36:06.958+0000] {processor.py:914} INFO - Processing file /opt/airflow/dags/dag_with_postgres_operator.py for tasks to queue
[2024-09-23T20:36:06.969+0000] {logging_mixin.py:190} INFO - [2024-09-23T20:36:06.968+0000] {dagbag.py:587} INFO - Filling up the DagBag from /opt/airflow/dags/dag_with_postgres_operator.py
[2024-09-23T20:36:07.099+0000] {processor.py:925} INFO - DAG(s) 'dag_with_postgres_operator_v01' retrieved from /opt/airflow/dags/dag_with_postgres_operator.py
[2024-09-23T20:36:07.158+0000] {logging_mixin.py:190} INFO - [2024-09-23T20:36:07.157+0000] {dag.py:3229} INFO - Sync 1 DAGs
[2024-09-23T20:36:07.239+0000] {logging_mixin.py:190} INFO - [2024-09-23T20:36:07.239+0000] {dag.py:4156} INFO - Setting next_dagrun for dag_with_postgres_operator_v01 to 2024-09-23 00:00:00+00:00, run_after=2024-09-24 00:00:00+00:00
[2024-09-23T20:36:07.302+0000] {processor.py:208} INFO - Processing /opt/airflow/dags/dag_with_postgres_operator.py took 0.363 seconds
[2024-09-23T20:36:15.793+0000] {processor.py:186} INFO - Started process (PID=5028) to work on /opt/airflow/dags/dag_with_postgres_operator.py
[2024-09-23T20:36:15.802+0000] {processor.py:914} INFO - Processing file /opt/airflow/dags/dag_with_postgres_operator.py for tasks to queue
[2024-09-23T20:36:15.837+0000] {logging_mixin.py:190} INFO - [2024-09-23T20:36:15.835+0000] {dagbag.py:587} INFO - Filling up the DagBag from /opt/airflow/dags/dag_with_postgres_operator.py
[2024-09-23T20:36:16.601+0000] {logging_mixin.py:190} INFO - [2024-09-23T20:36:16.595+0000] {dagbag.py:386} ERROR - Failed to import: /opt/airflow/dags/dag_with_postgres_operator.py
Traceback (most recent call last):
  File "/home/airflow/.local/lib/python3.12/site-packages/airflow/models/dagbag.py", line 382, in parse
    loader.exec_module(new_module)
  File "<frozen importlib._bootstrap_external>", line 991, in exec_module
  File "<frozen importlib._bootstrap_external>", line 1129, in get_code
  File "<frozen importlib._bootstrap_external>", line 1059, in source_to_code
  File "<frozen importlib._bootstrap>", line 488, in _call_with_frames_removed
  File "/opt/airflow/dags/dag_with_postgres_operator.py", line 20
    task1=
          ^
SyntaxError: invalid syntax
[2024-09-23T20:36:16.606+0000] {processor.py:927} WARNING - No viable dags retrieved from /opt/airflow/dags/dag_with_postgres_operator.py
[2024-09-23T20:36:16.653+0000] {processor.py:208} INFO - Processing /opt/airflow/dags/dag_with_postgres_operator.py took 0.872 seconds
[2024-09-23T20:36:20.469+0000] {processor.py:186} INFO - Started process (PID=5033) to work on /opt/airflow/dags/dag_with_postgres_operator.py
[2024-09-23T20:36:20.488+0000] {processor.py:914} INFO - Processing file /opt/airflow/dags/dag_with_postgres_operator.py for tasks to queue
[2024-09-23T20:36:20.503+0000] {logging_mixin.py:190} INFO - [2024-09-23T20:36:20.502+0000] {dagbag.py:587} INFO - Filling up the DagBag from /opt/airflow/dags/dag_with_postgres_operator.py
[2024-09-23T20:36:21.960+0000] {logging_mixin.py:190} INFO - [2024-09-23T20:36:21.903+0000] {dagbag.py:386} ERROR - Failed to import: /opt/airflow/dags/dag_with_postgres_operator.py
Traceback (most recent call last):
  File "/home/airflow/.local/lib/python3.12/site-packages/airflow/models/dagbag.py", line 382, in parse
    loader.exec_module(new_module)
  File "<frozen importlib._bootstrap_external>", line 995, in exec_module
  File "<frozen importlib._bootstrap>", line 488, in _call_with_frames_removed
  File "/opt/airflow/dags/dag_with_postgres_operator.py", line 20, in <module>
    task1=PostgresOperator(
          ^^^^^^^^^^^^^^^^^
  File "/home/airflow/.local/lib/python3.12/site-packages/airflow/models/baseoperator.py", line 490, in apply_defaults
    result = func(self, **kwargs, default_args=default_args)
             ^^^^^^^^^^^^^^^^^^^^^^^^^^^^^^^^^^^^^^^^^^^^^^^
  File "/home/airflow/.local/lib/python3.12/site-packages/airflow/providers/postgres/operators/postgres.py", line 84, in __init__
    super().__init__(conn_id=postgres_conn_id, **kwargs)
  File "/home/airflow/.local/lib/python3.12/site-packages/airflow/models/baseoperator.py", line 473, in apply_defaults
    raise AirflowException(f"missing keyword argument {missing_args.pop()!r}")
airflow.exceptions.AirflowException: missing keyword argument 'sql'
[2024-09-23T20:36:21.964+0000] {processor.py:927} WARNING - No viable dags retrieved from /opt/airflow/dags/dag_with_postgres_operator.py
[2024-09-23T20:36:22.028+0000] {processor.py:208} INFO - Processing /opt/airflow/dags/dag_with_postgres_operator.py took 1.577 seconds
[2024-09-23T20:36:36.444+0000] {processor.py:186} INFO - Started process (PID=5051) to work on /opt/airflow/dags/dag_with_postgres_operator.py
[2024-09-23T20:36:36.447+0000] {processor.py:914} INFO - Processing file /opt/airflow/dags/dag_with_postgres_operator.py for tasks to queue
[2024-09-23T20:36:36.450+0000] {logging_mixin.py:190} INFO - [2024-09-23T20:36:36.449+0000] {dagbag.py:587} INFO - Filling up the DagBag from /opt/airflow/dags/dag_with_postgres_operator.py
[2024-09-23T20:36:36.830+0000] {logging_mixin.py:190} INFO - [2024-09-23T20:36:36.784+0000] {dagbag.py:386} ERROR - Failed to import: /opt/airflow/dags/dag_with_postgres_operator.py
Traceback (most recent call last):
  File "/home/airflow/.local/lib/python3.12/site-packages/airflow/models/dagbag.py", line 382, in parse
    loader.exec_module(new_module)
  File "<frozen importlib._bootstrap_external>", line 995, in exec_module
  File "<frozen importlib._bootstrap>", line 488, in _call_with_frames_removed
  File "/opt/airflow/dags/dag_with_postgres_operator.py", line 20, in <module>
    task1=PostgresOperator(
          ^^^^^^^^^^^^^^^^^
  File "/home/airflow/.local/lib/python3.12/site-packages/airflow/models/baseoperator.py", line 490, in apply_defaults
    result = func(self, **kwargs, default_args=default_args)
             ^^^^^^^^^^^^^^^^^^^^^^^^^^^^^^^^^^^^^^^^^^^^^^^
  File "/home/airflow/.local/lib/python3.12/site-packages/airflow/providers/postgres/operators/postgres.py", line 84, in __init__
    super().__init__(conn_id=postgres_conn_id, **kwargs)
  File "/home/airflow/.local/lib/python3.12/site-packages/airflow/models/baseoperator.py", line 473, in apply_defaults
    raise AirflowException(f"missing keyword argument {missing_args.pop()!r}")
airflow.exceptions.AirflowException: missing keyword argument 'sql'
[2024-09-23T20:36:36.833+0000] {processor.py:927} WARNING - No viable dags retrieved from /opt/airflow/dags/dag_with_postgres_operator.py
[2024-09-23T20:36:36.875+0000] {processor.py:208} INFO - Processing /opt/airflow/dags/dag_with_postgres_operator.py took 0.440 seconds
[2024-09-23T20:36:43.629+0000] {processor.py:186} INFO - Started process (PID=5071) to work on /opt/airflow/dags/dag_with_postgres_operator.py
[2024-09-23T20:36:43.646+0000] {processor.py:914} INFO - Processing file /opt/airflow/dags/dag_with_postgres_operator.py for tasks to queue
[2024-09-23T20:36:43.654+0000] {logging_mixin.py:190} INFO - [2024-09-23T20:36:43.653+0000] {dagbag.py:587} INFO - Filling up the DagBag from /opt/airflow/dags/dag_with_postgres_operator.py
[2024-09-23T20:36:44.389+0000] {logging_mixin.py:190} INFO - [2024-09-23T20:36:44.319+0000] {dagbag.py:386} ERROR - Failed to import: /opt/airflow/dags/dag_with_postgres_operator.py
Traceback (most recent call last):
  File "/home/airflow/.local/lib/python3.12/site-packages/airflow/models/dagbag.py", line 382, in parse
    loader.exec_module(new_module)
  File "<frozen importlib._bootstrap_external>", line 995, in exec_module
  File "<frozen importlib._bootstrap>", line 488, in _call_with_frames_removed
  File "/opt/airflow/dags/dag_with_postgres_operator.py", line 20, in <module>
    task1=PostgresOperator(
          ^^^^^^^^^^^^^^^^^
  File "/home/airflow/.local/lib/python3.12/site-packages/airflow/models/baseoperator.py", line 490, in apply_defaults
    result = func(self, **kwargs, default_args=default_args)
             ^^^^^^^^^^^^^^^^^^^^^^^^^^^^^^^^^^^^^^^^^^^^^^^
  File "/home/airflow/.local/lib/python3.12/site-packages/airflow/providers/postgres/operators/postgres.py", line 84, in __init__
    super().__init__(conn_id=postgres_conn_id, **kwargs)
  File "/home/airflow/.local/lib/python3.12/site-packages/airflow/models/baseoperator.py", line 473, in apply_defaults
    raise AirflowException(f"missing keyword argument {missing_args.pop()!r}")
airflow.exceptions.AirflowException: missing keyword argument 'sql'
[2024-09-23T20:36:44.392+0000] {processor.py:927} WARNING - No viable dags retrieved from /opt/airflow/dags/dag_with_postgres_operator.py
[2024-09-23T20:36:44.439+0000] {processor.py:208} INFO - Processing /opt/airflow/dags/dag_with_postgres_operator.py took 0.820 seconds
[2024-09-23T20:37:14.669+0000] {processor.py:186} INFO - Started process (PID=5104) to work on /opt/airflow/dags/dag_with_postgres_operator.py
[2024-09-23T20:37:14.670+0000] {processor.py:914} INFO - Processing file /opt/airflow/dags/dag_with_postgres_operator.py for tasks to queue
[2024-09-23T20:37:14.672+0000] {logging_mixin.py:190} INFO - [2024-09-23T20:37:14.672+0000] {dagbag.py:587} INFO - Filling up the DagBag from /opt/airflow/dags/dag_with_postgres_operator.py
[2024-09-23T20:37:14.767+0000] {logging_mixin.py:190} INFO - [2024-09-23T20:37:14.742+0000] {dagbag.py:386} ERROR - Failed to import: /opt/airflow/dags/dag_with_postgres_operator.py
Traceback (most recent call last):
  File "/home/airflow/.local/lib/python3.12/site-packages/airflow/models/dagbag.py", line 382, in parse
    loader.exec_module(new_module)
  File "<frozen importlib._bootstrap_external>", line 995, in exec_module
  File "<frozen importlib._bootstrap>", line 488, in _call_with_frames_removed
  File "/opt/airflow/dags/dag_with_postgres_operator.py", line 20, in <module>
    task1=PostgresOperator(
          ^^^^^^^^^^^^^^^^^
  File "/home/airflow/.local/lib/python3.12/site-packages/airflow/models/baseoperator.py", line 490, in apply_defaults
    result = func(self, **kwargs, default_args=default_args)
             ^^^^^^^^^^^^^^^^^^^^^^^^^^^^^^^^^^^^^^^^^^^^^^^
  File "/home/airflow/.local/lib/python3.12/site-packages/airflow/providers/postgres/operators/postgres.py", line 84, in __init__
    super().__init__(conn_id=postgres_conn_id, **kwargs)
  File "/home/airflow/.local/lib/python3.12/site-packages/airflow/models/baseoperator.py", line 473, in apply_defaults
    raise AirflowException(f"missing keyword argument {missing_args.pop()!r}")
airflow.exceptions.AirflowException: missing keyword argument 'sql'
[2024-09-23T20:37:14.768+0000] {processor.py:927} WARNING - No viable dags retrieved from /opt/airflow/dags/dag_with_postgres_operator.py
[2024-09-23T20:37:14.792+0000] {processor.py:208} INFO - Processing /opt/airflow/dags/dag_with_postgres_operator.py took 0.130 seconds
[2024-09-23T20:37:45.051+0000] {processor.py:186} INFO - Started process (PID=5137) to work on /opt/airflow/dags/dag_with_postgres_operator.py
[2024-09-23T20:37:45.053+0000] {processor.py:914} INFO - Processing file /opt/airflow/dags/dag_with_postgres_operator.py for tasks to queue
[2024-09-23T20:37:45.054+0000] {logging_mixin.py:190} INFO - [2024-09-23T20:37:45.054+0000] {dagbag.py:587} INFO - Filling up the DagBag from /opt/airflow/dags/dag_with_postgres_operator.py
[2024-09-23T20:37:45.140+0000] {logging_mixin.py:190} INFO - [2024-09-23T20:37:45.123+0000] {dagbag.py:386} ERROR - Failed to import: /opt/airflow/dags/dag_with_postgres_operator.py
Traceback (most recent call last):
  File "/home/airflow/.local/lib/python3.12/site-packages/airflow/models/dagbag.py", line 382, in parse
    loader.exec_module(new_module)
  File "<frozen importlib._bootstrap_external>", line 995, in exec_module
  File "<frozen importlib._bootstrap>", line 488, in _call_with_frames_removed
  File "/opt/airflow/dags/dag_with_postgres_operator.py", line 20, in <module>
    task1=PostgresOperator(
          ^^^^^^^^^^^^^^^^^
  File "/home/airflow/.local/lib/python3.12/site-packages/airflow/models/baseoperator.py", line 490, in apply_defaults
    result = func(self, **kwargs, default_args=default_args)
             ^^^^^^^^^^^^^^^^^^^^^^^^^^^^^^^^^^^^^^^^^^^^^^^
  File "/home/airflow/.local/lib/python3.12/site-packages/airflow/providers/postgres/operators/postgres.py", line 84, in __init__
    super().__init__(conn_id=postgres_conn_id, **kwargs)
  File "/home/airflow/.local/lib/python3.12/site-packages/airflow/models/baseoperator.py", line 473, in apply_defaults
    raise AirflowException(f"missing keyword argument {missing_args.pop()!r}")
airflow.exceptions.AirflowException: missing keyword argument 'sql'
[2024-09-23T20:37:45.141+0000] {processor.py:927} WARNING - No viable dags retrieved from /opt/airflow/dags/dag_with_postgres_operator.py
[2024-09-23T20:37:45.164+0000] {processor.py:208} INFO - Processing /opt/airflow/dags/dag_with_postgres_operator.py took 0.119 seconds
[2024-09-23T20:38:16.028+0000] {processor.py:186} INFO - Started process (PID=5170) to work on /opt/airflow/dags/dag_with_postgres_operator.py
[2024-09-23T20:38:16.030+0000] {processor.py:914} INFO - Processing file /opt/airflow/dags/dag_with_postgres_operator.py for tasks to queue
[2024-09-23T20:38:16.035+0000] {logging_mixin.py:190} INFO - [2024-09-23T20:38:16.034+0000] {dagbag.py:587} INFO - Filling up the DagBag from /opt/airflow/dags/dag_with_postgres_operator.py
[2024-09-23T20:38:16.145+0000] {logging_mixin.py:190} INFO - [2024-09-23T20:38:16.121+0000] {dagbag.py:386} ERROR - Failed to import: /opt/airflow/dags/dag_with_postgres_operator.py
Traceback (most recent call last):
  File "/home/airflow/.local/lib/python3.12/site-packages/airflow/models/dagbag.py", line 382, in parse
    loader.exec_module(new_module)
  File "<frozen importlib._bootstrap_external>", line 995, in exec_module
  File "<frozen importlib._bootstrap>", line 488, in _call_with_frames_removed
  File "/opt/airflow/dags/dag_with_postgres_operator.py", line 20, in <module>
    task1=PostgresOperator(
          ^^^^^^^^^^^^^^^^^
  File "/home/airflow/.local/lib/python3.12/site-packages/airflow/models/baseoperator.py", line 490, in apply_defaults
    result = func(self, **kwargs, default_args=default_args)
             ^^^^^^^^^^^^^^^^^^^^^^^^^^^^^^^^^^^^^^^^^^^^^^^
  File "/home/airflow/.local/lib/python3.12/site-packages/airflow/providers/postgres/operators/postgres.py", line 84, in __init__
    super().__init__(conn_id=postgres_conn_id, **kwargs)
  File "/home/airflow/.local/lib/python3.12/site-packages/airflow/models/baseoperator.py", line 473, in apply_defaults
    raise AirflowException(f"missing keyword argument {missing_args.pop()!r}")
airflow.exceptions.AirflowException: missing keyword argument 'sql'
[2024-09-23T20:38:16.147+0000] {processor.py:927} WARNING - No viable dags retrieved from /opt/airflow/dags/dag_with_postgres_operator.py
[2024-09-23T20:38:16.186+0000] {processor.py:208} INFO - Processing /opt/airflow/dags/dag_with_postgres_operator.py took 0.172 seconds
[2024-09-23T20:38:21.432+0000] {processor.py:186} INFO - Started process (PID=5175) to work on /opt/airflow/dags/dag_with_postgres_operator.py
[2024-09-23T20:38:21.434+0000] {processor.py:914} INFO - Processing file /opt/airflow/dags/dag_with_postgres_operator.py for tasks to queue
[2024-09-23T20:38:21.437+0000] {logging_mixin.py:190} INFO - [2024-09-23T20:38:21.436+0000] {dagbag.py:587} INFO - Filling up the DagBag from /opt/airflow/dags/dag_with_postgres_operator.py
[2024-09-23T20:38:21.641+0000] {logging_mixin.py:190} INFO - [2024-09-23T20:38:21.610+0000] {dagbag.py:386} ERROR - Failed to import: /opt/airflow/dags/dag_with_postgres_operator.py
Traceback (most recent call last):
  File "/home/airflow/.local/lib/python3.12/site-packages/airflow/models/dagbag.py", line 382, in parse
    loader.exec_module(new_module)
  File "<frozen importlib._bootstrap_external>", line 995, in exec_module
  File "<frozen importlib._bootstrap>", line 488, in _call_with_frames_removed
  File "/opt/airflow/dags/dag_with_postgres_operator.py", line 20, in <module>
    task1=PostgresOperator(
          ^^^^^^^^^^^^^^^^^
  File "/home/airflow/.local/lib/python3.12/site-packages/airflow/models/baseoperator.py", line 490, in apply_defaults
    result = func(self, **kwargs, default_args=default_args)
             ^^^^^^^^^^^^^^^^^^^^^^^^^^^^^^^^^^^^^^^^^^^^^^^
  File "/home/airflow/.local/lib/python3.12/site-packages/airflow/providers/postgres/operators/postgres.py", line 84, in __init__
    super().__init__(conn_id=postgres_conn_id, **kwargs)
  File "/home/airflow/.local/lib/python3.12/site-packages/airflow/models/baseoperator.py", line 473, in apply_defaults
    raise AirflowException(f"missing keyword argument {missing_args.pop()!r}")
airflow.exceptions.AirflowException: missing keyword argument 'sql'
[2024-09-23T20:38:21.643+0000] {processor.py:927} WARNING - No viable dags retrieved from /opt/airflow/dags/dag_with_postgres_operator.py
[2024-09-23T20:38:21.692+0000] {processor.py:208} INFO - Processing /opt/airflow/dags/dag_with_postgres_operator.py took 0.267 seconds
[2024-09-23T20:38:23.016+0000] {processor.py:186} INFO - Started process (PID=5180) to work on /opt/airflow/dags/dag_with_postgres_operator.py
[2024-09-23T20:38:23.026+0000] {processor.py:914} INFO - Processing file /opt/airflow/dags/dag_with_postgres_operator.py for tasks to queue
[2024-09-23T20:38:23.029+0000] {logging_mixin.py:190} INFO - [2024-09-23T20:38:23.028+0000] {dagbag.py:587} INFO - Filling up the DagBag from /opt/airflow/dags/dag_with_postgres_operator.py
[2024-09-23T20:38:23.339+0000] {logging_mixin.py:190} INFO - [2024-09-23T20:38:23.265+0000] {dagbag.py:386} ERROR - Failed to import: /opt/airflow/dags/dag_with_postgres_operator.py
Traceback (most recent call last):
  File "/home/airflow/.local/lib/python3.12/site-packages/airflow/models/dagbag.py", line 382, in parse
    loader.exec_module(new_module)
  File "<frozen importlib._bootstrap_external>", line 995, in exec_module
  File "<frozen importlib._bootstrap>", line 488, in _call_with_frames_removed
  File "/opt/airflow/dags/dag_with_postgres_operator.py", line 20, in <module>
    task1=PostgresOperator(
          ^^^^^^^^^^^^^^^^^
  File "/home/airflow/.local/lib/python3.12/site-packages/airflow/models/baseoperator.py", line 490, in apply_defaults
    result = func(self, **kwargs, default_args=default_args)
             ^^^^^^^^^^^^^^^^^^^^^^^^^^^^^^^^^^^^^^^^^^^^^^^
  File "/home/airflow/.local/lib/python3.12/site-packages/airflow/providers/postgres/operators/postgres.py", line 84, in __init__
    super().__init__(conn_id=postgres_conn_id, **kwargs)
  File "/home/airflow/.local/lib/python3.12/site-packages/airflow/models/baseoperator.py", line 473, in apply_defaults
    raise AirflowException(f"missing keyword argument {missing_args.pop()!r}")
airflow.exceptions.AirflowException: missing keyword argument 'sql'
[2024-09-23T20:38:23.348+0000] {processor.py:927} WARNING - No viable dags retrieved from /opt/airflow/dags/dag_with_postgres_operator.py
[2024-09-23T20:38:23.423+0000] {processor.py:208} INFO - Processing /opt/airflow/dags/dag_with_postgres_operator.py took 0.424 seconds
[2024-09-23T20:38:29.482+0000] {processor.py:186} INFO - Started process (PID=5185) to work on /opt/airflow/dags/dag_with_postgres_operator.py
[2024-09-23T20:38:29.501+0000] {processor.py:914} INFO - Processing file /opt/airflow/dags/dag_with_postgres_operator.py for tasks to queue
[2024-09-23T20:38:29.530+0000] {logging_mixin.py:190} INFO - [2024-09-23T20:38:29.529+0000] {dagbag.py:587} INFO - Filling up the DagBag from /opt/airflow/dags/dag_with_postgres_operator.py
[2024-09-23T20:38:30.219+0000] {processor.py:925} INFO - DAG(s) 'dag_with_postgres_operator_v01' retrieved from /opt/airflow/dags/dag_with_postgres_operator.py
[2024-09-23T20:38:30.874+0000] {logging_mixin.py:190} INFO - [2024-09-23T20:38:30.874+0000] {dag.py:3229} INFO - Sync 1 DAGs
[2024-09-23T20:38:30.927+0000] {logging_mixin.py:190} INFO - [2024-09-23T20:38:30.926+0000] {dag.py:4156} INFO - Setting next_dagrun for dag_with_postgres_operator_v01 to 2024-09-23 00:00:00+00:00, run_after=2024-09-24 00:00:00+00:00
[2024-09-23T20:38:31.210+0000] {processor.py:208} INFO - Processing /opt/airflow/dags/dag_with_postgres_operator.py took 1.751 seconds
[2024-09-23T20:38:35.788+0000] {processor.py:186} INFO - Started process (PID=5193) to work on /opt/airflow/dags/dag_with_postgres_operator.py
[2024-09-23T20:38:35.796+0000] {processor.py:914} INFO - Processing file /opt/airflow/dags/dag_with_postgres_operator.py for tasks to queue
[2024-09-23T20:38:35.801+0000] {logging_mixin.py:190} INFO - [2024-09-23T20:38:35.801+0000] {dagbag.py:587} INFO - Filling up the DagBag from /opt/airflow/dags/dag_with_postgres_operator.py
[2024-09-23T20:38:36.120+0000] {processor.py:925} INFO - DAG(s) 'dag_with_postgres_operator_v01' retrieved from /opt/airflow/dags/dag_with_postgres_operator.py
[2024-09-23T20:38:36.153+0000] {logging_mixin.py:190} INFO - [2024-09-23T20:38:36.152+0000] {dag.py:3229} INFO - Sync 1 DAGs
[2024-09-23T20:38:36.227+0000] {logging_mixin.py:190} INFO - [2024-09-23T20:38:36.226+0000] {dag.py:4156} INFO - Setting next_dagrun for dag_with_postgres_operator_v01 to 2024-09-23 00:00:00+00:00, run_after=2024-09-24 00:00:00+00:00
[2024-09-23T20:38:36.314+0000] {processor.py:208} INFO - Processing /opt/airflow/dags/dag_with_postgres_operator.py took 0.539 seconds
[2024-09-23T20:38:40.914+0000] {processor.py:186} INFO - Started process (PID=5208) to work on /opt/airflow/dags/dag_with_postgres_operator.py
[2024-09-23T20:38:40.917+0000] {processor.py:914} INFO - Processing file /opt/airflow/dags/dag_with_postgres_operator.py for tasks to queue
[2024-09-23T20:38:40.921+0000] {logging_mixin.py:190} INFO - [2024-09-23T20:38:40.920+0000] {dagbag.py:587} INFO - Filling up the DagBag from /opt/airflow/dags/dag_with_postgres_operator.py
[2024-09-23T20:38:41.076+0000] {processor.py:925} INFO - DAG(s) 'dag_with_postgres_operator_v01' retrieved from /opt/airflow/dags/dag_with_postgres_operator.py
[2024-09-23T20:38:41.101+0000] {logging_mixin.py:190} INFO - [2024-09-23T20:38:41.101+0000] {dag.py:3229} INFO - Sync 1 DAGs
[2024-09-23T20:38:41.151+0000] {logging_mixin.py:190} INFO - [2024-09-23T20:38:41.151+0000] {dag.py:4156} INFO - Setting next_dagrun for dag_with_postgres_operator_v01 to 2024-09-23 00:00:00+00:00, run_after=2024-09-24 00:00:00+00:00
[2024-09-23T20:38:41.220+0000] {processor.py:208} INFO - Processing /opt/airflow/dags/dag_with_postgres_operator.py took 0.313 seconds
[2024-09-23T20:38:52.844+0000] {processor.py:186} INFO - Started process (PID=5228) to work on /opt/airflow/dags/dag_with_postgres_operator.py
[2024-09-23T20:38:52.868+0000] {processor.py:914} INFO - Processing file /opt/airflow/dags/dag_with_postgres_operator.py for tasks to queue
[2024-09-23T20:38:52.877+0000] {logging_mixin.py:190} INFO - [2024-09-23T20:38:52.876+0000] {dagbag.py:587} INFO - Filling up the DagBag from /opt/airflow/dags/dag_with_postgres_operator.py
[2024-09-23T20:38:53.508+0000] {processor.py:925} INFO - DAG(s) 'dag_with_postgres_operator_v01' retrieved from /opt/airflow/dags/dag_with_postgres_operator.py
[2024-09-23T20:38:53.559+0000] {logging_mixin.py:190} INFO - [2024-09-23T20:38:53.558+0000] {dag.py:3229} INFO - Sync 1 DAGs
[2024-09-23T20:38:53.638+0000] {logging_mixin.py:190} INFO - [2024-09-23T20:38:53.638+0000] {dag.py:4156} INFO - Setting next_dagrun for dag_with_postgres_operator_v01 to 2024-09-23 00:00:00+00:00, run_after=2024-09-24 00:00:00+00:00
[2024-09-23T20:38:54.179+0000] {processor.py:208} INFO - Processing /opt/airflow/dags/dag_with_postgres_operator.py took 1.346 seconds
[2024-09-23T20:39:06.337+0000] {processor.py:186} INFO - Started process (PID=5236) to work on /opt/airflow/dags/dag_with_postgres_operator.py
[2024-09-23T20:39:06.340+0000] {processor.py:914} INFO - Processing file /opt/airflow/dags/dag_with_postgres_operator.py for tasks to queue
[2024-09-23T20:39:06.345+0000] {logging_mixin.py:190} INFO - [2024-09-23T20:39:06.344+0000] {dagbag.py:587} INFO - Filling up the DagBag from /opt/airflow/dags/dag_with_postgres_operator.py
[2024-09-23T20:39:06.910+0000] {processor.py:925} INFO - DAG(s) 'dag_with_postgres_operator_v01' retrieved from /opt/airflow/dags/dag_with_postgres_operator.py
[2024-09-23T20:39:07.671+0000] {logging_mixin.py:190} INFO - [2024-09-23T20:39:07.671+0000] {dag.py:3229} INFO - Sync 1 DAGs
[2024-09-23T20:39:07.803+0000] {logging_mixin.py:190} INFO - [2024-09-23T20:39:07.802+0000] {dag.py:4156} INFO - Setting next_dagrun for dag_with_postgres_operator_v01 to 2024-09-23 00:00:00+00:00, run_after=2024-09-24 00:00:00+00:00
[2024-09-23T20:39:08.328+0000] {processor.py:208} INFO - Processing /opt/airflow/dags/dag_with_postgres_operator.py took 2.001 seconds
[2024-09-23T20:39:32.816+0000] {processor.py:186} INFO - Started process (PID=5266) to work on /opt/airflow/dags/dag_with_postgres_operator.py
[2024-09-23T20:39:32.819+0000] {processor.py:914} INFO - Processing file /opt/airflow/dags/dag_with_postgres_operator.py for tasks to queue
[2024-09-23T20:39:32.829+0000] {logging_mixin.py:190} INFO - [2024-09-23T20:39:32.828+0000] {dagbag.py:587} INFO - Filling up the DagBag from /opt/airflow/dags/dag_with_postgres_operator.py
[2024-09-23T20:39:32.979+0000] {processor.py:925} INFO - DAG(s) 'dag_with_postgres_operator_v01' retrieved from /opt/airflow/dags/dag_with_postgres_operator.py
[2024-09-23T20:39:33.009+0000] {logging_mixin.py:190} INFO - [2024-09-23T20:39:33.008+0000] {dag.py:3229} INFO - Sync 1 DAGs
[2024-09-23T20:39:33.063+0000] {logging_mixin.py:190} INFO - [2024-09-23T20:39:33.062+0000] {dag.py:4156} INFO - Setting next_dagrun for dag_with_postgres_operator_v01 to 2024-09-23 00:00:00+00:00, run_after=2024-09-24 00:00:00+00:00
[2024-09-23T20:39:33.119+0000] {processor.py:208} INFO - Processing /opt/airflow/dags/dag_with_postgres_operator.py took 0.317 seconds
[2024-09-23T20:40:03.637+0000] {processor.py:186} INFO - Started process (PID=5302) to work on /opt/airflow/dags/dag_with_postgres_operator.py
[2024-09-23T20:40:03.640+0000] {processor.py:914} INFO - Processing file /opt/airflow/dags/dag_with_postgres_operator.py for tasks to queue
[2024-09-23T20:40:03.645+0000] {logging_mixin.py:190} INFO - [2024-09-23T20:40:03.644+0000] {dagbag.py:587} INFO - Filling up the DagBag from /opt/airflow/dags/dag_with_postgres_operator.py
[2024-09-23T20:40:03.753+0000] {processor.py:925} INFO - DAG(s) 'dag_with_postgres_operator_v01' retrieved from /opt/airflow/dags/dag_with_postgres_operator.py
[2024-09-23T20:40:03.803+0000] {logging_mixin.py:190} INFO - [2024-09-23T20:40:03.803+0000] {dag.py:3229} INFO - Sync 1 DAGs
[2024-09-23T20:40:04.168+0000] {logging_mixin.py:190} INFO - [2024-09-23T20:40:04.168+0000] {dag.py:4156} INFO - Setting next_dagrun for dag_with_postgres_operator_v01 to 2024-09-23 00:00:00+00:00, run_after=2024-09-24 00:00:00+00:00
[2024-09-23T20:40:04.214+0000] {processor.py:208} INFO - Processing /opt/airflow/dags/dag_with_postgres_operator.py took 0.591 seconds
[2024-09-23T20:40:34.748+0000] {processor.py:186} INFO - Started process (PID=5336) to work on /opt/airflow/dags/dag_with_postgres_operator.py
[2024-09-23T20:40:34.750+0000] {processor.py:914} INFO - Processing file /opt/airflow/dags/dag_with_postgres_operator.py for tasks to queue
[2024-09-23T20:40:34.753+0000] {logging_mixin.py:190} INFO - [2024-09-23T20:40:34.753+0000] {dagbag.py:587} INFO - Filling up the DagBag from /opt/airflow/dags/dag_with_postgres_operator.py
[2024-09-23T20:40:35.020+0000] {processor.py:925} INFO - DAG(s) 'dag_with_postgres_operator_v01' retrieved from /opt/airflow/dags/dag_with_postgres_operator.py
[2024-09-23T20:40:35.128+0000] {logging_mixin.py:190} INFO - [2024-09-23T20:40:35.128+0000] {dag.py:3229} INFO - Sync 1 DAGs
[2024-09-23T20:40:36.310+0000] {logging_mixin.py:190} INFO - [2024-09-23T20:40:36.309+0000] {dag.py:4156} INFO - Setting next_dagrun for dag_with_postgres_operator_v01 to 2024-09-23 00:00:00+00:00, run_after=2024-09-24 00:00:00+00:00
[2024-09-23T20:40:36.372+0000] {processor.py:208} INFO - Processing /opt/airflow/dags/dag_with_postgres_operator.py took 1.633 seconds
[2024-09-23T20:41:06.615+0000] {processor.py:186} INFO - Started process (PID=5371) to work on /opt/airflow/dags/dag_with_postgres_operator.py
[2024-09-23T20:41:06.618+0000] {processor.py:914} INFO - Processing file /opt/airflow/dags/dag_with_postgres_operator.py for tasks to queue
[2024-09-23T20:41:06.621+0000] {logging_mixin.py:190} INFO - [2024-09-23T20:41:06.621+0000] {dagbag.py:587} INFO - Filling up the DagBag from /opt/airflow/dags/dag_with_postgres_operator.py
[2024-09-23T20:41:06.686+0000] {processor.py:925} INFO - DAG(s) 'dag_with_postgres_operator_v01' retrieved from /opt/airflow/dags/dag_with_postgres_operator.py
[2024-09-23T20:41:06.734+0000] {logging_mixin.py:190} INFO - [2024-09-23T20:41:06.734+0000] {dag.py:3229} INFO - Sync 1 DAGs
[2024-09-23T20:41:06.788+0000] {logging_mixin.py:190} INFO - [2024-09-23T20:41:06.787+0000] {dag.py:4156} INFO - Setting next_dagrun for dag_with_postgres_operator_v01 to 2024-09-23 00:00:00+00:00, run_after=2024-09-24 00:00:00+00:00
[2024-09-23T20:41:06.843+0000] {processor.py:208} INFO - Processing /opt/airflow/dags/dag_with_postgres_operator.py took 0.236 seconds
[2024-09-23T20:41:37.198+0000] {processor.py:186} INFO - Started process (PID=5407) to work on /opt/airflow/dags/dag_with_postgres_operator.py
[2024-09-23T20:41:37.203+0000] {processor.py:914} INFO - Processing file /opt/airflow/dags/dag_with_postgres_operator.py for tasks to queue
[2024-09-23T20:41:37.207+0000] {logging_mixin.py:190} INFO - [2024-09-23T20:41:37.206+0000] {dagbag.py:587} INFO - Filling up the DagBag from /opt/airflow/dags/dag_with_postgres_operator.py
[2024-09-23T20:41:37.305+0000] {processor.py:925} INFO - DAG(s) 'dag_with_postgres_operator_v01' retrieved from /opt/airflow/dags/dag_with_postgres_operator.py
[2024-09-23T20:41:37.333+0000] {logging_mixin.py:190} INFO - [2024-09-23T20:41:37.333+0000] {dag.py:3229} INFO - Sync 1 DAGs
[2024-09-23T20:41:37.354+0000] {logging_mixin.py:190} INFO - [2024-09-23T20:41:37.353+0000] {dag.py:4156} INFO - Setting next_dagrun for dag_with_postgres_operator_v01 to 2024-09-23 00:00:00+00:00, run_after=2024-09-24 00:00:00+00:00
[2024-09-23T20:41:37.381+0000] {processor.py:208} INFO - Processing /opt/airflow/dags/dag_with_postgres_operator.py took 0.195 seconds
[2024-09-23T20:41:57.969+0000] {processor.py:186} INFO - Started process (PID=5435) to work on /opt/airflow/dags/dag_with_postgres_operator.py
[2024-09-23T20:41:57.993+0000] {processor.py:914} INFO - Processing file /opt/airflow/dags/dag_with_postgres_operator.py for tasks to queue
[2024-09-23T20:41:58.022+0000] {logging_mixin.py:190} INFO - [2024-09-23T20:41:58.021+0000] {dagbag.py:587} INFO - Filling up the DagBag from /opt/airflow/dags/dag_with_postgres_operator.py
[2024-09-23T20:41:58.614+0000] {processor.py:925} INFO - DAG(s) 'dag_with_postgres_operator_v01' retrieved from /opt/airflow/dags/dag_with_postgres_operator.py
[2024-09-23T20:41:59.126+0000] {logging_mixin.py:190} INFO - [2024-09-23T20:41:59.125+0000] {dag.py:3229} INFO - Sync 1 DAGs
[2024-09-23T20:41:59.211+0000] {logging_mixin.py:190} INFO - [2024-09-23T20:41:59.210+0000] {dag.py:4156} INFO - Setting next_dagrun for dag_with_postgres_operator_v01 to 2024-09-23 00:00:00+00:00, run_after=2024-09-24 00:00:00+00:00
[2024-09-23T20:41:59.755+0000] {processor.py:208} INFO - Processing /opt/airflow/dags/dag_with_postgres_operator.py took 1.803 seconds
[2024-09-23T20:42:20.187+0000] {processor.py:186} INFO - Started process (PID=5448) to work on /opt/airflow/dags/dag_with_postgres_operator.py
[2024-09-23T20:42:20.190+0000] {processor.py:914} INFO - Processing file /opt/airflow/dags/dag_with_postgres_operator.py for tasks to queue
[2024-09-23T20:42:20.194+0000] {logging_mixin.py:190} INFO - [2024-09-23T20:42:20.193+0000] {dagbag.py:587} INFO - Filling up the DagBag from /opt/airflow/dags/dag_with_postgres_operator.py
[2024-09-23T20:42:20.403+0000] {processor.py:925} INFO - DAG(s) 'dag_with_postgres_operator_v01' retrieved from /opt/airflow/dags/dag_with_postgres_operator.py
[2024-09-23T20:42:20.429+0000] {logging_mixin.py:190} INFO - [2024-09-23T20:42:20.428+0000] {dag.py:3229} INFO - Sync 1 DAGs
[2024-09-23T20:42:20.487+0000] {logging_mixin.py:190} INFO - [2024-09-23T20:42:20.487+0000] {dag.py:4156} INFO - Setting next_dagrun for dag_with_postgres_operator_v01 to 2024-09-23 00:00:00+00:00, run_after=2024-09-24 00:00:00+00:00
[2024-09-23T20:42:20.555+0000] {processor.py:208} INFO - Processing /opt/airflow/dags/dag_with_postgres_operator.py took 0.375 seconds
[2024-09-23T20:42:37.658+0000] {processor.py:186} INFO - Started process (PID=5478) to work on /opt/airflow/dags/dag_with_postgres_operator.py
[2024-09-23T20:42:37.660+0000] {processor.py:914} INFO - Processing file /opt/airflow/dags/dag_with_postgres_operator.py for tasks to queue
[2024-09-23T20:42:37.662+0000] {logging_mixin.py:190} INFO - [2024-09-23T20:42:37.662+0000] {dagbag.py:587} INFO - Filling up the DagBag from /opt/airflow/dags/dag_with_postgres_operator.py
[2024-09-23T20:42:37.774+0000] {processor.py:925} INFO - DAG(s) 'dag_with_postgres_operator_v01' retrieved from /opt/airflow/dags/dag_with_postgres_operator.py
[2024-09-23T20:42:37.830+0000] {logging_mixin.py:190} INFO - [2024-09-23T20:42:37.830+0000] {dag.py:3229} INFO - Sync 1 DAGs
[2024-09-23T20:42:37.853+0000] {logging_mixin.py:190} INFO - [2024-09-23T20:42:37.853+0000] {dag.py:4156} INFO - Setting next_dagrun for dag_with_postgres_operator_v01 to 2024-09-23 00:00:00+00:00, run_after=2024-09-24 00:00:00+00:00
[2024-09-23T20:42:37.878+0000] {processor.py:208} INFO - Processing /opt/airflow/dags/dag_with_postgres_operator.py took 0.230 seconds
[2024-09-23T20:42:50.191+0000] {processor.py:186} INFO - Started process (PID=5489) to work on /opt/airflow/dags/dag_with_postgres_operator.py
[2024-09-23T20:42:50.194+0000] {processor.py:914} INFO - Processing file /opt/airflow/dags/dag_with_postgres_operator.py for tasks to queue
[2024-09-23T20:42:50.198+0000] {logging_mixin.py:190} INFO - [2024-09-23T20:42:50.197+0000] {dagbag.py:587} INFO - Filling up the DagBag from /opt/airflow/dags/dag_with_postgres_operator.py
[2024-09-23T20:42:50.308+0000] {processor.py:925} INFO - DAG(s) 'dag_with_postgres_operator_v01' retrieved from /opt/airflow/dags/dag_with_postgres_operator.py
[2024-09-23T20:42:50.367+0000] {logging_mixin.py:190} INFO - [2024-09-23T20:42:50.366+0000] {dag.py:3229} INFO - Sync 1 DAGs
[2024-09-23T20:42:50.431+0000] {logging_mixin.py:190} INFO - [2024-09-23T20:42:50.430+0000] {dag.py:4156} INFO - Setting next_dagrun for dag_with_postgres_operator_v01 to 2024-09-23 00:00:00+00:00, run_after=2024-09-24 00:00:00+00:00
[2024-09-23T20:42:50.654+0000] {processor.py:208} INFO - Processing /opt/airflow/dags/dag_with_postgres_operator.py took 0.475 seconds
[2024-09-23T20:43:06.978+0000] {processor.py:186} INFO - Started process (PID=5519) to work on /opt/airflow/dags/dag_with_postgres_operator.py
[2024-09-23T20:43:06.980+0000] {processor.py:914} INFO - Processing file /opt/airflow/dags/dag_with_postgres_operator.py for tasks to queue
[2024-09-23T20:43:06.984+0000] {logging_mixin.py:190} INFO - [2024-09-23T20:43:06.983+0000] {dagbag.py:587} INFO - Filling up the DagBag from /opt/airflow/dags/dag_with_postgres_operator.py
[2024-09-23T20:43:07.469+0000] {processor.py:925} INFO - DAG(s) 'dag_with_postgres_operator_v01' retrieved from /opt/airflow/dags/dag_with_postgres_operator.py
[2024-09-23T20:43:08.031+0000] {logging_mixin.py:190} INFO - [2024-09-23T20:43:08.030+0000] {dag.py:3229} INFO - Sync 1 DAGs
[2024-09-23T20:43:08.124+0000] {logging_mixin.py:190} INFO - [2024-09-23T20:43:08.124+0000] {dag.py:4156} INFO - Setting next_dagrun for dag_with_postgres_operator_v01 to 2024-09-23 00:00:00+00:00, run_after=2024-09-24 00:00:00+00:00
[2024-09-23T20:43:08.243+0000] {processor.py:208} INFO - Processing /opt/airflow/dags/dag_with_postgres_operator.py took 1.275 seconds
[2024-09-23T20:43:38.821+0000] {processor.py:186} INFO - Started process (PID=5555) to work on /opt/airflow/dags/dag_with_postgres_operator.py
[2024-09-23T20:43:38.824+0000] {processor.py:914} INFO - Processing file /opt/airflow/dags/dag_with_postgres_operator.py for tasks to queue
[2024-09-23T20:43:38.829+0000] {logging_mixin.py:190} INFO - [2024-09-23T20:43:38.827+0000] {dagbag.py:587} INFO - Filling up the DagBag from /opt/airflow/dags/dag_with_postgres_operator.py
[2024-09-23T20:43:38.952+0000] {processor.py:925} INFO - DAG(s) 'dag_with_postgres_operator_v01' retrieved from /opt/airflow/dags/dag_with_postgres_operator.py
[2024-09-23T20:43:39.004+0000] {logging_mixin.py:190} INFO - [2024-09-23T20:43:39.004+0000] {dag.py:3229} INFO - Sync 1 DAGs
[2024-09-23T20:43:39.292+0000] {logging_mixin.py:190} INFO - [2024-09-23T20:43:39.291+0000] {dag.py:4156} INFO - Setting next_dagrun for dag_with_postgres_operator_v01 to 2024-09-23 00:00:00+00:00, run_after=2024-09-24 00:00:00+00:00
[2024-09-23T20:43:39.353+0000] {processor.py:208} INFO - Processing /opt/airflow/dags/dag_with_postgres_operator.py took 0.555 seconds
[2024-09-23T20:44:09.843+0000] {processor.py:186} INFO - Started process (PID=5588) to work on /opt/airflow/dags/dag_with_postgres_operator.py
[2024-09-23T20:44:09.846+0000] {processor.py:914} INFO - Processing file /opt/airflow/dags/dag_with_postgres_operator.py for tasks to queue
[2024-09-23T20:44:09.849+0000] {logging_mixin.py:190} INFO - [2024-09-23T20:44:09.849+0000] {dagbag.py:587} INFO - Filling up the DagBag from /opt/airflow/dags/dag_with_postgres_operator.py
[2024-09-23T20:44:10.018+0000] {processor.py:925} INFO - DAG(s) 'dag_with_postgres_operator_v01' retrieved from /opt/airflow/dags/dag_with_postgres_operator.py
[2024-09-23T20:44:10.050+0000] {logging_mixin.py:190} INFO - [2024-09-23T20:44:10.050+0000] {dag.py:3229} INFO - Sync 1 DAGs
[2024-09-23T20:44:10.074+0000] {logging_mixin.py:190} INFO - [2024-09-23T20:44:10.074+0000] {dag.py:4156} INFO - Setting next_dagrun for dag_with_postgres_operator_v01 to 2024-09-23 00:00:00+00:00, run_after=2024-09-24 00:00:00+00:00
[2024-09-23T20:44:10.098+0000] {processor.py:208} INFO - Processing /opt/airflow/dags/dag_with_postgres_operator.py took 0.265 seconds
[2024-09-23T20:44:40.882+0000] {processor.py:186} INFO - Started process (PID=5621) to work on /opt/airflow/dags/dag_with_postgres_operator.py
[2024-09-23T20:44:40.884+0000] {processor.py:914} INFO - Processing file /opt/airflow/dags/dag_with_postgres_operator.py for tasks to queue
[2024-09-23T20:44:40.888+0000] {logging_mixin.py:190} INFO - [2024-09-23T20:44:40.887+0000] {dagbag.py:587} INFO - Filling up the DagBag from /opt/airflow/dags/dag_with_postgres_operator.py
[2024-09-23T20:44:40.990+0000] {processor.py:925} INFO - DAG(s) 'dag_with_postgres_operator_v01' retrieved from /opt/airflow/dags/dag_with_postgres_operator.py
[2024-09-23T20:44:41.023+0000] {logging_mixin.py:190} INFO - [2024-09-23T20:44:41.023+0000] {dag.py:3229} INFO - Sync 1 DAGs
[2024-09-23T20:44:41.051+0000] {logging_mixin.py:190} INFO - [2024-09-23T20:44:41.051+0000] {dag.py:4156} INFO - Setting next_dagrun for dag_with_postgres_operator_v01 to 2024-09-23 00:00:00+00:00, run_after=2024-09-24 00:00:00+00:00
[2024-09-23T20:44:41.079+0000] {processor.py:208} INFO - Processing /opt/airflow/dags/dag_with_postgres_operator.py took 0.206 seconds
[2024-09-23T20:45:11.750+0000] {processor.py:186} INFO - Started process (PID=5654) to work on /opt/airflow/dags/dag_with_postgres_operator.py
[2024-09-23T20:45:11.752+0000] {processor.py:914} INFO - Processing file /opt/airflow/dags/dag_with_postgres_operator.py for tasks to queue
[2024-09-23T20:45:11.755+0000] {logging_mixin.py:190} INFO - [2024-09-23T20:45:11.754+0000] {dagbag.py:587} INFO - Filling up the DagBag from /opt/airflow/dags/dag_with_postgres_operator.py
[2024-09-23T20:45:11.866+0000] {processor.py:925} INFO - DAG(s) 'dag_with_postgres_operator_v01' retrieved from /opt/airflow/dags/dag_with_postgres_operator.py
[2024-09-23T20:45:11.892+0000] {logging_mixin.py:190} INFO - [2024-09-23T20:45:11.892+0000] {dag.py:3229} INFO - Sync 1 DAGs
[2024-09-23T20:45:11.913+0000] {logging_mixin.py:190} INFO - [2024-09-23T20:45:11.913+0000] {dag.py:4156} INFO - Setting next_dagrun for dag_with_postgres_operator_v01 to 2024-09-23 00:00:00+00:00, run_after=2024-09-24 00:00:00+00:00
[2024-09-23T20:45:11.946+0000] {processor.py:208} INFO - Processing /opt/airflow/dags/dag_with_postgres_operator.py took 0.201 seconds
[2024-09-23T20:45:42.651+0000] {processor.py:186} INFO - Started process (PID=5687) to work on /opt/airflow/dags/dag_with_postgres_operator.py
[2024-09-23T20:45:42.653+0000] {processor.py:914} INFO - Processing file /opt/airflow/dags/dag_with_postgres_operator.py for tasks to queue
[2024-09-23T20:45:42.655+0000] {logging_mixin.py:190} INFO - [2024-09-23T20:45:42.655+0000] {dagbag.py:587} INFO - Filling up the DagBag from /opt/airflow/dags/dag_with_postgres_operator.py
[2024-09-23T20:45:42.751+0000] {processor.py:925} INFO - DAG(s) 'dag_with_postgres_operator_v01' retrieved from /opt/airflow/dags/dag_with_postgres_operator.py
[2024-09-23T20:45:42.775+0000] {logging_mixin.py:190} INFO - [2024-09-23T20:45:42.774+0000] {dag.py:3229} INFO - Sync 1 DAGs
[2024-09-23T20:45:42.796+0000] {logging_mixin.py:190} INFO - [2024-09-23T20:45:42.796+0000] {dag.py:4156} INFO - Setting next_dagrun for dag_with_postgres_operator_v01 to 2024-09-23 00:00:00+00:00, run_after=2024-09-24 00:00:00+00:00
[2024-09-23T20:45:42.939+0000] {processor.py:208} INFO - Processing /opt/airflow/dags/dag_with_postgres_operator.py took 0.298 seconds
[2024-09-23T20:46:13.132+0000] {processor.py:186} INFO - Started process (PID=5720) to work on /opt/airflow/dags/dag_with_postgres_operator.py
[2024-09-23T20:46:13.134+0000] {processor.py:914} INFO - Processing file /opt/airflow/dags/dag_with_postgres_operator.py for tasks to queue
[2024-09-23T20:46:13.136+0000] {logging_mixin.py:190} INFO - [2024-09-23T20:46:13.135+0000] {dagbag.py:587} INFO - Filling up the DagBag from /opt/airflow/dags/dag_with_postgres_operator.py
[2024-09-23T20:46:13.224+0000] {processor.py:925} INFO - DAG(s) 'dag_with_postgres_operator_v01' retrieved from /opt/airflow/dags/dag_with_postgres_operator.py
[2024-09-23T20:46:13.255+0000] {logging_mixin.py:190} INFO - [2024-09-23T20:46:13.254+0000] {dag.py:3229} INFO - Sync 1 DAGs
[2024-09-23T20:46:13.403+0000] {logging_mixin.py:190} INFO - [2024-09-23T20:46:13.403+0000] {dag.py:4156} INFO - Setting next_dagrun for dag_with_postgres_operator_v01 to 2024-09-23 00:00:00+00:00, run_after=2024-09-24 00:00:00+00:00
[2024-09-23T20:46:13.430+0000] {processor.py:208} INFO - Processing /opt/airflow/dags/dag_with_postgres_operator.py took 0.305 seconds
[2024-09-23T20:46:43.789+0000] {processor.py:186} INFO - Started process (PID=5753) to work on /opt/airflow/dags/dag_with_postgres_operator.py
[2024-09-23T20:46:43.794+0000] {processor.py:914} INFO - Processing file /opt/airflow/dags/dag_with_postgres_operator.py for tasks to queue
[2024-09-23T20:46:43.798+0000] {logging_mixin.py:190} INFO - [2024-09-23T20:46:43.797+0000] {dagbag.py:587} INFO - Filling up the DagBag from /opt/airflow/dags/dag_with_postgres_operator.py
[2024-09-23T20:46:43.897+0000] {processor.py:925} INFO - DAG(s) 'dag_with_postgres_operator_v01' retrieved from /opt/airflow/dags/dag_with_postgres_operator.py
[2024-09-23T20:46:44.157+0000] {logging_mixin.py:190} INFO - [2024-09-23T20:46:44.156+0000] {dag.py:3229} INFO - Sync 1 DAGs
[2024-09-23T20:46:44.220+0000] {logging_mixin.py:190} INFO - [2024-09-23T20:46:44.220+0000] {dag.py:4156} INFO - Setting next_dagrun for dag_with_postgres_operator_v01 to 2024-09-23 00:00:00+00:00, run_after=2024-09-24 00:00:00+00:00
[2024-09-23T20:46:44.296+0000] {processor.py:208} INFO - Processing /opt/airflow/dags/dag_with_postgres_operator.py took 0.522 seconds
[2024-09-23T20:47:14.794+0000] {processor.py:186} INFO - Started process (PID=5786) to work on /opt/airflow/dags/dag_with_postgres_operator.py
[2024-09-23T20:47:14.798+0000] {processor.py:914} INFO - Processing file /opt/airflow/dags/dag_with_postgres_operator.py for tasks to queue
[2024-09-23T20:47:14.803+0000] {logging_mixin.py:190} INFO - [2024-09-23T20:47:14.801+0000] {dagbag.py:587} INFO - Filling up the DagBag from /opt/airflow/dags/dag_with_postgres_operator.py
[2024-09-23T20:47:14.948+0000] {processor.py:925} INFO - DAG(s) 'dag_with_postgres_operator_v01' retrieved from /opt/airflow/dags/dag_with_postgres_operator.py
[2024-09-23T20:47:15.023+0000] {logging_mixin.py:190} INFO - [2024-09-23T20:47:15.022+0000] {dag.py:3229} INFO - Sync 1 DAGs
[2024-09-23T20:47:15.107+0000] {logging_mixin.py:190} INFO - [2024-09-23T20:47:15.106+0000] {dag.py:4156} INFO - Setting next_dagrun for dag_with_postgres_operator_v01 to 2024-09-23 00:00:00+00:00, run_after=2024-09-24 00:00:00+00:00
[2024-09-23T20:47:15.172+0000] {processor.py:208} INFO - Processing /opt/airflow/dags/dag_with_postgres_operator.py took 0.399 seconds
[2024-09-23T20:47:45.699+0000] {processor.py:186} INFO - Started process (PID=5819) to work on /opt/airflow/dags/dag_with_postgres_operator.py
[2024-09-23T20:47:45.701+0000] {processor.py:914} INFO - Processing file /opt/airflow/dags/dag_with_postgres_operator.py for tasks to queue
[2024-09-23T20:47:45.703+0000] {logging_mixin.py:190} INFO - [2024-09-23T20:47:45.703+0000] {dagbag.py:587} INFO - Filling up the DagBag from /opt/airflow/dags/dag_with_postgres_operator.py
[2024-09-23T20:47:45.836+0000] {processor.py:925} INFO - DAG(s) 'dag_with_postgres_operator_v01' retrieved from /opt/airflow/dags/dag_with_postgres_operator.py
[2024-09-23T20:47:45.900+0000] {logging_mixin.py:190} INFO - [2024-09-23T20:47:45.899+0000] {dag.py:3229} INFO - Sync 1 DAGs
[2024-09-23T20:47:45.943+0000] {logging_mixin.py:190} INFO - [2024-09-23T20:47:45.943+0000] {dag.py:4156} INFO - Setting next_dagrun for dag_with_postgres_operator_v01 to 2024-09-23 00:00:00+00:00, run_after=2024-09-24 00:00:00+00:00
[2024-09-23T20:47:45.986+0000] {processor.py:208} INFO - Processing /opt/airflow/dags/dag_with_postgres_operator.py took 0.295 seconds
[2024-09-23T20:48:16.567+0000] {processor.py:186} INFO - Started process (PID=5852) to work on /opt/airflow/dags/dag_with_postgres_operator.py
[2024-09-23T20:48:16.569+0000] {processor.py:914} INFO - Processing file /opt/airflow/dags/dag_with_postgres_operator.py for tasks to queue
[2024-09-23T20:48:16.575+0000] {logging_mixin.py:190} INFO - [2024-09-23T20:48:16.575+0000] {dagbag.py:587} INFO - Filling up the DagBag from /opt/airflow/dags/dag_with_postgres_operator.py
[2024-09-23T20:48:16.669+0000] {processor.py:925} INFO - DAG(s) 'dag_with_postgres_operator_v01' retrieved from /opt/airflow/dags/dag_with_postgres_operator.py
[2024-09-23T20:48:16.714+0000] {logging_mixin.py:190} INFO - [2024-09-23T20:48:16.714+0000] {dag.py:3229} INFO - Sync 1 DAGs
[2024-09-23T20:48:16.740+0000] {logging_mixin.py:190} INFO - [2024-09-23T20:48:16.739+0000] {dag.py:4156} INFO - Setting next_dagrun for dag_with_postgres_operator_v01 to 2024-09-23 00:00:00+00:00, run_after=2024-09-24 00:00:00+00:00
[2024-09-23T20:48:16.771+0000] {processor.py:208} INFO - Processing /opt/airflow/dags/dag_with_postgres_operator.py took 0.213 seconds
[2024-09-23T20:48:47.344+0000] {processor.py:186} INFO - Started process (PID=5885) to work on /opt/airflow/dags/dag_with_postgres_operator.py
[2024-09-23T20:48:47.347+0000] {processor.py:914} INFO - Processing file /opt/airflow/dags/dag_with_postgres_operator.py for tasks to queue
[2024-09-23T20:48:47.350+0000] {logging_mixin.py:190} INFO - [2024-09-23T20:48:47.350+0000] {dagbag.py:587} INFO - Filling up the DagBag from /opt/airflow/dags/dag_with_postgres_operator.py
[2024-09-23T20:48:47.451+0000] {processor.py:925} INFO - DAG(s) 'dag_with_postgres_operator_v01' retrieved from /opt/airflow/dags/dag_with_postgres_operator.py
[2024-09-23T20:48:47.497+0000] {logging_mixin.py:190} INFO - [2024-09-23T20:48:47.497+0000] {dag.py:3229} INFO - Sync 1 DAGs
[2024-09-23T20:48:47.779+0000] {logging_mixin.py:190} INFO - [2024-09-23T20:48:47.779+0000] {dag.py:4156} INFO - Setting next_dagrun for dag_with_postgres_operator_v01 to 2024-09-23 00:00:00+00:00, run_after=2024-09-24 00:00:00+00:00
[2024-09-23T20:48:47.819+0000] {processor.py:208} INFO - Processing /opt/airflow/dags/dag_with_postgres_operator.py took 0.491 seconds
[2024-09-23T20:49:18.387+0000] {processor.py:186} INFO - Started process (PID=5918) to work on /opt/airflow/dags/dag_with_postgres_operator.py
[2024-09-23T20:49:18.389+0000] {processor.py:914} INFO - Processing file /opt/airflow/dags/dag_with_postgres_operator.py for tasks to queue
[2024-09-23T20:49:18.391+0000] {logging_mixin.py:190} INFO - [2024-09-23T20:49:18.391+0000] {dagbag.py:587} INFO - Filling up the DagBag from /opt/airflow/dags/dag_with_postgres_operator.py
[2024-09-23T20:49:18.489+0000] {processor.py:925} INFO - DAG(s) 'dag_with_postgres_operator_v01' retrieved from /opt/airflow/dags/dag_with_postgres_operator.py
[2024-09-23T20:49:18.523+0000] {logging_mixin.py:190} INFO - [2024-09-23T20:49:18.522+0000] {dag.py:3229} INFO - Sync 1 DAGs
[2024-09-23T20:49:18.652+0000] {logging_mixin.py:190} INFO - [2024-09-23T20:49:18.652+0000] {dag.py:4156} INFO - Setting next_dagrun for dag_with_postgres_operator_v01 to 2024-09-23 00:00:00+00:00, run_after=2024-09-24 00:00:00+00:00
[2024-09-23T20:49:18.673+0000] {processor.py:208} INFO - Processing /opt/airflow/dags/dag_with_postgres_operator.py took 0.299 seconds
[2024-09-23T20:49:49.880+0000] {processor.py:186} INFO - Started process (PID=5951) to work on /opt/airflow/dags/dag_with_postgres_operator.py
[2024-09-23T20:49:49.886+0000] {processor.py:914} INFO - Processing file /opt/airflow/dags/dag_with_postgres_operator.py for tasks to queue
[2024-09-23T20:49:49.897+0000] {logging_mixin.py:190} INFO - [2024-09-23T20:49:49.896+0000] {dagbag.py:587} INFO - Filling up the DagBag from /opt/airflow/dags/dag_with_postgres_operator.py
[2024-09-23T20:49:50.053+0000] {processor.py:925} INFO - DAG(s) 'dag_with_postgres_operator_v01' retrieved from /opt/airflow/dags/dag_with_postgres_operator.py
[2024-09-23T20:49:50.378+0000] {logging_mixin.py:190} INFO - [2024-09-23T20:49:50.377+0000] {dag.py:3229} INFO - Sync 1 DAGs
[2024-09-23T20:49:50.448+0000] {logging_mixin.py:190} INFO - [2024-09-23T20:49:50.447+0000] {dag.py:4156} INFO - Setting next_dagrun for dag_with_postgres_operator_v01 to 2024-09-23 00:00:00+00:00, run_after=2024-09-24 00:00:00+00:00
[2024-09-23T20:49:50.508+0000] {processor.py:208} INFO - Processing /opt/airflow/dags/dag_with_postgres_operator.py took 0.652 seconds
[2024-09-23T20:50:21.079+0000] {processor.py:186} INFO - Started process (PID=5984) to work on /opt/airflow/dags/dag_with_postgres_operator.py
[2024-09-23T20:50:21.090+0000] {processor.py:914} INFO - Processing file /opt/airflow/dags/dag_with_postgres_operator.py for tasks to queue
[2024-09-23T20:50:21.106+0000] {logging_mixin.py:190} INFO - [2024-09-23T20:50:21.105+0000] {dagbag.py:587} INFO - Filling up the DagBag from /opt/airflow/dags/dag_with_postgres_operator.py
[2024-09-23T20:50:21.511+0000] {processor.py:925} INFO - DAG(s) 'dag_with_postgres_operator_v01' retrieved from /opt/airflow/dags/dag_with_postgres_operator.py
[2024-09-23T20:50:21.622+0000] {logging_mixin.py:190} INFO - [2024-09-23T20:50:21.622+0000] {dag.py:3229} INFO - Sync 1 DAGs
[2024-09-23T20:50:21.684+0000] {logging_mixin.py:190} INFO - [2024-09-23T20:50:21.683+0000] {dag.py:4156} INFO - Setting next_dagrun for dag_with_postgres_operator_v01 to 2024-09-23 00:00:00+00:00, run_after=2024-09-24 00:00:00+00:00
[2024-09-23T20:50:21.740+0000] {processor.py:208} INFO - Processing /opt/airflow/dags/dag_with_postgres_operator.py took 0.675 seconds
[2024-09-23T20:50:52.348+0000] {processor.py:186} INFO - Started process (PID=6017) to work on /opt/airflow/dags/dag_with_postgres_operator.py
[2024-09-23T20:50:52.352+0000] {processor.py:914} INFO - Processing file /opt/airflow/dags/dag_with_postgres_operator.py for tasks to queue
[2024-09-23T20:50:52.356+0000] {logging_mixin.py:190} INFO - [2024-09-23T20:50:52.355+0000] {dagbag.py:587} INFO - Filling up the DagBag from /opt/airflow/dags/dag_with_postgres_operator.py
[2024-09-23T20:50:52.486+0000] {processor.py:925} INFO - DAG(s) 'dag_with_postgres_operator_v01' retrieved from /opt/airflow/dags/dag_with_postgres_operator.py
[2024-09-23T20:50:52.523+0000] {logging_mixin.py:190} INFO - [2024-09-23T20:50:52.523+0000] {dag.py:3229} INFO - Sync 1 DAGs
[2024-09-23T20:50:52.558+0000] {logging_mixin.py:190} INFO - [2024-09-23T20:50:52.558+0000] {dag.py:4156} INFO - Setting next_dagrun for dag_with_postgres_operator_v01 to 2024-09-23 00:00:00+00:00, run_after=2024-09-24 00:00:00+00:00
[2024-09-23T20:50:52.606+0000] {processor.py:208} INFO - Processing /opt/airflow/dags/dag_with_postgres_operator.py took 0.271 seconds
[2024-09-23T20:51:24.192+0000] {processor.py:186} INFO - Started process (PID=6050) to work on /opt/airflow/dags/dag_with_postgres_operator.py
[2024-09-23T20:51:24.206+0000] {processor.py:914} INFO - Processing file /opt/airflow/dags/dag_with_postgres_operator.py for tasks to queue
[2024-09-23T20:51:24.213+0000] {logging_mixin.py:190} INFO - [2024-09-23T20:51:24.213+0000] {dagbag.py:587} INFO - Filling up the DagBag from /opt/airflow/dags/dag_with_postgres_operator.py
[2024-09-23T20:51:24.545+0000] {processor.py:925} INFO - DAG(s) 'dag_with_postgres_operator_v01' retrieved from /opt/airflow/dags/dag_with_postgres_operator.py
[2024-09-23T20:51:24.592+0000] {logging_mixin.py:190} INFO - [2024-09-23T20:51:24.592+0000] {dag.py:3229} INFO - Sync 1 DAGs
[2024-09-23T20:51:24.638+0000] {logging_mixin.py:190} INFO - [2024-09-23T20:51:24.638+0000] {dag.py:4156} INFO - Setting next_dagrun for dag_with_postgres_operator_v01 to 2024-09-23 00:00:00+00:00, run_after=2024-09-24 00:00:00+00:00
[2024-09-23T20:51:24.787+0000] {processor.py:208} INFO - Processing /opt/airflow/dags/dag_with_postgres_operator.py took 0.607 seconds
[2024-09-23T20:51:55.560+0000] {processor.py:186} INFO - Started process (PID=6086) to work on /opt/airflow/dags/dag_with_postgres_operator.py
[2024-09-23T20:51:55.565+0000] {processor.py:914} INFO - Processing file /opt/airflow/dags/dag_with_postgres_operator.py for tasks to queue
[2024-09-23T20:51:55.577+0000] {logging_mixin.py:190} INFO - [2024-09-23T20:51:55.576+0000] {dagbag.py:587} INFO - Filling up the DagBag from /opt/airflow/dags/dag_with_postgres_operator.py
[2024-09-23T20:51:55.726+0000] {processor.py:925} INFO - DAG(s) 'dag_with_postgres_operator_v01' retrieved from /opt/airflow/dags/dag_with_postgres_operator.py
[2024-09-23T20:51:55.806+0000] {logging_mixin.py:190} INFO - [2024-09-23T20:51:55.806+0000] {dag.py:3229} INFO - Sync 1 DAGs
[2024-09-23T20:51:56.085+0000] {logging_mixin.py:190} INFO - [2024-09-23T20:51:56.085+0000] {dag.py:4156} INFO - Setting next_dagrun for dag_with_postgres_operator_v01 to 2024-09-23 00:00:00+00:00, run_after=2024-09-24 00:00:00+00:00
[2024-09-23T20:51:56.127+0000] {processor.py:208} INFO - Processing /opt/airflow/dags/dag_with_postgres_operator.py took 0.590 seconds
[2024-09-23T20:52:26.850+0000] {processor.py:186} INFO - Started process (PID=6119) to work on /opt/airflow/dags/dag_with_postgres_operator.py
[2024-09-23T20:52:26.851+0000] {processor.py:914} INFO - Processing file /opt/airflow/dags/dag_with_postgres_operator.py for tasks to queue
[2024-09-23T20:52:26.854+0000] {logging_mixin.py:190} INFO - [2024-09-23T20:52:26.853+0000] {dagbag.py:587} INFO - Filling up the DagBag from /opt/airflow/dags/dag_with_postgres_operator.py
[2024-09-23T20:52:26.954+0000] {processor.py:925} INFO - DAG(s) 'dag_with_postgres_operator_v01' retrieved from /opt/airflow/dags/dag_with_postgres_operator.py
[2024-09-23T20:52:26.992+0000] {logging_mixin.py:190} INFO - [2024-09-23T20:52:26.992+0000] {dag.py:3229} INFO - Sync 1 DAGs
[2024-09-23T20:52:27.154+0000] {logging_mixin.py:190} INFO - [2024-09-23T20:52:27.153+0000] {dag.py:4156} INFO - Setting next_dagrun for dag_with_postgres_operator_v01 to 2024-09-23 00:00:00+00:00, run_after=2024-09-24 00:00:00+00:00
[2024-09-23T20:52:27.174+0000] {processor.py:208} INFO - Processing /opt/airflow/dags/dag_with_postgres_operator.py took 0.332 seconds
[2024-09-23T20:52:57.748+0000] {processor.py:186} INFO - Started process (PID=6152) to work on /opt/airflow/dags/dag_with_postgres_operator.py
[2024-09-23T20:52:57.750+0000] {processor.py:914} INFO - Processing file /opt/airflow/dags/dag_with_postgres_operator.py for tasks to queue
[2024-09-23T20:52:57.754+0000] {logging_mixin.py:190} INFO - [2024-09-23T20:52:57.754+0000] {dagbag.py:587} INFO - Filling up the DagBag from /opt/airflow/dags/dag_with_postgres_operator.py
[2024-09-23T20:52:57.855+0000] {processor.py:925} INFO - DAG(s) 'dag_with_postgres_operator_v01' retrieved from /opt/airflow/dags/dag_with_postgres_operator.py
[2024-09-23T20:52:58.077+0000] {logging_mixin.py:190} INFO - [2024-09-23T20:52:58.077+0000] {dag.py:3229} INFO - Sync 1 DAGs
[2024-09-23T20:52:58.109+0000] {logging_mixin.py:190} INFO - [2024-09-23T20:52:58.109+0000] {dag.py:4156} INFO - Setting next_dagrun for dag_with_postgres_operator_v01 to 2024-09-23 00:00:00+00:00, run_after=2024-09-24 00:00:00+00:00
[2024-09-23T20:52:58.140+0000] {processor.py:208} INFO - Processing /opt/airflow/dags/dag_with_postgres_operator.py took 0.399 seconds
[2024-09-23T20:53:29.121+0000] {processor.py:186} INFO - Started process (PID=6185) to work on /opt/airflow/dags/dag_with_postgres_operator.py
[2024-09-23T20:53:29.122+0000] {processor.py:914} INFO - Processing file /opt/airflow/dags/dag_with_postgres_operator.py for tasks to queue
[2024-09-23T20:53:29.124+0000] {logging_mixin.py:190} INFO - [2024-09-23T20:53:29.124+0000] {dagbag.py:587} INFO - Filling up the DagBag from /opt/airflow/dags/dag_with_postgres_operator.py
[2024-09-23T20:53:29.199+0000] {processor.py:925} INFO - DAG(s) 'dag_with_postgres_operator_v01' retrieved from /opt/airflow/dags/dag_with_postgres_operator.py
[2024-09-23T20:53:29.231+0000] {logging_mixin.py:190} INFO - [2024-09-23T20:53:29.231+0000] {dag.py:3229} INFO - Sync 1 DAGs
[2024-09-23T20:53:29.259+0000] {logging_mixin.py:190} INFO - [2024-09-23T20:53:29.259+0000] {dag.py:4156} INFO - Setting next_dagrun for dag_with_postgres_operator_v01 to 2024-09-23 00:00:00+00:00, run_after=2024-09-24 00:00:00+00:00
[2024-09-23T20:53:29.290+0000] {processor.py:208} INFO - Processing /opt/airflow/dags/dag_with_postgres_operator.py took 0.174 seconds
[2024-09-23T20:53:59.587+0000] {processor.py:186} INFO - Started process (PID=6218) to work on /opt/airflow/dags/dag_with_postgres_operator.py
[2024-09-23T20:53:59.590+0000] {processor.py:914} INFO - Processing file /opt/airflow/dags/dag_with_postgres_operator.py for tasks to queue
[2024-09-23T20:53:59.594+0000] {logging_mixin.py:190} INFO - [2024-09-23T20:53:59.593+0000] {dagbag.py:587} INFO - Filling up the DagBag from /opt/airflow/dags/dag_with_postgres_operator.py
[2024-09-23T20:53:59.674+0000] {processor.py:925} INFO - DAG(s) 'dag_with_postgres_operator_v01' retrieved from /opt/airflow/dags/dag_with_postgres_operator.py
[2024-09-23T20:53:59.707+0000] {logging_mixin.py:190} INFO - [2024-09-23T20:53:59.707+0000] {dag.py:3229} INFO - Sync 1 DAGs
[2024-09-23T20:53:59.733+0000] {logging_mixin.py:190} INFO - [2024-09-23T20:53:59.733+0000] {dag.py:4156} INFO - Setting next_dagrun for dag_with_postgres_operator_v01 to 2024-09-23 00:00:00+00:00, run_after=2024-09-24 00:00:00+00:00
[2024-09-23T20:53:59.757+0000] {processor.py:208} INFO - Processing /opt/airflow/dags/dag_with_postgres_operator.py took 0.189 seconds
[2024-09-23T20:54:30.171+0000] {processor.py:186} INFO - Started process (PID=6251) to work on /opt/airflow/dags/dag_with_postgres_operator.py
[2024-09-23T20:54:30.172+0000] {processor.py:914} INFO - Processing file /opt/airflow/dags/dag_with_postgres_operator.py for tasks to queue
[2024-09-23T20:54:30.174+0000] {logging_mixin.py:190} INFO - [2024-09-23T20:54:30.173+0000] {dagbag.py:587} INFO - Filling up the DagBag from /opt/airflow/dags/dag_with_postgres_operator.py
[2024-09-23T20:54:30.272+0000] {processor.py:925} INFO - DAG(s) 'dag_with_postgres_operator_v01' retrieved from /opt/airflow/dags/dag_with_postgres_operator.py
[2024-09-23T20:54:30.299+0000] {logging_mixin.py:190} INFO - [2024-09-23T20:54:30.299+0000] {dag.py:3229} INFO - Sync 1 DAGs
[2024-09-23T20:54:30.324+0000] {logging_mixin.py:190} INFO - [2024-09-23T20:54:30.324+0000] {dag.py:4156} INFO - Setting next_dagrun for dag_with_postgres_operator_v01 to 2024-09-23 00:00:00+00:00, run_after=2024-09-24 00:00:00+00:00
[2024-09-23T20:54:30.478+0000] {processor.py:208} INFO - Processing /opt/airflow/dags/dag_with_postgres_operator.py took 0.313 seconds
[2024-09-23T20:55:00.926+0000] {processor.py:186} INFO - Started process (PID=6284) to work on /opt/airflow/dags/dag_with_postgres_operator.py
[2024-09-23T20:55:00.932+0000] {processor.py:914} INFO - Processing file /opt/airflow/dags/dag_with_postgres_operator.py for tasks to queue
[2024-09-23T20:55:00.939+0000] {logging_mixin.py:190} INFO - [2024-09-23T20:55:00.938+0000] {dagbag.py:587} INFO - Filling up the DagBag from /opt/airflow/dags/dag_with_postgres_operator.py
[2024-09-23T20:55:01.050+0000] {processor.py:925} INFO - DAG(s) 'dag_with_postgres_operator_v01' retrieved from /opt/airflow/dags/dag_with_postgres_operator.py
[2024-09-23T20:55:01.093+0000] {logging_mixin.py:190} INFO - [2024-09-23T20:55:01.093+0000] {dag.py:3229} INFO - Sync 1 DAGs
[2024-09-23T20:55:01.247+0000] {logging_mixin.py:190} INFO - [2024-09-23T20:55:01.247+0000] {dag.py:4156} INFO - Setting next_dagrun for dag_with_postgres_operator_v01 to 2024-09-23 00:00:00+00:00, run_after=2024-09-24 00:00:00+00:00
[2024-09-23T20:55:01.295+0000] {processor.py:208} INFO - Processing /opt/airflow/dags/dag_with_postgres_operator.py took 0.385 seconds
[2024-09-23T20:55:31.960+0000] {processor.py:186} INFO - Started process (PID=6317) to work on /opt/airflow/dags/dag_with_postgres_operator.py
[2024-09-23T20:55:31.962+0000] {processor.py:914} INFO - Processing file /opt/airflow/dags/dag_with_postgres_operator.py for tasks to queue
[2024-09-23T20:55:31.965+0000] {logging_mixin.py:190} INFO - [2024-09-23T20:55:31.964+0000] {dagbag.py:587} INFO - Filling up the DagBag from /opt/airflow/dags/dag_with_postgres_operator.py
[2024-09-23T20:55:32.039+0000] {processor.py:925} INFO - DAG(s) 'dag_with_postgres_operator_v01' retrieved from /opt/airflow/dags/dag_with_postgres_operator.py
[2024-09-23T20:55:32.175+0000] {logging_mixin.py:190} INFO - [2024-09-23T20:55:32.175+0000] {dag.py:3229} INFO - Sync 1 DAGs
[2024-09-23T20:55:32.195+0000] {logging_mixin.py:190} INFO - [2024-09-23T20:55:32.195+0000] {dag.py:4156} INFO - Setting next_dagrun for dag_with_postgres_operator_v01 to 2024-09-23 00:00:00+00:00, run_after=2024-09-24 00:00:00+00:00
[2024-09-23T20:55:32.219+0000] {processor.py:208} INFO - Processing /opt/airflow/dags/dag_with_postgres_operator.py took 0.266 seconds
[2024-09-23T20:56:02.500+0000] {processor.py:186} INFO - Started process (PID=6350) to work on /opt/airflow/dags/dag_with_postgres_operator.py
[2024-09-23T20:56:02.503+0000] {processor.py:914} INFO - Processing file /opt/airflow/dags/dag_with_postgres_operator.py for tasks to queue
[2024-09-23T20:56:02.506+0000] {logging_mixin.py:190} INFO - [2024-09-23T20:56:02.506+0000] {dagbag.py:587} INFO - Filling up the DagBag from /opt/airflow/dags/dag_with_postgres_operator.py
[2024-09-23T20:56:02.597+0000] {processor.py:925} INFO - DAG(s) 'dag_with_postgres_operator_v01' retrieved from /opt/airflow/dags/dag_with_postgres_operator.py
[2024-09-23T20:56:02.634+0000] {logging_mixin.py:190} INFO - [2024-09-23T20:56:02.633+0000] {dag.py:3229} INFO - Sync 1 DAGs
[2024-09-23T20:56:02.665+0000] {logging_mixin.py:190} INFO - [2024-09-23T20:56:02.665+0000] {dag.py:4156} INFO - Setting next_dagrun for dag_with_postgres_operator_v01 to 2024-09-23 00:00:00+00:00, run_after=2024-09-24 00:00:00+00:00
[2024-09-23T20:56:02.696+0000] {processor.py:208} INFO - Processing /opt/airflow/dags/dag_with_postgres_operator.py took 0.205 seconds
[2024-09-23T20:56:33.404+0000] {processor.py:186} INFO - Started process (PID=6380) to work on /opt/airflow/dags/dag_with_postgres_operator.py
[2024-09-23T20:56:33.407+0000] {processor.py:914} INFO - Processing file /opt/airflow/dags/dag_with_postgres_operator.py for tasks to queue
[2024-09-23T20:56:33.410+0000] {logging_mixin.py:190} INFO - [2024-09-23T20:56:33.409+0000] {dagbag.py:587} INFO - Filling up the DagBag from /opt/airflow/dags/dag_with_postgres_operator.py
[2024-09-23T20:56:33.519+0000] {processor.py:925} INFO - DAG(s) 'dag_with_postgres_operator_v01' retrieved from /opt/airflow/dags/dag_with_postgres_operator.py
[2024-09-23T20:56:33.576+0000] {logging_mixin.py:190} INFO - [2024-09-23T20:56:33.576+0000] {dag.py:3229} INFO - Sync 1 DAGs
[2024-09-23T20:56:33.628+0000] {logging_mixin.py:190} INFO - [2024-09-23T20:56:33.628+0000] {dag.py:4156} INFO - Setting next_dagrun for dag_with_postgres_operator_v01 to 2024-09-23 00:00:00+00:00, run_after=2024-09-24 00:00:00+00:00
[2024-09-23T20:56:33.684+0000] {processor.py:208} INFO - Processing /opt/airflow/dags/dag_with_postgres_operator.py took 0.292 seconds
[2024-09-23T20:57:04.212+0000] {processor.py:186} INFO - Started process (PID=6419) to work on /opt/airflow/dags/dag_with_postgres_operator.py
[2024-09-23T20:57:04.214+0000] {processor.py:914} INFO - Processing file /opt/airflow/dags/dag_with_postgres_operator.py for tasks to queue
[2024-09-23T20:57:04.217+0000] {logging_mixin.py:190} INFO - [2024-09-23T20:57:04.216+0000] {dagbag.py:587} INFO - Filling up the DagBag from /opt/airflow/dags/dag_with_postgres_operator.py
[2024-09-23T20:57:04.307+0000] {processor.py:925} INFO - DAG(s) 'dag_with_postgres_operator_v01' retrieved from /opt/airflow/dags/dag_with_postgres_operator.py
[2024-09-23T20:57:04.342+0000] {logging_mixin.py:190} INFO - [2024-09-23T20:57:04.342+0000] {dag.py:3229} INFO - Sync 1 DAGs
[2024-09-23T20:57:04.364+0000] {logging_mixin.py:190} INFO - [2024-09-23T20:57:04.364+0000] {dag.py:4156} INFO - Setting next_dagrun for dag_with_postgres_operator_v01 to 2024-09-23 00:00:00+00:00, run_after=2024-09-24 00:00:00+00:00
[2024-09-23T20:57:04.386+0000] {processor.py:208} INFO - Processing /opt/airflow/dags/dag_with_postgres_operator.py took 0.184 seconds
[2024-09-23T20:57:35.167+0000] {processor.py:186} INFO - Started process (PID=6455) to work on /opt/airflow/dags/dag_with_postgres_operator.py
[2024-09-23T20:57:35.168+0000] {processor.py:914} INFO - Processing file /opt/airflow/dags/dag_with_postgres_operator.py for tasks to queue
[2024-09-23T20:57:35.171+0000] {logging_mixin.py:190} INFO - [2024-09-23T20:57:35.170+0000] {dagbag.py:587} INFO - Filling up the DagBag from /opt/airflow/dags/dag_with_postgres_operator.py
[2024-09-23T20:57:35.315+0000] {processor.py:925} INFO - DAG(s) 'dag_with_postgres_operator_v01' retrieved from /opt/airflow/dags/dag_with_postgres_operator.py
[2024-09-23T20:57:35.403+0000] {logging_mixin.py:190} INFO - [2024-09-23T20:57:35.402+0000] {dag.py:3229} INFO - Sync 1 DAGs
[2024-09-23T20:57:35.686+0000] {logging_mixin.py:190} INFO - [2024-09-23T20:57:35.684+0000] {dag.py:4156} INFO - Setting next_dagrun for dag_with_postgres_operator_v01 to 2024-09-23 00:00:00+00:00, run_after=2024-09-24 00:00:00+00:00
[2024-09-23T20:57:35.739+0000] {processor.py:208} INFO - Processing /opt/airflow/dags/dag_with_postgres_operator.py took 0.599 seconds
[2024-09-23T20:58:06.914+0000] {processor.py:186} INFO - Started process (PID=6491) to work on /opt/airflow/dags/dag_with_postgres_operator.py
[2024-09-23T20:58:06.918+0000] {processor.py:914} INFO - Processing file /opt/airflow/dags/dag_with_postgres_operator.py for tasks to queue
[2024-09-23T20:58:06.925+0000] {logging_mixin.py:190} INFO - [2024-09-23T20:58:06.923+0000] {dagbag.py:587} INFO - Filling up the DagBag from /opt/airflow/dags/dag_with_postgres_operator.py
[2024-09-23T20:58:06.990+0000] {processor.py:925} INFO - DAG(s) 'dag_with_postgres_operator_v01' retrieved from /opt/airflow/dags/dag_with_postgres_operator.py
[2024-09-23T20:58:07.019+0000] {logging_mixin.py:190} INFO - [2024-09-23T20:58:07.019+0000] {dag.py:3229} INFO - Sync 1 DAGs
[2024-09-23T20:58:07.166+0000] {logging_mixin.py:190} INFO - [2024-09-23T20:58:07.166+0000] {dag.py:4156} INFO - Setting next_dagrun for dag_with_postgres_operator_v01 to 2024-09-23 00:00:00+00:00, run_after=2024-09-24 00:00:00+00:00
[2024-09-23T20:58:07.184+0000] {processor.py:208} INFO - Processing /opt/airflow/dags/dag_with_postgres_operator.py took 0.283 seconds
[2024-09-23T20:58:37.497+0000] {processor.py:186} INFO - Started process (PID=6524) to work on /opt/airflow/dags/dag_with_postgres_operator.py
[2024-09-23T20:58:37.499+0000] {processor.py:914} INFO - Processing file /opt/airflow/dags/dag_with_postgres_operator.py for tasks to queue
[2024-09-23T20:58:37.502+0000] {logging_mixin.py:190} INFO - [2024-09-23T20:58:37.501+0000] {dagbag.py:587} INFO - Filling up the DagBag from /opt/airflow/dags/dag_with_postgres_operator.py
[2024-09-23T20:58:37.627+0000] {processor.py:925} INFO - DAG(s) 'dag_with_postgres_operator_v01' retrieved from /opt/airflow/dags/dag_with_postgres_operator.py
[2024-09-23T20:58:37.891+0000] {logging_mixin.py:190} INFO - [2024-09-23T20:58:37.890+0000] {dag.py:3229} INFO - Sync 1 DAGs
[2024-09-23T20:58:37.920+0000] {logging_mixin.py:190} INFO - [2024-09-23T20:58:37.919+0000] {dag.py:4156} INFO - Setting next_dagrun for dag_with_postgres_operator_v01 to 2024-09-23 00:00:00+00:00, run_after=2024-09-24 00:00:00+00:00
[2024-09-23T20:58:37.960+0000] {processor.py:208} INFO - Processing /opt/airflow/dags/dag_with_postgres_operator.py took 0.472 seconds
[2024-09-23T20:59:08.204+0000] {processor.py:186} INFO - Started process (PID=6560) to work on /opt/airflow/dags/dag_with_postgres_operator.py
[2024-09-23T20:59:08.206+0000] {processor.py:914} INFO - Processing file /opt/airflow/dags/dag_with_postgres_operator.py for tasks to queue
[2024-09-23T20:59:08.209+0000] {logging_mixin.py:190} INFO - [2024-09-23T20:59:08.208+0000] {dagbag.py:587} INFO - Filling up the DagBag from /opt/airflow/dags/dag_with_postgres_operator.py
[2024-09-23T20:59:08.320+0000] {processor.py:925} INFO - DAG(s) 'dag_with_postgres_operator_v01' retrieved from /opt/airflow/dags/dag_with_postgres_operator.py
[2024-09-23T20:59:08.377+0000] {logging_mixin.py:190} INFO - [2024-09-23T20:59:08.376+0000] {dag.py:3229} INFO - Sync 1 DAGs
[2024-09-23T20:59:08.424+0000] {logging_mixin.py:190} INFO - [2024-09-23T20:59:08.423+0000] {dag.py:4156} INFO - Setting next_dagrun for dag_with_postgres_operator_v01 to 2024-09-23 00:00:00+00:00, run_after=2024-09-24 00:00:00+00:00
[2024-09-23T20:59:08.476+0000] {processor.py:208} INFO - Processing /opt/airflow/dags/dag_with_postgres_operator.py took 0.281 seconds
[2024-09-23T20:59:38.748+0000] {processor.py:186} INFO - Started process (PID=6593) to work on /opt/airflow/dags/dag_with_postgres_operator.py
[2024-09-23T20:59:38.751+0000] {processor.py:914} INFO - Processing file /opt/airflow/dags/dag_with_postgres_operator.py for tasks to queue
[2024-09-23T20:59:38.754+0000] {logging_mixin.py:190} INFO - [2024-09-23T20:59:38.753+0000] {dagbag.py:587} INFO - Filling up the DagBag from /opt/airflow/dags/dag_with_postgres_operator.py
[2024-09-23T20:59:38.867+0000] {processor.py:925} INFO - DAG(s) 'dag_with_postgres_operator_v01' retrieved from /opt/airflow/dags/dag_with_postgres_operator.py
[2024-09-23T20:59:38.918+0000] {logging_mixin.py:190} INFO - [2024-09-23T20:59:38.917+0000] {dag.py:3229} INFO - Sync 1 DAGs
[2024-09-23T20:59:38.958+0000] {logging_mixin.py:190} INFO - [2024-09-23T20:59:38.957+0000] {dag.py:4156} INFO - Setting next_dagrun for dag_with_postgres_operator_v01 to 2024-09-23 00:00:00+00:00, run_after=2024-09-24 00:00:00+00:00
[2024-09-23T20:59:39.005+0000] {processor.py:208} INFO - Processing /opt/airflow/dags/dag_with_postgres_operator.py took 0.265 seconds
[2024-09-23T21:00:09.753+0000] {processor.py:186} INFO - Started process (PID=6626) to work on /opt/airflow/dags/dag_with_postgres_operator.py
[2024-09-23T21:00:09.755+0000] {processor.py:914} INFO - Processing file /opt/airflow/dags/dag_with_postgres_operator.py for tasks to queue
[2024-09-23T21:00:09.757+0000] {logging_mixin.py:190} INFO - [2024-09-23T21:00:09.756+0000] {dagbag.py:587} INFO - Filling up the DagBag from /opt/airflow/dags/dag_with_postgres_operator.py
[2024-09-23T21:00:09.829+0000] {processor.py:925} INFO - DAG(s) 'dag_with_postgres_operator_v01' retrieved from /opt/airflow/dags/dag_with_postgres_operator.py
[2024-09-23T21:00:09.856+0000] {logging_mixin.py:190} INFO - [2024-09-23T21:00:09.855+0000] {dag.py:3229} INFO - Sync 1 DAGs
[2024-09-23T21:00:09.878+0000] {logging_mixin.py:190} INFO - [2024-09-23T21:00:09.878+0000] {dag.py:4156} INFO - Setting next_dagrun for dag_with_postgres_operator_v01 to 2024-09-23 00:00:00+00:00, run_after=2024-09-24 00:00:00+00:00
[2024-09-23T21:00:10.015+0000] {processor.py:208} INFO - Processing /opt/airflow/dags/dag_with_postgres_operator.py took 0.267 seconds
[2024-09-23T21:00:40.523+0000] {processor.py:186} INFO - Started process (PID=6659) to work on /opt/airflow/dags/dag_with_postgres_operator.py
[2024-09-23T21:00:40.525+0000] {processor.py:914} INFO - Processing file /opt/airflow/dags/dag_with_postgres_operator.py for tasks to queue
[2024-09-23T21:00:40.527+0000] {logging_mixin.py:190} INFO - [2024-09-23T21:00:40.526+0000] {dagbag.py:587} INFO - Filling up the DagBag from /opt/airflow/dags/dag_with_postgres_operator.py
[2024-09-23T21:00:40.610+0000] {processor.py:925} INFO - DAG(s) 'dag_with_postgres_operator_v01' retrieved from /opt/airflow/dags/dag_with_postgres_operator.py
[2024-09-23T21:00:40.635+0000] {logging_mixin.py:190} INFO - [2024-09-23T21:00:40.635+0000] {dag.py:3229} INFO - Sync 1 DAGs
[2024-09-23T21:00:40.778+0000] {logging_mixin.py:190} INFO - [2024-09-23T21:00:40.778+0000] {dag.py:4156} INFO - Setting next_dagrun for dag_with_postgres_operator_v01 to 2024-09-23 00:00:00+00:00, run_after=2024-09-24 00:00:00+00:00
[2024-09-23T21:00:40.799+0000] {processor.py:208} INFO - Processing /opt/airflow/dags/dag_with_postgres_operator.py took 0.283 seconds
[2024-09-23T21:01:11.333+0000] {processor.py:186} INFO - Started process (PID=6689) to work on /opt/airflow/dags/dag_with_postgres_operator.py
[2024-09-23T21:01:11.334+0000] {processor.py:914} INFO - Processing file /opt/airflow/dags/dag_with_postgres_operator.py for tasks to queue
[2024-09-23T21:01:11.338+0000] {logging_mixin.py:190} INFO - [2024-09-23T21:01:11.338+0000] {dagbag.py:587} INFO - Filling up the DagBag from /opt/airflow/dags/dag_with_postgres_operator.py
[2024-09-23T21:01:11.425+0000] {processor.py:925} INFO - DAG(s) 'dag_with_postgres_operator_v01' retrieved from /opt/airflow/dags/dag_with_postgres_operator.py
[2024-09-23T21:01:11.601+0000] {logging_mixin.py:190} INFO - [2024-09-23T21:01:11.600+0000] {dag.py:3229} INFO - Sync 1 DAGs
[2024-09-23T21:01:11.622+0000] {logging_mixin.py:190} INFO - [2024-09-23T21:01:11.622+0000] {dag.py:4156} INFO - Setting next_dagrun for dag_with_postgres_operator_v01 to 2024-09-23 00:00:00+00:00, run_after=2024-09-24 00:00:00+00:00
[2024-09-23T21:01:11.648+0000] {processor.py:208} INFO - Processing /opt/airflow/dags/dag_with_postgres_operator.py took 0.327 seconds
[2024-09-23T21:01:42.039+0000] {processor.py:186} INFO - Started process (PID=6722) to work on /opt/airflow/dags/dag_with_postgres_operator.py
[2024-09-23T21:01:42.041+0000] {processor.py:914} INFO - Processing file /opt/airflow/dags/dag_with_postgres_operator.py for tasks to queue
[2024-09-23T21:01:42.043+0000] {logging_mixin.py:190} INFO - [2024-09-23T21:01:42.043+0000] {dagbag.py:587} INFO - Filling up the DagBag from /opt/airflow/dags/dag_with_postgres_operator.py
[2024-09-23T21:01:42.263+0000] {processor.py:925} INFO - DAG(s) 'dag_with_postgres_operator_v01' retrieved from /opt/airflow/dags/dag_with_postgres_operator.py
[2024-09-23T21:01:42.285+0000] {logging_mixin.py:190} INFO - [2024-09-23T21:01:42.285+0000] {dag.py:3229} INFO - Sync 1 DAGs
[2024-09-23T21:01:42.306+0000] {logging_mixin.py:190} INFO - [2024-09-23T21:01:42.306+0000] {dag.py:4156} INFO - Setting next_dagrun for dag_with_postgres_operator_v01 to 2024-09-23 00:00:00+00:00, run_after=2024-09-24 00:00:00+00:00
[2024-09-23T21:01:42.332+0000] {processor.py:208} INFO - Processing /opt/airflow/dags/dag_with_postgres_operator.py took 0.304 seconds
[2024-09-23T21:02:13.256+0000] {processor.py:186} INFO - Started process (PID=6755) to work on /opt/airflow/dags/dag_with_postgres_operator.py
[2024-09-23T21:02:13.258+0000] {processor.py:914} INFO - Processing file /opt/airflow/dags/dag_with_postgres_operator.py for tasks to queue
[2024-09-23T21:02:13.260+0000] {logging_mixin.py:190} INFO - [2024-09-23T21:02:13.259+0000] {dagbag.py:587} INFO - Filling up the DagBag from /opt/airflow/dags/dag_with_postgres_operator.py
[2024-09-23T21:02:13.340+0000] {processor.py:925} INFO - DAG(s) 'dag_with_postgres_operator_v01' retrieved from /opt/airflow/dags/dag_with_postgres_operator.py
[2024-09-23T21:02:13.367+0000] {logging_mixin.py:190} INFO - [2024-09-23T21:02:13.367+0000] {dag.py:3229} INFO - Sync 1 DAGs
[2024-09-23T21:02:13.392+0000] {logging_mixin.py:190} INFO - [2024-09-23T21:02:13.392+0000] {dag.py:4156} INFO - Setting next_dagrun for dag_with_postgres_operator_v01 to 2024-09-23 00:00:00+00:00, run_after=2024-09-24 00:00:00+00:00
[2024-09-23T21:02:13.414+0000] {processor.py:208} INFO - Processing /opt/airflow/dags/dag_with_postgres_operator.py took 0.165 seconds
[2024-09-23T21:02:44.113+0000] {processor.py:186} INFO - Started process (PID=6794) to work on /opt/airflow/dags/dag_with_postgres_operator.py
[2024-09-23T21:02:44.115+0000] {processor.py:914} INFO - Processing file /opt/airflow/dags/dag_with_postgres_operator.py for tasks to queue
[2024-09-23T21:02:44.118+0000] {logging_mixin.py:190} INFO - [2024-09-23T21:02:44.118+0000] {dagbag.py:587} INFO - Filling up the DagBag from /opt/airflow/dags/dag_with_postgres_operator.py
[2024-09-23T21:02:44.206+0000] {processor.py:925} INFO - DAG(s) 'dag_with_postgres_operator_v01' retrieved from /opt/airflow/dags/dag_with_postgres_operator.py
[2024-09-23T21:02:44.240+0000] {logging_mixin.py:190} INFO - [2024-09-23T21:02:44.240+0000] {dag.py:3229} INFO - Sync 1 DAGs
[2024-09-23T21:02:44.264+0000] {logging_mixin.py:190} INFO - [2024-09-23T21:02:44.264+0000] {dag.py:4156} INFO - Setting next_dagrun for dag_with_postgres_operator_v01 to 2024-09-23 00:00:00+00:00, run_after=2024-09-24 00:00:00+00:00
[2024-09-23T21:02:44.294+0000] {processor.py:208} INFO - Processing /opt/airflow/dags/dag_with_postgres_operator.py took 0.190 seconds
[2024-09-23T21:03:14.944+0000] {processor.py:186} INFO - Started process (PID=6827) to work on /opt/airflow/dags/dag_with_postgres_operator.py
[2024-09-23T21:03:14.953+0000] {processor.py:914} INFO - Processing file /opt/airflow/dags/dag_with_postgres_operator.py for tasks to queue
[2024-09-23T21:03:14.959+0000] {logging_mixin.py:190} INFO - [2024-09-23T21:03:14.958+0000] {dagbag.py:587} INFO - Filling up the DagBag from /opt/airflow/dags/dag_with_postgres_operator.py
[2024-09-23T21:03:15.109+0000] {processor.py:925} INFO - DAG(s) 'dag_with_postgres_operator_v01' retrieved from /opt/airflow/dags/dag_with_postgres_operator.py
[2024-09-23T21:03:15.164+0000] {logging_mixin.py:190} INFO - [2024-09-23T21:03:15.164+0000] {dag.py:3229} INFO - Sync 1 DAGs
[2024-09-23T21:03:15.204+0000] {logging_mixin.py:190} INFO - [2024-09-23T21:03:15.203+0000] {dag.py:4156} INFO - Setting next_dagrun for dag_with_postgres_operator_v01 to 2024-09-23 00:00:00+00:00, run_after=2024-09-24 00:00:00+00:00
[2024-09-23T21:03:15.252+0000] {processor.py:208} INFO - Processing /opt/airflow/dags/dag_with_postgres_operator.py took 0.329 seconds
[2024-09-23T21:03:46.478+0000] {processor.py:186} INFO - Started process (PID=6860) to work on /opt/airflow/dags/dag_with_postgres_operator.py
[2024-09-23T21:03:46.484+0000] {processor.py:914} INFO - Processing file /opt/airflow/dags/dag_with_postgres_operator.py for tasks to queue
[2024-09-23T21:03:46.487+0000] {logging_mixin.py:190} INFO - [2024-09-23T21:03:46.487+0000] {dagbag.py:587} INFO - Filling up the DagBag from /opt/airflow/dags/dag_with_postgres_operator.py
[2024-09-23T21:03:46.907+0000] {processor.py:925} INFO - DAG(s) 'dag_with_postgres_operator_v01' retrieved from /opt/airflow/dags/dag_with_postgres_operator.py
[2024-09-23T21:03:46.966+0000] {logging_mixin.py:190} INFO - [2024-09-23T21:03:46.966+0000] {dag.py:3229} INFO - Sync 1 DAGs
[2024-09-23T21:03:47.027+0000] {logging_mixin.py:190} INFO - [2024-09-23T21:03:47.026+0000] {dag.py:4156} INFO - Setting next_dagrun for dag_with_postgres_operator_v01 to 2024-09-23 00:00:00+00:00, run_after=2024-09-24 00:00:00+00:00
[2024-09-23T21:03:47.073+0000] {processor.py:208} INFO - Processing /opt/airflow/dags/dag_with_postgres_operator.py took 0.606 seconds
[2024-09-23T21:04:18.683+0000] {processor.py:186} INFO - Started process (PID=6893) to work on /opt/airflow/dags/dag_with_postgres_operator.py
[2024-09-23T21:04:18.687+0000] {processor.py:914} INFO - Processing file /opt/airflow/dags/dag_with_postgres_operator.py for tasks to queue
[2024-09-23T21:04:18.696+0000] {logging_mixin.py:190} INFO - [2024-09-23T21:04:18.695+0000] {dagbag.py:587} INFO - Filling up the DagBag from /opt/airflow/dags/dag_with_postgres_operator.py
[2024-09-23T21:04:18.911+0000] {processor.py:925} INFO - DAG(s) 'dag_with_postgres_operator_v01' retrieved from /opt/airflow/dags/dag_with_postgres_operator.py
[2024-09-23T21:04:19.020+0000] {logging_mixin.py:190} INFO - [2024-09-23T21:04:19.019+0000] {dag.py:3229} INFO - Sync 1 DAGs
[2024-09-23T21:04:19.064+0000] {logging_mixin.py:190} INFO - [2024-09-23T21:04:19.064+0000] {dag.py:4156} INFO - Setting next_dagrun for dag_with_postgres_operator_v01 to 2024-09-23 00:00:00+00:00, run_after=2024-09-24 00:00:00+00:00
[2024-09-23T21:04:19.124+0000] {processor.py:208} INFO - Processing /opt/airflow/dags/dag_with_postgres_operator.py took 0.453 seconds
[2024-09-23T21:04:49.609+0000] {processor.py:186} INFO - Started process (PID=6926) to work on /opt/airflow/dags/dag_with_postgres_operator.py
[2024-09-23T21:04:49.613+0000] {processor.py:914} INFO - Processing file /opt/airflow/dags/dag_with_postgres_operator.py for tasks to queue
[2024-09-23T21:04:49.619+0000] {logging_mixin.py:190} INFO - [2024-09-23T21:04:49.618+0000] {dagbag.py:587} INFO - Filling up the DagBag from /opt/airflow/dags/dag_with_postgres_operator.py
[2024-09-23T21:04:49.741+0000] {processor.py:925} INFO - DAG(s) 'dag_with_postgres_operator_v01' retrieved from /opt/airflow/dags/dag_with_postgres_operator.py
[2024-09-23T21:04:49.797+0000] {logging_mixin.py:190} INFO - [2024-09-23T21:04:49.796+0000] {dag.py:3229} INFO - Sync 1 DAGs
[2024-09-23T21:04:49.833+0000] {logging_mixin.py:190} INFO - [2024-09-23T21:04:49.833+0000] {dag.py:4156} INFO - Setting next_dagrun for dag_with_postgres_operator_v01 to 2024-09-23 00:00:00+00:00, run_after=2024-09-24 00:00:00+00:00
[2024-09-23T21:04:49.874+0000] {processor.py:208} INFO - Processing /opt/airflow/dags/dag_with_postgres_operator.py took 0.285 seconds
[2024-09-23T21:05:20.244+0000] {processor.py:186} INFO - Started process (PID=6959) to work on /opt/airflow/dags/dag_with_postgres_operator.py
[2024-09-23T21:05:20.245+0000] {processor.py:914} INFO - Processing file /opt/airflow/dags/dag_with_postgres_operator.py for tasks to queue
[2024-09-23T21:05:20.247+0000] {logging_mixin.py:190} INFO - [2024-09-23T21:05:20.247+0000] {dagbag.py:587} INFO - Filling up the DagBag from /opt/airflow/dags/dag_with_postgres_operator.py
[2024-09-23T21:05:20.324+0000] {processor.py:925} INFO - DAG(s) 'dag_with_postgres_operator_v01' retrieved from /opt/airflow/dags/dag_with_postgres_operator.py
[2024-09-23T21:05:20.373+0000] {logging_mixin.py:190} INFO - [2024-09-23T21:05:20.372+0000] {dag.py:3229} INFO - Sync 1 DAGs
[2024-09-23T21:05:20.409+0000] {logging_mixin.py:190} INFO - [2024-09-23T21:05:20.408+0000] {dag.py:4156} INFO - Setting next_dagrun for dag_with_postgres_operator_v01 to 2024-09-23 00:00:00+00:00, run_after=2024-09-24 00:00:00+00:00
[2024-09-23T21:05:20.446+0000] {processor.py:208} INFO - Processing /opt/airflow/dags/dag_with_postgres_operator.py took 0.207 seconds
[2024-09-23T21:05:50.820+0000] {processor.py:186} INFO - Started process (PID=6992) to work on /opt/airflow/dags/dag_with_postgres_operator.py
[2024-09-23T21:05:50.823+0000] {processor.py:914} INFO - Processing file /opt/airflow/dags/dag_with_postgres_operator.py for tasks to queue
[2024-09-23T21:05:50.826+0000] {logging_mixin.py:190} INFO - [2024-09-23T21:05:50.825+0000] {dagbag.py:587} INFO - Filling up the DagBag from /opt/airflow/dags/dag_with_postgres_operator.py
[2024-09-23T21:05:50.915+0000] {processor.py:925} INFO - DAG(s) 'dag_with_postgres_operator_v01' retrieved from /opt/airflow/dags/dag_with_postgres_operator.py
[2024-09-23T21:05:50.975+0000] {logging_mixin.py:190} INFO - [2024-09-23T21:05:50.974+0000] {dag.py:3229} INFO - Sync 1 DAGs
[2024-09-23T21:05:51.038+0000] {logging_mixin.py:190} INFO - [2024-09-23T21:05:51.038+0000] {dag.py:4156} INFO - Setting next_dagrun for dag_with_postgres_operator_v01 to 2024-09-23 00:00:00+00:00, run_after=2024-09-24 00:00:00+00:00
[2024-09-23T21:05:51.140+0000] {processor.py:208} INFO - Processing /opt/airflow/dags/dag_with_postgres_operator.py took 0.329 seconds
[2024-09-23T21:06:21.764+0000] {processor.py:186} INFO - Started process (PID=7025) to work on /opt/airflow/dags/dag_with_postgres_operator.py
[2024-09-23T21:06:21.773+0000] {processor.py:914} INFO - Processing file /opt/airflow/dags/dag_with_postgres_operator.py for tasks to queue
[2024-09-23T21:06:21.783+0000] {logging_mixin.py:190} INFO - [2024-09-23T21:06:21.781+0000] {dagbag.py:587} INFO - Filling up the DagBag from /opt/airflow/dags/dag_with_postgres_operator.py
[2024-09-23T21:06:22.134+0000] {processor.py:925} INFO - DAG(s) 'dag_with_postgres_operator_v01' retrieved from /opt/airflow/dags/dag_with_postgres_operator.py
[2024-09-23T21:06:22.193+0000] {logging_mixin.py:190} INFO - [2024-09-23T21:06:22.193+0000] {dag.py:3229} INFO - Sync 1 DAGs
[2024-09-23T21:06:22.243+0000] {logging_mixin.py:190} INFO - [2024-09-23T21:06:22.242+0000] {dag.py:4156} INFO - Setting next_dagrun for dag_with_postgres_operator_v01 to 2024-09-23 00:00:00+00:00, run_after=2024-09-24 00:00:00+00:00
[2024-09-23T21:06:22.339+0000] {processor.py:208} INFO - Processing /opt/airflow/dags/dag_with_postgres_operator.py took 0.600 seconds
[2024-09-23T21:06:52.847+0000] {processor.py:186} INFO - Started process (PID=7058) to work on /opt/airflow/dags/dag_with_postgres_operator.py
[2024-09-23T21:06:52.849+0000] {processor.py:914} INFO - Processing file /opt/airflow/dags/dag_with_postgres_operator.py for tasks to queue
[2024-09-23T21:06:52.852+0000] {logging_mixin.py:190} INFO - [2024-09-23T21:06:52.851+0000] {dagbag.py:587} INFO - Filling up the DagBag from /opt/airflow/dags/dag_with_postgres_operator.py
[2024-09-23T21:06:52.945+0000] {processor.py:925} INFO - DAG(s) 'dag_with_postgres_operator_v01' retrieved from /opt/airflow/dags/dag_with_postgres_operator.py
[2024-09-23T21:06:52.974+0000] {logging_mixin.py:190} INFO - [2024-09-23T21:06:52.973+0000] {dag.py:3229} INFO - Sync 1 DAGs
[2024-09-23T21:06:52.996+0000] {logging_mixin.py:190} INFO - [2024-09-23T21:06:52.995+0000] {dag.py:4156} INFO - Setting next_dagrun for dag_with_postgres_operator_v01 to 2024-09-23 00:00:00+00:00, run_after=2024-09-24 00:00:00+00:00
[2024-09-23T21:06:53.021+0000] {processor.py:208} INFO - Processing /opt/airflow/dags/dag_with_postgres_operator.py took 0.180 seconds
[2024-09-23T21:07:24.406+0000] {processor.py:186} INFO - Started process (PID=7091) to work on /opt/airflow/dags/dag_with_postgres_operator.py
[2024-09-23T21:07:24.409+0000] {processor.py:914} INFO - Processing file /opt/airflow/dags/dag_with_postgres_operator.py for tasks to queue
[2024-09-23T21:07:24.412+0000] {logging_mixin.py:190} INFO - [2024-09-23T21:07:24.412+0000] {dagbag.py:587} INFO - Filling up the DagBag from /opt/airflow/dags/dag_with_postgres_operator.py
[2024-09-23T21:07:24.670+0000] {processor.py:925} INFO - DAG(s) 'dag_with_postgres_operator_v01' retrieved from /opt/airflow/dags/dag_with_postgres_operator.py
[2024-09-23T21:07:24.718+0000] {logging_mixin.py:190} INFO - [2024-09-23T21:07:24.717+0000] {dag.py:3229} INFO - Sync 1 DAGs
[2024-09-23T21:07:24.761+0000] {logging_mixin.py:190} INFO - [2024-09-23T21:07:24.761+0000] {dag.py:4156} INFO - Setting next_dagrun for dag_with_postgres_operator_v01 to 2024-09-23 00:00:00+00:00, run_after=2024-09-24 00:00:00+00:00
[2024-09-23T21:07:24.803+0000] {processor.py:208} INFO - Processing /opt/airflow/dags/dag_with_postgres_operator.py took 0.421 seconds
[2024-09-23T21:07:55.419+0000] {processor.py:186} INFO - Started process (PID=7124) to work on /opt/airflow/dags/dag_with_postgres_operator.py
[2024-09-23T21:07:55.421+0000] {processor.py:914} INFO - Processing file /opt/airflow/dags/dag_with_postgres_operator.py for tasks to queue
[2024-09-23T21:07:55.423+0000] {logging_mixin.py:190} INFO - [2024-09-23T21:07:55.423+0000] {dagbag.py:587} INFO - Filling up the DagBag from /opt/airflow/dags/dag_with_postgres_operator.py
[2024-09-23T21:07:55.504+0000] {processor.py:925} INFO - DAG(s) 'dag_with_postgres_operator_v01' retrieved from /opt/airflow/dags/dag_with_postgres_operator.py
[2024-09-23T21:07:55.544+0000] {logging_mixin.py:190} INFO - [2024-09-23T21:07:55.543+0000] {dag.py:3229} INFO - Sync 1 DAGs
[2024-09-23T21:07:55.581+0000] {logging_mixin.py:190} INFO - [2024-09-23T21:07:55.580+0000] {dag.py:4156} INFO - Setting next_dagrun for dag_with_postgres_operator_v01 to 2024-09-23 00:00:00+00:00, run_after=2024-09-24 00:00:00+00:00
[2024-09-23T21:07:55.608+0000] {processor.py:208} INFO - Processing /opt/airflow/dags/dag_with_postgres_operator.py took 0.197 seconds
[2024-09-23T21:08:26.195+0000] {processor.py:186} INFO - Started process (PID=7157) to work on /opt/airflow/dags/dag_with_postgres_operator.py
[2024-09-23T21:08:26.198+0000] {processor.py:914} INFO - Processing file /opt/airflow/dags/dag_with_postgres_operator.py for tasks to queue
[2024-09-23T21:08:26.203+0000] {logging_mixin.py:190} INFO - [2024-09-23T21:08:26.202+0000] {dagbag.py:587} INFO - Filling up the DagBag from /opt/airflow/dags/dag_with_postgres_operator.py
[2024-09-23T21:08:26.336+0000] {processor.py:925} INFO - DAG(s) 'dag_with_postgres_operator_v01' retrieved from /opt/airflow/dags/dag_with_postgres_operator.py
[2024-09-23T21:08:26.416+0000] {logging_mixin.py:190} INFO - [2024-09-23T21:08:26.415+0000] {dag.py:3229} INFO - Sync 1 DAGs
[2024-09-23T21:08:26.492+0000] {logging_mixin.py:190} INFO - [2024-09-23T21:08:26.491+0000] {dag.py:4156} INFO - Setting next_dagrun for dag_with_postgres_operator_v01 to 2024-09-23 00:00:00+00:00, run_after=2024-09-24 00:00:00+00:00
[2024-09-23T21:08:26.551+0000] {processor.py:208} INFO - Processing /opt/airflow/dags/dag_with_postgres_operator.py took 0.373 seconds
[2024-09-23T21:08:57.125+0000] {processor.py:186} INFO - Started process (PID=7190) to work on /opt/airflow/dags/dag_with_postgres_operator.py
[2024-09-23T21:08:57.127+0000] {processor.py:914} INFO - Processing file /opt/airflow/dags/dag_with_postgres_operator.py for tasks to queue
[2024-09-23T21:08:57.130+0000] {logging_mixin.py:190} INFO - [2024-09-23T21:08:57.130+0000] {dagbag.py:587} INFO - Filling up the DagBag from /opt/airflow/dags/dag_with_postgres_operator.py
[2024-09-23T21:08:57.237+0000] {processor.py:925} INFO - DAG(s) 'dag_with_postgres_operator_v01' retrieved from /opt/airflow/dags/dag_with_postgres_operator.py
[2024-09-23T21:08:57.266+0000] {logging_mixin.py:190} INFO - [2024-09-23T21:08:57.265+0000] {dag.py:3229} INFO - Sync 1 DAGs
[2024-09-23T21:08:57.290+0000] {logging_mixin.py:190} INFO - [2024-09-23T21:08:57.290+0000] {dag.py:4156} INFO - Setting next_dagrun for dag_with_postgres_operator_v01 to 2024-09-23 00:00:00+00:00, run_after=2024-09-24 00:00:00+00:00
[2024-09-23T21:08:57.321+0000] {processor.py:208} INFO - Processing /opt/airflow/dags/dag_with_postgres_operator.py took 0.202 seconds
[2024-09-23T21:09:28.575+0000] {processor.py:186} INFO - Started process (PID=7223) to work on /opt/airflow/dags/dag_with_postgres_operator.py
[2024-09-23T21:09:28.577+0000] {processor.py:914} INFO - Processing file /opt/airflow/dags/dag_with_postgres_operator.py for tasks to queue
[2024-09-23T21:09:28.581+0000] {logging_mixin.py:190} INFO - [2024-09-23T21:09:28.581+0000] {dagbag.py:587} INFO - Filling up the DagBag from /opt/airflow/dags/dag_with_postgres_operator.py
[2024-09-23T21:09:28.760+0000] {processor.py:925} INFO - DAG(s) 'dag_with_postgres_operator_v01' retrieved from /opt/airflow/dags/dag_with_postgres_operator.py
[2024-09-23T21:09:28.828+0000] {logging_mixin.py:190} INFO - [2024-09-23T21:09:28.828+0000] {dag.py:3229} INFO - Sync 1 DAGs
[2024-09-23T21:09:28.885+0000] {logging_mixin.py:190} INFO - [2024-09-23T21:09:28.885+0000] {dag.py:4156} INFO - Setting next_dagrun for dag_with_postgres_operator_v01 to 2024-09-23 00:00:00+00:00, run_after=2024-09-24 00:00:00+00:00
[2024-09-23T21:09:28.934+0000] {processor.py:208} INFO - Processing /opt/airflow/dags/dag_with_postgres_operator.py took 0.373 seconds
[2024-09-23T21:10:00.124+0000] {processor.py:186} INFO - Started process (PID=7256) to work on /opt/airflow/dags/dag_with_postgres_operator.py
[2024-09-23T21:10:00.128+0000] {processor.py:914} INFO - Processing file /opt/airflow/dags/dag_with_postgres_operator.py for tasks to queue
[2024-09-23T21:10:00.136+0000] {logging_mixin.py:190} INFO - [2024-09-23T21:10:00.135+0000] {dagbag.py:587} INFO - Filling up the DagBag from /opt/airflow/dags/dag_with_postgres_operator.py
[2024-09-23T21:10:00.360+0000] {processor.py:925} INFO - DAG(s) 'dag_with_postgres_operator_v01' retrieved from /opt/airflow/dags/dag_with_postgres_operator.py
[2024-09-23T21:10:00.460+0000] {logging_mixin.py:190} INFO - [2024-09-23T21:10:00.459+0000] {dag.py:3229} INFO - Sync 1 DAGs
[2024-09-23T21:10:00.547+0000] {logging_mixin.py:190} INFO - [2024-09-23T21:10:00.546+0000] {dag.py:4156} INFO - Setting next_dagrun for dag_with_postgres_operator_v01 to 2024-09-23 00:00:00+00:00, run_after=2024-09-24 00:00:00+00:00
[2024-09-23T21:10:00.621+0000] {processor.py:208} INFO - Processing /opt/airflow/dags/dag_with_postgres_operator.py took 0.510 seconds
[2024-09-23T21:10:31.669+0000] {processor.py:186} INFO - Started process (PID=7289) to work on /opt/airflow/dags/dag_with_postgres_operator.py
[2024-09-23T21:10:31.671+0000] {processor.py:914} INFO - Processing file /opt/airflow/dags/dag_with_postgres_operator.py for tasks to queue
[2024-09-23T21:10:31.673+0000] {logging_mixin.py:190} INFO - [2024-09-23T21:10:31.673+0000] {dagbag.py:587} INFO - Filling up the DagBag from /opt/airflow/dags/dag_with_postgres_operator.py
[2024-09-23T21:10:31.788+0000] {processor.py:925} INFO - DAG(s) 'dag_with_postgres_operator_v01' retrieved from /opt/airflow/dags/dag_with_postgres_operator.py
[2024-09-23T21:10:31.817+0000] {logging_mixin.py:190} INFO - [2024-09-23T21:10:31.817+0000] {dag.py:3229} INFO - Sync 1 DAGs
[2024-09-23T21:10:31.836+0000] {logging_mixin.py:190} INFO - [2024-09-23T21:10:31.836+0000] {dag.py:4156} INFO - Setting next_dagrun for dag_with_postgres_operator_v01 to 2024-09-23 00:00:00+00:00, run_after=2024-09-24 00:00:00+00:00
[2024-09-23T21:10:31.873+0000] {processor.py:208} INFO - Processing /opt/airflow/dags/dag_with_postgres_operator.py took 0.210 seconds
[2024-09-23T21:11:02.413+0000] {processor.py:186} INFO - Started process (PID=7322) to work on /opt/airflow/dags/dag_with_postgres_operator.py
[2024-09-23T21:11:02.414+0000] {processor.py:914} INFO - Processing file /opt/airflow/dags/dag_with_postgres_operator.py for tasks to queue
[2024-09-23T21:11:02.417+0000] {logging_mixin.py:190} INFO - [2024-09-23T21:11:02.417+0000] {dagbag.py:587} INFO - Filling up the DagBag from /opt/airflow/dags/dag_with_postgres_operator.py
[2024-09-23T21:11:02.502+0000] {processor.py:925} INFO - DAG(s) 'dag_with_postgres_operator_v01' retrieved from /opt/airflow/dags/dag_with_postgres_operator.py
[2024-09-23T21:11:02.529+0000] {logging_mixin.py:190} INFO - [2024-09-23T21:11:02.529+0000] {dag.py:3229} INFO - Sync 1 DAGs
[2024-09-23T21:11:02.555+0000] {logging_mixin.py:190} INFO - [2024-09-23T21:11:02.555+0000] {dag.py:4156} INFO - Setting next_dagrun for dag_with_postgres_operator_v01 to 2024-09-23 00:00:00+00:00, run_after=2024-09-24 00:00:00+00:00
[2024-09-23T21:11:02.581+0000] {processor.py:208} INFO - Processing /opt/airflow/dags/dag_with_postgres_operator.py took 0.176 seconds
[2024-09-23T21:11:32.885+0000] {processor.py:186} INFO - Started process (PID=7355) to work on /opt/airflow/dags/dag_with_postgres_operator.py
[2024-09-23T21:11:32.887+0000] {processor.py:914} INFO - Processing file /opt/airflow/dags/dag_with_postgres_operator.py for tasks to queue
[2024-09-23T21:11:32.890+0000] {logging_mixin.py:190} INFO - [2024-09-23T21:11:32.889+0000] {dagbag.py:587} INFO - Filling up the DagBag from /opt/airflow/dags/dag_with_postgres_operator.py
[2024-09-23T21:11:32.989+0000] {processor.py:925} INFO - DAG(s) 'dag_with_postgres_operator_v01' retrieved from /opt/airflow/dags/dag_with_postgres_operator.py
[2024-09-23T21:11:33.015+0000] {logging_mixin.py:190} INFO - [2024-09-23T21:11:33.014+0000] {dag.py:3229} INFO - Sync 1 DAGs
[2024-09-23T21:11:33.043+0000] {logging_mixin.py:190} INFO - [2024-09-23T21:11:33.043+0000] {dag.py:4156} INFO - Setting next_dagrun for dag_with_postgres_operator_v01 to 2024-09-23 00:00:00+00:00, run_after=2024-09-24 00:00:00+00:00
[2024-09-23T21:11:33.073+0000] {processor.py:208} INFO - Processing /opt/airflow/dags/dag_with_postgres_operator.py took 0.196 seconds
[2024-09-23T21:12:03.787+0000] {processor.py:186} INFO - Started process (PID=7388) to work on /opt/airflow/dags/dag_with_postgres_operator.py
[2024-09-23T21:12:03.789+0000] {processor.py:914} INFO - Processing file /opt/airflow/dags/dag_with_postgres_operator.py for tasks to queue
[2024-09-23T21:12:03.796+0000] {logging_mixin.py:190} INFO - [2024-09-23T21:12:03.795+0000] {dagbag.py:587} INFO - Filling up the DagBag from /opt/airflow/dags/dag_with_postgres_operator.py
[2024-09-23T21:12:04.158+0000] {processor.py:925} INFO - DAG(s) 'dag_with_postgres_operator_v01' retrieved from /opt/airflow/dags/dag_with_postgres_operator.py
[2024-09-23T21:12:04.243+0000] {logging_mixin.py:190} INFO - [2024-09-23T21:12:04.242+0000] {dag.py:3229} INFO - Sync 1 DAGs
[2024-09-23T21:12:04.328+0000] {logging_mixin.py:190} INFO - [2024-09-23T21:12:04.327+0000] {dag.py:4156} INFO - Setting next_dagrun for dag_with_postgres_operator_v01 to 2024-09-23 00:00:00+00:00, run_after=2024-09-24 00:00:00+00:00
[2024-09-23T21:12:04.404+0000] {processor.py:208} INFO - Processing /opt/airflow/dags/dag_with_postgres_operator.py took 0.637 seconds
[2024-09-23T21:12:35.216+0000] {processor.py:186} INFO - Started process (PID=7421) to work on /opt/airflow/dags/dag_with_postgres_operator.py
[2024-09-23T21:12:35.225+0000] {processor.py:914} INFO - Processing file /opt/airflow/dags/dag_with_postgres_operator.py for tasks to queue
[2024-09-23T21:12:35.228+0000] {logging_mixin.py:190} INFO - [2024-09-23T21:12:35.228+0000] {dagbag.py:587} INFO - Filling up the DagBag from /opt/airflow/dags/dag_with_postgres_operator.py
[2024-09-23T21:12:35.456+0000] {processor.py:925} INFO - DAG(s) 'dag_with_postgres_operator_v01' retrieved from /opt/airflow/dags/dag_with_postgres_operator.py
[2024-09-23T21:12:35.522+0000] {logging_mixin.py:190} INFO - [2024-09-23T21:12:35.521+0000] {dag.py:3229} INFO - Sync 1 DAGs
[2024-09-23T21:12:35.588+0000] {logging_mixin.py:190} INFO - [2024-09-23T21:12:35.587+0000] {dag.py:4156} INFO - Setting next_dagrun for dag_with_postgres_operator_v01 to 2024-09-23 00:00:00+00:00, run_after=2024-09-24 00:00:00+00:00
[2024-09-23T21:12:35.674+0000] {processor.py:208} INFO - Processing /opt/airflow/dags/dag_with_postgres_operator.py took 0.472 seconds
[2024-09-23T21:13:06.001+0000] {processor.py:186} INFO - Started process (PID=7454) to work on /opt/airflow/dags/dag_with_postgres_operator.py
[2024-09-23T21:13:06.003+0000] {processor.py:914} INFO - Processing file /opt/airflow/dags/dag_with_postgres_operator.py for tasks to queue
[2024-09-23T21:13:06.005+0000] {logging_mixin.py:190} INFO - [2024-09-23T21:13:06.004+0000] {dagbag.py:587} INFO - Filling up the DagBag from /opt/airflow/dags/dag_with_postgres_operator.py
[2024-09-23T21:13:06.065+0000] {processor.py:925} INFO - DAG(s) 'dag_with_postgres_operator_v01' retrieved from /opt/airflow/dags/dag_with_postgres_operator.py
[2024-09-23T21:13:06.090+0000] {logging_mixin.py:190} INFO - [2024-09-23T21:13:06.089+0000] {dag.py:3229} INFO - Sync 1 DAGs
[2024-09-23T21:13:06.118+0000] {logging_mixin.py:190} INFO - [2024-09-23T21:13:06.118+0000] {dag.py:4156} INFO - Setting next_dagrun for dag_with_postgres_operator_v01 to 2024-09-23 00:00:00+00:00, run_after=2024-09-24 00:00:00+00:00
[2024-09-23T21:13:06.149+0000] {processor.py:208} INFO - Processing /opt/airflow/dags/dag_with_postgres_operator.py took 0.154 seconds
[2024-09-23T21:13:36.945+0000] {processor.py:186} INFO - Started process (PID=7487) to work on /opt/airflow/dags/dag_with_postgres_operator.py
[2024-09-23T21:13:36.965+0000] {processor.py:914} INFO - Processing file /opt/airflow/dags/dag_with_postgres_operator.py for tasks to queue
[2024-09-23T21:13:36.978+0000] {logging_mixin.py:190} INFO - [2024-09-23T21:13:36.977+0000] {dagbag.py:587} INFO - Filling up the DagBag from /opt/airflow/dags/dag_with_postgres_operator.py
[2024-09-23T21:13:37.139+0000] {processor.py:925} INFO - DAG(s) 'dag_with_postgres_operator_v01' retrieved from /opt/airflow/dags/dag_with_postgres_operator.py
[2024-09-23T21:13:37.201+0000] {logging_mixin.py:190} INFO - [2024-09-23T21:13:37.200+0000] {dag.py:3229} INFO - Sync 1 DAGs
[2024-09-23T21:13:37.261+0000] {logging_mixin.py:190} INFO - [2024-09-23T21:13:37.261+0000] {dag.py:4156} INFO - Setting next_dagrun for dag_with_postgres_operator_v01 to 2024-09-23 00:00:00+00:00, run_after=2024-09-24 00:00:00+00:00
[2024-09-23T21:13:37.314+0000] {processor.py:208} INFO - Processing /opt/airflow/dags/dag_with_postgres_operator.py took 0.388 seconds
[2024-09-23T21:14:07.712+0000] {processor.py:186} INFO - Started process (PID=7520) to work on /opt/airflow/dags/dag_with_postgres_operator.py
[2024-09-23T21:14:07.716+0000] {processor.py:914} INFO - Processing file /opt/airflow/dags/dag_with_postgres_operator.py for tasks to queue
[2024-09-23T21:14:07.720+0000] {logging_mixin.py:190} INFO - [2024-09-23T21:14:07.720+0000] {dagbag.py:587} INFO - Filling up the DagBag from /opt/airflow/dags/dag_with_postgres_operator.py
[2024-09-23T21:14:07.787+0000] {processor.py:925} INFO - DAG(s) 'dag_with_postgres_operator_v01' retrieved from /opt/airflow/dags/dag_with_postgres_operator.py
[2024-09-23T21:14:07.822+0000] {logging_mixin.py:190} INFO - [2024-09-23T21:14:07.822+0000] {dag.py:3229} INFO - Sync 1 DAGs
[2024-09-23T21:14:07.854+0000] {logging_mixin.py:190} INFO - [2024-09-23T21:14:07.854+0000] {dag.py:4156} INFO - Setting next_dagrun for dag_with_postgres_operator_v01 to 2024-09-23 00:00:00+00:00, run_after=2024-09-24 00:00:00+00:00
[2024-09-23T21:14:07.885+0000] {processor.py:208} INFO - Processing /opt/airflow/dags/dag_with_postgres_operator.py took 0.194 seconds
[2024-09-23T21:14:38.340+0000] {processor.py:186} INFO - Started process (PID=7553) to work on /opt/airflow/dags/dag_with_postgres_operator.py
[2024-09-23T21:14:38.342+0000] {processor.py:914} INFO - Processing file /opt/airflow/dags/dag_with_postgres_operator.py for tasks to queue
[2024-09-23T21:14:38.345+0000] {logging_mixin.py:190} INFO - [2024-09-23T21:14:38.344+0000] {dagbag.py:587} INFO - Filling up the DagBag from /opt/airflow/dags/dag_with_postgres_operator.py
[2024-09-23T21:14:38.460+0000] {processor.py:925} INFO - DAG(s) 'dag_with_postgres_operator_v01' retrieved from /opt/airflow/dags/dag_with_postgres_operator.py
[2024-09-23T21:14:38.487+0000] {logging_mixin.py:190} INFO - [2024-09-23T21:14:38.487+0000] {dag.py:3229} INFO - Sync 1 DAGs
[2024-09-23T21:14:38.510+0000] {logging_mixin.py:190} INFO - [2024-09-23T21:14:38.510+0000] {dag.py:4156} INFO - Setting next_dagrun for dag_with_postgres_operator_v01 to 2024-09-23 00:00:00+00:00, run_after=2024-09-24 00:00:00+00:00
[2024-09-23T21:14:38.535+0000] {processor.py:208} INFO - Processing /opt/airflow/dags/dag_with_postgres_operator.py took 0.206 seconds
[2024-09-23T21:15:09.074+0000] {processor.py:186} INFO - Started process (PID=7586) to work on /opt/airflow/dags/dag_with_postgres_operator.py
[2024-09-23T21:15:09.075+0000] {processor.py:914} INFO - Processing file /opt/airflow/dags/dag_with_postgres_operator.py for tasks to queue
[2024-09-23T21:15:09.077+0000] {logging_mixin.py:190} INFO - [2024-09-23T21:15:09.077+0000] {dagbag.py:587} INFO - Filling up the DagBag from /opt/airflow/dags/dag_with_postgres_operator.py
[2024-09-23T21:15:09.196+0000] {processor.py:925} INFO - DAG(s) 'dag_with_postgres_operator_v01' retrieved from /opt/airflow/dags/dag_with_postgres_operator.py
[2024-09-23T21:15:09.252+0000] {logging_mixin.py:190} INFO - [2024-09-23T21:15:09.251+0000] {dag.py:3229} INFO - Sync 1 DAGs
[2024-09-23T21:15:09.285+0000] {logging_mixin.py:190} INFO - [2024-09-23T21:15:09.285+0000] {dag.py:4156} INFO - Setting next_dagrun for dag_with_postgres_operator_v01 to 2024-09-23 00:00:00+00:00, run_after=2024-09-24 00:00:00+00:00
[2024-09-23T21:15:09.318+0000] {processor.py:208} INFO - Processing /opt/airflow/dags/dag_with_postgres_operator.py took 0.250 seconds
[2024-09-23T21:15:39.668+0000] {processor.py:186} INFO - Started process (PID=7619) to work on /opt/airflow/dags/dag_with_postgres_operator.py
[2024-09-23T21:15:39.669+0000] {processor.py:914} INFO - Processing file /opt/airflow/dags/dag_with_postgres_operator.py for tasks to queue
[2024-09-23T21:15:39.671+0000] {logging_mixin.py:190} INFO - [2024-09-23T21:15:39.671+0000] {dagbag.py:587} INFO - Filling up the DagBag from /opt/airflow/dags/dag_with_postgres_operator.py
[2024-09-23T21:15:39.749+0000] {processor.py:925} INFO - DAG(s) 'dag_with_postgres_operator_v01' retrieved from /opt/airflow/dags/dag_with_postgres_operator.py
[2024-09-23T21:15:39.779+0000] {logging_mixin.py:190} INFO - [2024-09-23T21:15:39.779+0000] {dag.py:3229} INFO - Sync 1 DAGs
[2024-09-23T21:15:39.802+0000] {logging_mixin.py:190} INFO - [2024-09-23T21:15:39.802+0000] {dag.py:4156} INFO - Setting next_dagrun for dag_with_postgres_operator_v01 to 2024-09-23 00:00:00+00:00, run_after=2024-09-24 00:00:00+00:00
[2024-09-23T21:15:39.822+0000] {processor.py:208} INFO - Processing /opt/airflow/dags/dag_with_postgres_operator.py took 0.164 seconds
[2024-09-23T21:16:11.564+0000] {processor.py:186} INFO - Started process (PID=7652) to work on /opt/airflow/dags/dag_with_postgres_operator.py
[2024-09-23T21:16:11.574+0000] {processor.py:914} INFO - Processing file /opt/airflow/dags/dag_with_postgres_operator.py for tasks to queue
[2024-09-23T21:16:11.580+0000] {logging_mixin.py:190} INFO - [2024-09-23T21:16:11.579+0000] {dagbag.py:587} INFO - Filling up the DagBag from /opt/airflow/dags/dag_with_postgres_operator.py
[2024-09-23T21:16:11.803+0000] {processor.py:925} INFO - DAG(s) 'dag_with_postgres_operator_v01' retrieved from /opt/airflow/dags/dag_with_postgres_operator.py
[2024-09-23T21:16:11.853+0000] {logging_mixin.py:190} INFO - [2024-09-23T21:16:11.852+0000] {dag.py:3229} INFO - Sync 1 DAGs
[2024-09-23T21:16:11.916+0000] {logging_mixin.py:190} INFO - [2024-09-23T21:16:11.916+0000] {dag.py:4156} INFO - Setting next_dagrun for dag_with_postgres_operator_v01 to 2024-09-23 00:00:00+00:00, run_after=2024-09-24 00:00:00+00:00
[2024-09-23T21:16:11.974+0000] {processor.py:208} INFO - Processing /opt/airflow/dags/dag_with_postgres_operator.py took 0.428 seconds
[2024-09-23T21:16:42.444+0000] {processor.py:186} INFO - Started process (PID=7685) to work on /opt/airflow/dags/dag_with_postgres_operator.py
[2024-09-23T21:16:42.447+0000] {processor.py:914} INFO - Processing file /opt/airflow/dags/dag_with_postgres_operator.py for tasks to queue
[2024-09-23T21:16:42.449+0000] {logging_mixin.py:190} INFO - [2024-09-23T21:16:42.449+0000] {dagbag.py:587} INFO - Filling up the DagBag from /opt/airflow/dags/dag_with_postgres_operator.py
[2024-09-23T21:16:42.546+0000] {processor.py:925} INFO - DAG(s) 'dag_with_postgres_operator_v01' retrieved from /opt/airflow/dags/dag_with_postgres_operator.py
[2024-09-23T21:16:42.595+0000] {logging_mixin.py:190} INFO - [2024-09-23T21:16:42.595+0000] {dag.py:3229} INFO - Sync 1 DAGs
[2024-09-23T21:16:42.631+0000] {logging_mixin.py:190} INFO - [2024-09-23T21:16:42.631+0000] {dag.py:4156} INFO - Setting next_dagrun for dag_with_postgres_operator_v01 to 2024-09-23 00:00:00+00:00, run_after=2024-09-24 00:00:00+00:00
[2024-09-23T21:16:42.686+0000] {processor.py:208} INFO - Processing /opt/airflow/dags/dag_with_postgres_operator.py took 0.249 seconds
[2024-09-23T21:17:12.953+0000] {processor.py:186} INFO - Started process (PID=7718) to work on /opt/airflow/dags/dag_with_postgres_operator.py
[2024-09-23T21:17:12.957+0000] {processor.py:914} INFO - Processing file /opt/airflow/dags/dag_with_postgres_operator.py for tasks to queue
[2024-09-23T21:17:12.961+0000] {logging_mixin.py:190} INFO - [2024-09-23T21:17:12.960+0000] {dagbag.py:587} INFO - Filling up the DagBag from /opt/airflow/dags/dag_with_postgres_operator.py
[2024-09-23T21:17:13.087+0000] {processor.py:925} INFO - DAG(s) 'dag_with_postgres_operator_v01' retrieved from /opt/airflow/dags/dag_with_postgres_operator.py
[2024-09-23T21:17:13.173+0000] {logging_mixin.py:190} INFO - [2024-09-23T21:17:13.172+0000] {dag.py:3229} INFO - Sync 1 DAGs
[2024-09-23T21:17:13.264+0000] {logging_mixin.py:190} INFO - [2024-09-23T21:17:13.263+0000] {dag.py:4156} INFO - Setting next_dagrun for dag_with_postgres_operator_v01 to 2024-09-23 00:00:00+00:00, run_after=2024-09-24 00:00:00+00:00
[2024-09-23T21:17:13.322+0000] {processor.py:208} INFO - Processing /opt/airflow/dags/dag_with_postgres_operator.py took 0.387 seconds
[2024-09-23T21:17:44.371+0000] {processor.py:186} INFO - Started process (PID=7751) to work on /opt/airflow/dags/dag_with_postgres_operator.py
[2024-09-23T21:17:44.374+0000] {processor.py:914} INFO - Processing file /opt/airflow/dags/dag_with_postgres_operator.py for tasks to queue
[2024-09-23T21:17:44.379+0000] {logging_mixin.py:190} INFO - [2024-09-23T21:17:44.377+0000] {dagbag.py:587} INFO - Filling up the DagBag from /opt/airflow/dags/dag_with_postgres_operator.py
[2024-09-23T21:17:44.522+0000] {processor.py:925} INFO - DAG(s) 'dag_with_postgres_operator_v01' retrieved from /opt/airflow/dags/dag_with_postgres_operator.py
[2024-09-23T21:17:44.589+0000] {logging_mixin.py:190} INFO - [2024-09-23T21:17:44.588+0000] {dag.py:3229} INFO - Sync 1 DAGs
[2024-09-23T21:17:44.623+0000] {logging_mixin.py:190} INFO - [2024-09-23T21:17:44.623+0000] {dag.py:4156} INFO - Setting next_dagrun for dag_with_postgres_operator_v01 to 2024-09-23 00:00:00+00:00, run_after=2024-09-24 00:00:00+00:00
[2024-09-23T21:17:44.668+0000] {processor.py:208} INFO - Processing /opt/airflow/dags/dag_with_postgres_operator.py took 0.312 seconds
[2024-09-23T21:18:15.882+0000] {processor.py:186} INFO - Started process (PID=7784) to work on /opt/airflow/dags/dag_with_postgres_operator.py
[2024-09-23T21:18:15.887+0000] {processor.py:914} INFO - Processing file /opt/airflow/dags/dag_with_postgres_operator.py for tasks to queue
[2024-09-23T21:18:15.891+0000] {logging_mixin.py:190} INFO - [2024-09-23T21:18:15.890+0000] {dagbag.py:587} INFO - Filling up the DagBag from /opt/airflow/dags/dag_with_postgres_operator.py
[2024-09-23T21:18:16.043+0000] {processor.py:925} INFO - DAG(s) 'dag_with_postgres_operator_v01' retrieved from /opt/airflow/dags/dag_with_postgres_operator.py
[2024-09-23T21:18:16.122+0000] {logging_mixin.py:190} INFO - [2024-09-23T21:18:16.122+0000] {dag.py:3229} INFO - Sync 1 DAGs
[2024-09-23T21:18:16.172+0000] {logging_mixin.py:190} INFO - [2024-09-23T21:18:16.172+0000] {dag.py:4156} INFO - Setting next_dagrun for dag_with_postgres_operator_v01 to 2024-09-23 00:00:00+00:00, run_after=2024-09-24 00:00:00+00:00
[2024-09-23T21:18:16.221+0000] {processor.py:208} INFO - Processing /opt/airflow/dags/dag_with_postgres_operator.py took 0.348 seconds
[2024-09-23T21:18:20.513+0000] {processor.py:186} INFO - Started process (PID=7789) to work on /opt/airflow/dags/dag_with_postgres_operator.py
[2024-09-23T21:18:20.522+0000] {processor.py:914} INFO - Processing file /opt/airflow/dags/dag_with_postgres_operator.py for tasks to queue
[2024-09-23T21:18:20.525+0000] {logging_mixin.py:190} INFO - [2024-09-23T21:18:20.524+0000] {dagbag.py:587} INFO - Filling up the DagBag from /opt/airflow/dags/dag_with_postgres_operator.py
[2024-09-23T21:18:20.744+0000] {processor.py:925} INFO - DAG(s) 'dag_with_postgres_operator_v01' retrieved from /opt/airflow/dags/dag_with_postgres_operator.py
[2024-09-23T21:18:21.209+0000] {logging_mixin.py:190} INFO - [2024-09-23T21:18:21.209+0000] {dag.py:3229} INFO - Sync 1 DAGs
[2024-09-23T21:18:21.305+0000] {logging_mixin.py:190} INFO - [2024-09-23T21:18:21.302+0000] {dag.py:4156} INFO - Setting next_dagrun for dag_with_postgres_operator_v01 to 2024-09-23 00:00:00+00:00, run_after=2024-09-24 00:00:00+00:00
[2024-09-23T21:18:21.473+0000] {processor.py:208} INFO - Processing /opt/airflow/dags/dag_with_postgres_operator.py took 0.972 seconds
[2024-09-23T21:18:25.933+0000] {processor.py:186} INFO - Started process (PID=7794) to work on /opt/airflow/dags/dag_with_postgres_operator.py
[2024-09-23T21:18:25.944+0000] {processor.py:914} INFO - Processing file /opt/airflow/dags/dag_with_postgres_operator.py for tasks to queue
[2024-09-23T21:18:25.969+0000] {logging_mixin.py:190} INFO - [2024-09-23T21:18:25.968+0000] {dagbag.py:587} INFO - Filling up the DagBag from /opt/airflow/dags/dag_with_postgres_operator.py
[2024-09-23T21:18:26.913+0000] {processor.py:925} INFO - DAG(s) 'dag_with_postgres_operator_v01' retrieved from /opt/airflow/dags/dag_with_postgres_operator.py
[2024-09-23T21:18:26.951+0000] {logging_mixin.py:190} INFO - [2024-09-23T21:18:26.950+0000] {dag.py:3229} INFO - Sync 1 DAGs
[2024-09-23T21:18:27.028+0000] {logging_mixin.py:190} INFO - [2024-09-23T21:18:27.028+0000] {dag.py:4156} INFO - Setting next_dagrun for dag_with_postgres_operator_v01 to 2024-09-23 00:00:00+00:00, run_after=2024-09-24 00:00:00+00:00
[2024-09-23T21:18:27.305+0000] {processor.py:208} INFO - Processing /opt/airflow/dags/dag_with_postgres_operator.py took 1.380 seconds
[2024-09-23T21:18:29.047+0000] {processor.py:186} INFO - Started process (PID=7804) to work on /opt/airflow/dags/dag_with_postgres_operator.py
[2024-09-23T21:18:29.072+0000] {processor.py:914} INFO - Processing file /opt/airflow/dags/dag_with_postgres_operator.py for tasks to queue
[2024-09-23T21:18:29.093+0000] {logging_mixin.py:190} INFO - [2024-09-23T21:18:29.093+0000] {dagbag.py:587} INFO - Filling up the DagBag from /opt/airflow/dags/dag_with_postgres_operator.py
[2024-09-23T21:18:30.501+0000] {processor.py:925} INFO - DAG(s) 'dag_with_postgres_operator_v02' retrieved from /opt/airflow/dags/dag_with_postgres_operator.py
[2024-09-23T21:18:30.738+0000] {logging_mixin.py:190} INFO - [2024-09-23T21:18:30.736+0000] {override.py:1900} INFO - Created Permission View: can edit on DAG:dag_with_postgres_operator_v02
[2024-09-23T21:18:30.797+0000] {logging_mixin.py:190} INFO - [2024-09-23T21:18:30.796+0000] {override.py:1900} INFO - Created Permission View: can read on DAG:dag_with_postgres_operator_v02
[2024-09-23T21:18:30.831+0000] {logging_mixin.py:190} INFO - [2024-09-23T21:18:30.830+0000] {override.py:1900} INFO - Created Permission View: can delete on DAG:dag_with_postgres_operator_v02
[2024-09-23T21:18:30.858+0000] {logging_mixin.py:190} INFO - [2024-09-23T21:18:30.858+0000] {override.py:1900} INFO - Created Permission View: menu access on DAG Run:dag_with_postgres_operator_v02
[2024-09-23T21:18:30.882+0000] {logging_mixin.py:190} INFO - [2024-09-23T21:18:30.881+0000] {override.py:1900} INFO - Created Permission View: can read on DAG Run:dag_with_postgres_operator_v02
[2024-09-23T21:18:30.898+0000] {logging_mixin.py:190} INFO - [2024-09-23T21:18:30.897+0000] {override.py:1900} INFO - Created Permission View: can create on DAG Run:dag_with_postgres_operator_v02
[2024-09-23T21:18:30.916+0000] {logging_mixin.py:190} INFO - [2024-09-23T21:18:30.915+0000] {override.py:1900} INFO - Created Permission View: can delete on DAG Run:dag_with_postgres_operator_v02
[2024-09-23T21:18:30.919+0000] {logging_mixin.py:190} INFO - [2024-09-23T21:18:30.919+0000] {dag.py:3229} INFO - Sync 1 DAGs
[2024-09-23T21:18:30.942+0000] {logging_mixin.py:190} INFO - [2024-09-23T21:18:30.942+0000] {dag.py:3252} INFO - Creating ORM DAG for dag_with_postgres_operator_v02
[2024-09-23T21:18:30.989+0000] {logging_mixin.py:190} INFO - [2024-09-23T21:18:30.989+0000] {dag.py:4156} INFO - Setting next_dagrun for dag_with_postgres_operator_v02 to 2024-09-23 00:00:00+00:00, run_after=2024-09-24 00:00:00+00:00
[2024-09-23T21:18:31.218+0000] {processor.py:208} INFO - Processing /opt/airflow/dags/dag_with_postgres_operator.py took 2.189 seconds
[2024-09-23T21:18:56.973+0000] {processor.py:186} INFO - Started process (PID=7835) to work on /opt/airflow/dags/dag_with_postgres_operator.py
[2024-09-23T21:18:56.976+0000] {processor.py:914} INFO - Processing file /opt/airflow/dags/dag_with_postgres_operator.py for tasks to queue
[2024-09-23T21:18:56.979+0000] {logging_mixin.py:190} INFO - [2024-09-23T21:18:56.978+0000] {dagbag.py:587} INFO - Filling up the DagBag from /opt/airflow/dags/dag_with_postgres_operator.py
[2024-09-23T21:18:57.114+0000] {processor.py:925} INFO - DAG(s) 'dag_with_postgres_operator_v02' retrieved from /opt/airflow/dags/dag_with_postgres_operator.py
[2024-09-23T21:18:57.141+0000] {logging_mixin.py:190} INFO - [2024-09-23T21:18:57.140+0000] {dag.py:3229} INFO - Sync 1 DAGs
[2024-09-23T21:18:57.201+0000] {logging_mixin.py:190} INFO - [2024-09-23T21:18:57.200+0000] {dag.py:4156} INFO - Setting next_dagrun for dag_with_postgres_operator_v02 to 2024-09-23 00:00:00+00:00, run_after=2024-09-24 00:00:00+00:00
[2024-09-23T21:18:57.258+0000] {processor.py:208} INFO - Processing /opt/airflow/dags/dag_with_postgres_operator.py took 0.296 seconds
[2024-09-23T21:19:28.117+0000] {processor.py:186} INFO - Started process (PID=7868) to work on /opt/airflow/dags/dag_with_postgres_operator.py
[2024-09-23T21:19:28.119+0000] {processor.py:914} INFO - Processing file /opt/airflow/dags/dag_with_postgres_operator.py for tasks to queue
[2024-09-23T21:19:28.121+0000] {logging_mixin.py:190} INFO - [2024-09-23T21:19:28.121+0000] {dagbag.py:587} INFO - Filling up the DagBag from /opt/airflow/dags/dag_with_postgres_operator.py
[2024-09-23T21:19:28.207+0000] {processor.py:925} INFO - DAG(s) 'dag_with_postgres_operator_v02' retrieved from /opt/airflow/dags/dag_with_postgres_operator.py
[2024-09-23T21:19:28.249+0000] {logging_mixin.py:190} INFO - [2024-09-23T21:19:28.249+0000] {dag.py:3229} INFO - Sync 1 DAGs
[2024-09-23T21:19:28.281+0000] {logging_mixin.py:190} INFO - [2024-09-23T21:19:28.281+0000] {dag.py:4156} INFO - Setting next_dagrun for dag_with_postgres_operator_v02 to 2024-09-23 00:00:00+00:00, run_after=2024-09-24 00:00:00+00:00
[2024-09-23T21:19:28.308+0000] {processor.py:208} INFO - Processing /opt/airflow/dags/dag_with_postgres_operator.py took 0.201 seconds
[2024-09-23T21:19:58.608+0000] {processor.py:186} INFO - Started process (PID=7901) to work on /opt/airflow/dags/dag_with_postgres_operator.py
[2024-09-23T21:19:58.611+0000] {processor.py:914} INFO - Processing file /opt/airflow/dags/dag_with_postgres_operator.py for tasks to queue
[2024-09-23T21:19:58.615+0000] {logging_mixin.py:190} INFO - [2024-09-23T21:19:58.614+0000] {dagbag.py:587} INFO - Filling up the DagBag from /opt/airflow/dags/dag_with_postgres_operator.py
[2024-09-23T21:19:58.793+0000] {processor.py:925} INFO - DAG(s) 'dag_with_postgres_operator_v02' retrieved from /opt/airflow/dags/dag_with_postgres_operator.py
[2024-09-23T21:19:58.872+0000] {logging_mixin.py:190} INFO - [2024-09-23T21:19:58.871+0000] {dag.py:3229} INFO - Sync 1 DAGs
[2024-09-23T21:19:58.939+0000] {logging_mixin.py:190} INFO - [2024-09-23T21:19:58.938+0000] {dag.py:4156} INFO - Setting next_dagrun for dag_with_postgres_operator_v02 to 2024-09-23 00:00:00+00:00, run_after=2024-09-24 00:00:00+00:00
[2024-09-23T21:19:58.976+0000] {processor.py:208} INFO - Processing /opt/airflow/dags/dag_with_postgres_operator.py took 0.385 seconds
[2024-09-23T21:20:16.382+0000] {processor.py:186} INFO - Started process (PID=7934) to work on /opt/airflow/dags/dag_with_postgres_operator.py
[2024-09-23T21:20:16.384+0000] {processor.py:914} INFO - Processing file /opt/airflow/dags/dag_with_postgres_operator.py for tasks to queue
[2024-09-23T21:20:16.389+0000] {logging_mixin.py:190} INFO - [2024-09-23T21:20:16.388+0000] {dagbag.py:587} INFO - Filling up the DagBag from /opt/airflow/dags/dag_with_postgres_operator.py
[2024-09-23T21:20:16.533+0000] {logging_mixin.py:190} INFO - [2024-09-23T21:20:16.521+0000] {dagbag.py:386} ERROR - Failed to import: /opt/airflow/dags/dag_with_postgres_operator.py
Traceback (most recent call last):
  File "/home/airflow/.local/lib/python3.12/site-packages/airflow/models/dagbag.py", line 382, in parse
    loader.exec_module(new_module)
  File "<frozen importlib._bootstrap_external>", line 991, in exec_module
  File "<frozen importlib._bootstrap_external>", line 1129, in get_code
  File "<frozen importlib._bootstrap_external>", line 1059, in source_to_code
  File "<frozen importlib._bootstrap>", line 488, in _call_with_frames_removed
  File "/opt/airflow/dags/dag_with_postgres_operator.py", line 32
    task2 =
           ^
SyntaxError: invalid syntax
[2024-09-23T21:20:16.537+0000] {processor.py:927} WARNING - No viable dags retrieved from /opt/airflow/dags/dag_with_postgres_operator.py
[2024-09-23T21:20:16.630+0000] {processor.py:208} INFO - Processing /opt/airflow/dags/dag_with_postgres_operator.py took 0.259 seconds
[2024-09-23T21:20:24.952+0000] {processor.py:186} INFO - Started process (PID=7939) to work on /opt/airflow/dags/dag_with_postgres_operator.py
[2024-09-23T21:20:25.125+0000] {processor.py:914} INFO - Processing file /opt/airflow/dags/dag_with_postgres_operator.py for tasks to queue
[2024-09-23T21:20:25.293+0000] {logging_mixin.py:190} INFO - [2024-09-23T21:20:25.292+0000] {dagbag.py:587} INFO - Filling up the DagBag from /opt/airflow/dags/dag_with_postgres_operator.py
[2024-09-23T21:20:25.793+0000] {logging_mixin.py:190} INFO - [2024-09-23T21:20:25.744+0000] {dagbag.py:386} ERROR - Failed to import: /opt/airflow/dags/dag_with_postgres_operator.py
Traceback (most recent call last):
  File "/home/airflow/.local/lib/python3.12/site-packages/airflow/models/dagbag.py", line 382, in parse
    loader.exec_module(new_module)
  File "<frozen importlib._bootstrap_external>", line 995, in exec_module
  File "<frozen importlib._bootstrap>", line 488, in _call_with_frames_removed
  File "/opt/airflow/dags/dag_with_postgres_operator.py", line 32, in <module>
    task2 = PostgresOperator(
            ^^^^^^^^^^^^^^^^^
  File "/home/airflow/.local/lib/python3.12/site-packages/airflow/models/baseoperator.py", line 490, in apply_defaults
    result = func(self, **kwargs, default_args=default_args)
             ^^^^^^^^^^^^^^^^^^^^^^^^^^^^^^^^^^^^^^^^^^^^^^^
  File "/home/airflow/.local/lib/python3.12/site-packages/airflow/providers/postgres/operators/postgres.py", line 84, in __init__
    super().__init__(conn_id=postgres_conn_id, **kwargs)
  File "/home/airflow/.local/lib/python3.12/site-packages/airflow/models/baseoperator.py", line 473, in apply_defaults
    raise AirflowException(f"missing keyword argument {missing_args.pop()!r}")
airflow.exceptions.AirflowException: missing keyword argument 'sql'
[2024-09-23T21:20:25.795+0000] {processor.py:927} WARNING - No viable dags retrieved from /opt/airflow/dags/dag_with_postgres_operator.py
[2024-09-23T21:20:25.848+0000] {processor.py:208} INFO - Processing /opt/airflow/dags/dag_with_postgres_operator.py took 0.915 seconds
[2024-09-23T21:20:27.083+0000] {processor.py:186} INFO - Started process (PID=7944) to work on /opt/airflow/dags/dag_with_postgres_operator.py
[2024-09-23T21:20:27.085+0000] {processor.py:914} INFO - Processing file /opt/airflow/dags/dag_with_postgres_operator.py for tasks to queue
[2024-09-23T21:20:27.088+0000] {logging_mixin.py:190} INFO - [2024-09-23T21:20:27.088+0000] {dagbag.py:587} INFO - Filling up the DagBag from /opt/airflow/dags/dag_with_postgres_operator.py
[2024-09-23T21:20:27.223+0000] {logging_mixin.py:190} INFO - [2024-09-23T21:20:27.220+0000] {dagbag.py:386} ERROR - Failed to import: /opt/airflow/dags/dag_with_postgres_operator.py
Traceback (most recent call last):
  File "/home/airflow/.local/lib/python3.12/site-packages/airflow/models/dagbag.py", line 382, in parse
    loader.exec_module(new_module)
  File "<frozen importlib._bootstrap_external>", line 991, in exec_module
  File "<frozen importlib._bootstrap_external>", line 1129, in get_code
  File "<frozen importlib._bootstrap_external>", line 1059, in source_to_code
  File "<frozen importlib._bootstrap>", line 488, in _call_with_frames_removed
  File "/opt/airflow/dags/dag_with_postgres_operator.py", line 33
    task_id=
    ^^^^^^^^
SyntaxError: expected argument value expression
[2024-09-23T21:20:27.226+0000] {processor.py:927} WARNING - No viable dags retrieved from /opt/airflow/dags/dag_with_postgres_operator.py
[2024-09-23T21:20:27.321+0000] {processor.py:208} INFO - Processing /opt/airflow/dags/dag_with_postgres_operator.py took 0.249 seconds
[2024-09-23T21:20:31.612+0000] {processor.py:186} INFO - Started process (PID=7949) to work on /opt/airflow/dags/dag_with_postgres_operator.py
[2024-09-23T21:20:31.616+0000] {processor.py:914} INFO - Processing file /opt/airflow/dags/dag_with_postgres_operator.py for tasks to queue
[2024-09-23T21:20:31.619+0000] {logging_mixin.py:190} INFO - [2024-09-23T21:20:31.619+0000] {dagbag.py:587} INFO - Filling up the DagBag from /opt/airflow/dags/dag_with_postgres_operator.py
[2024-09-23T21:20:32.041+0000] {logging_mixin.py:190} INFO - [2024-09-23T21:20:31.987+0000] {dagbag.py:386} ERROR - Failed to import: /opt/airflow/dags/dag_with_postgres_operator.py
Traceback (most recent call last):
  File "/home/airflow/.local/lib/python3.12/site-packages/airflow/models/dagbag.py", line 382, in parse
    loader.exec_module(new_module)
  File "<frozen importlib._bootstrap_external>", line 995, in exec_module
  File "<frozen importlib._bootstrap>", line 488, in _call_with_frames_removed
  File "/opt/airflow/dags/dag_with_postgres_operator.py", line 32, in <module>
    task2 = PostgresOperator(
            ^^^^^^^^^^^^^^^^^
  File "/home/airflow/.local/lib/python3.12/site-packages/airflow/models/baseoperator.py", line 490, in apply_defaults
    result = func(self, **kwargs, default_args=default_args)
             ^^^^^^^^^^^^^^^^^^^^^^^^^^^^^^^^^^^^^^^^^^^^^^^
  File "/home/airflow/.local/lib/python3.12/site-packages/airflow/providers/postgres/operators/postgres.py", line 84, in __init__
    super().__init__(conn_id=postgres_conn_id, **kwargs)
  File "/home/airflow/.local/lib/python3.12/site-packages/airflow/models/baseoperator.py", line 473, in apply_defaults
    raise AirflowException(f"missing keyword argument {missing_args.pop()!r}")
airflow.exceptions.AirflowException: missing keyword argument 'sql'
[2024-09-23T21:20:32.049+0000] {processor.py:927} WARNING - No viable dags retrieved from /opt/airflow/dags/dag_with_postgres_operator.py
[2024-09-23T21:20:32.161+0000] {processor.py:208} INFO - Processing /opt/airflow/dags/dag_with_postgres_operator.py took 0.568 seconds
[2024-09-23T21:20:38.580+0000] {processor.py:186} INFO - Started process (PID=7969) to work on /opt/airflow/dags/dag_with_postgres_operator.py
[2024-09-23T21:20:38.612+0000] {processor.py:914} INFO - Processing file /opt/airflow/dags/dag_with_postgres_operator.py for tasks to queue
[2024-09-23T21:20:38.617+0000] {logging_mixin.py:190} INFO - [2024-09-23T21:20:38.616+0000] {dagbag.py:587} INFO - Filling up the DagBag from /opt/airflow/dags/dag_with_postgres_operator.py
[2024-09-23T21:20:39.540+0000] {logging_mixin.py:190} INFO - [2024-09-23T21:20:39.442+0000] {dagbag.py:386} ERROR - Failed to import: /opt/airflow/dags/dag_with_postgres_operator.py
Traceback (most recent call last):
  File "/home/airflow/.local/lib/python3.12/site-packages/airflow/models/dagbag.py", line 382, in parse
    loader.exec_module(new_module)
  File "<frozen importlib._bootstrap_external>", line 995, in exec_module
  File "<frozen importlib._bootstrap>", line 488, in _call_with_frames_removed
  File "/opt/airflow/dags/dag_with_postgres_operator.py", line 32, in <module>
    task2 = PostgresOperator(
            ^^^^^^^^^^^^^^^^^
  File "/home/airflow/.local/lib/python3.12/site-packages/airflow/models/baseoperator.py", line 490, in apply_defaults
    result = func(self, **kwargs, default_args=default_args)
             ^^^^^^^^^^^^^^^^^^^^^^^^^^^^^^^^^^^^^^^^^^^^^^^
  File "/home/airflow/.local/lib/python3.12/site-packages/airflow/providers/postgres/operators/postgres.py", line 84, in __init__
    super().__init__(conn_id=postgres_conn_id, **kwargs)
  File "/home/airflow/.local/lib/python3.12/site-packages/airflow/models/baseoperator.py", line 473, in apply_defaults
    raise AirflowException(f"missing keyword argument {missing_args.pop()!r}")
airflow.exceptions.AirflowException: missing keyword argument 'sql'
[2024-09-23T21:20:39.542+0000] {processor.py:927} WARNING - No viable dags retrieved from /opt/airflow/dags/dag_with_postgres_operator.py
[2024-09-23T21:20:39.584+0000] {processor.py:208} INFO - Processing /opt/airflow/dags/dag_with_postgres_operator.py took 1.016 seconds
[2024-09-23T21:20:43.638+0000] {processor.py:186} INFO - Started process (PID=7979) to work on /opt/airflow/dags/dag_with_postgres_operator.py
[2024-09-23T21:20:43.655+0000] {processor.py:914} INFO - Processing file /opt/airflow/dags/dag_with_postgres_operator.py for tasks to queue
[2024-09-23T21:20:43.674+0000] {logging_mixin.py:190} INFO - [2024-09-23T21:20:43.673+0000] {dagbag.py:587} INFO - Filling up the DagBag from /opt/airflow/dags/dag_with_postgres_operator.py
[2024-09-23T21:20:44.544+0000] {logging_mixin.py:190} INFO - [2024-09-23T21:20:44.541+0000] {dagbag.py:386} ERROR - Failed to import: /opt/airflow/dags/dag_with_postgres_operator.py
Traceback (most recent call last):
  File "/home/airflow/.local/lib/python3.12/site-packages/airflow/models/dagbag.py", line 382, in parse
    loader.exec_module(new_module)
  File "<frozen importlib._bootstrap_external>", line 991, in exec_module
  File "<frozen importlib._bootstrap_external>", line 1129, in get_code
  File "<frozen importlib._bootstrap_external>", line 1059, in source_to_code
  File "<frozen importlib._bootstrap>", line 488, in _call_with_frames_removed
  File "/opt/airflow/dags/dag_with_postgres_operator.py", line 34
    postgres_conn_id=
    ^^^^^^^^^^^^^^^^^
SyntaxError: expected argument value expression
[2024-09-23T21:20:44.546+0000] {processor.py:927} WARNING - No viable dags retrieved from /opt/airflow/dags/dag_with_postgres_operator.py
[2024-09-23T21:20:44.644+0000] {processor.py:208} INFO - Processing /opt/airflow/dags/dag_with_postgres_operator.py took 1.021 seconds
[2024-09-23T21:20:47.039+0000] {processor.py:186} INFO - Started process (PID=7992) to work on /opt/airflow/dags/dag_with_postgres_operator.py
[2024-09-23T21:20:47.044+0000] {processor.py:914} INFO - Processing file /opt/airflow/dags/dag_with_postgres_operator.py for tasks to queue
[2024-09-23T21:20:47.047+0000] {logging_mixin.py:190} INFO - [2024-09-23T21:20:47.047+0000] {dagbag.py:587} INFO - Filling up the DagBag from /opt/airflow/dags/dag_with_postgres_operator.py
[2024-09-23T21:20:47.346+0000] {logging_mixin.py:190} INFO - [2024-09-23T21:20:47.302+0000] {dagbag.py:386} ERROR - Failed to import: /opt/airflow/dags/dag_with_postgres_operator.py
Traceback (most recent call last):
  File "/home/airflow/.local/lib/python3.12/site-packages/airflow/models/dagbag.py", line 382, in parse
    loader.exec_module(new_module)
  File "<frozen importlib._bootstrap_external>", line 995, in exec_module
  File "<frozen importlib._bootstrap>", line 488, in _call_with_frames_removed
  File "/opt/airflow/dags/dag_with_postgres_operator.py", line 32, in <module>
    task2 = PostgresOperator(
            ^^^^^^^^^^^^^^^^^
  File "/home/airflow/.local/lib/python3.12/site-packages/airflow/models/baseoperator.py", line 490, in apply_defaults
    result = func(self, **kwargs, default_args=default_args)
             ^^^^^^^^^^^^^^^^^^^^^^^^^^^^^^^^^^^^^^^^^^^^^^^
  File "/home/airflow/.local/lib/python3.12/site-packages/airflow/providers/postgres/operators/postgres.py", line 84, in __init__
    super().__init__(conn_id=postgres_conn_id, **kwargs)
  File "/home/airflow/.local/lib/python3.12/site-packages/airflow/models/baseoperator.py", line 473, in apply_defaults
    raise AirflowException(f"missing keyword argument {missing_args.pop()!r}")
airflow.exceptions.AirflowException: missing keyword argument 'sql'
[2024-09-23T21:20:47.349+0000] {processor.py:927} WARNING - No viable dags retrieved from /opt/airflow/dags/dag_with_postgres_operator.py
[2024-09-23T21:20:47.393+0000] {processor.py:208} INFO - Processing /opt/airflow/dags/dag_with_postgres_operator.py took 0.365 seconds
[2024-09-23T21:20:52.912+0000] {processor.py:186} INFO - Started process (PID=7997) to work on /opt/airflow/dags/dag_with_postgres_operator.py
[2024-09-23T21:20:52.914+0000] {processor.py:914} INFO - Processing file /opt/airflow/dags/dag_with_postgres_operator.py for tasks to queue
[2024-09-23T21:20:52.916+0000] {logging_mixin.py:190} INFO - [2024-09-23T21:20:52.916+0000] {dagbag.py:587} INFO - Filling up the DagBag from /opt/airflow/dags/dag_with_postgres_operator.py
[2024-09-23T21:20:53.074+0000] {processor.py:925} INFO - DAG(s) 'dag_with_postgres_operator_v02' retrieved from /opt/airflow/dags/dag_with_postgres_operator.py
[2024-09-23T21:20:53.274+0000] {logging_mixin.py:190} INFO - [2024-09-23T21:20:53.273+0000] {dag.py:3229} INFO - Sync 1 DAGs
[2024-09-23T21:20:53.318+0000] {logging_mixin.py:190} INFO - [2024-09-23T21:20:53.317+0000] {dag.py:4156} INFO - Setting next_dagrun for dag_with_postgres_operator_v02 to 2024-09-23 00:00:00+00:00, run_after=2024-09-24 00:00:00+00:00
[2024-09-23T21:20:53.409+0000] {processor.py:208} INFO - Processing /opt/airflow/dags/dag_with_postgres_operator.py took 0.506 seconds
[2024-09-23T21:20:58.342+0000] {processor.py:186} INFO - Started process (PID=8002) to work on /opt/airflow/dags/dag_with_postgres_operator.py
[2024-09-23T21:20:58.349+0000] {processor.py:914} INFO - Processing file /opt/airflow/dags/dag_with_postgres_operator.py for tasks to queue
[2024-09-23T21:20:58.353+0000] {logging_mixin.py:190} INFO - [2024-09-23T21:20:58.352+0000] {dagbag.py:587} INFO - Filling up the DagBag from /opt/airflow/dags/dag_with_postgres_operator.py
[2024-09-23T21:20:59.660+0000] {processor.py:925} INFO - DAG(s) 'dag_with_postgres_operator_v02' retrieved from /opt/airflow/dags/dag_with_postgres_operator.py
[2024-09-23T21:20:59.694+0000] {logging_mixin.py:190} INFO - [2024-09-23T21:20:59.693+0000] {dag.py:3229} INFO - Sync 1 DAGs
[2024-09-23T21:20:59.810+0000] {logging_mixin.py:190} INFO - [2024-09-23T21:20:59.810+0000] {dag.py:4156} INFO - Setting next_dagrun for dag_with_postgres_operator_v02 to 2024-09-23 00:00:00+00:00, run_after=2024-09-24 00:00:00+00:00
[2024-09-23T21:21:01.054+0000] {processor.py:208} INFO - Processing /opt/airflow/dags/dag_with_postgres_operator.py took 2.723 seconds
[2024-09-23T21:21:03.485+0000] {processor.py:186} INFO - Started process (PID=8007) to work on /opt/airflow/dags/dag_with_postgres_operator.py
[2024-09-23T21:21:03.488+0000] {processor.py:914} INFO - Processing file /opt/airflow/dags/dag_with_postgres_operator.py for tasks to queue
[2024-09-23T21:21:03.493+0000] {logging_mixin.py:190} INFO - [2024-09-23T21:21:03.492+0000] {dagbag.py:587} INFO - Filling up the DagBag from /opt/airflow/dags/dag_with_postgres_operator.py
[2024-09-23T21:21:03.733+0000] {processor.py:925} INFO - DAG(s) 'dag_with_postgres_operator_v02' retrieved from /opt/airflow/dags/dag_with_postgres_operator.py
[2024-09-23T21:21:03.770+0000] {logging_mixin.py:190} INFO - [2024-09-23T21:21:03.769+0000] {dag.py:3229} INFO - Sync 1 DAGs
[2024-09-23T21:21:03.815+0000] {logging_mixin.py:190} INFO - [2024-09-23T21:21:03.815+0000] {dag.py:4156} INFO - Setting next_dagrun for dag_with_postgres_operator_v02 to 2024-09-23 00:00:00+00:00, run_after=2024-09-24 00:00:00+00:00
[2024-09-23T21:21:03.887+0000] {processor.py:208} INFO - Processing /opt/airflow/dags/dag_with_postgres_operator.py took 0.418 seconds
[2024-09-23T21:21:07.842+0000] {processor.py:186} INFO - Started process (PID=8027) to work on /opt/airflow/dags/dag_with_postgres_operator.py
[2024-09-23T21:21:07.849+0000] {processor.py:914} INFO - Processing file /opt/airflow/dags/dag_with_postgres_operator.py for tasks to queue
[2024-09-23T21:21:07.864+0000] {logging_mixin.py:190} INFO - [2024-09-23T21:21:07.863+0000] {dagbag.py:587} INFO - Filling up the DagBag from /opt/airflow/dags/dag_with_postgres_operator.py
[2024-09-23T21:21:08.812+0000] {processor.py:925} INFO - DAG(s) 'dag_with_postgres_operator_v02' retrieved from /opt/airflow/dags/dag_with_postgres_operator.py
[2024-09-23T21:21:08.850+0000] {logging_mixin.py:190} INFO - [2024-09-23T21:21:08.849+0000] {dag.py:3229} INFO - Sync 1 DAGs
[2024-09-23T21:21:08.930+0000] {logging_mixin.py:190} INFO - [2024-09-23T21:21:08.930+0000] {dag.py:4156} INFO - Setting next_dagrun for dag_with_postgres_operator_v02 to 2024-09-23 00:00:00+00:00, run_after=2024-09-24 00:00:00+00:00
[2024-09-23T21:21:09.264+0000] {processor.py:208} INFO - Processing /opt/airflow/dags/dag_with_postgres_operator.py took 1.434 seconds
[2024-09-23T21:21:11.574+0000] {processor.py:186} INFO - Started process (PID=8035) to work on /opt/airflow/dags/dag_with_postgres_operator.py
[2024-09-23T21:21:11.691+0000] {processor.py:914} INFO - Processing file /opt/airflow/dags/dag_with_postgres_operator.py for tasks to queue
[2024-09-23T21:21:11.718+0000] {logging_mixin.py:190} INFO - [2024-09-23T21:21:11.717+0000] {dagbag.py:587} INFO - Filling up the DagBag from /opt/airflow/dags/dag_with_postgres_operator.py
[2024-09-23T21:21:12.258+0000] {processor.py:925} INFO - DAG(s) 'dag_with_postgres_operator_v02' retrieved from /opt/airflow/dags/dag_with_postgres_operator.py
[2024-09-23T21:21:12.331+0000] {logging_mixin.py:190} INFO - [2024-09-23T21:21:12.331+0000] {dag.py:3229} INFO - Sync 1 DAGs
[2024-09-23T21:21:12.460+0000] {logging_mixin.py:190} INFO - [2024-09-23T21:21:12.459+0000] {dag.py:4156} INFO - Setting next_dagrun for dag_with_postgres_operator_v02 to 2024-09-23 00:00:00+00:00, run_after=2024-09-24 00:00:00+00:00
[2024-09-23T21:21:12.743+0000] {processor.py:208} INFO - Processing /opt/airflow/dags/dag_with_postgres_operator.py took 1.193 seconds
[2024-09-23T21:21:17.127+0000] {processor.py:186} INFO - Started process (PID=8045) to work on /opt/airflow/dags/dag_with_postgres_operator.py
[2024-09-23T21:21:17.162+0000] {processor.py:914} INFO - Processing file /opt/airflow/dags/dag_with_postgres_operator.py for tasks to queue
[2024-09-23T21:21:17.171+0000] {logging_mixin.py:190} INFO - [2024-09-23T21:21:17.169+0000] {dagbag.py:587} INFO - Filling up the DagBag from /opt/airflow/dags/dag_with_postgres_operator.py
[2024-09-23T21:21:18.490+0000] {processor.py:925} INFO - DAG(s) 'dag_with_postgres_operator_v02' retrieved from /opt/airflow/dags/dag_with_postgres_operator.py
[2024-09-23T21:21:18.522+0000] {logging_mixin.py:190} INFO - [2024-09-23T21:21:18.521+0000] {dag.py:3229} INFO - Sync 1 DAGs
[2024-09-23T21:21:18.608+0000] {logging_mixin.py:190} INFO - [2024-09-23T21:21:18.608+0000] {dag.py:4156} INFO - Setting next_dagrun for dag_with_postgres_operator_v02 to 2024-09-23 00:00:00+00:00, run_after=2024-09-24 00:00:00+00:00
[2024-09-23T21:21:18.713+0000] {processor.py:208} INFO - Processing /opt/airflow/dags/dag_with_postgres_operator.py took 1.620 seconds
[2024-09-23T21:21:22.858+0000] {processor.py:186} INFO - Started process (PID=8055) to work on /opt/airflow/dags/dag_with_postgres_operator.py
[2024-09-23T21:21:22.861+0000] {processor.py:914} INFO - Processing file /opt/airflow/dags/dag_with_postgres_operator.py for tasks to queue
[2024-09-23T21:21:22.867+0000] {logging_mixin.py:190} INFO - [2024-09-23T21:21:22.865+0000] {dagbag.py:587} INFO - Filling up the DagBag from /opt/airflow/dags/dag_with_postgres_operator.py
[2024-09-23T21:21:23.772+0000] {processor.py:925} INFO - DAG(s) 'dag_with_postgres_operator_v02' retrieved from /opt/airflow/dags/dag_with_postgres_operator.py
[2024-09-23T21:21:24.164+0000] {logging_mixin.py:190} INFO - [2024-09-23T21:21:24.163+0000] {dag.py:3229} INFO - Sync 1 DAGs
[2024-09-23T21:21:24.238+0000] {logging_mixin.py:190} INFO - [2024-09-23T21:21:24.237+0000] {dag.py:4156} INFO - Setting next_dagrun for dag_with_postgres_operator_v02 to 2024-09-23 00:00:00+00:00, run_after=2024-09-24 00:00:00+00:00
[2024-09-23T21:21:24.377+0000] {processor.py:208} INFO - Processing /opt/airflow/dags/dag_with_postgres_operator.py took 1.529 seconds
[2024-09-23T21:21:26.493+0000] {processor.py:186} INFO - Started process (PID=8060) to work on /opt/airflow/dags/dag_with_postgres_operator.py
[2024-09-23T21:21:26.511+0000] {processor.py:914} INFO - Processing file /opt/airflow/dags/dag_with_postgres_operator.py for tasks to queue
[2024-09-23T21:21:26.523+0000] {logging_mixin.py:190} INFO - [2024-09-23T21:21:26.521+0000] {dagbag.py:587} INFO - Filling up the DagBag from /opt/airflow/dags/dag_with_postgres_operator.py
[2024-09-23T21:21:27.512+0000] {processor.py:925} INFO - DAG(s) 'dag_with_postgres_operator_v02' retrieved from /opt/airflow/dags/dag_with_postgres_operator.py
[2024-09-23T21:21:27.612+0000] {logging_mixin.py:190} INFO - [2024-09-23T21:21:27.611+0000] {dag.py:3229} INFO - Sync 1 DAGs
[2024-09-23T21:21:27.687+0000] {logging_mixin.py:190} INFO - [2024-09-23T21:21:27.686+0000] {dag.py:4156} INFO - Setting next_dagrun for dag_with_postgres_operator_v02 to 2024-09-23 00:00:00+00:00, run_after=2024-09-24 00:00:00+00:00
[2024-09-23T21:21:27.972+0000] {processor.py:208} INFO - Processing /opt/airflow/dags/dag_with_postgres_operator.py took 1.501 seconds
[2024-09-23T21:21:31.179+0000] {processor.py:186} INFO - Started process (PID=8065) to work on /opt/airflow/dags/dag_with_postgres_operator.py
[2024-09-23T21:21:31.235+0000] {processor.py:914} INFO - Processing file /opt/airflow/dags/dag_with_postgres_operator.py for tasks to queue
[2024-09-23T21:21:31.298+0000] {logging_mixin.py:190} INFO - [2024-09-23T21:21:31.296+0000] {dagbag.py:587} INFO - Filling up the DagBag from /opt/airflow/dags/dag_with_postgres_operator.py
[2024-09-23T21:21:32.110+0000] {processor.py:925} INFO - DAG(s) 'dag_with_postgres_operator_v02' retrieved from /opt/airflow/dags/dag_with_postgres_operator.py
[2024-09-23T21:21:32.137+0000] {logging_mixin.py:190} INFO - [2024-09-23T21:21:32.137+0000] {dag.py:3229} INFO - Sync 1 DAGs
[2024-09-23T21:21:32.192+0000] {logging_mixin.py:190} INFO - [2024-09-23T21:21:32.192+0000] {dag.py:4156} INFO - Setting next_dagrun for dag_with_postgres_operator_v02 to 2024-09-23 00:00:00+00:00, run_after=2024-09-24 00:00:00+00:00
[2024-09-23T21:21:32.280+0000] {processor.py:208} INFO - Processing /opt/airflow/dags/dag_with_postgres_operator.py took 1.112 seconds
[2024-09-23T21:21:46.865+0000] {processor.py:186} INFO - Started process (PID=8090) to work on /opt/airflow/dags/dag_with_postgres_operator.py
[2024-09-23T21:21:46.868+0000] {processor.py:914} INFO - Processing file /opt/airflow/dags/dag_with_postgres_operator.py for tasks to queue
[2024-09-23T21:21:46.873+0000] {logging_mixin.py:190} INFO - [2024-09-23T21:21:46.872+0000] {dagbag.py:587} INFO - Filling up the DagBag from /opt/airflow/dags/dag_with_postgres_operator.py
[2024-09-23T21:21:47.074+0000] {processor.py:925} INFO - DAG(s) 'dag_with_postgres_operator_v02' retrieved from /opt/airflow/dags/dag_with_postgres_operator.py
[2024-09-23T21:21:47.098+0000] {logging_mixin.py:190} INFO - [2024-09-23T21:21:47.098+0000] {dag.py:3229} INFO - Sync 1 DAGs
[2024-09-23T21:21:47.144+0000] {logging_mixin.py:190} INFO - [2024-09-23T21:21:47.144+0000] {dag.py:4156} INFO - Setting next_dagrun for dag_with_postgres_operator_v02 to 2024-09-23 00:00:00+00:00, run_after=2024-09-24 00:00:00+00:00
[2024-09-23T21:21:47.220+0000] {processor.py:208} INFO - Processing /opt/airflow/dags/dag_with_postgres_operator.py took 0.368 seconds
[2024-09-23T21:21:50.830+0000] {processor.py:186} INFO - Started process (PID=8103) to work on /opt/airflow/dags/dag_with_postgres_operator.py
[2024-09-23T21:21:50.842+0000] {processor.py:914} INFO - Processing file /opt/airflow/dags/dag_with_postgres_operator.py for tasks to queue
[2024-09-23T21:21:50.852+0000] {logging_mixin.py:190} INFO - [2024-09-23T21:21:50.852+0000] {dagbag.py:587} INFO - Filling up the DagBag from /opt/airflow/dags/dag_with_postgres_operator.py
[2024-09-23T21:21:52.080+0000] {processor.py:925} INFO - DAG(s) 'dag_with_postgres_operator_v02' retrieved from /opt/airflow/dags/dag_with_postgres_operator.py
[2024-09-23T21:21:52.101+0000] {logging_mixin.py:190} INFO - [2024-09-23T21:21:52.101+0000] {dag.py:3229} INFO - Sync 1 DAGs
[2024-09-23T21:21:52.150+0000] {logging_mixin.py:190} INFO - [2024-09-23T21:21:52.149+0000] {dag.py:4156} INFO - Setting next_dagrun for dag_with_postgres_operator_v02 to 2024-09-23 00:00:00+00:00, run_after=2024-09-24 00:00:00+00:00
[2024-09-23T21:21:52.339+0000] {processor.py:208} INFO - Processing /opt/airflow/dags/dag_with_postgres_operator.py took 1.520 seconds
[2024-09-23T21:22:00.562+0000] {processor.py:186} INFO - Started process (PID=8108) to work on /opt/airflow/dags/dag_with_postgres_operator.py
[2024-09-23T21:22:00.637+0000] {processor.py:914} INFO - Processing file /opt/airflow/dags/dag_with_postgres_operator.py for tasks to queue
[2024-09-23T21:22:00.671+0000] {logging_mixin.py:190} INFO - [2024-09-23T21:22:00.669+0000] {dagbag.py:587} INFO - Filling up the DagBag from /opt/airflow/dags/dag_with_postgres_operator.py
[2024-09-23T21:22:02.805+0000] {processor.py:925} INFO - DAG(s) 'dag_with_postgres_operator_v02' retrieved from /opt/airflow/dags/dag_with_postgres_operator.py
[2024-09-23T21:22:03.057+0000] {logging_mixin.py:190} INFO - [2024-09-23T21:22:03.056+0000] {dag.py:3229} INFO - Sync 1 DAGs
[2024-09-23T21:22:03.112+0000] {logging_mixin.py:190} INFO - [2024-09-23T21:22:03.112+0000] {dag.py:4156} INFO - Setting next_dagrun for dag_with_postgres_operator_v02 to 2024-09-23 00:00:00+00:00, run_after=2024-09-24 00:00:00+00:00
[2024-09-23T21:22:03.522+0000] {processor.py:208} INFO - Processing /opt/airflow/dags/dag_with_postgres_operator.py took 2.996 seconds
[2024-09-23T21:22:10.824+0000] {processor.py:186} INFO - Started process (PID=8128) to work on /opt/airflow/dags/dag_with_postgres_operator.py
[2024-09-23T21:22:10.835+0000] {processor.py:914} INFO - Processing file /opt/airflow/dags/dag_with_postgres_operator.py for tasks to queue
[2024-09-23T21:22:10.841+0000] {logging_mixin.py:190} INFO - [2024-09-23T21:22:10.841+0000] {dagbag.py:587} INFO - Filling up the DagBag from /opt/airflow/dags/dag_with_postgres_operator.py
[2024-09-23T21:22:11.351+0000] {processor.py:925} INFO - DAG(s) 'dag_with_postgres_operator_v02' retrieved from /opt/airflow/dags/dag_with_postgres_operator.py
[2024-09-23T21:22:11.393+0000] {logging_mixin.py:190} INFO - [2024-09-23T21:22:11.393+0000] {dag.py:3229} INFO - Sync 1 DAGs
[2024-09-23T21:22:11.448+0000] {logging_mixin.py:190} INFO - [2024-09-23T21:22:11.447+0000] {dag.py:4156} INFO - Setting next_dagrun for dag_with_postgres_operator_v02 to 2024-09-23 00:00:00+00:00, run_after=2024-09-24 00:00:00+00:00
[2024-09-23T21:22:11.544+0000] {processor.py:208} INFO - Processing /opt/airflow/dags/dag_with_postgres_operator.py took 0.732 seconds
[2024-09-23T21:22:18.382+0000] {processor.py:186} INFO - Started process (PID=8138) to work on /opt/airflow/dags/dag_with_postgres_operator.py
[2024-09-23T21:22:18.421+0000] {processor.py:914} INFO - Processing file /opt/airflow/dags/dag_with_postgres_operator.py for tasks to queue
[2024-09-23T21:22:18.444+0000] {logging_mixin.py:190} INFO - [2024-09-23T21:22:18.442+0000] {dagbag.py:587} INFO - Filling up the DagBag from /opt/airflow/dags/dag_with_postgres_operator.py
[2024-09-23T21:22:19.720+0000] {processor.py:925} INFO - DAG(s) 'dag_with_postgres_operator_v02' retrieved from /opt/airflow/dags/dag_with_postgres_operator.py
[2024-09-23T21:22:19.765+0000] {logging_mixin.py:190} INFO - [2024-09-23T21:22:19.764+0000] {dag.py:3229} INFO - Sync 1 DAGs
[2024-09-23T21:22:19.830+0000] {logging_mixin.py:190} INFO - [2024-09-23T21:22:19.829+0000] {dag.py:4156} INFO - Setting next_dagrun for dag_with_postgres_operator_v02 to 2024-09-23 00:00:00+00:00, run_after=2024-09-24 00:00:00+00:00
[2024-09-23T21:22:20.006+0000] {processor.py:208} INFO - Processing /opt/airflow/dags/dag_with_postgres_operator.py took 1.635 seconds
[2024-09-23T21:22:29.715+0000] {processor.py:186} INFO - Started process (PID=8151) to work on /opt/airflow/dags/dag_with_postgres_operator.py
[2024-09-23T21:22:29.718+0000] {processor.py:914} INFO - Processing file /opt/airflow/dags/dag_with_postgres_operator.py for tasks to queue
[2024-09-23T21:22:29.723+0000] {logging_mixin.py:190} INFO - [2024-09-23T21:22:29.722+0000] {dagbag.py:587} INFO - Filling up the DagBag from /opt/airflow/dags/dag_with_postgres_operator.py
[2024-09-23T21:22:30.151+0000] {processor.py:925} INFO - DAG(s) 'dag_with_postgres_operator_v02' retrieved from /opt/airflow/dags/dag_with_postgres_operator.py
[2024-09-23T21:22:30.196+0000] {logging_mixin.py:190} INFO - [2024-09-23T21:22:30.195+0000] {dag.py:3229} INFO - Sync 1 DAGs
[2024-09-23T21:22:30.274+0000] {logging_mixin.py:190} INFO - [2024-09-23T21:22:30.274+0000] {dag.py:4156} INFO - Setting next_dagrun for dag_with_postgres_operator_v02 to 2024-09-23 00:00:00+00:00, run_after=2024-09-24 00:00:00+00:00
[2024-09-23T21:22:30.418+0000] {processor.py:208} INFO - Processing /opt/airflow/dags/dag_with_postgres_operator.py took 0.718 seconds
[2024-09-23T21:22:41.402+0000] {processor.py:186} INFO - Started process (PID=8161) to work on /opt/airflow/dags/dag_with_postgres_operator.py
[2024-09-23T21:22:41.441+0000] {processor.py:914} INFO - Processing file /opt/airflow/dags/dag_with_postgres_operator.py for tasks to queue
[2024-09-23T21:22:41.464+0000] {logging_mixin.py:190} INFO - [2024-09-23T21:22:41.462+0000] {dagbag.py:587} INFO - Filling up the DagBag from /opt/airflow/dags/dag_with_postgres_operator.py
[2024-09-23T21:22:41.922+0000] {processor.py:925} INFO - DAG(s) 'dag_with_postgres_operator_v02' retrieved from /opt/airflow/dags/dag_with_postgres_operator.py
[2024-09-23T21:22:41.971+0000] {logging_mixin.py:190} INFO - [2024-09-23T21:22:41.970+0000] {dag.py:3229} INFO - Sync 1 DAGs
[2024-09-23T21:22:42.016+0000] {logging_mixin.py:190} INFO - [2024-09-23T21:22:42.015+0000] {dag.py:4156} INFO - Setting next_dagrun for dag_with_postgres_operator_v02 to 2024-09-23 00:00:00+00:00, run_after=2024-09-24 00:00:00+00:00
[2024-09-23T21:22:42.136+0000] {processor.py:208} INFO - Processing /opt/airflow/dags/dag_with_postgres_operator.py took 0.755 seconds
[2024-09-23T21:22:44.090+0000] {processor.py:186} INFO - Started process (PID=8176) to work on /opt/airflow/dags/dag_with_postgres_operator.py
[2024-09-23T21:22:44.092+0000] {processor.py:914} INFO - Processing file /opt/airflow/dags/dag_with_postgres_operator.py for tasks to queue
[2024-09-23T21:22:44.098+0000] {logging_mixin.py:190} INFO - [2024-09-23T21:22:44.094+0000] {dagbag.py:587} INFO - Filling up the DagBag from /opt/airflow/dags/dag_with_postgres_operator.py
[2024-09-23T21:22:44.304+0000] {processor.py:925} INFO - DAG(s) 'dag_with_postgres_operator_v02' retrieved from /opt/airflow/dags/dag_with_postgres_operator.py
[2024-09-23T21:22:44.364+0000] {logging_mixin.py:190} INFO - [2024-09-23T21:22:44.364+0000] {dag.py:3229} INFO - Sync 1 DAGs
[2024-09-23T21:22:44.420+0000] {logging_mixin.py:190} INFO - [2024-09-23T21:22:44.419+0000] {dag.py:4156} INFO - Setting next_dagrun for dag_with_postgres_operator_v02 to 2024-09-23 00:00:00+00:00, run_after=2024-09-24 00:00:00+00:00
[2024-09-23T21:22:44.515+0000] {processor.py:208} INFO - Processing /opt/airflow/dags/dag_with_postgres_operator.py took 0.437 seconds
[2024-09-23T21:22:55.686+0000] {processor.py:186} INFO - Started process (PID=8194) to work on /opt/airflow/dags/dag_with_postgres_operator.py
[2024-09-23T21:22:55.689+0000] {processor.py:914} INFO - Processing file /opt/airflow/dags/dag_with_postgres_operator.py for tasks to queue
[2024-09-23T21:22:55.694+0000] {logging_mixin.py:190} INFO - [2024-09-23T21:22:55.693+0000] {dagbag.py:587} INFO - Filling up the DagBag from /opt/airflow/dags/dag_with_postgres_operator.py
[2024-09-23T21:22:55.953+0000] {processor.py:925} INFO - DAG(s) 'dag_with_postgres_operator_v02' retrieved from /opt/airflow/dags/dag_with_postgres_operator.py
[2024-09-23T21:22:56.193+0000] {logging_mixin.py:190} INFO - [2024-09-23T21:22:56.193+0000] {dag.py:3229} INFO - Sync 1 DAGs
[2024-09-23T21:22:56.239+0000] {logging_mixin.py:190} INFO - [2024-09-23T21:22:56.239+0000] {dag.py:4156} INFO - Setting next_dagrun for dag_with_postgres_operator_v02 to 2024-09-23 00:00:00+00:00, run_after=2024-09-24 00:00:00+00:00
[2024-09-23T21:22:56.334+0000] {processor.py:208} INFO - Processing /opt/airflow/dags/dag_with_postgres_operator.py took 0.657 seconds
[2024-09-23T21:23:04.232+0000] {processor.py:186} INFO - Started process (PID=8199) to work on /opt/airflow/dags/dag_with_postgres_operator.py
[2024-09-23T21:23:04.250+0000] {processor.py:914} INFO - Processing file /opt/airflow/dags/dag_with_postgres_operator.py for tasks to queue
[2024-09-23T21:23:04.290+0000] {logging_mixin.py:190} INFO - [2024-09-23T21:23:04.289+0000] {dagbag.py:587} INFO - Filling up the DagBag from /opt/airflow/dags/dag_with_postgres_operator.py
[2024-09-23T21:23:06.316+0000] {processor.py:925} INFO - DAG(s) 'dag_with_postgres_operator_v03' retrieved from /opt/airflow/dags/dag_with_postgres_operator.py
[2024-09-23T21:23:06.620+0000] {logging_mixin.py:190} INFO - [2024-09-23T21:23:06.617+0000] {override.py:1900} INFO - Created Permission View: can edit on DAG:dag_with_postgres_operator_v03
[2024-09-23T21:23:06.652+0000] {logging_mixin.py:190} INFO - [2024-09-23T21:23:06.650+0000] {override.py:1900} INFO - Created Permission View: can read on DAG:dag_with_postgres_operator_v03
[2024-09-23T21:23:06.716+0000] {logging_mixin.py:190} INFO - [2024-09-23T21:23:06.716+0000] {override.py:1900} INFO - Created Permission View: can delete on DAG:dag_with_postgres_operator_v03
[2024-09-23T21:23:06.827+0000] {logging_mixin.py:190} INFO - [2024-09-23T21:23:06.826+0000] {override.py:1900} INFO - Created Permission View: menu access on DAG Run:dag_with_postgres_operator_v03
[2024-09-23T21:23:06.900+0000] {logging_mixin.py:190} INFO - [2024-09-23T21:23:06.900+0000] {override.py:1900} INFO - Created Permission View: can read on DAG Run:dag_with_postgres_operator_v03
[2024-09-23T21:23:07.009+0000] {logging_mixin.py:190} INFO - [2024-09-23T21:23:07.008+0000] {override.py:1900} INFO - Created Permission View: can create on DAG Run:dag_with_postgres_operator_v03
[2024-09-23T21:23:07.050+0000] {logging_mixin.py:190} INFO - [2024-09-23T21:23:07.049+0000] {override.py:1900} INFO - Created Permission View: can delete on DAG Run:dag_with_postgres_operator_v03
[2024-09-23T21:23:07.096+0000] {logging_mixin.py:190} INFO - [2024-09-23T21:23:07.095+0000] {dag.py:3229} INFO - Sync 1 DAGs
[2024-09-23T21:23:07.183+0000] {logging_mixin.py:190} INFO - [2024-09-23T21:23:07.182+0000] {dag.py:3252} INFO - Creating ORM DAG for dag_with_postgres_operator_v03
[2024-09-23T21:23:07.242+0000] {logging_mixin.py:190} INFO - [2024-09-23T21:23:07.241+0000] {dag.py:4156} INFO - Setting next_dagrun for dag_with_postgres_operator_v03 to 2024-09-23 00:00:00+00:00, run_after=2024-09-24 00:00:00+00:00
[2024-09-23T21:23:07.869+0000] {processor.py:208} INFO - Processing /opt/airflow/dags/dag_with_postgres_operator.py took 3.658 seconds
[2024-09-23T21:23:38.426+0000] {processor.py:186} INFO - Started process (PID=8232) to work on /opt/airflow/dags/dag_with_postgres_operator.py
[2024-09-23T21:23:38.446+0000] {processor.py:914} INFO - Processing file /opt/airflow/dags/dag_with_postgres_operator.py for tasks to queue
[2024-09-23T21:23:38.476+0000] {logging_mixin.py:190} INFO - [2024-09-23T21:23:38.468+0000] {dagbag.py:587} INFO - Filling up the DagBag from /opt/airflow/dags/dag_with_postgres_operator.py
[2024-09-23T21:23:38.705+0000] {processor.py:925} INFO - DAG(s) 'dag_with_postgres_operator_v03' retrieved from /opt/airflow/dags/dag_with_postgres_operator.py
[2024-09-23T21:23:38.816+0000] {logging_mixin.py:190} INFO - [2024-09-23T21:23:38.815+0000] {dag.py:3229} INFO - Sync 1 DAGs
[2024-09-23T21:23:38.883+0000] {logging_mixin.py:190} INFO - [2024-09-23T21:23:38.882+0000] {dag.py:4156} INFO - Setting next_dagrun for dag_with_postgres_operator_v03 to 2024-09-23 00:00:00+00:00, run_after=2024-09-24 00:00:00+00:00
[2024-09-23T21:23:38.929+0000] {processor.py:208} INFO - Processing /opt/airflow/dags/dag_with_postgres_operator.py took 0.539 seconds
[2024-09-23T21:23:42.030+0000] {processor.py:186} INFO - Started process (PID=8242) to work on /opt/airflow/dags/dag_with_postgres_operator.py
[2024-09-23T21:23:42.040+0000] {processor.py:914} INFO - Processing file /opt/airflow/dags/dag_with_postgres_operator.py for tasks to queue
[2024-09-23T21:23:42.051+0000] {logging_mixin.py:190} INFO - [2024-09-23T21:23:42.050+0000] {dagbag.py:587} INFO - Filling up the DagBag from /opt/airflow/dags/dag_with_postgres_operator.py
[2024-09-23T21:23:42.405+0000] {processor.py:925} INFO - DAG(s) 'dag_with_postgres_operator_v03' retrieved from /opt/airflow/dags/dag_with_postgres_operator.py
[2024-09-23T21:23:42.464+0000] {logging_mixin.py:190} INFO - [2024-09-23T21:23:42.463+0000] {dag.py:3229} INFO - Sync 1 DAGs
[2024-09-23T21:23:42.512+0000] {logging_mixin.py:190} INFO - [2024-09-23T21:23:42.512+0000] {dag.py:4156} INFO - Setting next_dagrun for dag_with_postgres_operator_v03 to 2024-09-23 00:00:00+00:00, run_after=2024-09-24 00:00:00+00:00
[2024-09-23T21:23:42.603+0000] {processor.py:208} INFO - Processing /opt/airflow/dags/dag_with_postgres_operator.py took 0.582 seconds
[2024-09-23T21:23:49.731+0000] {processor.py:186} INFO - Started process (PID=8262) to work on /opt/airflow/dags/dag_with_postgres_operator.py
[2024-09-23T21:23:49.733+0000] {processor.py:914} INFO - Processing file /opt/airflow/dags/dag_with_postgres_operator.py for tasks to queue
[2024-09-23T21:23:49.737+0000] {logging_mixin.py:190} INFO - [2024-09-23T21:23:49.736+0000] {dagbag.py:587} INFO - Filling up the DagBag from /opt/airflow/dags/dag_with_postgres_operator.py
[2024-09-23T21:23:49.926+0000] {processor.py:925} INFO - DAG(s) 'dag_with_postgres_operator_v03' retrieved from /opt/airflow/dags/dag_with_postgres_operator.py
[2024-09-23T21:23:49.993+0000] {logging_mixin.py:190} INFO - [2024-09-23T21:23:49.992+0000] {dag.py:3229} INFO - Sync 1 DAGs
[2024-09-23T21:23:50.044+0000] {logging_mixin.py:190} INFO - [2024-09-23T21:23:50.044+0000] {dag.py:4156} INFO - Setting next_dagrun for dag_with_postgres_operator_v03 to 2024-09-23 00:00:00+00:00, run_after=2024-09-24 00:00:00+00:00
[2024-09-23T21:23:50.125+0000] {processor.py:208} INFO - Processing /opt/airflow/dags/dag_with_postgres_operator.py took 0.404 seconds
[2024-09-23T21:23:54.146+0000] {processor.py:186} INFO - Started process (PID=8270) to work on /opt/airflow/dags/dag_with_postgres_operator.py
[2024-09-23T21:23:54.150+0000] {processor.py:914} INFO - Processing file /opt/airflow/dags/dag_with_postgres_operator.py for tasks to queue
[2024-09-23T21:23:54.156+0000] {logging_mixin.py:190} INFO - [2024-09-23T21:23:54.155+0000] {dagbag.py:587} INFO - Filling up the DagBag from /opt/airflow/dags/dag_with_postgres_operator.py
[2024-09-23T21:23:54.564+0000] {processor.py:925} INFO - DAG(s) 'dag_with_postgres_operator_v03' retrieved from /opt/airflow/dags/dag_with_postgres_operator.py
[2024-09-23T21:23:54.618+0000] {logging_mixin.py:190} INFO - [2024-09-23T21:23:54.618+0000] {dag.py:3229} INFO - Sync 1 DAGs
[2024-09-23T21:23:54.678+0000] {logging_mixin.py:190} INFO - [2024-09-23T21:23:54.677+0000] {dag.py:4156} INFO - Setting next_dagrun for dag_with_postgres_operator_v03 to 2024-09-23 00:00:00+00:00, run_after=2024-09-24 00:00:00+00:00
[2024-09-23T21:23:54.800+0000] {processor.py:208} INFO - Processing /opt/airflow/dags/dag_with_postgres_operator.py took 0.670 seconds
[2024-09-23T21:23:57.270+0000] {processor.py:186} INFO - Started process (PID=8280) to work on /opt/airflow/dags/dag_with_postgres_operator.py
[2024-09-23T21:23:57.280+0000] {processor.py:914} INFO - Processing file /opt/airflow/dags/dag_with_postgres_operator.py for tasks to queue
[2024-09-23T21:23:57.298+0000] {logging_mixin.py:190} INFO - [2024-09-23T21:23:57.297+0000] {dagbag.py:587} INFO - Filling up the DagBag from /opt/airflow/dags/dag_with_postgres_operator.py
[2024-09-23T21:23:58.307+0000] {processor.py:925} INFO - DAG(s) 'dag_with_postgres_operator_v03' retrieved from /opt/airflow/dags/dag_with_postgres_operator.py
[2024-09-23T21:23:58.368+0000] {logging_mixin.py:190} INFO - [2024-09-23T21:23:58.367+0000] {dag.py:3229} INFO - Sync 1 DAGs
[2024-09-23T21:23:58.432+0000] {logging_mixin.py:190} INFO - [2024-09-23T21:23:58.432+0000] {dag.py:4156} INFO - Setting next_dagrun for dag_with_postgres_operator_v03 to 2024-09-23 00:00:00+00:00, run_after=2024-09-24 00:00:00+00:00
[2024-09-23T21:23:58.535+0000] {processor.py:208} INFO - Processing /opt/airflow/dags/dag_with_postgres_operator.py took 1.289 seconds
[2024-09-23T21:24:28.853+0000] {processor.py:186} INFO - Started process (PID=8313) to work on /opt/airflow/dags/dag_with_postgres_operator.py
[2024-09-23T21:24:28.856+0000] {processor.py:914} INFO - Processing file /opt/airflow/dags/dag_with_postgres_operator.py for tasks to queue
[2024-09-23T21:24:28.862+0000] {logging_mixin.py:190} INFO - [2024-09-23T21:24:28.861+0000] {dagbag.py:587} INFO - Filling up the DagBag from /opt/airflow/dags/dag_with_postgres_operator.py
[2024-09-23T21:24:28.973+0000] {processor.py:925} INFO - DAG(s) 'dag_with_postgres_operator_v03' retrieved from /opt/airflow/dags/dag_with_postgres_operator.py
[2024-09-23T21:24:29.021+0000] {logging_mixin.py:190} INFO - [2024-09-23T21:24:29.021+0000] {dag.py:3229} INFO - Sync 1 DAGs
[2024-09-23T21:24:29.067+0000] {logging_mixin.py:190} INFO - [2024-09-23T21:24:29.066+0000] {dag.py:4156} INFO - Setting next_dagrun for dag_with_postgres_operator_v03 to 2024-09-23 00:00:00+00:00, run_after=2024-09-24 00:00:00+00:00
[2024-09-23T21:24:29.134+0000] {processor.py:208} INFO - Processing /opt/airflow/dags/dag_with_postgres_operator.py took 0.294 seconds
[2024-09-23T21:24:59.655+0000] {processor.py:186} INFO - Started process (PID=8346) to work on /opt/airflow/dags/dag_with_postgres_operator.py
[2024-09-23T21:24:59.656+0000] {processor.py:914} INFO - Processing file /opt/airflow/dags/dag_with_postgres_operator.py for tasks to queue
[2024-09-23T21:24:59.659+0000] {logging_mixin.py:190} INFO - [2024-09-23T21:24:59.659+0000] {dagbag.py:587} INFO - Filling up the DagBag from /opt/airflow/dags/dag_with_postgres_operator.py
[2024-09-23T21:24:59.716+0000] {processor.py:925} INFO - DAG(s) 'dag_with_postgres_operator_v03' retrieved from /opt/airflow/dags/dag_with_postgres_operator.py
[2024-09-23T21:24:59.745+0000] {logging_mixin.py:190} INFO - [2024-09-23T21:24:59.745+0000] {dag.py:3229} INFO - Sync 1 DAGs
[2024-09-23T21:24:59.766+0000] {logging_mixin.py:190} INFO - [2024-09-23T21:24:59.766+0000] {dag.py:4156} INFO - Setting next_dagrun for dag_with_postgres_operator_v03 to 2024-09-23 00:00:00+00:00, run_after=2024-09-24 00:00:00+00:00
[2024-09-23T21:24:59.796+0000] {processor.py:208} INFO - Processing /opt/airflow/dags/dag_with_postgres_operator.py took 0.147 seconds
[2024-09-23T21:25:30.651+0000] {processor.py:186} INFO - Started process (PID=8379) to work on /opt/airflow/dags/dag_with_postgres_operator.py
[2024-09-23T21:25:30.652+0000] {processor.py:914} INFO - Processing file /opt/airflow/dags/dag_with_postgres_operator.py for tasks to queue
[2024-09-23T21:25:30.655+0000] {logging_mixin.py:190} INFO - [2024-09-23T21:25:30.654+0000] {dagbag.py:587} INFO - Filling up the DagBag from /opt/airflow/dags/dag_with_postgres_operator.py
[2024-09-23T21:25:30.735+0000] {processor.py:925} INFO - DAG(s) 'dag_with_postgres_operator_v03' retrieved from /opt/airflow/dags/dag_with_postgres_operator.py
[2024-09-23T21:25:30.760+0000] {logging_mixin.py:190} INFO - [2024-09-23T21:25:30.760+0000] {dag.py:3229} INFO - Sync 1 DAGs
[2024-09-23T21:25:30.779+0000] {logging_mixin.py:190} INFO - [2024-09-23T21:25:30.779+0000] {dag.py:4156} INFO - Setting next_dagrun for dag_with_postgres_operator_v03 to 2024-09-23 00:00:00+00:00, run_after=2024-09-24 00:00:00+00:00
[2024-09-23T21:25:30.802+0000] {processor.py:208} INFO - Processing /opt/airflow/dags/dag_with_postgres_operator.py took 0.159 seconds
[2024-09-23T21:26:01.638+0000] {processor.py:186} INFO - Started process (PID=8412) to work on /opt/airflow/dags/dag_with_postgres_operator.py
[2024-09-23T21:26:01.639+0000] {processor.py:914} INFO - Processing file /opt/airflow/dags/dag_with_postgres_operator.py for tasks to queue
[2024-09-23T21:26:01.642+0000] {logging_mixin.py:190} INFO - [2024-09-23T21:26:01.642+0000] {dagbag.py:587} INFO - Filling up the DagBag from /opt/airflow/dags/dag_with_postgres_operator.py
[2024-09-23T21:26:01.721+0000] {processor.py:925} INFO - DAG(s) 'dag_with_postgres_operator_v03' retrieved from /opt/airflow/dags/dag_with_postgres_operator.py
[2024-09-23T21:26:01.746+0000] {logging_mixin.py:190} INFO - [2024-09-23T21:26:01.745+0000] {dag.py:3229} INFO - Sync 1 DAGs
[2024-09-23T21:26:01.770+0000] {logging_mixin.py:190} INFO - [2024-09-23T21:26:01.770+0000] {dag.py:4156} INFO - Setting next_dagrun for dag_with_postgres_operator_v03 to 2024-09-23 00:00:00+00:00, run_after=2024-09-24 00:00:00+00:00
[2024-09-23T21:26:01.795+0000] {processor.py:208} INFO - Processing /opt/airflow/dags/dag_with_postgres_operator.py took 0.165 seconds
[2024-09-23T21:26:32.281+0000] {processor.py:186} INFO - Started process (PID=8445) to work on /opt/airflow/dags/dag_with_postgres_operator.py
[2024-09-23T21:26:32.282+0000] {processor.py:914} INFO - Processing file /opt/airflow/dags/dag_with_postgres_operator.py for tasks to queue
[2024-09-23T21:26:32.287+0000] {logging_mixin.py:190} INFO - [2024-09-23T21:26:32.287+0000] {dagbag.py:587} INFO - Filling up the DagBag from /opt/airflow/dags/dag_with_postgres_operator.py
[2024-09-23T21:26:32.405+0000] {processor.py:925} INFO - DAG(s) 'dag_with_postgres_operator_v03' retrieved from /opt/airflow/dags/dag_with_postgres_operator.py
[2024-09-23T21:26:32.445+0000] {logging_mixin.py:190} INFO - [2024-09-23T21:26:32.444+0000] {dag.py:3229} INFO - Sync 1 DAGs
[2024-09-23T21:26:32.466+0000] {logging_mixin.py:190} INFO - [2024-09-23T21:26:32.466+0000] {dag.py:4156} INFO - Setting next_dagrun for dag_with_postgres_operator_v03 to 2024-09-23 00:00:00+00:00, run_after=2024-09-24 00:00:00+00:00
[2024-09-23T21:26:32.497+0000] {processor.py:208} INFO - Processing /opt/airflow/dags/dag_with_postgres_operator.py took 0.221 seconds
[2024-09-23T21:27:03.423+0000] {processor.py:186} INFO - Started process (PID=8478) to work on /opt/airflow/dags/dag_with_postgres_operator.py
[2024-09-23T21:27:03.426+0000] {processor.py:914} INFO - Processing file /opt/airflow/dags/dag_with_postgres_operator.py for tasks to queue
[2024-09-23T21:27:03.429+0000] {logging_mixin.py:190} INFO - [2024-09-23T21:27:03.429+0000] {dagbag.py:587} INFO - Filling up the DagBag from /opt/airflow/dags/dag_with_postgres_operator.py
[2024-09-23T21:27:03.546+0000] {processor.py:925} INFO - DAG(s) 'dag_with_postgres_operator_v03' retrieved from /opt/airflow/dags/dag_with_postgres_operator.py
[2024-09-23T21:27:03.578+0000] {logging_mixin.py:190} INFO - [2024-09-23T21:27:03.578+0000] {dag.py:3229} INFO - Sync 1 DAGs
[2024-09-23T21:27:03.599+0000] {logging_mixin.py:190} INFO - [2024-09-23T21:27:03.598+0000] {dag.py:4156} INFO - Setting next_dagrun for dag_with_postgres_operator_v03 to 2024-09-23 00:00:00+00:00, run_after=2024-09-24 00:00:00+00:00
[2024-09-23T21:27:03.624+0000] {processor.py:208} INFO - Processing /opt/airflow/dags/dag_with_postgres_operator.py took 0.212 seconds
[2024-09-23T21:27:33.954+0000] {processor.py:186} INFO - Started process (PID=8511) to work on /opt/airflow/dags/dag_with_postgres_operator.py
[2024-09-23T21:27:33.956+0000] {processor.py:914} INFO - Processing file /opt/airflow/dags/dag_with_postgres_operator.py for tasks to queue
[2024-09-23T21:27:33.958+0000] {logging_mixin.py:190} INFO - [2024-09-23T21:27:33.958+0000] {dagbag.py:587} INFO - Filling up the DagBag from /opt/airflow/dags/dag_with_postgres_operator.py
[2024-09-23T21:27:34.050+0000] {processor.py:925} INFO - DAG(s) 'dag_with_postgres_operator_v03' retrieved from /opt/airflow/dags/dag_with_postgres_operator.py
[2024-09-23T21:27:34.078+0000] {logging_mixin.py:190} INFO - [2024-09-23T21:27:34.078+0000] {dag.py:3229} INFO - Sync 1 DAGs
[2024-09-23T21:27:34.106+0000] {logging_mixin.py:190} INFO - [2024-09-23T21:27:34.106+0000] {dag.py:4156} INFO - Setting next_dagrun for dag_with_postgres_operator_v03 to 2024-09-23 00:00:00+00:00, run_after=2024-09-24 00:00:00+00:00
[2024-09-23T21:27:34.130+0000] {processor.py:208} INFO - Processing /opt/airflow/dags/dag_with_postgres_operator.py took 0.192 seconds
[2024-09-23T21:28:04.513+0000] {processor.py:186} INFO - Started process (PID=8544) to work on /opt/airflow/dags/dag_with_postgres_operator.py
[2024-09-23T21:28:04.516+0000] {processor.py:914} INFO - Processing file /opt/airflow/dags/dag_with_postgres_operator.py for tasks to queue
[2024-09-23T21:28:04.520+0000] {logging_mixin.py:190} INFO - [2024-09-23T21:28:04.519+0000] {dagbag.py:587} INFO - Filling up the DagBag from /opt/airflow/dags/dag_with_postgres_operator.py
[2024-09-23T21:28:04.612+0000] {processor.py:925} INFO - DAG(s) 'dag_with_postgres_operator_v03' retrieved from /opt/airflow/dags/dag_with_postgres_operator.py
[2024-09-23T21:28:04.650+0000] {logging_mixin.py:190} INFO - [2024-09-23T21:28:04.649+0000] {dag.py:3229} INFO - Sync 1 DAGs
[2024-09-23T21:28:04.678+0000] {logging_mixin.py:190} INFO - [2024-09-23T21:28:04.677+0000] {dag.py:4156} INFO - Setting next_dagrun for dag_with_postgres_operator_v03 to 2024-09-23 00:00:00+00:00, run_after=2024-09-24 00:00:00+00:00
[2024-09-23T21:28:04.709+0000] {processor.py:208} INFO - Processing /opt/airflow/dags/dag_with_postgres_operator.py took 0.205 seconds
[2024-09-23T21:28:34.940+0000] {processor.py:186} INFO - Started process (PID=8577) to work on /opt/airflow/dags/dag_with_postgres_operator.py
[2024-09-23T21:28:34.943+0000] {processor.py:914} INFO - Processing file /opt/airflow/dags/dag_with_postgres_operator.py for tasks to queue
[2024-09-23T21:28:34.945+0000] {logging_mixin.py:190} INFO - [2024-09-23T21:28:34.945+0000] {dagbag.py:587} INFO - Filling up the DagBag from /opt/airflow/dags/dag_with_postgres_operator.py
[2024-09-23T21:28:35.065+0000] {processor.py:925} INFO - DAG(s) 'dag_with_postgres_operator_v03' retrieved from /opt/airflow/dags/dag_with_postgres_operator.py
[2024-09-23T21:28:35.094+0000] {logging_mixin.py:190} INFO - [2024-09-23T21:28:35.094+0000] {dag.py:3229} INFO - Sync 1 DAGs
[2024-09-23T21:28:35.118+0000] {logging_mixin.py:190} INFO - [2024-09-23T21:28:35.118+0000] {dag.py:4156} INFO - Setting next_dagrun for dag_with_postgres_operator_v03 to 2024-09-23 00:00:00+00:00, run_after=2024-09-24 00:00:00+00:00
[2024-09-23T21:28:35.144+0000] {processor.py:208} INFO - Processing /opt/airflow/dags/dag_with_postgres_operator.py took 0.215 seconds
[2024-09-23T21:29:05.523+0000] {processor.py:186} INFO - Started process (PID=8610) to work on /opt/airflow/dags/dag_with_postgres_operator.py
[2024-09-23T21:29:05.526+0000] {processor.py:914} INFO - Processing file /opt/airflow/dags/dag_with_postgres_operator.py for tasks to queue
[2024-09-23T21:29:05.531+0000] {logging_mixin.py:190} INFO - [2024-09-23T21:29:05.531+0000] {dagbag.py:587} INFO - Filling up the DagBag from /opt/airflow/dags/dag_with_postgres_operator.py
[2024-09-23T21:29:05.637+0000] {processor.py:925} INFO - DAG(s) 'dag_with_postgres_operator_v03' retrieved from /opt/airflow/dags/dag_with_postgres_operator.py
[2024-09-23T21:29:05.668+0000] {logging_mixin.py:190} INFO - [2024-09-23T21:29:05.668+0000] {dag.py:3229} INFO - Sync 1 DAGs
[2024-09-23T21:29:05.692+0000] {logging_mixin.py:190} INFO - [2024-09-23T21:29:05.692+0000] {dag.py:4156} INFO - Setting next_dagrun for dag_with_postgres_operator_v03 to 2024-09-23 00:00:00+00:00, run_after=2024-09-24 00:00:00+00:00
[2024-09-23T21:29:05.723+0000] {processor.py:208} INFO - Processing /opt/airflow/dags/dag_with_postgres_operator.py took 0.212 seconds
[2024-09-23T21:29:36.615+0000] {processor.py:186} INFO - Started process (PID=8643) to work on /opt/airflow/dags/dag_with_postgres_operator.py
[2024-09-23T21:29:36.617+0000] {processor.py:914} INFO - Processing file /opt/airflow/dags/dag_with_postgres_operator.py for tasks to queue
[2024-09-23T21:29:36.621+0000] {logging_mixin.py:190} INFO - [2024-09-23T21:29:36.620+0000] {dagbag.py:587} INFO - Filling up the DagBag from /opt/airflow/dags/dag_with_postgres_operator.py
[2024-09-23T21:29:36.734+0000] {processor.py:925} INFO - DAG(s) 'dag_with_postgres_operator_v03' retrieved from /opt/airflow/dags/dag_with_postgres_operator.py
[2024-09-23T21:29:36.784+0000] {logging_mixin.py:190} INFO - [2024-09-23T21:29:36.784+0000] {dag.py:3229} INFO - Sync 1 DAGs
[2024-09-23T21:29:36.827+0000] {logging_mixin.py:190} INFO - [2024-09-23T21:29:36.826+0000] {dag.py:4156} INFO - Setting next_dagrun for dag_with_postgres_operator_v03 to 2024-09-23 00:00:00+00:00, run_after=2024-09-24 00:00:00+00:00
[2024-09-23T21:29:36.864+0000] {processor.py:208} INFO - Processing /opt/airflow/dags/dag_with_postgres_operator.py took 0.256 seconds
[2024-09-23T21:30:07.289+0000] {processor.py:186} INFO - Started process (PID=8676) to work on /opt/airflow/dags/dag_with_postgres_operator.py
[2024-09-23T21:30:07.291+0000] {processor.py:914} INFO - Processing file /opt/airflow/dags/dag_with_postgres_operator.py for tasks to queue
[2024-09-23T21:30:07.294+0000] {logging_mixin.py:190} INFO - [2024-09-23T21:30:07.293+0000] {dagbag.py:587} INFO - Filling up the DagBag from /opt/airflow/dags/dag_with_postgres_operator.py
[2024-09-23T21:30:07.400+0000] {processor.py:925} INFO - DAG(s) 'dag_with_postgres_operator_v03' retrieved from /opt/airflow/dags/dag_with_postgres_operator.py
[2024-09-23T21:30:07.432+0000] {logging_mixin.py:190} INFO - [2024-09-23T21:30:07.432+0000] {dag.py:3229} INFO - Sync 1 DAGs
[2024-09-23T21:30:07.455+0000] {logging_mixin.py:190} INFO - [2024-09-23T21:30:07.455+0000] {dag.py:4156} INFO - Setting next_dagrun for dag_with_postgres_operator_v03 to 2024-09-23 00:00:00+00:00, run_after=2024-09-24 00:00:00+00:00
[2024-09-23T21:30:07.483+0000] {processor.py:208} INFO - Processing /opt/airflow/dags/dag_with_postgres_operator.py took 0.207 seconds
[2024-09-23T21:30:38.169+0000] {processor.py:186} INFO - Started process (PID=8709) to work on /opt/airflow/dags/dag_with_postgres_operator.py
[2024-09-23T21:30:38.171+0000] {processor.py:914} INFO - Processing file /opt/airflow/dags/dag_with_postgres_operator.py for tasks to queue
[2024-09-23T21:30:38.174+0000] {logging_mixin.py:190} INFO - [2024-09-23T21:30:38.174+0000] {dagbag.py:587} INFO - Filling up the DagBag from /opt/airflow/dags/dag_with_postgres_operator.py
[2024-09-23T21:30:38.250+0000] {processor.py:925} INFO - DAG(s) 'dag_with_postgres_operator_v03' retrieved from /opt/airflow/dags/dag_with_postgres_operator.py
[2024-09-23T21:30:38.280+0000] {logging_mixin.py:190} INFO - [2024-09-23T21:30:38.279+0000] {dag.py:3229} INFO - Sync 1 DAGs
[2024-09-23T21:30:38.309+0000] {logging_mixin.py:190} INFO - [2024-09-23T21:30:38.308+0000] {dag.py:4156} INFO - Setting next_dagrun for dag_with_postgres_operator_v03 to 2024-09-23 00:00:00+00:00, run_after=2024-09-24 00:00:00+00:00
[2024-09-23T21:30:38.334+0000] {processor.py:208} INFO - Processing /opt/airflow/dags/dag_with_postgres_operator.py took 0.174 seconds
[2024-09-23T21:31:08.532+0000] {processor.py:186} INFO - Started process (PID=8742) to work on /opt/airflow/dags/dag_with_postgres_operator.py
[2024-09-23T21:31:08.534+0000] {processor.py:914} INFO - Processing file /opt/airflow/dags/dag_with_postgres_operator.py for tasks to queue
[2024-09-23T21:31:08.537+0000] {logging_mixin.py:190} INFO - [2024-09-23T21:31:08.536+0000] {dagbag.py:587} INFO - Filling up the DagBag from /opt/airflow/dags/dag_with_postgres_operator.py
[2024-09-23T21:31:08.634+0000] {processor.py:925} INFO - DAG(s) 'dag_with_postgres_operator_v03' retrieved from /opt/airflow/dags/dag_with_postgres_operator.py
[2024-09-23T21:31:08.672+0000] {logging_mixin.py:190} INFO - [2024-09-23T21:31:08.671+0000] {dag.py:3229} INFO - Sync 1 DAGs
[2024-09-23T21:31:08.696+0000] {logging_mixin.py:190} INFO - [2024-09-23T21:31:08.696+0000] {dag.py:4156} INFO - Setting next_dagrun for dag_with_postgres_operator_v03 to 2024-09-23 00:00:00+00:00, run_after=2024-09-24 00:00:00+00:00
[2024-09-23T21:31:08.722+0000] {processor.py:208} INFO - Processing /opt/airflow/dags/dag_with_postgres_operator.py took 0.199 seconds
[2024-09-23T21:31:39.242+0000] {processor.py:186} INFO - Started process (PID=8775) to work on /opt/airflow/dags/dag_with_postgres_operator.py
[2024-09-23T21:31:39.243+0000] {processor.py:914} INFO - Processing file /opt/airflow/dags/dag_with_postgres_operator.py for tasks to queue
[2024-09-23T21:31:39.250+0000] {logging_mixin.py:190} INFO - [2024-09-23T21:31:39.248+0000] {dagbag.py:587} INFO - Filling up the DagBag from /opt/airflow/dags/dag_with_postgres_operator.py
[2024-09-23T21:31:39.362+0000] {processor.py:925} INFO - DAG(s) 'dag_with_postgres_operator_v03' retrieved from /opt/airflow/dags/dag_with_postgres_operator.py
[2024-09-23T21:31:39.390+0000] {logging_mixin.py:190} INFO - [2024-09-23T21:31:39.390+0000] {dag.py:3229} INFO - Sync 1 DAGs
[2024-09-23T21:31:39.411+0000] {logging_mixin.py:190} INFO - [2024-09-23T21:31:39.411+0000] {dag.py:4156} INFO - Setting next_dagrun for dag_with_postgres_operator_v03 to 2024-09-23 00:00:00+00:00, run_after=2024-09-24 00:00:00+00:00
[2024-09-23T21:31:39.439+0000] {processor.py:208} INFO - Processing /opt/airflow/dags/dag_with_postgres_operator.py took 0.203 seconds
[2024-09-23T21:32:10.176+0000] {processor.py:186} INFO - Started process (PID=8808) to work on /opt/airflow/dags/dag_with_postgres_operator.py
[2024-09-23T21:32:10.181+0000] {processor.py:914} INFO - Processing file /opt/airflow/dags/dag_with_postgres_operator.py for tasks to queue
[2024-09-23T21:32:10.185+0000] {logging_mixin.py:190} INFO - [2024-09-23T21:32:10.185+0000] {dagbag.py:587} INFO - Filling up the DagBag from /opt/airflow/dags/dag_with_postgres_operator.py
[2024-09-23T21:32:10.416+0000] {processor.py:925} INFO - DAG(s) 'dag_with_postgres_operator_v03' retrieved from /opt/airflow/dags/dag_with_postgres_operator.py
[2024-09-23T21:32:10.505+0000] {logging_mixin.py:190} INFO - [2024-09-23T21:32:10.505+0000] {dag.py:3229} INFO - Sync 1 DAGs
[2024-09-23T21:32:10.588+0000] {logging_mixin.py:190} INFO - [2024-09-23T21:32:10.587+0000] {dag.py:4156} INFO - Setting next_dagrun for dag_with_postgres_operator_v03 to 2024-09-23 00:00:00+00:00, run_after=2024-09-24 00:00:00+00:00
[2024-09-23T21:32:10.651+0000] {processor.py:208} INFO - Processing /opt/airflow/dags/dag_with_postgres_operator.py took 0.487 seconds
[2024-09-23T21:32:40.866+0000] {processor.py:186} INFO - Started process (PID=8841) to work on /opt/airflow/dags/dag_with_postgres_operator.py
[2024-09-23T21:32:40.869+0000] {processor.py:914} INFO - Processing file /opt/airflow/dags/dag_with_postgres_operator.py for tasks to queue
[2024-09-23T21:32:40.873+0000] {logging_mixin.py:190} INFO - [2024-09-23T21:32:40.871+0000] {dagbag.py:587} INFO - Filling up the DagBag from /opt/airflow/dags/dag_with_postgres_operator.py
[2024-09-23T21:32:40.943+0000] {processor.py:925} INFO - DAG(s) 'dag_with_postgres_operator_v03' retrieved from /opt/airflow/dags/dag_with_postgres_operator.py
[2024-09-23T21:32:40.988+0000] {logging_mixin.py:190} INFO - [2024-09-23T21:32:40.987+0000] {dag.py:3229} INFO - Sync 1 DAGs
[2024-09-23T21:32:41.028+0000] {logging_mixin.py:190} INFO - [2024-09-23T21:32:41.028+0000] {dag.py:4156} INFO - Setting next_dagrun for dag_with_postgres_operator_v03 to 2024-09-23 00:00:00+00:00, run_after=2024-09-24 00:00:00+00:00
[2024-09-23T21:32:41.069+0000] {processor.py:208} INFO - Processing /opt/airflow/dags/dag_with_postgres_operator.py took 0.213 seconds
[2024-09-23T21:33:11.842+0000] {processor.py:186} INFO - Started process (PID=8874) to work on /opt/airflow/dags/dag_with_postgres_operator.py
[2024-09-23T21:33:11.844+0000] {processor.py:914} INFO - Processing file /opt/airflow/dags/dag_with_postgres_operator.py for tasks to queue
[2024-09-23T21:33:11.849+0000] {logging_mixin.py:190} INFO - [2024-09-23T21:33:11.847+0000] {dagbag.py:587} INFO - Filling up the DagBag from /opt/airflow/dags/dag_with_postgres_operator.py
[2024-09-23T21:33:11.968+0000] {processor.py:925} INFO - DAG(s) 'dag_with_postgres_operator_v03' retrieved from /opt/airflow/dags/dag_with_postgres_operator.py
[2024-09-23T21:33:12.032+0000] {logging_mixin.py:190} INFO - [2024-09-23T21:33:12.031+0000] {dag.py:3229} INFO - Sync 1 DAGs
[2024-09-23T21:33:12.095+0000] {logging_mixin.py:190} INFO - [2024-09-23T21:33:12.094+0000] {dag.py:4156} INFO - Setting next_dagrun for dag_with_postgres_operator_v03 to 2024-09-23 00:00:00+00:00, run_after=2024-09-24 00:00:00+00:00
[2024-09-23T21:33:12.145+0000] {processor.py:208} INFO - Processing /opt/airflow/dags/dag_with_postgres_operator.py took 0.318 seconds
[2024-09-23T21:33:37.943+0000] {processor.py:186} INFO - Started process (PID=8899) to work on /opt/airflow/dags/dag_with_postgres_operator.py
[2024-09-23T21:33:37.944+0000] {processor.py:914} INFO - Processing file /opt/airflow/dags/dag_with_postgres_operator.py for tasks to queue
[2024-09-23T21:33:37.951+0000] {logging_mixin.py:190} INFO - [2024-09-23T21:33:37.950+0000] {dagbag.py:587} INFO - Filling up the DagBag from /opt/airflow/dags/dag_with_postgres_operator.py
[2024-09-23T21:33:38.138+0000] {processor.py:925} INFO - DAG(s) 'dag_with_postgres_operator_v03' retrieved from /opt/airflow/dags/dag_with_postgres_operator.py
[2024-09-23T21:33:38.364+0000] {logging_mixin.py:190} INFO - [2024-09-23T21:33:38.364+0000] {dag.py:3229} INFO - Sync 1 DAGs
[2024-09-23T21:33:38.409+0000] {logging_mixin.py:190} INFO - [2024-09-23T21:33:38.408+0000] {dag.py:4156} INFO - Setting next_dagrun for dag_with_postgres_operator_v03 to 2024-09-23 00:00:00+00:00, run_after=2024-09-24 00:00:00+00:00
[2024-09-23T21:33:38.507+0000] {processor.py:208} INFO - Processing /opt/airflow/dags/dag_with_postgres_operator.py took 0.572 seconds
[2024-09-23T21:34:08.827+0000] {processor.py:186} INFO - Started process (PID=8932) to work on /opt/airflow/dags/dag_with_postgres_operator.py
[2024-09-23T21:34:08.830+0000] {processor.py:914} INFO - Processing file /opt/airflow/dags/dag_with_postgres_operator.py for tasks to queue
[2024-09-23T21:34:08.833+0000] {logging_mixin.py:190} INFO - [2024-09-23T21:34:08.833+0000] {dagbag.py:587} INFO - Filling up the DagBag from /opt/airflow/dags/dag_with_postgres_operator.py
[2024-09-23T21:34:08.967+0000] {processor.py:925} INFO - DAG(s) 'dag_with_postgres_operator_v03' retrieved from /opt/airflow/dags/dag_with_postgres_operator.py
[2024-09-23T21:34:09.064+0000] {logging_mixin.py:190} INFO - [2024-09-23T21:34:09.063+0000] {dag.py:3229} INFO - Sync 1 DAGs
[2024-09-23T21:34:09.107+0000] {logging_mixin.py:190} INFO - [2024-09-23T21:34:09.106+0000] {dag.py:4156} INFO - Setting next_dagrun for dag_with_postgres_operator_v03 to 2024-09-23 00:00:00+00:00, run_after=2024-09-24 00:00:00+00:00
[2024-09-23T21:34:09.151+0000] {processor.py:208} INFO - Processing /opt/airflow/dags/dag_with_postgres_operator.py took 0.338 seconds
[2024-09-23T21:34:39.432+0000] {processor.py:186} INFO - Started process (PID=8971) to work on /opt/airflow/dags/dag_with_postgres_operator.py
[2024-09-23T21:34:39.434+0000] {processor.py:914} INFO - Processing file /opt/airflow/dags/dag_with_postgres_operator.py for tasks to queue
[2024-09-23T21:34:39.437+0000] {logging_mixin.py:190} INFO - [2024-09-23T21:34:39.436+0000] {dagbag.py:587} INFO - Filling up the DagBag from /opt/airflow/dags/dag_with_postgres_operator.py
[2024-09-23T21:34:39.555+0000] {processor.py:925} INFO - DAG(s) 'dag_with_postgres_operator_v03' retrieved from /opt/airflow/dags/dag_with_postgres_operator.py
[2024-09-23T21:34:39.615+0000] {logging_mixin.py:190} INFO - [2024-09-23T21:34:39.614+0000] {dag.py:3229} INFO - Sync 1 DAGs
[2024-09-23T21:34:39.689+0000] {logging_mixin.py:190} INFO - [2024-09-23T21:34:39.689+0000] {dag.py:4156} INFO - Setting next_dagrun for dag_with_postgres_operator_v03 to 2024-09-23 00:00:00+00:00, run_after=2024-09-24 00:00:00+00:00
[2024-09-23T21:34:39.742+0000] {processor.py:208} INFO - Processing /opt/airflow/dags/dag_with_postgres_operator.py took 0.318 seconds
[2024-09-23T21:35:10.092+0000] {processor.py:186} INFO - Started process (PID=9004) to work on /opt/airflow/dags/dag_with_postgres_operator.py
[2024-09-23T21:35:10.095+0000] {processor.py:914} INFO - Processing file /opt/airflow/dags/dag_with_postgres_operator.py for tasks to queue
[2024-09-23T21:35:10.097+0000] {logging_mixin.py:190} INFO - [2024-09-23T21:35:10.097+0000] {dagbag.py:587} INFO - Filling up the DagBag from /opt/airflow/dags/dag_with_postgres_operator.py
[2024-09-23T21:35:10.187+0000] {processor.py:925} INFO - DAG(s) 'dag_with_postgres_operator_v03' retrieved from /opt/airflow/dags/dag_with_postgres_operator.py
[2024-09-23T21:35:10.236+0000] {logging_mixin.py:190} INFO - [2024-09-23T21:35:10.236+0000] {dag.py:3229} INFO - Sync 1 DAGs
[2024-09-23T21:35:10.265+0000] {logging_mixin.py:190} INFO - [2024-09-23T21:35:10.264+0000] {dag.py:4156} INFO - Setting next_dagrun for dag_with_postgres_operator_v03 to 2024-09-23 00:00:00+00:00, run_after=2024-09-24 00:00:00+00:00
[2024-09-23T21:35:10.301+0000] {processor.py:208} INFO - Processing /opt/airflow/dags/dag_with_postgres_operator.py took 0.226 seconds
[2024-09-23T21:35:41.111+0000] {processor.py:186} INFO - Started process (PID=9037) to work on /opt/airflow/dags/dag_with_postgres_operator.py
[2024-09-23T21:35:41.114+0000] {processor.py:914} INFO - Processing file /opt/airflow/dags/dag_with_postgres_operator.py for tasks to queue
[2024-09-23T21:35:41.120+0000] {logging_mixin.py:190} INFO - [2024-09-23T21:35:41.118+0000] {dagbag.py:587} INFO - Filling up the DagBag from /opt/airflow/dags/dag_with_postgres_operator.py
[2024-09-23T21:35:41.247+0000] {processor.py:925} INFO - DAG(s) 'dag_with_postgres_operator_v03' retrieved from /opt/airflow/dags/dag_with_postgres_operator.py
[2024-09-23T21:35:41.310+0000] {logging_mixin.py:190} INFO - [2024-09-23T21:35:41.309+0000] {dag.py:3229} INFO - Sync 1 DAGs
[2024-09-23T21:35:41.384+0000] {logging_mixin.py:190} INFO - [2024-09-23T21:35:41.383+0000] {dag.py:4156} INFO - Setting next_dagrun for dag_with_postgres_operator_v03 to 2024-09-23 00:00:00+00:00, run_after=2024-09-24 00:00:00+00:00
[2024-09-23T21:35:41.436+0000] {processor.py:208} INFO - Processing /opt/airflow/dags/dag_with_postgres_operator.py took 0.337 seconds
[2024-09-23T21:36:11.685+0000] {processor.py:186} INFO - Started process (PID=9070) to work on /opt/airflow/dags/dag_with_postgres_operator.py
[2024-09-23T21:36:11.687+0000] {processor.py:914} INFO - Processing file /opt/airflow/dags/dag_with_postgres_operator.py for tasks to queue
[2024-09-23T21:36:11.690+0000] {logging_mixin.py:190} INFO - [2024-09-23T21:36:11.689+0000] {dagbag.py:587} INFO - Filling up the DagBag from /opt/airflow/dags/dag_with_postgres_operator.py
[2024-09-23T21:36:11.809+0000] {processor.py:925} INFO - DAG(s) 'dag_with_postgres_operator_v03' retrieved from /opt/airflow/dags/dag_with_postgres_operator.py
[2024-09-23T21:36:11.907+0000] {logging_mixin.py:190} INFO - [2024-09-23T21:36:11.907+0000] {dag.py:3229} INFO - Sync 1 DAGs
[2024-09-23T21:36:11.961+0000] {logging_mixin.py:190} INFO - [2024-09-23T21:36:11.960+0000] {dag.py:4156} INFO - Setting next_dagrun for dag_with_postgres_operator_v03 to 2024-09-23 00:00:00+00:00, run_after=2024-09-24 00:00:00+00:00
[2024-09-23T21:36:12.025+0000] {processor.py:208} INFO - Processing /opt/airflow/dags/dag_with_postgres_operator.py took 0.348 seconds
[2024-09-23T21:36:37.360+0000] {processor.py:186} INFO - Started process (PID=9088) to work on /opt/airflow/dags/dag_with_postgres_operator.py
[2024-09-23T21:36:37.362+0000] {processor.py:914} INFO - Processing file /opt/airflow/dags/dag_with_postgres_operator.py for tasks to queue
[2024-09-23T21:36:37.365+0000] {logging_mixin.py:190} INFO - [2024-09-23T21:36:37.364+0000] {dagbag.py:587} INFO - Filling up the DagBag from /opt/airflow/dags/dag_with_postgres_operator.py
[2024-09-23T21:36:37.509+0000] {logging_mixin.py:190} INFO - [2024-09-23T21:36:37.482+0000] {dagbag.py:386} ERROR - Failed to import: /opt/airflow/dags/dag_with_postgres_operator.py
Traceback (most recent call last):
  File "/home/airflow/.local/lib/python3.12/site-packages/airflow/models/dagbag.py", line 382, in parse
    loader.exec_module(new_module)
  File "<frozen importlib._bootstrap_external>", line 995, in exec_module
  File "<frozen importlib._bootstrap>", line 488, in _call_with_frames_removed
  File "/opt/airflow/dags/dag_with_postgres_operator.py", line 45, in <module>
    task2 = PostgresOperator(
            ^^^^^^^^^^^^^^^^^
  File "/home/airflow/.local/lib/python3.12/site-packages/airflow/models/baseoperator.py", line 490, in apply_defaults
    result = func(self, **kwargs, default_args=default_args)
             ^^^^^^^^^^^^^^^^^^^^^^^^^^^^^^^^^^^^^^^^^^^^^^^
  File "/home/airflow/.local/lib/python3.12/site-packages/airflow/providers/postgres/operators/postgres.py", line 84, in __init__
    super().__init__(conn_id=postgres_conn_id, **kwargs)
  File "/home/airflow/.local/lib/python3.12/site-packages/airflow/models/baseoperator.py", line 490, in apply_defaults
    result = func(self, **kwargs, default_args=default_args)
             ^^^^^^^^^^^^^^^^^^^^^^^^^^^^^^^^^^^^^^^^^^^^^^^
  File "/home/airflow/.local/lib/python3.12/site-packages/airflow/providers/common/sql/operators/sql.py", line 232, in __init__
    super().__init__(conn_id=conn_id, database=database, **kwargs)
  File "/home/airflow/.local/lib/python3.12/site-packages/airflow/models/baseoperator.py", line 490, in apply_defaults
    result = func(self, **kwargs, default_args=default_args)
             ^^^^^^^^^^^^^^^^^^^^^^^^^^^^^^^^^^^^^^^^^^^^^^^
  File "/home/airflow/.local/lib/python3.12/site-packages/airflow/providers/common/sql/operators/sql.py", line 142, in __init__
    super().__init__(**kwargs)
  File "/home/airflow/.local/lib/python3.12/site-packages/airflow/models/baseoperator.py", line 490, in apply_defaults
    result = func(self, **kwargs, default_args=default_args)
             ^^^^^^^^^^^^^^^^^^^^^^^^^^^^^^^^^^^^^^^^^^^^^^^
  File "/home/airflow/.local/lib/python3.12/site-packages/airflow/models/baseoperator.py", line 956, in __init__
    task_group.add(self)
  File "/home/airflow/.local/lib/python3.12/site-packages/airflow/utils/task_group.py", line 250, in add
    raise DuplicateTaskIdFound(f"{node_type} id '{key}' has already been added to the DAG")
airflow.exceptions.DuplicateTaskIdFound: Task id 'insert_into_table' has already been added to the DAG
[2024-09-23T21:36:37.511+0000] {processor.py:927} WARNING - No viable dags retrieved from /opt/airflow/dags/dag_with_postgres_operator.py
[2024-09-23T21:36:37.549+0000] {processor.py:208} INFO - Processing /opt/airflow/dags/dag_with_postgres_operator.py took 0.194 seconds
[2024-09-23T21:36:45.111+0000] {processor.py:186} INFO - Started process (PID=9111) to work on /opt/airflow/dags/dag_with_postgres_operator.py
[2024-09-23T21:36:45.147+0000] {processor.py:914} INFO - Processing file /opt/airflow/dags/dag_with_postgres_operator.py for tasks to queue
[2024-09-23T21:36:45.157+0000] {logging_mixin.py:190} INFO - [2024-09-23T21:36:45.156+0000] {dagbag.py:587} INFO - Filling up the DagBag from /opt/airflow/dags/dag_with_postgres_operator.py
[2024-09-23T21:36:45.911+0000] {processor.py:925} INFO - DAG(s) 'dag_with_postgres_operator_v03' retrieved from /opt/airflow/dags/dag_with_postgres_operator.py
[2024-09-23T21:36:46.114+0000] {logging_mixin.py:190} INFO - [2024-09-23T21:36:46.113+0000] {dag.py:3229} INFO - Sync 1 DAGs
[2024-09-23T21:36:46.187+0000] {logging_mixin.py:190} INFO - [2024-09-23T21:36:46.186+0000] {dag.py:4156} INFO - Setting next_dagrun for dag_with_postgres_operator_v03 to 2024-09-23 00:00:00+00:00, run_after=2024-09-24 00:00:00+00:00
[2024-09-23T21:36:46.357+0000] {processor.py:208} INFO - Processing /opt/airflow/dags/dag_with_postgres_operator.py took 1.258 seconds
[2024-09-23T21:36:56.488+0000] {processor.py:186} INFO - Started process (PID=9121) to work on /opt/airflow/dags/dag_with_postgres_operator.py
[2024-09-23T21:36:56.507+0000] {processor.py:914} INFO - Processing file /opt/airflow/dags/dag_with_postgres_operator.py for tasks to queue
[2024-09-23T21:36:56.549+0000] {logging_mixin.py:190} INFO - [2024-09-23T21:36:56.548+0000] {dagbag.py:587} INFO - Filling up the DagBag from /opt/airflow/dags/dag_with_postgres_operator.py
[2024-09-23T21:36:57.430+0000] {processor.py:925} INFO - DAG(s) 'dag_with_postgres_operator_v03' retrieved from /opt/airflow/dags/dag_with_postgres_operator.py
[2024-09-23T21:36:57.510+0000] {logging_mixin.py:190} INFO - [2024-09-23T21:36:57.509+0000] {dag.py:3229} INFO - Sync 1 DAGs
[2024-09-23T21:36:57.621+0000] {logging_mixin.py:190} INFO - [2024-09-23T21:36:57.620+0000] {dag.py:4156} INFO - Setting next_dagrun for dag_with_postgres_operator_v03 to 2024-09-23 00:00:00+00:00, run_after=2024-09-24 00:00:00+00:00
[2024-09-23T21:36:59.100+0000] {processor.py:208} INFO - Processing /opt/airflow/dags/dag_with_postgres_operator.py took 2.629 seconds
[2024-09-23T21:37:20.102+0000] {processor.py:186} INFO - Started process (PID=9154) to work on /opt/airflow/dags/dag_with_postgres_operator.py
[2024-09-23T21:37:20.105+0000] {processor.py:914} INFO - Processing file /opt/airflow/dags/dag_with_postgres_operator.py for tasks to queue
[2024-09-23T21:37:20.112+0000] {logging_mixin.py:190} INFO - [2024-09-23T21:37:20.110+0000] {dagbag.py:587} INFO - Filling up the DagBag from /opt/airflow/dags/dag_with_postgres_operator.py
[2024-09-23T21:37:20.459+0000] {processor.py:925} INFO - DAG(s) 'dag_with_postgres_operator_v03' retrieved from /opt/airflow/dags/dag_with_postgres_operator.py
[2024-09-23T21:37:20.762+0000] {logging_mixin.py:190} INFO - [2024-09-23T21:37:20.762+0000] {dag.py:3229} INFO - Sync 1 DAGs
[2024-09-23T21:37:20.821+0000] {logging_mixin.py:190} INFO - [2024-09-23T21:37:20.821+0000] {dag.py:4156} INFO - Setting next_dagrun for dag_with_postgres_operator_v03 to 2024-09-23 00:00:00+00:00, run_after=2024-09-24 00:00:00+00:00
[2024-09-23T21:37:20.917+0000] {processor.py:208} INFO - Processing /opt/airflow/dags/dag_with_postgres_operator.py took 0.833 seconds
[2024-09-23T21:37:24.865+0000] {processor.py:186} INFO - Started process (PID=9159) to work on /opt/airflow/dags/dag_with_postgres_operator.py
[2024-09-23T21:37:24.869+0000] {processor.py:914} INFO - Processing file /opt/airflow/dags/dag_with_postgres_operator.py for tasks to queue
[2024-09-23T21:37:24.874+0000] {logging_mixin.py:190} INFO - [2024-09-23T21:37:24.873+0000] {dagbag.py:587} INFO - Filling up the DagBag from /opt/airflow/dags/dag_with_postgres_operator.py
[2024-09-23T21:37:25.164+0000] {processor.py:925} INFO - DAG(s) 'dag_with_postgres_operator_v03' retrieved from /opt/airflow/dags/dag_with_postgres_operator.py
[2024-09-23T21:37:25.327+0000] {logging_mixin.py:190} INFO - [2024-09-23T21:37:25.325+0000] {dag.py:3229} INFO - Sync 1 DAGs
[2024-09-23T21:37:25.429+0000] {logging_mixin.py:190} INFO - [2024-09-23T21:37:25.428+0000] {dag.py:4156} INFO - Setting next_dagrun for dag_with_postgres_operator_v03 to 2024-09-23 00:00:00+00:00, run_after=2024-09-24 00:00:00+00:00
[2024-09-23T21:37:25.501+0000] {processor.py:208} INFO - Processing /opt/airflow/dags/dag_with_postgres_operator.py took 0.656 seconds
[2024-09-23T21:37:31.807+0000] {processor.py:186} INFO - Started process (PID=9164) to work on /opt/airflow/dags/dag_with_postgres_operator.py
[2024-09-23T21:37:31.810+0000] {processor.py:914} INFO - Processing file /opt/airflow/dags/dag_with_postgres_operator.py for tasks to queue
[2024-09-23T21:37:31.815+0000] {logging_mixin.py:190} INFO - [2024-09-23T21:37:31.813+0000] {dagbag.py:587} INFO - Filling up the DagBag from /opt/airflow/dags/dag_with_postgres_operator.py
[2024-09-23T21:37:32.509+0000] {processor.py:925} INFO - DAG(s) 'dag_with_postgres_operator_v04' retrieved from /opt/airflow/dags/dag_with_postgres_operator.py
[2024-09-23T21:37:32.801+0000] {logging_mixin.py:190} INFO - [2024-09-23T21:37:32.799+0000] {override.py:1900} INFO - Created Permission View: can edit on DAG:dag_with_postgres_operator_v04
[2024-09-23T21:37:32.833+0000] {logging_mixin.py:190} INFO - [2024-09-23T21:37:32.832+0000] {override.py:1900} INFO - Created Permission View: can read on DAG:dag_with_postgres_operator_v04
[2024-09-23T21:37:32.863+0000] {logging_mixin.py:190} INFO - [2024-09-23T21:37:32.862+0000] {override.py:1900} INFO - Created Permission View: can delete on DAG:dag_with_postgres_operator_v04
[2024-09-23T21:37:32.903+0000] {logging_mixin.py:190} INFO - [2024-09-23T21:37:32.902+0000] {override.py:1900} INFO - Created Permission View: menu access on DAG Run:dag_with_postgres_operator_v04
[2024-09-23T21:37:32.934+0000] {logging_mixin.py:190} INFO - [2024-09-23T21:37:32.933+0000] {override.py:1900} INFO - Created Permission View: can read on DAG Run:dag_with_postgres_operator_v04
[2024-09-23T21:37:32.957+0000] {logging_mixin.py:190} INFO - [2024-09-23T21:37:32.953+0000] {override.py:1900} INFO - Created Permission View: can create on DAG Run:dag_with_postgres_operator_v04
[2024-09-23T21:37:32.997+0000] {logging_mixin.py:190} INFO - [2024-09-23T21:37:32.996+0000] {override.py:1900} INFO - Created Permission View: can delete on DAG Run:dag_with_postgres_operator_v04
[2024-09-23T21:37:33.037+0000] {logging_mixin.py:190} INFO - [2024-09-23T21:37:33.037+0000] {dag.py:3229} INFO - Sync 1 DAGs
[2024-09-23T21:37:33.094+0000] {logging_mixin.py:190} INFO - [2024-09-23T21:37:33.094+0000] {dag.py:3252} INFO - Creating ORM DAG for dag_with_postgres_operator_v04
[2024-09-23T21:37:33.164+0000] {logging_mixin.py:190} INFO - [2024-09-23T21:37:33.164+0000] {dag.py:4156} INFO - Setting next_dagrun for dag_with_postgres_operator_v04 to 2024-09-23 00:00:00+00:00, run_after=2024-09-24 00:00:00+00:00
[2024-09-23T21:37:33.440+0000] {processor.py:208} INFO - Processing /opt/airflow/dags/dag_with_postgres_operator.py took 1.644 seconds
[2024-09-23T21:38:04.006+0000] {processor.py:186} INFO - Started process (PID=9203) to work on /opt/airflow/dags/dag_with_postgres_operator.py
[2024-09-23T21:38:04.011+0000] {processor.py:914} INFO - Processing file /opt/airflow/dags/dag_with_postgres_operator.py for tasks to queue
[2024-09-23T21:38:04.017+0000] {logging_mixin.py:190} INFO - [2024-09-23T21:38:04.015+0000] {dagbag.py:587} INFO - Filling up the DagBag from /opt/airflow/dags/dag_with_postgres_operator.py
[2024-09-23T21:38:04.111+0000] {processor.py:925} INFO - DAG(s) 'dag_with_postgres_operator_v04' retrieved from /opt/airflow/dags/dag_with_postgres_operator.py
[2024-09-23T21:38:04.167+0000] {logging_mixin.py:190} INFO - [2024-09-23T21:38:04.166+0000] {dag.py:3229} INFO - Sync 1 DAGs
[2024-09-23T21:38:04.205+0000] {logging_mixin.py:190} INFO - [2024-09-23T21:38:04.205+0000] {dag.py:4156} INFO - Setting next_dagrun for dag_with_postgres_operator_v04 to 2024-09-23 00:00:00+00:00, run_after=2024-09-24 00:00:00+00:00
[2024-09-23T21:38:04.243+0000] {processor.py:208} INFO - Processing /opt/airflow/dags/dag_with_postgres_operator.py took 0.264 seconds
[2024-09-23T21:38:34.606+0000] {processor.py:186} INFO - Started process (PID=9236) to work on /opt/airflow/dags/dag_with_postgres_operator.py
[2024-09-23T21:38:34.607+0000] {processor.py:914} INFO - Processing file /opt/airflow/dags/dag_with_postgres_operator.py for tasks to queue
[2024-09-23T21:38:34.609+0000] {logging_mixin.py:190} INFO - [2024-09-23T21:38:34.609+0000] {dagbag.py:587} INFO - Filling up the DagBag from /opt/airflow/dags/dag_with_postgres_operator.py
[2024-09-23T21:38:34.695+0000] {processor.py:925} INFO - DAG(s) 'dag_with_postgres_operator_v04' retrieved from /opt/airflow/dags/dag_with_postgres_operator.py
[2024-09-23T21:38:34.727+0000] {logging_mixin.py:190} INFO - [2024-09-23T21:38:34.727+0000] {dag.py:3229} INFO - Sync 1 DAGs
[2024-09-23T21:38:34.755+0000] {logging_mixin.py:190} INFO - [2024-09-23T21:38:34.754+0000] {dag.py:4156} INFO - Setting next_dagrun for dag_with_postgres_operator_v04 to 2024-09-23 00:00:00+00:00, run_after=2024-09-24 00:00:00+00:00
[2024-09-23T21:38:34.889+0000] {processor.py:208} INFO - Processing /opt/airflow/dags/dag_with_postgres_operator.py took 0.289 seconds
[2024-09-23T21:38:37.894+0000] {processor.py:186} INFO - Started process (PID=9246) to work on /opt/airflow/dags/dag_with_postgres_operator.py
[2024-09-23T21:38:37.896+0000] {processor.py:914} INFO - Processing file /opt/airflow/dags/dag_with_postgres_operator.py for tasks to queue
[2024-09-23T21:38:37.900+0000] {logging_mixin.py:190} INFO - [2024-09-23T21:38:37.899+0000] {dagbag.py:587} INFO - Filling up the DagBag from /opt/airflow/dags/dag_with_postgres_operator.py
[2024-09-23T21:38:38.145+0000] {processor.py:925} INFO - DAG(s) 'dag_with_postgres_operator_v04' retrieved from /opt/airflow/dags/dag_with_postgres_operator.py
[2024-09-23T21:38:38.356+0000] {logging_mixin.py:190} INFO - [2024-09-23T21:38:38.355+0000] {dag.py:3229} INFO - Sync 1 DAGs
[2024-09-23T21:38:38.418+0000] {logging_mixin.py:190} INFO - [2024-09-23T21:38:38.417+0000] {dag.py:4156} INFO - Setting next_dagrun for dag_with_postgres_operator_v04 to 2024-09-23 00:00:00+00:00, run_after=2024-09-24 00:00:00+00:00
[2024-09-23T21:38:38.492+0000] {processor.py:208} INFO - Processing /opt/airflow/dags/dag_with_postgres_operator.py took 0.608 seconds
[2024-09-23T21:38:49.179+0000] {processor.py:186} INFO - Started process (PID=9269) to work on /opt/airflow/dags/dag_with_postgres_operator.py
[2024-09-23T21:38:49.182+0000] {processor.py:914} INFO - Processing file /opt/airflow/dags/dag_with_postgres_operator.py for tasks to queue
[2024-09-23T21:38:49.186+0000] {logging_mixin.py:190} INFO - [2024-09-23T21:38:49.185+0000] {dagbag.py:587} INFO - Filling up the DagBag from /opt/airflow/dags/dag_with_postgres_operator.py
[2024-09-23T21:38:49.407+0000] {processor.py:925} INFO - DAG(s) 'dag_with_postgres_operator_v04' retrieved from /opt/airflow/dags/dag_with_postgres_operator.py
[2024-09-23T21:38:49.438+0000] {logging_mixin.py:190} INFO - [2024-09-23T21:38:49.437+0000] {dag.py:3229} INFO - Sync 1 DAGs
[2024-09-23T21:38:49.485+0000] {logging_mixin.py:190} INFO - [2024-09-23T21:38:49.485+0000] {dag.py:4156} INFO - Setting next_dagrun for dag_with_postgres_operator_v04 to 2024-09-23 00:00:00+00:00, run_after=2024-09-24 00:00:00+00:00
[2024-09-23T21:38:49.558+0000] {processor.py:208} INFO - Processing /opt/airflow/dags/dag_with_postgres_operator.py took 0.398 seconds
[2024-09-23T21:38:51.502+0000] {processor.py:186} INFO - Started process (PID=9279) to work on /opt/airflow/dags/dag_with_postgres_operator.py
[2024-09-23T21:38:51.507+0000] {processor.py:914} INFO - Processing file /opt/airflow/dags/dag_with_postgres_operator.py for tasks to queue
[2024-09-23T21:38:51.514+0000] {logging_mixin.py:190} INFO - [2024-09-23T21:38:51.513+0000] {dagbag.py:587} INFO - Filling up the DagBag from /opt/airflow/dags/dag_with_postgres_operator.py
[2024-09-23T21:38:51.764+0000] {processor.py:925} INFO - DAG(s) 'dag_with_postgres_operator_v04' retrieved from /opt/airflow/dags/dag_with_postgres_operator.py
[2024-09-23T21:38:51.813+0000] {logging_mixin.py:190} INFO - [2024-09-23T21:38:51.812+0000] {dag.py:3229} INFO - Sync 1 DAGs
[2024-09-23T21:38:51.877+0000] {logging_mixin.py:190} INFO - [2024-09-23T21:38:51.876+0000] {dag.py:4156} INFO - Setting next_dagrun for dag_with_postgres_operator_v04 to 2024-09-23 00:00:00+00:00, run_after=2024-09-24 00:00:00+00:00
[2024-09-23T21:38:51.999+0000] {processor.py:208} INFO - Processing /opt/airflow/dags/dag_with_postgres_operator.py took 0.516 seconds
[2024-09-23T21:38:56.905+0000] {processor.py:186} INFO - Started process (PID=9284) to work on /opt/airflow/dags/dag_with_postgres_operator.py
[2024-09-23T21:38:56.909+0000] {processor.py:914} INFO - Processing file /opt/airflow/dags/dag_with_postgres_operator.py for tasks to queue
[2024-09-23T21:38:56.913+0000] {logging_mixin.py:190} INFO - [2024-09-23T21:38:56.912+0000] {dagbag.py:587} INFO - Filling up the DagBag from /opt/airflow/dags/dag_with_postgres_operator.py
[2024-09-23T21:38:57.185+0000] {processor.py:925} INFO - DAG(s) 'dag_with_postgres_operator_v04' retrieved from /opt/airflow/dags/dag_with_postgres_operator.py
[2024-09-23T21:38:57.219+0000] {logging_mixin.py:190} INFO - [2024-09-23T21:38:57.219+0000] {dag.py:3229} INFO - Sync 1 DAGs
[2024-09-23T21:38:57.258+0000] {logging_mixin.py:190} INFO - [2024-09-23T21:38:57.258+0000] {dag.py:4156} INFO - Setting next_dagrun for dag_with_postgres_operator_v04 to 2024-09-23 00:00:00+00:00, run_after=2024-09-24 00:00:00+00:00
[2024-09-23T21:38:57.316+0000] {processor.py:208} INFO - Processing /opt/airflow/dags/dag_with_postgres_operator.py took 0.419 seconds
[2024-09-23T21:39:05.407+0000] {processor.py:186} INFO - Started process (PID=9289) to work on /opt/airflow/dags/dag_with_postgres_operator.py
[2024-09-23T21:39:05.471+0000] {processor.py:914} INFO - Processing file /opt/airflow/dags/dag_with_postgres_operator.py for tasks to queue
[2024-09-23T21:39:05.603+0000] {logging_mixin.py:190} INFO - [2024-09-23T21:39:05.601+0000] {dagbag.py:587} INFO - Filling up the DagBag from /opt/airflow/dags/dag_with_postgres_operator.py
[2024-09-23T21:39:06.874+0000] {processor.py:925} INFO - DAG(s) 'dag_with_postgres_operator_v04' retrieved from /opt/airflow/dags/dag_with_postgres_operator.py
[2024-09-23T21:39:06.989+0000] {logging_mixin.py:190} INFO - [2024-09-23T21:39:06.988+0000] {dag.py:3229} INFO - Sync 1 DAGs
[2024-09-23T21:39:07.140+0000] {logging_mixin.py:190} INFO - [2024-09-23T21:39:07.140+0000] {dag.py:4156} INFO - Setting next_dagrun for dag_with_postgres_operator_v04 to 2024-09-23 00:00:00+00:00, run_after=2024-09-24 00:00:00+00:00
[2024-09-23T21:39:07.285+0000] {processor.py:208} INFO - Processing /opt/airflow/dags/dag_with_postgres_operator.py took 1.927 seconds
[2024-09-23T21:39:21.299+0000] {processor.py:186} INFO - Started process (PID=9328) to work on /opt/airflow/dags/dag_with_postgres_operator.py
[2024-09-23T21:39:21.302+0000] {processor.py:914} INFO - Processing file /opt/airflow/dags/dag_with_postgres_operator.py for tasks to queue
[2024-09-23T21:39:21.306+0000] {logging_mixin.py:190} INFO - [2024-09-23T21:39:21.305+0000] {dagbag.py:587} INFO - Filling up the DagBag from /opt/airflow/dags/dag_with_postgres_operator.py
[2024-09-23T21:39:21.542+0000] {processor.py:925} INFO - DAG(s) 'dag_with_postgres_operator_v04' retrieved from /opt/airflow/dags/dag_with_postgres_operator.py
[2024-09-23T21:39:21.810+0000] {logging_mixin.py:190} INFO - [2024-09-23T21:39:21.810+0000] {dag.py:3229} INFO - Sync 1 DAGs
[2024-09-23T21:39:21.855+0000] {logging_mixin.py:190} INFO - [2024-09-23T21:39:21.855+0000] {dag.py:4156} INFO - Setting next_dagrun for dag_with_postgres_operator_v04 to 2024-09-23 00:00:00+00:00, run_after=2024-09-24 00:00:00+00:00
[2024-09-23T21:39:22.092+0000] {processor.py:208} INFO - Processing /opt/airflow/dags/dag_with_postgres_operator.py took 0.811 seconds
[2024-09-23T21:39:43.596+0000] {processor.py:186} INFO - Started process (PID=9338) to work on /opt/airflow/dags/dag_with_postgres_operator.py
[2024-09-23T21:39:43.616+0000] {processor.py:914} INFO - Processing file /opt/airflow/dags/dag_with_postgres_operator.py for tasks to queue
[2024-09-23T21:39:43.626+0000] {logging_mixin.py:190} INFO - [2024-09-23T21:39:43.626+0000] {dagbag.py:587} INFO - Filling up the DagBag from /opt/airflow/dags/dag_with_postgres_operator.py
[2024-09-23T21:39:43.924+0000] {processor.py:925} INFO - DAG(s) 'dag_with_postgres_operator_v04' retrieved from /opt/airflow/dags/dag_with_postgres_operator.py
[2024-09-23T21:39:43.968+0000] {logging_mixin.py:190} INFO - [2024-09-23T21:39:43.967+0000] {dag.py:3229} INFO - Sync 1 DAGs
[2024-09-23T21:39:44.062+0000] {logging_mixin.py:190} INFO - [2024-09-23T21:39:44.061+0000] {dag.py:4156} INFO - Setting next_dagrun for dag_with_postgres_operator_v04 to 2024-09-23 00:00:00+00:00, run_after=2024-09-24 00:00:00+00:00
[2024-09-23T21:39:44.325+0000] {processor.py:208} INFO - Processing /opt/airflow/dags/dag_with_postgres_operator.py took 0.737 seconds
[2024-09-23T21:40:14.479+0000] {processor.py:186} INFO - Started process (PID=9380) to work on /opt/airflow/dags/dag_with_postgres_operator.py
[2024-09-23T21:40:14.480+0000] {processor.py:914} INFO - Processing file /opt/airflow/dags/dag_with_postgres_operator.py for tasks to queue
[2024-09-23T21:40:14.482+0000] {logging_mixin.py:190} INFO - [2024-09-23T21:40:14.482+0000] {dagbag.py:587} INFO - Filling up the DagBag from /opt/airflow/dags/dag_with_postgres_operator.py
[2024-09-23T21:40:14.568+0000] {processor.py:925} INFO - DAG(s) 'dag_with_postgres_operator_v04' retrieved from /opt/airflow/dags/dag_with_postgres_operator.py
[2024-09-23T21:40:14.698+0000] {logging_mixin.py:190} INFO - [2024-09-23T21:40:14.698+0000] {dag.py:3229} INFO - Sync 1 DAGs
[2024-09-23T21:40:14.728+0000] {logging_mixin.py:190} INFO - [2024-09-23T21:40:14.728+0000] {dag.py:4156} INFO - Setting next_dagrun for dag_with_postgres_operator_v04 to 2024-09-23 00:00:00+00:00, run_after=2024-09-24 00:00:00+00:00
[2024-09-23T21:40:14.762+0000] {processor.py:208} INFO - Processing /opt/airflow/dags/dag_with_postgres_operator.py took 0.291 seconds
[2024-09-23T21:40:24.702+0000] {processor.py:186} INFO - Started process (PID=9400) to work on /opt/airflow/dags/dag_with_postgres_operator.py
[2024-09-23T21:40:24.730+0000] {processor.py:914} INFO - Processing file /opt/airflow/dags/dag_with_postgres_operator.py for tasks to queue
[2024-09-23T21:40:24.755+0000] {logging_mixin.py:190} INFO - [2024-09-23T21:40:24.754+0000] {dagbag.py:587} INFO - Filling up the DagBag from /opt/airflow/dags/dag_with_postgres_operator.py
[2024-09-23T21:40:25.266+0000] {processor.py:925} INFO - DAG(s) 'dag_with_postgres_operator_v04' retrieved from /opt/airflow/dags/dag_with_postgres_operator.py
[2024-09-23T21:40:25.308+0000] {logging_mixin.py:190} INFO - [2024-09-23T21:40:25.307+0000] {dag.py:3229} INFO - Sync 1 DAGs
[2024-09-23T21:40:25.365+0000] {logging_mixin.py:190} INFO - [2024-09-23T21:40:25.365+0000] {dag.py:4156} INFO - Setting next_dagrun for dag_with_postgres_operator_v04 to 2024-09-23 00:00:00+00:00, run_after=2024-09-24 00:00:00+00:00
[2024-09-23T21:40:25.922+0000] {processor.py:208} INFO - Processing /opt/airflow/dags/dag_with_postgres_operator.py took 1.243 seconds
[2024-09-23T21:40:45.399+0000] {processor.py:186} INFO - Started process (PID=9424) to work on /opt/airflow/dags/dag_with_postgres_operator.py
[2024-09-23T21:40:45.406+0000] {processor.py:914} INFO - Processing file /opt/airflow/dags/dag_with_postgres_operator.py for tasks to queue
[2024-09-23T21:40:45.414+0000] {logging_mixin.py:190} INFO - [2024-09-23T21:40:45.412+0000] {dagbag.py:587} INFO - Filling up the DagBag from /opt/airflow/dags/dag_with_postgres_operator.py
[2024-09-23T21:40:45.613+0000] {processor.py:925} INFO - DAG(s) 'dag_with_postgres_operator_v04' retrieved from /opt/airflow/dags/dag_with_postgres_operator.py
[2024-09-23T21:40:45.875+0000] {logging_mixin.py:190} INFO - [2024-09-23T21:40:45.874+0000] {dag.py:3229} INFO - Sync 1 DAGs
[2024-09-23T21:40:45.921+0000] {logging_mixin.py:190} INFO - [2024-09-23T21:40:45.920+0000] {dag.py:4156} INFO - Setting next_dagrun for dag_with_postgres_operator_v04 to 2024-09-23 00:00:00+00:00, run_after=2024-09-24 00:00:00+00:00
[2024-09-23T21:40:45.999+0000] {processor.py:208} INFO - Processing /opt/airflow/dags/dag_with_postgres_operator.py took 0.610 seconds
[2024-09-23T21:41:16.130+0000] {processor.py:186} INFO - Started process (PID=9464) to work on /opt/airflow/dags/dag_with_postgres_operator.py
[2024-09-23T21:41:16.134+0000] {processor.py:914} INFO - Processing file /opt/airflow/dags/dag_with_postgres_operator.py for tasks to queue
[2024-09-23T21:41:16.136+0000] {logging_mixin.py:190} INFO - [2024-09-23T21:41:16.136+0000] {dagbag.py:587} INFO - Filling up the DagBag from /opt/airflow/dags/dag_with_postgres_operator.py
[2024-09-23T21:41:16.209+0000] {processor.py:925} INFO - DAG(s) 'dag_with_postgres_operator_v04' retrieved from /opt/airflow/dags/dag_with_postgres_operator.py
[2024-09-23T21:41:16.262+0000] {logging_mixin.py:190} INFO - [2024-09-23T21:41:16.262+0000] {dag.py:3229} INFO - Sync 1 DAGs
[2024-09-23T21:41:16.308+0000] {logging_mixin.py:190} INFO - [2024-09-23T21:41:16.307+0000] {dag.py:4156} INFO - Setting next_dagrun for dag_with_postgres_operator_v04 to 2024-09-23 00:00:00+00:00, run_after=2024-09-24 00:00:00+00:00
[2024-09-23T21:41:16.356+0000] {processor.py:208} INFO - Processing /opt/airflow/dags/dag_with_postgres_operator.py took 0.237 seconds
[2024-09-23T21:41:47.054+0000] {processor.py:186} INFO - Started process (PID=9499) to work on /opt/airflow/dags/dag_with_postgres_operator.py
[2024-09-23T21:41:47.056+0000] {processor.py:914} INFO - Processing file /opt/airflow/dags/dag_with_postgres_operator.py for tasks to queue
[2024-09-23T21:41:47.058+0000] {logging_mixin.py:190} INFO - [2024-09-23T21:41:47.058+0000] {dagbag.py:587} INFO - Filling up the DagBag from /opt/airflow/dags/dag_with_postgres_operator.py
[2024-09-23T21:41:47.165+0000] {processor.py:925} INFO - DAG(s) 'dag_with_postgres_operator_v04' retrieved from /opt/airflow/dags/dag_with_postgres_operator.py
[2024-09-23T21:41:47.197+0000] {logging_mixin.py:190} INFO - [2024-09-23T21:41:47.197+0000] {dag.py:3229} INFO - Sync 1 DAGs
[2024-09-23T21:41:47.218+0000] {logging_mixin.py:190} INFO - [2024-09-23T21:41:47.218+0000] {dag.py:4156} INFO - Setting next_dagrun for dag_with_postgres_operator_v04 to 2024-09-23 00:00:00+00:00, run_after=2024-09-24 00:00:00+00:00
[2024-09-23T21:41:47.244+0000] {processor.py:208} INFO - Processing /opt/airflow/dags/dag_with_postgres_operator.py took 0.195 seconds
[2024-09-23T21:42:18.036+0000] {processor.py:186} INFO - Started process (PID=9532) to work on /opt/airflow/dags/dag_with_postgres_operator.py
[2024-09-23T21:42:18.041+0000] {processor.py:914} INFO - Processing file /opt/airflow/dags/dag_with_postgres_operator.py for tasks to queue
[2024-09-23T21:42:18.046+0000] {logging_mixin.py:190} INFO - [2024-09-23T21:42:18.045+0000] {dagbag.py:587} INFO - Filling up the DagBag from /opt/airflow/dags/dag_with_postgres_operator.py
[2024-09-23T21:42:18.152+0000] {processor.py:925} INFO - DAG(s) 'dag_with_postgres_operator_v04' retrieved from /opt/airflow/dags/dag_with_postgres_operator.py
[2024-09-23T21:42:18.273+0000] {logging_mixin.py:190} INFO - [2024-09-23T21:42:18.272+0000] {dag.py:3229} INFO - Sync 1 DAGs
[2024-09-23T21:42:18.356+0000] {logging_mixin.py:190} INFO - [2024-09-23T21:42:18.355+0000] {dag.py:4156} INFO - Setting next_dagrun for dag_with_postgres_operator_v04 to 2024-09-23 00:00:00+00:00, run_after=2024-09-24 00:00:00+00:00
[2024-09-23T21:42:18.434+0000] {processor.py:208} INFO - Processing /opt/airflow/dags/dag_with_postgres_operator.py took 0.410 seconds
[2024-09-23T21:42:49.355+0000] {processor.py:186} INFO - Started process (PID=9565) to work on /opt/airflow/dags/dag_with_postgres_operator.py
[2024-09-23T21:42:49.360+0000] {processor.py:914} INFO - Processing file /opt/airflow/dags/dag_with_postgres_operator.py for tasks to queue
[2024-09-23T21:42:49.367+0000] {logging_mixin.py:190} INFO - [2024-09-23T21:42:49.366+0000] {dagbag.py:587} INFO - Filling up the DagBag from /opt/airflow/dags/dag_with_postgres_operator.py
[2024-09-23T21:42:49.531+0000] {processor.py:925} INFO - DAG(s) 'dag_with_postgres_operator_v04' retrieved from /opt/airflow/dags/dag_with_postgres_operator.py
[2024-09-23T21:42:49.619+0000] {logging_mixin.py:190} INFO - [2024-09-23T21:42:49.619+0000] {dag.py:3229} INFO - Sync 1 DAGs
[2024-09-23T21:42:49.698+0000] {logging_mixin.py:190} INFO - [2024-09-23T21:42:49.697+0000] {dag.py:4156} INFO - Setting next_dagrun for dag_with_postgres_operator_v04 to 2024-09-23 00:00:00+00:00, run_after=2024-09-24 00:00:00+00:00
[2024-09-23T21:42:49.744+0000] {processor.py:208} INFO - Processing /opt/airflow/dags/dag_with_postgres_operator.py took 0.402 seconds
[2024-09-23T21:43:20.235+0000] {processor.py:186} INFO - Started process (PID=9598) to work on /opt/airflow/dags/dag_with_postgres_operator.py
[2024-09-23T21:43:20.246+0000] {processor.py:914} INFO - Processing file /opt/airflow/dags/dag_with_postgres_operator.py for tasks to queue
[2024-09-23T21:43:20.267+0000] {logging_mixin.py:190} INFO - [2024-09-23T21:43:20.266+0000] {dagbag.py:587} INFO - Filling up the DagBag from /opt/airflow/dags/dag_with_postgres_operator.py
[2024-09-23T21:43:20.450+0000] {processor.py:925} INFO - DAG(s) 'dag_with_postgres_operator_v04' retrieved from /opt/airflow/dags/dag_with_postgres_operator.py
[2024-09-23T21:43:20.559+0000] {logging_mixin.py:190} INFO - [2024-09-23T21:43:20.558+0000] {dag.py:3229} INFO - Sync 1 DAGs
[2024-09-23T21:43:20.638+0000] {logging_mixin.py:190} INFO - [2024-09-23T21:43:20.638+0000] {dag.py:4156} INFO - Setting next_dagrun for dag_with_postgres_operator_v04 to 2024-09-23 00:00:00+00:00, run_after=2024-09-24 00:00:00+00:00
[2024-09-23T21:43:20.712+0000] {processor.py:208} INFO - Processing /opt/airflow/dags/dag_with_postgres_operator.py took 0.497 seconds
[2024-09-23T21:43:53.838+0000] {processor.py:186} INFO - Started process (PID=9631) to work on /opt/airflow/dags/dag_with_postgres_operator.py
[2024-09-23T21:43:53.843+0000] {processor.py:914} INFO - Processing file /opt/airflow/dags/dag_with_postgres_operator.py for tasks to queue
[2024-09-23T21:43:53.847+0000] {logging_mixin.py:190} INFO - [2024-09-23T21:43:53.846+0000] {dagbag.py:587} INFO - Filling up the DagBag from /opt/airflow/dags/dag_with_postgres_operator.py
[2024-09-23T21:43:54.175+0000] {processor.py:925} INFO - DAG(s) 'dag_with_postgres_operator_v04' retrieved from /opt/airflow/dags/dag_with_postgres_operator.py
[2024-09-23T21:43:54.234+0000] {logging_mixin.py:190} INFO - [2024-09-23T21:43:54.234+0000] {dag.py:3229} INFO - Sync 1 DAGs
[2024-09-23T21:43:54.286+0000] {logging_mixin.py:190} INFO - [2024-09-23T21:43:54.286+0000] {dag.py:4156} INFO - Setting next_dagrun for dag_with_postgres_operator_v04 to 2024-09-23 00:00:00+00:00, run_after=2024-09-24 00:00:00+00:00
[2024-09-23T21:43:54.382+0000] {processor.py:208} INFO - Processing /opt/airflow/dags/dag_with_postgres_operator.py took 0.558 seconds
[2024-09-23T21:44:24.777+0000] {processor.py:186} INFO - Started process (PID=9664) to work on /opt/airflow/dags/dag_with_postgres_operator.py
[2024-09-23T21:44:24.779+0000] {processor.py:914} INFO - Processing file /opt/airflow/dags/dag_with_postgres_operator.py for tasks to queue
[2024-09-23T21:44:24.780+0000] {logging_mixin.py:190} INFO - [2024-09-23T21:44:24.780+0000] {dagbag.py:587} INFO - Filling up the DagBag from /opt/airflow/dags/dag_with_postgres_operator.py
[2024-09-23T21:44:24.841+0000] {processor.py:925} INFO - DAG(s) 'dag_with_postgres_operator_v04' retrieved from /opt/airflow/dags/dag_with_postgres_operator.py
[2024-09-23T21:44:24.869+0000] {logging_mixin.py:190} INFO - [2024-09-23T21:44:24.869+0000] {dag.py:3229} INFO - Sync 1 DAGs
[2024-09-23T21:44:24.892+0000] {logging_mixin.py:190} INFO - [2024-09-23T21:44:24.891+0000] {dag.py:4156} INFO - Setting next_dagrun for dag_with_postgres_operator_v04 to 2024-09-23 00:00:00+00:00, run_after=2024-09-24 00:00:00+00:00
[2024-09-23T21:44:24.917+0000] {processor.py:208} INFO - Processing /opt/airflow/dags/dag_with_postgres_operator.py took 0.147 seconds
[2024-09-23T21:44:55.942+0000] {processor.py:186} INFO - Started process (PID=9697) to work on /opt/airflow/dags/dag_with_postgres_operator.py
[2024-09-23T21:44:55.944+0000] {processor.py:914} INFO - Processing file /opt/airflow/dags/dag_with_postgres_operator.py for tasks to queue
[2024-09-23T21:44:55.946+0000] {logging_mixin.py:190} INFO - [2024-09-23T21:44:55.945+0000] {dagbag.py:587} INFO - Filling up the DagBag from /opt/airflow/dags/dag_with_postgres_operator.py
[2024-09-23T21:44:56.034+0000] {processor.py:925} INFO - DAG(s) 'dag_with_postgres_operator_v04' retrieved from /opt/airflow/dags/dag_with_postgres_operator.py
[2024-09-23T21:44:56.065+0000] {logging_mixin.py:190} INFO - [2024-09-23T21:44:56.065+0000] {dag.py:3229} INFO - Sync 1 DAGs
[2024-09-23T21:44:56.088+0000] {logging_mixin.py:190} INFO - [2024-09-23T21:44:56.088+0000] {dag.py:4156} INFO - Setting next_dagrun for dag_with_postgres_operator_v04 to 2024-09-23 00:00:00+00:00, run_after=2024-09-24 00:00:00+00:00
[2024-09-23T21:44:56.118+0000] {processor.py:208} INFO - Processing /opt/airflow/dags/dag_with_postgres_operator.py took 0.182 seconds
[2024-09-23T21:45:26.716+0000] {processor.py:186} INFO - Started process (PID=9730) to work on /opt/airflow/dags/dag_with_postgres_operator.py
[2024-09-23T21:45:26.718+0000] {processor.py:914} INFO - Processing file /opt/airflow/dags/dag_with_postgres_operator.py for tasks to queue
[2024-09-23T21:45:26.720+0000] {logging_mixin.py:190} INFO - [2024-09-23T21:45:26.720+0000] {dagbag.py:587} INFO - Filling up the DagBag from /opt/airflow/dags/dag_with_postgres_operator.py
[2024-09-23T21:45:26.829+0000] {processor.py:925} INFO - DAG(s) 'dag_with_postgres_operator_v04' retrieved from /opt/airflow/dags/dag_with_postgres_operator.py
[2024-09-23T21:45:26.856+0000] {logging_mixin.py:190} INFO - [2024-09-23T21:45:26.856+0000] {dag.py:3229} INFO - Sync 1 DAGs
[2024-09-23T21:45:26.878+0000] {logging_mixin.py:190} INFO - [2024-09-23T21:45:26.878+0000] {dag.py:4156} INFO - Setting next_dagrun for dag_with_postgres_operator_v04 to 2024-09-23 00:00:00+00:00, run_after=2024-09-24 00:00:00+00:00
[2024-09-23T21:45:26.905+0000] {processor.py:208} INFO - Processing /opt/airflow/dags/dag_with_postgres_operator.py took 0.197 seconds
[2024-09-23T21:45:57.664+0000] {processor.py:186} INFO - Started process (PID=9763) to work on /opt/airflow/dags/dag_with_postgres_operator.py
[2024-09-23T21:45:57.667+0000] {processor.py:914} INFO - Processing file /opt/airflow/dags/dag_with_postgres_operator.py for tasks to queue
[2024-09-23T21:45:57.675+0000] {logging_mixin.py:190} INFO - [2024-09-23T21:45:57.674+0000] {dagbag.py:587} INFO - Filling up the DagBag from /opt/airflow/dags/dag_with_postgres_operator.py
[2024-09-23T21:45:57.742+0000] {processor.py:925} INFO - DAG(s) 'dag_with_postgres_operator_v04' retrieved from /opt/airflow/dags/dag_with_postgres_operator.py
[2024-09-23T21:45:57.775+0000] {logging_mixin.py:190} INFO - [2024-09-23T21:45:57.774+0000] {dag.py:3229} INFO - Sync 1 DAGs
[2024-09-23T21:45:57.803+0000] {logging_mixin.py:190} INFO - [2024-09-23T21:45:57.803+0000] {dag.py:4156} INFO - Setting next_dagrun for dag_with_postgres_operator_v04 to 2024-09-23 00:00:00+00:00, run_after=2024-09-24 00:00:00+00:00
[2024-09-23T21:45:57.833+0000] {processor.py:208} INFO - Processing /opt/airflow/dags/dag_with_postgres_operator.py took 0.185 seconds
[2024-09-23T21:46:28.138+0000] {processor.py:186} INFO - Started process (PID=9796) to work on /opt/airflow/dags/dag_with_postgres_operator.py
[2024-09-23T21:46:28.140+0000] {processor.py:914} INFO - Processing file /opt/airflow/dags/dag_with_postgres_operator.py for tasks to queue
[2024-09-23T21:46:28.143+0000] {logging_mixin.py:190} INFO - [2024-09-23T21:46:28.142+0000] {dagbag.py:587} INFO - Filling up the DagBag from /opt/airflow/dags/dag_with_postgres_operator.py
[2024-09-23T21:46:28.238+0000] {processor.py:925} INFO - DAG(s) 'dag_with_postgres_operator_v04' retrieved from /opt/airflow/dags/dag_with_postgres_operator.py
[2024-09-23T21:46:28.270+0000] {logging_mixin.py:190} INFO - [2024-09-23T21:46:28.269+0000] {dag.py:3229} INFO - Sync 1 DAGs
[2024-09-23T21:46:28.297+0000] {logging_mixin.py:190} INFO - [2024-09-23T21:46:28.297+0000] {dag.py:4156} INFO - Setting next_dagrun for dag_with_postgres_operator_v04 to 2024-09-23 00:00:00+00:00, run_after=2024-09-24 00:00:00+00:00
[2024-09-23T21:46:28.330+0000] {processor.py:208} INFO - Processing /opt/airflow/dags/dag_with_postgres_operator.py took 0.204 seconds
[2024-09-23T21:46:59.111+0000] {processor.py:186} INFO - Started process (PID=9829) to work on /opt/airflow/dags/dag_with_postgres_operator.py
[2024-09-23T21:46:59.113+0000] {processor.py:914} INFO - Processing file /opt/airflow/dags/dag_with_postgres_operator.py for tasks to queue
[2024-09-23T21:46:59.115+0000] {logging_mixin.py:190} INFO - [2024-09-23T21:46:59.115+0000] {dagbag.py:587} INFO - Filling up the DagBag from /opt/airflow/dags/dag_with_postgres_operator.py
[2024-09-23T21:46:59.179+0000] {processor.py:925} INFO - DAG(s) 'dag_with_postgres_operator_v04' retrieved from /opt/airflow/dags/dag_with_postgres_operator.py
[2024-09-23T21:46:59.220+0000] {logging_mixin.py:190} INFO - [2024-09-23T21:46:59.220+0000] {dag.py:3229} INFO - Sync 1 DAGs
[2024-09-23T21:46:59.263+0000] {logging_mixin.py:190} INFO - [2024-09-23T21:46:59.262+0000] {dag.py:4156} INFO - Setting next_dagrun for dag_with_postgres_operator_v04 to 2024-09-23 00:00:00+00:00, run_after=2024-09-24 00:00:00+00:00
[2024-09-23T21:46:59.293+0000] {processor.py:208} INFO - Processing /opt/airflow/dags/dag_with_postgres_operator.py took 0.189 seconds
[2024-09-23T21:47:29.941+0000] {processor.py:186} INFO - Started process (PID=9862) to work on /opt/airflow/dags/dag_with_postgres_operator.py
[2024-09-23T21:47:29.943+0000] {processor.py:914} INFO - Processing file /opt/airflow/dags/dag_with_postgres_operator.py for tasks to queue
[2024-09-23T21:47:29.946+0000] {logging_mixin.py:190} INFO - [2024-09-23T21:47:29.945+0000] {dagbag.py:587} INFO - Filling up the DagBag from /opt/airflow/dags/dag_with_postgres_operator.py
[2024-09-23T21:47:30.053+0000] {processor.py:925} INFO - DAG(s) 'dag_with_postgres_operator_v04' retrieved from /opt/airflow/dags/dag_with_postgres_operator.py
[2024-09-23T21:47:30.085+0000] {logging_mixin.py:190} INFO - [2024-09-23T21:47:30.085+0000] {dag.py:3229} INFO - Sync 1 DAGs
[2024-09-23T21:47:30.108+0000] {logging_mixin.py:190} INFO - [2024-09-23T21:47:30.108+0000] {dag.py:4156} INFO - Setting next_dagrun for dag_with_postgres_operator_v04 to 2024-09-23 00:00:00+00:00, run_after=2024-09-24 00:00:00+00:00
[2024-09-23T21:47:30.133+0000] {processor.py:208} INFO - Processing /opt/airflow/dags/dag_with_postgres_operator.py took 0.202 seconds
[2024-09-23T21:48:00.848+0000] {processor.py:186} INFO - Started process (PID=9895) to work on /opt/airflow/dags/dag_with_postgres_operator.py
[2024-09-23T21:48:00.849+0000] {processor.py:914} INFO - Processing file /opt/airflow/dags/dag_with_postgres_operator.py for tasks to queue
[2024-09-23T21:48:00.851+0000] {logging_mixin.py:190} INFO - [2024-09-23T21:48:00.851+0000] {dagbag.py:587} INFO - Filling up the DagBag from /opt/airflow/dags/dag_with_postgres_operator.py
[2024-09-23T21:48:00.956+0000] {processor.py:925} INFO - DAG(s) 'dag_with_postgres_operator_v04' retrieved from /opt/airflow/dags/dag_with_postgres_operator.py
[2024-09-23T21:48:00.985+0000] {logging_mixin.py:190} INFO - [2024-09-23T21:48:00.984+0000] {dag.py:3229} INFO - Sync 1 DAGs
[2024-09-23T21:48:01.008+0000] {logging_mixin.py:190} INFO - [2024-09-23T21:48:01.008+0000] {dag.py:4156} INFO - Setting next_dagrun for dag_with_postgres_operator_v04 to 2024-09-23 00:00:00+00:00, run_after=2024-09-24 00:00:00+00:00
[2024-09-23T21:48:01.035+0000] {processor.py:208} INFO - Processing /opt/airflow/dags/dag_with_postgres_operator.py took 0.193 seconds
[2024-09-23T21:48:31.597+0000] {processor.py:186} INFO - Started process (PID=9928) to work on /opt/airflow/dags/dag_with_postgres_operator.py
[2024-09-23T21:48:31.600+0000] {processor.py:914} INFO - Processing file /opt/airflow/dags/dag_with_postgres_operator.py for tasks to queue
[2024-09-23T21:48:31.602+0000] {logging_mixin.py:190} INFO - [2024-09-23T21:48:31.602+0000] {dagbag.py:587} INFO - Filling up the DagBag from /opt/airflow/dags/dag_with_postgres_operator.py
[2024-09-23T21:48:31.688+0000] {processor.py:925} INFO - DAG(s) 'dag_with_postgres_operator_v04' retrieved from /opt/airflow/dags/dag_with_postgres_operator.py
[2024-09-23T21:48:31.717+0000] {logging_mixin.py:190} INFO - [2024-09-23T21:48:31.717+0000] {dag.py:3229} INFO - Sync 1 DAGs
[2024-09-23T21:48:31.741+0000] {logging_mixin.py:190} INFO - [2024-09-23T21:48:31.741+0000] {dag.py:4156} INFO - Setting next_dagrun for dag_with_postgres_operator_v04 to 2024-09-23 00:00:00+00:00, run_after=2024-09-24 00:00:00+00:00
[2024-09-23T21:48:31.767+0000] {processor.py:208} INFO - Processing /opt/airflow/dags/dag_with_postgres_operator.py took 0.181 seconds
[2024-09-23T21:49:02.103+0000] {processor.py:186} INFO - Started process (PID=9961) to work on /opt/airflow/dags/dag_with_postgres_operator.py
[2024-09-23T21:49:02.105+0000] {processor.py:914} INFO - Processing file /opt/airflow/dags/dag_with_postgres_operator.py for tasks to queue
[2024-09-23T21:49:02.108+0000] {logging_mixin.py:190} INFO - [2024-09-23T21:49:02.107+0000] {dagbag.py:587} INFO - Filling up the DagBag from /opt/airflow/dags/dag_with_postgres_operator.py
[2024-09-23T21:49:02.214+0000] {processor.py:925} INFO - DAG(s) 'dag_with_postgres_operator_v04' retrieved from /opt/airflow/dags/dag_with_postgres_operator.py
[2024-09-23T21:49:02.239+0000] {logging_mixin.py:190} INFO - [2024-09-23T21:49:02.239+0000] {dag.py:3229} INFO - Sync 1 DAGs
[2024-09-23T21:49:02.260+0000] {logging_mixin.py:190} INFO - [2024-09-23T21:49:02.260+0000] {dag.py:4156} INFO - Setting next_dagrun for dag_with_postgres_operator_v04 to 2024-09-23 00:00:00+00:00, run_after=2024-09-24 00:00:00+00:00
[2024-09-23T21:49:02.289+0000] {processor.py:208} INFO - Processing /opt/airflow/dags/dag_with_postgres_operator.py took 0.197 seconds
[2024-09-23T21:49:33.034+0000] {processor.py:186} INFO - Started process (PID=9994) to work on /opt/airflow/dags/dag_with_postgres_operator.py
[2024-09-23T21:49:33.038+0000] {processor.py:914} INFO - Processing file /opt/airflow/dags/dag_with_postgres_operator.py for tasks to queue
[2024-09-23T21:49:33.043+0000] {logging_mixin.py:190} INFO - [2024-09-23T21:49:33.042+0000] {dagbag.py:587} INFO - Filling up the DagBag from /opt/airflow/dags/dag_with_postgres_operator.py
[2024-09-23T21:49:33.149+0000] {processor.py:925} INFO - DAG(s) 'dag_with_postgres_operator_v04' retrieved from /opt/airflow/dags/dag_with_postgres_operator.py
[2024-09-23T21:49:33.175+0000] {logging_mixin.py:190} INFO - [2024-09-23T21:49:33.175+0000] {dag.py:3229} INFO - Sync 1 DAGs
[2024-09-23T21:49:33.198+0000] {logging_mixin.py:190} INFO - [2024-09-23T21:49:33.198+0000] {dag.py:4156} INFO - Setting next_dagrun for dag_with_postgres_operator_v04 to 2024-09-23 00:00:00+00:00, run_after=2024-09-24 00:00:00+00:00
[2024-09-23T21:49:33.225+0000] {processor.py:208} INFO - Processing /opt/airflow/dags/dag_with_postgres_operator.py took 0.207 seconds
[2024-09-23T21:50:03.959+0000] {processor.py:186} INFO - Started process (PID=10027) to work on /opt/airflow/dags/dag_with_postgres_operator.py
[2024-09-23T21:50:03.963+0000] {processor.py:914} INFO - Processing file /opt/airflow/dags/dag_with_postgres_operator.py for tasks to queue
[2024-09-23T21:50:03.970+0000] {logging_mixin.py:190} INFO - [2024-09-23T21:50:03.969+0000] {dagbag.py:587} INFO - Filling up the DagBag from /opt/airflow/dags/dag_with_postgres_operator.py
[2024-09-23T21:50:04.049+0000] {processor.py:925} INFO - DAG(s) 'dag_with_postgres_operator_v04' retrieved from /opt/airflow/dags/dag_with_postgres_operator.py
[2024-09-23T21:50:04.107+0000] {logging_mixin.py:190} INFO - [2024-09-23T21:50:04.107+0000] {dag.py:3229} INFO - Sync 1 DAGs
[2024-09-23T21:50:04.187+0000] {logging_mixin.py:190} INFO - [2024-09-23T21:50:04.186+0000] {dag.py:4156} INFO - Setting next_dagrun for dag_with_postgres_operator_v04 to 2024-09-23 00:00:00+00:00, run_after=2024-09-24 00:00:00+00:00
[2024-09-23T21:50:04.234+0000] {processor.py:208} INFO - Processing /opt/airflow/dags/dag_with_postgres_operator.py took 0.287 seconds
[2024-09-23T21:50:34.916+0000] {processor.py:186} INFO - Started process (PID=10060) to work on /opt/airflow/dags/dag_with_postgres_operator.py
[2024-09-23T21:50:34.920+0000] {processor.py:914} INFO - Processing file /opt/airflow/dags/dag_with_postgres_operator.py for tasks to queue
[2024-09-23T21:50:34.925+0000] {logging_mixin.py:190} INFO - [2024-09-23T21:50:34.924+0000] {dagbag.py:587} INFO - Filling up the DagBag from /opt/airflow/dags/dag_with_postgres_operator.py
[2024-09-23T21:50:35.095+0000] {processor.py:925} INFO - DAG(s) 'dag_with_postgres_operator_v04' retrieved from /opt/airflow/dags/dag_with_postgres_operator.py
[2024-09-23T21:50:35.190+0000] {logging_mixin.py:190} INFO - [2024-09-23T21:50:35.189+0000] {dag.py:3229} INFO - Sync 1 DAGs
[2024-09-23T21:50:35.259+0000] {logging_mixin.py:190} INFO - [2024-09-23T21:50:35.259+0000] {dag.py:4156} INFO - Setting next_dagrun for dag_with_postgres_operator_v04 to 2024-09-23 00:00:00+00:00, run_after=2024-09-24 00:00:00+00:00
[2024-09-23T21:50:35.341+0000] {processor.py:208} INFO - Processing /opt/airflow/dags/dag_with_postgres_operator.py took 0.435 seconds
[2024-09-23T21:51:05.999+0000] {processor.py:186} INFO - Started process (PID=10093) to work on /opt/airflow/dags/dag_with_postgres_operator.py
[2024-09-23T21:51:06.002+0000] {processor.py:914} INFO - Processing file /opt/airflow/dags/dag_with_postgres_operator.py for tasks to queue
[2024-09-23T21:51:06.006+0000] {logging_mixin.py:190} INFO - [2024-09-23T21:51:06.005+0000] {dagbag.py:587} INFO - Filling up the DagBag from /opt/airflow/dags/dag_with_postgres_operator.py
[2024-09-23T21:51:06.121+0000] {processor.py:925} INFO - DAG(s) 'dag_with_postgres_operator_v04' retrieved from /opt/airflow/dags/dag_with_postgres_operator.py
[2024-09-23T21:51:06.162+0000] {logging_mixin.py:190} INFO - [2024-09-23T21:51:06.162+0000] {dag.py:3229} INFO - Sync 1 DAGs
[2024-09-23T21:51:06.189+0000] {logging_mixin.py:190} INFO - [2024-09-23T21:51:06.189+0000] {dag.py:4156} INFO - Setting next_dagrun for dag_with_postgres_operator_v04 to 2024-09-23 00:00:00+00:00, run_after=2024-09-24 00:00:00+00:00
[2024-09-23T21:51:06.220+0000] {processor.py:208} INFO - Processing /opt/airflow/dags/dag_with_postgres_operator.py took 0.227 seconds
[2024-09-23T21:51:36.554+0000] {processor.py:186} INFO - Started process (PID=10126) to work on /opt/airflow/dags/dag_with_postgres_operator.py
[2024-09-23T21:51:36.559+0000] {processor.py:914} INFO - Processing file /opt/airflow/dags/dag_with_postgres_operator.py for tasks to queue
[2024-09-23T21:51:36.563+0000] {logging_mixin.py:190} INFO - [2024-09-23T21:51:36.562+0000] {dagbag.py:587} INFO - Filling up the DagBag from /opt/airflow/dags/dag_with_postgres_operator.py
[2024-09-23T21:51:36.708+0000] {processor.py:925} INFO - DAG(s) 'dag_with_postgres_operator_v04' retrieved from /opt/airflow/dags/dag_with_postgres_operator.py
[2024-09-23T21:51:36.762+0000] {logging_mixin.py:190} INFO - [2024-09-23T21:51:36.761+0000] {dag.py:3229} INFO - Sync 1 DAGs
[2024-09-23T21:51:36.824+0000] {logging_mixin.py:190} INFO - [2024-09-23T21:51:36.823+0000] {dag.py:4156} INFO - Setting next_dagrun for dag_with_postgres_operator_v04 to 2024-09-23 00:00:00+00:00, run_after=2024-09-24 00:00:00+00:00
[2024-09-23T21:51:36.868+0000] {processor.py:208} INFO - Processing /opt/airflow/dags/dag_with_postgres_operator.py took 0.330 seconds
[2024-09-23T21:52:07.728+0000] {processor.py:186} INFO - Started process (PID=10159) to work on /opt/airflow/dags/dag_with_postgres_operator.py
[2024-09-23T21:52:07.780+0000] {processor.py:914} INFO - Processing file /opt/airflow/dags/dag_with_postgres_operator.py for tasks to queue
[2024-09-23T21:52:07.803+0000] {logging_mixin.py:190} INFO - [2024-09-23T21:52:07.801+0000] {dagbag.py:587} INFO - Filling up the DagBag from /opt/airflow/dags/dag_with_postgres_operator.py
[2024-09-23T21:52:08.162+0000] {processor.py:925} INFO - DAG(s) 'dag_with_postgres_operator_v04' retrieved from /opt/airflow/dags/dag_with_postgres_operator.py
[2024-09-23T21:52:08.221+0000] {logging_mixin.py:190} INFO - [2024-09-23T21:52:08.220+0000] {dag.py:3229} INFO - Sync 1 DAGs
[2024-09-23T21:52:08.298+0000] {logging_mixin.py:190} INFO - [2024-09-23T21:52:08.297+0000] {dag.py:4156} INFO - Setting next_dagrun for dag_with_postgres_operator_v04 to 2024-09-23 00:00:00+00:00, run_after=2024-09-24 00:00:00+00:00
[2024-09-23T21:52:08.336+0000] {processor.py:208} INFO - Processing /opt/airflow/dags/dag_with_postgres_operator.py took 0.631 seconds
[2024-09-23T21:52:38.776+0000] {processor.py:186} INFO - Started process (PID=10192) to work on /opt/airflow/dags/dag_with_postgres_operator.py
[2024-09-23T21:52:38.779+0000] {processor.py:914} INFO - Processing file /opt/airflow/dags/dag_with_postgres_operator.py for tasks to queue
[2024-09-23T21:52:38.785+0000] {logging_mixin.py:190} INFO - [2024-09-23T21:52:38.783+0000] {dagbag.py:587} INFO - Filling up the DagBag from /opt/airflow/dags/dag_with_postgres_operator.py
[2024-09-23T21:52:38.895+0000] {processor.py:925} INFO - DAG(s) 'dag_with_postgres_operator_v04' retrieved from /opt/airflow/dags/dag_with_postgres_operator.py
[2024-09-23T21:52:38.956+0000] {logging_mixin.py:190} INFO - [2024-09-23T21:52:38.956+0000] {dag.py:3229} INFO - Sync 1 DAGs
[2024-09-23T21:52:39.013+0000] {logging_mixin.py:190} INFO - [2024-09-23T21:52:39.012+0000] {dag.py:4156} INFO - Setting next_dagrun for dag_with_postgres_operator_v04 to 2024-09-23 00:00:00+00:00, run_after=2024-09-24 00:00:00+00:00
[2024-09-23T21:52:39.060+0000] {processor.py:208} INFO - Processing /opt/airflow/dags/dag_with_postgres_operator.py took 0.294 seconds
[2024-09-23T21:53:09.356+0000] {processor.py:186} INFO - Started process (PID=10225) to work on /opt/airflow/dags/dag_with_postgres_operator.py
[2024-09-23T21:53:09.358+0000] {processor.py:914} INFO - Processing file /opt/airflow/dags/dag_with_postgres_operator.py for tasks to queue
[2024-09-23T21:53:09.360+0000] {logging_mixin.py:190} INFO - [2024-09-23T21:53:09.359+0000] {dagbag.py:587} INFO - Filling up the DagBag from /opt/airflow/dags/dag_with_postgres_operator.py
[2024-09-23T21:53:09.458+0000] {processor.py:925} INFO - DAG(s) 'dag_with_postgres_operator_v04' retrieved from /opt/airflow/dags/dag_with_postgres_operator.py
[2024-09-23T21:53:09.492+0000] {logging_mixin.py:190} INFO - [2024-09-23T21:53:09.491+0000] {dag.py:3229} INFO - Sync 1 DAGs
[2024-09-23T21:53:09.519+0000] {logging_mixin.py:190} INFO - [2024-09-23T21:53:09.518+0000] {dag.py:4156} INFO - Setting next_dagrun for dag_with_postgres_operator_v04 to 2024-09-23 00:00:00+00:00, run_after=2024-09-24 00:00:00+00:00
[2024-09-23T21:53:09.553+0000] {processor.py:208} INFO - Processing /opt/airflow/dags/dag_with_postgres_operator.py took 0.205 seconds
[2024-09-23T21:53:40.419+0000] {processor.py:186} INFO - Started process (PID=10258) to work on /opt/airflow/dags/dag_with_postgres_operator.py
[2024-09-23T21:53:40.420+0000] {processor.py:914} INFO - Processing file /opt/airflow/dags/dag_with_postgres_operator.py for tasks to queue
[2024-09-23T21:53:40.422+0000] {logging_mixin.py:190} INFO - [2024-09-23T21:53:40.422+0000] {dagbag.py:587} INFO - Filling up the DagBag from /opt/airflow/dags/dag_with_postgres_operator.py
[2024-09-23T21:53:40.485+0000] {processor.py:925} INFO - DAG(s) 'dag_with_postgres_operator_v04' retrieved from /opt/airflow/dags/dag_with_postgres_operator.py
[2024-09-23T21:53:40.518+0000] {logging_mixin.py:190} INFO - [2024-09-23T21:53:40.517+0000] {dag.py:3229} INFO - Sync 1 DAGs
[2024-09-23T21:53:40.544+0000] {logging_mixin.py:190} INFO - [2024-09-23T21:53:40.543+0000] {dag.py:4156} INFO - Setting next_dagrun for dag_with_postgres_operator_v04 to 2024-09-23 00:00:00+00:00, run_after=2024-09-24 00:00:00+00:00
[2024-09-23T21:53:40.573+0000] {processor.py:208} INFO - Processing /opt/airflow/dags/dag_with_postgres_operator.py took 0.165 seconds
[2024-09-23T21:54:11.163+0000] {processor.py:186} INFO - Started process (PID=10291) to work on /opt/airflow/dags/dag_with_postgres_operator.py
[2024-09-23T21:54:11.164+0000] {processor.py:914} INFO - Processing file /opt/airflow/dags/dag_with_postgres_operator.py for tasks to queue
[2024-09-23T21:54:11.166+0000] {logging_mixin.py:190} INFO - [2024-09-23T21:54:11.166+0000] {dagbag.py:587} INFO - Filling up the DagBag from /opt/airflow/dags/dag_with_postgres_operator.py
[2024-09-23T21:54:11.247+0000] {processor.py:925} INFO - DAG(s) 'dag_with_postgres_operator_v04' retrieved from /opt/airflow/dags/dag_with_postgres_operator.py
[2024-09-23T21:54:11.277+0000] {logging_mixin.py:190} INFO - [2024-09-23T21:54:11.276+0000] {dag.py:3229} INFO - Sync 1 DAGs
[2024-09-23T21:54:11.307+0000] {logging_mixin.py:190} INFO - [2024-09-23T21:54:11.306+0000] {dag.py:4156} INFO - Setting next_dagrun for dag_with_postgres_operator_v04 to 2024-09-23 00:00:00+00:00, run_after=2024-09-24 00:00:00+00:00
[2024-09-23T21:54:11.340+0000] {processor.py:208} INFO - Processing /opt/airflow/dags/dag_with_postgres_operator.py took 0.184 seconds
[2024-09-23T21:54:41.975+0000] {processor.py:186} INFO - Started process (PID=10324) to work on /opt/airflow/dags/dag_with_postgres_operator.py
[2024-09-23T21:54:41.979+0000] {processor.py:914} INFO - Processing file /opt/airflow/dags/dag_with_postgres_operator.py for tasks to queue
[2024-09-23T21:54:41.988+0000] {logging_mixin.py:190} INFO - [2024-09-23T21:54:41.987+0000] {dagbag.py:587} INFO - Filling up the DagBag from /opt/airflow/dags/dag_with_postgres_operator.py
[2024-09-23T21:54:42.067+0000] {processor.py:925} INFO - DAG(s) 'dag_with_postgres_operator_v04' retrieved from /opt/airflow/dags/dag_with_postgres_operator.py
[2024-09-23T21:54:42.096+0000] {logging_mixin.py:190} INFO - [2024-09-23T21:54:42.095+0000] {dag.py:3229} INFO - Sync 1 DAGs
[2024-09-23T21:54:42.120+0000] {logging_mixin.py:190} INFO - [2024-09-23T21:54:42.119+0000] {dag.py:4156} INFO - Setting next_dagrun for dag_with_postgres_operator_v04 to 2024-09-23 00:00:00+00:00, run_after=2024-09-24 00:00:00+00:00
[2024-09-23T21:54:42.146+0000] {processor.py:208} INFO - Processing /opt/airflow/dags/dag_with_postgres_operator.py took 0.178 seconds
[2024-09-23T21:55:12.817+0000] {processor.py:186} INFO - Started process (PID=10357) to work on /opt/airflow/dags/dag_with_postgres_operator.py
[2024-09-23T21:55:12.823+0000] {processor.py:914} INFO - Processing file /opt/airflow/dags/dag_with_postgres_operator.py for tasks to queue
[2024-09-23T21:55:12.825+0000] {logging_mixin.py:190} INFO - [2024-09-23T21:55:12.825+0000] {dagbag.py:587} INFO - Filling up the DagBag from /opt/airflow/dags/dag_with_postgres_operator.py
[2024-09-23T21:55:12.928+0000] {processor.py:925} INFO - DAG(s) 'dag_with_postgres_operator_v04' retrieved from /opt/airflow/dags/dag_with_postgres_operator.py
[2024-09-23T21:55:12.961+0000] {logging_mixin.py:190} INFO - [2024-09-23T21:55:12.961+0000] {dag.py:3229} INFO - Sync 1 DAGs
[2024-09-23T21:55:12.991+0000] {logging_mixin.py:190} INFO - [2024-09-23T21:55:12.990+0000] {dag.py:4156} INFO - Setting next_dagrun for dag_with_postgres_operator_v04 to 2024-09-23 00:00:00+00:00, run_after=2024-09-24 00:00:00+00:00
[2024-09-23T21:55:13.015+0000] {processor.py:208} INFO - Processing /opt/airflow/dags/dag_with_postgres_operator.py took 0.205 seconds
[2024-09-23T21:55:43.829+0000] {processor.py:186} INFO - Started process (PID=10390) to work on /opt/airflow/dags/dag_with_postgres_operator.py
[2024-09-23T21:55:43.831+0000] {processor.py:914} INFO - Processing file /opt/airflow/dags/dag_with_postgres_operator.py for tasks to queue
[2024-09-23T21:55:43.833+0000] {logging_mixin.py:190} INFO - [2024-09-23T21:55:43.833+0000] {dagbag.py:587} INFO - Filling up the DagBag from /opt/airflow/dags/dag_with_postgres_operator.py
[2024-09-23T21:55:43.922+0000] {processor.py:925} INFO - DAG(s) 'dag_with_postgres_operator_v04' retrieved from /opt/airflow/dags/dag_with_postgres_operator.py
[2024-09-23T21:55:43.956+0000] {logging_mixin.py:190} INFO - [2024-09-23T21:55:43.955+0000] {dag.py:3229} INFO - Sync 1 DAGs
[2024-09-23T21:55:43.983+0000] {logging_mixin.py:190} INFO - [2024-09-23T21:55:43.982+0000] {dag.py:4156} INFO - Setting next_dagrun for dag_with_postgres_operator_v04 to 2024-09-23 00:00:00+00:00, run_after=2024-09-24 00:00:00+00:00
[2024-09-23T21:55:44.010+0000] {processor.py:208} INFO - Processing /opt/airflow/dags/dag_with_postgres_operator.py took 0.187 seconds
[2024-09-23T21:56:14.701+0000] {processor.py:186} INFO - Started process (PID=10423) to work on /opt/airflow/dags/dag_with_postgres_operator.py
[2024-09-23T21:56:14.703+0000] {processor.py:914} INFO - Processing file /opt/airflow/dags/dag_with_postgres_operator.py for tasks to queue
[2024-09-23T21:56:14.705+0000] {logging_mixin.py:190} INFO - [2024-09-23T21:56:14.705+0000] {dagbag.py:587} INFO - Filling up the DagBag from /opt/airflow/dags/dag_with_postgres_operator.py
[2024-09-23T21:56:14.802+0000] {processor.py:925} INFO - DAG(s) 'dag_with_postgres_operator_v04' retrieved from /opt/airflow/dags/dag_with_postgres_operator.py
[2024-09-23T21:56:14.834+0000] {logging_mixin.py:190} INFO - [2024-09-23T21:56:14.833+0000] {dag.py:3229} INFO - Sync 1 DAGs
[2024-09-23T21:56:14.856+0000] {logging_mixin.py:190} INFO - [2024-09-23T21:56:14.856+0000] {dag.py:4156} INFO - Setting next_dagrun for dag_with_postgres_operator_v04 to 2024-09-23 00:00:00+00:00, run_after=2024-09-24 00:00:00+00:00
[2024-09-23T21:56:14.884+0000] {processor.py:208} INFO - Processing /opt/airflow/dags/dag_with_postgres_operator.py took 0.189 seconds
[2024-09-23T21:56:45.711+0000] {processor.py:186} INFO - Started process (PID=10456) to work on /opt/airflow/dags/dag_with_postgres_operator.py
[2024-09-23T21:56:45.713+0000] {processor.py:914} INFO - Processing file /opt/airflow/dags/dag_with_postgres_operator.py for tasks to queue
[2024-09-23T21:56:45.715+0000] {logging_mixin.py:190} INFO - [2024-09-23T21:56:45.714+0000] {dagbag.py:587} INFO - Filling up the DagBag from /opt/airflow/dags/dag_with_postgres_operator.py
[2024-09-23T21:56:45.810+0000] {processor.py:925} INFO - DAG(s) 'dag_with_postgres_operator_v04' retrieved from /opt/airflow/dags/dag_with_postgres_operator.py
[2024-09-23T21:56:45.839+0000] {logging_mixin.py:190} INFO - [2024-09-23T21:56:45.839+0000] {dag.py:3229} INFO - Sync 1 DAGs
[2024-09-23T21:56:45.862+0000] {logging_mixin.py:190} INFO - [2024-09-23T21:56:45.861+0000] {dag.py:4156} INFO - Setting next_dagrun for dag_with_postgres_operator_v04 to 2024-09-23 00:00:00+00:00, run_after=2024-09-24 00:00:00+00:00
[2024-09-23T21:56:45.889+0000] {processor.py:208} INFO - Processing /opt/airflow/dags/dag_with_postgres_operator.py took 0.185 seconds
[2024-09-23T21:57:16.205+0000] {processor.py:186} INFO - Started process (PID=10489) to work on /opt/airflow/dags/dag_with_postgres_operator.py
[2024-09-23T21:57:16.207+0000] {processor.py:914} INFO - Processing file /opt/airflow/dags/dag_with_postgres_operator.py for tasks to queue
[2024-09-23T21:57:16.209+0000] {logging_mixin.py:190} INFO - [2024-09-23T21:57:16.208+0000] {dagbag.py:587} INFO - Filling up the DagBag from /opt/airflow/dags/dag_with_postgres_operator.py
[2024-09-23T21:57:16.314+0000] {processor.py:925} INFO - DAG(s) 'dag_with_postgres_operator_v04' retrieved from /opt/airflow/dags/dag_with_postgres_operator.py
[2024-09-23T21:57:16.354+0000] {logging_mixin.py:190} INFO - [2024-09-23T21:57:16.353+0000] {dag.py:3229} INFO - Sync 1 DAGs
[2024-09-23T21:57:16.377+0000] {logging_mixin.py:190} INFO - [2024-09-23T21:57:16.376+0000] {dag.py:4156} INFO - Setting next_dagrun for dag_with_postgres_operator_v04 to 2024-09-23 00:00:00+00:00, run_after=2024-09-24 00:00:00+00:00
[2024-09-23T21:57:16.406+0000] {processor.py:208} INFO - Processing /opt/airflow/dags/dag_with_postgres_operator.py took 0.213 seconds
[2024-09-23T21:57:47.401+0000] {processor.py:186} INFO - Started process (PID=10522) to work on /opt/airflow/dags/dag_with_postgres_operator.py
[2024-09-23T21:57:47.403+0000] {processor.py:914} INFO - Processing file /opt/airflow/dags/dag_with_postgres_operator.py for tasks to queue
[2024-09-23T21:57:47.406+0000] {logging_mixin.py:190} INFO - [2024-09-23T21:57:47.405+0000] {dagbag.py:587} INFO - Filling up the DagBag from /opt/airflow/dags/dag_with_postgres_operator.py
[2024-09-23T21:57:47.493+0000] {processor.py:925} INFO - DAG(s) 'dag_with_postgres_operator_v04' retrieved from /opt/airflow/dags/dag_with_postgres_operator.py
[2024-09-23T21:57:47.530+0000] {logging_mixin.py:190} INFO - [2024-09-23T21:57:47.529+0000] {dag.py:3229} INFO - Sync 1 DAGs
[2024-09-23T21:57:47.556+0000] {logging_mixin.py:190} INFO - [2024-09-23T21:57:47.556+0000] {dag.py:4156} INFO - Setting next_dagrun for dag_with_postgres_operator_v04 to 2024-09-23 00:00:00+00:00, run_after=2024-09-24 00:00:00+00:00
[2024-09-23T21:57:47.593+0000] {processor.py:208} INFO - Processing /opt/airflow/dags/dag_with_postgres_operator.py took 0.202 seconds
[2024-09-23T21:58:18.181+0000] {processor.py:186} INFO - Started process (PID=10555) to work on /opt/airflow/dags/dag_with_postgres_operator.py
[2024-09-23T21:58:18.183+0000] {processor.py:914} INFO - Processing file /opt/airflow/dags/dag_with_postgres_operator.py for tasks to queue
[2024-09-23T21:58:18.185+0000] {logging_mixin.py:190} INFO - [2024-09-23T21:58:18.185+0000] {dagbag.py:587} INFO - Filling up the DagBag from /opt/airflow/dags/dag_with_postgres_operator.py
[2024-09-23T21:58:18.296+0000] {processor.py:925} INFO - DAG(s) 'dag_with_postgres_operator_v04' retrieved from /opt/airflow/dags/dag_with_postgres_operator.py
[2024-09-23T21:58:18.330+0000] {logging_mixin.py:190} INFO - [2024-09-23T21:58:18.329+0000] {dag.py:3229} INFO - Sync 1 DAGs
[2024-09-23T21:58:18.356+0000] {logging_mixin.py:190} INFO - [2024-09-23T21:58:18.355+0000] {dag.py:4156} INFO - Setting next_dagrun for dag_with_postgres_operator_v04 to 2024-09-23 00:00:00+00:00, run_after=2024-09-24 00:00:00+00:00
[2024-09-23T21:58:18.394+0000] {processor.py:208} INFO - Processing /opt/airflow/dags/dag_with_postgres_operator.py took 0.218 seconds
[2024-09-23T21:58:48.601+0000] {processor.py:186} INFO - Started process (PID=10588) to work on /opt/airflow/dags/dag_with_postgres_operator.py
[2024-09-23T21:58:48.603+0000] {processor.py:914} INFO - Processing file /opt/airflow/dags/dag_with_postgres_operator.py for tasks to queue
[2024-09-23T21:58:48.606+0000] {logging_mixin.py:190} INFO - [2024-09-23T21:58:48.605+0000] {dagbag.py:587} INFO - Filling up the DagBag from /opt/airflow/dags/dag_with_postgres_operator.py
[2024-09-23T21:58:48.707+0000] {processor.py:925} INFO - DAG(s) 'dag_with_postgres_operator_v04' retrieved from /opt/airflow/dags/dag_with_postgres_operator.py
[2024-09-23T21:58:48.757+0000] {logging_mixin.py:190} INFO - [2024-09-23T21:58:48.757+0000] {dag.py:3229} INFO - Sync 1 DAGs
[2024-09-23T21:58:48.781+0000] {logging_mixin.py:190} INFO - [2024-09-23T21:58:48.781+0000] {dag.py:4156} INFO - Setting next_dagrun for dag_with_postgres_operator_v04 to 2024-09-23 00:00:00+00:00, run_after=2024-09-24 00:00:00+00:00
[2024-09-23T21:58:48.805+0000] {processor.py:208} INFO - Processing /opt/airflow/dags/dag_with_postgres_operator.py took 0.211 seconds
[2024-09-23T21:59:19.381+0000] {processor.py:186} INFO - Started process (PID=10621) to work on /opt/airflow/dags/dag_with_postgres_operator.py
[2024-09-23T21:59:19.383+0000] {processor.py:914} INFO - Processing file /opt/airflow/dags/dag_with_postgres_operator.py for tasks to queue
[2024-09-23T21:59:19.388+0000] {logging_mixin.py:190} INFO - [2024-09-23T21:59:19.387+0000] {dagbag.py:587} INFO - Filling up the DagBag from /opt/airflow/dags/dag_with_postgres_operator.py
[2024-09-23T21:59:19.458+0000] {processor.py:925} INFO - DAG(s) 'dag_with_postgres_operator_v04' retrieved from /opt/airflow/dags/dag_with_postgres_operator.py
[2024-09-23T21:59:19.505+0000] {logging_mixin.py:190} INFO - [2024-09-23T21:59:19.505+0000] {dag.py:3229} INFO - Sync 1 DAGs
[2024-09-23T21:59:19.543+0000] {logging_mixin.py:190} INFO - [2024-09-23T21:59:19.542+0000] {dag.py:4156} INFO - Setting next_dagrun for dag_with_postgres_operator_v04 to 2024-09-23 00:00:00+00:00, run_after=2024-09-24 00:00:00+00:00
[2024-09-23T21:59:19.580+0000] {processor.py:208} INFO - Processing /opt/airflow/dags/dag_with_postgres_operator.py took 0.208 seconds
[2024-09-23T21:59:50.117+0000] {processor.py:186} INFO - Started process (PID=10654) to work on /opt/airflow/dags/dag_with_postgres_operator.py
[2024-09-23T21:59:50.123+0000] {processor.py:914} INFO - Processing file /opt/airflow/dags/dag_with_postgres_operator.py for tasks to queue
[2024-09-23T21:59:50.128+0000] {logging_mixin.py:190} INFO - [2024-09-23T21:59:50.127+0000] {dagbag.py:587} INFO - Filling up the DagBag from /opt/airflow/dags/dag_with_postgres_operator.py
[2024-09-23T21:59:50.245+0000] {processor.py:925} INFO - DAG(s) 'dag_with_postgres_operator_v04' retrieved from /opt/airflow/dags/dag_with_postgres_operator.py
[2024-09-23T21:59:50.314+0000] {logging_mixin.py:190} INFO - [2024-09-23T21:59:50.314+0000] {dag.py:3229} INFO - Sync 1 DAGs
[2024-09-23T21:59:50.374+0000] {logging_mixin.py:190} INFO - [2024-09-23T21:59:50.374+0000] {dag.py:4156} INFO - Setting next_dagrun for dag_with_postgres_operator_v04 to 2024-09-23 00:00:00+00:00, run_after=2024-09-24 00:00:00+00:00
[2024-09-23T21:59:50.415+0000] {processor.py:208} INFO - Processing /opt/airflow/dags/dag_with_postgres_operator.py took 0.309 seconds
[2024-09-23T22:00:20.731+0000] {processor.py:186} INFO - Started process (PID=10687) to work on /opt/airflow/dags/dag_with_postgres_operator.py
[2024-09-23T22:00:20.734+0000] {processor.py:914} INFO - Processing file /opt/airflow/dags/dag_with_postgres_operator.py for tasks to queue
[2024-09-23T22:00:20.739+0000] {logging_mixin.py:190} INFO - [2024-09-23T22:00:20.738+0000] {dagbag.py:587} INFO - Filling up the DagBag from /opt/airflow/dags/dag_with_postgres_operator.py
[2024-09-23T22:00:20.868+0000] {processor.py:925} INFO - DAG(s) 'dag_with_postgres_operator_v04' retrieved from /opt/airflow/dags/dag_with_postgres_operator.py
[2024-09-23T22:00:20.924+0000] {logging_mixin.py:190} INFO - [2024-09-23T22:00:20.924+0000] {dag.py:3229} INFO - Sync 1 DAGs
[2024-09-23T22:00:20.977+0000] {logging_mixin.py:190} INFO - [2024-09-23T22:00:20.977+0000] {dag.py:4156} INFO - Setting next_dagrun for dag_with_postgres_operator_v04 to 2024-09-23 00:00:00+00:00, run_after=2024-09-24 00:00:00+00:00
[2024-09-23T22:00:21.031+0000] {processor.py:208} INFO - Processing /opt/airflow/dags/dag_with_postgres_operator.py took 0.309 seconds
[2024-09-23T22:00:52.031+0000] {processor.py:186} INFO - Started process (PID=10720) to work on /opt/airflow/dags/dag_with_postgres_operator.py
[2024-09-23T22:00:52.034+0000] {processor.py:914} INFO - Processing file /opt/airflow/dags/dag_with_postgres_operator.py for tasks to queue
[2024-09-23T22:00:52.038+0000] {logging_mixin.py:190} INFO - [2024-09-23T22:00:52.037+0000] {dagbag.py:587} INFO - Filling up the DagBag from /opt/airflow/dags/dag_with_postgres_operator.py
[2024-09-23T22:00:52.135+0000] {processor.py:925} INFO - DAG(s) 'dag_with_postgres_operator_v04' retrieved from /opt/airflow/dags/dag_with_postgres_operator.py
[2024-09-23T22:00:52.204+0000] {logging_mixin.py:190} INFO - [2024-09-23T22:00:52.203+0000] {dag.py:3229} INFO - Sync 1 DAGs
[2024-09-23T22:00:52.253+0000] {logging_mixin.py:190} INFO - [2024-09-23T22:00:52.253+0000] {dag.py:4156} INFO - Setting next_dagrun for dag_with_postgres_operator_v04 to 2024-09-23 00:00:00+00:00, run_after=2024-09-24 00:00:00+00:00
[2024-09-23T22:00:52.295+0000] {processor.py:208} INFO - Processing /opt/airflow/dags/dag_with_postgres_operator.py took 0.273 seconds
[2024-09-23T22:01:22.934+0000] {processor.py:186} INFO - Started process (PID=10753) to work on /opt/airflow/dags/dag_with_postgres_operator.py
[2024-09-23T22:01:22.937+0000] {processor.py:914} INFO - Processing file /opt/airflow/dags/dag_with_postgres_operator.py for tasks to queue
[2024-09-23T22:01:22.941+0000] {logging_mixin.py:190} INFO - [2024-09-23T22:01:22.941+0000] {dagbag.py:587} INFO - Filling up the DagBag from /opt/airflow/dags/dag_with_postgres_operator.py
[2024-09-23T22:01:23.042+0000] {processor.py:925} INFO - DAG(s) 'dag_with_postgres_operator_v04' retrieved from /opt/airflow/dags/dag_with_postgres_operator.py
[2024-09-23T22:01:23.083+0000] {logging_mixin.py:190} INFO - [2024-09-23T22:01:23.083+0000] {dag.py:3229} INFO - Sync 1 DAGs
[2024-09-23T22:01:23.123+0000] {logging_mixin.py:190} INFO - [2024-09-23T22:01:23.123+0000] {dag.py:4156} INFO - Setting next_dagrun for dag_with_postgres_operator_v04 to 2024-09-23 00:00:00+00:00, run_after=2024-09-24 00:00:00+00:00
[2024-09-23T22:01:23.173+0000] {processor.py:208} INFO - Processing /opt/airflow/dags/dag_with_postgres_operator.py took 0.253 seconds
[2024-09-23T22:01:53.728+0000] {processor.py:186} INFO - Started process (PID=10786) to work on /opt/airflow/dags/dag_with_postgres_operator.py
[2024-09-23T22:01:53.730+0000] {processor.py:914} INFO - Processing file /opt/airflow/dags/dag_with_postgres_operator.py for tasks to queue
[2024-09-23T22:01:53.734+0000] {logging_mixin.py:190} INFO - [2024-09-23T22:01:53.733+0000] {dagbag.py:587} INFO - Filling up the DagBag from /opt/airflow/dags/dag_with_postgres_operator.py
[2024-09-23T22:01:53.862+0000] {processor.py:925} INFO - DAG(s) 'dag_with_postgres_operator_v04' retrieved from /opt/airflow/dags/dag_with_postgres_operator.py
[2024-09-23T22:01:53.910+0000] {logging_mixin.py:190} INFO - [2024-09-23T22:01:53.909+0000] {dag.py:3229} INFO - Sync 1 DAGs
[2024-09-23T22:01:53.956+0000] {logging_mixin.py:190} INFO - [2024-09-23T22:01:53.956+0000] {dag.py:4156} INFO - Setting next_dagrun for dag_with_postgres_operator_v04 to 2024-09-23 00:00:00+00:00, run_after=2024-09-24 00:00:00+00:00
[2024-09-23T22:01:53.988+0000] {processor.py:208} INFO - Processing /opt/airflow/dags/dag_with_postgres_operator.py took 0.269 seconds
[2024-09-23T22:02:24.412+0000] {processor.py:186} INFO - Started process (PID=10819) to work on /opt/airflow/dags/dag_with_postgres_operator.py
[2024-09-23T22:02:24.417+0000] {processor.py:914} INFO - Processing file /opt/airflow/dags/dag_with_postgres_operator.py for tasks to queue
[2024-09-23T22:02:24.422+0000] {logging_mixin.py:190} INFO - [2024-09-23T22:02:24.421+0000] {dagbag.py:587} INFO - Filling up the DagBag from /opt/airflow/dags/dag_with_postgres_operator.py
[2024-09-23T22:02:24.658+0000] {processor.py:925} INFO - DAG(s) 'dag_with_postgres_operator_v04' retrieved from /opt/airflow/dags/dag_with_postgres_operator.py
[2024-09-23T22:02:24.752+0000] {logging_mixin.py:190} INFO - [2024-09-23T22:02:24.751+0000] {dag.py:3229} INFO - Sync 1 DAGs
[2024-09-23T22:02:24.786+0000] {logging_mixin.py:190} INFO - [2024-09-23T22:02:24.786+0000] {dag.py:4156} INFO - Setting next_dagrun for dag_with_postgres_operator_v04 to 2024-09-23 00:00:00+00:00, run_after=2024-09-24 00:00:00+00:00
[2024-09-23T22:02:24.817+0000] {processor.py:208} INFO - Processing /opt/airflow/dags/dag_with_postgres_operator.py took 0.431 seconds
[2024-09-23T22:02:55.116+0000] {processor.py:186} INFO - Started process (PID=10852) to work on /opt/airflow/dags/dag_with_postgres_operator.py
[2024-09-23T22:02:55.119+0000] {processor.py:914} INFO - Processing file /opt/airflow/dags/dag_with_postgres_operator.py for tasks to queue
[2024-09-23T22:02:55.122+0000] {logging_mixin.py:190} INFO - [2024-09-23T22:02:55.122+0000] {dagbag.py:587} INFO - Filling up the DagBag from /opt/airflow/dags/dag_with_postgres_operator.py
[2024-09-23T22:02:55.234+0000] {processor.py:925} INFO - DAG(s) 'dag_with_postgres_operator_v04' retrieved from /opt/airflow/dags/dag_with_postgres_operator.py
[2024-09-23T22:02:55.291+0000] {logging_mixin.py:190} INFO - [2024-09-23T22:02:55.291+0000] {dag.py:3229} INFO - Sync 1 DAGs
[2024-09-23T22:02:55.340+0000] {logging_mixin.py:190} INFO - [2024-09-23T22:02:55.339+0000] {dag.py:4156} INFO - Setting next_dagrun for dag_with_postgres_operator_v04 to 2024-09-23 00:00:00+00:00, run_after=2024-09-24 00:00:00+00:00
[2024-09-23T22:02:55.402+0000] {processor.py:208} INFO - Processing /opt/airflow/dags/dag_with_postgres_operator.py took 0.295 seconds
[2024-09-23T22:03:25.867+0000] {processor.py:186} INFO - Started process (PID=10885) to work on /opt/airflow/dags/dag_with_postgres_operator.py
[2024-09-23T22:03:25.870+0000] {processor.py:914} INFO - Processing file /opt/airflow/dags/dag_with_postgres_operator.py for tasks to queue
[2024-09-23T22:03:25.876+0000] {logging_mixin.py:190} INFO - [2024-09-23T22:03:25.875+0000] {dagbag.py:587} INFO - Filling up the DagBag from /opt/airflow/dags/dag_with_postgres_operator.py
[2024-09-23T22:03:26.014+0000] {processor.py:925} INFO - DAG(s) 'dag_with_postgres_operator_v04' retrieved from /opt/airflow/dags/dag_with_postgres_operator.py
[2024-09-23T22:03:26.074+0000] {logging_mixin.py:190} INFO - [2024-09-23T22:03:26.074+0000] {dag.py:3229} INFO - Sync 1 DAGs
[2024-09-23T22:03:26.117+0000] {logging_mixin.py:190} INFO - [2024-09-23T22:03:26.117+0000] {dag.py:4156} INFO - Setting next_dagrun for dag_with_postgres_operator_v04 to 2024-09-23 00:00:00+00:00, run_after=2024-09-24 00:00:00+00:00
[2024-09-23T22:03:26.152+0000] {processor.py:208} INFO - Processing /opt/airflow/dags/dag_with_postgres_operator.py took 0.302 seconds
[2024-09-23T22:03:56.569+0000] {processor.py:186} INFO - Started process (PID=10918) to work on /opt/airflow/dags/dag_with_postgres_operator.py
[2024-09-23T22:03:56.572+0000] {processor.py:914} INFO - Processing file /opt/airflow/dags/dag_with_postgres_operator.py for tasks to queue
[2024-09-23T22:03:56.577+0000] {logging_mixin.py:190} INFO - [2024-09-23T22:03:56.576+0000] {dagbag.py:587} INFO - Filling up the DagBag from /opt/airflow/dags/dag_with_postgres_operator.py
[2024-09-23T22:03:56.685+0000] {processor.py:925} INFO - DAG(s) 'dag_with_postgres_operator_v04' retrieved from /opt/airflow/dags/dag_with_postgres_operator.py
[2024-09-23T22:03:56.744+0000] {logging_mixin.py:190} INFO - [2024-09-23T22:03:56.744+0000] {dag.py:3229} INFO - Sync 1 DAGs
[2024-09-23T22:03:56.782+0000] {logging_mixin.py:190} INFO - [2024-09-23T22:03:56.781+0000] {dag.py:4156} INFO - Setting next_dagrun for dag_with_postgres_operator_v04 to 2024-09-23 00:00:00+00:00, run_after=2024-09-24 00:00:00+00:00
[2024-09-23T22:03:56.824+0000] {processor.py:208} INFO - Processing /opt/airflow/dags/dag_with_postgres_operator.py took 0.265 seconds
[2024-09-23T22:04:27.353+0000] {processor.py:186} INFO - Started process (PID=10951) to work on /opt/airflow/dags/dag_with_postgres_operator.py
[2024-09-23T22:04:27.357+0000] {processor.py:914} INFO - Processing file /opt/airflow/dags/dag_with_postgres_operator.py for tasks to queue
[2024-09-23T22:04:27.362+0000] {logging_mixin.py:190} INFO - [2024-09-23T22:04:27.361+0000] {dagbag.py:587} INFO - Filling up the DagBag from /opt/airflow/dags/dag_with_postgres_operator.py
[2024-09-23T22:04:27.495+0000] {processor.py:925} INFO - DAG(s) 'dag_with_postgres_operator_v04' retrieved from /opt/airflow/dags/dag_with_postgres_operator.py
[2024-09-23T22:04:27.553+0000] {logging_mixin.py:190} INFO - [2024-09-23T22:04:27.552+0000] {dag.py:3229} INFO - Sync 1 DAGs
[2024-09-23T22:04:27.600+0000] {logging_mixin.py:190} INFO - [2024-09-23T22:04:27.600+0000] {dag.py:4156} INFO - Setting next_dagrun for dag_with_postgres_operator_v04 to 2024-09-23 00:00:00+00:00, run_after=2024-09-24 00:00:00+00:00
[2024-09-23T22:04:27.642+0000] {processor.py:208} INFO - Processing /opt/airflow/dags/dag_with_postgres_operator.py took 0.309 seconds
[2024-09-23T22:04:57.922+0000] {processor.py:186} INFO - Started process (PID=10984) to work on /opt/airflow/dags/dag_with_postgres_operator.py
[2024-09-23T22:04:57.924+0000] {processor.py:914} INFO - Processing file /opt/airflow/dags/dag_with_postgres_operator.py for tasks to queue
[2024-09-23T22:04:57.928+0000] {logging_mixin.py:190} INFO - [2024-09-23T22:04:57.927+0000] {dagbag.py:587} INFO - Filling up the DagBag from /opt/airflow/dags/dag_with_postgres_operator.py
[2024-09-23T22:04:58.051+0000] {processor.py:925} INFO - DAG(s) 'dag_with_postgres_operator_v04' retrieved from /opt/airflow/dags/dag_with_postgres_operator.py
[2024-09-23T22:04:58.112+0000] {logging_mixin.py:190} INFO - [2024-09-23T22:04:58.112+0000] {dag.py:3229} INFO - Sync 1 DAGs
[2024-09-23T22:04:58.173+0000] {logging_mixin.py:190} INFO - [2024-09-23T22:04:58.171+0000] {dag.py:4156} INFO - Setting next_dagrun for dag_with_postgres_operator_v04 to 2024-09-23 00:00:00+00:00, run_after=2024-09-24 00:00:00+00:00
[2024-09-23T22:04:58.238+0000] {processor.py:208} INFO - Processing /opt/airflow/dags/dag_with_postgres_operator.py took 0.323 seconds
[2024-09-23T22:05:28.706+0000] {processor.py:186} INFO - Started process (PID=11017) to work on /opt/airflow/dags/dag_with_postgres_operator.py
[2024-09-23T22:05:28.708+0000] {processor.py:914} INFO - Processing file /opt/airflow/dags/dag_with_postgres_operator.py for tasks to queue
[2024-09-23T22:05:28.713+0000] {logging_mixin.py:190} INFO - [2024-09-23T22:05:28.712+0000] {dagbag.py:587} INFO - Filling up the DagBag from /opt/airflow/dags/dag_with_postgres_operator.py
[2024-09-23T22:05:28.829+0000] {processor.py:925} INFO - DAG(s) 'dag_with_postgres_operator_v04' retrieved from /opt/airflow/dags/dag_with_postgres_operator.py
[2024-09-23T22:05:28.880+0000] {logging_mixin.py:190} INFO - [2024-09-23T22:05:28.879+0000] {dag.py:3229} INFO - Sync 1 DAGs
[2024-09-23T22:05:28.916+0000] {logging_mixin.py:190} INFO - [2024-09-23T22:05:28.915+0000] {dag.py:4156} INFO - Setting next_dagrun for dag_with_postgres_operator_v04 to 2024-09-23 00:00:00+00:00, run_after=2024-09-24 00:00:00+00:00
[2024-09-23T22:05:28.951+0000] {processor.py:208} INFO - Processing /opt/airflow/dags/dag_with_postgres_operator.py took 0.260 seconds
[2024-09-23T22:05:59.304+0000] {processor.py:186} INFO - Started process (PID=11050) to work on /opt/airflow/dags/dag_with_postgres_operator.py
[2024-09-23T22:05:59.306+0000] {processor.py:914} INFO - Processing file /opt/airflow/dags/dag_with_postgres_operator.py for tasks to queue
[2024-09-23T22:05:59.310+0000] {logging_mixin.py:190} INFO - [2024-09-23T22:05:59.309+0000] {dagbag.py:587} INFO - Filling up the DagBag from /opt/airflow/dags/dag_with_postgres_operator.py
[2024-09-23T22:05:59.429+0000] {processor.py:925} INFO - DAG(s) 'dag_with_postgres_operator_v04' retrieved from /opt/airflow/dags/dag_with_postgres_operator.py
[2024-09-23T22:05:59.478+0000] {logging_mixin.py:190} INFO - [2024-09-23T22:05:59.478+0000] {dag.py:3229} INFO - Sync 1 DAGs
[2024-09-23T22:05:59.515+0000] {logging_mixin.py:190} INFO - [2024-09-23T22:05:59.514+0000] {dag.py:4156} INFO - Setting next_dagrun for dag_with_postgres_operator_v04 to 2024-09-23 00:00:00+00:00, run_after=2024-09-24 00:00:00+00:00
[2024-09-23T22:05:59.554+0000] {processor.py:208} INFO - Processing /opt/airflow/dags/dag_with_postgres_operator.py took 0.263 seconds
[2024-09-23T22:06:29.994+0000] {processor.py:186} INFO - Started process (PID=11083) to work on /opt/airflow/dags/dag_with_postgres_operator.py
[2024-09-23T22:06:29.998+0000] {processor.py:914} INFO - Processing file /opt/airflow/dags/dag_with_postgres_operator.py for tasks to queue
[2024-09-23T22:06:30.002+0000] {logging_mixin.py:190} INFO - [2024-09-23T22:06:30.001+0000] {dagbag.py:587} INFO - Filling up the DagBag from /opt/airflow/dags/dag_with_postgres_operator.py
[2024-09-23T22:06:30.145+0000] {processor.py:925} INFO - DAG(s) 'dag_with_postgres_operator_v04' retrieved from /opt/airflow/dags/dag_with_postgres_operator.py
[2024-09-23T22:06:30.226+0000] {logging_mixin.py:190} INFO - [2024-09-23T22:06:30.225+0000] {dag.py:3229} INFO - Sync 1 DAGs
[2024-09-23T22:06:30.261+0000] {logging_mixin.py:190} INFO - [2024-09-23T22:06:30.261+0000] {dag.py:4156} INFO - Setting next_dagrun for dag_with_postgres_operator_v04 to 2024-09-23 00:00:00+00:00, run_after=2024-09-24 00:00:00+00:00
[2024-09-23T22:06:30.303+0000] {processor.py:208} INFO - Processing /opt/airflow/dags/dag_with_postgres_operator.py took 0.334 seconds
[2024-09-23T22:07:00.739+0000] {processor.py:186} INFO - Started process (PID=11116) to work on /opt/airflow/dags/dag_with_postgres_operator.py
[2024-09-23T22:07:00.742+0000] {processor.py:914} INFO - Processing file /opt/airflow/dags/dag_with_postgres_operator.py for tasks to queue
[2024-09-23T22:07:00.747+0000] {logging_mixin.py:190} INFO - [2024-09-23T22:07:00.746+0000] {dagbag.py:587} INFO - Filling up the DagBag from /opt/airflow/dags/dag_with_postgres_operator.py
[2024-09-23T22:07:00.917+0000] {processor.py:925} INFO - DAG(s) 'dag_with_postgres_operator_v04' retrieved from /opt/airflow/dags/dag_with_postgres_operator.py
[2024-09-23T22:07:01.002+0000] {logging_mixin.py:190} INFO - [2024-09-23T22:07:01.001+0000] {dag.py:3229} INFO - Sync 1 DAGs
[2024-09-23T22:07:01.040+0000] {logging_mixin.py:190} INFO - [2024-09-23T22:07:01.040+0000] {dag.py:4156} INFO - Setting next_dagrun for dag_with_postgres_operator_v04 to 2024-09-23 00:00:00+00:00, run_after=2024-09-24 00:00:00+00:00
[2024-09-23T22:07:01.071+0000] {processor.py:208} INFO - Processing /opt/airflow/dags/dag_with_postgres_operator.py took 0.355 seconds
[2024-09-23T22:07:31.596+0000] {processor.py:186} INFO - Started process (PID=11149) to work on /opt/airflow/dags/dag_with_postgres_operator.py
[2024-09-23T22:07:31.600+0000] {processor.py:914} INFO - Processing file /opt/airflow/dags/dag_with_postgres_operator.py for tasks to queue
[2024-09-23T22:07:31.606+0000] {logging_mixin.py:190} INFO - [2024-09-23T22:07:31.605+0000] {dagbag.py:587} INFO - Filling up the DagBag from /opt/airflow/dags/dag_with_postgres_operator.py
[2024-09-23T22:07:31.725+0000] {processor.py:925} INFO - DAG(s) 'dag_with_postgres_operator_v04' retrieved from /opt/airflow/dags/dag_with_postgres_operator.py
[2024-09-23T22:07:31.769+0000] {logging_mixin.py:190} INFO - [2024-09-23T22:07:31.769+0000] {dag.py:3229} INFO - Sync 1 DAGs
[2024-09-23T22:07:31.802+0000] {logging_mixin.py:190} INFO - [2024-09-23T22:07:31.802+0000] {dag.py:4156} INFO - Setting next_dagrun for dag_with_postgres_operator_v04 to 2024-09-23 00:00:00+00:00, run_after=2024-09-24 00:00:00+00:00
[2024-09-23T22:07:31.850+0000] {processor.py:208} INFO - Processing /opt/airflow/dags/dag_with_postgres_operator.py took 0.273 seconds
[2024-09-23T22:08:02.429+0000] {processor.py:186} INFO - Started process (PID=11182) to work on /opt/airflow/dags/dag_with_postgres_operator.py
[2024-09-23T22:08:02.432+0000] {processor.py:914} INFO - Processing file /opt/airflow/dags/dag_with_postgres_operator.py for tasks to queue
[2024-09-23T22:08:02.435+0000] {logging_mixin.py:190} INFO - [2024-09-23T22:08:02.434+0000] {dagbag.py:587} INFO - Filling up the DagBag from /opt/airflow/dags/dag_with_postgres_operator.py
[2024-09-23T22:08:02.559+0000] {processor.py:925} INFO - DAG(s) 'dag_with_postgres_operator_v04' retrieved from /opt/airflow/dags/dag_with_postgres_operator.py
[2024-09-23T22:08:02.601+0000] {logging_mixin.py:190} INFO - [2024-09-23T22:08:02.601+0000] {dag.py:3229} INFO - Sync 1 DAGs
[2024-09-23T22:08:02.655+0000] {logging_mixin.py:190} INFO - [2024-09-23T22:08:02.654+0000] {dag.py:4156} INFO - Setting next_dagrun for dag_with_postgres_operator_v04 to 2024-09-23 00:00:00+00:00, run_after=2024-09-24 00:00:00+00:00
[2024-09-23T22:08:02.691+0000] {processor.py:208} INFO - Processing /opt/airflow/dags/dag_with_postgres_operator.py took 0.281 seconds
[2024-09-23T22:08:33.030+0000] {processor.py:186} INFO - Started process (PID=11215) to work on /opt/airflow/dags/dag_with_postgres_operator.py
[2024-09-23T22:08:33.033+0000] {processor.py:914} INFO - Processing file /opt/airflow/dags/dag_with_postgres_operator.py for tasks to queue
[2024-09-23T22:08:33.036+0000] {logging_mixin.py:190} INFO - [2024-09-23T22:08:33.035+0000] {dagbag.py:587} INFO - Filling up the DagBag from /opt/airflow/dags/dag_with_postgres_operator.py
[2024-09-23T22:08:33.145+0000] {processor.py:925} INFO - DAG(s) 'dag_with_postgres_operator_v04' retrieved from /opt/airflow/dags/dag_with_postgres_operator.py
[2024-09-23T22:08:33.188+0000] {logging_mixin.py:190} INFO - [2024-09-23T22:08:33.187+0000] {dag.py:3229} INFO - Sync 1 DAGs
[2024-09-23T22:08:33.222+0000] {logging_mixin.py:190} INFO - [2024-09-23T22:08:33.221+0000] {dag.py:4156} INFO - Setting next_dagrun for dag_with_postgres_operator_v04 to 2024-09-23 00:00:00+00:00, run_after=2024-09-24 00:00:00+00:00
[2024-09-23T22:08:33.256+0000] {processor.py:208} INFO - Processing /opt/airflow/dags/dag_with_postgres_operator.py took 0.238 seconds
[2024-09-23T22:09:03.567+0000] {processor.py:186} INFO - Started process (PID=11248) to work on /opt/airflow/dags/dag_with_postgres_operator.py
[2024-09-23T22:09:03.570+0000] {processor.py:914} INFO - Processing file /opt/airflow/dags/dag_with_postgres_operator.py for tasks to queue
[2024-09-23T22:09:03.572+0000] {logging_mixin.py:190} INFO - [2024-09-23T22:09:03.572+0000] {dagbag.py:587} INFO - Filling up the DagBag from /opt/airflow/dags/dag_with_postgres_operator.py
[2024-09-23T22:09:03.679+0000] {processor.py:925} INFO - DAG(s) 'dag_with_postgres_operator_v04' retrieved from /opt/airflow/dags/dag_with_postgres_operator.py
[2024-09-23T22:09:03.728+0000] {logging_mixin.py:190} INFO - [2024-09-23T22:09:03.727+0000] {dag.py:3229} INFO - Sync 1 DAGs
[2024-09-23T22:09:03.768+0000] {logging_mixin.py:190} INFO - [2024-09-23T22:09:03.767+0000] {dag.py:4156} INFO - Setting next_dagrun for dag_with_postgres_operator_v04 to 2024-09-23 00:00:00+00:00, run_after=2024-09-24 00:00:00+00:00
[2024-09-23T22:09:03.803+0000] {processor.py:208} INFO - Processing /opt/airflow/dags/dag_with_postgres_operator.py took 0.249 seconds
[2024-09-23T22:09:34.190+0000] {processor.py:186} INFO - Started process (PID=11281) to work on /opt/airflow/dags/dag_with_postgres_operator.py
[2024-09-23T22:09:34.194+0000] {processor.py:914} INFO - Processing file /opt/airflow/dags/dag_with_postgres_operator.py for tasks to queue
[2024-09-23T22:09:34.206+0000] {logging_mixin.py:190} INFO - [2024-09-23T22:09:34.205+0000] {dagbag.py:587} INFO - Filling up the DagBag from /opt/airflow/dags/dag_with_postgres_operator.py
[2024-09-23T22:09:34.322+0000] {processor.py:925} INFO - DAG(s) 'dag_with_postgres_operator_v04' retrieved from /opt/airflow/dags/dag_with_postgres_operator.py
[2024-09-23T22:09:34.388+0000] {logging_mixin.py:190} INFO - [2024-09-23T22:09:34.387+0000] {dag.py:3229} INFO - Sync 1 DAGs
[2024-09-23T22:09:34.446+0000] {logging_mixin.py:190} INFO - [2024-09-23T22:09:34.445+0000] {dag.py:4156} INFO - Setting next_dagrun for dag_with_postgres_operator_v04 to 2024-09-23 00:00:00+00:00, run_after=2024-09-24 00:00:00+00:00
[2024-09-23T22:09:34.498+0000] {processor.py:208} INFO - Processing /opt/airflow/dags/dag_with_postgres_operator.py took 0.320 seconds
[2024-09-23T22:10:05.283+0000] {processor.py:186} INFO - Started process (PID=11314) to work on /opt/airflow/dags/dag_with_postgres_operator.py
[2024-09-23T22:10:05.285+0000] {processor.py:914} INFO - Processing file /opt/airflow/dags/dag_with_postgres_operator.py for tasks to queue
[2024-09-23T22:10:05.290+0000] {logging_mixin.py:190} INFO - [2024-09-23T22:10:05.289+0000] {dagbag.py:587} INFO - Filling up the DagBag from /opt/airflow/dags/dag_with_postgres_operator.py
[2024-09-23T22:10:05.393+0000] {processor.py:925} INFO - DAG(s) 'dag_with_postgres_operator_v04' retrieved from /opt/airflow/dags/dag_with_postgres_operator.py
[2024-09-23T22:10:05.438+0000] {logging_mixin.py:190} INFO - [2024-09-23T22:10:05.437+0000] {dag.py:3229} INFO - Sync 1 DAGs
[2024-09-23T22:10:05.480+0000] {logging_mixin.py:190} INFO - [2024-09-23T22:10:05.479+0000] {dag.py:4156} INFO - Setting next_dagrun for dag_with_postgres_operator_v04 to 2024-09-23 00:00:00+00:00, run_after=2024-09-24 00:00:00+00:00
[2024-09-23T22:10:05.529+0000] {processor.py:208} INFO - Processing /opt/airflow/dags/dag_with_postgres_operator.py took 0.255 seconds
[2024-09-23T22:10:35.877+0000] {processor.py:186} INFO - Started process (PID=11347) to work on /opt/airflow/dags/dag_with_postgres_operator.py
[2024-09-23T22:10:35.879+0000] {processor.py:914} INFO - Processing file /opt/airflow/dags/dag_with_postgres_operator.py for tasks to queue
[2024-09-23T22:10:35.887+0000] {logging_mixin.py:190} INFO - [2024-09-23T22:10:35.886+0000] {dagbag.py:587} INFO - Filling up the DagBag from /opt/airflow/dags/dag_with_postgres_operator.py
[2024-09-23T22:10:36.038+0000] {processor.py:925} INFO - DAG(s) 'dag_with_postgres_operator_v04' retrieved from /opt/airflow/dags/dag_with_postgres_operator.py
[2024-09-23T22:10:36.119+0000] {logging_mixin.py:190} INFO - [2024-09-23T22:10:36.118+0000] {dag.py:3229} INFO - Sync 1 DAGs
[2024-09-23T22:10:36.155+0000] {logging_mixin.py:190} INFO - [2024-09-23T22:10:36.155+0000] {dag.py:4156} INFO - Setting next_dagrun for dag_with_postgres_operator_v04 to 2024-09-23 00:00:00+00:00, run_after=2024-09-24 00:00:00+00:00
[2024-09-23T22:10:36.196+0000] {processor.py:208} INFO - Processing /opt/airflow/dags/dag_with_postgres_operator.py took 0.332 seconds
[2024-09-23T22:11:06.544+0000] {processor.py:186} INFO - Started process (PID=11380) to work on /opt/airflow/dags/dag_with_postgres_operator.py
[2024-09-23T22:11:06.546+0000] {processor.py:914} INFO - Processing file /opt/airflow/dags/dag_with_postgres_operator.py for tasks to queue
[2024-09-23T22:11:06.548+0000] {logging_mixin.py:190} INFO - [2024-09-23T22:11:06.548+0000] {dagbag.py:587} INFO - Filling up the DagBag from /opt/airflow/dags/dag_with_postgres_operator.py
[2024-09-23T22:11:06.665+0000] {processor.py:925} INFO - DAG(s) 'dag_with_postgres_operator_v04' retrieved from /opt/airflow/dags/dag_with_postgres_operator.py
[2024-09-23T22:11:06.708+0000] {logging_mixin.py:190} INFO - [2024-09-23T22:11:06.707+0000] {dag.py:3229} INFO - Sync 1 DAGs
[2024-09-23T22:11:06.739+0000] {logging_mixin.py:190} INFO - [2024-09-23T22:11:06.739+0000] {dag.py:4156} INFO - Setting next_dagrun for dag_with_postgres_operator_v04 to 2024-09-23 00:00:00+00:00, run_after=2024-09-24 00:00:00+00:00
[2024-09-23T22:11:06.779+0000] {processor.py:208} INFO - Processing /opt/airflow/dags/dag_with_postgres_operator.py took 0.247 seconds
[2024-09-23T22:11:37.106+0000] {processor.py:186} INFO - Started process (PID=11413) to work on /opt/airflow/dags/dag_with_postgres_operator.py
[2024-09-23T22:11:37.161+0000] {processor.py:914} INFO - Processing file /opt/airflow/dags/dag_with_postgres_operator.py for tasks to queue
[2024-09-23T22:11:37.168+0000] {logging_mixin.py:190} INFO - [2024-09-23T22:11:37.167+0000] {dagbag.py:587} INFO - Filling up the DagBag from /opt/airflow/dags/dag_with_postgres_operator.py
[2024-09-23T22:11:37.296+0000] {processor.py:925} INFO - DAG(s) 'dag_with_postgres_operator_v04' retrieved from /opt/airflow/dags/dag_with_postgres_operator.py
[2024-09-23T22:11:37.373+0000] {logging_mixin.py:190} INFO - [2024-09-23T22:11:37.372+0000] {dag.py:3229} INFO - Sync 1 DAGs
[2024-09-23T22:11:37.453+0000] {logging_mixin.py:190} INFO - [2024-09-23T22:11:37.453+0000] {dag.py:4156} INFO - Setting next_dagrun for dag_with_postgres_operator_v04 to 2024-09-23 00:00:00+00:00, run_after=2024-09-24 00:00:00+00:00
[2024-09-23T22:11:37.784+0000] {processor.py:208} INFO - Processing /opt/airflow/dags/dag_with_postgres_operator.py took 0.688 seconds
[2024-09-23T22:12:08.682+0000] {processor.py:186} INFO - Started process (PID=11446) to work on /opt/airflow/dags/dag_with_postgres_operator.py
[2024-09-23T22:12:08.686+0000] {processor.py:914} INFO - Processing file /opt/airflow/dags/dag_with_postgres_operator.py for tasks to queue
[2024-09-23T22:12:08.693+0000] {logging_mixin.py:190} INFO - [2024-09-23T22:12:08.692+0000] {dagbag.py:587} INFO - Filling up the DagBag from /opt/airflow/dags/dag_with_postgres_operator.py
[2024-09-23T22:12:08.804+0000] {processor.py:925} INFO - DAG(s) 'dag_with_postgres_operator_v04' retrieved from /opt/airflow/dags/dag_with_postgres_operator.py
[2024-09-23T22:12:08.844+0000] {logging_mixin.py:190} INFO - [2024-09-23T22:12:08.843+0000] {dag.py:3229} INFO - Sync 1 DAGs
[2024-09-23T22:12:08.873+0000] {logging_mixin.py:190} INFO - [2024-09-23T22:12:08.873+0000] {dag.py:4156} INFO - Setting next_dagrun for dag_with_postgres_operator_v04 to 2024-09-23 00:00:00+00:00, run_after=2024-09-24 00:00:00+00:00
[2024-09-23T22:12:08.909+0000] {processor.py:208} INFO - Processing /opt/airflow/dags/dag_with_postgres_operator.py took 0.249 seconds
[2024-09-23T22:12:39.631+0000] {processor.py:186} INFO - Started process (PID=11479) to work on /opt/airflow/dags/dag_with_postgres_operator.py
[2024-09-23T22:12:39.633+0000] {processor.py:914} INFO - Processing file /opt/airflow/dags/dag_with_postgres_operator.py for tasks to queue
[2024-09-23T22:12:39.636+0000] {logging_mixin.py:190} INFO - [2024-09-23T22:12:39.636+0000] {dagbag.py:587} INFO - Filling up the DagBag from /opt/airflow/dags/dag_with_postgres_operator.py
[2024-09-23T22:12:39.750+0000] {processor.py:925} INFO - DAG(s) 'dag_with_postgres_operator_v04' retrieved from /opt/airflow/dags/dag_with_postgres_operator.py
[2024-09-23T22:12:39.778+0000] {logging_mixin.py:190} INFO - [2024-09-23T22:12:39.778+0000] {dag.py:3229} INFO - Sync 1 DAGs
[2024-09-23T22:12:39.801+0000] {logging_mixin.py:190} INFO - [2024-09-23T22:12:39.801+0000] {dag.py:4156} INFO - Setting next_dagrun for dag_with_postgres_operator_v04 to 2024-09-23 00:00:00+00:00, run_after=2024-09-24 00:00:00+00:00
[2024-09-23T22:12:39.834+0000] {processor.py:208} INFO - Processing /opt/airflow/dags/dag_with_postgres_operator.py took 0.213 seconds
[2024-09-23T22:13:10.405+0000] {processor.py:186} INFO - Started process (PID=11512) to work on /opt/airflow/dags/dag_with_postgres_operator.py
[2024-09-23T22:13:10.407+0000] {processor.py:914} INFO - Processing file /opt/airflow/dags/dag_with_postgres_operator.py for tasks to queue
[2024-09-23T22:13:10.411+0000] {logging_mixin.py:190} INFO - [2024-09-23T22:13:10.410+0000] {dagbag.py:587} INFO - Filling up the DagBag from /opt/airflow/dags/dag_with_postgres_operator.py
[2024-09-23T22:13:10.508+0000] {processor.py:925} INFO - DAG(s) 'dag_with_postgres_operator_v04' retrieved from /opt/airflow/dags/dag_with_postgres_operator.py
[2024-09-23T22:13:10.538+0000] {logging_mixin.py:190} INFO - [2024-09-23T22:13:10.538+0000] {dag.py:3229} INFO - Sync 1 DAGs
[2024-09-23T22:13:10.564+0000] {logging_mixin.py:190} INFO - [2024-09-23T22:13:10.563+0000] {dag.py:4156} INFO - Setting next_dagrun for dag_with_postgres_operator_v04 to 2024-09-23 00:00:00+00:00, run_after=2024-09-24 00:00:00+00:00
[2024-09-23T22:13:10.595+0000] {processor.py:208} INFO - Processing /opt/airflow/dags/dag_with_postgres_operator.py took 0.196 seconds
[2024-09-23T22:13:41.150+0000] {processor.py:186} INFO - Started process (PID=11545) to work on /opt/airflow/dags/dag_with_postgres_operator.py
[2024-09-23T22:13:41.151+0000] {processor.py:914} INFO - Processing file /opt/airflow/dags/dag_with_postgres_operator.py for tasks to queue
[2024-09-23T22:13:41.153+0000] {logging_mixin.py:190} INFO - [2024-09-23T22:13:41.153+0000] {dagbag.py:587} INFO - Filling up the DagBag from /opt/airflow/dags/dag_with_postgres_operator.py
[2024-09-23T22:13:41.234+0000] {processor.py:925} INFO - DAG(s) 'dag_with_postgres_operator_v04' retrieved from /opt/airflow/dags/dag_with_postgres_operator.py
[2024-09-23T22:13:41.266+0000] {logging_mixin.py:190} INFO - [2024-09-23T22:13:41.265+0000] {dag.py:3229} INFO - Sync 1 DAGs
[2024-09-23T22:13:41.291+0000] {logging_mixin.py:190} INFO - [2024-09-23T22:13:41.291+0000] {dag.py:4156} INFO - Setting next_dagrun for dag_with_postgres_operator_v04 to 2024-09-23 00:00:00+00:00, run_after=2024-09-24 00:00:00+00:00
[2024-09-23T22:13:41.319+0000] {processor.py:208} INFO - Processing /opt/airflow/dags/dag_with_postgres_operator.py took 0.174 seconds
[2024-09-23T22:14:11.937+0000] {processor.py:186} INFO - Started process (PID=11578) to work on /opt/airflow/dags/dag_with_postgres_operator.py
[2024-09-23T22:14:11.940+0000] {processor.py:914} INFO - Processing file /opt/airflow/dags/dag_with_postgres_operator.py for tasks to queue
[2024-09-23T22:14:11.943+0000] {logging_mixin.py:190} INFO - [2024-09-23T22:14:11.942+0000] {dagbag.py:587} INFO - Filling up the DagBag from /opt/airflow/dags/dag_with_postgres_operator.py
[2024-09-23T22:14:12.060+0000] {processor.py:925} INFO - DAG(s) 'dag_with_postgres_operator_v04' retrieved from /opt/airflow/dags/dag_with_postgres_operator.py
[2024-09-23T22:14:12.088+0000] {logging_mixin.py:190} INFO - [2024-09-23T22:14:12.087+0000] {dag.py:3229} INFO - Sync 1 DAGs
[2024-09-23T22:14:12.111+0000] {logging_mixin.py:190} INFO - [2024-09-23T22:14:12.111+0000] {dag.py:4156} INFO - Setting next_dagrun for dag_with_postgres_operator_v04 to 2024-09-23 00:00:00+00:00, run_after=2024-09-24 00:00:00+00:00
[2024-09-23T22:14:12.140+0000] {processor.py:208} INFO - Processing /opt/airflow/dags/dag_with_postgres_operator.py took 0.214 seconds
[2024-09-23T22:14:42.692+0000] {processor.py:186} INFO - Started process (PID=11611) to work on /opt/airflow/dags/dag_with_postgres_operator.py
[2024-09-23T22:14:42.694+0000] {processor.py:914} INFO - Processing file /opt/airflow/dags/dag_with_postgres_operator.py for tasks to queue
[2024-09-23T22:14:42.696+0000] {logging_mixin.py:190} INFO - [2024-09-23T22:14:42.695+0000] {dagbag.py:587} INFO - Filling up the DagBag from /opt/airflow/dags/dag_with_postgres_operator.py
[2024-09-23T22:14:42.777+0000] {processor.py:925} INFO - DAG(s) 'dag_with_postgres_operator_v04' retrieved from /opt/airflow/dags/dag_with_postgres_operator.py
[2024-09-23T22:14:42.808+0000] {logging_mixin.py:190} INFO - [2024-09-23T22:14:42.808+0000] {dag.py:3229} INFO - Sync 1 DAGs
[2024-09-23T22:14:42.830+0000] {logging_mixin.py:190} INFO - [2024-09-23T22:14:42.830+0000] {dag.py:4156} INFO - Setting next_dagrun for dag_with_postgres_operator_v04 to 2024-09-23 00:00:00+00:00, run_after=2024-09-24 00:00:00+00:00
[2024-09-23T22:14:42.866+0000] {processor.py:208} INFO - Processing /opt/airflow/dags/dag_with_postgres_operator.py took 0.179 seconds
[2024-09-23T22:15:13.477+0000] {processor.py:186} INFO - Started process (PID=11644) to work on /opt/airflow/dags/dag_with_postgres_operator.py
[2024-09-23T22:15:13.479+0000] {processor.py:914} INFO - Processing file /opt/airflow/dags/dag_with_postgres_operator.py for tasks to queue
[2024-09-23T22:15:13.482+0000] {logging_mixin.py:190} INFO - [2024-09-23T22:15:13.481+0000] {dagbag.py:587} INFO - Filling up the DagBag from /opt/airflow/dags/dag_with_postgres_operator.py
[2024-09-23T22:15:13.604+0000] {processor.py:925} INFO - DAG(s) 'dag_with_postgres_operator_v04' retrieved from /opt/airflow/dags/dag_with_postgres_operator.py
[2024-09-23T22:15:13.673+0000] {logging_mixin.py:190} INFO - [2024-09-23T22:15:13.672+0000] {dag.py:3229} INFO - Sync 1 DAGs
[2024-09-23T22:15:13.714+0000] {logging_mixin.py:190} INFO - [2024-09-23T22:15:13.714+0000] {dag.py:4156} INFO - Setting next_dagrun for dag_with_postgres_operator_v04 to 2024-09-23 00:00:00+00:00, run_after=2024-09-24 00:00:00+00:00
[2024-09-23T22:15:13.774+0000] {processor.py:208} INFO - Processing /opt/airflow/dags/dag_with_postgres_operator.py took 0.312 seconds
[2024-09-23T22:15:44.426+0000] {processor.py:186} INFO - Started process (PID=11677) to work on /opt/airflow/dags/dag_with_postgres_operator.py
[2024-09-23T22:15:44.427+0000] {processor.py:914} INFO - Processing file /opt/airflow/dags/dag_with_postgres_operator.py for tasks to queue
[2024-09-23T22:15:44.429+0000] {logging_mixin.py:190} INFO - [2024-09-23T22:15:44.429+0000] {dagbag.py:587} INFO - Filling up the DagBag from /opt/airflow/dags/dag_with_postgres_operator.py
[2024-09-23T22:15:44.481+0000] {processor.py:925} INFO - DAG(s) 'dag_with_postgres_operator_v04' retrieved from /opt/airflow/dags/dag_with_postgres_operator.py
[2024-09-23T22:15:44.511+0000] {logging_mixin.py:190} INFO - [2024-09-23T22:15:44.510+0000] {dag.py:3229} INFO - Sync 1 DAGs
[2024-09-23T22:15:44.532+0000] {logging_mixin.py:190} INFO - [2024-09-23T22:15:44.532+0000] {dag.py:4156} INFO - Setting next_dagrun for dag_with_postgres_operator_v04 to 2024-09-23 00:00:00+00:00, run_after=2024-09-24 00:00:00+00:00
[2024-09-23T22:15:44.561+0000] {processor.py:208} INFO - Processing /opt/airflow/dags/dag_with_postgres_operator.py took 0.141 seconds
[2024-09-23T22:16:14.786+0000] {processor.py:186} INFO - Started process (PID=11710) to work on /opt/airflow/dags/dag_with_postgres_operator.py
[2024-09-23T22:16:14.787+0000] {processor.py:914} INFO - Processing file /opt/airflow/dags/dag_with_postgres_operator.py for tasks to queue
[2024-09-23T22:16:14.789+0000] {logging_mixin.py:190} INFO - [2024-09-23T22:16:14.788+0000] {dagbag.py:587} INFO - Filling up the DagBag from /opt/airflow/dags/dag_with_postgres_operator.py
[2024-09-23T22:16:14.850+0000] {processor.py:925} INFO - DAG(s) 'dag_with_postgres_operator_v04' retrieved from /opt/airflow/dags/dag_with_postgres_operator.py
[2024-09-23T22:16:14.879+0000] {logging_mixin.py:190} INFO - [2024-09-23T22:16:14.879+0000] {dag.py:3229} INFO - Sync 1 DAGs
[2024-09-23T22:16:14.914+0000] {logging_mixin.py:190} INFO - [2024-09-23T22:16:14.913+0000] {dag.py:4156} INFO - Setting next_dagrun for dag_with_postgres_operator_v04 to 2024-09-23 00:00:00+00:00, run_after=2024-09-24 00:00:00+00:00
[2024-09-23T22:16:14.946+0000] {processor.py:208} INFO - Processing /opt/airflow/dags/dag_with_postgres_operator.py took 0.165 seconds
[2024-09-23T22:16:45.852+0000] {processor.py:186} INFO - Started process (PID=11743) to work on /opt/airflow/dags/dag_with_postgres_operator.py
[2024-09-23T22:16:45.854+0000] {processor.py:914} INFO - Processing file /opt/airflow/dags/dag_with_postgres_operator.py for tasks to queue
[2024-09-23T22:16:45.857+0000] {logging_mixin.py:190} INFO - [2024-09-23T22:16:45.856+0000] {dagbag.py:587} INFO - Filling up the DagBag from /opt/airflow/dags/dag_with_postgres_operator.py
[2024-09-23T22:16:45.971+0000] {processor.py:925} INFO - DAG(s) 'dag_with_postgres_operator_v04' retrieved from /opt/airflow/dags/dag_with_postgres_operator.py
[2024-09-23T22:16:46.002+0000] {logging_mixin.py:190} INFO - [2024-09-23T22:16:46.002+0000] {dag.py:3229} INFO - Sync 1 DAGs
[2024-09-23T22:16:46.029+0000] {logging_mixin.py:190} INFO - [2024-09-23T22:16:46.028+0000] {dag.py:4156} INFO - Setting next_dagrun for dag_with_postgres_operator_v04 to 2024-09-23 00:00:00+00:00, run_after=2024-09-24 00:00:00+00:00
[2024-09-23T22:16:46.056+0000] {processor.py:208} INFO - Processing /opt/airflow/dags/dag_with_postgres_operator.py took 0.209 seconds
[2024-09-23T22:17:16.711+0000] {processor.py:186} INFO - Started process (PID=11776) to work on /opt/airflow/dags/dag_with_postgres_operator.py
[2024-09-23T22:17:16.713+0000] {processor.py:914} INFO - Processing file /opt/airflow/dags/dag_with_postgres_operator.py for tasks to queue
[2024-09-23T22:17:16.715+0000] {logging_mixin.py:190} INFO - [2024-09-23T22:17:16.714+0000] {dagbag.py:587} INFO - Filling up the DagBag from /opt/airflow/dags/dag_with_postgres_operator.py
[2024-09-23T22:17:16.827+0000] {processor.py:925} INFO - DAG(s) 'dag_with_postgres_operator_v04' retrieved from /opt/airflow/dags/dag_with_postgres_operator.py
[2024-09-23T22:17:16.855+0000] {logging_mixin.py:190} INFO - [2024-09-23T22:17:16.855+0000] {dag.py:3229} INFO - Sync 1 DAGs
[2024-09-23T22:17:16.884+0000] {logging_mixin.py:190} INFO - [2024-09-23T22:17:16.884+0000] {dag.py:4156} INFO - Setting next_dagrun for dag_with_postgres_operator_v04 to 2024-09-23 00:00:00+00:00, run_after=2024-09-24 00:00:00+00:00
[2024-09-23T22:17:16.910+0000] {processor.py:208} INFO - Processing /opt/airflow/dags/dag_with_postgres_operator.py took 0.210 seconds
[2024-09-23T22:17:47.793+0000] {processor.py:186} INFO - Started process (PID=11809) to work on /opt/airflow/dags/dag_with_postgres_operator.py
[2024-09-23T22:17:47.795+0000] {processor.py:914} INFO - Processing file /opt/airflow/dags/dag_with_postgres_operator.py for tasks to queue
[2024-09-23T22:17:47.798+0000] {logging_mixin.py:190} INFO - [2024-09-23T22:17:47.798+0000] {dagbag.py:587} INFO - Filling up the DagBag from /opt/airflow/dags/dag_with_postgres_operator.py
[2024-09-23T22:17:47.899+0000] {processor.py:925} INFO - DAG(s) 'dag_with_postgres_operator_v04' retrieved from /opt/airflow/dags/dag_with_postgres_operator.py
[2024-09-23T22:17:47.929+0000] {logging_mixin.py:190} INFO - [2024-09-23T22:17:47.929+0000] {dag.py:3229} INFO - Sync 1 DAGs
[2024-09-23T22:17:47.960+0000] {logging_mixin.py:190} INFO - [2024-09-23T22:17:47.959+0000] {dag.py:4156} INFO - Setting next_dagrun for dag_with_postgres_operator_v04 to 2024-09-23 00:00:00+00:00, run_after=2024-09-24 00:00:00+00:00
[2024-09-23T22:17:47.986+0000] {processor.py:208} INFO - Processing /opt/airflow/dags/dag_with_postgres_operator.py took 0.200 seconds
[2024-09-23T22:18:18.474+0000] {processor.py:186} INFO - Started process (PID=11842) to work on /opt/airflow/dags/dag_with_postgres_operator.py
[2024-09-23T22:18:18.476+0000] {processor.py:914} INFO - Processing file /opt/airflow/dags/dag_with_postgres_operator.py for tasks to queue
[2024-09-23T22:18:18.478+0000] {logging_mixin.py:190} INFO - [2024-09-23T22:18:18.478+0000] {dagbag.py:587} INFO - Filling up the DagBag from /opt/airflow/dags/dag_with_postgres_operator.py
[2024-09-23T22:18:18.554+0000] {processor.py:925} INFO - DAG(s) 'dag_with_postgres_operator_v04' retrieved from /opt/airflow/dags/dag_with_postgres_operator.py
[2024-09-23T22:18:18.601+0000] {logging_mixin.py:190} INFO - [2024-09-23T22:18:18.600+0000] {dag.py:3229} INFO - Sync 1 DAGs
[2024-09-23T22:18:18.642+0000] {logging_mixin.py:190} INFO - [2024-09-23T22:18:18.641+0000] {dag.py:4156} INFO - Setting next_dagrun for dag_with_postgres_operator_v04 to 2024-09-23 00:00:00+00:00, run_after=2024-09-24 00:00:00+00:00
[2024-09-23T22:18:18.679+0000] {processor.py:208} INFO - Processing /opt/airflow/dags/dag_with_postgres_operator.py took 0.213 seconds
[2024-09-23T22:18:49.214+0000] {processor.py:186} INFO - Started process (PID=11875) to work on /opt/airflow/dags/dag_with_postgres_operator.py
[2024-09-23T22:18:49.217+0000] {processor.py:914} INFO - Processing file /opt/airflow/dags/dag_with_postgres_operator.py for tasks to queue
[2024-09-23T22:18:49.219+0000] {logging_mixin.py:190} INFO - [2024-09-23T22:18:49.218+0000] {dagbag.py:587} INFO - Filling up the DagBag from /opt/airflow/dags/dag_with_postgres_operator.py
[2024-09-23T22:18:49.292+0000] {processor.py:925} INFO - DAG(s) 'dag_with_postgres_operator_v04' retrieved from /opt/airflow/dags/dag_with_postgres_operator.py
[2024-09-23T22:18:49.329+0000] {logging_mixin.py:190} INFO - [2024-09-23T22:18:49.329+0000] {dag.py:3229} INFO - Sync 1 DAGs
[2024-09-23T22:18:49.363+0000] {logging_mixin.py:190} INFO - [2024-09-23T22:18:49.363+0000] {dag.py:4156} INFO - Setting next_dagrun for dag_with_postgres_operator_v04 to 2024-09-23 00:00:00+00:00, run_after=2024-09-24 00:00:00+00:00
[2024-09-23T22:18:49.391+0000] {processor.py:208} INFO - Processing /opt/airflow/dags/dag_with_postgres_operator.py took 0.184 seconds
[2024-09-23T22:19:20.383+0000] {processor.py:186} INFO - Started process (PID=11908) to work on /opt/airflow/dags/dag_with_postgres_operator.py
[2024-09-23T22:19:20.385+0000] {processor.py:914} INFO - Processing file /opt/airflow/dags/dag_with_postgres_operator.py for tasks to queue
[2024-09-23T22:19:20.387+0000] {logging_mixin.py:190} INFO - [2024-09-23T22:19:20.387+0000] {dagbag.py:587} INFO - Filling up the DagBag from /opt/airflow/dags/dag_with_postgres_operator.py
[2024-09-23T22:19:20.476+0000] {processor.py:925} INFO - DAG(s) 'dag_with_postgres_operator_v04' retrieved from /opt/airflow/dags/dag_with_postgres_operator.py
[2024-09-23T22:19:20.502+0000] {logging_mixin.py:190} INFO - [2024-09-23T22:19:20.502+0000] {dag.py:3229} INFO - Sync 1 DAGs
[2024-09-23T22:19:20.525+0000] {logging_mixin.py:190} INFO - [2024-09-23T22:19:20.525+0000] {dag.py:4156} INFO - Setting next_dagrun for dag_with_postgres_operator_v04 to 2024-09-23 00:00:00+00:00, run_after=2024-09-24 00:00:00+00:00
[2024-09-23T22:19:20.549+0000] {processor.py:208} INFO - Processing /opt/airflow/dags/dag_with_postgres_operator.py took 0.173 seconds
[2024-09-23T22:19:51.266+0000] {processor.py:186} INFO - Started process (PID=11941) to work on /opt/airflow/dags/dag_with_postgres_operator.py
[2024-09-23T22:19:51.267+0000] {processor.py:914} INFO - Processing file /opt/airflow/dags/dag_with_postgres_operator.py for tasks to queue
[2024-09-23T22:19:51.269+0000] {logging_mixin.py:190} INFO - [2024-09-23T22:19:51.269+0000] {dagbag.py:587} INFO - Filling up the DagBag from /opt/airflow/dags/dag_with_postgres_operator.py
[2024-09-23T22:19:51.397+0000] {processor.py:925} INFO - DAG(s) 'dag_with_postgres_operator_v04' retrieved from /opt/airflow/dags/dag_with_postgres_operator.py
[2024-09-23T22:19:51.431+0000] {logging_mixin.py:190} INFO - [2024-09-23T22:19:51.431+0000] {dag.py:3229} INFO - Sync 1 DAGs
[2024-09-23T22:19:51.453+0000] {logging_mixin.py:190} INFO - [2024-09-23T22:19:51.453+0000] {dag.py:4156} INFO - Setting next_dagrun for dag_with_postgres_operator_v04 to 2024-09-23 00:00:00+00:00, run_after=2024-09-24 00:00:00+00:00
[2024-09-23T22:19:51.478+0000] {processor.py:208} INFO - Processing /opt/airflow/dags/dag_with_postgres_operator.py took 0.217 seconds
[2024-09-23T22:20:21.895+0000] {processor.py:186} INFO - Started process (PID=11974) to work on /opt/airflow/dags/dag_with_postgres_operator.py
[2024-09-23T22:20:21.899+0000] {processor.py:914} INFO - Processing file /opt/airflow/dags/dag_with_postgres_operator.py for tasks to queue
[2024-09-23T22:20:21.905+0000] {logging_mixin.py:190} INFO - [2024-09-23T22:20:21.904+0000] {dagbag.py:587} INFO - Filling up the DagBag from /opt/airflow/dags/dag_with_postgres_operator.py
[2024-09-23T22:20:21.983+0000] {processor.py:925} INFO - DAG(s) 'dag_with_postgres_operator_v04' retrieved from /opt/airflow/dags/dag_with_postgres_operator.py
[2024-09-23T22:20:22.024+0000] {logging_mixin.py:190} INFO - [2024-09-23T22:20:22.023+0000] {dag.py:3229} INFO - Sync 1 DAGs
[2024-09-23T22:20:22.054+0000] {logging_mixin.py:190} INFO - [2024-09-23T22:20:22.054+0000] {dag.py:4156} INFO - Setting next_dagrun for dag_with_postgres_operator_v04 to 2024-09-23 00:00:00+00:00, run_after=2024-09-24 00:00:00+00:00
[2024-09-23T22:20:22.086+0000] {processor.py:208} INFO - Processing /opt/airflow/dags/dag_with_postgres_operator.py took 0.206 seconds
[2024-09-23T22:20:53.069+0000] {processor.py:186} INFO - Started process (PID=12007) to work on /opt/airflow/dags/dag_with_postgres_operator.py
[2024-09-23T22:20:53.072+0000] {processor.py:914} INFO - Processing file /opt/airflow/dags/dag_with_postgres_operator.py for tasks to queue
[2024-09-23T22:20:53.078+0000] {logging_mixin.py:190} INFO - [2024-09-23T22:20:53.077+0000] {dagbag.py:587} INFO - Filling up the DagBag from /opt/airflow/dags/dag_with_postgres_operator.py
[2024-09-23T22:20:53.201+0000] {processor.py:925} INFO - DAG(s) 'dag_with_postgres_operator_v04' retrieved from /opt/airflow/dags/dag_with_postgres_operator.py
[2024-09-23T22:20:53.241+0000] {logging_mixin.py:190} INFO - [2024-09-23T22:20:53.241+0000] {dag.py:3229} INFO - Sync 1 DAGs
[2024-09-23T22:20:53.274+0000] {logging_mixin.py:190} INFO - [2024-09-23T22:20:53.274+0000] {dag.py:4156} INFO - Setting next_dagrun for dag_with_postgres_operator_v04 to 2024-09-23 00:00:00+00:00, run_after=2024-09-24 00:00:00+00:00
[2024-09-23T22:20:53.306+0000] {processor.py:208} INFO - Processing /opt/airflow/dags/dag_with_postgres_operator.py took 0.259 seconds
[2024-09-23T22:21:23.745+0000] {processor.py:186} INFO - Started process (PID=12040) to work on /opt/airflow/dags/dag_with_postgres_operator.py
[2024-09-23T22:21:23.747+0000] {processor.py:914} INFO - Processing file /opt/airflow/dags/dag_with_postgres_operator.py for tasks to queue
[2024-09-23T22:21:23.750+0000] {logging_mixin.py:190} INFO - [2024-09-23T22:21:23.749+0000] {dagbag.py:587} INFO - Filling up the DagBag from /opt/airflow/dags/dag_with_postgres_operator.py
[2024-09-23T22:21:23.856+0000] {processor.py:925} INFO - DAG(s) 'dag_with_postgres_operator_v04' retrieved from /opt/airflow/dags/dag_with_postgres_operator.py
[2024-09-23T22:21:23.913+0000] {logging_mixin.py:190} INFO - [2024-09-23T22:21:23.912+0000] {dag.py:3229} INFO - Sync 1 DAGs
[2024-09-23T22:21:23.948+0000] {logging_mixin.py:190} INFO - [2024-09-23T22:21:23.948+0000] {dag.py:4156} INFO - Setting next_dagrun for dag_with_postgres_operator_v04 to 2024-09-23 00:00:00+00:00, run_after=2024-09-24 00:00:00+00:00
[2024-09-23T22:21:23.988+0000] {processor.py:208} INFO - Processing /opt/airflow/dags/dag_with_postgres_operator.py took 0.253 seconds
[2024-09-23T22:21:54.937+0000] {processor.py:186} INFO - Started process (PID=12073) to work on /opt/airflow/dags/dag_with_postgres_operator.py
[2024-09-23T22:21:54.948+0000] {processor.py:914} INFO - Processing file /opt/airflow/dags/dag_with_postgres_operator.py for tasks to queue
[2024-09-23T22:21:54.953+0000] {logging_mixin.py:190} INFO - [2024-09-23T22:21:54.952+0000] {dagbag.py:587} INFO - Filling up the DagBag from /opt/airflow/dags/dag_with_postgres_operator.py
[2024-09-23T22:21:55.116+0000] {processor.py:925} INFO - DAG(s) 'dag_with_postgres_operator_v04' retrieved from /opt/airflow/dags/dag_with_postgres_operator.py
[2024-09-23T22:21:55.171+0000] {logging_mixin.py:190} INFO - [2024-09-23T22:21:55.170+0000] {dag.py:3229} INFO - Sync 1 DAGs
[2024-09-23T22:21:55.204+0000] {logging_mixin.py:190} INFO - [2024-09-23T22:21:55.203+0000] {dag.py:4156} INFO - Setting next_dagrun for dag_with_postgres_operator_v04 to 2024-09-23 00:00:00+00:00, run_after=2024-09-24 00:00:00+00:00
[2024-09-23T22:21:55.242+0000] {processor.py:208} INFO - Processing /opt/airflow/dags/dag_with_postgres_operator.py took 0.319 seconds
[2024-09-23T22:22:26.178+0000] {processor.py:186} INFO - Started process (PID=12106) to work on /opt/airflow/dags/dag_with_postgres_operator.py
[2024-09-23T22:22:26.180+0000] {processor.py:914} INFO - Processing file /opt/airflow/dags/dag_with_postgres_operator.py for tasks to queue
[2024-09-23T22:22:26.183+0000] {logging_mixin.py:190} INFO - [2024-09-23T22:22:26.182+0000] {dagbag.py:587} INFO - Filling up the DagBag from /opt/airflow/dags/dag_with_postgres_operator.py
[2024-09-23T22:22:26.281+0000] {processor.py:925} INFO - DAG(s) 'dag_with_postgres_operator_v04' retrieved from /opt/airflow/dags/dag_with_postgres_operator.py
[2024-09-23T22:22:26.312+0000] {logging_mixin.py:190} INFO - [2024-09-23T22:22:26.312+0000] {dag.py:3229} INFO - Sync 1 DAGs
[2024-09-23T22:22:26.335+0000] {logging_mixin.py:190} INFO - [2024-09-23T22:22:26.335+0000] {dag.py:4156} INFO - Setting next_dagrun for dag_with_postgres_operator_v04 to 2024-09-23 00:00:00+00:00, run_after=2024-09-24 00:00:00+00:00
[2024-09-23T22:22:26.357+0000] {processor.py:208} INFO - Processing /opt/airflow/dags/dag_with_postgres_operator.py took 0.191 seconds
[2024-09-23T22:22:56.946+0000] {processor.py:186} INFO - Started process (PID=12139) to work on /opt/airflow/dags/dag_with_postgres_operator.py
[2024-09-23T22:22:56.948+0000] {processor.py:914} INFO - Processing file /opt/airflow/dags/dag_with_postgres_operator.py for tasks to queue
[2024-09-23T22:22:56.949+0000] {logging_mixin.py:190} INFO - [2024-09-23T22:22:56.949+0000] {dagbag.py:587} INFO - Filling up the DagBag from /opt/airflow/dags/dag_with_postgres_operator.py
[2024-09-23T22:22:57.019+0000] {processor.py:925} INFO - DAG(s) 'dag_with_postgres_operator_v04' retrieved from /opt/airflow/dags/dag_with_postgres_operator.py
[2024-09-23T22:22:57.060+0000] {logging_mixin.py:190} INFO - [2024-09-23T22:22:57.059+0000] {dag.py:3229} INFO - Sync 1 DAGs
[2024-09-23T22:22:57.092+0000] {logging_mixin.py:190} INFO - [2024-09-23T22:22:57.092+0000] {dag.py:4156} INFO - Setting next_dagrun for dag_with_postgres_operator_v04 to 2024-09-23 00:00:00+00:00, run_after=2024-09-24 00:00:00+00:00
[2024-09-23T22:22:57.117+0000] {processor.py:208} INFO - Processing /opt/airflow/dags/dag_with_postgres_operator.py took 0.178 seconds
[2024-09-23T22:23:27.444+0000] {processor.py:186} INFO - Started process (PID=12172) to work on /opt/airflow/dags/dag_with_postgres_operator.py
[2024-09-23T22:23:27.446+0000] {processor.py:914} INFO - Processing file /opt/airflow/dags/dag_with_postgres_operator.py for tasks to queue
[2024-09-23T22:23:27.448+0000] {logging_mixin.py:190} INFO - [2024-09-23T22:23:27.448+0000] {dagbag.py:587} INFO - Filling up the DagBag from /opt/airflow/dags/dag_with_postgres_operator.py
[2024-09-23T22:23:27.557+0000] {processor.py:925} INFO - DAG(s) 'dag_with_postgres_operator_v04' retrieved from /opt/airflow/dags/dag_with_postgres_operator.py
[2024-09-23T22:23:27.600+0000] {logging_mixin.py:190} INFO - [2024-09-23T22:23:27.600+0000] {dag.py:3229} INFO - Sync 1 DAGs
[2024-09-23T22:23:27.634+0000] {logging_mixin.py:190} INFO - [2024-09-23T22:23:27.634+0000] {dag.py:4156} INFO - Setting next_dagrun for dag_with_postgres_operator_v04 to 2024-09-23 00:00:00+00:00, run_after=2024-09-24 00:00:00+00:00
[2024-09-23T22:23:27.661+0000] {processor.py:208} INFO - Processing /opt/airflow/dags/dag_with_postgres_operator.py took 0.223 seconds
[2024-09-23T22:23:58.478+0000] {processor.py:186} INFO - Started process (PID=12205) to work on /opt/airflow/dags/dag_with_postgres_operator.py
[2024-09-23T22:23:58.480+0000] {processor.py:914} INFO - Processing file /opt/airflow/dags/dag_with_postgres_operator.py for tasks to queue
[2024-09-23T22:23:58.483+0000] {logging_mixin.py:190} INFO - [2024-09-23T22:23:58.483+0000] {dagbag.py:587} INFO - Filling up the DagBag from /opt/airflow/dags/dag_with_postgres_operator.py
[2024-09-23T22:23:58.565+0000] {processor.py:925} INFO - DAG(s) 'dag_with_postgres_operator_v04' retrieved from /opt/airflow/dags/dag_with_postgres_operator.py
[2024-09-23T22:23:58.610+0000] {logging_mixin.py:190} INFO - [2024-09-23T22:23:58.610+0000] {dag.py:3229} INFO - Sync 1 DAGs
[2024-09-23T22:23:58.652+0000] {logging_mixin.py:190} INFO - [2024-09-23T22:23:58.651+0000] {dag.py:4156} INFO - Setting next_dagrun for dag_with_postgres_operator_v04 to 2024-09-23 00:00:00+00:00, run_after=2024-09-24 00:00:00+00:00
[2024-09-23T22:23:58.703+0000] {processor.py:208} INFO - Processing /opt/airflow/dags/dag_with_postgres_operator.py took 0.232 seconds
[2024-09-23T22:24:29.436+0000] {processor.py:186} INFO - Started process (PID=12238) to work on /opt/airflow/dags/dag_with_postgres_operator.py
[2024-09-23T22:24:29.438+0000] {processor.py:914} INFO - Processing file /opt/airflow/dags/dag_with_postgres_operator.py for tasks to queue
[2024-09-23T22:24:29.441+0000] {logging_mixin.py:190} INFO - [2024-09-23T22:24:29.440+0000] {dagbag.py:587} INFO - Filling up the DagBag from /opt/airflow/dags/dag_with_postgres_operator.py
[2024-09-23T22:24:29.523+0000] {processor.py:925} INFO - DAG(s) 'dag_with_postgres_operator_v04' retrieved from /opt/airflow/dags/dag_with_postgres_operator.py
[2024-09-23T22:24:29.555+0000] {logging_mixin.py:190} INFO - [2024-09-23T22:24:29.555+0000] {dag.py:3229} INFO - Sync 1 DAGs
[2024-09-23T22:24:29.578+0000] {logging_mixin.py:190} INFO - [2024-09-23T22:24:29.578+0000] {dag.py:4156} INFO - Setting next_dagrun for dag_with_postgres_operator_v04 to 2024-09-23 00:00:00+00:00, run_after=2024-09-24 00:00:00+00:00
[2024-09-23T22:24:29.603+0000] {processor.py:208} INFO - Processing /opt/airflow/dags/dag_with_postgres_operator.py took 0.174 seconds
[2024-09-23T22:25:00.274+0000] {processor.py:186} INFO - Started process (PID=12271) to work on /opt/airflow/dags/dag_with_postgres_operator.py
[2024-09-23T22:25:00.276+0000] {processor.py:914} INFO - Processing file /opt/airflow/dags/dag_with_postgres_operator.py for tasks to queue
[2024-09-23T22:25:00.279+0000] {logging_mixin.py:190} INFO - [2024-09-23T22:25:00.278+0000] {dagbag.py:587} INFO - Filling up the DagBag from /opt/airflow/dags/dag_with_postgres_operator.py
[2024-09-23T22:25:00.354+0000] {processor.py:925} INFO - DAG(s) 'dag_with_postgres_operator_v04' retrieved from /opt/airflow/dags/dag_with_postgres_operator.py
[2024-09-23T22:25:00.387+0000] {logging_mixin.py:190} INFO - [2024-09-23T22:25:00.387+0000] {dag.py:3229} INFO - Sync 1 DAGs
[2024-09-23T22:25:00.419+0000] {logging_mixin.py:190} INFO - [2024-09-23T22:25:00.418+0000] {dag.py:4156} INFO - Setting next_dagrun for dag_with_postgres_operator_v04 to 2024-09-23 00:00:00+00:00, run_after=2024-09-24 00:00:00+00:00
[2024-09-23T22:25:00.447+0000] {processor.py:208} INFO - Processing /opt/airflow/dags/dag_with_postgres_operator.py took 0.181 seconds
[2024-09-23T22:25:30.956+0000] {processor.py:186} INFO - Started process (PID=12304) to work on /opt/airflow/dags/dag_with_postgres_operator.py
[2024-09-23T22:25:30.957+0000] {processor.py:914} INFO - Processing file /opt/airflow/dags/dag_with_postgres_operator.py for tasks to queue
[2024-09-23T22:25:30.960+0000] {logging_mixin.py:190} INFO - [2024-09-23T22:25:30.959+0000] {dagbag.py:587} INFO - Filling up the DagBag from /opt/airflow/dags/dag_with_postgres_operator.py
[2024-09-23T22:25:31.077+0000] {processor.py:925} INFO - DAG(s) 'dag_with_postgres_operator_v04' retrieved from /opt/airflow/dags/dag_with_postgres_operator.py
[2024-09-23T22:25:31.106+0000] {logging_mixin.py:190} INFO - [2024-09-23T22:25:31.105+0000] {dag.py:3229} INFO - Sync 1 DAGs
[2024-09-23T22:25:31.129+0000] {logging_mixin.py:190} INFO - [2024-09-23T22:25:31.129+0000] {dag.py:4156} INFO - Setting next_dagrun for dag_with_postgres_operator_v04 to 2024-09-23 00:00:00+00:00, run_after=2024-09-24 00:00:00+00:00
[2024-09-23T22:25:31.157+0000] {processor.py:208} INFO - Processing /opt/airflow/dags/dag_with_postgres_operator.py took 0.215 seconds
[2024-09-23T22:26:01.577+0000] {processor.py:186} INFO - Started process (PID=12337) to work on /opt/airflow/dags/dag_with_postgres_operator.py
[2024-09-23T22:26:01.578+0000] {processor.py:914} INFO - Processing file /opt/airflow/dags/dag_with_postgres_operator.py for tasks to queue
[2024-09-23T22:26:01.580+0000] {logging_mixin.py:190} INFO - [2024-09-23T22:26:01.580+0000] {dagbag.py:587} INFO - Filling up the DagBag from /opt/airflow/dags/dag_with_postgres_operator.py
[2024-09-23T22:26:01.656+0000] {processor.py:925} INFO - DAG(s) 'dag_with_postgres_operator_v04' retrieved from /opt/airflow/dags/dag_with_postgres_operator.py
[2024-09-23T22:26:01.698+0000] {logging_mixin.py:190} INFO - [2024-09-23T22:26:01.698+0000] {dag.py:3229} INFO - Sync 1 DAGs
[2024-09-23T22:26:01.723+0000] {logging_mixin.py:190} INFO - [2024-09-23T22:26:01.722+0000] {dag.py:4156} INFO - Setting next_dagrun for dag_with_postgres_operator_v04 to 2024-09-23 00:00:00+00:00, run_after=2024-09-24 00:00:00+00:00
[2024-09-23T22:26:01.751+0000] {processor.py:208} INFO - Processing /opt/airflow/dags/dag_with_postgres_operator.py took 0.180 seconds
[2024-09-23T22:26:32.269+0000] {processor.py:186} INFO - Started process (PID=12370) to work on /opt/airflow/dags/dag_with_postgres_operator.py
[2024-09-23T22:26:32.271+0000] {processor.py:914} INFO - Processing file /opt/airflow/dags/dag_with_postgres_operator.py for tasks to queue
[2024-09-23T22:26:32.273+0000] {logging_mixin.py:190} INFO - [2024-09-23T22:26:32.272+0000] {dagbag.py:587} INFO - Filling up the DagBag from /opt/airflow/dags/dag_with_postgres_operator.py
[2024-09-23T22:26:32.389+0000] {processor.py:925} INFO - DAG(s) 'dag_with_postgres_operator_v04' retrieved from /opt/airflow/dags/dag_with_postgres_operator.py
[2024-09-23T22:26:32.446+0000] {logging_mixin.py:190} INFO - [2024-09-23T22:26:32.445+0000] {dag.py:3229} INFO - Sync 1 DAGs
[2024-09-23T22:26:32.484+0000] {logging_mixin.py:190} INFO - [2024-09-23T22:26:32.484+0000] {dag.py:4156} INFO - Setting next_dagrun for dag_with_postgres_operator_v04 to 2024-09-23 00:00:00+00:00, run_after=2024-09-24 00:00:00+00:00
[2024-09-23T22:26:32.518+0000] {processor.py:208} INFO - Processing /opt/airflow/dags/dag_with_postgres_operator.py took 0.257 seconds
[2024-09-23T22:27:03.099+0000] {processor.py:186} INFO - Started process (PID=12403) to work on /opt/airflow/dags/dag_with_postgres_operator.py
[2024-09-23T22:27:03.103+0000] {processor.py:914} INFO - Processing file /opt/airflow/dags/dag_with_postgres_operator.py for tasks to queue
[2024-09-23T22:27:03.112+0000] {logging_mixin.py:190} INFO - [2024-09-23T22:27:03.110+0000] {dagbag.py:587} INFO - Filling up the DagBag from /opt/airflow/dags/dag_with_postgres_operator.py
[2024-09-23T22:27:03.232+0000] {processor.py:925} INFO - DAG(s) 'dag_with_postgres_operator_v04' retrieved from /opt/airflow/dags/dag_with_postgres_operator.py
[2024-09-23T22:27:03.290+0000] {logging_mixin.py:190} INFO - [2024-09-23T22:27:03.289+0000] {dag.py:3229} INFO - Sync 1 DAGs
[2024-09-23T22:27:03.333+0000] {logging_mixin.py:190} INFO - [2024-09-23T22:27:03.333+0000] {dag.py:4156} INFO - Setting next_dagrun for dag_with_postgres_operator_v04 to 2024-09-23 00:00:00+00:00, run_after=2024-09-24 00:00:00+00:00
[2024-09-23T22:27:03.375+0000] {processor.py:208} INFO - Processing /opt/airflow/dags/dag_with_postgres_operator.py took 0.300 seconds
[2024-09-23T22:27:34.005+0000] {processor.py:186} INFO - Started process (PID=12436) to work on /opt/airflow/dags/dag_with_postgres_operator.py
[2024-09-23T22:27:34.006+0000] {processor.py:914} INFO - Processing file /opt/airflow/dags/dag_with_postgres_operator.py for tasks to queue
[2024-09-23T22:27:34.008+0000] {logging_mixin.py:190} INFO - [2024-09-23T22:27:34.008+0000] {dagbag.py:587} INFO - Filling up the DagBag from /opt/airflow/dags/dag_with_postgres_operator.py
[2024-09-23T22:27:34.069+0000] {processor.py:925} INFO - DAG(s) 'dag_with_postgres_operator_v04' retrieved from /opt/airflow/dags/dag_with_postgres_operator.py
[2024-09-23T22:27:34.103+0000] {logging_mixin.py:190} INFO - [2024-09-23T22:27:34.103+0000] {dag.py:3229} INFO - Sync 1 DAGs
[2024-09-23T22:27:34.135+0000] {logging_mixin.py:190} INFO - [2024-09-23T22:27:34.134+0000] {dag.py:4156} INFO - Setting next_dagrun for dag_with_postgres_operator_v04 to 2024-09-23 00:00:00+00:00, run_after=2024-09-24 00:00:00+00:00
[2024-09-23T22:27:34.169+0000] {processor.py:208} INFO - Processing /opt/airflow/dags/dag_with_postgres_operator.py took 0.174 seconds
[2024-09-23T22:28:05.116+0000] {processor.py:186} INFO - Started process (PID=12469) to work on /opt/airflow/dags/dag_with_postgres_operator.py
[2024-09-23T22:28:05.118+0000] {processor.py:914} INFO - Processing file /opt/airflow/dags/dag_with_postgres_operator.py for tasks to queue
[2024-09-23T22:28:05.120+0000] {logging_mixin.py:190} INFO - [2024-09-23T22:28:05.120+0000] {dagbag.py:587} INFO - Filling up the DagBag from /opt/airflow/dags/dag_with_postgres_operator.py
[2024-09-23T22:28:05.192+0000] {processor.py:925} INFO - DAG(s) 'dag_with_postgres_operator_v04' retrieved from /opt/airflow/dags/dag_with_postgres_operator.py
[2024-09-23T22:28:05.232+0000] {logging_mixin.py:190} INFO - [2024-09-23T22:28:05.232+0000] {dag.py:3229} INFO - Sync 1 DAGs
[2024-09-23T22:28:05.275+0000] {logging_mixin.py:190} INFO - [2024-09-23T22:28:05.273+0000] {dag.py:4156} INFO - Setting next_dagrun for dag_with_postgres_operator_v04 to 2024-09-23 00:00:00+00:00, run_after=2024-09-24 00:00:00+00:00
[2024-09-23T22:28:05.308+0000] {processor.py:208} INFO - Processing /opt/airflow/dags/dag_with_postgres_operator.py took 0.199 seconds
[2024-09-23T22:28:36.259+0000] {processor.py:186} INFO - Started process (PID=12502) to work on /opt/airflow/dags/dag_with_postgres_operator.py
[2024-09-23T22:28:36.261+0000] {processor.py:914} INFO - Processing file /opt/airflow/dags/dag_with_postgres_operator.py for tasks to queue
[2024-09-23T22:28:36.263+0000] {logging_mixin.py:190} INFO - [2024-09-23T22:28:36.262+0000] {dagbag.py:587} INFO - Filling up the DagBag from /opt/airflow/dags/dag_with_postgres_operator.py
[2024-09-23T22:28:36.346+0000] {processor.py:925} INFO - DAG(s) 'dag_with_postgres_operator_v04' retrieved from /opt/airflow/dags/dag_with_postgres_operator.py
[2024-09-23T22:28:36.378+0000] {logging_mixin.py:190} INFO - [2024-09-23T22:28:36.377+0000] {dag.py:3229} INFO - Sync 1 DAGs
[2024-09-23T22:28:36.404+0000] {logging_mixin.py:190} INFO - [2024-09-23T22:28:36.404+0000] {dag.py:4156} INFO - Setting next_dagrun for dag_with_postgres_operator_v04 to 2024-09-23 00:00:00+00:00, run_after=2024-09-24 00:00:00+00:00
[2024-09-23T22:28:36.428+0000] {processor.py:208} INFO - Processing /opt/airflow/dags/dag_with_postgres_operator.py took 0.177 seconds
[2024-09-23T22:29:07.041+0000] {processor.py:186} INFO - Started process (PID=12535) to work on /opt/airflow/dags/dag_with_postgres_operator.py
[2024-09-23T22:29:07.043+0000] {processor.py:914} INFO - Processing file /opt/airflow/dags/dag_with_postgres_operator.py for tasks to queue
[2024-09-23T22:29:07.045+0000] {logging_mixin.py:190} INFO - [2024-09-23T22:29:07.045+0000] {dagbag.py:587} INFO - Filling up the DagBag from /opt/airflow/dags/dag_with_postgres_operator.py
[2024-09-23T22:29:07.154+0000] {processor.py:925} INFO - DAG(s) 'dag_with_postgres_operator_v04' retrieved from /opt/airflow/dags/dag_with_postgres_operator.py
[2024-09-23T22:29:07.181+0000] {logging_mixin.py:190} INFO - [2024-09-23T22:29:07.181+0000] {dag.py:3229} INFO - Sync 1 DAGs
[2024-09-23T22:29:07.210+0000] {logging_mixin.py:190} INFO - [2024-09-23T22:29:07.210+0000] {dag.py:4156} INFO - Setting next_dagrun for dag_with_postgres_operator_v04 to 2024-09-23 00:00:00+00:00, run_after=2024-09-24 00:00:00+00:00
[2024-09-23T22:29:07.240+0000] {processor.py:208} INFO - Processing /opt/airflow/dags/dag_with_postgres_operator.py took 0.205 seconds
[2024-09-23T22:29:37.450+0000] {processor.py:186} INFO - Started process (PID=12568) to work on /opt/airflow/dags/dag_with_postgres_operator.py
[2024-09-23T22:29:37.452+0000] {processor.py:914} INFO - Processing file /opt/airflow/dags/dag_with_postgres_operator.py for tasks to queue
[2024-09-23T22:29:37.456+0000] {logging_mixin.py:190} INFO - [2024-09-23T22:29:37.456+0000] {dagbag.py:587} INFO - Filling up the DagBag from /opt/airflow/dags/dag_with_postgres_operator.py
[2024-09-23T22:29:37.555+0000] {processor.py:925} INFO - DAG(s) 'dag_with_postgres_operator_v04' retrieved from /opt/airflow/dags/dag_with_postgres_operator.py
[2024-09-23T22:29:37.597+0000] {logging_mixin.py:190} INFO - [2024-09-23T22:29:37.596+0000] {dag.py:3229} INFO - Sync 1 DAGs
[2024-09-23T22:29:37.623+0000] {logging_mixin.py:190} INFO - [2024-09-23T22:29:37.622+0000] {dag.py:4156} INFO - Setting next_dagrun for dag_with_postgres_operator_v04 to 2024-09-23 00:00:00+00:00, run_after=2024-09-24 00:00:00+00:00
[2024-09-23T22:29:37.645+0000] {processor.py:208} INFO - Processing /opt/airflow/dags/dag_with_postgres_operator.py took 0.204 seconds
[2024-09-23T22:30:08.720+0000] {processor.py:186} INFO - Started process (PID=12601) to work on /opt/airflow/dags/dag_with_postgres_operator.py
[2024-09-23T22:30:08.724+0000] {processor.py:914} INFO - Processing file /opt/airflow/dags/dag_with_postgres_operator.py for tasks to queue
[2024-09-23T22:30:08.729+0000] {logging_mixin.py:190} INFO - [2024-09-23T22:30:08.728+0000] {dagbag.py:587} INFO - Filling up the DagBag from /opt/airflow/dags/dag_with_postgres_operator.py
[2024-09-23T22:30:08.822+0000] {processor.py:925} INFO - DAG(s) 'dag_with_postgres_operator_v04' retrieved from /opt/airflow/dags/dag_with_postgres_operator.py
[2024-09-23T22:30:08.851+0000] {logging_mixin.py:190} INFO - [2024-09-23T22:30:08.851+0000] {dag.py:3229} INFO - Sync 1 DAGs
[2024-09-23T22:30:08.877+0000] {logging_mixin.py:190} INFO - [2024-09-23T22:30:08.876+0000] {dag.py:4156} INFO - Setting next_dagrun for dag_with_postgres_operator_v04 to 2024-09-23 00:00:00+00:00, run_after=2024-09-24 00:00:00+00:00
[2024-09-23T22:30:08.905+0000] {processor.py:208} INFO - Processing /opt/airflow/dags/dag_with_postgres_operator.py took 0.205 seconds
[2024-09-23T22:30:39.537+0000] {processor.py:186} INFO - Started process (PID=12634) to work on /opt/airflow/dags/dag_with_postgres_operator.py
[2024-09-23T22:30:39.541+0000] {processor.py:914} INFO - Processing file /opt/airflow/dags/dag_with_postgres_operator.py for tasks to queue
[2024-09-23T22:30:39.544+0000] {logging_mixin.py:190} INFO - [2024-09-23T22:30:39.543+0000] {dagbag.py:587} INFO - Filling up the DagBag from /opt/airflow/dags/dag_with_postgres_operator.py
[2024-09-23T22:30:39.655+0000] {processor.py:925} INFO - DAG(s) 'dag_with_postgres_operator_v04' retrieved from /opt/airflow/dags/dag_with_postgres_operator.py
[2024-09-23T22:30:39.686+0000] {logging_mixin.py:190} INFO - [2024-09-23T22:30:39.685+0000] {dag.py:3229} INFO - Sync 1 DAGs
[2024-09-23T22:30:39.710+0000] {logging_mixin.py:190} INFO - [2024-09-23T22:30:39.710+0000] {dag.py:4156} INFO - Setting next_dagrun for dag_with_postgres_operator_v04 to 2024-09-23 00:00:00+00:00, run_after=2024-09-24 00:00:00+00:00
[2024-09-23T22:30:39.747+0000] {processor.py:208} INFO - Processing /opt/airflow/dags/dag_with_postgres_operator.py took 0.225 seconds
[2024-09-23T22:31:10.431+0000] {processor.py:186} INFO - Started process (PID=12667) to work on /opt/airflow/dags/dag_with_postgres_operator.py
[2024-09-23T22:31:10.434+0000] {processor.py:914} INFO - Processing file /opt/airflow/dags/dag_with_postgres_operator.py for tasks to queue
[2024-09-23T22:31:10.437+0000] {logging_mixin.py:190} INFO - [2024-09-23T22:31:10.436+0000] {dagbag.py:587} INFO - Filling up the DagBag from /opt/airflow/dags/dag_with_postgres_operator.py
[2024-09-23T22:31:10.533+0000] {processor.py:925} INFO - DAG(s) 'dag_with_postgres_operator_v04' retrieved from /opt/airflow/dags/dag_with_postgres_operator.py
[2024-09-23T22:31:10.566+0000] {logging_mixin.py:190} INFO - [2024-09-23T22:31:10.565+0000] {dag.py:3229} INFO - Sync 1 DAGs
[2024-09-23T22:31:10.596+0000] {logging_mixin.py:190} INFO - [2024-09-23T22:31:10.596+0000] {dag.py:4156} INFO - Setting next_dagrun for dag_with_postgres_operator_v04 to 2024-09-23 00:00:00+00:00, run_after=2024-09-24 00:00:00+00:00
[2024-09-23T22:31:10.623+0000] {processor.py:208} INFO - Processing /opt/airflow/dags/dag_with_postgres_operator.py took 0.209 seconds
[2024-09-23T22:31:40.885+0000] {processor.py:186} INFO - Started process (PID=12700) to work on /opt/airflow/dags/dag_with_postgres_operator.py
[2024-09-23T22:31:40.887+0000] {processor.py:914} INFO - Processing file /opt/airflow/dags/dag_with_postgres_operator.py for tasks to queue
[2024-09-23T22:31:40.889+0000] {logging_mixin.py:190} INFO - [2024-09-23T22:31:40.889+0000] {dagbag.py:587} INFO - Filling up the DagBag from /opt/airflow/dags/dag_with_postgres_operator.py
[2024-09-23T22:31:40.972+0000] {processor.py:925} INFO - DAG(s) 'dag_with_postgres_operator_v04' retrieved from /opt/airflow/dags/dag_with_postgres_operator.py
[2024-09-23T22:31:40.996+0000] {logging_mixin.py:190} INFO - [2024-09-23T22:31:40.996+0000] {dag.py:3229} INFO - Sync 1 DAGs
[2024-09-23T22:31:41.020+0000] {logging_mixin.py:190} INFO - [2024-09-23T22:31:41.020+0000] {dag.py:4156} INFO - Setting next_dagrun for dag_with_postgres_operator_v04 to 2024-09-23 00:00:00+00:00, run_after=2024-09-24 00:00:00+00:00
[2024-09-23T22:31:41.055+0000] {processor.py:208} INFO - Processing /opt/airflow/dags/dag_with_postgres_operator.py took 0.179 seconds
[2024-09-23T22:32:11.620+0000] {processor.py:186} INFO - Started process (PID=12733) to work on /opt/airflow/dags/dag_with_postgres_operator.py
[2024-09-23T22:32:11.622+0000] {processor.py:914} INFO - Processing file /opt/airflow/dags/dag_with_postgres_operator.py for tasks to queue
[2024-09-23T22:32:11.625+0000] {logging_mixin.py:190} INFO - [2024-09-23T22:32:11.625+0000] {dagbag.py:587} INFO - Filling up the DagBag from /opt/airflow/dags/dag_with_postgres_operator.py
[2024-09-23T22:32:11.730+0000] {processor.py:925} INFO - DAG(s) 'dag_with_postgres_operator_v04' retrieved from /opt/airflow/dags/dag_with_postgres_operator.py
[2024-09-23T22:32:11.773+0000] {logging_mixin.py:190} INFO - [2024-09-23T22:32:11.772+0000] {dag.py:3229} INFO - Sync 1 DAGs
[2024-09-23T22:32:11.803+0000] {logging_mixin.py:190} INFO - [2024-09-23T22:32:11.803+0000] {dag.py:4156} INFO - Setting next_dagrun for dag_with_postgres_operator_v04 to 2024-09-23 00:00:00+00:00, run_after=2024-09-24 00:00:00+00:00
[2024-09-23T22:32:11.843+0000] {processor.py:208} INFO - Processing /opt/airflow/dags/dag_with_postgres_operator.py took 0.234 seconds
[2024-09-23T22:32:42.314+0000] {processor.py:186} INFO - Started process (PID=12766) to work on /opt/airflow/dags/dag_with_postgres_operator.py
[2024-09-23T22:32:42.316+0000] {processor.py:914} INFO - Processing file /opt/airflow/dags/dag_with_postgres_operator.py for tasks to queue
[2024-09-23T22:32:42.318+0000] {logging_mixin.py:190} INFO - [2024-09-23T22:32:42.318+0000] {dagbag.py:587} INFO - Filling up the DagBag from /opt/airflow/dags/dag_with_postgres_operator.py
[2024-09-23T22:32:42.399+0000] {processor.py:925} INFO - DAG(s) 'dag_with_postgres_operator_v04' retrieved from /opt/airflow/dags/dag_with_postgres_operator.py
[2024-09-23T22:32:42.430+0000] {logging_mixin.py:190} INFO - [2024-09-23T22:32:42.429+0000] {dag.py:3229} INFO - Sync 1 DAGs
[2024-09-23T22:32:42.453+0000] {logging_mixin.py:190} INFO - [2024-09-23T22:32:42.453+0000] {dag.py:4156} INFO - Setting next_dagrun for dag_with_postgres_operator_v04 to 2024-09-23 00:00:00+00:00, run_after=2024-09-24 00:00:00+00:00
[2024-09-23T22:32:42.479+0000] {processor.py:208} INFO - Processing /opt/airflow/dags/dag_with_postgres_operator.py took 0.175 seconds
[2024-09-23T22:33:12.920+0000] {processor.py:186} INFO - Started process (PID=12799) to work on /opt/airflow/dags/dag_with_postgres_operator.py
[2024-09-23T22:33:12.922+0000] {processor.py:914} INFO - Processing file /opt/airflow/dags/dag_with_postgres_operator.py for tasks to queue
[2024-09-23T22:33:12.924+0000] {logging_mixin.py:190} INFO - [2024-09-23T22:33:12.923+0000] {dagbag.py:587} INFO - Filling up the DagBag from /opt/airflow/dags/dag_with_postgres_operator.py
[2024-09-23T22:33:13.035+0000] {processor.py:925} INFO - DAG(s) 'dag_with_postgres_operator_v04' retrieved from /opt/airflow/dags/dag_with_postgres_operator.py
[2024-09-23T22:33:13.070+0000] {logging_mixin.py:190} INFO - [2024-09-23T22:33:13.069+0000] {dag.py:3229} INFO - Sync 1 DAGs
[2024-09-23T22:33:13.098+0000] {logging_mixin.py:190} INFO - [2024-09-23T22:33:13.098+0000] {dag.py:4156} INFO - Setting next_dagrun for dag_with_postgres_operator_v04 to 2024-09-23 00:00:00+00:00, run_after=2024-09-24 00:00:00+00:00
[2024-09-23T22:33:13.126+0000] {processor.py:208} INFO - Processing /opt/airflow/dags/dag_with_postgres_operator.py took 0.212 seconds
[2024-09-23T22:33:43.792+0000] {processor.py:186} INFO - Started process (PID=12832) to work on /opt/airflow/dags/dag_with_postgres_operator.py
[2024-09-23T22:33:43.795+0000] {processor.py:914} INFO - Processing file /opt/airflow/dags/dag_with_postgres_operator.py for tasks to queue
[2024-09-23T22:33:43.798+0000] {logging_mixin.py:190} INFO - [2024-09-23T22:33:43.797+0000] {dagbag.py:587} INFO - Filling up the DagBag from /opt/airflow/dags/dag_with_postgres_operator.py
[2024-09-23T22:33:43.913+0000] {processor.py:925} INFO - DAG(s) 'dag_with_postgres_operator_v04' retrieved from /opt/airflow/dags/dag_with_postgres_operator.py
[2024-09-23T22:33:43.965+0000] {logging_mixin.py:190} INFO - [2024-09-23T22:33:43.964+0000] {dag.py:3229} INFO - Sync 1 DAGs
[2024-09-23T22:33:44.015+0000] {logging_mixin.py:190} INFO - [2024-09-23T22:33:44.014+0000] {dag.py:4156} INFO - Setting next_dagrun for dag_with_postgres_operator_v04 to 2024-09-23 00:00:00+00:00, run_after=2024-09-24 00:00:00+00:00
[2024-09-23T22:33:44.066+0000] {processor.py:208} INFO - Processing /opt/airflow/dags/dag_with_postgres_operator.py took 0.285 seconds
[2024-09-23T22:34:14.488+0000] {processor.py:186} INFO - Started process (PID=12865) to work on /opt/airflow/dags/dag_with_postgres_operator.py
[2024-09-23T22:34:14.490+0000] {processor.py:914} INFO - Processing file /opt/airflow/dags/dag_with_postgres_operator.py for tasks to queue
[2024-09-23T22:34:14.493+0000] {logging_mixin.py:190} INFO - [2024-09-23T22:34:14.492+0000] {dagbag.py:587} INFO - Filling up the DagBag from /opt/airflow/dags/dag_with_postgres_operator.py
[2024-09-23T22:34:14.606+0000] {processor.py:925} INFO - DAG(s) 'dag_with_postgres_operator_v04' retrieved from /opt/airflow/dags/dag_with_postgres_operator.py
[2024-09-23T22:34:14.639+0000] {logging_mixin.py:190} INFO - [2024-09-23T22:34:14.639+0000] {dag.py:3229} INFO - Sync 1 DAGs
[2024-09-23T22:34:14.664+0000] {logging_mixin.py:190} INFO - [2024-09-23T22:34:14.664+0000] {dag.py:4156} INFO - Setting next_dagrun for dag_with_postgres_operator_v04 to 2024-09-23 00:00:00+00:00, run_after=2024-09-24 00:00:00+00:00
[2024-09-23T22:34:14.691+0000] {processor.py:208} INFO - Processing /opt/airflow/dags/dag_with_postgres_operator.py took 0.211 seconds
[2024-09-23T22:34:45.066+0000] {processor.py:186} INFO - Started process (PID=12898) to work on /opt/airflow/dags/dag_with_postgres_operator.py
[2024-09-23T22:34:45.068+0000] {processor.py:914} INFO - Processing file /opt/airflow/dags/dag_with_postgres_operator.py for tasks to queue
[2024-09-23T22:34:45.070+0000] {logging_mixin.py:190} INFO - [2024-09-23T22:34:45.069+0000] {dagbag.py:587} INFO - Filling up the DagBag from /opt/airflow/dags/dag_with_postgres_operator.py
[2024-09-23T22:34:45.145+0000] {processor.py:925} INFO - DAG(s) 'dag_with_postgres_operator_v04' retrieved from /opt/airflow/dags/dag_with_postgres_operator.py
[2024-09-23T22:34:45.175+0000] {logging_mixin.py:190} INFO - [2024-09-23T22:34:45.175+0000] {dag.py:3229} INFO - Sync 1 DAGs
[2024-09-23T22:34:45.198+0000] {logging_mixin.py:190} INFO - [2024-09-23T22:34:45.197+0000] {dag.py:4156} INFO - Setting next_dagrun for dag_with_postgres_operator_v04 to 2024-09-23 00:00:00+00:00, run_after=2024-09-24 00:00:00+00:00
[2024-09-23T22:34:45.227+0000] {processor.py:208} INFO - Processing /opt/airflow/dags/dag_with_postgres_operator.py took 0.169 seconds
[2024-09-23T22:35:15.822+0000] {processor.py:186} INFO - Started process (PID=12931) to work on /opt/airflow/dags/dag_with_postgres_operator.py
[2024-09-23T22:35:15.825+0000] {processor.py:914} INFO - Processing file /opt/airflow/dags/dag_with_postgres_operator.py for tasks to queue
[2024-09-23T22:35:15.828+0000] {logging_mixin.py:190} INFO - [2024-09-23T22:35:15.828+0000] {dagbag.py:587} INFO - Filling up the DagBag from /opt/airflow/dags/dag_with_postgres_operator.py
[2024-09-23T22:35:15.926+0000] {processor.py:925} INFO - DAG(s) 'dag_with_postgres_operator_v04' retrieved from /opt/airflow/dags/dag_with_postgres_operator.py
[2024-09-23T22:35:15.952+0000] {logging_mixin.py:190} INFO - [2024-09-23T22:35:15.952+0000] {dag.py:3229} INFO - Sync 1 DAGs
[2024-09-23T22:35:15.974+0000] {logging_mixin.py:190} INFO - [2024-09-23T22:35:15.974+0000] {dag.py:4156} INFO - Setting next_dagrun for dag_with_postgres_operator_v04 to 2024-09-23 00:00:00+00:00, run_after=2024-09-24 00:00:00+00:00
[2024-09-23T22:35:16.000+0000] {processor.py:208} INFO - Processing /opt/airflow/dags/dag_with_postgres_operator.py took 0.186 seconds
[2024-09-23T22:35:46.567+0000] {processor.py:186} INFO - Started process (PID=12964) to work on /opt/airflow/dags/dag_with_postgres_operator.py
[2024-09-23T22:35:46.570+0000] {processor.py:914} INFO - Processing file /opt/airflow/dags/dag_with_postgres_operator.py for tasks to queue
[2024-09-23T22:35:46.574+0000] {logging_mixin.py:190} INFO - [2024-09-23T22:35:46.573+0000] {dagbag.py:587} INFO - Filling up the DagBag from /opt/airflow/dags/dag_with_postgres_operator.py
[2024-09-23T22:35:46.661+0000] {processor.py:925} INFO - DAG(s) 'dag_with_postgres_operator_v04' retrieved from /opt/airflow/dags/dag_with_postgres_operator.py
[2024-09-23T22:35:46.709+0000] {logging_mixin.py:190} INFO - [2024-09-23T22:35:46.708+0000] {dag.py:3229} INFO - Sync 1 DAGs
[2024-09-23T22:35:46.731+0000] {logging_mixin.py:190} INFO - [2024-09-23T22:35:46.731+0000] {dag.py:4156} INFO - Setting next_dagrun for dag_with_postgres_operator_v04 to 2024-09-23 00:00:00+00:00, run_after=2024-09-24 00:00:00+00:00
[2024-09-23T22:35:46.754+0000] {processor.py:208} INFO - Processing /opt/airflow/dags/dag_with_postgres_operator.py took 0.210 seconds
[2024-09-23T22:36:17.338+0000] {processor.py:186} INFO - Started process (PID=12997) to work on /opt/airflow/dags/dag_with_postgres_operator.py
[2024-09-23T22:36:17.340+0000] {processor.py:914} INFO - Processing file /opt/airflow/dags/dag_with_postgres_operator.py for tasks to queue
[2024-09-23T22:36:17.343+0000] {logging_mixin.py:190} INFO - [2024-09-23T22:36:17.342+0000] {dagbag.py:587} INFO - Filling up the DagBag from /opt/airflow/dags/dag_with_postgres_operator.py
[2024-09-23T22:36:17.403+0000] {processor.py:925} INFO - DAG(s) 'dag_with_postgres_operator_v04' retrieved from /opt/airflow/dags/dag_with_postgres_operator.py
[2024-09-23T22:36:17.440+0000] {logging_mixin.py:190} INFO - [2024-09-23T22:36:17.439+0000] {dag.py:3229} INFO - Sync 1 DAGs
[2024-09-23T22:36:17.471+0000] {logging_mixin.py:190} INFO - [2024-09-23T22:36:17.470+0000] {dag.py:4156} INFO - Setting next_dagrun for dag_with_postgres_operator_v04 to 2024-09-23 00:00:00+00:00, run_after=2024-09-24 00:00:00+00:00
[2024-09-23T22:36:17.504+0000] {processor.py:208} INFO - Processing /opt/airflow/dags/dag_with_postgres_operator.py took 0.180 seconds
[2024-09-23T22:36:48.530+0000] {processor.py:186} INFO - Started process (PID=13030) to work on /opt/airflow/dags/dag_with_postgres_operator.py
[2024-09-23T22:36:48.533+0000] {processor.py:914} INFO - Processing file /opt/airflow/dags/dag_with_postgres_operator.py for tasks to queue
[2024-09-23T22:36:48.538+0000] {logging_mixin.py:190} INFO - [2024-09-23T22:36:48.537+0000] {dagbag.py:587} INFO - Filling up the DagBag from /opt/airflow/dags/dag_with_postgres_operator.py
[2024-09-23T22:36:48.684+0000] {processor.py:925} INFO - DAG(s) 'dag_with_postgres_operator_v04' retrieved from /opt/airflow/dags/dag_with_postgres_operator.py
[2024-09-23T22:36:48.784+0000] {logging_mixin.py:190} INFO - [2024-09-23T22:36:48.783+0000] {dag.py:3229} INFO - Sync 1 DAGs
[2024-09-23T22:36:48.913+0000] {logging_mixin.py:190} INFO - [2024-09-23T22:36:48.913+0000] {dag.py:4156} INFO - Setting next_dagrun for dag_with_postgres_operator_v04 to 2024-09-23 00:00:00+00:00, run_after=2024-09-24 00:00:00+00:00
[2024-09-23T22:36:48.957+0000] {processor.py:208} INFO - Processing /opt/airflow/dags/dag_with_postgres_operator.py took 0.436 seconds
[2024-09-23T22:37:19.256+0000] {processor.py:186} INFO - Started process (PID=13063) to work on /opt/airflow/dags/dag_with_postgres_operator.py
[2024-09-23T22:37:19.258+0000] {processor.py:914} INFO - Processing file /opt/airflow/dags/dag_with_postgres_operator.py for tasks to queue
[2024-09-23T22:37:19.262+0000] {logging_mixin.py:190} INFO - [2024-09-23T22:37:19.261+0000] {dagbag.py:587} INFO - Filling up the DagBag from /opt/airflow/dags/dag_with_postgres_operator.py
[2024-09-23T22:37:19.364+0000] {processor.py:925} INFO - DAG(s) 'dag_with_postgres_operator_v04' retrieved from /opt/airflow/dags/dag_with_postgres_operator.py
[2024-09-23T22:37:19.389+0000] {logging_mixin.py:190} INFO - [2024-09-23T22:37:19.388+0000] {dag.py:3229} INFO - Sync 1 DAGs
[2024-09-23T22:37:19.409+0000] {logging_mixin.py:190} INFO - [2024-09-23T22:37:19.408+0000] {dag.py:4156} INFO - Setting next_dagrun for dag_with_postgres_operator_v04 to 2024-09-23 00:00:00+00:00, run_after=2024-09-24 00:00:00+00:00
[2024-09-23T22:37:19.437+0000] {processor.py:208} INFO - Processing /opt/airflow/dags/dag_with_postgres_operator.py took 0.189 seconds
[2024-09-23T22:37:50.364+0000] {processor.py:186} INFO - Started process (PID=13096) to work on /opt/airflow/dags/dag_with_postgres_operator.py
[2024-09-23T22:37:50.366+0000] {processor.py:914} INFO - Processing file /opt/airflow/dags/dag_with_postgres_operator.py for tasks to queue
[2024-09-23T22:37:50.368+0000] {logging_mixin.py:190} INFO - [2024-09-23T22:37:50.367+0000] {dagbag.py:587} INFO - Filling up the DagBag from /opt/airflow/dags/dag_with_postgres_operator.py
[2024-09-23T22:37:50.451+0000] {processor.py:925} INFO - DAG(s) 'dag_with_postgres_operator_v04' retrieved from /opt/airflow/dags/dag_with_postgres_operator.py
[2024-09-23T22:37:50.488+0000] {logging_mixin.py:190} INFO - [2024-09-23T22:37:50.488+0000] {dag.py:3229} INFO - Sync 1 DAGs
[2024-09-23T22:37:50.512+0000] {logging_mixin.py:190} INFO - [2024-09-23T22:37:50.511+0000] {dag.py:4156} INFO - Setting next_dagrun for dag_with_postgres_operator_v04 to 2024-09-23 00:00:00+00:00, run_after=2024-09-24 00:00:00+00:00
[2024-09-23T22:37:50.539+0000] {processor.py:208} INFO - Processing /opt/airflow/dags/dag_with_postgres_operator.py took 0.182 seconds
[2024-09-23T22:38:20.864+0000] {processor.py:186} INFO - Started process (PID=13129) to work on /opt/airflow/dags/dag_with_postgres_operator.py
[2024-09-23T22:38:20.866+0000] {processor.py:914} INFO - Processing file /opt/airflow/dags/dag_with_postgres_operator.py for tasks to queue
[2024-09-23T22:38:20.868+0000] {logging_mixin.py:190} INFO - [2024-09-23T22:38:20.868+0000] {dagbag.py:587} INFO - Filling up the DagBag from /opt/airflow/dags/dag_with_postgres_operator.py
[2024-09-23T22:38:20.969+0000] {processor.py:925} INFO - DAG(s) 'dag_with_postgres_operator_v04' retrieved from /opt/airflow/dags/dag_with_postgres_operator.py
[2024-09-23T22:38:20.999+0000] {logging_mixin.py:190} INFO - [2024-09-23T22:38:20.999+0000] {dag.py:3229} INFO - Sync 1 DAGs
[2024-09-23T22:38:21.021+0000] {logging_mixin.py:190} INFO - [2024-09-23T22:38:21.020+0000] {dag.py:4156} INFO - Setting next_dagrun for dag_with_postgres_operator_v04 to 2024-09-23 00:00:00+00:00, run_after=2024-09-24 00:00:00+00:00
[2024-09-23T22:38:21.047+0000] {processor.py:208} INFO - Processing /opt/airflow/dags/dag_with_postgres_operator.py took 0.188 seconds
[2024-09-23T22:38:51.911+0000] {processor.py:186} INFO - Started process (PID=13162) to work on /opt/airflow/dags/dag_with_postgres_operator.py
[2024-09-23T22:38:51.914+0000] {processor.py:914} INFO - Processing file /opt/airflow/dags/dag_with_postgres_operator.py for tasks to queue
[2024-09-23T22:38:51.920+0000] {logging_mixin.py:190} INFO - [2024-09-23T22:38:51.919+0000] {dagbag.py:587} INFO - Filling up the DagBag from /opt/airflow/dags/dag_with_postgres_operator.py
[2024-09-23T22:38:52.042+0000] {processor.py:925} INFO - DAG(s) 'dag_with_postgres_operator_v04' retrieved from /opt/airflow/dags/dag_with_postgres_operator.py
[2024-09-23T22:38:52.118+0000] {logging_mixin.py:190} INFO - [2024-09-23T22:38:52.118+0000] {dag.py:3229} INFO - Sync 1 DAGs
[2024-09-23T22:38:52.163+0000] {logging_mixin.py:190} INFO - [2024-09-23T22:38:52.161+0000] {dag.py:4156} INFO - Setting next_dagrun for dag_with_postgres_operator_v04 to 2024-09-23 00:00:00+00:00, run_after=2024-09-24 00:00:00+00:00
[2024-09-23T22:38:52.203+0000] {processor.py:208} INFO - Processing /opt/airflow/dags/dag_with_postgres_operator.py took 0.305 seconds
[2024-09-23T22:39:22.884+0000] {processor.py:186} INFO - Started process (PID=13195) to work on /opt/airflow/dags/dag_with_postgres_operator.py
[2024-09-23T22:39:22.895+0000] {processor.py:914} INFO - Processing file /opt/airflow/dags/dag_with_postgres_operator.py for tasks to queue
[2024-09-23T22:39:22.915+0000] {logging_mixin.py:190} INFO - [2024-09-23T22:39:22.913+0000] {dagbag.py:587} INFO - Filling up the DagBag from /opt/airflow/dags/dag_with_postgres_operator.py
[2024-09-23T22:39:23.291+0000] {processor.py:925} INFO - DAG(s) 'dag_with_postgres_operator_v04' retrieved from /opt/airflow/dags/dag_with_postgres_operator.py
[2024-09-23T22:39:23.394+0000] {logging_mixin.py:190} INFO - [2024-09-23T22:39:23.393+0000] {dag.py:3229} INFO - Sync 1 DAGs
[2024-09-23T22:39:23.464+0000] {logging_mixin.py:190} INFO - [2024-09-23T22:39:23.463+0000] {dag.py:4156} INFO - Setting next_dagrun for dag_with_postgres_operator_v04 to 2024-09-23 00:00:00+00:00, run_after=2024-09-24 00:00:00+00:00
[2024-09-23T22:39:23.613+0000] {processor.py:208} INFO - Processing /opt/airflow/dags/dag_with_postgres_operator.py took 0.749 seconds
[2024-09-23T22:39:54.271+0000] {processor.py:186} INFO - Started process (PID=13228) to work on /opt/airflow/dags/dag_with_postgres_operator.py
[2024-09-23T22:39:54.279+0000] {processor.py:914} INFO - Processing file /opt/airflow/dags/dag_with_postgres_operator.py for tasks to queue
[2024-09-23T22:39:54.284+0000] {logging_mixin.py:190} INFO - [2024-09-23T22:39:54.283+0000] {dagbag.py:587} INFO - Filling up the DagBag from /opt/airflow/dags/dag_with_postgres_operator.py
[2024-09-23T22:39:54.426+0000] {processor.py:925} INFO - DAG(s) 'dag_with_postgres_operator_v04' retrieved from /opt/airflow/dags/dag_with_postgres_operator.py
[2024-09-23T22:39:54.480+0000] {logging_mixin.py:190} INFO - [2024-09-23T22:39:54.479+0000] {dag.py:3229} INFO - Sync 1 DAGs
[2024-09-23T22:39:54.520+0000] {logging_mixin.py:190} INFO - [2024-09-23T22:39:54.520+0000] {dag.py:4156} INFO - Setting next_dagrun for dag_with_postgres_operator_v04 to 2024-09-23 00:00:00+00:00, run_after=2024-09-24 00:00:00+00:00
[2024-09-23T22:39:54.558+0000] {processor.py:208} INFO - Processing /opt/airflow/dags/dag_with_postgres_operator.py took 0.298 seconds
[2024-09-23T22:40:25.305+0000] {processor.py:186} INFO - Started process (PID=13261) to work on /opt/airflow/dags/dag_with_postgres_operator.py
[2024-09-23T22:40:25.307+0000] {processor.py:914} INFO - Processing file /opt/airflow/dags/dag_with_postgres_operator.py for tasks to queue
[2024-09-23T22:40:25.309+0000] {logging_mixin.py:190} INFO - [2024-09-23T22:40:25.309+0000] {dagbag.py:587} INFO - Filling up the DagBag from /opt/airflow/dags/dag_with_postgres_operator.py
[2024-09-23T22:40:25.427+0000] {processor.py:925} INFO - DAG(s) 'dag_with_postgres_operator_v04' retrieved from /opt/airflow/dags/dag_with_postgres_operator.py
[2024-09-23T22:40:25.456+0000] {logging_mixin.py:190} INFO - [2024-09-23T22:40:25.456+0000] {dag.py:3229} INFO - Sync 1 DAGs
[2024-09-23T22:40:25.478+0000] {logging_mixin.py:190} INFO - [2024-09-23T22:40:25.478+0000] {dag.py:4156} INFO - Setting next_dagrun for dag_with_postgres_operator_v04 to 2024-09-23 00:00:00+00:00, run_after=2024-09-24 00:00:00+00:00
[2024-09-23T22:40:25.507+0000] {processor.py:208} INFO - Processing /opt/airflow/dags/dag_with_postgres_operator.py took 0.211 seconds
[2024-09-23T22:40:55.845+0000] {processor.py:186} INFO - Started process (PID=13294) to work on /opt/airflow/dags/dag_with_postgres_operator.py
[2024-09-23T22:40:55.847+0000] {processor.py:914} INFO - Processing file /opt/airflow/dags/dag_with_postgres_operator.py for tasks to queue
[2024-09-23T22:40:55.850+0000] {logging_mixin.py:190} INFO - [2024-09-23T22:40:55.850+0000] {dagbag.py:587} INFO - Filling up the DagBag from /opt/airflow/dags/dag_with_postgres_operator.py
[2024-09-23T22:40:55.949+0000] {processor.py:925} INFO - DAG(s) 'dag_with_postgres_operator_v04' retrieved from /opt/airflow/dags/dag_with_postgres_operator.py
[2024-09-23T22:40:55.977+0000] {logging_mixin.py:190} INFO - [2024-09-23T22:40:55.977+0000] {dag.py:3229} INFO - Sync 1 DAGs
[2024-09-23T22:40:56.000+0000] {logging_mixin.py:190} INFO - [2024-09-23T22:40:56.000+0000] {dag.py:4156} INFO - Setting next_dagrun for dag_with_postgres_operator_v04 to 2024-09-23 00:00:00+00:00, run_after=2024-09-24 00:00:00+00:00
[2024-09-23T22:40:56.030+0000] {processor.py:208} INFO - Processing /opt/airflow/dags/dag_with_postgres_operator.py took 0.194 seconds
[2024-09-23T22:41:27.117+0000] {processor.py:186} INFO - Started process (PID=13327) to work on /opt/airflow/dags/dag_with_postgres_operator.py
[2024-09-23T22:41:27.119+0000] {processor.py:914} INFO - Processing file /opt/airflow/dags/dag_with_postgres_operator.py for tasks to queue
[2024-09-23T22:41:27.121+0000] {logging_mixin.py:190} INFO - [2024-09-23T22:41:27.121+0000] {dagbag.py:587} INFO - Filling up the DagBag from /opt/airflow/dags/dag_with_postgres_operator.py
[2024-09-23T22:41:27.273+0000] {processor.py:925} INFO - DAG(s) 'dag_with_postgres_operator_v04' retrieved from /opt/airflow/dags/dag_with_postgres_operator.py
[2024-09-23T22:41:27.384+0000] {logging_mixin.py:190} INFO - [2024-09-23T22:41:27.383+0000] {dag.py:3229} INFO - Sync 1 DAGs
[2024-09-23T22:41:27.455+0000] {logging_mixin.py:190} INFO - [2024-09-23T22:41:27.454+0000] {dag.py:4156} INFO - Setting next_dagrun for dag_with_postgres_operator_v04 to 2024-09-23 00:00:00+00:00, run_after=2024-09-24 00:00:00+00:00
[2024-09-23T22:41:27.536+0000] {processor.py:208} INFO - Processing /opt/airflow/dags/dag_with_postgres_operator.py took 0.425 seconds
[2024-09-23T22:41:58.698+0000] {processor.py:186} INFO - Started process (PID=13360) to work on /opt/airflow/dags/dag_with_postgres_operator.py
[2024-09-23T22:41:58.702+0000] {processor.py:914} INFO - Processing file /opt/airflow/dags/dag_with_postgres_operator.py for tasks to queue
[2024-09-23T22:41:58.746+0000] {logging_mixin.py:190} INFO - [2024-09-23T22:41:58.746+0000] {dagbag.py:587} INFO - Filling up the DagBag from /opt/airflow/dags/dag_with_postgres_operator.py
[2024-09-23T22:41:59.050+0000] {processor.py:925} INFO - DAG(s) 'dag_with_postgres_operator_v04' retrieved from /opt/airflow/dags/dag_with_postgres_operator.py
[2024-09-23T22:41:59.106+0000] {logging_mixin.py:190} INFO - [2024-09-23T22:41:59.106+0000] {dag.py:3229} INFO - Sync 1 DAGs
[2024-09-23T22:41:59.157+0000] {logging_mixin.py:190} INFO - [2024-09-23T22:41:59.156+0000] {dag.py:4156} INFO - Setting next_dagrun for dag_with_postgres_operator_v04 to 2024-09-23 00:00:00+00:00, run_after=2024-09-24 00:00:00+00:00
[2024-09-23T22:41:59.344+0000] {processor.py:208} INFO - Processing /opt/airflow/dags/dag_with_postgres_operator.py took 0.655 seconds
[2024-09-23T22:42:29.763+0000] {processor.py:186} INFO - Started process (PID=13396) to work on /opt/airflow/dags/dag_with_postgres_operator.py
[2024-09-23T22:42:29.764+0000] {processor.py:914} INFO - Processing file /opt/airflow/dags/dag_with_postgres_operator.py for tasks to queue
[2024-09-23T22:42:29.767+0000] {logging_mixin.py:190} INFO - [2024-09-23T22:42:29.766+0000] {dagbag.py:587} INFO - Filling up the DagBag from /opt/airflow/dags/dag_with_postgres_operator.py
[2024-09-23T22:42:29.865+0000] {processor.py:925} INFO - DAG(s) 'dag_with_postgres_operator_v04' retrieved from /opt/airflow/dags/dag_with_postgres_operator.py
[2024-09-23T22:42:29.892+0000] {logging_mixin.py:190} INFO - [2024-09-23T22:42:29.892+0000] {dag.py:3229} INFO - Sync 1 DAGs
[2024-09-23T22:42:29.912+0000] {logging_mixin.py:190} INFO - [2024-09-23T22:42:29.912+0000] {dag.py:4156} INFO - Setting next_dagrun for dag_with_postgres_operator_v04 to 2024-09-23 00:00:00+00:00, run_after=2024-09-24 00:00:00+00:00
[2024-09-23T22:42:29.939+0000] {processor.py:208} INFO - Processing /opt/airflow/dags/dag_with_postgres_operator.py took 0.181 seconds
[2024-09-23T22:43:00.609+0000] {processor.py:186} INFO - Started process (PID=13426) to work on /opt/airflow/dags/dag_with_postgres_operator.py
[2024-09-23T22:43:00.611+0000] {processor.py:914} INFO - Processing file /opt/airflow/dags/dag_with_postgres_operator.py for tasks to queue
[2024-09-23T22:43:00.613+0000] {logging_mixin.py:190} INFO - [2024-09-23T22:43:00.613+0000] {dagbag.py:587} INFO - Filling up the DagBag from /opt/airflow/dags/dag_with_postgres_operator.py
[2024-09-23T22:43:00.700+0000] {processor.py:925} INFO - DAG(s) 'dag_with_postgres_operator_v04' retrieved from /opt/airflow/dags/dag_with_postgres_operator.py
[2024-09-23T22:43:00.730+0000] {logging_mixin.py:190} INFO - [2024-09-23T22:43:00.729+0000] {dag.py:3229} INFO - Sync 1 DAGs
[2024-09-23T22:43:00.754+0000] {logging_mixin.py:190} INFO - [2024-09-23T22:43:00.754+0000] {dag.py:4156} INFO - Setting next_dagrun for dag_with_postgres_operator_v04 to 2024-09-23 00:00:00+00:00, run_after=2024-09-24 00:00:00+00:00
[2024-09-23T22:43:00.785+0000] {processor.py:208} INFO - Processing /opt/airflow/dags/dag_with_postgres_operator.py took 0.181 seconds
[2024-09-23T22:43:31.560+0000] {processor.py:186} INFO - Started process (PID=13459) to work on /opt/airflow/dags/dag_with_postgres_operator.py
[2024-09-23T22:43:31.562+0000] {processor.py:914} INFO - Processing file /opt/airflow/dags/dag_with_postgres_operator.py for tasks to queue
[2024-09-23T22:43:31.565+0000] {logging_mixin.py:190} INFO - [2024-09-23T22:43:31.564+0000] {dagbag.py:587} INFO - Filling up the DagBag from /opt/airflow/dags/dag_with_postgres_operator.py
[2024-09-23T22:43:31.637+0000] {processor.py:925} INFO - DAG(s) 'dag_with_postgres_operator_v04' retrieved from /opt/airflow/dags/dag_with_postgres_operator.py
[2024-09-23T22:43:31.670+0000] {logging_mixin.py:190} INFO - [2024-09-23T22:43:31.670+0000] {dag.py:3229} INFO - Sync 1 DAGs
[2024-09-23T22:43:31.696+0000] {logging_mixin.py:190} INFO - [2024-09-23T22:43:31.695+0000] {dag.py:4156} INFO - Setting next_dagrun for dag_with_postgres_operator_v04 to 2024-09-23 00:00:00+00:00, run_after=2024-09-24 00:00:00+00:00
[2024-09-23T22:43:31.723+0000] {processor.py:208} INFO - Processing /opt/airflow/dags/dag_with_postgres_operator.py took 0.174 seconds
[2024-09-23T22:44:02.487+0000] {processor.py:186} INFO - Started process (PID=13492) to work on /opt/airflow/dags/dag_with_postgres_operator.py
[2024-09-23T22:44:02.489+0000] {processor.py:914} INFO - Processing file /opt/airflow/dags/dag_with_postgres_operator.py for tasks to queue
[2024-09-23T22:44:02.493+0000] {logging_mixin.py:190} INFO - [2024-09-23T22:44:02.492+0000] {dagbag.py:587} INFO - Filling up the DagBag from /opt/airflow/dags/dag_with_postgres_operator.py
[2024-09-23T22:44:02.621+0000] {processor.py:925} INFO - DAG(s) 'dag_with_postgres_operator_v04' retrieved from /opt/airflow/dags/dag_with_postgres_operator.py
[2024-09-23T22:44:02.662+0000] {logging_mixin.py:190} INFO - [2024-09-23T22:44:02.662+0000] {dag.py:3229} INFO - Sync 1 DAGs
[2024-09-23T22:44:02.684+0000] {logging_mixin.py:190} INFO - [2024-09-23T22:44:02.684+0000] {dag.py:4156} INFO - Setting next_dagrun for dag_with_postgres_operator_v04 to 2024-09-23 00:00:00+00:00, run_after=2024-09-24 00:00:00+00:00
[2024-09-23T22:44:02.709+0000] {processor.py:208} INFO - Processing /opt/airflow/dags/dag_with_postgres_operator.py took 0.233 seconds
[2024-09-23T22:44:33.276+0000] {processor.py:186} INFO - Started process (PID=13525) to work on /opt/airflow/dags/dag_with_postgres_operator.py
[2024-09-23T22:44:33.277+0000] {processor.py:914} INFO - Processing file /opt/airflow/dags/dag_with_postgres_operator.py for tasks to queue
[2024-09-23T22:44:33.280+0000] {logging_mixin.py:190} INFO - [2024-09-23T22:44:33.279+0000] {dagbag.py:587} INFO - Filling up the DagBag from /opt/airflow/dags/dag_with_postgres_operator.py
[2024-09-23T22:44:33.350+0000] {processor.py:925} INFO - DAG(s) 'dag_with_postgres_operator_v04' retrieved from /opt/airflow/dags/dag_with_postgres_operator.py
[2024-09-23T22:44:33.379+0000] {logging_mixin.py:190} INFO - [2024-09-23T22:44:33.379+0000] {dag.py:3229} INFO - Sync 1 DAGs
[2024-09-23T22:44:33.402+0000] {logging_mixin.py:190} INFO - [2024-09-23T22:44:33.401+0000] {dag.py:4156} INFO - Setting next_dagrun for dag_with_postgres_operator_v04 to 2024-09-23 00:00:00+00:00, run_after=2024-09-24 00:00:00+00:00
[2024-09-23T22:44:33.427+0000] {processor.py:208} INFO - Processing /opt/airflow/dags/dag_with_postgres_operator.py took 0.163 seconds
[2024-09-23T22:45:04.298+0000] {processor.py:186} INFO - Started process (PID=13558) to work on /opt/airflow/dags/dag_with_postgres_operator.py
[2024-09-23T22:45:04.300+0000] {processor.py:914} INFO - Processing file /opt/airflow/dags/dag_with_postgres_operator.py for tasks to queue
[2024-09-23T22:45:04.301+0000] {logging_mixin.py:190} INFO - [2024-09-23T22:45:04.301+0000] {dagbag.py:587} INFO - Filling up the DagBag from /opt/airflow/dags/dag_with_postgres_operator.py
[2024-09-23T22:45:04.378+0000] {processor.py:925} INFO - DAG(s) 'dag_with_postgres_operator_v04' retrieved from /opt/airflow/dags/dag_with_postgres_operator.py
[2024-09-23T22:45:04.406+0000] {logging_mixin.py:190} INFO - [2024-09-23T22:45:04.406+0000] {dag.py:3229} INFO - Sync 1 DAGs
[2024-09-23T22:45:04.431+0000] {logging_mixin.py:190} INFO - [2024-09-23T22:45:04.431+0000] {dag.py:4156} INFO - Setting next_dagrun for dag_with_postgres_operator_v04 to 2024-09-23 00:00:00+00:00, run_after=2024-09-24 00:00:00+00:00
[2024-09-23T22:45:04.455+0000] {processor.py:208} INFO - Processing /opt/airflow/dags/dag_with_postgres_operator.py took 0.163 seconds
[2024-09-23T22:45:35.199+0000] {processor.py:186} INFO - Started process (PID=13591) to work on /opt/airflow/dags/dag_with_postgres_operator.py
[2024-09-23T22:45:35.201+0000] {processor.py:914} INFO - Processing file /opt/airflow/dags/dag_with_postgres_operator.py for tasks to queue
[2024-09-23T22:45:35.203+0000] {logging_mixin.py:190} INFO - [2024-09-23T22:45:35.203+0000] {dagbag.py:587} INFO - Filling up the DagBag from /opt/airflow/dags/dag_with_postgres_operator.py
[2024-09-23T22:45:35.348+0000] {processor.py:925} INFO - DAG(s) 'dag_with_postgres_operator_v04' retrieved from /opt/airflow/dags/dag_with_postgres_operator.py
[2024-09-23T22:45:35.412+0000] {logging_mixin.py:190} INFO - [2024-09-23T22:45:35.412+0000] {dag.py:3229} INFO - Sync 1 DAGs
[2024-09-23T22:45:35.441+0000] {logging_mixin.py:190} INFO - [2024-09-23T22:45:35.441+0000] {dag.py:4156} INFO - Setting next_dagrun for dag_with_postgres_operator_v04 to 2024-09-23 00:00:00+00:00, run_after=2024-09-24 00:00:00+00:00
[2024-09-23T22:45:35.479+0000] {processor.py:208} INFO - Processing /opt/airflow/dags/dag_with_postgres_operator.py took 0.290 seconds
[2024-09-23T22:46:05.905+0000] {processor.py:186} INFO - Started process (PID=13624) to work on /opt/airflow/dags/dag_with_postgres_operator.py
[2024-09-23T22:46:05.908+0000] {processor.py:914} INFO - Processing file /opt/airflow/dags/dag_with_postgres_operator.py for tasks to queue
[2024-09-23T22:46:05.910+0000] {logging_mixin.py:190} INFO - [2024-09-23T22:46:05.910+0000] {dagbag.py:587} INFO - Filling up the DagBag from /opt/airflow/dags/dag_with_postgres_operator.py
[2024-09-23T22:46:05.979+0000] {processor.py:925} INFO - DAG(s) 'dag_with_postgres_operator_v04' retrieved from /opt/airflow/dags/dag_with_postgres_operator.py
[2024-09-23T22:46:06.019+0000] {logging_mixin.py:190} INFO - [2024-09-23T22:46:06.019+0000] {dag.py:3229} INFO - Sync 1 DAGs
[2024-09-23T22:46:06.063+0000] {logging_mixin.py:190} INFO - [2024-09-23T22:46:06.062+0000] {dag.py:4156} INFO - Setting next_dagrun for dag_with_postgres_operator_v04 to 2024-09-23 00:00:00+00:00, run_after=2024-09-24 00:00:00+00:00
[2024-09-23T22:46:06.093+0000] {processor.py:208} INFO - Processing /opt/airflow/dags/dag_with_postgres_operator.py took 0.200 seconds
[2024-09-23T22:46:36.403+0000] {processor.py:186} INFO - Started process (PID=13657) to work on /opt/airflow/dags/dag_with_postgres_operator.py
[2024-09-23T22:46:36.405+0000] {processor.py:914} INFO - Processing file /opt/airflow/dags/dag_with_postgres_operator.py for tasks to queue
[2024-09-23T22:46:36.407+0000] {logging_mixin.py:190} INFO - [2024-09-23T22:46:36.407+0000] {dagbag.py:587} INFO - Filling up the DagBag from /opt/airflow/dags/dag_with_postgres_operator.py
[2024-09-23T22:46:36.494+0000] {processor.py:925} INFO - DAG(s) 'dag_with_postgres_operator_v04' retrieved from /opt/airflow/dags/dag_with_postgres_operator.py
[2024-09-23T22:46:36.528+0000] {logging_mixin.py:190} INFO - [2024-09-23T22:46:36.527+0000] {dag.py:3229} INFO - Sync 1 DAGs
[2024-09-23T22:46:36.554+0000] {logging_mixin.py:190} INFO - [2024-09-23T22:46:36.553+0000] {dag.py:4156} INFO - Setting next_dagrun for dag_with_postgres_operator_v04 to 2024-09-23 00:00:00+00:00, run_after=2024-09-24 00:00:00+00:00
[2024-09-23T22:46:36.592+0000] {processor.py:208} INFO - Processing /opt/airflow/dags/dag_with_postgres_operator.py took 0.199 seconds
[2024-09-23T22:47:07.284+0000] {processor.py:186} INFO - Started process (PID=13690) to work on /opt/airflow/dags/dag_with_postgres_operator.py
[2024-09-23T22:47:07.286+0000] {processor.py:914} INFO - Processing file /opt/airflow/dags/dag_with_postgres_operator.py for tasks to queue
[2024-09-23T22:47:07.288+0000] {logging_mixin.py:190} INFO - [2024-09-23T22:47:07.288+0000] {dagbag.py:587} INFO - Filling up the DagBag from /opt/airflow/dags/dag_with_postgres_operator.py
[2024-09-23T22:47:07.388+0000] {processor.py:925} INFO - DAG(s) 'dag_with_postgres_operator_v04' retrieved from /opt/airflow/dags/dag_with_postgres_operator.py
[2024-09-23T22:47:07.427+0000] {logging_mixin.py:190} INFO - [2024-09-23T22:47:07.427+0000] {dag.py:3229} INFO - Sync 1 DAGs
[2024-09-23T22:47:07.455+0000] {logging_mixin.py:190} INFO - [2024-09-23T22:47:07.455+0000] {dag.py:4156} INFO - Setting next_dagrun for dag_with_postgres_operator_v04 to 2024-09-23 00:00:00+00:00, run_after=2024-09-24 00:00:00+00:00
[2024-09-23T22:47:07.481+0000] {processor.py:208} INFO - Processing /opt/airflow/dags/dag_with_postgres_operator.py took 0.203 seconds
[2024-09-23T22:47:38.399+0000] {processor.py:186} INFO - Started process (PID=13723) to work on /opt/airflow/dags/dag_with_postgres_operator.py
[2024-09-23T22:47:38.401+0000] {processor.py:914} INFO - Processing file /opt/airflow/dags/dag_with_postgres_operator.py for tasks to queue
[2024-09-23T22:47:38.404+0000] {logging_mixin.py:190} INFO - [2024-09-23T22:47:38.403+0000] {dagbag.py:587} INFO - Filling up the DagBag from /opt/airflow/dags/dag_with_postgres_operator.py
[2024-09-23T22:47:38.477+0000] {processor.py:925} INFO - DAG(s) 'dag_with_postgres_operator_v04' retrieved from /opt/airflow/dags/dag_with_postgres_operator.py
[2024-09-23T22:47:38.504+0000] {logging_mixin.py:190} INFO - [2024-09-23T22:47:38.504+0000] {dag.py:3229} INFO - Sync 1 DAGs
[2024-09-23T22:47:38.527+0000] {logging_mixin.py:190} INFO - [2024-09-23T22:47:38.527+0000] {dag.py:4156} INFO - Setting next_dagrun for dag_with_postgres_operator_v04 to 2024-09-23 00:00:00+00:00, run_after=2024-09-24 00:00:00+00:00
[2024-09-23T22:47:38.551+0000] {processor.py:208} INFO - Processing /opt/airflow/dags/dag_with_postgres_operator.py took 0.162 seconds
[2024-09-23T22:48:09.368+0000] {processor.py:186} INFO - Started process (PID=13756) to work on /opt/airflow/dags/dag_with_postgres_operator.py
[2024-09-23T22:48:09.370+0000] {processor.py:914} INFO - Processing file /opt/airflow/dags/dag_with_postgres_operator.py for tasks to queue
[2024-09-23T22:48:09.372+0000] {logging_mixin.py:190} INFO - [2024-09-23T22:48:09.372+0000] {dagbag.py:587} INFO - Filling up the DagBag from /opt/airflow/dags/dag_with_postgres_operator.py
[2024-09-23T22:48:09.480+0000] {processor.py:925} INFO - DAG(s) 'dag_with_postgres_operator_v04' retrieved from /opt/airflow/dags/dag_with_postgres_operator.py
[2024-09-23T22:48:09.509+0000] {logging_mixin.py:190} INFO - [2024-09-23T22:48:09.508+0000] {dag.py:3229} INFO - Sync 1 DAGs
[2024-09-23T22:48:09.531+0000] {logging_mixin.py:190} INFO - [2024-09-23T22:48:09.530+0000] {dag.py:4156} INFO - Setting next_dagrun for dag_with_postgres_operator_v04 to 2024-09-23 00:00:00+00:00, run_after=2024-09-24 00:00:00+00:00
[2024-09-23T22:48:09.565+0000] {processor.py:208} INFO - Processing /opt/airflow/dags/dag_with_postgres_operator.py took 0.207 seconds
[2024-09-23T22:48:39.939+0000] {processor.py:186} INFO - Started process (PID=13789) to work on /opt/airflow/dags/dag_with_postgres_operator.py
[2024-09-23T22:48:39.940+0000] {processor.py:914} INFO - Processing file /opt/airflow/dags/dag_with_postgres_operator.py for tasks to queue
[2024-09-23T22:48:39.942+0000] {logging_mixin.py:190} INFO - [2024-09-23T22:48:39.941+0000] {dagbag.py:587} INFO - Filling up the DagBag from /opt/airflow/dags/dag_with_postgres_operator.py
[2024-09-23T22:48:40.044+0000] {processor.py:925} INFO - DAG(s) 'dag_with_postgres_operator_v04' retrieved from /opt/airflow/dags/dag_with_postgres_operator.py
[2024-09-23T22:48:40.071+0000] {logging_mixin.py:190} INFO - [2024-09-23T22:48:40.070+0000] {dag.py:3229} INFO - Sync 1 DAGs
[2024-09-23T22:48:40.096+0000] {logging_mixin.py:190} INFO - [2024-09-23T22:48:40.096+0000] {dag.py:4156} INFO - Setting next_dagrun for dag_with_postgres_operator_v04 to 2024-09-23 00:00:00+00:00, run_after=2024-09-24 00:00:00+00:00
[2024-09-23T22:48:40.124+0000] {processor.py:208} INFO - Processing /opt/airflow/dags/dag_with_postgres_operator.py took 0.193 seconds
[2024-09-23T22:49:10.947+0000] {processor.py:186} INFO - Started process (PID=13822) to work on /opt/airflow/dags/dag_with_postgres_operator.py
[2024-09-23T22:49:10.949+0000] {processor.py:914} INFO - Processing file /opt/airflow/dags/dag_with_postgres_operator.py for tasks to queue
[2024-09-23T22:49:10.950+0000] {logging_mixin.py:190} INFO - [2024-09-23T22:49:10.950+0000] {dagbag.py:587} INFO - Filling up the DagBag from /opt/airflow/dags/dag_with_postgres_operator.py
[2024-09-23T22:49:11.051+0000] {processor.py:925} INFO - DAG(s) 'dag_with_postgres_operator_v04' retrieved from /opt/airflow/dags/dag_with_postgres_operator.py
[2024-09-23T22:49:11.078+0000] {logging_mixin.py:190} INFO - [2024-09-23T22:49:11.078+0000] {dag.py:3229} INFO - Sync 1 DAGs
[2024-09-23T22:49:11.103+0000] {logging_mixin.py:190} INFO - [2024-09-23T22:49:11.103+0000] {dag.py:4156} INFO - Setting next_dagrun for dag_with_postgres_operator_v04 to 2024-09-23 00:00:00+00:00, run_after=2024-09-24 00:00:00+00:00
[2024-09-23T22:49:11.139+0000] {processor.py:208} INFO - Processing /opt/airflow/dags/dag_with_postgres_operator.py took 0.197 seconds
[2024-09-23T22:49:41.947+0000] {processor.py:186} INFO - Started process (PID=13855) to work on /opt/airflow/dags/dag_with_postgres_operator.py
[2024-09-23T22:49:41.949+0000] {processor.py:914} INFO - Processing file /opt/airflow/dags/dag_with_postgres_operator.py for tasks to queue
[2024-09-23T22:49:41.950+0000] {logging_mixin.py:190} INFO - [2024-09-23T22:49:41.950+0000] {dagbag.py:587} INFO - Filling up the DagBag from /opt/airflow/dags/dag_with_postgres_operator.py
[2024-09-23T22:49:42.044+0000] {processor.py:925} INFO - DAG(s) 'dag_with_postgres_operator_v04' retrieved from /opt/airflow/dags/dag_with_postgres_operator.py
[2024-09-23T22:49:42.070+0000] {logging_mixin.py:190} INFO - [2024-09-23T22:49:42.070+0000] {dag.py:3229} INFO - Sync 1 DAGs
[2024-09-23T22:49:42.092+0000] {logging_mixin.py:190} INFO - [2024-09-23T22:49:42.092+0000] {dag.py:4156} INFO - Setting next_dagrun for dag_with_postgres_operator_v04 to 2024-09-23 00:00:00+00:00, run_after=2024-09-24 00:00:00+00:00
[2024-09-23T22:49:42.118+0000] {processor.py:208} INFO - Processing /opt/airflow/dags/dag_with_postgres_operator.py took 0.177 seconds
[2024-09-23T22:50:12.717+0000] {processor.py:186} INFO - Started process (PID=13888) to work on /opt/airflow/dags/dag_with_postgres_operator.py
[2024-09-23T22:50:12.718+0000] {processor.py:914} INFO - Processing file /opt/airflow/dags/dag_with_postgres_operator.py for tasks to queue
[2024-09-23T22:50:12.720+0000] {logging_mixin.py:190} INFO - [2024-09-23T22:50:12.720+0000] {dagbag.py:587} INFO - Filling up the DagBag from /opt/airflow/dags/dag_with_postgres_operator.py
[2024-09-23T22:50:12.827+0000] {processor.py:925} INFO - DAG(s) 'dag_with_postgres_operator_v04' retrieved from /opt/airflow/dags/dag_with_postgres_operator.py
[2024-09-23T22:50:12.855+0000] {logging_mixin.py:190} INFO - [2024-09-23T22:50:12.855+0000] {dag.py:3229} INFO - Sync 1 DAGs
[2024-09-23T22:50:12.874+0000] {logging_mixin.py:190} INFO - [2024-09-23T22:50:12.874+0000] {dag.py:4156} INFO - Setting next_dagrun for dag_with_postgres_operator_v04 to 2024-09-23 00:00:00+00:00, run_after=2024-09-24 00:00:00+00:00
[2024-09-23T22:50:12.899+0000] {processor.py:208} INFO - Processing /opt/airflow/dags/dag_with_postgres_operator.py took 0.189 seconds
[2024-09-23T22:50:43.156+0000] {processor.py:186} INFO - Started process (PID=13921) to work on /opt/airflow/dags/dag_with_postgres_operator.py
[2024-09-23T22:50:43.159+0000] {processor.py:914} INFO - Processing file /opt/airflow/dags/dag_with_postgres_operator.py for tasks to queue
[2024-09-23T22:50:43.161+0000] {logging_mixin.py:190} INFO - [2024-09-23T22:50:43.161+0000] {dagbag.py:587} INFO - Filling up the DagBag from /opt/airflow/dags/dag_with_postgres_operator.py
[2024-09-23T22:50:43.252+0000] {processor.py:925} INFO - DAG(s) 'dag_with_postgres_operator_v04' retrieved from /opt/airflow/dags/dag_with_postgres_operator.py
[2024-09-23T22:50:43.285+0000] {logging_mixin.py:190} INFO - [2024-09-23T22:50:43.284+0000] {dag.py:3229} INFO - Sync 1 DAGs
[2024-09-23T22:50:43.307+0000] {logging_mixin.py:190} INFO - [2024-09-23T22:50:43.306+0000] {dag.py:4156} INFO - Setting next_dagrun for dag_with_postgres_operator_v04 to 2024-09-23 00:00:00+00:00, run_after=2024-09-24 00:00:00+00:00
[2024-09-23T22:50:43.333+0000] {processor.py:208} INFO - Processing /opt/airflow/dags/dag_with_postgres_operator.py took 0.183 seconds
[2024-09-23T22:51:13.570+0000] {processor.py:186} INFO - Started process (PID=13954) to work on /opt/airflow/dags/dag_with_postgres_operator.py
[2024-09-23T22:51:13.572+0000] {processor.py:914} INFO - Processing file /opt/airflow/dags/dag_with_postgres_operator.py for tasks to queue
[2024-09-23T22:51:13.576+0000] {logging_mixin.py:190} INFO - [2024-09-23T22:51:13.575+0000] {dagbag.py:587} INFO - Filling up the DagBag from /opt/airflow/dags/dag_with_postgres_operator.py
[2024-09-23T22:51:13.684+0000] {processor.py:925} INFO - DAG(s) 'dag_with_postgres_operator_v04' retrieved from /opt/airflow/dags/dag_with_postgres_operator.py
[2024-09-23T22:51:13.718+0000] {logging_mixin.py:190} INFO - [2024-09-23T22:51:13.717+0000] {dag.py:3229} INFO - Sync 1 DAGs
[2024-09-23T22:51:13.748+0000] {logging_mixin.py:190} INFO - [2024-09-23T22:51:13.748+0000] {dag.py:4156} INFO - Setting next_dagrun for dag_with_postgres_operator_v04 to 2024-09-23 00:00:00+00:00, run_after=2024-09-24 00:00:00+00:00
[2024-09-23T22:51:13.778+0000] {processor.py:208} INFO - Processing /opt/airflow/dags/dag_with_postgres_operator.py took 0.219 seconds
[2024-09-23T22:51:44.466+0000] {processor.py:186} INFO - Started process (PID=13987) to work on /opt/airflow/dags/dag_with_postgres_operator.py
[2024-09-23T22:51:44.467+0000] {processor.py:914} INFO - Processing file /opt/airflow/dags/dag_with_postgres_operator.py for tasks to queue
[2024-09-23T22:51:44.470+0000] {logging_mixin.py:190} INFO - [2024-09-23T22:51:44.469+0000] {dagbag.py:587} INFO - Filling up the DagBag from /opt/airflow/dags/dag_with_postgres_operator.py
[2024-09-23T22:51:44.585+0000] {processor.py:925} INFO - DAG(s) 'dag_with_postgres_operator_v04' retrieved from /opt/airflow/dags/dag_with_postgres_operator.py
[2024-09-23T22:51:44.620+0000] {logging_mixin.py:190} INFO - [2024-09-23T22:51:44.620+0000] {dag.py:3229} INFO - Sync 1 DAGs
[2024-09-23T22:51:44.647+0000] {logging_mixin.py:190} INFO - [2024-09-23T22:51:44.646+0000] {dag.py:4156} INFO - Setting next_dagrun for dag_with_postgres_operator_v04 to 2024-09-23 00:00:00+00:00, run_after=2024-09-24 00:00:00+00:00
[2024-09-23T22:51:44.682+0000] {processor.py:208} INFO - Processing /opt/airflow/dags/dag_with_postgres_operator.py took 0.225 seconds
[2024-09-23T22:52:15.440+0000] {processor.py:186} INFO - Started process (PID=14020) to work on /opt/airflow/dags/dag_with_postgres_operator.py
[2024-09-23T22:52:15.444+0000] {processor.py:914} INFO - Processing file /opt/airflow/dags/dag_with_postgres_operator.py for tasks to queue
[2024-09-23T22:52:15.449+0000] {logging_mixin.py:190} INFO - [2024-09-23T22:52:15.448+0000] {dagbag.py:587} INFO - Filling up the DagBag from /opt/airflow/dags/dag_with_postgres_operator.py
[2024-09-23T22:52:15.623+0000] {processor.py:925} INFO - DAG(s) 'dag_with_postgres_operator_v04' retrieved from /opt/airflow/dags/dag_with_postgres_operator.py
[2024-09-23T22:52:15.701+0000] {logging_mixin.py:190} INFO - [2024-09-23T22:52:15.701+0000] {dag.py:3229} INFO - Sync 1 DAGs
[2024-09-23T22:52:15.752+0000] {logging_mixin.py:190} INFO - [2024-09-23T22:52:15.752+0000] {dag.py:4156} INFO - Setting next_dagrun for dag_with_postgres_operator_v04 to 2024-09-23 00:00:00+00:00, run_after=2024-09-24 00:00:00+00:00
[2024-09-23T22:52:15.797+0000] {processor.py:208} INFO - Processing /opt/airflow/dags/dag_with_postgres_operator.py took 0.377 seconds
[2024-09-23T22:52:46.547+0000] {processor.py:186} INFO - Started process (PID=14053) to work on /opt/airflow/dags/dag_with_postgres_operator.py
[2024-09-23T22:52:46.551+0000] {processor.py:914} INFO - Processing file /opt/airflow/dags/dag_with_postgres_operator.py for tasks to queue
[2024-09-23T22:52:46.556+0000] {logging_mixin.py:190} INFO - [2024-09-23T22:52:46.555+0000] {dagbag.py:587} INFO - Filling up the DagBag from /opt/airflow/dags/dag_with_postgres_operator.py
[2024-09-23T22:52:46.686+0000] {processor.py:925} INFO - DAG(s) 'dag_with_postgres_operator_v04' retrieved from /opt/airflow/dags/dag_with_postgres_operator.py
[2024-09-23T22:52:46.746+0000] {logging_mixin.py:190} INFO - [2024-09-23T22:52:46.746+0000] {dag.py:3229} INFO - Sync 1 DAGs
[2024-09-23T22:52:46.801+0000] {logging_mixin.py:190} INFO - [2024-09-23T22:52:46.800+0000] {dag.py:4156} INFO - Setting next_dagrun for dag_with_postgres_operator_v04 to 2024-09-23 00:00:00+00:00, run_after=2024-09-24 00:00:00+00:00
[2024-09-23T22:52:46.848+0000] {processor.py:208} INFO - Processing /opt/airflow/dags/dag_with_postgres_operator.py took 0.310 seconds
[2024-09-23T22:53:17.304+0000] {processor.py:186} INFO - Started process (PID=14086) to work on /opt/airflow/dags/dag_with_postgres_operator.py
[2024-09-23T22:53:17.306+0000] {processor.py:914} INFO - Processing file /opt/airflow/dags/dag_with_postgres_operator.py for tasks to queue
[2024-09-23T22:53:17.309+0000] {logging_mixin.py:190} INFO - [2024-09-23T22:53:17.308+0000] {dagbag.py:587} INFO - Filling up the DagBag from /opt/airflow/dags/dag_with_postgres_operator.py
[2024-09-23T22:53:17.397+0000] {processor.py:925} INFO - DAG(s) 'dag_with_postgres_operator_v04' retrieved from /opt/airflow/dags/dag_with_postgres_operator.py
[2024-09-23T22:53:17.430+0000] {logging_mixin.py:190} INFO - [2024-09-23T22:53:17.430+0000] {dag.py:3229} INFO - Sync 1 DAGs
[2024-09-23T22:53:17.463+0000] {logging_mixin.py:190} INFO - [2024-09-23T22:53:17.463+0000] {dag.py:4156} INFO - Setting next_dagrun for dag_with_postgres_operator_v04 to 2024-09-23 00:00:00+00:00, run_after=2024-09-24 00:00:00+00:00
[2024-09-23T22:53:17.489+0000] {processor.py:208} INFO - Processing /opt/airflow/dags/dag_with_postgres_operator.py took 0.192 seconds
[2024-09-23T22:53:47.827+0000] {processor.py:186} INFO - Started process (PID=14119) to work on /opt/airflow/dags/dag_with_postgres_operator.py
[2024-09-23T22:53:47.831+0000] {processor.py:914} INFO - Processing file /opt/airflow/dags/dag_with_postgres_operator.py for tasks to queue
[2024-09-23T22:53:47.835+0000] {logging_mixin.py:190} INFO - [2024-09-23T22:53:47.834+0000] {dagbag.py:587} INFO - Filling up the DagBag from /opt/airflow/dags/dag_with_postgres_operator.py
[2024-09-23T22:53:47.958+0000] {processor.py:925} INFO - DAG(s) 'dag_with_postgres_operator_v04' retrieved from /opt/airflow/dags/dag_with_postgres_operator.py
[2024-09-23T22:53:48.002+0000] {logging_mixin.py:190} INFO - [2024-09-23T22:53:48.001+0000] {dag.py:3229} INFO - Sync 1 DAGs
[2024-09-23T22:53:48.037+0000] {logging_mixin.py:190} INFO - [2024-09-23T22:53:48.036+0000] {dag.py:4156} INFO - Setting next_dagrun for dag_with_postgres_operator_v04 to 2024-09-23 00:00:00+00:00, run_after=2024-09-24 00:00:00+00:00
[2024-09-23T22:53:48.069+0000] {processor.py:208} INFO - Processing /opt/airflow/dags/dag_with_postgres_operator.py took 0.264 seconds
[2024-09-23T22:54:18.245+0000] {processor.py:186} INFO - Started process (PID=14152) to work on /opt/airflow/dags/dag_with_postgres_operator.py
[2024-09-23T22:54:18.247+0000] {processor.py:914} INFO - Processing file /opt/airflow/dags/dag_with_postgres_operator.py for tasks to queue
[2024-09-23T22:54:18.250+0000] {logging_mixin.py:190} INFO - [2024-09-23T22:54:18.250+0000] {dagbag.py:587} INFO - Filling up the DagBag from /opt/airflow/dags/dag_with_postgres_operator.py
[2024-09-23T22:54:18.367+0000] {processor.py:925} INFO - DAG(s) 'dag_with_postgres_operator_v04' retrieved from /opt/airflow/dags/dag_with_postgres_operator.py
[2024-09-23T22:54:18.418+0000] {logging_mixin.py:190} INFO - [2024-09-23T22:54:18.418+0000] {dag.py:3229} INFO - Sync 1 DAGs
[2024-09-23T22:54:18.456+0000] {logging_mixin.py:190} INFO - [2024-09-23T22:54:18.455+0000] {dag.py:4156} INFO - Setting next_dagrun for dag_with_postgres_operator_v04 to 2024-09-23 00:00:00+00:00, run_after=2024-09-24 00:00:00+00:00
[2024-09-23T22:54:18.491+0000] {processor.py:208} INFO - Processing /opt/airflow/dags/dag_with_postgres_operator.py took 0.258 seconds
[2024-09-23T22:54:49.719+0000] {processor.py:186} INFO - Started process (PID=14185) to work on /opt/airflow/dags/dag_with_postgres_operator.py
[2024-09-23T22:54:49.721+0000] {processor.py:914} INFO - Processing file /opt/airflow/dags/dag_with_postgres_operator.py for tasks to queue
[2024-09-23T22:54:49.724+0000] {logging_mixin.py:190} INFO - [2024-09-23T22:54:49.724+0000] {dagbag.py:587} INFO - Filling up the DagBag from /opt/airflow/dags/dag_with_postgres_operator.py
[2024-09-23T22:54:49.862+0000] {processor.py:925} INFO - DAG(s) 'dag_with_postgres_operator_v04' retrieved from /opt/airflow/dags/dag_with_postgres_operator.py
[2024-09-23T22:54:49.912+0000] {logging_mixin.py:190} INFO - [2024-09-23T22:54:49.911+0000] {dag.py:3229} INFO - Sync 1 DAGs
[2024-09-23T22:54:49.947+0000] {logging_mixin.py:190} INFO - [2024-09-23T22:54:49.946+0000] {dag.py:4156} INFO - Setting next_dagrun for dag_with_postgres_operator_v04 to 2024-09-23 00:00:00+00:00, run_after=2024-09-24 00:00:00+00:00
[2024-09-23T22:54:50.007+0000] {processor.py:208} INFO - Processing /opt/airflow/dags/dag_with_postgres_operator.py took 0.300 seconds
[2024-09-23T22:55:20.444+0000] {processor.py:186} INFO - Started process (PID=14218) to work on /opt/airflow/dags/dag_with_postgres_operator.py
[2024-09-23T22:55:20.448+0000] {processor.py:914} INFO - Processing file /opt/airflow/dags/dag_with_postgres_operator.py for tasks to queue
[2024-09-23T22:55:20.454+0000] {logging_mixin.py:190} INFO - [2024-09-23T22:55:20.453+0000] {dagbag.py:587} INFO - Filling up the DagBag from /opt/airflow/dags/dag_with_postgres_operator.py
[2024-09-23T22:55:20.568+0000] {processor.py:925} INFO - DAG(s) 'dag_with_postgres_operator_v04' retrieved from /opt/airflow/dags/dag_with_postgres_operator.py
[2024-09-23T22:55:20.614+0000] {logging_mixin.py:190} INFO - [2024-09-23T22:55:20.614+0000] {dag.py:3229} INFO - Sync 1 DAGs
[2024-09-23T22:55:20.654+0000] {logging_mixin.py:190} INFO - [2024-09-23T22:55:20.654+0000] {dag.py:4156} INFO - Setting next_dagrun for dag_with_postgres_operator_v04 to 2024-09-23 00:00:00+00:00, run_after=2024-09-24 00:00:00+00:00
[2024-09-23T22:55:20.697+0000] {processor.py:208} INFO - Processing /opt/airflow/dags/dag_with_postgres_operator.py took 0.278 seconds
[2024-09-23T22:55:51.106+0000] {processor.py:186} INFO - Started process (PID=14251) to work on /opt/airflow/dags/dag_with_postgres_operator.py
[2024-09-23T22:55:51.114+0000] {processor.py:914} INFO - Processing file /opt/airflow/dags/dag_with_postgres_operator.py for tasks to queue
[2024-09-23T22:55:51.126+0000] {logging_mixin.py:190} INFO - [2024-09-23T22:55:51.125+0000] {dagbag.py:587} INFO - Filling up the DagBag from /opt/airflow/dags/dag_with_postgres_operator.py
[2024-09-23T22:55:51.544+0000] {processor.py:925} INFO - DAG(s) 'dag_with_postgres_operator_v04' retrieved from /opt/airflow/dags/dag_with_postgres_operator.py
[2024-09-23T22:55:51.621+0000] {logging_mixin.py:190} INFO - [2024-09-23T22:55:51.621+0000] {dag.py:3229} INFO - Sync 1 DAGs
[2024-09-23T22:55:51.668+0000] {logging_mixin.py:190} INFO - [2024-09-23T22:55:51.668+0000] {dag.py:4156} INFO - Setting next_dagrun for dag_with_postgres_operator_v04 to 2024-09-23 00:00:00+00:00, run_after=2024-09-24 00:00:00+00:00
[2024-09-23T22:55:51.716+0000] {processor.py:208} INFO - Processing /opt/airflow/dags/dag_with_postgres_operator.py took 0.620 seconds
[2024-09-23T22:56:22.799+0000] {processor.py:186} INFO - Started process (PID=14284) to work on /opt/airflow/dags/dag_with_postgres_operator.py
[2024-09-23T22:56:22.803+0000] {processor.py:914} INFO - Processing file /opt/airflow/dags/dag_with_postgres_operator.py for tasks to queue
[2024-09-23T22:56:22.808+0000] {logging_mixin.py:190} INFO - [2024-09-23T22:56:22.807+0000] {dagbag.py:587} INFO - Filling up the DagBag from /opt/airflow/dags/dag_with_postgres_operator.py
[2024-09-23T22:56:22.925+0000] {processor.py:925} INFO - DAG(s) 'dag_with_postgres_operator_v04' retrieved from /opt/airflow/dags/dag_with_postgres_operator.py
[2024-09-23T22:56:22.983+0000] {logging_mixin.py:190} INFO - [2024-09-23T22:56:22.983+0000] {dag.py:3229} INFO - Sync 1 DAGs
[2024-09-23T22:56:23.034+0000] {logging_mixin.py:190} INFO - [2024-09-23T22:56:23.034+0000] {dag.py:4156} INFO - Setting next_dagrun for dag_with_postgres_operator_v04 to 2024-09-23 00:00:00+00:00, run_after=2024-09-24 00:00:00+00:00
[2024-09-23T22:56:23.075+0000] {processor.py:208} INFO - Processing /opt/airflow/dags/dag_with_postgres_operator.py took 0.296 seconds
[2024-09-23T22:56:53.848+0000] {processor.py:186} INFO - Started process (PID=14317) to work on /opt/airflow/dags/dag_with_postgres_operator.py
[2024-09-23T22:56:53.850+0000] {processor.py:914} INFO - Processing file /opt/airflow/dags/dag_with_postgres_operator.py for tasks to queue
[2024-09-23T22:56:53.853+0000] {logging_mixin.py:190} INFO - [2024-09-23T22:56:53.852+0000] {dagbag.py:587} INFO - Filling up the DagBag from /opt/airflow/dags/dag_with_postgres_operator.py
[2024-09-23T22:56:53.916+0000] {processor.py:925} INFO - DAG(s) 'dag_with_postgres_operator_v04' retrieved from /opt/airflow/dags/dag_with_postgres_operator.py
[2024-09-23T22:56:53.953+0000] {logging_mixin.py:190} INFO - [2024-09-23T22:56:53.952+0000] {dag.py:3229} INFO - Sync 1 DAGs
[2024-09-23T22:56:53.980+0000] {logging_mixin.py:190} INFO - [2024-09-23T22:56:53.980+0000] {dag.py:4156} INFO - Setting next_dagrun for dag_with_postgres_operator_v04 to 2024-09-23 00:00:00+00:00, run_after=2024-09-24 00:00:00+00:00
[2024-09-23T22:56:54.010+0000] {processor.py:208} INFO - Processing /opt/airflow/dags/dag_with_postgres_operator.py took 0.172 seconds
[2024-09-23T22:57:24.412+0000] {processor.py:186} INFO - Started process (PID=14350) to work on /opt/airflow/dags/dag_with_postgres_operator.py
[2024-09-23T22:57:24.415+0000] {processor.py:914} INFO - Processing file /opt/airflow/dags/dag_with_postgres_operator.py for tasks to queue
[2024-09-23T22:57:24.420+0000] {logging_mixin.py:190} INFO - [2024-09-23T22:57:24.419+0000] {dagbag.py:587} INFO - Filling up the DagBag from /opt/airflow/dags/dag_with_postgres_operator.py
[2024-09-23T22:57:24.603+0000] {processor.py:925} INFO - DAG(s) 'dag_with_postgres_operator_v04' retrieved from /opt/airflow/dags/dag_with_postgres_operator.py
[2024-09-23T22:57:24.700+0000] {logging_mixin.py:190} INFO - [2024-09-23T22:57:24.700+0000] {dag.py:3229} INFO - Sync 1 DAGs
[2024-09-23T22:57:24.758+0000] {logging_mixin.py:190} INFO - [2024-09-23T22:57:24.758+0000] {dag.py:4156} INFO - Setting next_dagrun for dag_with_postgres_operator_v04 to 2024-09-23 00:00:00+00:00, run_after=2024-09-24 00:00:00+00:00
[2024-09-23T22:57:24.827+0000] {processor.py:208} INFO - Processing /opt/airflow/dags/dag_with_postgres_operator.py took 0.428 seconds
[2024-09-23T22:57:55.157+0000] {processor.py:186} INFO - Started process (PID=14383) to work on /opt/airflow/dags/dag_with_postgres_operator.py
[2024-09-23T22:57:55.159+0000] {processor.py:914} INFO - Processing file /opt/airflow/dags/dag_with_postgres_operator.py for tasks to queue
[2024-09-23T22:57:55.162+0000] {logging_mixin.py:190} INFO - [2024-09-23T22:57:55.162+0000] {dagbag.py:587} INFO - Filling up the DagBag from /opt/airflow/dags/dag_with_postgres_operator.py
[2024-09-23T22:57:55.271+0000] {processor.py:925} INFO - DAG(s) 'dag_with_postgres_operator_v04' retrieved from /opt/airflow/dags/dag_with_postgres_operator.py
[2024-09-23T22:57:55.312+0000] {logging_mixin.py:190} INFO - [2024-09-23T22:57:55.312+0000] {dag.py:3229} INFO - Sync 1 DAGs
[2024-09-23T22:57:55.335+0000] {logging_mixin.py:190} INFO - [2024-09-23T22:57:55.335+0000] {dag.py:4156} INFO - Setting next_dagrun for dag_with_postgres_operator_v04 to 2024-09-23 00:00:00+00:00, run_after=2024-09-24 00:00:00+00:00
[2024-09-23T22:57:55.357+0000] {processor.py:208} INFO - Processing /opt/airflow/dags/dag_with_postgres_operator.py took 0.213 seconds
[2024-09-23T22:58:26.083+0000] {processor.py:186} INFO - Started process (PID=14416) to work on /opt/airflow/dags/dag_with_postgres_operator.py
[2024-09-23T22:58:26.085+0000] {processor.py:914} INFO - Processing file /opt/airflow/dags/dag_with_postgres_operator.py for tasks to queue
[2024-09-23T22:58:26.087+0000] {logging_mixin.py:190} INFO - [2024-09-23T22:58:26.086+0000] {dagbag.py:587} INFO - Filling up the DagBag from /opt/airflow/dags/dag_with_postgres_operator.py
[2024-09-23T22:58:26.170+0000] {processor.py:925} INFO - DAG(s) 'dag_with_postgres_operator_v04' retrieved from /opt/airflow/dags/dag_with_postgres_operator.py
[2024-09-23T22:58:26.198+0000] {logging_mixin.py:190} INFO - [2024-09-23T22:58:26.198+0000] {dag.py:3229} INFO - Sync 1 DAGs
[2024-09-23T22:58:26.220+0000] {logging_mixin.py:190} INFO - [2024-09-23T22:58:26.220+0000] {dag.py:4156} INFO - Setting next_dagrun for dag_with_postgres_operator_v04 to 2024-09-23 00:00:00+00:00, run_after=2024-09-24 00:00:00+00:00
[2024-09-23T22:58:26.247+0000] {processor.py:208} INFO - Processing /opt/airflow/dags/dag_with_postgres_operator.py took 0.170 seconds
[2024-09-23T22:58:56.969+0000] {processor.py:186} INFO - Started process (PID=14449) to work on /opt/airflow/dags/dag_with_postgres_operator.py
[2024-09-23T22:58:56.971+0000] {processor.py:914} INFO - Processing file /opt/airflow/dags/dag_with_postgres_operator.py for tasks to queue
[2024-09-23T22:58:56.973+0000] {logging_mixin.py:190} INFO - [2024-09-23T22:58:56.973+0000] {dagbag.py:587} INFO - Filling up the DagBag from /opt/airflow/dags/dag_with_postgres_operator.py
[2024-09-23T22:58:57.084+0000] {processor.py:925} INFO - DAG(s) 'dag_with_postgres_operator_v04' retrieved from /opt/airflow/dags/dag_with_postgres_operator.py
[2024-09-23T22:58:57.112+0000] {logging_mixin.py:190} INFO - [2024-09-23T22:58:57.111+0000] {dag.py:3229} INFO - Sync 1 DAGs
[2024-09-23T22:58:57.134+0000] {logging_mixin.py:190} INFO - [2024-09-23T22:58:57.134+0000] {dag.py:4156} INFO - Setting next_dagrun for dag_with_postgres_operator_v04 to 2024-09-23 00:00:00+00:00, run_after=2024-09-24 00:00:00+00:00
[2024-09-23T22:58:57.161+0000] {processor.py:208} INFO - Processing /opt/airflow/dags/dag_with_postgres_operator.py took 0.203 seconds
[2024-09-23T22:59:27.787+0000] {processor.py:186} INFO - Started process (PID=14482) to work on /opt/airflow/dags/dag_with_postgres_operator.py
[2024-09-23T22:59:27.789+0000] {processor.py:914} INFO - Processing file /opt/airflow/dags/dag_with_postgres_operator.py for tasks to queue
[2024-09-23T22:59:27.794+0000] {logging_mixin.py:190} INFO - [2024-09-23T22:59:27.794+0000] {dagbag.py:587} INFO - Filling up the DagBag from /opt/airflow/dags/dag_with_postgres_operator.py
[2024-09-23T22:59:27.889+0000] {processor.py:925} INFO - DAG(s) 'dag_with_postgres_operator_v04' retrieved from /opt/airflow/dags/dag_with_postgres_operator.py
[2024-09-23T22:59:27.928+0000] {logging_mixin.py:190} INFO - [2024-09-23T22:59:27.928+0000] {dag.py:3229} INFO - Sync 1 DAGs
[2024-09-23T22:59:27.952+0000] {logging_mixin.py:190} INFO - [2024-09-23T22:59:27.952+0000] {dag.py:4156} INFO - Setting next_dagrun for dag_with_postgres_operator_v04 to 2024-09-23 00:00:00+00:00, run_after=2024-09-24 00:00:00+00:00
[2024-09-23T22:59:27.978+0000] {processor.py:208} INFO - Processing /opt/airflow/dags/dag_with_postgres_operator.py took 0.199 seconds
[2024-09-23T22:59:58.735+0000] {processor.py:186} INFO - Started process (PID=14515) to work on /opt/airflow/dags/dag_with_postgres_operator.py
[2024-09-23T22:59:58.738+0000] {processor.py:914} INFO - Processing file /opt/airflow/dags/dag_with_postgres_operator.py for tasks to queue
[2024-09-23T22:59:58.741+0000] {logging_mixin.py:190} INFO - [2024-09-23T22:59:58.740+0000] {dagbag.py:587} INFO - Filling up the DagBag from /opt/airflow/dags/dag_with_postgres_operator.py
[2024-09-23T22:59:58.868+0000] {processor.py:925} INFO - DAG(s) 'dag_with_postgres_operator_v04' retrieved from /opt/airflow/dags/dag_with_postgres_operator.py
[2024-09-23T22:59:58.901+0000] {logging_mixin.py:190} INFO - [2024-09-23T22:59:58.901+0000] {dag.py:3229} INFO - Sync 1 DAGs
[2024-09-23T22:59:58.927+0000] {logging_mixin.py:190} INFO - [2024-09-23T22:59:58.927+0000] {dag.py:4156} INFO - Setting next_dagrun for dag_with_postgres_operator_v04 to 2024-09-23 00:00:00+00:00, run_after=2024-09-24 00:00:00+00:00
[2024-09-23T22:59:58.958+0000] {processor.py:208} INFO - Processing /opt/airflow/dags/dag_with_postgres_operator.py took 0.235 seconds
[2024-09-23T23:00:29.577+0000] {processor.py:186} INFO - Started process (PID=14548) to work on /opt/airflow/dags/dag_with_postgres_operator.py
[2024-09-23T23:00:29.578+0000] {processor.py:914} INFO - Processing file /opt/airflow/dags/dag_with_postgres_operator.py for tasks to queue
[2024-09-23T23:00:29.580+0000] {logging_mixin.py:190} INFO - [2024-09-23T23:00:29.580+0000] {dagbag.py:587} INFO - Filling up the DagBag from /opt/airflow/dags/dag_with_postgres_operator.py
[2024-09-23T23:00:29.682+0000] {processor.py:925} INFO - DAG(s) 'dag_with_postgres_operator_v04' retrieved from /opt/airflow/dags/dag_with_postgres_operator.py
[2024-09-23T23:00:29.722+0000] {logging_mixin.py:190} INFO - [2024-09-23T23:00:29.721+0000] {dag.py:3229} INFO - Sync 1 DAGs
[2024-09-23T23:00:29.748+0000] {logging_mixin.py:190} INFO - [2024-09-23T23:00:29.748+0000] {dag.py:4156} INFO - Setting next_dagrun for dag_with_postgres_operator_v04 to 2024-09-23 00:00:00+00:00, run_after=2024-09-24 00:00:00+00:00
[2024-09-23T23:00:29.777+0000] {processor.py:208} INFO - Processing /opt/airflow/dags/dag_with_postgres_operator.py took 0.207 seconds
[2024-09-23T23:01:00.636+0000] {processor.py:186} INFO - Started process (PID=14581) to work on /opt/airflow/dags/dag_with_postgres_operator.py
[2024-09-23T23:01:00.639+0000] {processor.py:914} INFO - Processing file /opt/airflow/dags/dag_with_postgres_operator.py for tasks to queue
[2024-09-23T23:01:00.644+0000] {logging_mixin.py:190} INFO - [2024-09-23T23:01:00.643+0000] {dagbag.py:587} INFO - Filling up the DagBag from /opt/airflow/dags/dag_with_postgres_operator.py
[2024-09-23T23:01:00.774+0000] {processor.py:925} INFO - DAG(s) 'dag_with_postgres_operator_v04' retrieved from /opt/airflow/dags/dag_with_postgres_operator.py
[2024-09-23T23:01:00.805+0000] {logging_mixin.py:190} INFO - [2024-09-23T23:01:00.805+0000] {dag.py:3229} INFO - Sync 1 DAGs
[2024-09-23T23:01:00.835+0000] {logging_mixin.py:190} INFO - [2024-09-23T23:01:00.834+0000] {dag.py:4156} INFO - Setting next_dagrun for dag_with_postgres_operator_v04 to 2024-09-23 00:00:00+00:00, run_after=2024-09-24 00:00:00+00:00
[2024-09-23T23:01:00.863+0000] {processor.py:208} INFO - Processing /opt/airflow/dags/dag_with_postgres_operator.py took 0.238 seconds
[2024-09-23T23:01:31.340+0000] {processor.py:186} INFO - Started process (PID=14614) to work on /opt/airflow/dags/dag_with_postgres_operator.py
[2024-09-23T23:01:31.344+0000] {processor.py:914} INFO - Processing file /opt/airflow/dags/dag_with_postgres_operator.py for tasks to queue
[2024-09-23T23:01:31.353+0000] {logging_mixin.py:190} INFO - [2024-09-23T23:01:31.349+0000] {dagbag.py:587} INFO - Filling up the DagBag from /opt/airflow/dags/dag_with_postgres_operator.py
[2024-09-23T23:01:31.454+0000] {processor.py:925} INFO - DAG(s) 'dag_with_postgres_operator_v04' retrieved from /opt/airflow/dags/dag_with_postgres_operator.py
[2024-09-23T23:01:31.486+0000] {logging_mixin.py:190} INFO - [2024-09-23T23:01:31.486+0000] {dag.py:3229} INFO - Sync 1 DAGs
[2024-09-23T23:01:31.513+0000] {logging_mixin.py:190} INFO - [2024-09-23T23:01:31.513+0000] {dag.py:4156} INFO - Setting next_dagrun for dag_with_postgres_operator_v04 to 2024-09-23 00:00:00+00:00, run_after=2024-09-24 00:00:00+00:00
[2024-09-23T23:01:31.540+0000] {processor.py:208} INFO - Processing /opt/airflow/dags/dag_with_postgres_operator.py took 0.212 seconds
[2024-09-23T23:02:02.226+0000] {processor.py:186} INFO - Started process (PID=14647) to work on /opt/airflow/dags/dag_with_postgres_operator.py
[2024-09-23T23:02:02.230+0000] {processor.py:914} INFO - Processing file /opt/airflow/dags/dag_with_postgres_operator.py for tasks to queue
[2024-09-23T23:02:02.235+0000] {logging_mixin.py:190} INFO - [2024-09-23T23:02:02.234+0000] {dagbag.py:587} INFO - Filling up the DagBag from /opt/airflow/dags/dag_with_postgres_operator.py
[2024-09-23T23:02:02.362+0000] {processor.py:925} INFO - DAG(s) 'dag_with_postgres_operator_v04' retrieved from /opt/airflow/dags/dag_with_postgres_operator.py
[2024-09-23T23:02:02.421+0000] {logging_mixin.py:190} INFO - [2024-09-23T23:02:02.421+0000] {dag.py:3229} INFO - Sync 1 DAGs
[2024-09-23T23:02:02.445+0000] {logging_mixin.py:190} INFO - [2024-09-23T23:02:02.445+0000] {dag.py:4156} INFO - Setting next_dagrun for dag_with_postgres_operator_v04 to 2024-09-23 00:00:00+00:00, run_after=2024-09-24 00:00:00+00:00
[2024-09-23T23:02:02.472+0000] {processor.py:208} INFO - Processing /opt/airflow/dags/dag_with_postgres_operator.py took 0.263 seconds
[2024-09-23T23:02:33.124+0000] {processor.py:186} INFO - Started process (PID=14680) to work on /opt/airflow/dags/dag_with_postgres_operator.py
[2024-09-23T23:02:33.126+0000] {processor.py:914} INFO - Processing file /opt/airflow/dags/dag_with_postgres_operator.py for tasks to queue
[2024-09-23T23:02:33.128+0000] {logging_mixin.py:190} INFO - [2024-09-23T23:02:33.127+0000] {dagbag.py:587} INFO - Filling up the DagBag from /opt/airflow/dags/dag_with_postgres_operator.py
[2024-09-23T23:02:33.245+0000] {processor.py:925} INFO - DAG(s) 'dag_with_postgres_operator_v04' retrieved from /opt/airflow/dags/dag_with_postgres_operator.py
[2024-09-23T23:02:33.280+0000] {logging_mixin.py:190} INFO - [2024-09-23T23:02:33.280+0000] {dag.py:3229} INFO - Sync 1 DAGs
[2024-09-23T23:02:33.304+0000] {logging_mixin.py:190} INFO - [2024-09-23T23:02:33.303+0000] {dag.py:4156} INFO - Setting next_dagrun for dag_with_postgres_operator_v04 to 2024-09-23 00:00:00+00:00, run_after=2024-09-24 00:00:00+00:00
[2024-09-23T23:02:33.329+0000] {processor.py:208} INFO - Processing /opt/airflow/dags/dag_with_postgres_operator.py took 0.214 seconds
[2024-09-23T23:03:03.698+0000] {processor.py:186} INFO - Started process (PID=14713) to work on /opt/airflow/dags/dag_with_postgres_operator.py
[2024-09-23T23:03:03.700+0000] {processor.py:914} INFO - Processing file /opt/airflow/dags/dag_with_postgres_operator.py for tasks to queue
[2024-09-23T23:03:03.702+0000] {logging_mixin.py:190} INFO - [2024-09-23T23:03:03.702+0000] {dagbag.py:587} INFO - Filling up the DagBag from /opt/airflow/dags/dag_with_postgres_operator.py
[2024-09-23T23:03:03.784+0000] {processor.py:925} INFO - DAG(s) 'dag_with_postgres_operator_v04' retrieved from /opt/airflow/dags/dag_with_postgres_operator.py
[2024-09-23T23:03:03.814+0000] {logging_mixin.py:190} INFO - [2024-09-23T23:03:03.814+0000] {dag.py:3229} INFO - Sync 1 DAGs
[2024-09-23T23:03:03.844+0000] {logging_mixin.py:190} INFO - [2024-09-23T23:03:03.844+0000] {dag.py:4156} INFO - Setting next_dagrun for dag_with_postgres_operator_v04 to 2024-09-23 00:00:00+00:00, run_after=2024-09-24 00:00:00+00:00
[2024-09-23T23:03:03.871+0000] {processor.py:208} INFO - Processing /opt/airflow/dags/dag_with_postgres_operator.py took 0.180 seconds
[2024-09-23T23:03:34.847+0000] {processor.py:186} INFO - Started process (PID=14746) to work on /opt/airflow/dags/dag_with_postgres_operator.py
[2024-09-23T23:03:34.849+0000] {processor.py:914} INFO - Processing file /opt/airflow/dags/dag_with_postgres_operator.py for tasks to queue
[2024-09-23T23:03:34.852+0000] {logging_mixin.py:190} INFO - [2024-09-23T23:03:34.851+0000] {dagbag.py:587} INFO - Filling up the DagBag from /opt/airflow/dags/dag_with_postgres_operator.py
[2024-09-23T23:03:34.976+0000] {processor.py:925} INFO - DAG(s) 'dag_with_postgres_operator_v04' retrieved from /opt/airflow/dags/dag_with_postgres_operator.py
[2024-09-23T23:03:35.019+0000] {logging_mixin.py:190} INFO - [2024-09-23T23:03:35.019+0000] {dag.py:3229} INFO - Sync 1 DAGs
[2024-09-23T23:03:35.047+0000] {logging_mixin.py:190} INFO - [2024-09-23T23:03:35.047+0000] {dag.py:4156} INFO - Setting next_dagrun for dag_with_postgres_operator_v04 to 2024-09-23 00:00:00+00:00, run_after=2024-09-24 00:00:00+00:00
[2024-09-23T23:03:35.074+0000] {processor.py:208} INFO - Processing /opt/airflow/dags/dag_with_postgres_operator.py took 0.242 seconds
[2024-09-23T23:04:05.547+0000] {processor.py:186} INFO - Started process (PID=14779) to work on /opt/airflow/dags/dag_with_postgres_operator.py
[2024-09-23T23:04:05.549+0000] {processor.py:914} INFO - Processing file /opt/airflow/dags/dag_with_postgres_operator.py for tasks to queue
[2024-09-23T23:04:05.553+0000] {logging_mixin.py:190} INFO - [2024-09-23T23:04:05.552+0000] {dagbag.py:587} INFO - Filling up the DagBag from /opt/airflow/dags/dag_with_postgres_operator.py
[2024-09-23T23:04:05.645+0000] {processor.py:925} INFO - DAG(s) 'dag_with_postgres_operator_v04' retrieved from /opt/airflow/dags/dag_with_postgres_operator.py
[2024-09-23T23:04:05.671+0000] {logging_mixin.py:190} INFO - [2024-09-23T23:04:05.671+0000] {dag.py:3229} INFO - Sync 1 DAGs
[2024-09-23T23:04:05.693+0000] {logging_mixin.py:190} INFO - [2024-09-23T23:04:05.692+0000] {dag.py:4156} INFO - Setting next_dagrun for dag_with_postgres_operator_v04 to 2024-09-23 00:00:00+00:00, run_after=2024-09-24 00:00:00+00:00
[2024-09-23T23:04:05.716+0000] {processor.py:208} INFO - Processing /opt/airflow/dags/dag_with_postgres_operator.py took 0.180 seconds
[2024-09-23T23:04:36.053+0000] {processor.py:186} INFO - Started process (PID=14812) to work on /opt/airflow/dags/dag_with_postgres_operator.py
[2024-09-23T23:04:36.055+0000] {processor.py:914} INFO - Processing file /opt/airflow/dags/dag_with_postgres_operator.py for tasks to queue
[2024-09-23T23:04:36.057+0000] {logging_mixin.py:190} INFO - [2024-09-23T23:04:36.057+0000] {dagbag.py:587} INFO - Filling up the DagBag from /opt/airflow/dags/dag_with_postgres_operator.py
[2024-09-23T23:04:36.181+0000] {processor.py:925} INFO - DAG(s) 'dag_with_postgres_operator_v04' retrieved from /opt/airflow/dags/dag_with_postgres_operator.py
[2024-09-23T23:04:36.211+0000] {logging_mixin.py:190} INFO - [2024-09-23T23:04:36.211+0000] {dag.py:3229} INFO - Sync 1 DAGs
[2024-09-23T23:04:36.243+0000] {logging_mixin.py:190} INFO - [2024-09-23T23:04:36.242+0000] {dag.py:4156} INFO - Setting next_dagrun for dag_with_postgres_operator_v04 to 2024-09-23 00:00:00+00:00, run_after=2024-09-24 00:00:00+00:00
[2024-09-23T23:04:36.270+0000] {processor.py:208} INFO - Processing /opt/airflow/dags/dag_with_postgres_operator.py took 0.224 seconds
[2024-09-23T23:05:07.205+0000] {processor.py:186} INFO - Started process (PID=14845) to work on /opt/airflow/dags/dag_with_postgres_operator.py
[2024-09-23T23:05:07.206+0000] {processor.py:914} INFO - Processing file /opt/airflow/dags/dag_with_postgres_operator.py for tasks to queue
[2024-09-23T23:05:07.212+0000] {logging_mixin.py:190} INFO - [2024-09-23T23:05:07.211+0000] {dagbag.py:587} INFO - Filling up the DagBag from /opt/airflow/dags/dag_with_postgres_operator.py
[2024-09-23T23:05:07.326+0000] {processor.py:925} INFO - DAG(s) 'dag_with_postgres_operator_v04' retrieved from /opt/airflow/dags/dag_with_postgres_operator.py
[2024-09-23T23:05:07.394+0000] {logging_mixin.py:190} INFO - [2024-09-23T23:05:07.393+0000] {dag.py:3229} INFO - Sync 1 DAGs
[2024-09-23T23:05:07.452+0000] {logging_mixin.py:190} INFO - [2024-09-23T23:05:07.451+0000] {dag.py:4156} INFO - Setting next_dagrun for dag_with_postgres_operator_v04 to 2024-09-23 00:00:00+00:00, run_after=2024-09-24 00:00:00+00:00
[2024-09-23T23:05:07.498+0000] {processor.py:208} INFO - Processing /opt/airflow/dags/dag_with_postgres_operator.py took 0.300 seconds
[2024-09-23T23:05:37.767+0000] {processor.py:186} INFO - Started process (PID=14878) to work on /opt/airflow/dags/dag_with_postgres_operator.py
[2024-09-23T23:05:37.769+0000] {processor.py:914} INFO - Processing file /opt/airflow/dags/dag_with_postgres_operator.py for tasks to queue
[2024-09-23T23:05:37.772+0000] {logging_mixin.py:190} INFO - [2024-09-23T23:05:37.771+0000] {dagbag.py:587} INFO - Filling up the DagBag from /opt/airflow/dags/dag_with_postgres_operator.py
[2024-09-23T23:05:37.860+0000] {processor.py:925} INFO - DAG(s) 'dag_with_postgres_operator_v04' retrieved from /opt/airflow/dags/dag_with_postgres_operator.py
[2024-09-23T23:05:37.890+0000] {logging_mixin.py:190} INFO - [2024-09-23T23:05:37.890+0000] {dag.py:3229} INFO - Sync 1 DAGs
[2024-09-23T23:05:37.919+0000] {logging_mixin.py:190} INFO - [2024-09-23T23:05:37.918+0000] {dag.py:4156} INFO - Setting next_dagrun for dag_with_postgres_operator_v04 to 2024-09-23 00:00:00+00:00, run_after=2024-09-24 00:00:00+00:00
[2024-09-23T23:05:37.946+0000] {processor.py:208} INFO - Processing /opt/airflow/dags/dag_with_postgres_operator.py took 0.184 seconds
[2024-09-23T23:06:08.255+0000] {processor.py:186} INFO - Started process (PID=14911) to work on /opt/airflow/dags/dag_with_postgres_operator.py
[2024-09-23T23:06:08.257+0000] {processor.py:914} INFO - Processing file /opt/airflow/dags/dag_with_postgres_operator.py for tasks to queue
[2024-09-23T23:06:08.260+0000] {logging_mixin.py:190} INFO - [2024-09-23T23:06:08.259+0000] {dagbag.py:587} INFO - Filling up the DagBag from /opt/airflow/dags/dag_with_postgres_operator.py
[2024-09-23T23:06:08.379+0000] {processor.py:925} INFO - DAG(s) 'dag_with_postgres_operator_v04' retrieved from /opt/airflow/dags/dag_with_postgres_operator.py
[2024-09-23T23:06:08.410+0000] {logging_mixin.py:190} INFO - [2024-09-23T23:06:08.409+0000] {dag.py:3229} INFO - Sync 1 DAGs
[2024-09-23T23:06:08.437+0000] {logging_mixin.py:190} INFO - [2024-09-23T23:06:08.436+0000] {dag.py:4156} INFO - Setting next_dagrun for dag_with_postgres_operator_v04 to 2024-09-23 00:00:00+00:00, run_after=2024-09-24 00:00:00+00:00
[2024-09-23T23:06:08.463+0000] {processor.py:208} INFO - Processing /opt/airflow/dags/dag_with_postgres_operator.py took 0.217 seconds
[2024-09-23T23:06:39.099+0000] {processor.py:186} INFO - Started process (PID=14944) to work on /opt/airflow/dags/dag_with_postgres_operator.py
[2024-09-23T23:06:39.101+0000] {processor.py:914} INFO - Processing file /opt/airflow/dags/dag_with_postgres_operator.py for tasks to queue
[2024-09-23T23:06:39.103+0000] {logging_mixin.py:190} INFO - [2024-09-23T23:06:39.102+0000] {dagbag.py:587} INFO - Filling up the DagBag from /opt/airflow/dags/dag_with_postgres_operator.py
[2024-09-23T23:06:39.182+0000] {processor.py:925} INFO - DAG(s) 'dag_with_postgres_operator_v04' retrieved from /opt/airflow/dags/dag_with_postgres_operator.py
[2024-09-23T23:06:39.210+0000] {logging_mixin.py:190} INFO - [2024-09-23T23:06:39.210+0000] {dag.py:3229} INFO - Sync 1 DAGs
[2024-09-23T23:06:39.239+0000] {logging_mixin.py:190} INFO - [2024-09-23T23:06:39.238+0000] {dag.py:4156} INFO - Setting next_dagrun for dag_with_postgres_operator_v04 to 2024-09-23 00:00:00+00:00, run_after=2024-09-24 00:00:00+00:00
[2024-09-23T23:06:39.268+0000] {processor.py:208} INFO - Processing /opt/airflow/dags/dag_with_postgres_operator.py took 0.175 seconds
[2024-09-23T23:07:09.897+0000] {processor.py:186} INFO - Started process (PID=14977) to work on /opt/airflow/dags/dag_with_postgres_operator.py
[2024-09-23T23:07:09.899+0000] {processor.py:914} INFO - Processing file /opt/airflow/dags/dag_with_postgres_operator.py for tasks to queue
[2024-09-23T23:07:09.902+0000] {logging_mixin.py:190} INFO - [2024-09-23T23:07:09.901+0000] {dagbag.py:587} INFO - Filling up the DagBag from /opt/airflow/dags/dag_with_postgres_operator.py
[2024-09-23T23:07:10.012+0000] {processor.py:925} INFO - DAG(s) 'dag_with_postgres_operator_v04' retrieved from /opt/airflow/dags/dag_with_postgres_operator.py
[2024-09-23T23:07:10.042+0000] {logging_mixin.py:190} INFO - [2024-09-23T23:07:10.042+0000] {dag.py:3229} INFO - Sync 1 DAGs
[2024-09-23T23:07:10.069+0000] {logging_mixin.py:190} INFO - [2024-09-23T23:07:10.069+0000] {dag.py:4156} INFO - Setting next_dagrun for dag_with_postgres_operator_v04 to 2024-09-23 00:00:00+00:00, run_after=2024-09-24 00:00:00+00:00
[2024-09-23T23:07:10.093+0000] {processor.py:208} INFO - Processing /opt/airflow/dags/dag_with_postgres_operator.py took 0.204 seconds
[2024-09-23T23:07:41.027+0000] {processor.py:186} INFO - Started process (PID=15010) to work on /opt/airflow/dags/dag_with_postgres_operator.py
[2024-09-23T23:07:41.030+0000] {processor.py:914} INFO - Processing file /opt/airflow/dags/dag_with_postgres_operator.py for tasks to queue
[2024-09-23T23:07:41.043+0000] {logging_mixin.py:190} INFO - [2024-09-23T23:07:41.043+0000] {dagbag.py:587} INFO - Filling up the DagBag from /opt/airflow/dags/dag_with_postgres_operator.py
[2024-09-23T23:07:41.228+0000] {processor.py:925} INFO - DAG(s) 'dag_with_postgres_operator_v04' retrieved from /opt/airflow/dags/dag_with_postgres_operator.py
[2024-09-23T23:07:41.282+0000] {logging_mixin.py:190} INFO - [2024-09-23T23:07:41.281+0000] {dag.py:3229} INFO - Sync 1 DAGs
[2024-09-23T23:07:41.313+0000] {logging_mixin.py:190} INFO - [2024-09-23T23:07:41.312+0000] {dag.py:4156} INFO - Setting next_dagrun for dag_with_postgres_operator_v04 to 2024-09-23 00:00:00+00:00, run_after=2024-09-24 00:00:00+00:00
[2024-09-23T23:07:41.348+0000] {processor.py:208} INFO - Processing /opt/airflow/dags/dag_with_postgres_operator.py took 0.336 seconds
[2024-09-23T23:08:11.896+0000] {processor.py:186} INFO - Started process (PID=15043) to work on /opt/airflow/dags/dag_with_postgres_operator.py
[2024-09-23T23:08:11.898+0000] {processor.py:914} INFO - Processing file /opt/airflow/dags/dag_with_postgres_operator.py for tasks to queue
[2024-09-23T23:08:11.902+0000] {logging_mixin.py:190} INFO - [2024-09-23T23:08:11.901+0000] {dagbag.py:587} INFO - Filling up the DagBag from /opt/airflow/dags/dag_with_postgres_operator.py
[2024-09-23T23:08:12.015+0000] {processor.py:925} INFO - DAG(s) 'dag_with_postgres_operator_v04' retrieved from /opt/airflow/dags/dag_with_postgres_operator.py
[2024-09-23T23:08:12.043+0000] {logging_mixin.py:190} INFO - [2024-09-23T23:08:12.043+0000] {dag.py:3229} INFO - Sync 1 DAGs
[2024-09-23T23:08:12.065+0000] {logging_mixin.py:190} INFO - [2024-09-23T23:08:12.065+0000] {dag.py:4156} INFO - Setting next_dagrun for dag_with_postgres_operator_v04 to 2024-09-23 00:00:00+00:00, run_after=2024-09-24 00:00:00+00:00
[2024-09-23T23:08:12.092+0000] {processor.py:208} INFO - Processing /opt/airflow/dags/dag_with_postgres_operator.py took 0.205 seconds
[2024-09-23T23:08:42.967+0000] {processor.py:186} INFO - Started process (PID=15076) to work on /opt/airflow/dags/dag_with_postgres_operator.py
[2024-09-23T23:08:42.968+0000] {processor.py:914} INFO - Processing file /opt/airflow/dags/dag_with_postgres_operator.py for tasks to queue
[2024-09-23T23:08:42.972+0000] {logging_mixin.py:190} INFO - [2024-09-23T23:08:42.971+0000] {dagbag.py:587} INFO - Filling up the DagBag from /opt/airflow/dags/dag_with_postgres_operator.py
[2024-09-23T23:08:43.079+0000] {processor.py:925} INFO - DAG(s) 'dag_with_postgres_operator_v04' retrieved from /opt/airflow/dags/dag_with_postgres_operator.py
[2024-09-23T23:08:43.110+0000] {logging_mixin.py:190} INFO - [2024-09-23T23:08:43.110+0000] {dag.py:3229} INFO - Sync 1 DAGs
[2024-09-23T23:08:43.135+0000] {logging_mixin.py:190} INFO - [2024-09-23T23:08:43.134+0000] {dag.py:4156} INFO - Setting next_dagrun for dag_with_postgres_operator_v04 to 2024-09-23 00:00:00+00:00, run_after=2024-09-24 00:00:00+00:00
[2024-09-23T23:08:43.165+0000] {processor.py:208} INFO - Processing /opt/airflow/dags/dag_with_postgres_operator.py took 0.212 seconds
[2024-09-23T23:09:13.908+0000] {processor.py:186} INFO - Started process (PID=15109) to work on /opt/airflow/dags/dag_with_postgres_operator.py
[2024-09-23T23:09:13.910+0000] {processor.py:914} INFO - Processing file /opt/airflow/dags/dag_with_postgres_operator.py for tasks to queue
[2024-09-23T23:09:13.912+0000] {logging_mixin.py:190} INFO - [2024-09-23T23:09:13.911+0000] {dagbag.py:587} INFO - Filling up the DagBag from /opt/airflow/dags/dag_with_postgres_operator.py
[2024-09-23T23:09:13.980+0000] {processor.py:925} INFO - DAG(s) 'dag_with_postgres_operator_v04' retrieved from /opt/airflow/dags/dag_with_postgres_operator.py
[2024-09-23T23:09:14.016+0000] {logging_mixin.py:190} INFO - [2024-09-23T23:09:14.016+0000] {dag.py:3229} INFO - Sync 1 DAGs
[2024-09-23T23:09:14.047+0000] {logging_mixin.py:190} INFO - [2024-09-23T23:09:14.047+0000] {dag.py:4156} INFO - Setting next_dagrun for dag_with_postgres_operator_v04 to 2024-09-23 00:00:00+00:00, run_after=2024-09-24 00:00:00+00:00
[2024-09-23T23:09:14.077+0000] {processor.py:208} INFO - Processing /opt/airflow/dags/dag_with_postgres_operator.py took 0.176 seconds
[2024-09-23T23:09:44.580+0000] {processor.py:186} INFO - Started process (PID=15142) to work on /opt/airflow/dags/dag_with_postgres_operator.py
[2024-09-23T23:09:44.581+0000] {processor.py:914} INFO - Processing file /opt/airflow/dags/dag_with_postgres_operator.py for tasks to queue
[2024-09-23T23:09:44.584+0000] {logging_mixin.py:190} INFO - [2024-09-23T23:09:44.583+0000] {dagbag.py:587} INFO - Filling up the DagBag from /opt/airflow/dags/dag_with_postgres_operator.py
[2024-09-23T23:09:44.647+0000] {processor.py:925} INFO - DAG(s) 'dag_with_postgres_operator_v04' retrieved from /opt/airflow/dags/dag_with_postgres_operator.py
[2024-09-23T23:09:44.683+0000] {logging_mixin.py:190} INFO - [2024-09-23T23:09:44.683+0000] {dag.py:3229} INFO - Sync 1 DAGs
[2024-09-23T23:09:44.719+0000] {logging_mixin.py:190} INFO - [2024-09-23T23:09:44.719+0000] {dag.py:4156} INFO - Setting next_dagrun for dag_with_postgres_operator_v04 to 2024-09-23 00:00:00+00:00, run_after=2024-09-24 00:00:00+00:00
[2024-09-23T23:09:44.754+0000] {processor.py:208} INFO - Processing /opt/airflow/dags/dag_with_postgres_operator.py took 0.180 seconds
[2024-09-23T23:10:15.466+0000] {processor.py:186} INFO - Started process (PID=15175) to work on /opt/airflow/dags/dag_with_postgres_operator.py
[2024-09-23T23:10:15.470+0000] {processor.py:914} INFO - Processing file /opt/airflow/dags/dag_with_postgres_operator.py for tasks to queue
[2024-09-23T23:10:15.476+0000] {logging_mixin.py:190} INFO - [2024-09-23T23:10:15.475+0000] {dagbag.py:587} INFO - Filling up the DagBag from /opt/airflow/dags/dag_with_postgres_operator.py
[2024-09-23T23:10:15.609+0000] {processor.py:925} INFO - DAG(s) 'dag_with_postgres_operator_v04' retrieved from /opt/airflow/dags/dag_with_postgres_operator.py
[2024-09-23T23:10:15.660+0000] {logging_mixin.py:190} INFO - [2024-09-23T23:10:15.660+0000] {dag.py:3229} INFO - Sync 1 DAGs
[2024-09-23T23:10:15.693+0000] {logging_mixin.py:190} INFO - [2024-09-23T23:10:15.692+0000] {dag.py:4156} INFO - Setting next_dagrun for dag_with_postgres_operator_v04 to 2024-09-23 00:00:00+00:00, run_after=2024-09-24 00:00:00+00:00
[2024-09-23T23:10:15.728+0000] {processor.py:208} INFO - Processing /opt/airflow/dags/dag_with_postgres_operator.py took 0.284 seconds
[2024-09-23T23:10:46.731+0000] {processor.py:186} INFO - Started process (PID=15208) to work on /opt/airflow/dags/dag_with_postgres_operator.py
[2024-09-23T23:10:46.738+0000] {processor.py:914} INFO - Processing file /opt/airflow/dags/dag_with_postgres_operator.py for tasks to queue
[2024-09-23T23:10:46.743+0000] {logging_mixin.py:190} INFO - [2024-09-23T23:10:46.742+0000] {dagbag.py:587} INFO - Filling up the DagBag from /opt/airflow/dags/dag_with_postgres_operator.py
[2024-09-23T23:10:46.898+0000] {processor.py:925} INFO - DAG(s) 'dag_with_postgres_operator_v04' retrieved from /opt/airflow/dags/dag_with_postgres_operator.py
[2024-09-23T23:10:46.948+0000] {logging_mixin.py:190} INFO - [2024-09-23T23:10:46.948+0000] {dag.py:3229} INFO - Sync 1 DAGs
[2024-09-23T23:10:46.997+0000] {logging_mixin.py:190} INFO - [2024-09-23T23:10:46.997+0000] {dag.py:4156} INFO - Setting next_dagrun for dag_with_postgres_operator_v04 to 2024-09-23 00:00:00+00:00, run_after=2024-09-24 00:00:00+00:00
[2024-09-23T23:10:47.048+0000] {processor.py:208} INFO - Processing /opt/airflow/dags/dag_with_postgres_operator.py took 0.327 seconds
[2024-09-23T23:11:17.528+0000] {processor.py:186} INFO - Started process (PID=15241) to work on /opt/airflow/dags/dag_with_postgres_operator.py
[2024-09-23T23:11:17.530+0000] {processor.py:914} INFO - Processing file /opt/airflow/dags/dag_with_postgres_operator.py for tasks to queue
[2024-09-23T23:11:17.532+0000] {logging_mixin.py:190} INFO - [2024-09-23T23:11:17.532+0000] {dagbag.py:587} INFO - Filling up the DagBag from /opt/airflow/dags/dag_with_postgres_operator.py
[2024-09-23T23:11:17.614+0000] {processor.py:925} INFO - DAG(s) 'dag_with_postgres_operator_v04' retrieved from /opt/airflow/dags/dag_with_postgres_operator.py
[2024-09-23T23:11:17.648+0000] {logging_mixin.py:190} INFO - [2024-09-23T23:11:17.647+0000] {dag.py:3229} INFO - Sync 1 DAGs
[2024-09-23T23:11:17.675+0000] {logging_mixin.py:190} INFO - [2024-09-23T23:11:17.675+0000] {dag.py:4156} INFO - Setting next_dagrun for dag_with_postgres_operator_v04 to 2024-09-23 00:00:00+00:00, run_after=2024-09-24 00:00:00+00:00
[2024-09-23T23:11:17.703+0000] {processor.py:208} INFO - Processing /opt/airflow/dags/dag_with_postgres_operator.py took 0.183 seconds
[2024-09-23T23:11:47.987+0000] {processor.py:186} INFO - Started process (PID=15274) to work on /opt/airflow/dags/dag_with_postgres_operator.py
[2024-09-23T23:11:47.989+0000] {processor.py:914} INFO - Processing file /opt/airflow/dags/dag_with_postgres_operator.py for tasks to queue
[2024-09-23T23:11:47.993+0000] {logging_mixin.py:190} INFO - [2024-09-23T23:11:47.992+0000] {dagbag.py:587} INFO - Filling up the DagBag from /opt/airflow/dags/dag_with_postgres_operator.py
[2024-09-23T23:11:48.106+0000] {processor.py:925} INFO - DAG(s) 'dag_with_postgres_operator_v04' retrieved from /opt/airflow/dags/dag_with_postgres_operator.py
[2024-09-23T23:11:48.143+0000] {logging_mixin.py:190} INFO - [2024-09-23T23:11:48.143+0000] {dag.py:3229} INFO - Sync 1 DAGs
[2024-09-23T23:11:48.171+0000] {logging_mixin.py:190} INFO - [2024-09-23T23:11:48.171+0000] {dag.py:4156} INFO - Setting next_dagrun for dag_with_postgres_operator_v04 to 2024-09-23 00:00:00+00:00, run_after=2024-09-24 00:00:00+00:00
[2024-09-23T23:11:48.206+0000] {processor.py:208} INFO - Processing /opt/airflow/dags/dag_with_postgres_operator.py took 0.226 seconds
[2024-09-23T23:12:18.608+0000] {processor.py:186} INFO - Started process (PID=15307) to work on /opt/airflow/dags/dag_with_postgres_operator.py
[2024-09-23T23:12:18.609+0000] {processor.py:914} INFO - Processing file /opt/airflow/dags/dag_with_postgres_operator.py for tasks to queue
[2024-09-23T23:12:18.611+0000] {logging_mixin.py:190} INFO - [2024-09-23T23:12:18.611+0000] {dagbag.py:587} INFO - Filling up the DagBag from /opt/airflow/dags/dag_with_postgres_operator.py
[2024-09-23T23:12:18.699+0000] {processor.py:925} INFO - DAG(s) 'dag_with_postgres_operator_v04' retrieved from /opt/airflow/dags/dag_with_postgres_operator.py
[2024-09-23T23:12:18.727+0000] {logging_mixin.py:190} INFO - [2024-09-23T23:12:18.726+0000] {dag.py:3229} INFO - Sync 1 DAGs
[2024-09-23T23:12:18.751+0000] {logging_mixin.py:190} INFO - [2024-09-23T23:12:18.751+0000] {dag.py:4156} INFO - Setting next_dagrun for dag_with_postgres_operator_v04 to 2024-09-23 00:00:00+00:00, run_after=2024-09-24 00:00:00+00:00
[2024-09-23T23:12:18.779+0000] {processor.py:208} INFO - Processing /opt/airflow/dags/dag_with_postgres_operator.py took 0.180 seconds
[2024-09-23T23:12:49.327+0000] {processor.py:186} INFO - Started process (PID=15340) to work on /opt/airflow/dags/dag_with_postgres_operator.py
[2024-09-23T23:12:49.329+0000] {processor.py:914} INFO - Processing file /opt/airflow/dags/dag_with_postgres_operator.py for tasks to queue
[2024-09-23T23:12:49.334+0000] {logging_mixin.py:190} INFO - [2024-09-23T23:12:49.333+0000] {dagbag.py:587} INFO - Filling up the DagBag from /opt/airflow/dags/dag_with_postgres_operator.py
[2024-09-23T23:12:49.465+0000] {processor.py:925} INFO - DAG(s) 'dag_with_postgres_operator_v04' retrieved from /opt/airflow/dags/dag_with_postgres_operator.py
[2024-09-23T23:12:49.517+0000] {logging_mixin.py:190} INFO - [2024-09-23T23:12:49.517+0000] {dag.py:3229} INFO - Sync 1 DAGs
[2024-09-23T23:12:49.545+0000] {logging_mixin.py:190} INFO - [2024-09-23T23:12:49.545+0000] {dag.py:4156} INFO - Setting next_dagrun for dag_with_postgres_operator_v04 to 2024-09-23 00:00:00+00:00, run_after=2024-09-24 00:00:00+00:00
[2024-09-23T23:12:49.582+0000] {processor.py:208} INFO - Processing /opt/airflow/dags/dag_with_postgres_operator.py took 0.262 seconds
[2024-09-23T23:13:20.302+0000] {processor.py:186} INFO - Started process (PID=15373) to work on /opt/airflow/dags/dag_with_postgres_operator.py
[2024-09-23T23:13:20.303+0000] {processor.py:914} INFO - Processing file /opt/airflow/dags/dag_with_postgres_operator.py for tasks to queue
[2024-09-23T23:13:20.305+0000] {logging_mixin.py:190} INFO - [2024-09-23T23:13:20.305+0000] {dagbag.py:587} INFO - Filling up the DagBag from /opt/airflow/dags/dag_with_postgres_operator.py
[2024-09-23T23:13:20.376+0000] {processor.py:925} INFO - DAG(s) 'dag_with_postgres_operator_v04' retrieved from /opt/airflow/dags/dag_with_postgres_operator.py
[2024-09-23T23:13:20.409+0000] {logging_mixin.py:190} INFO - [2024-09-23T23:13:20.408+0000] {dag.py:3229} INFO - Sync 1 DAGs
[2024-09-23T23:13:20.431+0000] {logging_mixin.py:190} INFO - [2024-09-23T23:13:20.430+0000] {dag.py:4156} INFO - Setting next_dagrun for dag_with_postgres_operator_v04 to 2024-09-23 00:00:00+00:00, run_after=2024-09-24 00:00:00+00:00
[2024-09-23T23:13:20.457+0000] {processor.py:208} INFO - Processing /opt/airflow/dags/dag_with_postgres_operator.py took 0.161 seconds
[2024-09-23T23:13:50.858+0000] {processor.py:186} INFO - Started process (PID=15406) to work on /opt/airflow/dags/dag_with_postgres_operator.py
[2024-09-23T23:13:50.860+0000] {processor.py:914} INFO - Processing file /opt/airflow/dags/dag_with_postgres_operator.py for tasks to queue
[2024-09-23T23:13:50.862+0000] {logging_mixin.py:190} INFO - [2024-09-23T23:13:50.862+0000] {dagbag.py:587} INFO - Filling up the DagBag from /opt/airflow/dags/dag_with_postgres_operator.py
[2024-09-23T23:13:50.975+0000] {processor.py:925} INFO - DAG(s) 'dag_with_postgres_operator_v04' retrieved from /opt/airflow/dags/dag_with_postgres_operator.py
[2024-09-23T23:13:51.027+0000] {logging_mixin.py:190} INFO - [2024-09-23T23:13:51.027+0000] {dag.py:3229} INFO - Sync 1 DAGs
[2024-09-23T23:13:51.052+0000] {logging_mixin.py:190} INFO - [2024-09-23T23:13:51.052+0000] {dag.py:4156} INFO - Setting next_dagrun for dag_with_postgres_operator_v04 to 2024-09-23 00:00:00+00:00, run_after=2024-09-24 00:00:00+00:00
[2024-09-23T23:13:51.086+0000] {processor.py:208} INFO - Processing /opt/airflow/dags/dag_with_postgres_operator.py took 0.234 seconds
[2024-09-23T23:14:21.427+0000] {processor.py:186} INFO - Started process (PID=15439) to work on /opt/airflow/dags/dag_with_postgres_operator.py
[2024-09-23T23:14:21.429+0000] {processor.py:914} INFO - Processing file /opt/airflow/dags/dag_with_postgres_operator.py for tasks to queue
[2024-09-23T23:14:21.431+0000] {logging_mixin.py:190} INFO - [2024-09-23T23:14:21.431+0000] {dagbag.py:587} INFO - Filling up the DagBag from /opt/airflow/dags/dag_with_postgres_operator.py
[2024-09-23T23:14:21.527+0000] {processor.py:925} INFO - DAG(s) 'dag_with_postgres_operator_v04' retrieved from /opt/airflow/dags/dag_with_postgres_operator.py
[2024-09-23T23:14:21.557+0000] {logging_mixin.py:190} INFO - [2024-09-23T23:14:21.557+0000] {dag.py:3229} INFO - Sync 1 DAGs
[2024-09-23T23:14:21.580+0000] {logging_mixin.py:190} INFO - [2024-09-23T23:14:21.579+0000] {dag.py:4156} INFO - Setting next_dagrun for dag_with_postgres_operator_v04 to 2024-09-23 00:00:00+00:00, run_after=2024-09-24 00:00:00+00:00
[2024-09-23T23:14:21.607+0000] {processor.py:208} INFO - Processing /opt/airflow/dags/dag_with_postgres_operator.py took 0.190 seconds
[2024-09-23T23:14:51.835+0000] {processor.py:186} INFO - Started process (PID=15472) to work on /opt/airflow/dags/dag_with_postgres_operator.py
[2024-09-23T23:14:51.838+0000] {processor.py:914} INFO - Processing file /opt/airflow/dags/dag_with_postgres_operator.py for tasks to queue
[2024-09-23T23:14:51.844+0000] {logging_mixin.py:190} INFO - [2024-09-23T23:14:51.843+0000] {dagbag.py:587} INFO - Filling up the DagBag from /opt/airflow/dags/dag_with_postgres_operator.py
[2024-09-23T23:14:51.985+0000] {processor.py:925} INFO - DAG(s) 'dag_with_postgres_operator_v04' retrieved from /opt/airflow/dags/dag_with_postgres_operator.py
[2024-09-23T23:14:52.048+0000] {logging_mixin.py:190} INFO - [2024-09-23T23:14:52.048+0000] {dag.py:3229} INFO - Sync 1 DAGs
[2024-09-23T23:14:52.083+0000] {logging_mixin.py:190} INFO - [2024-09-23T23:14:52.083+0000] {dag.py:4156} INFO - Setting next_dagrun for dag_with_postgres_operator_v04 to 2024-09-23 00:00:00+00:00, run_after=2024-09-24 00:00:00+00:00
[2024-09-23T23:14:52.118+0000] {processor.py:208} INFO - Processing /opt/airflow/dags/dag_with_postgres_operator.py took 0.304 seconds
[2024-09-23T23:15:22.416+0000] {processor.py:186} INFO - Started process (PID=15505) to work on /opt/airflow/dags/dag_with_postgres_operator.py
[2024-09-23T23:15:22.418+0000] {processor.py:914} INFO - Processing file /opt/airflow/dags/dag_with_postgres_operator.py for tasks to queue
[2024-09-23T23:15:22.420+0000] {logging_mixin.py:190} INFO - [2024-09-23T23:15:22.419+0000] {dagbag.py:587} INFO - Filling up the DagBag from /opt/airflow/dags/dag_with_postgres_operator.py
[2024-09-23T23:15:22.506+0000] {processor.py:925} INFO - DAG(s) 'dag_with_postgres_operator_v04' retrieved from /opt/airflow/dags/dag_with_postgres_operator.py
[2024-09-23T23:15:22.533+0000] {logging_mixin.py:190} INFO - [2024-09-23T23:15:22.533+0000] {dag.py:3229} INFO - Sync 1 DAGs
[2024-09-23T23:15:22.553+0000] {logging_mixin.py:190} INFO - [2024-09-23T23:15:22.553+0000] {dag.py:4156} INFO - Setting next_dagrun for dag_with_postgres_operator_v04 to 2024-09-23 00:00:00+00:00, run_after=2024-09-24 00:00:00+00:00
[2024-09-23T23:15:22.582+0000] {processor.py:208} INFO - Processing /opt/airflow/dags/dag_with_postgres_operator.py took 0.171 seconds
[2024-09-23T23:15:53.349+0000] {processor.py:186} INFO - Started process (PID=15538) to work on /opt/airflow/dags/dag_with_postgres_operator.py
[2024-09-23T23:15:53.351+0000] {processor.py:914} INFO - Processing file /opt/airflow/dags/dag_with_postgres_operator.py for tasks to queue
[2024-09-23T23:15:53.354+0000] {logging_mixin.py:190} INFO - [2024-09-23T23:15:53.353+0000] {dagbag.py:587} INFO - Filling up the DagBag from /opt/airflow/dags/dag_with_postgres_operator.py
[2024-09-23T23:15:53.441+0000] {processor.py:925} INFO - DAG(s) 'dag_with_postgres_operator_v04' retrieved from /opt/airflow/dags/dag_with_postgres_operator.py
[2024-09-23T23:15:53.474+0000] {logging_mixin.py:190} INFO - [2024-09-23T23:15:53.474+0000] {dag.py:3229} INFO - Sync 1 DAGs
[2024-09-23T23:15:53.501+0000] {logging_mixin.py:190} INFO - [2024-09-23T23:15:53.501+0000] {dag.py:4156} INFO - Setting next_dagrun for dag_with_postgres_operator_v04 to 2024-09-23 00:00:00+00:00, run_after=2024-09-24 00:00:00+00:00
[2024-09-23T23:15:53.526+0000] {processor.py:208} INFO - Processing /opt/airflow/dags/dag_with_postgres_operator.py took 0.186 seconds
[2024-09-23T23:16:24.377+0000] {processor.py:186} INFO - Started process (PID=15571) to work on /opt/airflow/dags/dag_with_postgres_operator.py
[2024-09-23T23:16:24.379+0000] {processor.py:914} INFO - Processing file /opt/airflow/dags/dag_with_postgres_operator.py for tasks to queue
[2024-09-23T23:16:24.381+0000] {logging_mixin.py:190} INFO - [2024-09-23T23:16:24.380+0000] {dagbag.py:587} INFO - Filling up the DagBag from /opt/airflow/dags/dag_with_postgres_operator.py
[2024-09-23T23:16:24.452+0000] {processor.py:925} INFO - DAG(s) 'dag_with_postgres_operator_v04' retrieved from /opt/airflow/dags/dag_with_postgres_operator.py
[2024-09-23T23:16:24.481+0000] {logging_mixin.py:190} INFO - [2024-09-23T23:16:24.481+0000] {dag.py:3229} INFO - Sync 1 DAGs
[2024-09-23T23:16:24.504+0000] {logging_mixin.py:190} INFO - [2024-09-23T23:16:24.504+0000] {dag.py:4156} INFO - Setting next_dagrun for dag_with_postgres_operator_v04 to 2024-09-23 00:00:00+00:00, run_after=2024-09-24 00:00:00+00:00
[2024-09-23T23:16:24.533+0000] {processor.py:208} INFO - Processing /opt/airflow/dags/dag_with_postgres_operator.py took 0.162 seconds
[2024-09-23T23:16:55.178+0000] {processor.py:186} INFO - Started process (PID=15604) to work on /opt/airflow/dags/dag_with_postgres_operator.py
[2024-09-23T23:16:55.180+0000] {processor.py:914} INFO - Processing file /opt/airflow/dags/dag_with_postgres_operator.py for tasks to queue
[2024-09-23T23:16:55.183+0000] {logging_mixin.py:190} INFO - [2024-09-23T23:16:55.182+0000] {dagbag.py:587} INFO - Filling up the DagBag from /opt/airflow/dags/dag_with_postgres_operator.py
[2024-09-23T23:16:55.283+0000] {processor.py:925} INFO - DAG(s) 'dag_with_postgres_operator_v04' retrieved from /opt/airflow/dags/dag_with_postgres_operator.py
[2024-09-23T23:16:55.323+0000] {logging_mixin.py:190} INFO - [2024-09-23T23:16:55.323+0000] {dag.py:3229} INFO - Sync 1 DAGs
[2024-09-23T23:16:55.348+0000] {logging_mixin.py:190} INFO - [2024-09-23T23:16:55.348+0000] {dag.py:4156} INFO - Setting next_dagrun for dag_with_postgres_operator_v04 to 2024-09-23 00:00:00+00:00, run_after=2024-09-24 00:00:00+00:00
[2024-09-23T23:16:55.376+0000] {processor.py:208} INFO - Processing /opt/airflow/dags/dag_with_postgres_operator.py took 0.205 seconds
[2024-09-23T23:17:26.519+0000] {processor.py:186} INFO - Started process (PID=15637) to work on /opt/airflow/dags/dag_with_postgres_operator.py
[2024-09-23T23:17:26.521+0000] {processor.py:914} INFO - Processing file /opt/airflow/dags/dag_with_postgres_operator.py for tasks to queue
[2024-09-23T23:17:26.525+0000] {logging_mixin.py:190} INFO - [2024-09-23T23:17:26.524+0000] {dagbag.py:587} INFO - Filling up the DagBag from /opt/airflow/dags/dag_with_postgres_operator.py
[2024-09-23T23:17:26.623+0000] {processor.py:925} INFO - DAG(s) 'dag_with_postgres_operator_v04' retrieved from /opt/airflow/dags/dag_with_postgres_operator.py
[2024-09-23T23:17:26.655+0000] {logging_mixin.py:190} INFO - [2024-09-23T23:17:26.655+0000] {dag.py:3229} INFO - Sync 1 DAGs
[2024-09-23T23:17:26.680+0000] {logging_mixin.py:190} INFO - [2024-09-23T23:17:26.680+0000] {dag.py:4156} INFO - Setting next_dagrun for dag_with_postgres_operator_v04 to 2024-09-23 00:00:00+00:00, run_after=2024-09-24 00:00:00+00:00
[2024-09-23T23:17:26.708+0000] {processor.py:208} INFO - Processing /opt/airflow/dags/dag_with_postgres_operator.py took 0.201 seconds
[2024-09-23T23:17:56.927+0000] {processor.py:186} INFO - Started process (PID=15670) to work on /opt/airflow/dags/dag_with_postgres_operator.py
[2024-09-23T23:17:56.930+0000] {processor.py:914} INFO - Processing file /opt/airflow/dags/dag_with_postgres_operator.py for tasks to queue
[2024-09-23T23:17:56.932+0000] {logging_mixin.py:190} INFO - [2024-09-23T23:17:56.932+0000] {dagbag.py:587} INFO - Filling up the DagBag from /opt/airflow/dags/dag_with_postgres_operator.py
[2024-09-23T23:17:57.047+0000] {processor.py:925} INFO - DAG(s) 'dag_with_postgres_operator_v04' retrieved from /opt/airflow/dags/dag_with_postgres_operator.py
[2024-09-23T23:17:57.075+0000] {logging_mixin.py:190} INFO - [2024-09-23T23:17:57.075+0000] {dag.py:3229} INFO - Sync 1 DAGs
[2024-09-23T23:17:57.096+0000] {logging_mixin.py:190} INFO - [2024-09-23T23:17:57.096+0000] {dag.py:4156} INFO - Setting next_dagrun for dag_with_postgres_operator_v04 to 2024-09-23 00:00:00+00:00, run_after=2024-09-24 00:00:00+00:00
[2024-09-23T23:17:57.131+0000] {processor.py:208} INFO - Processing /opt/airflow/dags/dag_with_postgres_operator.py took 0.214 seconds
[2024-09-23T23:18:27.936+0000] {processor.py:186} INFO - Started process (PID=15703) to work on /opt/airflow/dags/dag_with_postgres_operator.py
[2024-09-23T23:18:27.940+0000] {processor.py:914} INFO - Processing file /opt/airflow/dags/dag_with_postgres_operator.py for tasks to queue
[2024-09-23T23:18:27.943+0000] {logging_mixin.py:190} INFO - [2024-09-23T23:18:27.942+0000] {dagbag.py:587} INFO - Filling up the DagBag from /opt/airflow/dags/dag_with_postgres_operator.py
[2024-09-23T23:18:28.048+0000] {processor.py:925} INFO - DAG(s) 'dag_with_postgres_operator_v04' retrieved from /opt/airflow/dags/dag_with_postgres_operator.py
[2024-09-23T23:18:28.125+0000] {logging_mixin.py:190} INFO - [2024-09-23T23:18:28.124+0000] {dag.py:3229} INFO - Sync 1 DAGs
[2024-09-23T23:18:28.180+0000] {logging_mixin.py:190} INFO - [2024-09-23T23:18:28.179+0000] {dag.py:4156} INFO - Setting next_dagrun for dag_with_postgres_operator_v04 to 2024-09-23 00:00:00+00:00, run_after=2024-09-24 00:00:00+00:00
[2024-09-23T23:18:28.218+0000] {processor.py:208} INFO - Processing /opt/airflow/dags/dag_with_postgres_operator.py took 0.290 seconds
[2024-09-23T23:18:58.420+0000] {processor.py:186} INFO - Started process (PID=15736) to work on /opt/airflow/dags/dag_with_postgres_operator.py
[2024-09-23T23:18:58.422+0000] {processor.py:914} INFO - Processing file /opt/airflow/dags/dag_with_postgres_operator.py for tasks to queue
[2024-09-23T23:18:58.424+0000] {logging_mixin.py:190} INFO - [2024-09-23T23:18:58.423+0000] {dagbag.py:587} INFO - Filling up the DagBag from /opt/airflow/dags/dag_with_postgres_operator.py
[2024-09-23T23:18:58.527+0000] {processor.py:925} INFO - DAG(s) 'dag_with_postgres_operator_v04' retrieved from /opt/airflow/dags/dag_with_postgres_operator.py
[2024-09-23T23:18:58.554+0000] {logging_mixin.py:190} INFO - [2024-09-23T23:18:58.554+0000] {dag.py:3229} INFO - Sync 1 DAGs
[2024-09-23T23:18:58.575+0000] {logging_mixin.py:190} INFO - [2024-09-23T23:18:58.575+0000] {dag.py:4156} INFO - Setting next_dagrun for dag_with_postgres_operator_v04 to 2024-09-23 00:00:00+00:00, run_after=2024-09-24 00:00:00+00:00
[2024-09-23T23:18:58.597+0000] {processor.py:208} INFO - Processing /opt/airflow/dags/dag_with_postgres_operator.py took 0.182 seconds
[2024-09-23T23:19:28.992+0000] {processor.py:186} INFO - Started process (PID=15769) to work on /opt/airflow/dags/dag_with_postgres_operator.py
[2024-09-23T23:19:28.994+0000] {processor.py:914} INFO - Processing file /opt/airflow/dags/dag_with_postgres_operator.py for tasks to queue
[2024-09-23T23:19:28.997+0000] {logging_mixin.py:190} INFO - [2024-09-23T23:19:28.997+0000] {dagbag.py:587} INFO - Filling up the DagBag from /opt/airflow/dags/dag_with_postgres_operator.py
[2024-09-23T23:19:29.102+0000] {processor.py:925} INFO - DAG(s) 'dag_with_postgres_operator_v04' retrieved from /opt/airflow/dags/dag_with_postgres_operator.py
[2024-09-23T23:19:29.138+0000] {logging_mixin.py:190} INFO - [2024-09-23T23:19:29.138+0000] {dag.py:3229} INFO - Sync 1 DAGs
[2024-09-23T23:19:29.164+0000] {logging_mixin.py:190} INFO - [2024-09-23T23:19:29.164+0000] {dag.py:4156} INFO - Setting next_dagrun for dag_with_postgres_operator_v04 to 2024-09-23 00:00:00+00:00, run_after=2024-09-24 00:00:00+00:00
[2024-09-23T23:19:29.200+0000] {processor.py:208} INFO - Processing /opt/airflow/dags/dag_with_postgres_operator.py took 0.218 seconds
[2024-09-23T23:20:00.054+0000] {processor.py:186} INFO - Started process (PID=15802) to work on /opt/airflow/dags/dag_with_postgres_operator.py
[2024-09-23T23:20:00.056+0000] {processor.py:914} INFO - Processing file /opt/airflow/dags/dag_with_postgres_operator.py for tasks to queue
[2024-09-23T23:20:00.059+0000] {logging_mixin.py:190} INFO - [2024-09-23T23:20:00.058+0000] {dagbag.py:587} INFO - Filling up the DagBag from /opt/airflow/dags/dag_with_postgres_operator.py
[2024-09-23T23:20:00.147+0000] {processor.py:925} INFO - DAG(s) 'dag_with_postgres_operator_v04' retrieved from /opt/airflow/dags/dag_with_postgres_operator.py
[2024-09-23T23:20:00.177+0000] {logging_mixin.py:190} INFO - [2024-09-23T23:20:00.176+0000] {dag.py:3229} INFO - Sync 1 DAGs
[2024-09-23T23:20:00.201+0000] {logging_mixin.py:190} INFO - [2024-09-23T23:20:00.200+0000] {dag.py:4156} INFO - Setting next_dagrun for dag_with_postgres_operator_v04 to 2024-09-23 00:00:00+00:00, run_after=2024-09-24 00:00:00+00:00
[2024-09-23T23:20:00.231+0000] {processor.py:208} INFO - Processing /opt/airflow/dags/dag_with_postgres_operator.py took 0.184 seconds
[2024-09-23T23:20:30.774+0000] {processor.py:186} INFO - Started process (PID=15835) to work on /opt/airflow/dags/dag_with_postgres_operator.py
[2024-09-23T23:20:30.775+0000] {processor.py:914} INFO - Processing file /opt/airflow/dags/dag_with_postgres_operator.py for tasks to queue
[2024-09-23T23:20:30.778+0000] {logging_mixin.py:190} INFO - [2024-09-23T23:20:30.777+0000] {dagbag.py:587} INFO - Filling up the DagBag from /opt/airflow/dags/dag_with_postgres_operator.py
[2024-09-23T23:20:30.866+0000] {processor.py:925} INFO - DAG(s) 'dag_with_postgres_operator_v04' retrieved from /opt/airflow/dags/dag_with_postgres_operator.py
[2024-09-23T23:20:30.897+0000] {logging_mixin.py:190} INFO - [2024-09-23T23:20:30.896+0000] {dag.py:3229} INFO - Sync 1 DAGs
[2024-09-23T23:20:30.921+0000] {logging_mixin.py:190} INFO - [2024-09-23T23:20:30.921+0000] {dag.py:4156} INFO - Setting next_dagrun for dag_with_postgres_operator_v04 to 2024-09-23 00:00:00+00:00, run_after=2024-09-24 00:00:00+00:00
[2024-09-23T23:20:30.946+0000] {processor.py:208} INFO - Processing /opt/airflow/dags/dag_with_postgres_operator.py took 0.178 seconds
[2024-09-23T23:21:01.783+0000] {processor.py:186} INFO - Started process (PID=15868) to work on /opt/airflow/dags/dag_with_postgres_operator.py
[2024-09-23T23:21:01.785+0000] {processor.py:914} INFO - Processing file /opt/airflow/dags/dag_with_postgres_operator.py for tasks to queue
[2024-09-23T23:21:01.787+0000] {logging_mixin.py:190} INFO - [2024-09-23T23:21:01.786+0000] {dagbag.py:587} INFO - Filling up the DagBag from /opt/airflow/dags/dag_with_postgres_operator.py
[2024-09-23T23:21:01.874+0000] {processor.py:925} INFO - DAG(s) 'dag_with_postgres_operator_v04' retrieved from /opt/airflow/dags/dag_with_postgres_operator.py
[2024-09-23T23:21:01.903+0000] {logging_mixin.py:190} INFO - [2024-09-23T23:21:01.902+0000] {dag.py:3229} INFO - Sync 1 DAGs
[2024-09-23T23:21:01.925+0000] {logging_mixin.py:190} INFO - [2024-09-23T23:21:01.924+0000] {dag.py:4156} INFO - Setting next_dagrun for dag_with_postgres_operator_v04 to 2024-09-23 00:00:00+00:00, run_after=2024-09-24 00:00:00+00:00
[2024-09-23T23:21:01.951+0000] {processor.py:208} INFO - Processing /opt/airflow/dags/dag_with_postgres_operator.py took 0.181 seconds
[2024-09-23T23:21:32.137+0000] {processor.py:186} INFO - Started process (PID=15901) to work on /opt/airflow/dags/dag_with_postgres_operator.py
[2024-09-23T23:21:32.140+0000] {processor.py:914} INFO - Processing file /opt/airflow/dags/dag_with_postgres_operator.py for tasks to queue
[2024-09-23T23:21:32.143+0000] {logging_mixin.py:190} INFO - [2024-09-23T23:21:32.143+0000] {dagbag.py:587} INFO - Filling up the DagBag from /opt/airflow/dags/dag_with_postgres_operator.py
[2024-09-23T23:21:32.238+0000] {processor.py:925} INFO - DAG(s) 'dag_with_postgres_operator_v04' retrieved from /opt/airflow/dags/dag_with_postgres_operator.py
[2024-09-23T23:21:32.280+0000] {logging_mixin.py:190} INFO - [2024-09-23T23:21:32.280+0000] {dag.py:3229} INFO - Sync 1 DAGs
[2024-09-23T23:21:32.308+0000] {logging_mixin.py:190} INFO - [2024-09-23T23:21:32.307+0000] {dag.py:4156} INFO - Setting next_dagrun for dag_with_postgres_operator_v04 to 2024-09-23 00:00:00+00:00, run_after=2024-09-24 00:00:00+00:00
[2024-09-23T23:21:32.336+0000] {processor.py:208} INFO - Processing /opt/airflow/dags/dag_with_postgres_operator.py took 0.205 seconds
[2024-09-23T23:22:02.882+0000] {processor.py:186} INFO - Started process (PID=15934) to work on /opt/airflow/dags/dag_with_postgres_operator.py
[2024-09-23T23:22:02.884+0000] {processor.py:914} INFO - Processing file /opt/airflow/dags/dag_with_postgres_operator.py for tasks to queue
[2024-09-23T23:22:02.888+0000] {logging_mixin.py:190} INFO - [2024-09-23T23:22:02.887+0000] {dagbag.py:587} INFO - Filling up the DagBag from /opt/airflow/dags/dag_with_postgres_operator.py
[2024-09-23T23:22:02.959+0000] {processor.py:925} INFO - DAG(s) 'dag_with_postgres_operator_v04' retrieved from /opt/airflow/dags/dag_with_postgres_operator.py
[2024-09-23T23:22:02.996+0000] {logging_mixin.py:190} INFO - [2024-09-23T23:22:02.996+0000] {dag.py:3229} INFO - Sync 1 DAGs
[2024-09-23T23:22:03.032+0000] {logging_mixin.py:190} INFO - [2024-09-23T23:22:03.032+0000] {dag.py:4156} INFO - Setting next_dagrun for dag_with_postgres_operator_v04 to 2024-09-23 00:00:00+00:00, run_after=2024-09-24 00:00:00+00:00
[2024-09-23T23:22:03.074+0000] {processor.py:208} INFO - Processing /opt/airflow/dags/dag_with_postgres_operator.py took 0.202 seconds
[2024-09-23T23:22:33.766+0000] {processor.py:186} INFO - Started process (PID=15967) to work on /opt/airflow/dags/dag_with_postgres_operator.py
[2024-09-23T23:22:33.768+0000] {processor.py:914} INFO - Processing file /opt/airflow/dags/dag_with_postgres_operator.py for tasks to queue
[2024-09-23T23:22:33.770+0000] {logging_mixin.py:190} INFO - [2024-09-23T23:22:33.769+0000] {dagbag.py:587} INFO - Filling up the DagBag from /opt/airflow/dags/dag_with_postgres_operator.py
[2024-09-23T23:22:33.847+0000] {processor.py:925} INFO - DAG(s) 'dag_with_postgres_operator_v04' retrieved from /opt/airflow/dags/dag_with_postgres_operator.py
[2024-09-23T23:22:33.878+0000] {logging_mixin.py:190} INFO - [2024-09-23T23:22:33.878+0000] {dag.py:3229} INFO - Sync 1 DAGs
[2024-09-23T23:22:33.906+0000] {logging_mixin.py:190} INFO - [2024-09-23T23:22:33.905+0000] {dag.py:4156} INFO - Setting next_dagrun for dag_with_postgres_operator_v04 to 2024-09-23 00:00:00+00:00, run_after=2024-09-24 00:00:00+00:00
[2024-09-23T23:22:33.932+0000] {processor.py:208} INFO - Processing /opt/airflow/dags/dag_with_postgres_operator.py took 0.172 seconds
[2024-09-23T23:23:04.751+0000] {processor.py:186} INFO - Started process (PID=16000) to work on /opt/airflow/dags/dag_with_postgres_operator.py
[2024-09-23T23:23:04.753+0000] {processor.py:914} INFO - Processing file /opt/airflow/dags/dag_with_postgres_operator.py for tasks to queue
[2024-09-23T23:23:04.755+0000] {logging_mixin.py:190} INFO - [2024-09-23T23:23:04.755+0000] {dagbag.py:587} INFO - Filling up the DagBag from /opt/airflow/dags/dag_with_postgres_operator.py
[2024-09-23T23:23:04.830+0000] {processor.py:925} INFO - DAG(s) 'dag_with_postgres_operator_v04' retrieved from /opt/airflow/dags/dag_with_postgres_operator.py
[2024-09-23T23:23:04.870+0000] {logging_mixin.py:190} INFO - [2024-09-23T23:23:04.869+0000] {dag.py:3229} INFO - Sync 1 DAGs
[2024-09-23T23:23:04.903+0000] {logging_mixin.py:190} INFO - [2024-09-23T23:23:04.902+0000] {dag.py:4156} INFO - Setting next_dagrun for dag_with_postgres_operator_v04 to 2024-09-23 00:00:00+00:00, run_after=2024-09-24 00:00:00+00:00
[2024-09-23T23:23:04.930+0000] {processor.py:208} INFO - Processing /opt/airflow/dags/dag_with_postgres_operator.py took 0.185 seconds
[2024-09-23T23:23:35.539+0000] {processor.py:186} INFO - Started process (PID=16033) to work on /opt/airflow/dags/dag_with_postgres_operator.py
[2024-09-23T23:23:35.542+0000] {processor.py:914} INFO - Processing file /opt/airflow/dags/dag_with_postgres_operator.py for tasks to queue
[2024-09-23T23:23:35.545+0000] {logging_mixin.py:190} INFO - [2024-09-23T23:23:35.545+0000] {dagbag.py:587} INFO - Filling up the DagBag from /opt/airflow/dags/dag_with_postgres_operator.py
[2024-09-23T23:23:35.658+0000] {processor.py:925} INFO - DAG(s) 'dag_with_postgres_operator_v04' retrieved from /opt/airflow/dags/dag_with_postgres_operator.py
[2024-09-23T23:23:35.715+0000] {logging_mixin.py:190} INFO - [2024-09-23T23:23:35.714+0000] {dag.py:3229} INFO - Sync 1 DAGs
[2024-09-23T23:23:35.755+0000] {logging_mixin.py:190} INFO - [2024-09-23T23:23:35.754+0000] {dag.py:4156} INFO - Setting next_dagrun for dag_with_postgres_operator_v04 to 2024-09-23 00:00:00+00:00, run_after=2024-09-24 00:00:00+00:00
[2024-09-23T23:23:35.793+0000] {processor.py:208} INFO - Processing /opt/airflow/dags/dag_with_postgres_operator.py took 0.270 seconds
[2024-09-23T23:24:06.164+0000] {processor.py:186} INFO - Started process (PID=16066) to work on /opt/airflow/dags/dag_with_postgres_operator.py
[2024-09-23T23:24:06.166+0000] {processor.py:914} INFO - Processing file /opt/airflow/dags/dag_with_postgres_operator.py for tasks to queue
[2024-09-23T23:24:06.168+0000] {logging_mixin.py:190} INFO - [2024-09-23T23:24:06.168+0000] {dagbag.py:587} INFO - Filling up the DagBag from /opt/airflow/dags/dag_with_postgres_operator.py
[2024-09-23T23:24:06.291+0000] {processor.py:925} INFO - DAG(s) 'dag_with_postgres_operator_v04' retrieved from /opt/airflow/dags/dag_with_postgres_operator.py
[2024-09-23T23:24:06.334+0000] {logging_mixin.py:190} INFO - [2024-09-23T23:24:06.334+0000] {dag.py:3229} INFO - Sync 1 DAGs
[2024-09-23T23:24:06.362+0000] {logging_mixin.py:190} INFO - [2024-09-23T23:24:06.362+0000] {dag.py:4156} INFO - Setting next_dagrun for dag_with_postgres_operator_v04 to 2024-09-23 00:00:00+00:00, run_after=2024-09-24 00:00:00+00:00
[2024-09-23T23:24:06.388+0000] {processor.py:208} INFO - Processing /opt/airflow/dags/dag_with_postgres_operator.py took 0.229 seconds
[2024-09-23T23:24:36.987+0000] {processor.py:186} INFO - Started process (PID=16099) to work on /opt/airflow/dags/dag_with_postgres_operator.py
[2024-09-23T23:24:36.990+0000] {processor.py:914} INFO - Processing file /opt/airflow/dags/dag_with_postgres_operator.py for tasks to queue
[2024-09-23T23:24:36.994+0000] {logging_mixin.py:190} INFO - [2024-09-23T23:24:36.993+0000] {dagbag.py:587} INFO - Filling up the DagBag from /opt/airflow/dags/dag_with_postgres_operator.py
[2024-09-23T23:24:37.108+0000] {processor.py:925} INFO - DAG(s) 'dag_with_postgres_operator_v04' retrieved from /opt/airflow/dags/dag_with_postgres_operator.py
[2024-09-23T23:24:37.155+0000] {logging_mixin.py:190} INFO - [2024-09-23T23:24:37.155+0000] {dag.py:3229} INFO - Sync 1 DAGs
[2024-09-23T23:24:37.183+0000] {logging_mixin.py:190} INFO - [2024-09-23T23:24:37.183+0000] {dag.py:4156} INFO - Setting next_dagrun for dag_with_postgres_operator_v04 to 2024-09-23 00:00:00+00:00, run_after=2024-09-24 00:00:00+00:00
[2024-09-23T23:24:37.214+0000] {processor.py:208} INFO - Processing /opt/airflow/dags/dag_with_postgres_operator.py took 0.247 seconds
[2024-09-23T23:25:07.758+0000] {processor.py:186} INFO - Started process (PID=16132) to work on /opt/airflow/dags/dag_with_postgres_operator.py
[2024-09-23T23:25:07.761+0000] {processor.py:914} INFO - Processing file /opt/airflow/dags/dag_with_postgres_operator.py for tasks to queue
[2024-09-23T23:25:07.764+0000] {logging_mixin.py:190} INFO - [2024-09-23T23:25:07.764+0000] {dagbag.py:587} INFO - Filling up the DagBag from /opt/airflow/dags/dag_with_postgres_operator.py
[2024-09-23T23:25:07.877+0000] {processor.py:925} INFO - DAG(s) 'dag_with_postgres_operator_v04' retrieved from /opt/airflow/dags/dag_with_postgres_operator.py
[2024-09-23T23:25:07.907+0000] {logging_mixin.py:190} INFO - [2024-09-23T23:25:07.907+0000] {dag.py:3229} INFO - Sync 1 DAGs
[2024-09-23T23:25:07.930+0000] {logging_mixin.py:190} INFO - [2024-09-23T23:25:07.930+0000] {dag.py:4156} INFO - Setting next_dagrun for dag_with_postgres_operator_v04 to 2024-09-23 00:00:00+00:00, run_after=2024-09-24 00:00:00+00:00
[2024-09-23T23:25:07.965+0000] {processor.py:208} INFO - Processing /opt/airflow/dags/dag_with_postgres_operator.py took 0.218 seconds
[2024-09-23T23:25:38.380+0000] {processor.py:186} INFO - Started process (PID=16165) to work on /opt/airflow/dags/dag_with_postgres_operator.py
[2024-09-23T23:25:38.382+0000] {processor.py:914} INFO - Processing file /opt/airflow/dags/dag_with_postgres_operator.py for tasks to queue
[2024-09-23T23:25:38.385+0000] {logging_mixin.py:190} INFO - [2024-09-23T23:25:38.385+0000] {dagbag.py:587} INFO - Filling up the DagBag from /opt/airflow/dags/dag_with_postgres_operator.py
[2024-09-23T23:25:38.455+0000] {processor.py:925} INFO - DAG(s) 'dag_with_postgres_operator_v04' retrieved from /opt/airflow/dags/dag_with_postgres_operator.py
[2024-09-23T23:25:38.514+0000] {logging_mixin.py:190} INFO - [2024-09-23T23:25:38.513+0000] {dag.py:3229} INFO - Sync 1 DAGs
[2024-09-23T23:25:38.576+0000] {logging_mixin.py:190} INFO - [2024-09-23T23:25:38.576+0000] {dag.py:4156} INFO - Setting next_dagrun for dag_with_postgres_operator_v04 to 2024-09-23 00:00:00+00:00, run_after=2024-09-24 00:00:00+00:00
[2024-09-23T23:25:38.628+0000] {processor.py:208} INFO - Processing /opt/airflow/dags/dag_with_postgres_operator.py took 0.256 seconds
[2024-09-23T23:26:09.305+0000] {processor.py:186} INFO - Started process (PID=16198) to work on /opt/airflow/dags/dag_with_postgres_operator.py
[2024-09-23T23:26:09.307+0000] {processor.py:914} INFO - Processing file /opt/airflow/dags/dag_with_postgres_operator.py for tasks to queue
[2024-09-23T23:26:09.309+0000] {logging_mixin.py:190} INFO - [2024-09-23T23:26:09.309+0000] {dagbag.py:587} INFO - Filling up the DagBag from /opt/airflow/dags/dag_with_postgres_operator.py
[2024-09-23T23:26:09.395+0000] {processor.py:925} INFO - DAG(s) 'dag_with_postgres_operator_v04' retrieved from /opt/airflow/dags/dag_with_postgres_operator.py
[2024-09-23T23:26:09.430+0000] {logging_mixin.py:190} INFO - [2024-09-23T23:26:09.430+0000] {dag.py:3229} INFO - Sync 1 DAGs
[2024-09-23T23:26:09.465+0000] {logging_mixin.py:190} INFO - [2024-09-23T23:26:09.464+0000] {dag.py:4156} INFO - Setting next_dagrun for dag_with_postgres_operator_v04 to 2024-09-23 00:00:00+00:00, run_after=2024-09-24 00:00:00+00:00
[2024-09-23T23:26:09.497+0000] {processor.py:208} INFO - Processing /opt/airflow/dags/dag_with_postgres_operator.py took 0.198 seconds
[2024-09-23T23:26:40.065+0000] {processor.py:186} INFO - Started process (PID=16231) to work on /opt/airflow/dags/dag_with_postgres_operator.py
[2024-09-23T23:26:40.101+0000] {processor.py:914} INFO - Processing file /opt/airflow/dags/dag_with_postgres_operator.py for tasks to queue
[2024-09-23T23:26:40.110+0000] {logging_mixin.py:190} INFO - [2024-09-23T23:26:40.110+0000] {dagbag.py:587} INFO - Filling up the DagBag from /opt/airflow/dags/dag_with_postgres_operator.py
[2024-09-23T23:26:40.661+0000] {processor.py:925} INFO - DAG(s) 'dag_with_postgres_operator_v04' retrieved from /opt/airflow/dags/dag_with_postgres_operator.py
[2024-09-23T23:26:40.735+0000] {logging_mixin.py:190} INFO - [2024-09-23T23:26:40.734+0000] {dag.py:3229} INFO - Sync 1 DAGs
[2024-09-23T23:26:40.772+0000] {logging_mixin.py:190} INFO - [2024-09-23T23:26:40.772+0000] {dag.py:4156} INFO - Setting next_dagrun for dag_with_postgres_operator_v04 to 2024-09-23 00:00:00+00:00, run_after=2024-09-24 00:00:00+00:00
[2024-09-23T23:26:40.866+0000] {processor.py:208} INFO - Processing /opt/airflow/dags/dag_with_postgres_operator.py took 0.810 seconds
[2024-09-23T23:27:11.248+0000] {processor.py:186} INFO - Started process (PID=16264) to work on /opt/airflow/dags/dag_with_postgres_operator.py
[2024-09-23T23:27:11.250+0000] {processor.py:914} INFO - Processing file /opt/airflow/dags/dag_with_postgres_operator.py for tasks to queue
[2024-09-23T23:27:11.254+0000] {logging_mixin.py:190} INFO - [2024-09-23T23:27:11.253+0000] {dagbag.py:587} INFO - Filling up the DagBag from /opt/airflow/dags/dag_with_postgres_operator.py
[2024-09-23T23:27:11.403+0000] {processor.py:925} INFO - DAG(s) 'dag_with_postgres_operator_v04' retrieved from /opt/airflow/dags/dag_with_postgres_operator.py
[2024-09-23T23:27:11.467+0000] {logging_mixin.py:190} INFO - [2024-09-23T23:27:11.466+0000] {dag.py:3229} INFO - Sync 1 DAGs
[2024-09-23T23:27:11.523+0000] {logging_mixin.py:190} INFO - [2024-09-23T23:27:11.522+0000] {dag.py:4156} INFO - Setting next_dagrun for dag_with_postgres_operator_v04 to 2024-09-23 00:00:00+00:00, run_after=2024-09-24 00:00:00+00:00
[2024-09-23T23:27:11.563+0000] {processor.py:208} INFO - Processing /opt/airflow/dags/dag_with_postgres_operator.py took 0.327 seconds
[2024-09-23T23:27:42.226+0000] {processor.py:186} INFO - Started process (PID=16297) to work on /opt/airflow/dags/dag_with_postgres_operator.py
[2024-09-23T23:27:42.228+0000] {processor.py:914} INFO - Processing file /opt/airflow/dags/dag_with_postgres_operator.py for tasks to queue
[2024-09-23T23:27:42.230+0000] {logging_mixin.py:190} INFO - [2024-09-23T23:27:42.229+0000] {dagbag.py:587} INFO - Filling up the DagBag from /opt/airflow/dags/dag_with_postgres_operator.py
[2024-09-23T23:27:42.312+0000] {processor.py:925} INFO - DAG(s) 'dag_with_postgres_operator_v04' retrieved from /opt/airflow/dags/dag_with_postgres_operator.py
[2024-09-23T23:27:42.339+0000] {logging_mixin.py:190} INFO - [2024-09-23T23:27:42.339+0000] {dag.py:3229} INFO - Sync 1 DAGs
[2024-09-23T23:27:42.362+0000] {logging_mixin.py:190} INFO - [2024-09-23T23:27:42.362+0000] {dag.py:4156} INFO - Setting next_dagrun for dag_with_postgres_operator_v04 to 2024-09-23 00:00:00+00:00, run_after=2024-09-24 00:00:00+00:00
[2024-09-23T23:27:42.388+0000] {processor.py:208} INFO - Processing /opt/airflow/dags/dag_with_postgres_operator.py took 0.167 seconds
[2024-09-23T23:28:13.109+0000] {processor.py:186} INFO - Started process (PID=16330) to work on /opt/airflow/dags/dag_with_postgres_operator.py
[2024-09-23T23:28:13.123+0000] {processor.py:914} INFO - Processing file /opt/airflow/dags/dag_with_postgres_operator.py for tasks to queue
[2024-09-23T23:28:13.140+0000] {logging_mixin.py:190} INFO - [2024-09-23T23:28:13.139+0000] {dagbag.py:587} INFO - Filling up the DagBag from /opt/airflow/dags/dag_with_postgres_operator.py
[2024-09-23T23:28:13.316+0000] {processor.py:925} INFO - DAG(s) 'dag_with_postgres_operator_v04' retrieved from /opt/airflow/dags/dag_with_postgres_operator.py
[2024-09-23T23:28:13.382+0000] {logging_mixin.py:190} INFO - [2024-09-23T23:28:13.382+0000] {dag.py:3229} INFO - Sync 1 DAGs
[2024-09-23T23:28:13.439+0000] {logging_mixin.py:190} INFO - [2024-09-23T23:28:13.438+0000] {dag.py:4156} INFO - Setting next_dagrun for dag_with_postgres_operator_v04 to 2024-09-23 00:00:00+00:00, run_after=2024-09-24 00:00:00+00:00
[2024-09-23T23:28:13.487+0000] {processor.py:208} INFO - Processing /opt/airflow/dags/dag_with_postgres_operator.py took 0.389 seconds
[2024-09-23T23:28:44.179+0000] {processor.py:186} INFO - Started process (PID=16363) to work on /opt/airflow/dags/dag_with_postgres_operator.py
[2024-09-23T23:28:44.199+0000] {processor.py:914} INFO - Processing file /opt/airflow/dags/dag_with_postgres_operator.py for tasks to queue
[2024-09-23T23:28:44.208+0000] {logging_mixin.py:190} INFO - [2024-09-23T23:28:44.207+0000] {dagbag.py:587} INFO - Filling up the DagBag from /opt/airflow/dags/dag_with_postgres_operator.py
[2024-09-23T23:28:44.440+0000] {processor.py:925} INFO - DAG(s) 'dag_with_postgres_operator_v04' retrieved from /opt/airflow/dags/dag_with_postgres_operator.py
[2024-09-23T23:28:44.512+0000] {logging_mixin.py:190} INFO - [2024-09-23T23:28:44.512+0000] {dag.py:3229} INFO - Sync 1 DAGs
[2024-09-23T23:28:44.582+0000] {logging_mixin.py:190} INFO - [2024-09-23T23:28:44.582+0000] {dag.py:4156} INFO - Setting next_dagrun for dag_with_postgres_operator_v04 to 2024-09-23 00:00:00+00:00, run_after=2024-09-24 00:00:00+00:00
[2024-09-23T23:28:44.644+0000] {processor.py:208} INFO - Processing /opt/airflow/dags/dag_with_postgres_operator.py took 0.476 seconds
[2024-09-23T23:29:14.906+0000] {processor.py:186} INFO - Started process (PID=16396) to work on /opt/airflow/dags/dag_with_postgres_operator.py
[2024-09-23T23:29:14.908+0000] {processor.py:914} INFO - Processing file /opt/airflow/dags/dag_with_postgres_operator.py for tasks to queue
[2024-09-23T23:29:14.911+0000] {logging_mixin.py:190} INFO - [2024-09-23T23:29:14.910+0000] {dagbag.py:587} INFO - Filling up the DagBag from /opt/airflow/dags/dag_with_postgres_operator.py
[2024-09-23T23:29:14.973+0000] {processor.py:925} INFO - DAG(s) 'dag_with_postgres_operator_v04' retrieved from /opt/airflow/dags/dag_with_postgres_operator.py
[2024-09-23T23:29:15.003+0000] {logging_mixin.py:190} INFO - [2024-09-23T23:29:15.003+0000] {dag.py:3229} INFO - Sync 1 DAGs
[2024-09-23T23:29:15.027+0000] {logging_mixin.py:190} INFO - [2024-09-23T23:29:15.027+0000] {dag.py:4156} INFO - Setting next_dagrun for dag_with_postgres_operator_v04 to 2024-09-23 00:00:00+00:00, run_after=2024-09-24 00:00:00+00:00
[2024-09-23T23:29:15.059+0000] {processor.py:208} INFO - Processing /opt/airflow/dags/dag_with_postgres_operator.py took 0.161 seconds
[2024-09-23T23:29:45.604+0000] {processor.py:186} INFO - Started process (PID=16429) to work on /opt/airflow/dags/dag_with_postgres_operator.py
[2024-09-23T23:29:45.606+0000] {processor.py:914} INFO - Processing file /opt/airflow/dags/dag_with_postgres_operator.py for tasks to queue
[2024-09-23T23:29:45.609+0000] {logging_mixin.py:190} INFO - [2024-09-23T23:29:45.607+0000] {dagbag.py:587} INFO - Filling up the DagBag from /opt/airflow/dags/dag_with_postgres_operator.py
[2024-09-23T23:29:45.704+0000] {processor.py:925} INFO - DAG(s) 'dag_with_postgres_operator_v04' retrieved from /opt/airflow/dags/dag_with_postgres_operator.py
[2024-09-23T23:29:45.743+0000] {logging_mixin.py:190} INFO - [2024-09-23T23:29:45.743+0000] {dag.py:3229} INFO - Sync 1 DAGs
[2024-09-23T23:29:45.779+0000] {logging_mixin.py:190} INFO - [2024-09-23T23:29:45.779+0000] {dag.py:4156} INFO - Setting next_dagrun for dag_with_postgres_operator_v04 to 2024-09-23 00:00:00+00:00, run_after=2024-09-24 00:00:00+00:00
[2024-09-23T23:29:45.820+0000] {processor.py:208} INFO - Processing /opt/airflow/dags/dag_with_postgres_operator.py took 0.221 seconds
[2024-09-23T23:30:16.353+0000] {processor.py:186} INFO - Started process (PID=16462) to work on /opt/airflow/dags/dag_with_postgres_operator.py
[2024-09-23T23:30:16.356+0000] {processor.py:914} INFO - Processing file /opt/airflow/dags/dag_with_postgres_operator.py for tasks to queue
[2024-09-23T23:30:16.361+0000] {logging_mixin.py:190} INFO - [2024-09-23T23:30:16.360+0000] {dagbag.py:587} INFO - Filling up the DagBag from /opt/airflow/dags/dag_with_postgres_operator.py
[2024-09-23T23:30:16.482+0000] {processor.py:925} INFO - DAG(s) 'dag_with_postgres_operator_v04' retrieved from /opt/airflow/dags/dag_with_postgres_operator.py
[2024-09-23T23:30:16.518+0000] {logging_mixin.py:190} INFO - [2024-09-23T23:30:16.518+0000] {dag.py:3229} INFO - Sync 1 DAGs
[2024-09-23T23:30:16.542+0000] {logging_mixin.py:190} INFO - [2024-09-23T23:30:16.541+0000] {dag.py:4156} INFO - Setting next_dagrun for dag_with_postgres_operator_v04 to 2024-09-23 00:00:00+00:00, run_after=2024-09-24 00:00:00+00:00
[2024-09-23T23:30:16.571+0000] {processor.py:208} INFO - Processing /opt/airflow/dags/dag_with_postgres_operator.py took 0.230 seconds
[2024-09-23T23:30:46.823+0000] {processor.py:186} INFO - Started process (PID=16495) to work on /opt/airflow/dags/dag_with_postgres_operator.py
[2024-09-23T23:30:46.825+0000] {processor.py:914} INFO - Processing file /opt/airflow/dags/dag_with_postgres_operator.py for tasks to queue
[2024-09-23T23:30:46.828+0000] {logging_mixin.py:190} INFO - [2024-09-23T23:30:46.827+0000] {dagbag.py:587} INFO - Filling up the DagBag from /opt/airflow/dags/dag_with_postgres_operator.py
[2024-09-23T23:30:46.910+0000] {processor.py:925} INFO - DAG(s) 'dag_with_postgres_operator_v04' retrieved from /opt/airflow/dags/dag_with_postgres_operator.py
[2024-09-23T23:30:46.941+0000] {logging_mixin.py:190} INFO - [2024-09-23T23:30:46.941+0000] {dag.py:3229} INFO - Sync 1 DAGs
[2024-09-23T23:30:46.968+0000] {logging_mixin.py:190} INFO - [2024-09-23T23:30:46.968+0000] {dag.py:4156} INFO - Setting next_dagrun for dag_with_postgres_operator_v04 to 2024-09-23 00:00:00+00:00, run_after=2024-09-24 00:00:00+00:00
[2024-09-23T23:30:46.998+0000] {processor.py:208} INFO - Processing /opt/airflow/dags/dag_with_postgres_operator.py took 0.186 seconds
[2024-09-23T23:31:17.531+0000] {processor.py:186} INFO - Started process (PID=16528) to work on /opt/airflow/dags/dag_with_postgres_operator.py
[2024-09-23T23:31:17.534+0000] {processor.py:914} INFO - Processing file /opt/airflow/dags/dag_with_postgres_operator.py for tasks to queue
[2024-09-23T23:31:17.537+0000] {logging_mixin.py:190} INFO - [2024-09-23T23:31:17.536+0000] {dagbag.py:587} INFO - Filling up the DagBag from /opt/airflow/dags/dag_with_postgres_operator.py
[2024-09-23T23:31:17.673+0000] {processor.py:925} INFO - DAG(s) 'dag_with_postgres_operator_v04' retrieved from /opt/airflow/dags/dag_with_postgres_operator.py
[2024-09-23T23:31:17.742+0000] {logging_mixin.py:190} INFO - [2024-09-23T23:31:17.742+0000] {dag.py:3229} INFO - Sync 1 DAGs
[2024-09-23T23:31:17.794+0000] {logging_mixin.py:190} INFO - [2024-09-23T23:31:17.794+0000] {dag.py:4156} INFO - Setting next_dagrun for dag_with_postgres_operator_v04 to 2024-09-23 00:00:00+00:00, run_after=2024-09-24 00:00:00+00:00
[2024-09-23T23:31:17.840+0000] {processor.py:208} INFO - Processing /opt/airflow/dags/dag_with_postgres_operator.py took 0.322 seconds
[2024-09-23T23:31:48.748+0000] {processor.py:186} INFO - Started process (PID=16561) to work on /opt/airflow/dags/dag_with_postgres_operator.py
[2024-09-23T23:31:48.751+0000] {processor.py:914} INFO - Processing file /opt/airflow/dags/dag_with_postgres_operator.py for tasks to queue
[2024-09-23T23:31:48.757+0000] {logging_mixin.py:190} INFO - [2024-09-23T23:31:48.756+0000] {dagbag.py:587} INFO - Filling up the DagBag from /opt/airflow/dags/dag_with_postgres_operator.py
[2024-09-23T23:31:48.853+0000] {processor.py:925} INFO - DAG(s) 'dag_with_postgres_operator_v04' retrieved from /opt/airflow/dags/dag_with_postgres_operator.py
[2024-09-23T23:31:48.902+0000] {logging_mixin.py:190} INFO - [2024-09-23T23:31:48.901+0000] {dag.py:3229} INFO - Sync 1 DAGs
[2024-09-23T23:31:48.928+0000] {logging_mixin.py:190} INFO - [2024-09-23T23:31:48.927+0000] {dag.py:4156} INFO - Setting next_dagrun for dag_with_postgres_operator_v04 to 2024-09-23 00:00:00+00:00, run_after=2024-09-24 00:00:00+00:00
[2024-09-23T23:31:48.953+0000] {processor.py:208} INFO - Processing /opt/airflow/dags/dag_with_postgres_operator.py took 0.236 seconds
[2024-09-23T23:32:19.353+0000] {processor.py:186} INFO - Started process (PID=16594) to work on /opt/airflow/dags/dag_with_postgres_operator.py
[2024-09-23T23:32:19.355+0000] {processor.py:914} INFO - Processing file /opt/airflow/dags/dag_with_postgres_operator.py for tasks to queue
[2024-09-23T23:32:19.358+0000] {logging_mixin.py:190} INFO - [2024-09-23T23:32:19.358+0000] {dagbag.py:587} INFO - Filling up the DagBag from /opt/airflow/dags/dag_with_postgres_operator.py
[2024-09-23T23:32:19.448+0000] {processor.py:925} INFO - DAG(s) 'dag_with_postgres_operator_v04' retrieved from /opt/airflow/dags/dag_with_postgres_operator.py
[2024-09-23T23:32:19.476+0000] {logging_mixin.py:190} INFO - [2024-09-23T23:32:19.476+0000] {dag.py:3229} INFO - Sync 1 DAGs
[2024-09-23T23:32:19.501+0000] {logging_mixin.py:190} INFO - [2024-09-23T23:32:19.501+0000] {dag.py:4156} INFO - Setting next_dagrun for dag_with_postgres_operator_v04 to 2024-09-23 00:00:00+00:00, run_after=2024-09-24 00:00:00+00:00
[2024-09-23T23:32:19.529+0000] {processor.py:208} INFO - Processing /opt/airflow/dags/dag_with_postgres_operator.py took 0.181 seconds
[2024-09-23T23:32:50.009+0000] {processor.py:186} INFO - Started process (PID=16627) to work on /opt/airflow/dags/dag_with_postgres_operator.py
[2024-09-23T23:32:50.012+0000] {processor.py:914} INFO - Processing file /opt/airflow/dags/dag_with_postgres_operator.py for tasks to queue
[2024-09-23T23:32:50.016+0000] {logging_mixin.py:190} INFO - [2024-09-23T23:32:50.015+0000] {dagbag.py:587} INFO - Filling up the DagBag from /opt/airflow/dags/dag_with_postgres_operator.py
[2024-09-23T23:32:50.136+0000] {processor.py:925} INFO - DAG(s) 'dag_with_postgres_operator_v04' retrieved from /opt/airflow/dags/dag_with_postgres_operator.py
[2024-09-23T23:32:50.201+0000] {logging_mixin.py:190} INFO - [2024-09-23T23:32:50.200+0000] {dag.py:3229} INFO - Sync 1 DAGs
[2024-09-23T23:32:50.250+0000] {logging_mixin.py:190} INFO - [2024-09-23T23:32:50.249+0000] {dag.py:4156} INFO - Setting next_dagrun for dag_with_postgres_operator_v04 to 2024-09-23 00:00:00+00:00, run_after=2024-09-24 00:00:00+00:00
[2024-09-23T23:32:50.297+0000] {processor.py:208} INFO - Processing /opt/airflow/dags/dag_with_postgres_operator.py took 0.306 seconds
[2024-09-23T23:33:20.911+0000] {processor.py:186} INFO - Started process (PID=16660) to work on /opt/airflow/dags/dag_with_postgres_operator.py
[2024-09-23T23:33:20.913+0000] {processor.py:914} INFO - Processing file /opt/airflow/dags/dag_with_postgres_operator.py for tasks to queue
[2024-09-23T23:33:20.917+0000] {logging_mixin.py:190} INFO - [2024-09-23T23:33:20.916+0000] {dagbag.py:587} INFO - Filling up the DagBag from /opt/airflow/dags/dag_with_postgres_operator.py
[2024-09-23T23:33:21.052+0000] {processor.py:925} INFO - DAG(s) 'dag_with_postgres_operator_v04' retrieved from /opt/airflow/dags/dag_with_postgres_operator.py
[2024-09-23T23:33:21.105+0000] {logging_mixin.py:190} INFO - [2024-09-23T23:33:21.104+0000] {dag.py:3229} INFO - Sync 1 DAGs
[2024-09-23T23:33:21.146+0000] {logging_mixin.py:190} INFO - [2024-09-23T23:33:21.145+0000] {dag.py:4156} INFO - Setting next_dagrun for dag_with_postgres_operator_v04 to 2024-09-23 00:00:00+00:00, run_after=2024-09-24 00:00:00+00:00
[2024-09-23T23:33:21.193+0000] {processor.py:208} INFO - Processing /opt/airflow/dags/dag_with_postgres_operator.py took 0.293 seconds
[2024-09-23T23:33:51.652+0000] {processor.py:186} INFO - Started process (PID=16693) to work on /opt/airflow/dags/dag_with_postgres_operator.py
[2024-09-23T23:33:51.654+0000] {processor.py:914} INFO - Processing file /opt/airflow/dags/dag_with_postgres_operator.py for tasks to queue
[2024-09-23T23:33:51.658+0000] {logging_mixin.py:190} INFO - [2024-09-23T23:33:51.657+0000] {dagbag.py:587} INFO - Filling up the DagBag from /opt/airflow/dags/dag_with_postgres_operator.py
[2024-09-23T23:33:51.754+0000] {processor.py:925} INFO - DAG(s) 'dag_with_postgres_operator_v04' retrieved from /opt/airflow/dags/dag_with_postgres_operator.py
[2024-09-23T23:33:51.797+0000] {logging_mixin.py:190} INFO - [2024-09-23T23:33:51.796+0000] {dag.py:3229} INFO - Sync 1 DAGs
[2024-09-23T23:33:51.829+0000] {logging_mixin.py:190} INFO - [2024-09-23T23:33:51.829+0000] {dag.py:4156} INFO - Setting next_dagrun for dag_with_postgres_operator_v04 to 2024-09-23 00:00:00+00:00, run_after=2024-09-24 00:00:00+00:00
[2024-09-23T23:33:51.858+0000] {processor.py:208} INFO - Processing /opt/airflow/dags/dag_with_postgres_operator.py took 0.214 seconds
[2024-09-23T23:34:22.393+0000] {processor.py:186} INFO - Started process (PID=16726) to work on /opt/airflow/dags/dag_with_postgres_operator.py
[2024-09-23T23:34:22.395+0000] {processor.py:914} INFO - Processing file /opt/airflow/dags/dag_with_postgres_operator.py for tasks to queue
[2024-09-23T23:34:22.397+0000] {logging_mixin.py:190} INFO - [2024-09-23T23:34:22.397+0000] {dagbag.py:587} INFO - Filling up the DagBag from /opt/airflow/dags/dag_with_postgres_operator.py
[2024-09-23T23:34:22.498+0000] {processor.py:925} INFO - DAG(s) 'dag_with_postgres_operator_v04' retrieved from /opt/airflow/dags/dag_with_postgres_operator.py
[2024-09-23T23:34:22.525+0000] {logging_mixin.py:190} INFO - [2024-09-23T23:34:22.525+0000] {dag.py:3229} INFO - Sync 1 DAGs
[2024-09-23T23:34:22.549+0000] {logging_mixin.py:190} INFO - [2024-09-23T23:34:22.549+0000] {dag.py:4156} INFO - Setting next_dagrun for dag_with_postgres_operator_v04 to 2024-09-23 00:00:00+00:00, run_after=2024-09-24 00:00:00+00:00
[2024-09-23T23:34:22.578+0000] {processor.py:208} INFO - Processing /opt/airflow/dags/dag_with_postgres_operator.py took 0.198 seconds
[2024-09-23T23:34:52.969+0000] {processor.py:186} INFO - Started process (PID=16759) to work on /opt/airflow/dags/dag_with_postgres_operator.py
[2024-09-23T23:34:52.971+0000] {processor.py:914} INFO - Processing file /opt/airflow/dags/dag_with_postgres_operator.py for tasks to queue
[2024-09-23T23:34:52.973+0000] {logging_mixin.py:190} INFO - [2024-09-23T23:34:52.973+0000] {dagbag.py:587} INFO - Filling up the DagBag from /opt/airflow/dags/dag_with_postgres_operator.py
[2024-09-23T23:34:53.031+0000] {processor.py:925} INFO - DAG(s) 'dag_with_postgres_operator_v04' retrieved from /opt/airflow/dags/dag_with_postgres_operator.py
[2024-09-23T23:34:53.071+0000] {logging_mixin.py:190} INFO - [2024-09-23T23:34:53.070+0000] {dag.py:3229} INFO - Sync 1 DAGs
[2024-09-23T23:34:53.116+0000] {logging_mixin.py:190} INFO - [2024-09-23T23:34:53.115+0000] {dag.py:4156} INFO - Setting next_dagrun for dag_with_postgres_operator_v04 to 2024-09-23 00:00:00+00:00, run_after=2024-09-24 00:00:00+00:00
[2024-09-23T23:34:53.151+0000] {processor.py:208} INFO - Processing /opt/airflow/dags/dag_with_postgres_operator.py took 0.188 seconds
[2024-09-23T23:35:24.001+0000] {processor.py:186} INFO - Started process (PID=16792) to work on /opt/airflow/dags/dag_with_postgres_operator.py
[2024-09-23T23:35:24.003+0000] {processor.py:914} INFO - Processing file /opt/airflow/dags/dag_with_postgres_operator.py for tasks to queue
[2024-09-23T23:35:24.008+0000] {logging_mixin.py:190} INFO - [2024-09-23T23:35:24.007+0000] {dagbag.py:587} INFO - Filling up the DagBag from /opt/airflow/dags/dag_with_postgres_operator.py
[2024-09-23T23:35:24.148+0000] {processor.py:925} INFO - DAG(s) 'dag_with_postgres_operator_v04' retrieved from /opt/airflow/dags/dag_with_postgres_operator.py
[2024-09-23T23:35:24.210+0000] {logging_mixin.py:190} INFO - [2024-09-23T23:35:24.210+0000] {dag.py:3229} INFO - Sync 1 DAGs
[2024-09-23T23:35:24.246+0000] {logging_mixin.py:190} INFO - [2024-09-23T23:35:24.246+0000] {dag.py:4156} INFO - Setting next_dagrun for dag_with_postgres_operator_v04 to 2024-09-23 00:00:00+00:00, run_after=2024-09-24 00:00:00+00:00
[2024-09-23T23:35:24.282+0000] {processor.py:208} INFO - Processing /opt/airflow/dags/dag_with_postgres_operator.py took 0.293 seconds
[2024-09-23T23:35:54.491+0000] {processor.py:186} INFO - Started process (PID=16825) to work on /opt/airflow/dags/dag_with_postgres_operator.py
[2024-09-23T23:35:54.493+0000] {processor.py:914} INFO - Processing file /opt/airflow/dags/dag_with_postgres_operator.py for tasks to queue
[2024-09-23T23:35:54.498+0000] {logging_mixin.py:190} INFO - [2024-09-23T23:35:54.496+0000] {dagbag.py:587} INFO - Filling up the DagBag from /opt/airflow/dags/dag_with_postgres_operator.py
[2024-09-23T23:35:54.587+0000] {processor.py:925} INFO - DAG(s) 'dag_with_postgres_operator_v04' retrieved from /opt/airflow/dags/dag_with_postgres_operator.py
[2024-09-23T23:35:54.628+0000] {logging_mixin.py:190} INFO - [2024-09-23T23:35:54.628+0000] {dag.py:3229} INFO - Sync 1 DAGs
[2024-09-23T23:35:54.656+0000] {logging_mixin.py:190} INFO - [2024-09-23T23:35:54.656+0000] {dag.py:4156} INFO - Setting next_dagrun for dag_with_postgres_operator_v04 to 2024-09-23 00:00:00+00:00, run_after=2024-09-24 00:00:00+00:00
[2024-09-23T23:35:54.690+0000] {processor.py:208} INFO - Processing /opt/airflow/dags/dag_with_postgres_operator.py took 0.207 seconds
[2024-09-23T23:36:25.568+0000] {processor.py:186} INFO - Started process (PID=16858) to work on /opt/airflow/dags/dag_with_postgres_operator.py
[2024-09-23T23:36:25.570+0000] {processor.py:914} INFO - Processing file /opt/airflow/dags/dag_with_postgres_operator.py for tasks to queue
[2024-09-23T23:36:25.573+0000] {logging_mixin.py:190} INFO - [2024-09-23T23:36:25.573+0000] {dagbag.py:587} INFO - Filling up the DagBag from /opt/airflow/dags/dag_with_postgres_operator.py
[2024-09-23T23:36:25.688+0000] {processor.py:925} INFO - DAG(s) 'dag_with_postgres_operator_v04' retrieved from /opt/airflow/dags/dag_with_postgres_operator.py
[2024-09-23T23:36:25.741+0000] {logging_mixin.py:190} INFO - [2024-09-23T23:36:25.740+0000] {dag.py:3229} INFO - Sync 1 DAGs
[2024-09-23T23:36:25.789+0000] {logging_mixin.py:190} INFO - [2024-09-23T23:36:25.789+0000] {dag.py:4156} INFO - Setting next_dagrun for dag_with_postgres_operator_v04 to 2024-09-23 00:00:00+00:00, run_after=2024-09-24 00:00:00+00:00
[2024-09-23T23:36:25.825+0000] {processor.py:208} INFO - Processing /opt/airflow/dags/dag_with_postgres_operator.py took 0.273 seconds
[2024-09-23T23:36:56.611+0000] {processor.py:186} INFO - Started process (PID=16891) to work on /opt/airflow/dags/dag_with_postgres_operator.py
[2024-09-23T23:36:56.613+0000] {processor.py:914} INFO - Processing file /opt/airflow/dags/dag_with_postgres_operator.py for tasks to queue
[2024-09-23T23:36:56.614+0000] {logging_mixin.py:190} INFO - [2024-09-23T23:36:56.614+0000] {dagbag.py:587} INFO - Filling up the DagBag from /opt/airflow/dags/dag_with_postgres_operator.py
[2024-09-23T23:36:56.700+0000] {processor.py:925} INFO - DAG(s) 'dag_with_postgres_operator_v04' retrieved from /opt/airflow/dags/dag_with_postgres_operator.py
[2024-09-23T23:36:56.731+0000] {logging_mixin.py:190} INFO - [2024-09-23T23:36:56.730+0000] {dag.py:3229} INFO - Sync 1 DAGs
[2024-09-23T23:36:56.758+0000] {logging_mixin.py:190} INFO - [2024-09-23T23:36:56.757+0000] {dag.py:4156} INFO - Setting next_dagrun for dag_with_postgres_operator_v04 to 2024-09-23 00:00:00+00:00, run_after=2024-09-24 00:00:00+00:00
[2024-09-23T23:36:56.790+0000] {processor.py:208} INFO - Processing /opt/airflow/dags/dag_with_postgres_operator.py took 0.184 seconds
[2024-09-23T23:37:27.483+0000] {processor.py:186} INFO - Started process (PID=16924) to work on /opt/airflow/dags/dag_with_postgres_operator.py
[2024-09-23T23:37:27.484+0000] {processor.py:914} INFO - Processing file /opt/airflow/dags/dag_with_postgres_operator.py for tasks to queue
[2024-09-23T23:37:27.486+0000] {logging_mixin.py:190} INFO - [2024-09-23T23:37:27.486+0000] {dagbag.py:587} INFO - Filling up the DagBag from /opt/airflow/dags/dag_with_postgres_operator.py
[2024-09-23T23:37:27.573+0000] {processor.py:925} INFO - DAG(s) 'dag_with_postgres_operator_v04' retrieved from /opt/airflow/dags/dag_with_postgres_operator.py
[2024-09-23T23:37:27.612+0000] {logging_mixin.py:190} INFO - [2024-09-23T23:37:27.612+0000] {dag.py:3229} INFO - Sync 1 DAGs
[2024-09-23T23:37:27.649+0000] {logging_mixin.py:190} INFO - [2024-09-23T23:37:27.649+0000] {dag.py:4156} INFO - Setting next_dagrun for dag_with_postgres_operator_v04 to 2024-09-23 00:00:00+00:00, run_after=2024-09-24 00:00:00+00:00
[2024-09-23T23:37:27.679+0000] {processor.py:208} INFO - Processing /opt/airflow/dags/dag_with_postgres_operator.py took 0.202 seconds
[2024-09-23T23:37:58.316+0000] {processor.py:186} INFO - Started process (PID=16957) to work on /opt/airflow/dags/dag_with_postgres_operator.py
[2024-09-23T23:37:58.317+0000] {processor.py:914} INFO - Processing file /opt/airflow/dags/dag_with_postgres_operator.py for tasks to queue
[2024-09-23T23:37:58.321+0000] {logging_mixin.py:190} INFO - [2024-09-23T23:37:58.321+0000] {dagbag.py:587} INFO - Filling up the DagBag from /opt/airflow/dags/dag_with_postgres_operator.py
[2024-09-23T23:37:58.396+0000] {processor.py:925} INFO - DAG(s) 'dag_with_postgres_operator_v04' retrieved from /opt/airflow/dags/dag_with_postgres_operator.py
[2024-09-23T23:37:58.428+0000] {logging_mixin.py:190} INFO - [2024-09-23T23:37:58.427+0000] {dag.py:3229} INFO - Sync 1 DAGs
[2024-09-23T23:37:58.453+0000] {logging_mixin.py:190} INFO - [2024-09-23T23:37:58.452+0000] {dag.py:4156} INFO - Setting next_dagrun for dag_with_postgres_operator_v04 to 2024-09-23 00:00:00+00:00, run_after=2024-09-24 00:00:00+00:00
[2024-09-23T23:37:58.482+0000] {processor.py:208} INFO - Processing /opt/airflow/dags/dag_with_postgres_operator.py took 0.175 seconds
[2024-09-23T23:38:28.729+0000] {processor.py:186} INFO - Started process (PID=16990) to work on /opt/airflow/dags/dag_with_postgres_operator.py
[2024-09-23T23:38:28.731+0000] {processor.py:914} INFO - Processing file /opt/airflow/dags/dag_with_postgres_operator.py for tasks to queue
[2024-09-23T23:38:28.736+0000] {logging_mixin.py:190} INFO - [2024-09-23T23:38:28.735+0000] {dagbag.py:587} INFO - Filling up the DagBag from /opt/airflow/dags/dag_with_postgres_operator.py
[2024-09-23T23:38:28.803+0000] {processor.py:925} INFO - DAG(s) 'dag_with_postgres_operator_v04' retrieved from /opt/airflow/dags/dag_with_postgres_operator.py
[2024-09-23T23:38:28.844+0000] {logging_mixin.py:190} INFO - [2024-09-23T23:38:28.844+0000] {dag.py:3229} INFO - Sync 1 DAGs
[2024-09-23T23:38:28.888+0000] {logging_mixin.py:190} INFO - [2024-09-23T23:38:28.887+0000] {dag.py:4156} INFO - Setting next_dagrun for dag_with_postgres_operator_v04 to 2024-09-23 00:00:00+00:00, run_after=2024-09-24 00:00:00+00:00
[2024-09-23T23:38:28.924+0000] {processor.py:208} INFO - Processing /opt/airflow/dags/dag_with_postgres_operator.py took 0.202 seconds
[2024-09-23T23:38:59.680+0000] {processor.py:186} INFO - Started process (PID=17023) to work on /opt/airflow/dags/dag_with_postgres_operator.py
[2024-09-23T23:38:59.681+0000] {processor.py:914} INFO - Processing file /opt/airflow/dags/dag_with_postgres_operator.py for tasks to queue
[2024-09-23T23:38:59.684+0000] {logging_mixin.py:190} INFO - [2024-09-23T23:38:59.684+0000] {dagbag.py:587} INFO - Filling up the DagBag from /opt/airflow/dags/dag_with_postgres_operator.py
[2024-09-23T23:38:59.741+0000] {processor.py:925} INFO - DAG(s) 'dag_with_postgres_operator_v04' retrieved from /opt/airflow/dags/dag_with_postgres_operator.py
[2024-09-23T23:38:59.776+0000] {logging_mixin.py:190} INFO - [2024-09-23T23:38:59.775+0000] {dag.py:3229} INFO - Sync 1 DAGs
[2024-09-23T23:38:59.800+0000] {logging_mixin.py:190} INFO - [2024-09-23T23:38:59.800+0000] {dag.py:4156} INFO - Setting next_dagrun for dag_with_postgres_operator_v04 to 2024-09-23 00:00:00+00:00, run_after=2024-09-24 00:00:00+00:00
[2024-09-23T23:38:59.827+0000] {processor.py:208} INFO - Processing /opt/airflow/dags/dag_with_postgres_operator.py took 0.156 seconds
[2024-09-23T23:39:30.770+0000] {processor.py:186} INFO - Started process (PID=17056) to work on /opt/airflow/dags/dag_with_postgres_operator.py
[2024-09-23T23:39:30.773+0000] {processor.py:914} INFO - Processing file /opt/airflow/dags/dag_with_postgres_operator.py for tasks to queue
[2024-09-23T23:39:30.779+0000] {logging_mixin.py:190} INFO - [2024-09-23T23:39:30.778+0000] {dagbag.py:587} INFO - Filling up the DagBag from /opt/airflow/dags/dag_with_postgres_operator.py
[2024-09-23T23:39:30.913+0000] {processor.py:925} INFO - DAG(s) 'dag_with_postgres_operator_v04' retrieved from /opt/airflow/dags/dag_with_postgres_operator.py
[2024-09-23T23:39:30.981+0000] {logging_mixin.py:190} INFO - [2024-09-23T23:39:30.980+0000] {dag.py:3229} INFO - Sync 1 DAGs
[2024-09-23T23:39:31.033+0000] {logging_mixin.py:190} INFO - [2024-09-23T23:39:31.033+0000] {dag.py:4156} INFO - Setting next_dagrun for dag_with_postgres_operator_v04 to 2024-09-23 00:00:00+00:00, run_after=2024-09-24 00:00:00+00:00
[2024-09-23T23:39:31.083+0000] {processor.py:208} INFO - Processing /opt/airflow/dags/dag_with_postgres_operator.py took 0.333 seconds
[2024-09-23T23:40:01.527+0000] {processor.py:186} INFO - Started process (PID=17089) to work on /opt/airflow/dags/dag_with_postgres_operator.py
[2024-09-23T23:40:01.530+0000] {processor.py:914} INFO - Processing file /opt/airflow/dags/dag_with_postgres_operator.py for tasks to queue
[2024-09-23T23:40:01.533+0000] {logging_mixin.py:190} INFO - [2024-09-23T23:40:01.533+0000] {dagbag.py:587} INFO - Filling up the DagBag from /opt/airflow/dags/dag_with_postgres_operator.py
[2024-09-23T23:40:01.649+0000] {processor.py:925} INFO - DAG(s) 'dag_with_postgres_operator_v04' retrieved from /opt/airflow/dags/dag_with_postgres_operator.py
[2024-09-23T23:40:01.697+0000] {logging_mixin.py:190} INFO - [2024-09-23T23:40:01.697+0000] {dag.py:3229} INFO - Sync 1 DAGs
[2024-09-23T23:40:01.744+0000] {logging_mixin.py:190} INFO - [2024-09-23T23:40:01.744+0000] {dag.py:4156} INFO - Setting next_dagrun for dag_with_postgres_operator_v04 to 2024-09-23 00:00:00+00:00, run_after=2024-09-24 00:00:00+00:00
[2024-09-23T23:40:01.780+0000] {processor.py:208} INFO - Processing /opt/airflow/dags/dag_with_postgres_operator.py took 0.262 seconds
[2024-09-23T23:40:32.174+0000] {processor.py:186} INFO - Started process (PID=17122) to work on /opt/airflow/dags/dag_with_postgres_operator.py
[2024-09-23T23:40:32.177+0000] {processor.py:914} INFO - Processing file /opt/airflow/dags/dag_with_postgres_operator.py for tasks to queue
[2024-09-23T23:40:32.180+0000] {logging_mixin.py:190} INFO - [2024-09-23T23:40:32.179+0000] {dagbag.py:587} INFO - Filling up the DagBag from /opt/airflow/dags/dag_with_postgres_operator.py
[2024-09-23T23:40:32.291+0000] {processor.py:925} INFO - DAG(s) 'dag_with_postgres_operator_v04' retrieved from /opt/airflow/dags/dag_with_postgres_operator.py
[2024-09-23T23:40:32.327+0000] {logging_mixin.py:190} INFO - [2024-09-23T23:40:32.327+0000] {dag.py:3229} INFO - Sync 1 DAGs
[2024-09-23T23:40:32.352+0000] {logging_mixin.py:190} INFO - [2024-09-23T23:40:32.352+0000] {dag.py:4156} INFO - Setting next_dagrun for dag_with_postgres_operator_v04 to 2024-09-23 00:00:00+00:00, run_after=2024-09-24 00:00:00+00:00
[2024-09-23T23:40:32.377+0000] {processor.py:208} INFO - Processing /opt/airflow/dags/dag_with_postgres_operator.py took 0.212 seconds
[2024-09-23T23:41:03.337+0000] {processor.py:186} INFO - Started process (PID=17155) to work on /opt/airflow/dags/dag_with_postgres_operator.py
[2024-09-23T23:41:03.339+0000] {processor.py:914} INFO - Processing file /opt/airflow/dags/dag_with_postgres_operator.py for tasks to queue
[2024-09-23T23:41:03.344+0000] {logging_mixin.py:190} INFO - [2024-09-23T23:41:03.342+0000] {dagbag.py:587} INFO - Filling up the DagBag from /opt/airflow/dags/dag_with_postgres_operator.py
[2024-09-23T23:41:03.466+0000] {processor.py:925} INFO - DAG(s) 'dag_with_postgres_operator_v04' retrieved from /opt/airflow/dags/dag_with_postgres_operator.py
[2024-09-23T23:41:03.505+0000] {logging_mixin.py:190} INFO - [2024-09-23T23:41:03.504+0000] {dag.py:3229} INFO - Sync 1 DAGs
[2024-09-23T23:41:03.528+0000] {logging_mixin.py:190} INFO - [2024-09-23T23:41:03.528+0000] {dag.py:4156} INFO - Setting next_dagrun for dag_with_postgres_operator_v04 to 2024-09-23 00:00:00+00:00, run_after=2024-09-24 00:00:00+00:00
[2024-09-23T23:41:03.554+0000] {processor.py:208} INFO - Processing /opt/airflow/dags/dag_with_postgres_operator.py took 0.224 seconds
[2024-09-23T23:41:33.839+0000] {processor.py:186} INFO - Started process (PID=17188) to work on /opt/airflow/dags/dag_with_postgres_operator.py
[2024-09-23T23:41:33.840+0000] {processor.py:914} INFO - Processing file /opt/airflow/dags/dag_with_postgres_operator.py for tasks to queue
[2024-09-23T23:41:33.842+0000] {logging_mixin.py:190} INFO - [2024-09-23T23:41:33.842+0000] {dagbag.py:587} INFO - Filling up the DagBag from /opt/airflow/dags/dag_with_postgres_operator.py
[2024-09-23T23:41:33.919+0000] {processor.py:925} INFO - DAG(s) 'dag_with_postgres_operator_v04' retrieved from /opt/airflow/dags/dag_with_postgres_operator.py
[2024-09-23T23:41:33.965+0000] {logging_mixin.py:190} INFO - [2024-09-23T23:41:33.964+0000] {dag.py:3229} INFO - Sync 1 DAGs
[2024-09-23T23:41:34.007+0000] {logging_mixin.py:190} INFO - [2024-09-23T23:41:34.006+0000] {dag.py:4156} INFO - Setting next_dagrun for dag_with_postgres_operator_v04 to 2024-09-23 00:00:00+00:00, run_after=2024-09-24 00:00:00+00:00
[2024-09-23T23:41:34.037+0000] {processor.py:208} INFO - Processing /opt/airflow/dags/dag_with_postgres_operator.py took 0.205 seconds
[2024-09-23T23:42:04.783+0000] {processor.py:186} INFO - Started process (PID=17221) to work on /opt/airflow/dags/dag_with_postgres_operator.py
[2024-09-23T23:42:04.784+0000] {processor.py:914} INFO - Processing file /opt/airflow/dags/dag_with_postgres_operator.py for tasks to queue
[2024-09-23T23:42:04.786+0000] {logging_mixin.py:190} INFO - [2024-09-23T23:42:04.786+0000] {dagbag.py:587} INFO - Filling up the DagBag from /opt/airflow/dags/dag_with_postgres_operator.py
[2024-09-23T23:42:04.905+0000] {processor.py:925} INFO - DAG(s) 'dag_with_postgres_operator_v04' retrieved from /opt/airflow/dags/dag_with_postgres_operator.py
[2024-09-23T23:42:04.937+0000] {logging_mixin.py:190} INFO - [2024-09-23T23:42:04.937+0000] {dag.py:3229} INFO - Sync 1 DAGs
[2024-09-23T23:42:04.962+0000] {logging_mixin.py:190} INFO - [2024-09-23T23:42:04.962+0000] {dag.py:4156} INFO - Setting next_dagrun for dag_with_postgres_operator_v04 to 2024-09-23 00:00:00+00:00, run_after=2024-09-24 00:00:00+00:00
[2024-09-23T23:42:04.994+0000] {processor.py:208} INFO - Processing /opt/airflow/dags/dag_with_postgres_operator.py took 0.219 seconds
[2024-09-23T23:42:35.445+0000] {processor.py:186} INFO - Started process (PID=17254) to work on /opt/airflow/dags/dag_with_postgres_operator.py
[2024-09-23T23:42:35.447+0000] {processor.py:914} INFO - Processing file /opt/airflow/dags/dag_with_postgres_operator.py for tasks to queue
[2024-09-23T23:42:35.449+0000] {logging_mixin.py:190} INFO - [2024-09-23T23:42:35.448+0000] {dagbag.py:587} INFO - Filling up the DagBag from /opt/airflow/dags/dag_with_postgres_operator.py
[2024-09-23T23:42:35.522+0000] {processor.py:925} INFO - DAG(s) 'dag_with_postgres_operator_v04' retrieved from /opt/airflow/dags/dag_with_postgres_operator.py
[2024-09-23T23:42:35.553+0000] {logging_mixin.py:190} INFO - [2024-09-23T23:42:35.553+0000] {dag.py:3229} INFO - Sync 1 DAGs
[2024-09-23T23:42:35.587+0000] {logging_mixin.py:190} INFO - [2024-09-23T23:42:35.586+0000] {dag.py:4156} INFO - Setting next_dagrun for dag_with_postgres_operator_v04 to 2024-09-23 00:00:00+00:00, run_after=2024-09-24 00:00:00+00:00
[2024-09-23T23:42:35.622+0000] {processor.py:208} INFO - Processing /opt/airflow/dags/dag_with_postgres_operator.py took 0.183 seconds
[2024-09-23T23:43:06.346+0000] {processor.py:186} INFO - Started process (PID=17287) to work on /opt/airflow/dags/dag_with_postgres_operator.py
[2024-09-23T23:43:06.348+0000] {processor.py:914} INFO - Processing file /opt/airflow/dags/dag_with_postgres_operator.py for tasks to queue
[2024-09-23T23:43:06.351+0000] {logging_mixin.py:190} INFO - [2024-09-23T23:43:06.350+0000] {dagbag.py:587} INFO - Filling up the DagBag from /opt/airflow/dags/dag_with_postgres_operator.py
[2024-09-23T23:43:06.473+0000] {processor.py:925} INFO - DAG(s) 'dag_with_postgres_operator_v04' retrieved from /opt/airflow/dags/dag_with_postgres_operator.py
[2024-09-23T23:43:06.500+0000] {logging_mixin.py:190} INFO - [2024-09-23T23:43:06.500+0000] {dag.py:3229} INFO - Sync 1 DAGs
[2024-09-23T23:43:06.522+0000] {logging_mixin.py:190} INFO - [2024-09-23T23:43:06.522+0000] {dag.py:4156} INFO - Setting next_dagrun for dag_with_postgres_operator_v04 to 2024-09-23 00:00:00+00:00, run_after=2024-09-24 00:00:00+00:00
[2024-09-23T23:43:06.557+0000] {processor.py:208} INFO - Processing /opt/airflow/dags/dag_with_postgres_operator.py took 0.222 seconds
[2024-09-23T23:43:37.092+0000] {processor.py:186} INFO - Started process (PID=17320) to work on /opt/airflow/dags/dag_with_postgres_operator.py
[2024-09-23T23:43:37.094+0000] {processor.py:914} INFO - Processing file /opt/airflow/dags/dag_with_postgres_operator.py for tasks to queue
[2024-09-23T23:43:37.097+0000] {logging_mixin.py:190} INFO - [2024-09-23T23:43:37.096+0000] {dagbag.py:587} INFO - Filling up the DagBag from /opt/airflow/dags/dag_with_postgres_operator.py
[2024-09-23T23:43:37.207+0000] {processor.py:925} INFO - DAG(s) 'dag_with_postgres_operator_v04' retrieved from /opt/airflow/dags/dag_with_postgres_operator.py
[2024-09-23T23:43:37.256+0000] {logging_mixin.py:190} INFO - [2024-09-23T23:43:37.256+0000] {dag.py:3229} INFO - Sync 1 DAGs
[2024-09-23T23:43:37.287+0000] {logging_mixin.py:190} INFO - [2024-09-23T23:43:37.287+0000] {dag.py:4156} INFO - Setting next_dagrun for dag_with_postgres_operator_v04 to 2024-09-23 00:00:00+00:00, run_after=2024-09-24 00:00:00+00:00
[2024-09-23T23:43:37.321+0000] {processor.py:208} INFO - Processing /opt/airflow/dags/dag_with_postgres_operator.py took 0.243 seconds
[2024-09-23T23:44:07.820+0000] {processor.py:186} INFO - Started process (PID=17353) to work on /opt/airflow/dags/dag_with_postgres_operator.py
[2024-09-23T23:44:07.822+0000] {processor.py:914} INFO - Processing file /opt/airflow/dags/dag_with_postgres_operator.py for tasks to queue
[2024-09-23T23:44:07.825+0000] {logging_mixin.py:190} INFO - [2024-09-23T23:44:07.824+0000] {dagbag.py:587} INFO - Filling up the DagBag from /opt/airflow/dags/dag_with_postgres_operator.py
[2024-09-23T23:44:07.932+0000] {processor.py:925} INFO - DAG(s) 'dag_with_postgres_operator_v04' retrieved from /opt/airflow/dags/dag_with_postgres_operator.py
[2024-09-23T23:44:07.962+0000] {logging_mixin.py:190} INFO - [2024-09-23T23:44:07.962+0000] {dag.py:3229} INFO - Sync 1 DAGs
[2024-09-23T23:44:07.983+0000] {logging_mixin.py:190} INFO - [2024-09-23T23:44:07.983+0000] {dag.py:4156} INFO - Setting next_dagrun for dag_with_postgres_operator_v04 to 2024-09-23 00:00:00+00:00, run_after=2024-09-24 00:00:00+00:00
[2024-09-23T23:44:08.019+0000] {processor.py:208} INFO - Processing /opt/airflow/dags/dag_with_postgres_operator.py took 0.212 seconds
[2024-09-23T23:44:38.873+0000] {processor.py:186} INFO - Started process (PID=17386) to work on /opt/airflow/dags/dag_with_postgres_operator.py
[2024-09-23T23:44:38.876+0000] {processor.py:914} INFO - Processing file /opt/airflow/dags/dag_with_postgres_operator.py for tasks to queue
[2024-09-23T23:44:38.879+0000] {logging_mixin.py:190} INFO - [2024-09-23T23:44:38.879+0000] {dagbag.py:587} INFO - Filling up the DagBag from /opt/airflow/dags/dag_with_postgres_operator.py
[2024-09-23T23:44:38.998+0000] {processor.py:925} INFO - DAG(s) 'dag_with_postgres_operator_v04' retrieved from /opt/airflow/dags/dag_with_postgres_operator.py
[2024-09-23T23:44:39.041+0000] {logging_mixin.py:190} INFO - [2024-09-23T23:44:39.040+0000] {dag.py:3229} INFO - Sync 1 DAGs
[2024-09-23T23:44:39.067+0000] {logging_mixin.py:190} INFO - [2024-09-23T23:44:39.067+0000] {dag.py:4156} INFO - Setting next_dagrun for dag_with_postgres_operator_v04 to 2024-09-23 00:00:00+00:00, run_after=2024-09-24 00:00:00+00:00
[2024-09-23T23:44:39.095+0000] {processor.py:208} INFO - Processing /opt/airflow/dags/dag_with_postgres_operator.py took 0.235 seconds
[2024-09-23T23:45:09.543+0000] {processor.py:186} INFO - Started process (PID=17419) to work on /opt/airflow/dags/dag_with_postgres_operator.py
[2024-09-23T23:45:09.545+0000] {processor.py:914} INFO - Processing file /opt/airflow/dags/dag_with_postgres_operator.py for tasks to queue
[2024-09-23T23:45:09.547+0000] {logging_mixin.py:190} INFO - [2024-09-23T23:45:09.547+0000] {dagbag.py:587} INFO - Filling up the DagBag from /opt/airflow/dags/dag_with_postgres_operator.py
[2024-09-23T23:45:09.644+0000] {processor.py:925} INFO - DAG(s) 'dag_with_postgres_operator_v04' retrieved from /opt/airflow/dags/dag_with_postgres_operator.py
[2024-09-23T23:45:09.674+0000] {logging_mixin.py:190} INFO - [2024-09-23T23:45:09.674+0000] {dag.py:3229} INFO - Sync 1 DAGs
[2024-09-23T23:45:09.698+0000] {logging_mixin.py:190} INFO - [2024-09-23T23:45:09.698+0000] {dag.py:4156} INFO - Setting next_dagrun for dag_with_postgres_operator_v04 to 2024-09-23 00:00:00+00:00, run_after=2024-09-24 00:00:00+00:00
[2024-09-23T23:45:09.736+0000] {processor.py:208} INFO - Processing /opt/airflow/dags/dag_with_postgres_operator.py took 0.199 seconds
[2024-09-23T23:45:40.204+0000] {processor.py:186} INFO - Started process (PID=17452) to work on /opt/airflow/dags/dag_with_postgres_operator.py
[2024-09-23T23:45:40.206+0000] {processor.py:914} INFO - Processing file /opt/airflow/dags/dag_with_postgres_operator.py for tasks to queue
[2024-09-23T23:45:40.208+0000] {logging_mixin.py:190} INFO - [2024-09-23T23:45:40.208+0000] {dagbag.py:587} INFO - Filling up the DagBag from /opt/airflow/dags/dag_with_postgres_operator.py
[2024-09-23T23:45:40.308+0000] {processor.py:925} INFO - DAG(s) 'dag_with_postgres_operator_v04' retrieved from /opt/airflow/dags/dag_with_postgres_operator.py
[2024-09-23T23:45:40.338+0000] {logging_mixin.py:190} INFO - [2024-09-23T23:45:40.337+0000] {dag.py:3229} INFO - Sync 1 DAGs
[2024-09-23T23:45:40.361+0000] {logging_mixin.py:190} INFO - [2024-09-23T23:45:40.361+0000] {dag.py:4156} INFO - Setting next_dagrun for dag_with_postgres_operator_v04 to 2024-09-23 00:00:00+00:00, run_after=2024-09-24 00:00:00+00:00
[2024-09-23T23:45:40.389+0000] {processor.py:208} INFO - Processing /opt/airflow/dags/dag_with_postgres_operator.py took 0.194 seconds
[2024-09-23T23:46:10.914+0000] {processor.py:186} INFO - Started process (PID=17485) to work on /opt/airflow/dags/dag_with_postgres_operator.py
[2024-09-23T23:46:10.915+0000] {processor.py:914} INFO - Processing file /opt/airflow/dags/dag_with_postgres_operator.py for tasks to queue
[2024-09-23T23:46:10.919+0000] {logging_mixin.py:190} INFO - [2024-09-23T23:46:10.918+0000] {dagbag.py:587} INFO - Filling up the DagBag from /opt/airflow/dags/dag_with_postgres_operator.py
[2024-09-23T23:46:11.026+0000] {processor.py:925} INFO - DAG(s) 'dag_with_postgres_operator_v04' retrieved from /opt/airflow/dags/dag_with_postgres_operator.py
[2024-09-23T23:46:11.076+0000] {logging_mixin.py:190} INFO - [2024-09-23T23:46:11.076+0000] {dag.py:3229} INFO - Sync 1 DAGs
[2024-09-23T23:46:11.101+0000] {logging_mixin.py:190} INFO - [2024-09-23T23:46:11.101+0000] {dag.py:4156} INFO - Setting next_dagrun for dag_with_postgres_operator_v04 to 2024-09-23 00:00:00+00:00, run_after=2024-09-24 00:00:00+00:00
[2024-09-23T23:46:11.128+0000] {processor.py:208} INFO - Processing /opt/airflow/dags/dag_with_postgres_operator.py took 0.221 seconds
[2024-09-23T23:46:41.440+0000] {processor.py:186} INFO - Started process (PID=17518) to work on /opt/airflow/dags/dag_with_postgres_operator.py
[2024-09-23T23:46:41.441+0000] {processor.py:914} INFO - Processing file /opt/airflow/dags/dag_with_postgres_operator.py for tasks to queue
[2024-09-23T23:46:41.443+0000] {logging_mixin.py:190} INFO - [2024-09-23T23:46:41.443+0000] {dagbag.py:587} INFO - Filling up the DagBag from /opt/airflow/dags/dag_with_postgres_operator.py
[2024-09-23T23:46:41.567+0000] {processor.py:925} INFO - DAG(s) 'dag_with_postgres_operator_v04' retrieved from /opt/airflow/dags/dag_with_postgres_operator.py
[2024-09-23T23:46:41.597+0000] {logging_mixin.py:190} INFO - [2024-09-23T23:46:41.597+0000] {dag.py:3229} INFO - Sync 1 DAGs
[2024-09-23T23:46:41.621+0000] {logging_mixin.py:190} INFO - [2024-09-23T23:46:41.621+0000] {dag.py:4156} INFO - Setting next_dagrun for dag_with_postgres_operator_v04 to 2024-09-23 00:00:00+00:00, run_after=2024-09-24 00:00:00+00:00
[2024-09-23T23:46:41.649+0000] {processor.py:208} INFO - Processing /opt/airflow/dags/dag_with_postgres_operator.py took 0.219 seconds
[2024-09-23T23:47:12.539+0000] {processor.py:186} INFO - Started process (PID=17551) to work on /opt/airflow/dags/dag_with_postgres_operator.py
[2024-09-23T23:47:12.541+0000] {processor.py:914} INFO - Processing file /opt/airflow/dags/dag_with_postgres_operator.py for tasks to queue
[2024-09-23T23:47:12.544+0000] {logging_mixin.py:190} INFO - [2024-09-23T23:47:12.544+0000] {dagbag.py:587} INFO - Filling up the DagBag from /opt/airflow/dags/dag_with_postgres_operator.py
[2024-09-23T23:47:12.650+0000] {processor.py:925} INFO - DAG(s) 'dag_with_postgres_operator_v04' retrieved from /opt/airflow/dags/dag_with_postgres_operator.py
[2024-09-23T23:47:12.679+0000] {logging_mixin.py:190} INFO - [2024-09-23T23:47:12.679+0000] {dag.py:3229} INFO - Sync 1 DAGs
[2024-09-23T23:47:12.703+0000] {logging_mixin.py:190} INFO - [2024-09-23T23:47:12.703+0000] {dag.py:4156} INFO - Setting next_dagrun for dag_with_postgres_operator_v04 to 2024-09-23 00:00:00+00:00, run_after=2024-09-24 00:00:00+00:00
[2024-09-23T23:47:12.730+0000] {processor.py:208} INFO - Processing /opt/airflow/dags/dag_with_postgres_operator.py took 0.198 seconds
[2024-09-23T23:47:43.646+0000] {processor.py:186} INFO - Started process (PID=17584) to work on /opt/airflow/dags/dag_with_postgres_operator.py
[2024-09-23T23:47:43.648+0000] {processor.py:914} INFO - Processing file /opt/airflow/dags/dag_with_postgres_operator.py for tasks to queue
[2024-09-23T23:47:43.651+0000] {logging_mixin.py:190} INFO - [2024-09-23T23:47:43.650+0000] {dagbag.py:587} INFO - Filling up the DagBag from /opt/airflow/dags/dag_with_postgres_operator.py
[2024-09-23T23:47:43.775+0000] {processor.py:925} INFO - DAG(s) 'dag_with_postgres_operator_v04' retrieved from /opt/airflow/dags/dag_with_postgres_operator.py
[2024-09-23T23:47:43.810+0000] {logging_mixin.py:190} INFO - [2024-09-23T23:47:43.810+0000] {dag.py:3229} INFO - Sync 1 DAGs
[2024-09-23T23:47:43.832+0000] {logging_mixin.py:190} INFO - [2024-09-23T23:47:43.832+0000] {dag.py:4156} INFO - Setting next_dagrun for dag_with_postgres_operator_v04 to 2024-09-23 00:00:00+00:00, run_after=2024-09-24 00:00:00+00:00
[2024-09-23T23:47:43.860+0000] {processor.py:208} INFO - Processing /opt/airflow/dags/dag_with_postgres_operator.py took 0.220 seconds
[2024-09-23T23:48:14.524+0000] {processor.py:186} INFO - Started process (PID=17617) to work on /opt/airflow/dags/dag_with_postgres_operator.py
[2024-09-23T23:48:14.526+0000] {processor.py:914} INFO - Processing file /opt/airflow/dags/dag_with_postgres_operator.py for tasks to queue
[2024-09-23T23:48:14.529+0000] {logging_mixin.py:190} INFO - [2024-09-23T23:48:14.528+0000] {dagbag.py:587} INFO - Filling up the DagBag from /opt/airflow/dags/dag_with_postgres_operator.py
[2024-09-23T23:48:14.631+0000] {processor.py:925} INFO - DAG(s) 'dag_with_postgres_operator_v04' retrieved from /opt/airflow/dags/dag_with_postgres_operator.py
[2024-09-23T23:48:14.659+0000] {logging_mixin.py:190} INFO - [2024-09-23T23:48:14.659+0000] {dag.py:3229} INFO - Sync 1 DAGs
[2024-09-23T23:48:14.681+0000] {logging_mixin.py:190} INFO - [2024-09-23T23:48:14.681+0000] {dag.py:4156} INFO - Setting next_dagrun for dag_with_postgres_operator_v04 to 2024-09-23 00:00:00+00:00, run_after=2024-09-24 00:00:00+00:00
[2024-09-23T23:48:14.719+0000] {processor.py:208} INFO - Processing /opt/airflow/dags/dag_with_postgres_operator.py took 0.201 seconds
[2024-09-23T23:48:45.206+0000] {processor.py:186} INFO - Started process (PID=17650) to work on /opt/airflow/dags/dag_with_postgres_operator.py
[2024-09-23T23:48:45.213+0000] {processor.py:914} INFO - Processing file /opt/airflow/dags/dag_with_postgres_operator.py for tasks to queue
[2024-09-23T23:48:45.217+0000] {logging_mixin.py:190} INFO - [2024-09-23T23:48:45.216+0000] {dagbag.py:587} INFO - Filling up the DagBag from /opt/airflow/dags/dag_with_postgres_operator.py
[2024-09-23T23:48:45.344+0000] {processor.py:925} INFO - DAG(s) 'dag_with_postgres_operator_v04' retrieved from /opt/airflow/dags/dag_with_postgres_operator.py
[2024-09-23T23:48:45.397+0000] {logging_mixin.py:190} INFO - [2024-09-23T23:48:45.397+0000] {dag.py:3229} INFO - Sync 1 DAGs
[2024-09-23T23:48:45.424+0000] {logging_mixin.py:190} INFO - [2024-09-23T23:48:45.424+0000] {dag.py:4156} INFO - Setting next_dagrun for dag_with_postgres_operator_v04 to 2024-09-23 00:00:00+00:00, run_after=2024-09-24 00:00:00+00:00
[2024-09-23T23:48:45.456+0000] {processor.py:208} INFO - Processing /opt/airflow/dags/dag_with_postgres_operator.py took 0.260 seconds
[2024-09-23T23:49:16.120+0000] {processor.py:186} INFO - Started process (PID=17683) to work on /opt/airflow/dags/dag_with_postgres_operator.py
[2024-09-23T23:49:16.121+0000] {processor.py:914} INFO - Processing file /opt/airflow/dags/dag_with_postgres_operator.py for tasks to queue
[2024-09-23T23:49:16.123+0000] {logging_mixin.py:190} INFO - [2024-09-23T23:49:16.123+0000] {dagbag.py:587} INFO - Filling up the DagBag from /opt/airflow/dags/dag_with_postgres_operator.py
[2024-09-23T23:49:16.250+0000] {processor.py:925} INFO - DAG(s) 'dag_with_postgres_operator_v04' retrieved from /opt/airflow/dags/dag_with_postgres_operator.py
[2024-09-23T23:49:16.282+0000] {logging_mixin.py:190} INFO - [2024-09-23T23:49:16.282+0000] {dag.py:3229} INFO - Sync 1 DAGs
[2024-09-23T23:49:16.306+0000] {logging_mixin.py:190} INFO - [2024-09-23T23:49:16.306+0000] {dag.py:4156} INFO - Setting next_dagrun for dag_with_postgres_operator_v04 to 2024-09-23 00:00:00+00:00, run_after=2024-09-24 00:00:00+00:00
[2024-09-23T23:49:16.337+0000] {processor.py:208} INFO - Processing /opt/airflow/dags/dag_with_postgres_operator.py took 0.223 seconds
[2024-09-23T23:49:46.866+0000] {processor.py:186} INFO - Started process (PID=17716) to work on /opt/airflow/dags/dag_with_postgres_operator.py
[2024-09-23T23:49:46.868+0000] {processor.py:914} INFO - Processing file /opt/airflow/dags/dag_with_postgres_operator.py for tasks to queue
[2024-09-23T23:49:46.871+0000] {logging_mixin.py:190} INFO - [2024-09-23T23:49:46.870+0000] {dagbag.py:587} INFO - Filling up the DagBag from /opt/airflow/dags/dag_with_postgres_operator.py
[2024-09-23T23:49:46.941+0000] {processor.py:925} INFO - DAG(s) 'dag_with_postgres_operator_v04' retrieved from /opt/airflow/dags/dag_with_postgres_operator.py
[2024-09-23T23:49:46.980+0000] {logging_mixin.py:190} INFO - [2024-09-23T23:49:46.980+0000] {dag.py:3229} INFO - Sync 1 DAGs
[2024-09-23T23:49:47.014+0000] {logging_mixin.py:190} INFO - [2024-09-23T23:49:47.013+0000] {dag.py:4156} INFO - Setting next_dagrun for dag_with_postgres_operator_v04 to 2024-09-23 00:00:00+00:00, run_after=2024-09-24 00:00:00+00:00
[2024-09-23T23:49:47.042+0000] {processor.py:208} INFO - Processing /opt/airflow/dags/dag_with_postgres_operator.py took 0.186 seconds
[2024-09-23T23:50:17.939+0000] {processor.py:186} INFO - Started process (PID=17749) to work on /opt/airflow/dags/dag_with_postgres_operator.py
[2024-09-23T23:50:17.941+0000] {processor.py:914} INFO - Processing file /opt/airflow/dags/dag_with_postgres_operator.py for tasks to queue
[2024-09-23T23:50:17.944+0000] {logging_mixin.py:190} INFO - [2024-09-23T23:50:17.943+0000] {dagbag.py:587} INFO - Filling up the DagBag from /opt/airflow/dags/dag_with_postgres_operator.py
[2024-09-23T23:50:18.043+0000] {processor.py:925} INFO - DAG(s) 'dag_with_postgres_operator_v04' retrieved from /opt/airflow/dags/dag_with_postgres_operator.py
[2024-09-23T23:50:18.078+0000] {logging_mixin.py:190} INFO - [2024-09-23T23:50:18.077+0000] {dag.py:3229} INFO - Sync 1 DAGs
[2024-09-23T23:50:18.101+0000] {logging_mixin.py:190} INFO - [2024-09-23T23:50:18.101+0000] {dag.py:4156} INFO - Setting next_dagrun for dag_with_postgres_operator_v04 to 2024-09-23 00:00:00+00:00, run_after=2024-09-24 00:00:00+00:00
[2024-09-23T23:50:18.128+0000] {processor.py:208} INFO - Processing /opt/airflow/dags/dag_with_postgres_operator.py took 0.205 seconds
[2024-09-23T23:50:49.058+0000] {processor.py:186} INFO - Started process (PID=17782) to work on /opt/airflow/dags/dag_with_postgres_operator.py
[2024-09-23T23:50:49.065+0000] {processor.py:914} INFO - Processing file /opt/airflow/dags/dag_with_postgres_operator.py for tasks to queue
[2024-09-23T23:50:49.071+0000] {logging_mixin.py:190} INFO - [2024-09-23T23:50:49.070+0000] {dagbag.py:587} INFO - Filling up the DagBag from /opt/airflow/dags/dag_with_postgres_operator.py
[2024-09-23T23:50:49.149+0000] {processor.py:925} INFO - DAG(s) 'dag_with_postgres_operator_v04' retrieved from /opt/airflow/dags/dag_with_postgres_operator.py
[2024-09-23T23:50:49.174+0000] {logging_mixin.py:190} INFO - [2024-09-23T23:50:49.174+0000] {dag.py:3229} INFO - Sync 1 DAGs
[2024-09-23T23:50:49.196+0000] {logging_mixin.py:190} INFO - [2024-09-23T23:50:49.196+0000] {dag.py:4156} INFO - Setting next_dagrun for dag_with_postgres_operator_v04 to 2024-09-23 00:00:00+00:00, run_after=2024-09-24 00:00:00+00:00
[2024-09-23T23:50:49.220+0000] {processor.py:208} INFO - Processing /opt/airflow/dags/dag_with_postgres_operator.py took 0.173 seconds
[2024-09-23T23:51:20.056+0000] {processor.py:186} INFO - Started process (PID=17815) to work on /opt/airflow/dags/dag_with_postgres_operator.py
[2024-09-23T23:51:20.059+0000] {processor.py:914} INFO - Processing file /opt/airflow/dags/dag_with_postgres_operator.py for tasks to queue
[2024-09-23T23:51:20.065+0000] {logging_mixin.py:190} INFO - [2024-09-23T23:51:20.064+0000] {dagbag.py:587} INFO - Filling up the DagBag from /opt/airflow/dags/dag_with_postgres_operator.py
[2024-09-23T23:51:20.154+0000] {processor.py:925} INFO - DAG(s) 'dag_with_postgres_operator_v04' retrieved from /opt/airflow/dags/dag_with_postgres_operator.py
[2024-09-23T23:51:20.185+0000] {logging_mixin.py:190} INFO - [2024-09-23T23:51:20.185+0000] {dag.py:3229} INFO - Sync 1 DAGs
[2024-09-23T23:51:20.210+0000] {logging_mixin.py:190} INFO - [2024-09-23T23:51:20.210+0000] {dag.py:4156} INFO - Setting next_dagrun for dag_with_postgres_operator_v04 to 2024-09-23 00:00:00+00:00, run_after=2024-09-24 00:00:00+00:00
[2024-09-23T23:51:20.235+0000] {processor.py:208} INFO - Processing /opt/airflow/dags/dag_with_postgres_operator.py took 0.189 seconds
[2024-09-23T23:51:50.705+0000] {processor.py:186} INFO - Started process (PID=17848) to work on /opt/airflow/dags/dag_with_postgres_operator.py
[2024-09-23T23:51:50.708+0000] {processor.py:914} INFO - Processing file /opt/airflow/dags/dag_with_postgres_operator.py for tasks to queue
[2024-09-23T23:51:50.711+0000] {logging_mixin.py:190} INFO - [2024-09-23T23:51:50.710+0000] {dagbag.py:587} INFO - Filling up the DagBag from /opt/airflow/dags/dag_with_postgres_operator.py
[2024-09-23T23:51:50.793+0000] {processor.py:925} INFO - DAG(s) 'dag_with_postgres_operator_v04' retrieved from /opt/airflow/dags/dag_with_postgres_operator.py
[2024-09-23T23:51:50.821+0000] {logging_mixin.py:190} INFO - [2024-09-23T23:51:50.821+0000] {dag.py:3229} INFO - Sync 1 DAGs
[2024-09-23T23:51:50.842+0000] {logging_mixin.py:190} INFO - [2024-09-23T23:51:50.842+0000] {dag.py:4156} INFO - Setting next_dagrun for dag_with_postgres_operator_v04 to 2024-09-23 00:00:00+00:00, run_after=2024-09-24 00:00:00+00:00
[2024-09-23T23:51:50.869+0000] {processor.py:208} INFO - Processing /opt/airflow/dags/dag_with_postgres_operator.py took 0.175 seconds
[2024-09-23T23:52:21.728+0000] {processor.py:186} INFO - Started process (PID=17881) to work on /opt/airflow/dags/dag_with_postgres_operator.py
[2024-09-23T23:52:21.730+0000] {processor.py:914} INFO - Processing file /opt/airflow/dags/dag_with_postgres_operator.py for tasks to queue
[2024-09-23T23:52:21.732+0000] {logging_mixin.py:190} INFO - [2024-09-23T23:52:21.732+0000] {dagbag.py:587} INFO - Filling up the DagBag from /opt/airflow/dags/dag_with_postgres_operator.py
[2024-09-23T23:52:21.829+0000] {processor.py:925} INFO - DAG(s) 'dag_with_postgres_operator_v04' retrieved from /opt/airflow/dags/dag_with_postgres_operator.py
[2024-09-23T23:52:21.864+0000] {logging_mixin.py:190} INFO - [2024-09-23T23:52:21.864+0000] {dag.py:3229} INFO - Sync 1 DAGs
[2024-09-23T23:52:21.891+0000] {logging_mixin.py:190} INFO - [2024-09-23T23:52:21.891+0000] {dag.py:4156} INFO - Setting next_dagrun for dag_with_postgres_operator_v04 to 2024-09-23 00:00:00+00:00, run_after=2024-09-24 00:00:00+00:00
[2024-09-23T23:52:21.918+0000] {processor.py:208} INFO - Processing /opt/airflow/dags/dag_with_postgres_operator.py took 0.199 seconds
[2024-09-23T23:52:52.175+0000] {processor.py:186} INFO - Started process (PID=17914) to work on /opt/airflow/dags/dag_with_postgres_operator.py
[2024-09-23T23:52:52.176+0000] {processor.py:914} INFO - Processing file /opt/airflow/dags/dag_with_postgres_operator.py for tasks to queue
[2024-09-23T23:52:52.180+0000] {logging_mixin.py:190} INFO - [2024-09-23T23:52:52.179+0000] {dagbag.py:587} INFO - Filling up the DagBag from /opt/airflow/dags/dag_with_postgres_operator.py
[2024-09-23T23:52:52.280+0000] {processor.py:925} INFO - DAG(s) 'dag_with_postgres_operator_v04' retrieved from /opt/airflow/dags/dag_with_postgres_operator.py
[2024-09-23T23:52:52.313+0000] {logging_mixin.py:190} INFO - [2024-09-23T23:52:52.313+0000] {dag.py:3229} INFO - Sync 1 DAGs
[2024-09-23T23:52:52.337+0000] {logging_mixin.py:190} INFO - [2024-09-23T23:52:52.337+0000] {dag.py:4156} INFO - Setting next_dagrun for dag_with_postgres_operator_v04 to 2024-09-23 00:00:00+00:00, run_after=2024-09-24 00:00:00+00:00
[2024-09-23T23:52:52.382+0000] {processor.py:208} INFO - Processing /opt/airflow/dags/dag_with_postgres_operator.py took 0.214 seconds
[2024-09-23T23:53:22.699+0000] {processor.py:186} INFO - Started process (PID=17947) to work on /opt/airflow/dags/dag_with_postgres_operator.py
[2024-09-23T23:53:22.701+0000] {processor.py:914} INFO - Processing file /opt/airflow/dags/dag_with_postgres_operator.py for tasks to queue
[2024-09-23T23:53:22.704+0000] {logging_mixin.py:190} INFO - [2024-09-23T23:53:22.704+0000] {dagbag.py:587} INFO - Filling up the DagBag from /opt/airflow/dags/dag_with_postgres_operator.py
[2024-09-23T23:53:22.820+0000] {processor.py:925} INFO - DAG(s) 'dag_with_postgres_operator_v04' retrieved from /opt/airflow/dags/dag_with_postgres_operator.py
[2024-09-23T23:53:22.864+0000] {logging_mixin.py:190} INFO - [2024-09-23T23:53:22.864+0000] {dag.py:3229} INFO - Sync 1 DAGs
[2024-09-23T23:53:22.889+0000] {logging_mixin.py:190} INFO - [2024-09-23T23:53:22.889+0000] {dag.py:4156} INFO - Setting next_dagrun for dag_with_postgres_operator_v04 to 2024-09-23 00:00:00+00:00, run_after=2024-09-24 00:00:00+00:00
[2024-09-23T23:53:22.919+0000] {processor.py:208} INFO - Processing /opt/airflow/dags/dag_with_postgres_operator.py took 0.229 seconds
[2024-09-23T23:53:53.117+0000] {processor.py:186} INFO - Started process (PID=17980) to work on /opt/airflow/dags/dag_with_postgres_operator.py
[2024-09-23T23:53:53.120+0000] {processor.py:914} INFO - Processing file /opt/airflow/dags/dag_with_postgres_operator.py for tasks to queue
[2024-09-23T23:53:53.123+0000] {logging_mixin.py:190} INFO - [2024-09-23T23:53:53.123+0000] {dagbag.py:587} INFO - Filling up the DagBag from /opt/airflow/dags/dag_with_postgres_operator.py
[2024-09-23T23:53:53.199+0000] {processor.py:925} INFO - DAG(s) 'dag_with_postgres_operator_v04' retrieved from /opt/airflow/dags/dag_with_postgres_operator.py
[2024-09-23T23:53:53.235+0000] {logging_mixin.py:190} INFO - [2024-09-23T23:53:53.235+0000] {dag.py:3229} INFO - Sync 1 DAGs
[2024-09-23T23:53:53.260+0000] {logging_mixin.py:190} INFO - [2024-09-23T23:53:53.260+0000] {dag.py:4156} INFO - Setting next_dagrun for dag_with_postgres_operator_v04 to 2024-09-23 00:00:00+00:00, run_after=2024-09-24 00:00:00+00:00
[2024-09-23T23:53:53.293+0000] {processor.py:208} INFO - Processing /opt/airflow/dags/dag_with_postgres_operator.py took 0.183 seconds
[2024-09-23T23:54:23.677+0000] {processor.py:186} INFO - Started process (PID=18013) to work on /opt/airflow/dags/dag_with_postgres_operator.py
[2024-09-23T23:54:23.679+0000] {processor.py:914} INFO - Processing file /opt/airflow/dags/dag_with_postgres_operator.py for tasks to queue
[2024-09-23T23:54:23.684+0000] {logging_mixin.py:190} INFO - [2024-09-23T23:54:23.684+0000] {dagbag.py:587} INFO - Filling up the DagBag from /opt/airflow/dags/dag_with_postgres_operator.py
[2024-09-23T23:54:23.805+0000] {processor.py:925} INFO - DAG(s) 'dag_with_postgres_operator_v04' retrieved from /opt/airflow/dags/dag_with_postgres_operator.py
[2024-09-23T23:54:23.841+0000] {logging_mixin.py:190} INFO - [2024-09-23T23:54:23.841+0000] {dag.py:3229} INFO - Sync 1 DAGs
[2024-09-23T23:54:23.867+0000] {logging_mixin.py:190} INFO - [2024-09-23T23:54:23.867+0000] {dag.py:4156} INFO - Setting next_dagrun for dag_with_postgres_operator_v04 to 2024-09-23 00:00:00+00:00, run_after=2024-09-24 00:00:00+00:00
[2024-09-23T23:54:23.894+0000] {processor.py:208} INFO - Processing /opt/airflow/dags/dag_with_postgres_operator.py took 0.223 seconds
[2024-09-23T23:54:54.081+0000] {processor.py:186} INFO - Started process (PID=18046) to work on /opt/airflow/dags/dag_with_postgres_operator.py
[2024-09-23T23:54:54.082+0000] {processor.py:914} INFO - Processing file /opt/airflow/dags/dag_with_postgres_operator.py for tasks to queue
[2024-09-23T23:54:54.084+0000] {logging_mixin.py:190} INFO - [2024-09-23T23:54:54.084+0000] {dagbag.py:587} INFO - Filling up the DagBag from /opt/airflow/dags/dag_with_postgres_operator.py
[2024-09-23T23:54:54.183+0000] {processor.py:925} INFO - DAG(s) 'dag_with_postgres_operator_v04' retrieved from /opt/airflow/dags/dag_with_postgres_operator.py
[2024-09-23T23:54:54.222+0000] {logging_mixin.py:190} INFO - [2024-09-23T23:54:54.221+0000] {dag.py:3229} INFO - Sync 1 DAGs
[2024-09-23T23:54:54.250+0000] {logging_mixin.py:190} INFO - [2024-09-23T23:54:54.250+0000] {dag.py:4156} INFO - Setting next_dagrun for dag_with_postgres_operator_v04 to 2024-09-23 00:00:00+00:00, run_after=2024-09-24 00:00:00+00:00
[2024-09-23T23:54:54.291+0000] {processor.py:208} INFO - Processing /opt/airflow/dags/dag_with_postgres_operator.py took 0.215 seconds
[2024-09-23T23:55:24.539+0000] {processor.py:186} INFO - Started process (PID=18079) to work on /opt/airflow/dags/dag_with_postgres_operator.py
[2024-09-23T23:55:24.541+0000] {processor.py:914} INFO - Processing file /opt/airflow/dags/dag_with_postgres_operator.py for tasks to queue
[2024-09-23T23:55:24.543+0000] {logging_mixin.py:190} INFO - [2024-09-23T23:55:24.543+0000] {dagbag.py:587} INFO - Filling up the DagBag from /opt/airflow/dags/dag_with_postgres_operator.py
[2024-09-23T23:55:24.612+0000] {processor.py:925} INFO - DAG(s) 'dag_with_postgres_operator_v04' retrieved from /opt/airflow/dags/dag_with_postgres_operator.py
[2024-09-23T23:55:24.649+0000] {logging_mixin.py:190} INFO - [2024-09-23T23:55:24.648+0000] {dag.py:3229} INFO - Sync 1 DAGs
[2024-09-23T23:55:24.694+0000] {logging_mixin.py:190} INFO - [2024-09-23T23:55:24.694+0000] {dag.py:4156} INFO - Setting next_dagrun for dag_with_postgres_operator_v04 to 2024-09-23 00:00:00+00:00, run_after=2024-09-24 00:00:00+00:00
[2024-09-23T23:55:24.726+0000] {processor.py:208} INFO - Processing /opt/airflow/dags/dag_with_postgres_operator.py took 0.197 seconds
[2024-09-23T23:55:55.547+0000] {processor.py:186} INFO - Started process (PID=18112) to work on /opt/airflow/dags/dag_with_postgres_operator.py
[2024-09-23T23:55:55.549+0000] {processor.py:914} INFO - Processing file /opt/airflow/dags/dag_with_postgres_operator.py for tasks to queue
[2024-09-23T23:55:55.551+0000] {logging_mixin.py:190} INFO - [2024-09-23T23:55:55.550+0000] {dagbag.py:587} INFO - Filling up the DagBag from /opt/airflow/dags/dag_with_postgres_operator.py
[2024-09-23T23:55:55.645+0000] {processor.py:925} INFO - DAG(s) 'dag_with_postgres_operator_v04' retrieved from /opt/airflow/dags/dag_with_postgres_operator.py
[2024-09-23T23:55:55.679+0000] {logging_mixin.py:190} INFO - [2024-09-23T23:55:55.678+0000] {dag.py:3229} INFO - Sync 1 DAGs
[2024-09-23T23:55:55.706+0000] {logging_mixin.py:190} INFO - [2024-09-23T23:55:55.705+0000] {dag.py:4156} INFO - Setting next_dagrun for dag_with_postgres_operator_v04 to 2024-09-23 00:00:00+00:00, run_after=2024-09-24 00:00:00+00:00
[2024-09-23T23:55:55.742+0000] {processor.py:208} INFO - Processing /opt/airflow/dags/dag_with_postgres_operator.py took 0.201 seconds
[2024-09-23T23:56:26.782+0000] {processor.py:186} INFO - Started process (PID=18145) to work on /opt/airflow/dags/dag_with_postgres_operator.py
[2024-09-23T23:56:26.784+0000] {processor.py:914} INFO - Processing file /opt/airflow/dags/dag_with_postgres_operator.py for tasks to queue
[2024-09-23T23:56:26.788+0000] {logging_mixin.py:190} INFO - [2024-09-23T23:56:26.787+0000] {dagbag.py:587} INFO - Filling up the DagBag from /opt/airflow/dags/dag_with_postgres_operator.py
[2024-09-23T23:56:26.887+0000] {processor.py:925} INFO - DAG(s) 'dag_with_postgres_operator_v04' retrieved from /opt/airflow/dags/dag_with_postgres_operator.py
[2024-09-23T23:56:26.927+0000] {logging_mixin.py:190} INFO - [2024-09-23T23:56:26.926+0000] {dag.py:3229} INFO - Sync 1 DAGs
[2024-09-23T23:56:26.957+0000] {logging_mixin.py:190} INFO - [2024-09-23T23:56:26.957+0000] {dag.py:4156} INFO - Setting next_dagrun for dag_with_postgres_operator_v04 to 2024-09-23 00:00:00+00:00, run_after=2024-09-24 00:00:00+00:00
[2024-09-23T23:56:26.986+0000] {processor.py:208} INFO - Processing /opt/airflow/dags/dag_with_postgres_operator.py took 0.209 seconds
[2024-09-23T23:56:57.209+0000] {processor.py:186} INFO - Started process (PID=18178) to work on /opt/airflow/dags/dag_with_postgres_operator.py
[2024-09-23T23:56:57.212+0000] {processor.py:914} INFO - Processing file /opt/airflow/dags/dag_with_postgres_operator.py for tasks to queue
[2024-09-23T23:56:57.215+0000] {logging_mixin.py:190} INFO - [2024-09-23T23:56:57.214+0000] {dagbag.py:587} INFO - Filling up the DagBag from /opt/airflow/dags/dag_with_postgres_operator.py
[2024-09-23T23:56:57.326+0000] {processor.py:925} INFO - DAG(s) 'dag_with_postgres_operator_v04' retrieved from /opt/airflow/dags/dag_with_postgres_operator.py
[2024-09-23T23:56:57.355+0000] {logging_mixin.py:190} INFO - [2024-09-23T23:56:57.354+0000] {dag.py:3229} INFO - Sync 1 DAGs
[2024-09-23T23:56:57.377+0000] {logging_mixin.py:190} INFO - [2024-09-23T23:56:57.376+0000] {dag.py:4156} INFO - Setting next_dagrun for dag_with_postgres_operator_v04 to 2024-09-23 00:00:00+00:00, run_after=2024-09-24 00:00:00+00:00
[2024-09-23T23:56:57.400+0000] {processor.py:208} INFO - Processing /opt/airflow/dags/dag_with_postgres_operator.py took 0.202 seconds
[2024-09-23T23:57:27.613+0000] {processor.py:186} INFO - Started process (PID=18211) to work on /opt/airflow/dags/dag_with_postgres_operator.py
[2024-09-23T23:57:27.614+0000] {processor.py:914} INFO - Processing file /opt/airflow/dags/dag_with_postgres_operator.py for tasks to queue
[2024-09-23T23:57:27.616+0000] {logging_mixin.py:190} INFO - [2024-09-23T23:57:27.616+0000] {dagbag.py:587} INFO - Filling up the DagBag from /opt/airflow/dags/dag_with_postgres_operator.py
[2024-09-23T23:57:27.694+0000] {processor.py:925} INFO - DAG(s) 'dag_with_postgres_operator_v04' retrieved from /opt/airflow/dags/dag_with_postgres_operator.py
[2024-09-23T23:57:27.731+0000] {logging_mixin.py:190} INFO - [2024-09-23T23:57:27.731+0000] {dag.py:3229} INFO - Sync 1 DAGs
[2024-09-23T23:57:27.756+0000] {logging_mixin.py:190} INFO - [2024-09-23T23:57:27.755+0000] {dag.py:4156} INFO - Setting next_dagrun for dag_with_postgres_operator_v04 to 2024-09-23 00:00:00+00:00, run_after=2024-09-24 00:00:00+00:00
[2024-09-23T23:57:27.780+0000] {processor.py:208} INFO - Processing /opt/airflow/dags/dag_with_postgres_operator.py took 0.173 seconds
[2024-09-23T23:57:58.737+0000] {processor.py:186} INFO - Started process (PID=18244) to work on /opt/airflow/dags/dag_with_postgres_operator.py
[2024-09-23T23:57:58.739+0000] {processor.py:914} INFO - Processing file /opt/airflow/dags/dag_with_postgres_operator.py for tasks to queue
[2024-09-23T23:57:58.741+0000] {logging_mixin.py:190} INFO - [2024-09-23T23:57:58.741+0000] {dagbag.py:587} INFO - Filling up the DagBag from /opt/airflow/dags/dag_with_postgres_operator.py
[2024-09-23T23:57:58.832+0000] {processor.py:925} INFO - DAG(s) 'dag_with_postgres_operator_v04' retrieved from /opt/airflow/dags/dag_with_postgres_operator.py
[2024-09-23T23:57:58.857+0000] {logging_mixin.py:190} INFO - [2024-09-23T23:57:58.857+0000] {dag.py:3229} INFO - Sync 1 DAGs
[2024-09-23T23:57:58.879+0000] {logging_mixin.py:190} INFO - [2024-09-23T23:57:58.879+0000] {dag.py:4156} INFO - Setting next_dagrun for dag_with_postgres_operator_v04 to 2024-09-23 00:00:00+00:00, run_after=2024-09-24 00:00:00+00:00
[2024-09-23T23:57:58.905+0000] {processor.py:208} INFO - Processing /opt/airflow/dags/dag_with_postgres_operator.py took 0.177 seconds
[2024-09-23T23:58:29.499+0000] {processor.py:186} INFO - Started process (PID=18277) to work on /opt/airflow/dags/dag_with_postgres_operator.py
[2024-09-23T23:58:29.501+0000] {processor.py:914} INFO - Processing file /opt/airflow/dags/dag_with_postgres_operator.py for tasks to queue
[2024-09-23T23:58:29.504+0000] {logging_mixin.py:190} INFO - [2024-09-23T23:58:29.503+0000] {dagbag.py:587} INFO - Filling up the DagBag from /opt/airflow/dags/dag_with_postgres_operator.py
[2024-09-23T23:58:29.619+0000] {processor.py:925} INFO - DAG(s) 'dag_with_postgres_operator_v04' retrieved from /opt/airflow/dags/dag_with_postgres_operator.py
[2024-09-23T23:58:29.663+0000] {logging_mixin.py:190} INFO - [2024-09-23T23:58:29.663+0000] {dag.py:3229} INFO - Sync 1 DAGs
[2024-09-23T23:58:29.688+0000] {logging_mixin.py:190} INFO - [2024-09-23T23:58:29.687+0000] {dag.py:4156} INFO - Setting next_dagrun for dag_with_postgres_operator_v04 to 2024-09-23 00:00:00+00:00, run_after=2024-09-24 00:00:00+00:00
[2024-09-23T23:58:29.713+0000] {processor.py:208} INFO - Processing /opt/airflow/dags/dag_with_postgres_operator.py took 0.221 seconds
[2024-09-23T23:59:00.405+0000] {processor.py:186} INFO - Started process (PID=18310) to work on /opt/airflow/dags/dag_with_postgres_operator.py
[2024-09-23T23:59:00.408+0000] {processor.py:914} INFO - Processing file /opt/airflow/dags/dag_with_postgres_operator.py for tasks to queue
[2024-09-23T23:59:00.410+0000] {logging_mixin.py:190} INFO - [2024-09-23T23:59:00.409+0000] {dagbag.py:587} INFO - Filling up the DagBag from /opt/airflow/dags/dag_with_postgres_operator.py
[2024-09-23T23:59:00.468+0000] {processor.py:925} INFO - DAG(s) 'dag_with_postgres_operator_v04' retrieved from /opt/airflow/dags/dag_with_postgres_operator.py
[2024-09-23T23:59:00.497+0000] {logging_mixin.py:190} INFO - [2024-09-23T23:59:00.497+0000] {dag.py:3229} INFO - Sync 1 DAGs
[2024-09-23T23:59:00.525+0000] {logging_mixin.py:190} INFO - [2024-09-23T23:59:00.525+0000] {dag.py:4156} INFO - Setting next_dagrun for dag_with_postgres_operator_v04 to 2024-09-23 00:00:00+00:00, run_after=2024-09-24 00:00:00+00:00
[2024-09-23T23:59:00.548+0000] {processor.py:208} INFO - Processing /opt/airflow/dags/dag_with_postgres_operator.py took 0.149 seconds
[2024-09-23T23:59:31.230+0000] {processor.py:186} INFO - Started process (PID=18343) to work on /opt/airflow/dags/dag_with_postgres_operator.py
[2024-09-23T23:59:31.231+0000] {processor.py:914} INFO - Processing file /opt/airflow/dags/dag_with_postgres_operator.py for tasks to queue
[2024-09-23T23:59:31.233+0000] {logging_mixin.py:190} INFO - [2024-09-23T23:59:31.233+0000] {dagbag.py:587} INFO - Filling up the DagBag from /opt/airflow/dags/dag_with_postgres_operator.py
[2024-09-23T23:59:31.346+0000] {processor.py:925} INFO - DAG(s) 'dag_with_postgres_operator_v04' retrieved from /opt/airflow/dags/dag_with_postgres_operator.py
[2024-09-23T23:59:31.379+0000] {logging_mixin.py:190} INFO - [2024-09-23T23:59:31.379+0000] {dag.py:3229} INFO - Sync 1 DAGs
[2024-09-23T23:59:31.403+0000] {logging_mixin.py:190} INFO - [2024-09-23T23:59:31.402+0000] {dag.py:4156} INFO - Setting next_dagrun for dag_with_postgres_operator_v04 to 2024-09-23 00:00:00+00:00, run_after=2024-09-24 00:00:00+00:00
[2024-09-23T23:59:31.441+0000] {processor.py:208} INFO - Processing /opt/airflow/dags/dag_with_postgres_operator.py took 0.216 seconds
