[2024-09-20T21:53:53.990+0000] {processor.py:186} INFO - Started process (PID=1441) to work on /opt/airflow/dags/create_dag_with_python_operator.py
[2024-09-20T21:53:53.995+0000] {processor.py:914} INFO - Processing file /opt/airflow/dags/create_dag_with_python_operator.py for tasks to queue
[2024-09-20T21:53:53.998+0000] {logging_mixin.py:190} INFO - [2024-09-20T21:53:53.997+0000] {dagbag.py:587} INFO - Filling up the DagBag from /opt/airflow/dags/create_dag_with_python_operator.py
[2024-09-20T21:53:54.104+0000] {logging_mixin.py:190} INFO - [2024-09-20T21:53:54.102+0000] {dagbag.py:386} ERROR - Failed to import: /opt/airflow/dags/create_dag_with_python_operator.py
Traceback (most recent call last):
  File "/home/airflow/.local/lib/python3.12/site-packages/airflow/models/dagbag.py", line 382, in parse
    loader.exec_module(new_module)
  File "<frozen importlib._bootstrap_external>", line 991, in exec_module
  File "<frozen importlib._bootstrap_external>", line 1129, in get_code
  File "<frozen importlib._bootstrap_external>", line 1059, in source_to_code
  File "<frozen importlib._bootstrap>", line 488, in _call_with_frames_removed
  File "/opt/airflow/dags/create_dag_with_python_operator.py", line 8
    default_arg{
               ^
SyntaxError: invalid syntax
[2024-09-20T21:53:54.107+0000] {processor.py:927} WARNING - No viable dags retrieved from /opt/airflow/dags/create_dag_with_python_operator.py
[2024-09-20T21:53:54.145+0000] {processor.py:208} INFO - Processing /opt/airflow/dags/create_dag_with_python_operator.py took 0.166 seconds
[2024-09-20T21:53:59.402+0000] {processor.py:186} INFO - Started process (PID=1446) to work on /opt/airflow/dags/create_dag_with_python_operator.py
[2024-09-20T21:53:59.406+0000] {processor.py:914} INFO - Processing file /opt/airflow/dags/create_dag_with_python_operator.py for tasks to queue
[2024-09-20T21:53:59.412+0000] {logging_mixin.py:190} INFO - [2024-09-20T21:53:59.411+0000] {dagbag.py:587} INFO - Filling up the DagBag from /opt/airflow/dags/create_dag_with_python_operator.py
[2024-09-20T21:53:59.554+0000] {logging_mixin.py:190} INFO - [2024-09-20T21:53:59.553+0000] {dagbag.py:386} ERROR - Failed to import: /opt/airflow/dags/create_dag_with_python_operator.py
Traceback (most recent call last):
  File "/home/airflow/.local/lib/python3.12/site-packages/airflow/models/dagbag.py", line 382, in parse
    loader.exec_module(new_module)
  File "<frozen importlib._bootstrap_external>", line 991, in exec_module
  File "<frozen importlib._bootstrap_external>", line 1129, in get_code
  File "<frozen importlib._bootstrap_external>", line 1059, in source_to_code
  File "<frozen importlib._bootstrap>", line 488, in _call_with_frames_removed
  File "/opt/airflow/dags/create_dag_with_python_operator.py", line 8
    default_arg{
               ^
SyntaxError: invalid syntax
[2024-09-20T21:53:59.556+0000] {processor.py:927} WARNING - No viable dags retrieved from /opt/airflow/dags/create_dag_with_python_operator.py
[2024-09-20T21:53:59.588+0000] {processor.py:208} INFO - Processing /opt/airflow/dags/create_dag_with_python_operator.py took 0.196 seconds
[2024-09-20T21:54:13.883+0000] {processor.py:186} INFO - Started process (PID=1454) to work on /opt/airflow/dags/create_dag_with_python_operator.py
[2024-09-20T21:54:13.890+0000] {processor.py:914} INFO - Processing file /opt/airflow/dags/create_dag_with_python_operator.py for tasks to queue
[2024-09-20T21:54:13.898+0000] {logging_mixin.py:190} INFO - [2024-09-20T21:54:13.897+0000] {dagbag.py:587} INFO - Filling up the DagBag from /opt/airflow/dags/create_dag_with_python_operator.py
[2024-09-20T21:54:14.029+0000] {logging_mixin.py:190} INFO - [2024-09-20T21:54:14.027+0000] {dagbag.py:386} ERROR - Failed to import: /opt/airflow/dags/create_dag_with_python_operator.py
Traceback (most recent call last):
  File "/home/airflow/.local/lib/python3.12/site-packages/airflow/models/dagbag.py", line 382, in parse
    loader.exec_module(new_module)
  File "<frozen importlib._bootstrap_external>", line 991, in exec_module
  File "<frozen importlib._bootstrap_external>", line 1129, in get_code
  File "<frozen importlib._bootstrap_external>", line 1059, in source_to_code
  File "<frozen importlib._bootstrap>", line 488, in _call_with_frames_removed
  File "/opt/airflow/dags/create_dag_with_python_operator.py", line 8
    default_arg{
               ^
SyntaxError: invalid syntax
[2024-09-20T21:54:14.031+0000] {processor.py:927} WARNING - No viable dags retrieved from /opt/airflow/dags/create_dag_with_python_operator.py
[2024-09-20T21:54:14.060+0000] {processor.py:208} INFO - Processing /opt/airflow/dags/create_dag_with_python_operator.py took 0.185 seconds
[2024-09-20T21:54:23.603+0000] {processor.py:186} INFO - Started process (PID=1464) to work on /opt/airflow/dags/create_dag_with_python_operator.py
[2024-09-20T21:54:23.605+0000] {processor.py:914} INFO - Processing file /opt/airflow/dags/create_dag_with_python_operator.py for tasks to queue
[2024-09-20T21:54:23.607+0000] {logging_mixin.py:190} INFO - [2024-09-20T21:54:23.607+0000] {dagbag.py:587} INFO - Filling up the DagBag from /opt/airflow/dags/create_dag_with_python_operator.py
[2024-09-20T21:54:23.714+0000] {logging_mixin.py:190} INFO - [2024-09-20T21:54:23.712+0000] {dagbag.py:386} ERROR - Failed to import: /opt/airflow/dags/create_dag_with_python_operator.py
Traceback (most recent call last):
  File "/home/airflow/.local/lib/python3.12/site-packages/airflow/models/dagbag.py", line 382, in parse
    loader.exec_module(new_module)
  File "<frozen importlib._bootstrap_external>", line 991, in exec_module
  File "<frozen importlib._bootstrap_external>", line 1129, in get_code
  File "<frozen importlib._bootstrap_external>", line 1059, in source_to_code
  File "<frozen importlib._bootstrap>", line 488, in _call_with_frames_removed
  File "/opt/airflow/dags/create_dag_with_python_operator.py", line 6
    from airflow.
                 ^
SyntaxError: invalid syntax
[2024-09-20T21:54:23.715+0000] {processor.py:927} WARNING - No viable dags retrieved from /opt/airflow/dags/create_dag_with_python_operator.py
[2024-09-20T21:54:23.747+0000] {processor.py:208} INFO - Processing /opt/airflow/dags/create_dag_with_python_operator.py took 0.155 seconds
[2024-09-20T21:54:36.536+0000] {processor.py:186} INFO - Started process (PID=1472) to work on /opt/airflow/dags/create_dag_with_python_operator.py
[2024-09-20T21:54:36.565+0000] {processor.py:914} INFO - Processing file /opt/airflow/dags/create_dag_with_python_operator.py for tasks to queue
[2024-09-20T21:54:36.582+0000] {logging_mixin.py:190} INFO - [2024-09-20T21:54:36.581+0000] {dagbag.py:587} INFO - Filling up the DagBag from /opt/airflow/dags/create_dag_with_python_operator.py
[2024-09-20T21:54:36.900+0000] {logging_mixin.py:190} INFO - [2024-09-20T21:54:36.897+0000] {dagbag.py:386} ERROR - Failed to import: /opt/airflow/dags/create_dag_with_python_operator.py
Traceback (most recent call last):
  File "/home/airflow/.local/lib/python3.12/site-packages/airflow/models/dagbag.py", line 382, in parse
    loader.exec_module(new_module)
  File "<frozen importlib._bootstrap_external>", line 991, in exec_module
  File "<frozen importlib._bootstrap_external>", line 1129, in get_code
  File "<frozen importlib._bootstrap_external>", line 1059, in source_to_code
  File "<frozen importlib._bootstrap>", line 488, in _call_with_frames_removed
  File "/opt/airflow/dags/create_dag_with_python_operator.py", line 6
    from airflow.operators.python
                                 ^
SyntaxError: invalid syntax
[2024-09-20T21:54:36.908+0000] {processor.py:927} WARNING - No viable dags retrieved from /opt/airflow/dags/create_dag_with_python_operator.py
[2024-09-20T21:54:36.960+0000] {processor.py:208} INFO - Processing /opt/airflow/dags/create_dag_with_python_operator.py took 0.433 seconds
[2024-09-20T21:54:42.948+0000] {processor.py:186} INFO - Started process (PID=1477) to work on /opt/airflow/dags/create_dag_with_python_operator.py
[2024-09-20T21:54:42.951+0000] {processor.py:914} INFO - Processing file /opt/airflow/dags/create_dag_with_python_operator.py for tasks to queue
[2024-09-20T21:54:42.953+0000] {logging_mixin.py:190} INFO - [2024-09-20T21:54:42.953+0000] {dagbag.py:587} INFO - Filling up the DagBag from /opt/airflow/dags/create_dag_with_python_operator.py
[2024-09-20T21:54:43.137+0000] {logging_mixin.py:190} INFO - [2024-09-20T21:54:43.135+0000] {dagbag.py:386} ERROR - Failed to import: /opt/airflow/dags/create_dag_with_python_operator.py
Traceback (most recent call last):
  File "/home/airflow/.local/lib/python3.12/site-packages/airflow/models/dagbag.py", line 382, in parse
    loader.exec_module(new_module)
  File "<frozen importlib._bootstrap_external>", line 991, in exec_module
  File "<frozen importlib._bootstrap_external>", line 1129, in get_code
  File "<frozen importlib._bootstrap_external>", line 1059, in source_to_code
  File "<frozen importlib._bootstrap>", line 488, in _call_with_frames_removed
  File "/opt/airflow/dags/create_dag_with_python_operator.py", line 9
    default_arg{
               ^
SyntaxError: invalid syntax
[2024-09-20T21:54:43.139+0000] {processor.py:927} WARNING - No viable dags retrieved from /opt/airflow/dags/create_dag_with_python_operator.py
[2024-09-20T21:54:43.172+0000] {processor.py:208} INFO - Processing /opt/airflow/dags/create_dag_with_python_operator.py took 0.231 seconds
[2024-09-20T21:54:48.723+0000] {processor.py:186} INFO - Started process (PID=1487) to work on /opt/airflow/dags/create_dag_with_python_operator.py
[2024-09-20T21:54:48.730+0000] {processor.py:914} INFO - Processing file /opt/airflow/dags/create_dag_with_python_operator.py for tasks to queue
[2024-09-20T21:54:48.734+0000] {logging_mixin.py:190} INFO - [2024-09-20T21:54:48.733+0000] {dagbag.py:587} INFO - Filling up the DagBag from /opt/airflow/dags/create_dag_with_python_operator.py
[2024-09-20T21:54:49.110+0000] {logging_mixin.py:190} INFO - [2024-09-20T21:54:49.108+0000] {dagbag.py:386} ERROR - Failed to import: /opt/airflow/dags/create_dag_with_python_operator.py
Traceback (most recent call last):
  File "/home/airflow/.local/lib/python3.12/site-packages/airflow/models/dagbag.py", line 382, in parse
    loader.exec_module(new_module)
  File "<frozen importlib._bootstrap_external>", line 991, in exec_module
  File "<frozen importlib._bootstrap_external>", line 1129, in get_code
  File "<frozen importlib._bootstrap_external>", line 1059, in source_to_code
  File "<frozen importlib._bootstrap>", line 488, in _call_with_frames_removed
  File "/opt/airflow/dags/create_dag_with_python_operator.py", line 9
    default_arg{
               ^
SyntaxError: invalid syntax
[2024-09-20T21:54:49.111+0000] {processor.py:927} WARNING - No viable dags retrieved from /opt/airflow/dags/create_dag_with_python_operator.py
[2024-09-20T21:54:49.148+0000] {processor.py:208} INFO - Processing /opt/airflow/dags/create_dag_with_python_operator.py took 0.437 seconds
[2024-09-20T21:54:50.000+0000] {processor.py:186} INFO - Started process (PID=1492) to work on /opt/airflow/dags/create_dag_with_python_operator.py
[2024-09-20T21:54:50.004+0000] {processor.py:914} INFO - Processing file /opt/airflow/dags/create_dag_with_python_operator.py for tasks to queue
[2024-09-20T21:54:50.008+0000] {logging_mixin.py:190} INFO - [2024-09-20T21:54:50.006+0000] {dagbag.py:587} INFO - Filling up the DagBag from /opt/airflow/dags/create_dag_with_python_operator.py
[2024-09-20T21:54:50.841+0000] {logging_mixin.py:190} INFO - [2024-09-20T21:54:50.837+0000] {dagbag.py:386} ERROR - Failed to import: /opt/airflow/dags/create_dag_with_python_operator.py
Traceback (most recent call last):
  File "/home/airflow/.local/lib/python3.12/site-packages/airflow/models/dagbag.py", line 382, in parse
    loader.exec_module(new_module)
  File "<frozen importlib._bootstrap_external>", line 991, in exec_module
  File "<frozen importlib._bootstrap_external>", line 1129, in get_code
  File "<frozen importlib._bootstrap_external>", line 1059, in source_to_code
  File "<frozen importlib._bootstrap>", line 488, in _call_with_frames_removed
  File "/opt/airflow/dags/create_dag_with_python_operator.py", line 9
    default_arg{
               ^
SyntaxError: invalid syntax
[2024-09-20T21:54:50.884+0000] {processor.py:927} WARNING - No viable dags retrieved from /opt/airflow/dags/create_dag_with_python_operator.py
[2024-09-20T21:54:50.983+0000] {processor.py:208} INFO - Processing /opt/airflow/dags/create_dag_with_python_operator.py took 0.994 seconds
[2024-09-20T21:54:52.664+0000] {processor.py:186} INFO - Started process (PID=1497) to work on /opt/airflow/dags/create_dag_with_python_operator.py
[2024-09-20T21:54:52.667+0000] {processor.py:914} INFO - Processing file /opt/airflow/dags/create_dag_with_python_operator.py for tasks to queue
[2024-09-20T21:54:52.670+0000] {logging_mixin.py:190} INFO - [2024-09-20T21:54:52.670+0000] {dagbag.py:587} INFO - Filling up the DagBag from /opt/airflow/dags/create_dag_with_python_operator.py
[2024-09-20T21:54:52.793+0000] {logging_mixin.py:190} INFO - [2024-09-20T21:54:52.792+0000] {dagbag.py:386} ERROR - Failed to import: /opt/airflow/dags/create_dag_with_python_operator.py
Traceback (most recent call last):
  File "/home/airflow/.local/lib/python3.12/site-packages/airflow/models/dagbag.py", line 382, in parse
    loader.exec_module(new_module)
  File "<frozen importlib._bootstrap_external>", line 991, in exec_module
  File "<frozen importlib._bootstrap_external>", line 1129, in get_code
  File "<frozen importlib._bootstrap_external>", line 1059, in source_to_code
  File "<frozen importlib._bootstrap>", line 488, in _call_with_frames_removed
  File "/opt/airflow/dags/create_dag_with_python_operator.py", line 9
    default_arg{
               ^
SyntaxError: invalid syntax
[2024-09-20T21:54:52.795+0000] {processor.py:927} WARNING - No viable dags retrieved from /opt/airflow/dags/create_dag_with_python_operator.py
[2024-09-20T21:54:52.829+0000] {processor.py:208} INFO - Processing /opt/airflow/dags/create_dag_with_python_operator.py took 0.174 seconds
[2024-09-20T21:54:58.511+0000] {processor.py:186} INFO - Started process (PID=1502) to work on /opt/airflow/dags/create_dag_with_python_operator.py
[2024-09-20T21:54:58.514+0000] {processor.py:914} INFO - Processing file /opt/airflow/dags/create_dag_with_python_operator.py for tasks to queue
[2024-09-20T21:54:58.517+0000] {logging_mixin.py:190} INFO - [2024-09-20T21:54:58.516+0000] {dagbag.py:587} INFO - Filling up the DagBag from /opt/airflow/dags/create_dag_with_python_operator.py
[2024-09-20T21:54:58.779+0000] {logging_mixin.py:190} INFO - [2024-09-20T21:54:58.777+0000] {dagbag.py:386} ERROR - Failed to import: /opt/airflow/dags/create_dag_with_python_operator.py
Traceback (most recent call last):
  File "/home/airflow/.local/lib/python3.12/site-packages/airflow/models/dagbag.py", line 382, in parse
    loader.exec_module(new_module)
  File "<frozen importlib._bootstrap_external>", line 991, in exec_module
  File "<frozen importlib._bootstrap_external>", line 1129, in get_code
  File "<frozen importlib._bootstrap_external>", line 1059, in source_to_code
  File "<frozen importlib._bootstrap>", line 488, in _call_with_frames_removed
  File "/opt/airflow/dags/create_dag_with_python_operator.py", line 9
    default_arg{
               ^
SyntaxError: invalid syntax
[2024-09-20T21:54:58.799+0000] {processor.py:927} WARNING - No viable dags retrieved from /opt/airflow/dags/create_dag_with_python_operator.py
[2024-09-20T21:54:58.834+0000] {processor.py:208} INFO - Processing /opt/airflow/dags/create_dag_with_python_operator.py took 0.334 seconds
[2024-09-20T21:55:07.655+0000] {processor.py:186} INFO - Started process (PID=1510) to work on /opt/airflow/dags/create_dag_with_python_operator.py
[2024-09-20T21:55:07.657+0000] {processor.py:914} INFO - Processing file /opt/airflow/dags/create_dag_with_python_operator.py for tasks to queue
[2024-09-20T21:55:07.663+0000] {logging_mixin.py:190} INFO - [2024-09-20T21:55:07.663+0000] {dagbag.py:587} INFO - Filling up the DagBag from /opt/airflow/dags/create_dag_with_python_operator.py
[2024-09-20T21:55:08.200+0000] {logging_mixin.py:190} INFO - [2024-09-20T21:55:08.198+0000] {dagbag.py:386} ERROR - Failed to import: /opt/airflow/dags/create_dag_with_python_operator.py
Traceback (most recent call last):
  File "/home/airflow/.local/lib/python3.12/site-packages/airflow/models/dagbag.py", line 382, in parse
    loader.exec_module(new_module)
  File "<frozen importlib._bootstrap_external>", line 991, in exec_module
  File "<frozen importlib._bootstrap_external>", line 1129, in get_code
  File "<frozen importlib._bootstrap_external>", line 1059, in source_to_code
  File "<frozen importlib._bootstrap>", line 488, in _call_with_frames_removed
  File "/opt/airflow/dags/create_dag_with_python_operator.py", line 9
    default_arg{
               ^
SyntaxError: invalid syntax
[2024-09-20T21:55:08.203+0000] {processor.py:927} WARNING - No viable dags retrieved from /opt/airflow/dags/create_dag_with_python_operator.py
[2024-09-20T21:55:08.252+0000] {processor.py:208} INFO - Processing /opt/airflow/dags/create_dag_with_python_operator.py took 0.604 seconds
[2024-09-20T21:55:10.787+0000] {processor.py:186} INFO - Started process (PID=1515) to work on /opt/airflow/dags/create_dag_with_python_operator.py
[2024-09-20T21:55:10.789+0000] {processor.py:914} INFO - Processing file /opt/airflow/dags/create_dag_with_python_operator.py for tasks to queue
[2024-09-20T21:55:10.790+0000] {logging_mixin.py:190} INFO - [2024-09-20T21:55:10.790+0000] {dagbag.py:587} INFO - Filling up the DagBag from /opt/airflow/dags/create_dag_with_python_operator.py
[2024-09-20T21:55:10.959+0000] {logging_mixin.py:190} INFO - [2024-09-20T21:55:10.958+0000] {dagbag.py:386} ERROR - Failed to import: /opt/airflow/dags/create_dag_with_python_operator.py
Traceback (most recent call last):
  File "/home/airflow/.local/lib/python3.12/site-packages/airflow/models/dagbag.py", line 382, in parse
    loader.exec_module(new_module)
  File "<frozen importlib._bootstrap_external>", line 991, in exec_module
  File "<frozen importlib._bootstrap_external>", line 1129, in get_code
  File "<frozen importlib._bootstrap_external>", line 1059, in source_to_code
  File "<frozen importlib._bootstrap>", line 488, in _call_with_frames_removed
  File "/opt/airflow/dags/create_dag_with_python_operator.py", line 9
    default_arg{
               ^
SyntaxError: invalid syntax
[2024-09-20T21:55:10.962+0000] {processor.py:927} WARNING - No viable dags retrieved from /opt/airflow/dags/create_dag_with_python_operator.py
[2024-09-20T21:55:10.989+0000] {processor.py:208} INFO - Processing /opt/airflow/dags/create_dag_with_python_operator.py took 0.208 seconds
[2024-09-20T21:55:17.090+0000] {processor.py:186} INFO - Started process (PID=1525) to work on /opt/airflow/dags/create_dag_with_python_operator.py
[2024-09-20T21:55:17.093+0000] {processor.py:914} INFO - Processing file /opt/airflow/dags/create_dag_with_python_operator.py for tasks to queue
[2024-09-20T21:55:17.097+0000] {logging_mixin.py:190} INFO - [2024-09-20T21:55:17.097+0000] {dagbag.py:587} INFO - Filling up the DagBag from /opt/airflow/dags/create_dag_with_python_operator.py
[2024-09-20T21:55:17.283+0000] {logging_mixin.py:190} INFO - [2024-09-20T21:55:17.280+0000] {dagbag.py:386} ERROR - Failed to import: /opt/airflow/dags/create_dag_with_python_operator.py
Traceback (most recent call last):
  File "/home/airflow/.local/lib/python3.12/site-packages/airflow/models/dagbag.py", line 382, in parse
    loader.exec_module(new_module)
  File "<frozen importlib._bootstrap_external>", line 991, in exec_module
  File "<frozen importlib._bootstrap_external>", line 1129, in get_code
  File "<frozen importlib._bootstrap_external>", line 1059, in source_to_code
  File "<frozen importlib._bootstrap>", line 488, in _call_with_frames_removed
  File "/opt/airflow/dags/create_dag_with_python_operator.py", line 9
    default_arg{
               ^
SyntaxError: invalid syntax
[2024-09-20T21:55:17.287+0000] {processor.py:927} WARNING - No viable dags retrieved from /opt/airflow/dags/create_dag_with_python_operator.py
[2024-09-20T21:55:17.329+0000] {processor.py:208} INFO - Processing /opt/airflow/dags/create_dag_with_python_operator.py took 0.258 seconds
[2024-09-20T21:55:48.238+0000] {processor.py:186} INFO - Started process (PID=1538) to work on /opt/airflow/dags/create_dag_with_python_operator.py
[2024-09-20T21:55:48.239+0000] {processor.py:914} INFO - Processing file /opt/airflow/dags/create_dag_with_python_operator.py for tasks to queue
[2024-09-20T21:55:48.241+0000] {logging_mixin.py:190} INFO - [2024-09-20T21:55:48.241+0000] {dagbag.py:587} INFO - Filling up the DagBag from /opt/airflow/dags/create_dag_with_python_operator.py
[2024-09-20T21:55:48.337+0000] {logging_mixin.py:190} INFO - [2024-09-20T21:55:48.335+0000] {dagbag.py:386} ERROR - Failed to import: /opt/airflow/dags/create_dag_with_python_operator.py
Traceback (most recent call last):
  File "/home/airflow/.local/lib/python3.12/site-packages/airflow/models/dagbag.py", line 382, in parse
    loader.exec_module(new_module)
  File "<frozen importlib._bootstrap_external>", line 991, in exec_module
  File "<frozen importlib._bootstrap_external>", line 1129, in get_code
  File "<frozen importlib._bootstrap_external>", line 1059, in source_to_code
  File "<frozen importlib._bootstrap>", line 488, in _call_with_frames_removed
  File "/opt/airflow/dags/create_dag_with_python_operator.py", line 9
    default_arg{
               ^
SyntaxError: invalid syntax
[2024-09-20T21:55:48.340+0000] {processor.py:927} WARNING - No viable dags retrieved from /opt/airflow/dags/create_dag_with_python_operator.py
[2024-09-20T21:55:48.368+0000] {processor.py:208} INFO - Processing /opt/airflow/dags/create_dag_with_python_operator.py took 0.135 seconds
[2024-09-20T21:55:56.644+0000] {processor.py:186} INFO - Started process (PID=1543) to work on /opt/airflow/dags/create_dag_with_python_operator.py
[2024-09-20T21:55:56.662+0000] {processor.py:914} INFO - Processing file /opt/airflow/dags/create_dag_with_python_operator.py for tasks to queue
[2024-09-20T21:55:56.668+0000] {logging_mixin.py:190} INFO - [2024-09-20T21:55:56.668+0000] {dagbag.py:587} INFO - Filling up the DagBag from /opt/airflow/dags/create_dag_with_python_operator.py
[2024-09-20T21:55:57.053+0000] {logging_mixin.py:190} INFO - [2024-09-20T21:55:57.052+0000] {dagbag.py:386} ERROR - Failed to import: /opt/airflow/dags/create_dag_with_python_operator.py
Traceback (most recent call last):
  File "/home/airflow/.local/lib/python3.12/site-packages/airflow/models/dagbag.py", line 382, in parse
    loader.exec_module(new_module)
  File "<frozen importlib._bootstrap_external>", line 991, in exec_module
  File "<frozen importlib._bootstrap_external>", line 1129, in get_code
  File "<frozen importlib._bootstrap_external>", line 1059, in source_to_code
  File "<frozen importlib._bootstrap>", line 488, in _call_with_frames_removed
  File "/opt/airflow/dags/create_dag_with_python_operator.py", line 9
    default_arg{
               ^
SyntaxError: invalid syntax
[2024-09-20T21:55:57.054+0000] {processor.py:927} WARNING - No viable dags retrieved from /opt/airflow/dags/create_dag_with_python_operator.py
[2024-09-20T21:55:57.090+0000] {processor.py:208} INFO - Processing /opt/airflow/dags/create_dag_with_python_operator.py took 0.457 seconds
[2024-09-20T21:55:59.324+0000] {processor.py:186} INFO - Started process (PID=1548) to work on /opt/airflow/dags/create_dag_with_python_operator.py
[2024-09-20T21:55:59.325+0000] {processor.py:914} INFO - Processing file /opt/airflow/dags/create_dag_with_python_operator.py for tasks to queue
[2024-09-20T21:55:59.328+0000] {logging_mixin.py:190} INFO - [2024-09-20T21:55:59.327+0000] {dagbag.py:587} INFO - Filling up the DagBag from /opt/airflow/dags/create_dag_with_python_operator.py
[2024-09-20T21:55:59.504+0000] {logging_mixin.py:190} INFO - [2024-09-20T21:55:59.503+0000] {dagbag.py:386} ERROR - Failed to import: /opt/airflow/dags/create_dag_with_python_operator.py
Traceback (most recent call last):
  File "/home/airflow/.local/lib/python3.12/site-packages/airflow/models/dagbag.py", line 382, in parse
    loader.exec_module(new_module)
  File "<frozen importlib._bootstrap_external>", line 991, in exec_module
  File "<frozen importlib._bootstrap_external>", line 1129, in get_code
  File "<frozen importlib._bootstrap_external>", line 1059, in source_to_code
  File "<frozen importlib._bootstrap>", line 488, in _call_with_frames_removed
  File "/opt/airflow/dags/create_dag_with_python_operator.py", line 9
    default_arg{
               ^
SyntaxError: invalid syntax
[2024-09-20T21:55:59.508+0000] {processor.py:927} WARNING - No viable dags retrieved from /opt/airflow/dags/create_dag_with_python_operator.py
[2024-09-20T21:55:59.537+0000] {processor.py:208} INFO - Processing /opt/airflow/dags/create_dag_with_python_operator.py took 0.219 seconds
[2024-09-20T21:56:01.915+0000] {processor.py:186} INFO - Started process (PID=1553) to work on /opt/airflow/dags/create_dag_with_python_operator.py
[2024-09-20T21:56:01.917+0000] {processor.py:914} INFO - Processing file /opt/airflow/dags/create_dag_with_python_operator.py for tasks to queue
[2024-09-20T21:56:01.919+0000] {logging_mixin.py:190} INFO - [2024-09-20T21:56:01.919+0000] {dagbag.py:587} INFO - Filling up the DagBag from /opt/airflow/dags/create_dag_with_python_operator.py
[2024-09-20T21:56:02.035+0000] {logging_mixin.py:190} INFO - [2024-09-20T21:56:02.033+0000] {dagbag.py:386} ERROR - Failed to import: /opt/airflow/dags/create_dag_with_python_operator.py
Traceback (most recent call last):
  File "/home/airflow/.local/lib/python3.12/site-packages/airflow/models/dagbag.py", line 382, in parse
    loader.exec_module(new_module)
  File "<frozen importlib._bootstrap_external>", line 991, in exec_module
  File "<frozen importlib._bootstrap_external>", line 1129, in get_code
  File "<frozen importlib._bootstrap_external>", line 1059, in source_to_code
  File "<frozen importlib._bootstrap>", line 488, in _call_with_frames_removed
  File "/opt/airflow/dags/create_dag_with_python_operator.py", line 9
    default_args{
                ^
SyntaxError: invalid syntax
[2024-09-20T21:56:02.036+0000] {processor.py:927} WARNING - No viable dags retrieved from /opt/airflow/dags/create_dag_with_python_operator.py
[2024-09-20T21:56:02.063+0000] {processor.py:208} INFO - Processing /opt/airflow/dags/create_dag_with_python_operator.py took 0.156 seconds
[2024-09-20T21:56:08.749+0000] {processor.py:186} INFO - Started process (PID=1561) to work on /opt/airflow/dags/create_dag_with_python_operator.py
[2024-09-20T21:56:08.752+0000] {processor.py:914} INFO - Processing file /opt/airflow/dags/create_dag_with_python_operator.py for tasks to queue
[2024-09-20T21:56:08.756+0000] {logging_mixin.py:190} INFO - [2024-09-20T21:56:08.756+0000] {dagbag.py:587} INFO - Filling up the DagBag from /opt/airflow/dags/create_dag_with_python_operator.py
[2024-09-20T21:56:08.955+0000] {logging_mixin.py:190} INFO - [2024-09-20T21:56:08.953+0000] {dagbag.py:386} ERROR - Failed to import: /opt/airflow/dags/create_dag_with_python_operator.py
Traceback (most recent call last):
  File "/home/airflow/.local/lib/python3.12/site-packages/airflow/models/dagbag.py", line 382, in parse
    loader.exec_module(new_module)
  File "<frozen importlib._bootstrap_external>", line 991, in exec_module
  File "<frozen importlib._bootstrap_external>", line 1129, in get_code
  File "<frozen importlib._bootstrap_external>", line 1059, in source_to_code
  File "<frozen importlib._bootstrap>", line 488, in _call_with_frames_removed
  File "/opt/airflow/dags/create_dag_with_python_operator.py", line 9
    default_args{
                ^
SyntaxError: invalid syntax
[2024-09-20T21:56:08.957+0000] {processor.py:927} WARNING - No viable dags retrieved from /opt/airflow/dags/create_dag_with_python_operator.py
[2024-09-20T21:56:08.983+0000] {processor.py:208} INFO - Processing /opt/airflow/dags/create_dag_with_python_operator.py took 0.242 seconds
[2024-09-20T21:56:39.535+0000] {processor.py:186} INFO - Started process (PID=1574) to work on /opt/airflow/dags/create_dag_with_python_operator.py
[2024-09-20T21:56:39.539+0000] {processor.py:914} INFO - Processing file /opt/airflow/dags/create_dag_with_python_operator.py for tasks to queue
[2024-09-20T21:56:39.541+0000] {logging_mixin.py:190} INFO - [2024-09-20T21:56:39.541+0000] {dagbag.py:587} INFO - Filling up the DagBag from /opt/airflow/dags/create_dag_with_python_operator.py
[2024-09-20T21:56:39.694+0000] {logging_mixin.py:190} INFO - [2024-09-20T21:56:39.691+0000] {dagbag.py:386} ERROR - Failed to import: /opt/airflow/dags/create_dag_with_python_operator.py
Traceback (most recent call last):
  File "/home/airflow/.local/lib/python3.12/site-packages/airflow/models/dagbag.py", line 382, in parse
    loader.exec_module(new_module)
  File "<frozen importlib._bootstrap_external>", line 991, in exec_module
  File "<frozen importlib._bootstrap_external>", line 1129, in get_code
  File "<frozen importlib._bootstrap_external>", line 1059, in source_to_code
  File "<frozen importlib._bootstrap>", line 488, in _call_with_frames_removed
  File "/opt/airflow/dags/create_dag_with_python_operator.py", line 9
    default_args{
                ^
SyntaxError: invalid syntax
[2024-09-20T21:56:39.695+0000] {processor.py:927} WARNING - No viable dags retrieved from /opt/airflow/dags/create_dag_with_python_operator.py
[2024-09-20T21:56:39.726+0000] {processor.py:208} INFO - Processing /opt/airflow/dags/create_dag_with_python_operator.py took 0.199 seconds
[2024-09-20T21:56:41.847+0000] {processor.py:186} INFO - Started process (PID=1579) to work on /opt/airflow/dags/create_dag_with_python_operator.py
[2024-09-20T21:56:41.849+0000] {processor.py:914} INFO - Processing file /opt/airflow/dags/create_dag_with_python_operator.py for tasks to queue
[2024-09-20T21:56:41.852+0000] {logging_mixin.py:190} INFO - [2024-09-20T21:56:41.851+0000] {dagbag.py:587} INFO - Filling up the DagBag from /opt/airflow/dags/create_dag_with_python_operator.py
[2024-09-20T21:56:42.418+0000] {logging_mixin.py:190} INFO - [2024-09-20T21:56:42.417+0000] {dagbag.py:386} ERROR - Failed to import: /opt/airflow/dags/create_dag_with_python_operator.py
Traceback (most recent call last):
  File "/home/airflow/.local/lib/python3.12/site-packages/airflow/models/dagbag.py", line 382, in parse
    loader.exec_module(new_module)
  File "<frozen importlib._bootstrap_external>", line 991, in exec_module
  File "<frozen importlib._bootstrap_external>", line 1129, in get_code
  File "<frozen importlib._bootstrap_external>", line 1059, in source_to_code
  File "<frozen importlib._bootstrap>", line 488, in _call_with_frames_removed
  File "/opt/airflow/dags/create_dag_with_python_operator.py", line 9
    default_args{
                ^
SyntaxError: invalid syntax
[2024-09-20T21:56:42.421+0000] {processor.py:927} WARNING - No viable dags retrieved from /opt/airflow/dags/create_dag_with_python_operator.py
[2024-09-20T21:56:42.448+0000] {processor.py:208} INFO - Processing /opt/airflow/dags/create_dag_with_python_operator.py took 0.606 seconds
[2024-09-20T21:56:44.598+0000] {processor.py:186} INFO - Started process (PID=1584) to work on /opt/airflow/dags/create_dag_with_python_operator.py
[2024-09-20T21:56:44.601+0000] {processor.py:914} INFO - Processing file /opt/airflow/dags/create_dag_with_python_operator.py for tasks to queue
[2024-09-20T21:56:44.605+0000] {logging_mixin.py:190} INFO - [2024-09-20T21:56:44.603+0000] {dagbag.py:587} INFO - Filling up the DagBag from /opt/airflow/dags/create_dag_with_python_operator.py
[2024-09-20T21:56:44.821+0000] {logging_mixin.py:190} INFO - [2024-09-20T21:56:44.819+0000] {dagbag.py:386} ERROR - Failed to import: /opt/airflow/dags/create_dag_with_python_operator.py
Traceback (most recent call last):
  File "/home/airflow/.local/lib/python3.12/site-packages/airflow/models/dagbag.py", line 382, in parse
    loader.exec_module(new_module)
  File "<frozen importlib._bootstrap_external>", line 991, in exec_module
  File "<frozen importlib._bootstrap_external>", line 1129, in get_code
  File "<frozen importlib._bootstrap_external>", line 1059, in source_to_code
  File "<frozen importlib._bootstrap>", line 488, in _call_with_frames_removed
  File "/opt/airflow/dags/create_dag_with_python_operator.py", line 9
    default_args{
                ^
SyntaxError: invalid syntax
[2024-09-20T21:56:44.822+0000] {processor.py:927} WARNING - No viable dags retrieved from /opt/airflow/dags/create_dag_with_python_operator.py
[2024-09-20T21:56:44.854+0000] {processor.py:208} INFO - Processing /opt/airflow/dags/create_dag_with_python_operator.py took 0.267 seconds
[2024-09-20T21:56:45.883+0000] {processor.py:186} INFO - Started process (PID=1589) to work on /opt/airflow/dags/create_dag_with_python_operator.py
[2024-09-20T21:56:45.895+0000] {processor.py:914} INFO - Processing file /opt/airflow/dags/create_dag_with_python_operator.py for tasks to queue
[2024-09-20T21:56:45.898+0000] {logging_mixin.py:190} INFO - [2024-09-20T21:56:45.897+0000] {dagbag.py:587} INFO - Filling up the DagBag from /opt/airflow/dags/create_dag_with_python_operator.py
[2024-09-20T21:56:46.469+0000] {processor.py:925} INFO - DAG(s) 'python_operator' retrieved from /opt/airflow/dags/create_dag_with_python_operator.py
[2024-09-20T21:56:46.989+0000] {logging_mixin.py:190} INFO - [2024-09-20T21:56:46.988+0000] {override.py:1900} INFO - Created Permission View: can delete on DAG:python_operator
[2024-09-20T21:56:47.008+0000] {logging_mixin.py:190} INFO - [2024-09-20T21:56:47.007+0000] {override.py:1900} INFO - Created Permission View: can read on DAG:python_operator
[2024-09-20T21:56:47.021+0000] {logging_mixin.py:190} INFO - [2024-09-20T21:56:47.021+0000] {override.py:1900} INFO - Created Permission View: can edit on DAG:python_operator
[2024-09-20T21:56:47.055+0000] {logging_mixin.py:190} INFO - [2024-09-20T21:56:47.054+0000] {override.py:1900} INFO - Created Permission View: can create on DAG Run:python_operator
[2024-09-20T21:56:47.138+0000] {logging_mixin.py:190} INFO - [2024-09-20T21:56:47.137+0000] {override.py:1900} INFO - Created Permission View: can delete on DAG Run:python_operator
[2024-09-20T21:56:47.206+0000] {logging_mixin.py:190} INFO - [2024-09-20T21:56:47.206+0000] {override.py:1900} INFO - Created Permission View: can read on DAG Run:python_operator
[2024-09-20T21:56:47.244+0000] {logging_mixin.py:190} INFO - [2024-09-20T21:56:47.244+0000] {override.py:1900} INFO - Created Permission View: menu access on DAG Run:python_operator
[2024-09-20T21:56:47.264+0000] {logging_mixin.py:190} INFO - [2024-09-20T21:56:47.264+0000] {dag.py:3229} INFO - Sync 1 DAGs
[2024-09-20T21:56:47.313+0000] {logging_mixin.py:190} INFO - [2024-09-20T21:56:47.312+0000] {dag.py:3252} INFO - Creating ORM DAG for python_operator
[2024-09-20T21:56:47.330+0000] {logging_mixin.py:190} INFO - [2024-09-20T21:56:47.329+0000] {dag.py:4156} INFO - Setting next_dagrun for python_operator to 2024-09-21 00:00:00+00:00, run_after=2024-09-22 00:00:00+00:00
[2024-09-20T21:56:47.437+0000] {processor.py:208} INFO - Processing /opt/airflow/dags/create_dag_with_python_operator.py took 1.565 seconds
[2024-09-20T21:57:18.116+0000] {processor.py:186} INFO - Started process (PID=1602) to work on /opt/airflow/dags/create_dag_with_python_operator.py
[2024-09-20T21:57:18.118+0000] {processor.py:914} INFO - Processing file /opt/airflow/dags/create_dag_with_python_operator.py for tasks to queue
[2024-09-20T21:57:18.121+0000] {logging_mixin.py:190} INFO - [2024-09-20T21:57:18.120+0000] {dagbag.py:587} INFO - Filling up the DagBag from /opt/airflow/dags/create_dag_with_python_operator.py
[2024-09-20T21:57:18.452+0000] {processor.py:925} INFO - DAG(s) 'python_operator' retrieved from /opt/airflow/dags/create_dag_with_python_operator.py
[2024-09-20T21:57:18.549+0000] {logging_mixin.py:190} INFO - [2024-09-20T21:57:18.548+0000] {dag.py:3229} INFO - Sync 1 DAGs
[2024-09-20T21:57:18.612+0000] {logging_mixin.py:190} INFO - [2024-09-20T21:57:18.612+0000] {dag.py:4156} INFO - Setting next_dagrun for python_operator to 2024-09-21 00:00:00+00:00, run_after=2024-09-22 00:00:00+00:00
[2024-09-20T21:57:18.655+0000] {processor.py:208} INFO - Processing /opt/airflow/dags/create_dag_with_python_operator.py took 0.546 seconds
[2024-09-20T21:57:48.925+0000] {processor.py:186} INFO - Started process (PID=1618) to work on /opt/airflow/dags/create_dag_with_python_operator.py
[2024-09-20T21:57:48.927+0000] {processor.py:914} INFO - Processing file /opt/airflow/dags/create_dag_with_python_operator.py for tasks to queue
[2024-09-20T21:57:48.931+0000] {logging_mixin.py:190} INFO - [2024-09-20T21:57:48.930+0000] {dagbag.py:587} INFO - Filling up the DagBag from /opt/airflow/dags/create_dag_with_python_operator.py
[2024-09-20T21:57:49.032+0000] {processor.py:925} INFO - DAG(s) 'python_operator' retrieved from /opt/airflow/dags/create_dag_with_python_operator.py
[2024-09-20T21:57:49.056+0000] {logging_mixin.py:190} INFO - [2024-09-20T21:57:49.056+0000] {dag.py:3229} INFO - Sync 1 DAGs
[2024-09-20T21:57:49.081+0000] {logging_mixin.py:190} INFO - [2024-09-20T21:57:49.081+0000] {dag.py:4156} INFO - Setting next_dagrun for python_operator to 2024-09-21 00:00:00+00:00, run_after=2024-09-22 00:00:00+00:00
[2024-09-20T21:57:49.110+0000] {processor.py:208} INFO - Processing /opt/airflow/dags/create_dag_with_python_operator.py took 0.191 seconds
[2024-09-20T21:58:06.971+0000] {processor.py:186} INFO - Started process (PID=1628) to work on /opt/airflow/dags/create_dag_with_python_operator.py
[2024-09-20T21:58:06.973+0000] {processor.py:914} INFO - Processing file /opt/airflow/dags/create_dag_with_python_operator.py for tasks to queue
[2024-09-20T21:58:06.978+0000] {logging_mixin.py:190} INFO - [2024-09-20T21:58:06.977+0000] {dagbag.py:587} INFO - Filling up the DagBag from /opt/airflow/dags/create_dag_with_python_operator.py
[2024-09-20T21:58:07.202+0000] {processor.py:925} INFO - DAG(s) 'python_operator' retrieved from /opt/airflow/dags/create_dag_with_python_operator.py
[2024-09-20T21:58:07.263+0000] {logging_mixin.py:190} INFO - [2024-09-20T21:58:07.263+0000] {dag.py:3229} INFO - Sync 1 DAGs
[2024-09-20T21:58:07.339+0000] {logging_mixin.py:190} INFO - [2024-09-20T21:58:07.338+0000] {dag.py:4156} INFO - Setting next_dagrun for python_operator to 2024-09-21 00:00:00+00:00, run_after=2024-09-22 00:00:00+00:00
[2024-09-20T21:58:07.432+0000] {processor.py:208} INFO - Processing /opt/airflow/dags/create_dag_with_python_operator.py took 0.468 seconds
[2024-09-20T21:58:12.961+0000] {processor.py:186} INFO - Started process (PID=1636) to work on /opt/airflow/dags/create_dag_with_python_operator.py
[2024-09-20T21:58:12.965+0000] {processor.py:914} INFO - Processing file /opt/airflow/dags/create_dag_with_python_operator.py for tasks to queue
[2024-09-20T21:58:12.971+0000] {logging_mixin.py:190} INFO - [2024-09-20T21:58:12.970+0000] {dagbag.py:587} INFO - Filling up the DagBag from /opt/airflow/dags/create_dag_with_python_operator.py
[2024-09-20T21:58:13.788+0000] {processor.py:925} INFO - DAG(s) 'python_operator' retrieved from /opt/airflow/dags/create_dag_with_python_operator.py
[2024-09-20T21:58:13.842+0000] {logging_mixin.py:190} INFO - [2024-09-20T21:58:13.841+0000] {dag.py:3229} INFO - Sync 1 DAGs
[2024-09-20T21:58:13.920+0000] {logging_mixin.py:190} INFO - [2024-09-20T21:58:13.919+0000] {dag.py:4156} INFO - Setting next_dagrun for python_operator to 2024-09-21 00:00:00+00:00, run_after=2024-09-22 00:00:00+00:00
[2024-09-20T21:58:14.097+0000] {processor.py:208} INFO - Processing /opt/airflow/dags/create_dag_with_python_operator.py took 1.152 seconds
[2024-09-20T21:58:17.492+0000] {processor.py:186} INFO - Started process (PID=1641) to work on /opt/airflow/dags/create_dag_with_python_operator.py
[2024-09-20T21:58:17.531+0000] {processor.py:914} INFO - Processing file /opt/airflow/dags/create_dag_with_python_operator.py for tasks to queue
[2024-09-20T21:58:17.554+0000] {logging_mixin.py:190} INFO - [2024-09-20T21:58:17.553+0000] {dagbag.py:587} INFO - Filling up the DagBag from /opt/airflow/dags/create_dag_with_python_operator.py
[2024-09-20T21:58:18.634+0000] {processor.py:925} INFO - DAG(s) 'python_operator' retrieved from /opt/airflow/dags/create_dag_with_python_operator.py
[2024-09-20T21:58:18.728+0000] {logging_mixin.py:190} INFO - [2024-09-20T21:58:18.727+0000] {dag.py:3229} INFO - Sync 1 DAGs
[2024-09-20T21:58:18.818+0000] {logging_mixin.py:190} INFO - [2024-09-20T21:58:18.817+0000] {dag.py:4156} INFO - Setting next_dagrun for python_operator to 2024-09-21 00:00:00+00:00, run_after=2024-09-22 00:00:00+00:00
[2024-09-20T21:58:19.270+0000] {processor.py:208} INFO - Processing /opt/airflow/dags/create_dag_with_python_operator.py took 1.785 seconds
[2024-09-20T21:58:21.935+0000] {processor.py:186} INFO - Started process (PID=1649) to work on /opt/airflow/dags/create_dag_with_python_operator.py
[2024-09-20T21:58:21.944+0000] {processor.py:914} INFO - Processing file /opt/airflow/dags/create_dag_with_python_operator.py for tasks to queue
[2024-09-20T21:58:21.963+0000] {logging_mixin.py:190} INFO - [2024-09-20T21:58:21.962+0000] {dagbag.py:587} INFO - Filling up the DagBag from /opt/airflow/dags/create_dag_with_python_operator.py
[2024-09-20T21:58:23.799+0000] {processor.py:925} INFO - DAG(s) 'python_operator' retrieved from /opt/airflow/dags/create_dag_with_python_operator.py
[2024-09-20T21:58:23.847+0000] {logging_mixin.py:190} INFO - [2024-09-20T21:58:23.847+0000] {dag.py:3229} INFO - Sync 1 DAGs
[2024-09-20T21:58:23.900+0000] {logging_mixin.py:190} INFO - [2024-09-20T21:58:23.899+0000] {dag.py:4156} INFO - Setting next_dagrun for python_operator to 2024-09-21 00:00:00+00:00, run_after=2024-09-22 00:00:00+00:00
[2024-09-20T21:58:24.099+0000] {processor.py:208} INFO - Processing /opt/airflow/dags/create_dag_with_python_operator.py took 2.172 seconds
[2024-09-20T21:58:27.367+0000] {processor.py:186} INFO - Started process (PID=1656) to work on /opt/airflow/dags/create_dag_with_python_operator.py
[2024-09-20T21:58:27.372+0000] {processor.py:914} INFO - Processing file /opt/airflow/dags/create_dag_with_python_operator.py for tasks to queue
[2024-09-20T21:58:27.386+0000] {logging_mixin.py:190} INFO - [2024-09-20T21:58:27.386+0000] {dagbag.py:587} INFO - Filling up the DagBag from /opt/airflow/dags/create_dag_with_python_operator.py
[2024-09-20T21:58:27.701+0000] {processor.py:925} INFO - DAG(s) 'python_operator' retrieved from /opt/airflow/dags/create_dag_with_python_operator.py
[2024-09-20T21:58:27.759+0000] {logging_mixin.py:190} INFO - [2024-09-20T21:58:27.758+0000] {dag.py:3229} INFO - Sync 1 DAGs
[2024-09-20T21:58:27.828+0000] {logging_mixin.py:190} INFO - [2024-09-20T21:58:27.828+0000] {dag.py:4156} INFO - Setting next_dagrun for python_operator to 2024-09-21 00:00:00+00:00, run_after=2024-09-22 00:00:00+00:00
[2024-09-20T21:58:28.083+0000] {processor.py:208} INFO - Processing /opt/airflow/dags/create_dag_with_python_operator.py took 0.727 seconds
[2024-09-20T21:58:38.594+0000] {processor.py:186} INFO - Started process (PID=1661) to work on /opt/airflow/dags/create_dag_with_python_operator.py
[2024-09-20T21:58:38.612+0000] {processor.py:914} INFO - Processing file /opt/airflow/dags/create_dag_with_python_operator.py for tasks to queue
[2024-09-20T21:58:38.624+0000] {logging_mixin.py:190} INFO - [2024-09-20T21:58:38.623+0000] {dagbag.py:587} INFO - Filling up the DagBag from /opt/airflow/dags/create_dag_with_python_operator.py
[2024-09-20T21:58:40.045+0000] {processor.py:925} INFO - DAG(s) 'python_operator' retrieved from /opt/airflow/dags/create_dag_with_python_operator.py
[2024-09-20T21:58:40.137+0000] {logging_mixin.py:190} INFO - [2024-09-20T21:58:40.136+0000] {dag.py:3229} INFO - Sync 1 DAGs
[2024-09-20T21:58:40.239+0000] {logging_mixin.py:190} INFO - [2024-09-20T21:58:40.238+0000] {dag.py:4156} INFO - Setting next_dagrun for python_operator to 2024-09-21 00:00:00+00:00, run_after=2024-09-22 00:00:00+00:00
[2024-09-20T21:58:40.530+0000] {processor.py:208} INFO - Processing /opt/airflow/dags/create_dag_with_python_operator.py took 1.945 seconds
[2024-09-20T21:58:43.062+0000] {processor.py:186} INFO - Started process (PID=1669) to work on /opt/airflow/dags/create_dag_with_python_operator.py
[2024-09-20T21:58:43.064+0000] {processor.py:914} INFO - Processing file /opt/airflow/dags/create_dag_with_python_operator.py for tasks to queue
[2024-09-20T21:58:43.069+0000] {logging_mixin.py:190} INFO - [2024-09-20T21:58:43.068+0000] {dagbag.py:587} INFO - Filling up the DagBag from /opt/airflow/dags/create_dag_with_python_operator.py
[2024-09-20T21:58:43.314+0000] {processor.py:925} INFO - DAG(s) 'python_operator' retrieved from /opt/airflow/dags/create_dag_with_python_operator.py
[2024-09-20T21:58:43.361+0000] {logging_mixin.py:190} INFO - [2024-09-20T21:58:43.361+0000] {dag.py:3229} INFO - Sync 1 DAGs
[2024-09-20T21:58:43.398+0000] {logging_mixin.py:190} INFO - [2024-09-20T21:58:43.398+0000] {dag.py:4156} INFO - Setting next_dagrun for python_operator to 2024-09-21 00:00:00+00:00, run_after=2024-09-22 00:00:00+00:00
[2024-09-20T21:58:43.523+0000] {processor.py:208} INFO - Processing /opt/airflow/dags/create_dag_with_python_operator.py took 0.468 seconds
[2024-09-20T21:58:47.118+0000] {processor.py:186} INFO - Started process (PID=1674) to work on /opt/airflow/dags/create_dag_with_python_operator.py
[2024-09-20T21:58:47.119+0000] {processor.py:914} INFO - Processing file /opt/airflow/dags/create_dag_with_python_operator.py for tasks to queue
[2024-09-20T21:58:47.122+0000] {logging_mixin.py:190} INFO - [2024-09-20T21:58:47.121+0000] {dagbag.py:587} INFO - Filling up the DagBag from /opt/airflow/dags/create_dag_with_python_operator.py
[2024-09-20T21:58:47.372+0000] {processor.py:925} INFO - DAG(s) 'python_operator' retrieved from /opt/airflow/dags/create_dag_with_python_operator.py
[2024-09-20T21:58:47.412+0000] {logging_mixin.py:190} INFO - [2024-09-20T21:58:47.412+0000] {dag.py:3229} INFO - Sync 1 DAGs
[2024-09-20T21:58:47.461+0000] {logging_mixin.py:190} INFO - [2024-09-20T21:58:47.460+0000] {dag.py:4156} INFO - Setting next_dagrun for python_operator to 2024-09-21 00:00:00+00:00, run_after=2024-09-22 00:00:00+00:00
[2024-09-20T21:58:47.542+0000] {processor.py:208} INFO - Processing /opt/airflow/dags/create_dag_with_python_operator.py took 0.433 seconds
[2024-09-20T21:58:57.606+0000] {processor.py:186} INFO - Started process (PID=1684) to work on /opt/airflow/dags/create_dag_with_python_operator.py
[2024-09-20T21:58:57.608+0000] {processor.py:914} INFO - Processing file /opt/airflow/dags/create_dag_with_python_operator.py for tasks to queue
[2024-09-20T21:58:57.610+0000] {logging_mixin.py:190} INFO - [2024-09-20T21:58:57.610+0000] {dagbag.py:587} INFO - Filling up the DagBag from /opt/airflow/dags/create_dag_with_python_operator.py
[2024-09-20T21:58:57.766+0000] {processor.py:925} INFO - DAG(s) 'python_operator' retrieved from /opt/airflow/dags/create_dag_with_python_operator.py
[2024-09-20T21:58:57.802+0000] {logging_mixin.py:190} INFO - [2024-09-20T21:58:57.802+0000] {dag.py:3229} INFO - Sync 1 DAGs
[2024-09-20T21:58:57.841+0000] {logging_mixin.py:190} INFO - [2024-09-20T21:58:57.841+0000] {dag.py:4156} INFO - Setting next_dagrun for python_operator to 2024-09-21 00:00:00+00:00, run_after=2024-09-22 00:00:00+00:00
[2024-09-20T21:58:57.963+0000] {processor.py:208} INFO - Processing /opt/airflow/dags/create_dag_with_python_operator.py took 0.362 seconds
[2024-09-20T21:59:15.922+0000] {processor.py:186} INFO - Started process (PID=1692) to work on /opt/airflow/dags/create_dag_with_python_operator.py
[2024-09-20T21:59:15.924+0000] {processor.py:914} INFO - Processing file /opt/airflow/dags/create_dag_with_python_operator.py for tasks to queue
[2024-09-20T21:59:15.927+0000] {logging_mixin.py:190} INFO - [2024-09-20T21:59:15.926+0000] {dagbag.py:587} INFO - Filling up the DagBag from /opt/airflow/dags/create_dag_with_python_operator.py
[2024-09-20T21:59:16.074+0000] {processor.py:925} INFO - DAG(s) 'python_operator' retrieved from /opt/airflow/dags/create_dag_with_python_operator.py
[2024-09-20T21:59:16.108+0000] {logging_mixin.py:190} INFO - [2024-09-20T21:59:16.108+0000] {dag.py:3229} INFO - Sync 1 DAGs
[2024-09-20T21:59:16.141+0000] {logging_mixin.py:190} INFO - [2024-09-20T21:59:16.141+0000] {dag.py:4156} INFO - Setting next_dagrun for python_operator to 2024-09-21 00:00:00+00:00, run_after=2024-09-22 00:00:00+00:00
[2024-09-20T21:59:16.202+0000] {processor.py:208} INFO - Processing /opt/airflow/dags/create_dag_with_python_operator.py took 0.292 seconds
[2024-09-20T21:59:18.504+0000] {processor.py:186} INFO - Started process (PID=1697) to work on /opt/airflow/dags/create_dag_with_python_operator.py
[2024-09-20T21:59:18.506+0000] {processor.py:914} INFO - Processing file /opt/airflow/dags/create_dag_with_python_operator.py for tasks to queue
[2024-09-20T21:59:18.510+0000] {logging_mixin.py:190} INFO - [2024-09-20T21:59:18.509+0000] {dagbag.py:587} INFO - Filling up the DagBag from /opt/airflow/dags/create_dag_with_python_operator.py
[2024-09-20T21:59:18.692+0000] {processor.py:925} INFO - DAG(s) 'python_operator' retrieved from /opt/airflow/dags/create_dag_with_python_operator.py
[2024-09-20T21:59:18.736+0000] {logging_mixin.py:190} INFO - [2024-09-20T21:59:18.735+0000] {dag.py:3229} INFO - Sync 1 DAGs
[2024-09-20T21:59:18.780+0000] {logging_mixin.py:190} INFO - [2024-09-20T21:59:18.780+0000] {dag.py:4156} INFO - Setting next_dagrun for python_operator to 2024-09-21 00:00:00+00:00, run_after=2024-09-22 00:00:00+00:00
[2024-09-20T21:59:18.862+0000] {processor.py:208} INFO - Processing /opt/airflow/dags/create_dag_with_python_operator.py took 0.375 seconds
[2024-09-20T21:59:21.998+0000] {processor.py:186} INFO - Started process (PID=1702) to work on /opt/airflow/dags/create_dag_with_python_operator.py
[2024-09-20T21:59:22.000+0000] {processor.py:914} INFO - Processing file /opt/airflow/dags/create_dag_with_python_operator.py for tasks to queue
[2024-09-20T21:59:22.006+0000] {logging_mixin.py:190} INFO - [2024-09-20T21:59:22.005+0000] {dagbag.py:587} INFO - Filling up the DagBag from /opt/airflow/dags/create_dag_with_python_operator.py
[2024-09-20T21:59:22.418+0000] {processor.py:925} INFO - DAG(s) 'python_operator' retrieved from /opt/airflow/dags/create_dag_with_python_operator.py
[2024-09-20T21:59:22.457+0000] {logging_mixin.py:190} INFO - [2024-09-20T21:59:22.457+0000] {dag.py:3229} INFO - Sync 1 DAGs
[2024-09-20T21:59:22.499+0000] {logging_mixin.py:190} INFO - [2024-09-20T21:59:22.498+0000] {dag.py:4156} INFO - Setting next_dagrun for python_operator to 2024-09-21 00:00:00+00:00, run_after=2024-09-22 00:00:00+00:00
[2024-09-20T21:59:22.576+0000] {processor.py:208} INFO - Processing /opt/airflow/dags/create_dag_with_python_operator.py took 0.585 seconds
[2024-09-20T21:59:25.530+0000] {processor.py:186} INFO - Started process (PID=1712) to work on /opt/airflow/dags/create_dag_with_python_operator.py
[2024-09-20T21:59:25.532+0000] {processor.py:914} INFO - Processing file /opt/airflow/dags/create_dag_with_python_operator.py for tasks to queue
[2024-09-20T21:59:25.539+0000] {logging_mixin.py:190} INFO - [2024-09-20T21:59:25.539+0000] {dagbag.py:587} INFO - Filling up the DagBag from /opt/airflow/dags/create_dag_with_python_operator.py
[2024-09-20T21:59:25.695+0000] {logging_mixin.py:190} INFO - [2024-09-20T21:59:25.694+0000] {dagbag.py:386} ERROR - Failed to import: /opt/airflow/dags/create_dag_with_python_operator.py
Traceback (most recent call last):
  File "/home/airflow/.local/lib/python3.12/site-packages/airflow/models/dagbag.py", line 382, in parse
    loader.exec_module(new_module)
  File "<frozen importlib._bootstrap_external>", line 991, in exec_module
  File "<frozen importlib._bootstrap_external>", line 1129, in get_code
  File "<frozen importlib._bootstrap_external>", line 1059, in source_to_code
  File "<frozen importlib._bootstrap>", line 488, in _call_with_frames_removed
  File "/opt/airflow/dags/create_dag_with_python_operator.py", line 27
    op_kwars)
            ^
SyntaxError: positional argument follows keyword argument
[2024-09-20T21:59:25.696+0000] {processor.py:927} WARNING - No viable dags retrieved from /opt/airflow/dags/create_dag_with_python_operator.py
[2024-09-20T21:59:25.723+0000] {processor.py:208} INFO - Processing /opt/airflow/dags/create_dag_with_python_operator.py took 0.201 seconds
[2024-09-20T21:59:35.580+0000] {processor.py:186} INFO - Started process (PID=1717) to work on /opt/airflow/dags/create_dag_with_python_operator.py
[2024-09-20T21:59:35.584+0000] {processor.py:914} INFO - Processing file /opt/airflow/dags/create_dag_with_python_operator.py for tasks to queue
[2024-09-20T21:59:35.588+0000] {logging_mixin.py:190} INFO - [2024-09-20T21:59:35.587+0000] {dagbag.py:587} INFO - Filling up the DagBag from /opt/airflow/dags/create_dag_with_python_operator.py
[2024-09-20T21:59:35.753+0000] {logging_mixin.py:190} INFO - [2024-09-20T21:59:35.750+0000] {dagbag.py:386} ERROR - Failed to import: /opt/airflow/dags/create_dag_with_python_operator.py
Traceback (most recent call last):
  File "/home/airflow/.local/lib/python3.12/site-packages/airflow/models/dagbag.py", line 382, in parse
    loader.exec_module(new_module)
  File "<frozen importlib._bootstrap_external>", line 991, in exec_module
  File "<frozen importlib._bootstrap_external>", line 1129, in get_code
  File "<frozen importlib._bootstrap_external>", line 1059, in source_to_code
  File "<frozen importlib._bootstrap>", line 488, in _call_with_frames_removed
  File "/opt/airflow/dags/create_dag_with_python_operator.py", line 27
    op_kwars)
            ^
SyntaxError: positional argument follows keyword argument
[2024-09-20T21:59:35.757+0000] {processor.py:927} WARNING - No viable dags retrieved from /opt/airflow/dags/create_dag_with_python_operator.py
[2024-09-20T21:59:35.815+0000] {processor.py:208} INFO - Processing /opt/airflow/dags/create_dag_with_python_operator.py took 0.246 seconds
[2024-09-20T21:59:49.094+0000] {processor.py:186} INFO - Started process (PID=1725) to work on /opt/airflow/dags/create_dag_with_python_operator.py
[2024-09-20T21:59:49.108+0000] {processor.py:914} INFO - Processing file /opt/airflow/dags/create_dag_with_python_operator.py for tasks to queue
[2024-09-20T21:59:49.124+0000] {logging_mixin.py:190} INFO - [2024-09-20T21:59:49.123+0000] {dagbag.py:587} INFO - Filling up the DagBag from /opt/airflow/dags/create_dag_with_python_operator.py
[2024-09-20T21:59:50.415+0000] {logging_mixin.py:190} INFO - [2024-09-20T21:59:50.412+0000] {dagbag.py:386} ERROR - Failed to import: /opt/airflow/dags/create_dag_with_python_operator.py
Traceback (most recent call last):
  File "/home/airflow/.local/lib/python3.12/site-packages/airflow/models/dagbag.py", line 382, in parse
    loader.exec_module(new_module)
  File "<frozen importlib._bootstrap_external>", line 991, in exec_module
  File "<frozen importlib._bootstrap_external>", line 1129, in get_code
  File "<frozen importlib._bootstrap_external>", line 1059, in source_to_code
  File "<frozen importlib._bootstrap>", line 488, in _call_with_frames_removed
  File "/opt/airflow/dags/create_dag_with_python_operator.py", line 27
    op_kwars)
            ^
SyntaxError: positional argument follows keyword argument
[2024-09-20T21:59:50.428+0000] {processor.py:927} WARNING - No viable dags retrieved from /opt/airflow/dags/create_dag_with_python_operator.py
[2024-09-20T21:59:50.490+0000] {processor.py:208} INFO - Processing /opt/airflow/dags/create_dag_with_python_operator.py took 1.409 seconds
[2024-09-20T21:59:53.439+0000] {processor.py:186} INFO - Started process (PID=1730) to work on /opt/airflow/dags/create_dag_with_python_operator.py
[2024-09-20T21:59:53.452+0000] {processor.py:914} INFO - Processing file /opt/airflow/dags/create_dag_with_python_operator.py for tasks to queue
[2024-09-20T21:59:53.457+0000] {logging_mixin.py:190} INFO - [2024-09-20T21:59:53.457+0000] {dagbag.py:587} INFO - Filling up the DagBag from /opt/airflow/dags/create_dag_with_python_operator.py
[2024-09-20T21:59:54.449+0000] {logging_mixin.py:190} INFO - [2024-09-20T21:59:54.447+0000] {dagbag.py:386} ERROR - Failed to import: /opt/airflow/dags/create_dag_with_python_operator.py
Traceback (most recent call last):
  File "/home/airflow/.local/lib/python3.12/site-packages/airflow/models/dagbag.py", line 382, in parse
    loader.exec_module(new_module)
  File "<frozen importlib._bootstrap_external>", line 991, in exec_module
  File "<frozen importlib._bootstrap_external>", line 1129, in get_code
  File "<frozen importlib._bootstrap_external>", line 1059, in source_to_code
  File "<frozen importlib._bootstrap>", line 488, in _call_with_frames_removed
  File "/opt/airflow/dags/create_dag_with_python_operator.py", line 27
    op_kwargs)
             ^
SyntaxError: positional argument follows keyword argument
[2024-09-20T21:59:54.462+0000] {processor.py:927} WARNING - No viable dags retrieved from /opt/airflow/dags/create_dag_with_python_operator.py
[2024-09-20T21:59:54.515+0000] {processor.py:208} INFO - Processing /opt/airflow/dags/create_dag_with_python_operator.py took 1.084 seconds
[2024-09-20T21:59:58.078+0000] {processor.py:186} INFO - Started process (PID=1740) to work on /opt/airflow/dags/create_dag_with_python_operator.py
[2024-09-20T21:59:58.085+0000] {processor.py:914} INFO - Processing file /opt/airflow/dags/create_dag_with_python_operator.py for tasks to queue
[2024-09-20T21:59:58.089+0000] {logging_mixin.py:190} INFO - [2024-09-20T21:59:58.089+0000] {dagbag.py:587} INFO - Filling up the DagBag from /opt/airflow/dags/create_dag_with_python_operator.py
[2024-09-20T21:59:58.376+0000] {logging_mixin.py:190} INFO - [2024-09-20T21:59:58.374+0000] {dagbag.py:386} ERROR - Failed to import: /opt/airflow/dags/create_dag_with_python_operator.py
Traceback (most recent call last):
  File "/home/airflow/.local/lib/python3.12/site-packages/airflow/models/dagbag.py", line 382, in parse
    loader.exec_module(new_module)
  File "<frozen importlib._bootstrap_external>", line 991, in exec_module
  File "<frozen importlib._bootstrap_external>", line 1129, in get_code
  File "<frozen importlib._bootstrap_external>", line 1059, in source_to_code
  File "<frozen importlib._bootstrap>", line 488, in _call_with_frames_removed
  File "/opt/airflow/dags/create_dag_with_python_operator.py", line 27
    op_kwargs={'name':})
                     ^
SyntaxError: expression expected after dictionary key and ':'
[2024-09-20T21:59:58.379+0000] {processor.py:927} WARNING - No viable dags retrieved from /opt/airflow/dags/create_dag_with_python_operator.py
[2024-09-20T21:59:58.414+0000] {processor.py:208} INFO - Processing /opt/airflow/dags/create_dag_with_python_operator.py took 0.348 seconds
[2024-09-20T21:59:59.750+0000] {processor.py:186} INFO - Started process (PID=1745) to work on /opt/airflow/dags/create_dag_with_python_operator.py
[2024-09-20T21:59:59.782+0000] {processor.py:914} INFO - Processing file /opt/airflow/dags/create_dag_with_python_operator.py for tasks to queue
[2024-09-20T21:59:59.802+0000] {logging_mixin.py:190} INFO - [2024-09-20T21:59:59.802+0000] {dagbag.py:587} INFO - Filling up the DagBag from /opt/airflow/dags/create_dag_with_python_operator.py
[2024-09-20T22:00:00.750+0000] {processor.py:925} INFO - DAG(s) 'python_operator' retrieved from /opt/airflow/dags/create_dag_with_python_operator.py
[2024-09-20T22:00:00.941+0000] {logging_mixin.py:190} INFO - [2024-09-20T22:00:00.941+0000] {dag.py:3229} INFO - Sync 1 DAGs
[2024-09-20T22:00:01.025+0000] {logging_mixin.py:190} INFO - [2024-09-20T22:00:01.024+0000] {dag.py:4156} INFO - Setting next_dagrun for python_operator to 2024-09-21 00:00:00+00:00, run_after=2024-09-22 00:00:00+00:00
[2024-09-20T22:00:01.334+0000] {processor.py:208} INFO - Processing /opt/airflow/dags/create_dag_with_python_operator.py took 1.593 seconds
[2024-09-20T22:00:04.452+0000] {processor.py:186} INFO - Started process (PID=1750) to work on /opt/airflow/dags/create_dag_with_python_operator.py
[2024-09-20T22:00:04.456+0000] {processor.py:914} INFO - Processing file /opt/airflow/dags/create_dag_with_python_operator.py for tasks to queue
[2024-09-20T22:00:04.513+0000] {logging_mixin.py:190} INFO - [2024-09-20T22:00:04.512+0000] {dagbag.py:587} INFO - Filling up the DagBag from /opt/airflow/dags/create_dag_with_python_operator.py
[2024-09-20T22:00:05.593+0000] {logging_mixin.py:190} INFO - [2024-09-20T22:00:05.590+0000] {dagbag.py:386} ERROR - Failed to import: /opt/airflow/dags/create_dag_with_python_operator.py
Traceback (most recent call last):
  File "/home/airflow/.local/lib/python3.12/site-packages/airflow/models/dagbag.py", line 382, in parse
    loader.exec_module(new_module)
  File "<frozen importlib._bootstrap_external>", line 991, in exec_module
  File "<frozen importlib._bootstrap_external>", line 1129, in get_code
  File "<frozen importlib._bootstrap_external>", line 1059, in source_to_code
  File "<frozen importlib._bootstrap>", line 488, in _call_with_frames_removed
  File "/opt/airflow/dags/create_dag_with_python_operator.py", line 27
    op_kwargs={'name':'Tom', "age",})
                                 ^
SyntaxError: ':' expected after dictionary key
[2024-09-20T22:00:05.610+0000] {processor.py:927} WARNING - No viable dags retrieved from /opt/airflow/dags/create_dag_with_python_operator.py
[2024-09-20T22:00:05.652+0000] {processor.py:208} INFO - Processing /opt/airflow/dags/create_dag_with_python_operator.py took 1.217 seconds
[2024-09-20T22:00:09.054+0000] {processor.py:186} INFO - Started process (PID=1755) to work on /opt/airflow/dags/create_dag_with_python_operator.py
[2024-09-20T22:00:09.056+0000] {processor.py:914} INFO - Processing file /opt/airflow/dags/create_dag_with_python_operator.py for tasks to queue
[2024-09-20T22:00:09.060+0000] {logging_mixin.py:190} INFO - [2024-09-20T22:00:09.059+0000] {dagbag.py:587} INFO - Filling up the DagBag from /opt/airflow/dags/create_dag_with_python_operator.py
[2024-09-20T22:00:09.227+0000] {logging_mixin.py:190} INFO - [2024-09-20T22:00:09.225+0000] {dagbag.py:386} ERROR - Failed to import: /opt/airflow/dags/create_dag_with_python_operator.py
Traceback (most recent call last):
  File "/home/airflow/.local/lib/python3.12/site-packages/airflow/models/dagbag.py", line 382, in parse
    loader.exec_module(new_module)
  File "<frozen importlib._bootstrap_external>", line 991, in exec_module
  File "<frozen importlib._bootstrap_external>", line 1129, in get_code
  File "<frozen importlib._bootstrap_external>", line 1059, in source_to_code
  File "<frozen importlib._bootstrap>", line 488, in _call_with_frames_removed
  File "/opt/airflow/dags/create_dag_with_python_operator.py", line 27
    op_kwargs={'name':'Tom', "age", 20})
                                 ^
SyntaxError: ':' expected after dictionary key
[2024-09-20T22:00:09.228+0000] {processor.py:927} WARNING - No viable dags retrieved from /opt/airflow/dags/create_dag_with_python_operator.py
[2024-09-20T22:00:09.261+0000] {processor.py:208} INFO - Processing /opt/airflow/dags/create_dag_with_python_operator.py took 0.216 seconds
[2024-09-20T22:00:17.546+0000] {processor.py:186} INFO - Started process (PID=1763) to work on /opt/airflow/dags/create_dag_with_python_operator.py
[2024-09-20T22:00:17.549+0000] {processor.py:914} INFO - Processing file /opt/airflow/dags/create_dag_with_python_operator.py for tasks to queue
[2024-09-20T22:00:17.556+0000] {logging_mixin.py:190} INFO - [2024-09-20T22:00:17.555+0000] {dagbag.py:587} INFO - Filling up the DagBag from /opt/airflow/dags/create_dag_with_python_operator.py
[2024-09-20T22:00:17.805+0000] {processor.py:925} INFO - DAG(s) 'python_operator' retrieved from /opt/airflow/dags/create_dag_with_python_operator.py
[2024-09-20T22:00:17.823+0000] {logging_mixin.py:190} INFO - [2024-09-20T22:00:17.823+0000] {dag.py:3229} INFO - Sync 1 DAGs
[2024-09-20T22:00:17.870+0000] {logging_mixin.py:190} INFO - [2024-09-20T22:00:17.870+0000] {dag.py:4156} INFO - Setting next_dagrun for python_operator to 2024-09-21 00:00:00+00:00, run_after=2024-09-22 00:00:00+00:00
[2024-09-20T22:00:17.939+0000] {processor.py:208} INFO - Processing /opt/airflow/dags/create_dag_with_python_operator.py took 0.403 seconds
[2024-09-20T22:00:25.772+0000] {processor.py:186} INFO - Started process (PID=1768) to work on /opt/airflow/dags/create_dag_with_python_operator.py
[2024-09-20T22:00:25.778+0000] {processor.py:914} INFO - Processing file /opt/airflow/dags/create_dag_with_python_operator.py for tasks to queue
[2024-09-20T22:00:25.782+0000] {logging_mixin.py:190} INFO - [2024-09-20T22:00:25.781+0000] {dagbag.py:587} INFO - Filling up the DagBag from /opt/airflow/dags/create_dag_with_python_operator.py
[2024-09-20T22:00:26.490+0000] {processor.py:925} INFO - DAG(s) 'python_operator_v2' retrieved from /opt/airflow/dags/create_dag_with_python_operator.py
[2024-09-20T22:00:26.815+0000] {logging_mixin.py:190} INFO - [2024-09-20T22:00:26.813+0000] {override.py:1900} INFO - Created Permission View: can delete on DAG:python_operator_v2
[2024-09-20T22:00:26.889+0000] {logging_mixin.py:190} INFO - [2024-09-20T22:00:26.888+0000] {override.py:1900} INFO - Created Permission View: can read on DAG:python_operator_v2
[2024-09-20T22:00:26.923+0000] {logging_mixin.py:190} INFO - [2024-09-20T22:00:26.922+0000] {override.py:1900} INFO - Created Permission View: can edit on DAG:python_operator_v2
[2024-09-20T22:00:27.044+0000] {logging_mixin.py:190} INFO - [2024-09-20T22:00:27.043+0000] {override.py:1900} INFO - Created Permission View: can create on DAG Run:python_operator_v2
[2024-09-20T22:00:27.140+0000] {logging_mixin.py:190} INFO - [2024-09-20T22:00:27.139+0000] {override.py:1900} INFO - Created Permission View: can delete on DAG Run:python_operator_v2
[2024-09-20T22:00:27.159+0000] {logging_mixin.py:190} INFO - [2024-09-20T22:00:27.158+0000] {override.py:1900} INFO - Created Permission View: can read on DAG Run:python_operator_v2
[2024-09-20T22:00:27.309+0000] {logging_mixin.py:190} INFO - [2024-09-20T22:00:27.308+0000] {override.py:1900} INFO - Created Permission View: menu access on DAG Run:python_operator_v2
[2024-09-20T22:00:27.359+0000] {logging_mixin.py:190} INFO - [2024-09-20T22:00:27.359+0000] {dag.py:3229} INFO - Sync 1 DAGs
[2024-09-20T22:00:27.423+0000] {logging_mixin.py:190} INFO - [2024-09-20T22:00:27.421+0000] {dag.py:3252} INFO - Creating ORM DAG for python_operator_v2
[2024-09-20T22:00:27.525+0000] {logging_mixin.py:190} INFO - [2024-09-20T22:00:27.524+0000] {dag.py:4156} INFO - Setting next_dagrun for python_operator_v2 to 2024-09-21 00:00:00+00:00, run_after=2024-09-22 00:00:00+00:00
[2024-09-20T22:00:29.431+0000] {processor.py:208} INFO - Processing /opt/airflow/dags/create_dag_with_python_operator.py took 3.669 seconds
[2024-09-20T22:01:00.910+0000] {processor.py:186} INFO - Started process (PID=1789) to work on /opt/airflow/dags/create_dag_with_python_operator.py
[2024-09-20T22:01:00.917+0000] {processor.py:914} INFO - Processing file /opt/airflow/dags/create_dag_with_python_operator.py for tasks to queue
[2024-09-20T22:01:00.921+0000] {logging_mixin.py:190} INFO - [2024-09-20T22:01:00.920+0000] {dagbag.py:587} INFO - Filling up the DagBag from /opt/airflow/dags/create_dag_with_python_operator.py
[2024-09-20T22:01:01.270+0000] {processor.py:925} INFO - DAG(s) 'python_operator_v2' retrieved from /opt/airflow/dags/create_dag_with_python_operator.py
[2024-09-20T22:01:01.310+0000] {logging_mixin.py:190} INFO - [2024-09-20T22:01:01.310+0000] {dag.py:3229} INFO - Sync 1 DAGs
[2024-09-20T22:01:01.355+0000] {logging_mixin.py:190} INFO - [2024-09-20T22:01:01.355+0000] {dag.py:4156} INFO - Setting next_dagrun for python_operator_v2 to 2024-09-21 00:00:00+00:00, run_after=2024-09-22 00:00:00+00:00
[2024-09-20T22:01:01.394+0000] {processor.py:208} INFO - Processing /opt/airflow/dags/create_dag_with_python_operator.py took 0.495 seconds
[2024-09-20T22:01:32.704+0000] {processor.py:186} INFO - Started process (PID=1800) to work on /opt/airflow/dags/create_dag_with_python_operator.py
[2024-09-20T22:01:32.781+0000] {processor.py:914} INFO - Processing file /opt/airflow/dags/create_dag_with_python_operator.py for tasks to queue
[2024-09-20T22:01:32.841+0000] {logging_mixin.py:190} INFO - [2024-09-20T22:01:32.841+0000] {dagbag.py:587} INFO - Filling up the DagBag from /opt/airflow/dags/create_dag_with_python_operator.py
[2024-09-20T22:01:35.284+0000] {processor.py:925} INFO - DAG(s) 'python_operator_v2' retrieved from /opt/airflow/dags/create_dag_with_python_operator.py
[2024-09-20T22:01:35.392+0000] {logging_mixin.py:190} INFO - [2024-09-20T22:01:35.391+0000] {dag.py:3229} INFO - Sync 1 DAGs
[2024-09-20T22:01:35.506+0000] {logging_mixin.py:190} INFO - [2024-09-20T22:01:35.506+0000] {dag.py:4156} INFO - Setting next_dagrun for python_operator_v2 to 2024-09-21 00:00:00+00:00, run_after=2024-09-22 00:00:00+00:00
[2024-09-20T22:01:35.698+0000] {processor.py:208} INFO - Processing /opt/airflow/dags/create_dag_with_python_operator.py took 3.005 seconds
[2024-09-20T22:02:06.522+0000] {processor.py:186} INFO - Started process (PID=1810) to work on /opt/airflow/dags/create_dag_with_python_operator.py
[2024-09-20T22:02:06.542+0000] {processor.py:914} INFO - Processing file /opt/airflow/dags/create_dag_with_python_operator.py for tasks to queue
[2024-09-20T22:02:06.551+0000] {logging_mixin.py:190} INFO - [2024-09-20T22:02:06.550+0000] {dagbag.py:587} INFO - Filling up the DagBag from /opt/airflow/dags/create_dag_with_python_operator.py
[2024-09-20T22:02:06.893+0000] {processor.py:925} INFO - DAG(s) 'python_operator_v2' retrieved from /opt/airflow/dags/create_dag_with_python_operator.py
[2024-09-20T22:02:06.973+0000] {logging_mixin.py:190} INFO - [2024-09-20T22:02:06.970+0000] {dag.py:3229} INFO - Sync 1 DAGs
[2024-09-20T22:02:07.060+0000] {logging_mixin.py:190} INFO - [2024-09-20T22:02:07.060+0000] {dag.py:4156} INFO - Setting next_dagrun for python_operator_v2 to 2024-09-21 00:00:00+00:00, run_after=2024-09-22 00:00:00+00:00
[2024-09-20T22:02:07.192+0000] {processor.py:208} INFO - Processing /opt/airflow/dags/create_dag_with_python_operator.py took 0.691 seconds
[2024-09-20T22:02:18.546+0000] {processor.py:186} INFO - Started process (PID=1818) to work on /opt/airflow/dags/create_dag_with_python_operator.py
[2024-09-20T22:02:18.550+0000] {processor.py:914} INFO - Processing file /opt/airflow/dags/create_dag_with_python_operator.py for tasks to queue
[2024-09-20T22:02:18.556+0000] {logging_mixin.py:190} INFO - [2024-09-20T22:02:18.555+0000] {dagbag.py:587} INFO - Filling up the DagBag from /opt/airflow/dags/create_dag_with_python_operator.py
[2024-09-20T22:02:18.971+0000] {processor.py:925} INFO - DAG(s) 'python_operator_v2' retrieved from /opt/airflow/dags/create_dag_with_python_operator.py
[2024-09-20T22:02:19.055+0000] {logging_mixin.py:190} INFO - [2024-09-20T22:02:19.054+0000] {dag.py:3229} INFO - Sync 1 DAGs
[2024-09-20T22:02:19.137+0000] {logging_mixin.py:190} INFO - [2024-09-20T22:02:19.136+0000] {dag.py:4156} INFO - Setting next_dagrun for python_operator_v2 to 2024-09-21 00:00:00+00:00, run_after=2024-09-22 00:00:00+00:00
[2024-09-20T22:02:19.533+0000] {processor.py:208} INFO - Processing /opt/airflow/dags/create_dag_with_python_operator.py took 1.005 seconds
[2024-09-20T22:02:27.859+0000] {processor.py:186} INFO - Started process (PID=1823) to work on /opt/airflow/dags/create_dag_with_python_operator.py
[2024-09-20T22:02:27.868+0000] {processor.py:914} INFO - Processing file /opt/airflow/dags/create_dag_with_python_operator.py for tasks to queue
[2024-09-20T22:02:27.873+0000] {logging_mixin.py:190} INFO - [2024-09-20T22:02:27.872+0000] {dagbag.py:587} INFO - Filling up the DagBag from /opt/airflow/dags/create_dag_with_python_operator.py
[2024-09-20T22:02:29.213+0000] {processor.py:925} INFO - DAG(s) 'python_operator_v2' retrieved from /opt/airflow/dags/create_dag_with_python_operator.py
[2024-09-20T22:02:29.279+0000] {logging_mixin.py:190} INFO - [2024-09-20T22:02:29.278+0000] {dag.py:3229} INFO - Sync 1 DAGs
[2024-09-20T22:02:29.358+0000] {logging_mixin.py:190} INFO - [2024-09-20T22:02:29.357+0000] {dag.py:4156} INFO - Setting next_dagrun for python_operator_v2 to 2024-09-21 00:00:00+00:00, run_after=2024-09-22 00:00:00+00:00
[2024-09-20T22:02:29.469+0000] {processor.py:208} INFO - Processing /opt/airflow/dags/create_dag_with_python_operator.py took 1.623 seconds
[2024-09-20T22:02:37.394+0000] {processor.py:186} INFO - Started process (PID=1828) to work on /opt/airflow/dags/create_dag_with_python_operator.py
[2024-09-20T22:02:37.405+0000] {processor.py:914} INFO - Processing file /opt/airflow/dags/create_dag_with_python_operator.py for tasks to queue
[2024-09-20T22:02:37.413+0000] {logging_mixin.py:190} INFO - [2024-09-20T22:02:37.412+0000] {dagbag.py:587} INFO - Filling up the DagBag from /opt/airflow/dags/create_dag_with_python_operator.py
[2024-09-20T22:02:38.878+0000] {processor.py:925} INFO - DAG(s) 'python_operator_v2' retrieved from /opt/airflow/dags/create_dag_with_python_operator.py
[2024-09-20T22:02:38.945+0000] {logging_mixin.py:190} INFO - [2024-09-20T22:02:38.945+0000] {dag.py:3229} INFO - Sync 1 DAGs
[2024-09-20T22:02:39.003+0000] {logging_mixin.py:190} INFO - [2024-09-20T22:02:39.003+0000] {dag.py:4156} INFO - Setting next_dagrun for python_operator_v2 to 2024-09-21 00:00:00+00:00, run_after=2024-09-22 00:00:00+00:00
[2024-09-20T22:02:39.165+0000] {processor.py:208} INFO - Processing /opt/airflow/dags/create_dag_with_python_operator.py took 1.781 seconds
[2024-09-20T22:02:51.837+0000] {processor.py:186} INFO - Started process (PID=1836) to work on /opt/airflow/dags/create_dag_with_python_operator.py
[2024-09-20T22:02:51.839+0000] {processor.py:914} INFO - Processing file /opt/airflow/dags/create_dag_with_python_operator.py for tasks to queue
[2024-09-20T22:02:51.841+0000] {logging_mixin.py:190} INFO - [2024-09-20T22:02:51.840+0000] {dagbag.py:587} INFO - Filling up the DagBag from /opt/airflow/dags/create_dag_with_python_operator.py
[2024-09-20T22:02:51.989+0000] {processor.py:925} INFO - DAG(s) 'python_operator_v2' retrieved from /opt/airflow/dags/create_dag_with_python_operator.py
[2024-09-20T22:02:52.023+0000] {logging_mixin.py:190} INFO - [2024-09-20T22:02:52.023+0000] {dag.py:3229} INFO - Sync 1 DAGs
[2024-09-20T22:02:52.072+0000] {logging_mixin.py:190} INFO - [2024-09-20T22:02:52.072+0000] {dag.py:4156} INFO - Setting next_dagrun for python_operator_v2 to 2024-09-21 00:00:00+00:00, run_after=2024-09-22 00:00:00+00:00
[2024-09-20T22:02:52.132+0000] {processor.py:208} INFO - Processing /opt/airflow/dags/create_dag_with_python_operator.py took 0.302 seconds
[2024-09-20T22:03:05.258+0000] {processor.py:186} INFO - Started process (PID=1841) to work on /opt/airflow/dags/create_dag_with_python_operator.py
[2024-09-20T22:03:05.260+0000] {processor.py:914} INFO - Processing file /opt/airflow/dags/create_dag_with_python_operator.py for tasks to queue
[2024-09-20T22:03:05.264+0000] {logging_mixin.py:190} INFO - [2024-09-20T22:03:05.263+0000] {dagbag.py:587} INFO - Filling up the DagBag from /opt/airflow/dags/create_dag_with_python_operator.py
[2024-09-20T22:03:05.396+0000] {processor.py:925} INFO - DAG(s) 'python_operator_v2' retrieved from /opt/airflow/dags/create_dag_with_python_operator.py
[2024-09-20T22:03:05.443+0000] {logging_mixin.py:190} INFO - [2024-09-20T22:03:05.443+0000] {dag.py:3229} INFO - Sync 1 DAGs
[2024-09-20T22:03:05.491+0000] {logging_mixin.py:190} INFO - [2024-09-20T22:03:05.490+0000] {dag.py:4156} INFO - Setting next_dagrun for python_operator_v2 to 2024-09-21 00:00:00+00:00, run_after=2024-09-22 00:00:00+00:00
[2024-09-20T22:03:05.628+0000] {processor.py:208} INFO - Processing /opt/airflow/dags/create_dag_with_python_operator.py took 0.379 seconds
[2024-09-20T22:03:12.233+0000] {processor.py:186} INFO - Started process (PID=1846) to work on /opt/airflow/dags/create_dag_with_python_operator.py
[2024-09-20T22:03:12.251+0000] {processor.py:914} INFO - Processing file /opt/airflow/dags/create_dag_with_python_operator.py for tasks to queue
[2024-09-20T22:03:12.257+0000] {logging_mixin.py:190} INFO - [2024-09-20T22:03:12.256+0000] {dagbag.py:587} INFO - Filling up the DagBag from /opt/airflow/dags/create_dag_with_python_operator.py
[2024-09-20T22:03:13.171+0000] {processor.py:925} INFO - DAG(s) 'python_operator_v2' retrieved from /opt/airflow/dags/create_dag_with_python_operator.py
[2024-09-20T22:03:13.232+0000] {logging_mixin.py:190} INFO - [2024-09-20T22:03:13.231+0000] {dag.py:3229} INFO - Sync 1 DAGs
[2024-09-20T22:03:13.287+0000] {logging_mixin.py:190} INFO - [2024-09-20T22:03:13.286+0000] {dag.py:4156} INFO - Setting next_dagrun for python_operator_v2 to 2024-09-21 00:00:00+00:00, run_after=2024-09-22 00:00:00+00:00
[2024-09-20T22:03:13.455+0000] {processor.py:208} INFO - Processing /opt/airflow/dags/create_dag_with_python_operator.py took 1.229 seconds
[2024-09-20T22:03:22.700+0000] {processor.py:186} INFO - Started process (PID=1854) to work on /opt/airflow/dags/create_dag_with_python_operator.py
[2024-09-20T22:03:22.709+0000] {processor.py:914} INFO - Processing file /opt/airflow/dags/create_dag_with_python_operator.py for tasks to queue
[2024-09-20T22:03:22.716+0000] {logging_mixin.py:190} INFO - [2024-09-20T22:03:22.715+0000] {dagbag.py:587} INFO - Filling up the DagBag from /opt/airflow/dags/create_dag_with_python_operator.py
[2024-09-20T22:03:22.963+0000] {processor.py:925} INFO - DAG(s) 'python_operator_v2' retrieved from /opt/airflow/dags/create_dag_with_python_operator.py
[2024-09-20T22:03:23.003+0000] {logging_mixin.py:190} INFO - [2024-09-20T22:03:23.003+0000] {dag.py:3229} INFO - Sync 1 DAGs
[2024-09-20T22:03:23.049+0000] {logging_mixin.py:190} INFO - [2024-09-20T22:03:23.049+0000] {dag.py:4156} INFO - Setting next_dagrun for python_operator_v2 to 2024-09-21 00:00:00+00:00, run_after=2024-09-22 00:00:00+00:00
[2024-09-20T22:03:23.116+0000] {processor.py:208} INFO - Processing /opt/airflow/dags/create_dag_with_python_operator.py took 0.429 seconds
[2024-09-20T22:03:29.310+0000] {processor.py:186} INFO - Started process (PID=1859) to work on /opt/airflow/dags/create_dag_with_python_operator.py
[2024-09-20T22:03:29.359+0000] {processor.py:914} INFO - Processing file /opt/airflow/dags/create_dag_with_python_operator.py for tasks to queue
[2024-09-20T22:03:29.367+0000] {logging_mixin.py:190} INFO - [2024-09-20T22:03:29.366+0000] {dagbag.py:587} INFO - Filling up the DagBag from /opt/airflow/dags/create_dag_with_python_operator.py
[2024-09-20T22:03:31.759+0000] {processor.py:925} INFO - DAG(s) 'python_operator_v2' retrieved from /opt/airflow/dags/create_dag_with_python_operator.py
[2024-09-20T22:03:31.939+0000] {logging_mixin.py:190} INFO - [2024-09-20T22:03:31.936+0000] {dag.py:3229} INFO - Sync 1 DAGs
[2024-09-20T22:03:32.067+0000] {logging_mixin.py:190} INFO - [2024-09-20T22:03:32.066+0000] {dag.py:4156} INFO - Setting next_dagrun for python_operator_v2 to 2024-09-21 00:00:00+00:00, run_after=2024-09-22 00:00:00+00:00
[2024-09-20T22:03:32.400+0000] {processor.py:208} INFO - Processing /opt/airflow/dags/create_dag_with_python_operator.py took 3.102 seconds
[2024-09-20T22:03:39.947+0000] {processor.py:186} INFO - Started process (PID=1864) to work on /opt/airflow/dags/create_dag_with_python_operator.py
[2024-09-20T22:03:39.977+0000] {processor.py:914} INFO - Processing file /opt/airflow/dags/create_dag_with_python_operator.py for tasks to queue
[2024-09-20T22:03:40.022+0000] {logging_mixin.py:190} INFO - [2024-09-20T22:03:40.021+0000] {dagbag.py:587} INFO - Filling up the DagBag from /opt/airflow/dags/create_dag_with_python_operator.py
[2024-09-20T22:03:43.342+0000] {processor.py:925} INFO - DAG(s) 'python_operator_v2' retrieved from /opt/airflow/dags/create_dag_with_python_operator.py
[2024-09-20T22:03:43.391+0000] {logging_mixin.py:190} INFO - [2024-09-20T22:03:43.390+0000] {dag.py:3229} INFO - Sync 1 DAGs
[2024-09-20T22:03:43.438+0000] {logging_mixin.py:190} INFO - [2024-09-20T22:03:43.437+0000] {dag.py:4156} INFO - Setting next_dagrun for python_operator_v2 to 2024-09-21 00:00:00+00:00, run_after=2024-09-22 00:00:00+00:00
[2024-09-20T22:03:44.433+0000] {processor.py:208} INFO - Processing /opt/airflow/dags/create_dag_with_python_operator.py took 4.494 seconds
[2024-09-20T22:03:46.808+0000] {processor.py:186} INFO - Started process (PID=1869) to work on /opt/airflow/dags/create_dag_with_python_operator.py
[2024-09-20T22:03:46.811+0000] {processor.py:914} INFO - Processing file /opt/airflow/dags/create_dag_with_python_operator.py for tasks to queue
[2024-09-20T22:03:46.814+0000] {logging_mixin.py:190} INFO - [2024-09-20T22:03:46.813+0000] {dagbag.py:587} INFO - Filling up the DagBag from /opt/airflow/dags/create_dag_with_python_operator.py
[2024-09-20T22:03:47.671+0000] {processor.py:925} INFO - DAG(s) 'python_operator_v2' retrieved from /opt/airflow/dags/create_dag_with_python_operator.py
[2024-09-20T22:03:47.789+0000] {logging_mixin.py:190} INFO - [2024-09-20T22:03:47.788+0000] {dag.py:3229} INFO - Sync 1 DAGs
[2024-09-20T22:03:47.852+0000] {logging_mixin.py:190} INFO - [2024-09-20T22:03:47.852+0000] {dag.py:4156} INFO - Setting next_dagrun for python_operator_v2 to 2024-09-21 00:00:00+00:00, run_after=2024-09-22 00:00:00+00:00
[2024-09-20T22:03:48.285+0000] {processor.py:208} INFO - Processing /opt/airflow/dags/create_dag_with_python_operator.py took 1.485 seconds
[2024-09-20T22:03:51.586+0000] {processor.py:186} INFO - Started process (PID=1877) to work on /opt/airflow/dags/create_dag_with_python_operator.py
[2024-09-20T22:03:51.609+0000] {processor.py:914} INFO - Processing file /opt/airflow/dags/create_dag_with_python_operator.py for tasks to queue
[2024-09-20T22:03:51.637+0000] {logging_mixin.py:190} INFO - [2024-09-20T22:03:51.636+0000] {dagbag.py:587} INFO - Filling up the DagBag from /opt/airflow/dags/create_dag_with_python_operator.py
[2024-09-20T22:03:52.886+0000] {processor.py:925} INFO - DAG(s) 'python_operator_v2' retrieved from /opt/airflow/dags/create_dag_with_python_operator.py
[2024-09-20T22:03:52.922+0000] {logging_mixin.py:190} INFO - [2024-09-20T22:03:52.922+0000] {dag.py:3229} INFO - Sync 1 DAGs
[2024-09-20T22:03:52.991+0000] {logging_mixin.py:190} INFO - [2024-09-20T22:03:52.990+0000] {dag.py:4156} INFO - Setting next_dagrun for python_operator_v2 to 2024-09-21 00:00:00+00:00, run_after=2024-09-22 00:00:00+00:00
[2024-09-20T22:03:53.245+0000] {processor.py:208} INFO - Processing /opt/airflow/dags/create_dag_with_python_operator.py took 1.671 seconds
[2024-09-20T22:03:54.735+0000] {processor.py:186} INFO - Started process (PID=1882) to work on /opt/airflow/dags/create_dag_with_python_operator.py
[2024-09-20T22:03:54.758+0000] {processor.py:914} INFO - Processing file /opt/airflow/dags/create_dag_with_python_operator.py for tasks to queue
[2024-09-20T22:03:54.780+0000] {logging_mixin.py:190} INFO - [2024-09-20T22:03:54.780+0000] {dagbag.py:587} INFO - Filling up the DagBag from /opt/airflow/dags/create_dag_with_python_operator.py
[2024-09-20T22:03:55.412+0000] {processor.py:925} INFO - DAG(s) 'python_operator_v2' retrieved from /opt/airflow/dags/create_dag_with_python_operator.py
[2024-09-20T22:03:55.472+0000] {logging_mixin.py:190} INFO - [2024-09-20T22:03:55.472+0000] {dag.py:3229} INFO - Sync 1 DAGs
[2024-09-20T22:03:55.542+0000] {logging_mixin.py:190} INFO - [2024-09-20T22:03:55.541+0000] {dag.py:4156} INFO - Setting next_dagrun for python_operator_v2 to 2024-09-21 00:00:00+00:00, run_after=2024-09-22 00:00:00+00:00
[2024-09-20T22:03:56.012+0000] {processor.py:208} INFO - Processing /opt/airflow/dags/create_dag_with_python_operator.py took 1.287 seconds
[2024-09-20T22:04:03.311+0000] {processor.py:186} INFO - Started process (PID=1892) to work on /opt/airflow/dags/create_dag_with_python_operator.py
[2024-09-20T22:04:03.321+0000] {processor.py:914} INFO - Processing file /opt/airflow/dags/create_dag_with_python_operator.py for tasks to queue
[2024-09-20T22:04:03.328+0000] {logging_mixin.py:190} INFO - [2024-09-20T22:04:03.328+0000] {dagbag.py:587} INFO - Filling up the DagBag from /opt/airflow/dags/create_dag_with_python_operator.py
[2024-09-20T22:04:03.741+0000] {logging_mixin.py:190} INFO - [2024-09-20T22:04:03.740+0000] {dagbag.py:386} ERROR - Failed to import: /opt/airflow/dags/create_dag_with_python_operator.py
Traceback (most recent call last):
  File "/home/airflow/.local/lib/python3.12/site-packages/airflow/models/dagbag.py", line 382, in parse
    loader.exec_module(new_module)
  File "<frozen importlib._bootstrap_external>", line 991, in exec_module
  File "<frozen importlib._bootstrap_external>", line 1129, in get_code
  File "<frozen importlib._bootstrap_external>", line 1059, in source_to_code
  File "<frozen importlib._bootstrap>", line 488, in _call_with_frames_removed
  File "/opt/airflow/dags/create_dag_with_python_operator.py", line 23
    def get_name()
                  ^
SyntaxError: expected ':'
[2024-09-20T22:04:03.780+0000] {processor.py:927} WARNING - No viable dags retrieved from /opt/airflow/dags/create_dag_with_python_operator.py
[2024-09-20T22:04:03.833+0000] {processor.py:208} INFO - Processing /opt/airflow/dags/create_dag_with_python_operator.py took 0.533 seconds
[2024-09-20T22:04:04.934+0000] {processor.py:186} INFO - Started process (PID=1897) to work on /opt/airflow/dags/create_dag_with_python_operator.py
[2024-09-20T22:04:04.947+0000] {processor.py:914} INFO - Processing file /opt/airflow/dags/create_dag_with_python_operator.py for tasks to queue
[2024-09-20T22:04:04.951+0000] {logging_mixin.py:190} INFO - [2024-09-20T22:04:04.951+0000] {dagbag.py:587} INFO - Filling up the DagBag from /opt/airflow/dags/create_dag_with_python_operator.py
[2024-09-20T22:04:06.554+0000] {logging_mixin.py:190} INFO - [2024-09-20T22:04:06.552+0000] {dagbag.py:386} ERROR - Failed to import: /opt/airflow/dags/create_dag_with_python_operator.py
Traceback (most recent call last):
  File "/home/airflow/.local/lib/python3.12/site-packages/airflow/models/dagbag.py", line 382, in parse
    loader.exec_module(new_module)
  File "<frozen importlib._bootstrap_external>", line 991, in exec_module
  File "<frozen importlib._bootstrap_external>", line 1129, in get_code
  File "<frozen importlib._bootstrap_external>", line 1059, in source_to_code
  File "<frozen importlib._bootstrap>", line 488, in _call_with_frames_removed
  File "/opt/airflow/dags/create_dag_with_python_operator.py", line 25
    with DAG(
    ^^^^
IndentationError: expected an indented block after function definition on line 23
[2024-09-20T22:04:06.557+0000] {processor.py:927} WARNING - No viable dags retrieved from /opt/airflow/dags/create_dag_with_python_operator.py
[2024-09-20T22:04:06.606+0000] {processor.py:208} INFO - Processing /opt/airflow/dags/create_dag_with_python_operator.py took 1.680 seconds
[2024-09-20T22:04:11.048+0000] {processor.py:186} INFO - Started process (PID=1902) to work on /opt/airflow/dags/create_dag_with_python_operator.py
[2024-09-20T22:04:11.051+0000] {processor.py:914} INFO - Processing file /opt/airflow/dags/create_dag_with_python_operator.py for tasks to queue
[2024-09-20T22:04:11.057+0000] {logging_mixin.py:190} INFO - [2024-09-20T22:04:11.056+0000] {dagbag.py:587} INFO - Filling up the DagBag from /opt/airflow/dags/create_dag_with_python_operator.py
[2024-09-20T22:04:12.045+0000] {processor.py:925} INFO - DAG(s) 'python_operator_v2' retrieved from /opt/airflow/dags/create_dag_with_python_operator.py
[2024-09-20T22:04:12.146+0000] {logging_mixin.py:190} INFO - [2024-09-20T22:04:12.144+0000] {dag.py:3229} INFO - Sync 1 DAGs
[2024-09-20T22:04:12.231+0000] {logging_mixin.py:190} INFO - [2024-09-20T22:04:12.231+0000] {dag.py:4156} INFO - Setting next_dagrun for python_operator_v2 to 2024-09-21 00:00:00+00:00, run_after=2024-09-22 00:00:00+00:00
[2024-09-20T22:04:12.897+0000] {processor.py:208} INFO - Processing /opt/airflow/dags/create_dag_with_python_operator.py took 1.860 seconds
[2024-09-20T22:04:15.062+0000] {processor.py:186} INFO - Started process (PID=1907) to work on /opt/airflow/dags/create_dag_with_python_operator.py
[2024-09-20T22:04:15.069+0000] {processor.py:914} INFO - Processing file /opt/airflow/dags/create_dag_with_python_operator.py for tasks to queue
[2024-09-20T22:04:15.076+0000] {logging_mixin.py:190} INFO - [2024-09-20T22:04:15.075+0000] {dagbag.py:587} INFO - Filling up the DagBag from /opt/airflow/dags/create_dag_with_python_operator.py
[2024-09-20T22:04:15.352+0000] {processor.py:925} INFO - DAG(s) 'python_operator_v3' retrieved from /opt/airflow/dags/create_dag_with_python_operator.py
[2024-09-20T22:04:15.700+0000] {logging_mixin.py:190} INFO - [2024-09-20T22:04:15.696+0000] {override.py:1900} INFO - Created Permission View: can delete on DAG:python_operator_v3
[2024-09-20T22:04:15.740+0000] {logging_mixin.py:190} INFO - [2024-09-20T22:04:15.739+0000] {override.py:1900} INFO - Created Permission View: can read on DAG:python_operator_v3
[2024-09-20T22:04:15.765+0000] {logging_mixin.py:190} INFO - [2024-09-20T22:04:15.764+0000] {override.py:1900} INFO - Created Permission View: can edit on DAG:python_operator_v3
[2024-09-20T22:04:15.791+0000] {logging_mixin.py:190} INFO - [2024-09-20T22:04:15.790+0000] {override.py:1900} INFO - Created Permission View: can create on DAG Run:python_operator_v3
[2024-09-20T22:04:15.822+0000] {logging_mixin.py:190} INFO - [2024-09-20T22:04:15.821+0000] {override.py:1900} INFO - Created Permission View: can delete on DAG Run:python_operator_v3
[2024-09-20T22:04:15.852+0000] {logging_mixin.py:190} INFO - [2024-09-20T22:04:15.851+0000] {override.py:1900} INFO - Created Permission View: can read on DAG Run:python_operator_v3
[2024-09-20T22:04:15.874+0000] {logging_mixin.py:190} INFO - [2024-09-20T22:04:15.873+0000] {override.py:1900} INFO - Created Permission View: menu access on DAG Run:python_operator_v3
[2024-09-20T22:04:15.878+0000] {logging_mixin.py:190} INFO - [2024-09-20T22:04:15.877+0000] {dag.py:3229} INFO - Sync 1 DAGs
[2024-09-20T22:04:16.244+0000] {logging_mixin.py:190} INFO - [2024-09-20T22:04:16.243+0000] {dag.py:3252} INFO - Creating ORM DAG for python_operator_v3
[2024-09-20T22:04:16.273+0000] {logging_mixin.py:190} INFO - [2024-09-20T22:04:16.273+0000] {dag.py:4156} INFO - Setting next_dagrun for python_operator_v3 to 2024-09-21 00:00:00+00:00, run_after=2024-09-22 00:00:00+00:00
[2024-09-20T22:04:16.374+0000] {processor.py:208} INFO - Processing /opt/airflow/dags/create_dag_with_python_operator.py took 1.335 seconds
[2024-09-20T22:04:26.185+0000] {processor.py:186} INFO - Started process (PID=1915) to work on /opt/airflow/dags/create_dag_with_python_operator.py
[2024-09-20T22:04:26.188+0000] {processor.py:914} INFO - Processing file /opt/airflow/dags/create_dag_with_python_operator.py for tasks to queue
[2024-09-20T22:04:26.193+0000] {logging_mixin.py:190} INFO - [2024-09-20T22:04:26.192+0000] {dagbag.py:587} INFO - Filling up the DagBag from /opt/airflow/dags/create_dag_with_python_operator.py
[2024-09-20T22:04:26.746+0000] {logging_mixin.py:190} INFO - [2024-09-20T22:04:26.648+0000] {dagbag.py:386} ERROR - Failed to import: /opt/airflow/dags/create_dag_with_python_operator.py
Traceback (most recent call last):
  File "/home/airflow/.local/lib/python3.12/site-packages/airflow/models/dagbag.py", line 382, in parse
    loader.exec_module(new_module)
  File "<frozen importlib._bootstrap_external>", line 995, in exec_module
  File "<frozen importlib._bootstrap>", line 488, in _call_with_frames_removed
  File "/opt/airflow/dags/create_dag_with_python_operator.py", line 39, in <module>
    task2 = Pyt
            ^^^
NameError: name 'Pyt' is not defined
[2024-09-20T22:04:26.756+0000] {processor.py:927} WARNING - No viable dags retrieved from /opt/airflow/dags/create_dag_with_python_operator.py
[2024-09-20T22:04:26.805+0000] {processor.py:208} INFO - Processing /opt/airflow/dags/create_dag_with_python_operator.py took 0.631 seconds
[2024-09-20T22:04:28.902+0000] {processor.py:186} INFO - Started process (PID=1920) to work on /opt/airflow/dags/create_dag_with_python_operator.py
[2024-09-20T22:04:28.911+0000] {processor.py:914} INFO - Processing file /opt/airflow/dags/create_dag_with_python_operator.py for tasks to queue
[2024-09-20T22:04:28.920+0000] {logging_mixin.py:190} INFO - [2024-09-20T22:04:28.919+0000] {dagbag.py:587} INFO - Filling up the DagBag from /opt/airflow/dags/create_dag_with_python_operator.py
[2024-09-20T22:04:29.425+0000] {logging_mixin.py:190} INFO - [2024-09-20T22:04:29.302+0000] {dagbag.py:386} ERROR - Failed to import: /opt/airflow/dags/create_dag_with_python_operator.py
Traceback (most recent call last):
  File "/home/airflow/.local/lib/python3.12/site-packages/airflow/models/dagbag.py", line 382, in parse
    loader.exec_module(new_module)
  File "<frozen importlib._bootstrap_external>", line 995, in exec_module
  File "<frozen importlib._bootstrap>", line 488, in _call_with_frames_removed
  File "/opt/airflow/dags/create_dag_with_python_operator.py", line 39, in <module>
    task2 = PythonO
            ^^^^^^^
NameError: name 'PythonO' is not defined
[2024-09-20T22:04:29.441+0000] {processor.py:927} WARNING - No viable dags retrieved from /opt/airflow/dags/create_dag_with_python_operator.py
[2024-09-20T22:04:29.484+0000] {processor.py:208} INFO - Processing /opt/airflow/dags/create_dag_with_python_operator.py took 0.594 seconds
[2024-09-20T22:04:33.400+0000] {processor.py:186} INFO - Started process (PID=1930) to work on /opt/airflow/dags/create_dag_with_python_operator.py
[2024-09-20T22:04:33.818+0000] {processor.py:914} INFO - Processing file /opt/airflow/dags/create_dag_with_python_operator.py for tasks to queue
[2024-09-20T22:04:33.839+0000] {logging_mixin.py:190} INFO - [2024-09-20T22:04:33.838+0000] {dagbag.py:587} INFO - Filling up the DagBag from /opt/airflow/dags/create_dag_with_python_operator.py
[2024-09-20T22:04:35.142+0000] {logging_mixin.py:190} INFO - [2024-09-20T22:04:34.990+0000] {dagbag.py:386} ERROR - Failed to import: /opt/airflow/dags/create_dag_with_python_operator.py
Traceback (most recent call last):
  File "/home/airflow/.local/lib/python3.12/site-packages/airflow/models/dagbag.py", line 382, in parse
    loader.exec_module(new_module)
  File "<frozen importlib._bootstrap_external>", line 995, in exec_module
  File "<frozen importlib._bootstrap>", line 488, in _call_with_frames_removed
  File "/opt/airflow/dags/create_dag_with_python_operator.py", line 40, in <module>
    task_id
NameError: name 'task_id' is not defined
[2024-09-20T22:04:35.271+0000] {processor.py:927} WARNING - No viable dags retrieved from /opt/airflow/dags/create_dag_with_python_operator.py
[2024-09-20T22:04:35.352+0000] {processor.py:208} INFO - Processing /opt/airflow/dags/create_dag_with_python_operator.py took 1.974 seconds
[2024-09-20T22:04:46.699+0000] {processor.py:186} INFO - Started process (PID=1935) to work on /opt/airflow/dags/create_dag_with_python_operator.py
[2024-09-20T22:04:46.730+0000] {processor.py:914} INFO - Processing file /opt/airflow/dags/create_dag_with_python_operator.py for tasks to queue
[2024-09-20T22:04:46.775+0000] {logging_mixin.py:190} INFO - [2024-09-20T22:04:46.774+0000] {dagbag.py:587} INFO - Filling up the DagBag from /opt/airflow/dags/create_dag_with_python_operator.py
[2024-09-20T22:04:48.381+0000] {logging_mixin.py:190} INFO - [2024-09-20T22:04:48.379+0000] {dagbag.py:386} ERROR - Failed to import: /opt/airflow/dags/create_dag_with_python_operator.py
Traceback (most recent call last):
  File "/home/airflow/.local/lib/python3.12/site-packages/airflow/models/dagbag.py", line 382, in parse
    loader.exec_module(new_module)
  File "<frozen importlib._bootstrap_external>", line 991, in exec_module
  File "<frozen importlib._bootstrap_external>", line 1129, in get_code
  File "<frozen importlib._bootstrap_external>", line 1059, in source_to_code
  File "<frozen importlib._bootstrap>", line 488, in _call_with_frames_removed
  File "/opt/airflow/dags/create_dag_with_python_operator.py", line 40
    task_id='get_name'
            ^^^^^^^
SyntaxError: invalid syntax. Perhaps you forgot a comma?
[2024-09-20T22:04:48.400+0000] {processor.py:927} WARNING - No viable dags retrieved from /opt/airflow/dags/create_dag_with_python_operator.py
[2024-09-20T22:04:48.455+0000] {processor.py:208} INFO - Processing /opt/airflow/dags/create_dag_with_python_operator.py took 1.765 seconds
[2024-09-20T22:04:53.087+0000] {processor.py:186} INFO - Started process (PID=1943) to work on /opt/airflow/dags/create_dag_with_python_operator.py
[2024-09-20T22:04:53.144+0000] {processor.py:914} INFO - Processing file /opt/airflow/dags/create_dag_with_python_operator.py for tasks to queue
[2024-09-20T22:04:53.169+0000] {logging_mixin.py:190} INFO - [2024-09-20T22:04:53.168+0000] {dagbag.py:587} INFO - Filling up the DagBag from /opt/airflow/dags/create_dag_with_python_operator.py
[2024-09-20T22:04:53.801+0000] {processor.py:925} INFO - DAG(s) 'python_operator_v3' retrieved from /opt/airflow/dags/create_dag_with_python_operator.py
[2024-09-20T22:04:53.996+0000] {logging_mixin.py:190} INFO - [2024-09-20T22:04:53.996+0000] {dag.py:3229} INFO - Sync 1 DAGs
[2024-09-20T22:04:54.301+0000] {logging_mixin.py:190} INFO - [2024-09-20T22:04:54.301+0000] {dag.py:4156} INFO - Setting next_dagrun for python_operator_v3 to 2024-09-21 00:00:00+00:00, run_after=2024-09-22 00:00:00+00:00
[2024-09-20T22:04:54.452+0000] {processor.py:208} INFO - Processing /opt/airflow/dags/create_dag_with_python_operator.py took 1.398 seconds
[2024-09-20T22:05:14.103+0000] {processor.py:186} INFO - Started process (PID=1953) to work on /opt/airflow/dags/create_dag_with_python_operator.py
[2024-09-20T22:05:14.105+0000] {processor.py:914} INFO - Processing file /opt/airflow/dags/create_dag_with_python_operator.py for tasks to queue
[2024-09-20T22:05:14.109+0000] {logging_mixin.py:190} INFO - [2024-09-20T22:05:14.108+0000] {dagbag.py:587} INFO - Filling up the DagBag from /opt/airflow/dags/create_dag_with_python_operator.py
[2024-09-20T22:05:14.294+0000] {processor.py:925} INFO - DAG(s) 'python_operator_v3' retrieved from /opt/airflow/dags/create_dag_with_python_operator.py
[2024-09-20T22:05:14.328+0000] {logging_mixin.py:190} INFO - [2024-09-20T22:05:14.327+0000] {dag.py:3229} INFO - Sync 1 DAGs
[2024-09-20T22:05:14.410+0000] {logging_mixin.py:190} INFO - [2024-09-20T22:05:14.410+0000] {dag.py:4156} INFO - Setting next_dagrun for python_operator_v3 to 2024-09-21 00:00:00+00:00, run_after=2024-09-22 00:00:00+00:00
[2024-09-20T22:05:14.516+0000] {processor.py:208} INFO - Processing /opt/airflow/dags/create_dag_with_python_operator.py took 0.421 seconds
[2024-09-20T22:05:44.344+0000] {processor.py:186} INFO - Started process (PID=1966) to work on /opt/airflow/dags/create_dag_with_python_operator.py
[2024-09-20T22:05:44.363+0000] {processor.py:914} INFO - Processing file /opt/airflow/dags/create_dag_with_python_operator.py for tasks to queue
[2024-09-20T22:05:44.404+0000] {logging_mixin.py:190} INFO - [2024-09-20T22:05:44.403+0000] {dagbag.py:587} INFO - Filling up the DagBag from /opt/airflow/dags/create_dag_with_python_operator.py
[2024-09-20T22:05:46.110+0000] {processor.py:925} INFO - DAG(s) 'python_operator_v3' retrieved from /opt/airflow/dags/create_dag_with_python_operator.py
[2024-09-20T22:05:46.687+0000] {logging_mixin.py:190} INFO - [2024-09-20T22:05:46.687+0000] {dag.py:3229} INFO - Sync 1 DAGs
[2024-09-20T22:05:46.772+0000] {logging_mixin.py:190} INFO - [2024-09-20T22:05:46.771+0000] {dag.py:4156} INFO - Setting next_dagrun for python_operator_v3 to 2024-09-21 00:00:00+00:00, run_after=2024-09-22 00:00:00+00:00
[2024-09-20T22:05:47.013+0000] {processor.py:208} INFO - Processing /opt/airflow/dags/create_dag_with_python_operator.py took 2.687 seconds
[2024-09-20T22:06:17.466+0000] {processor.py:186} INFO - Started process (PID=1982) to work on /opt/airflow/dags/create_dag_with_python_operator.py
[2024-09-20T22:06:17.468+0000] {processor.py:914} INFO - Processing file /opt/airflow/dags/create_dag_with_python_operator.py for tasks to queue
[2024-09-20T22:06:17.474+0000] {logging_mixin.py:190} INFO - [2024-09-20T22:06:17.474+0000] {dagbag.py:587} INFO - Filling up the DagBag from /opt/airflow/dags/create_dag_with_python_operator.py
[2024-09-20T22:06:17.571+0000] {processor.py:925} INFO - DAG(s) 'python_operator_v3' retrieved from /opt/airflow/dags/create_dag_with_python_operator.py
[2024-09-20T22:06:17.604+0000] {logging_mixin.py:190} INFO - [2024-09-20T22:06:17.603+0000] {dag.py:3229} INFO - Sync 1 DAGs
[2024-09-20T22:06:17.636+0000] {logging_mixin.py:190} INFO - [2024-09-20T22:06:17.636+0000] {dag.py:4156} INFO - Setting next_dagrun for python_operator_v3 to 2024-09-21 00:00:00+00:00, run_after=2024-09-22 00:00:00+00:00
[2024-09-20T22:06:17.671+0000] {processor.py:208} INFO - Processing /opt/airflow/dags/create_dag_with_python_operator.py took 0.214 seconds
[2024-09-20T22:06:48.302+0000] {processor.py:186} INFO - Started process (PID=1995) to work on /opt/airflow/dags/create_dag_with_python_operator.py
[2024-09-20T22:06:48.303+0000] {processor.py:914} INFO - Processing file /opt/airflow/dags/create_dag_with_python_operator.py for tasks to queue
[2024-09-20T22:06:48.305+0000] {logging_mixin.py:190} INFO - [2024-09-20T22:06:48.305+0000] {dagbag.py:587} INFO - Filling up the DagBag from /opt/airflow/dags/create_dag_with_python_operator.py
[2024-09-20T22:06:48.403+0000] {processor.py:925} INFO - DAG(s) 'python_operator_v3' retrieved from /opt/airflow/dags/create_dag_with_python_operator.py
[2024-09-20T22:06:48.439+0000] {logging_mixin.py:190} INFO - [2024-09-20T22:06:48.439+0000] {dag.py:3229} INFO - Sync 1 DAGs
[2024-09-20T22:06:48.472+0000] {logging_mixin.py:190} INFO - [2024-09-20T22:06:48.471+0000] {dag.py:4156} INFO - Setting next_dagrun for python_operator_v3 to 2024-09-21 00:00:00+00:00, run_after=2024-09-22 00:00:00+00:00
[2024-09-20T22:06:48.646+0000] {processor.py:208} INFO - Processing /opt/airflow/dags/create_dag_with_python_operator.py took 0.351 seconds
[2024-09-20T22:06:52.046+0000] {processor.py:186} INFO - Started process (PID=2000) to work on /opt/airflow/dags/create_dag_with_python_operator.py
[2024-09-20T22:06:52.048+0000] {processor.py:914} INFO - Processing file /opt/airflow/dags/create_dag_with_python_operator.py for tasks to queue
[2024-09-20T22:06:52.051+0000] {logging_mixin.py:190} INFO - [2024-09-20T22:06:52.051+0000] {dagbag.py:587} INFO - Filling up the DagBag from /opt/airflow/dags/create_dag_with_python_operator.py
[2024-09-20T22:06:52.168+0000] {logging_mixin.py:190} INFO - [2024-09-20T22:06:52.165+0000] {dagbag.py:386} ERROR - Failed to import: /opt/airflow/dags/create_dag_with_python_operator.py
Traceback (most recent call last):
  File "/home/airflow/.local/lib/python3.12/site-packages/airflow/models/dagbag.py", line 382, in parse
    loader.exec_module(new_module)
  File "<frozen importlib._bootstrap_external>", line 991, in exec_module
  File "<frozen importlib._bootstrap_external>", line 1129, in get_code
  File "<frozen importlib._bootstrap_external>", line 1059, in source_to_code
  File "<frozen importlib._bootstrap>", line 488, in _call_with_frames_removed
  File "/opt/airflow/dags/create_dag_with_python_operator.py", line 27
    def greet_xoms()
                    ^
SyntaxError: expected ':'
[2024-09-20T22:06:52.170+0000] {processor.py:927} WARNING - No viable dags retrieved from /opt/airflow/dags/create_dag_with_python_operator.py
[2024-09-20T22:06:52.206+0000] {processor.py:208} INFO - Processing /opt/airflow/dags/create_dag_with_python_operator.py took 0.166 seconds
[2024-09-20T22:06:57.263+0000] {processor.py:186} INFO - Started process (PID=2008) to work on /opt/airflow/dags/create_dag_with_python_operator.py
[2024-09-20T22:06:57.264+0000] {processor.py:914} INFO - Processing file /opt/airflow/dags/create_dag_with_python_operator.py for tasks to queue
[2024-09-20T22:06:57.268+0000] {logging_mixin.py:190} INFO - [2024-09-20T22:06:57.268+0000] {dagbag.py:587} INFO - Filling up the DagBag from /opt/airflow/dags/create_dag_with_python_operator.py
[2024-09-20T22:06:57.388+0000] {logging_mixin.py:190} INFO - [2024-09-20T22:06:57.385+0000] {dagbag.py:386} ERROR - Failed to import: /opt/airflow/dags/create_dag_with_python_operator.py
Traceback (most recent call last):
  File "/home/airflow/.local/lib/python3.12/site-packages/airflow/models/dagbag.py", line 382, in parse
    loader.exec_module(new_module)
  File "<frozen importlib._bootstrap_external>", line 991, in exec_module
  File "<frozen importlib._bootstrap_external>", line 1129, in get_code
  File "<frozen importlib._bootstrap_external>", line 1059, in source_to_code
  File "<frozen importlib._bootstrap>", line 488, in _call_with_frames_removed
  File "/opt/airflow/dags/create_dag_with_python_operator.py", line 27
    def greet_xoms(age, ti)
                           ^
SyntaxError: expected ':'
[2024-09-20T22:06:57.389+0000] {processor.py:927} WARNING - No viable dags retrieved from /opt/airflow/dags/create_dag_with_python_operator.py
[2024-09-20T22:06:57.414+0000] {processor.py:208} INFO - Processing /opt/airflow/dags/create_dag_with_python_operator.py took 0.159 seconds
[2024-09-20T22:07:00.612+0000] {processor.py:186} INFO - Started process (PID=2013) to work on /opt/airflow/dags/create_dag_with_python_operator.py
[2024-09-20T22:07:00.615+0000] {processor.py:914} INFO - Processing file /opt/airflow/dags/create_dag_with_python_operator.py for tasks to queue
[2024-09-20T22:07:00.618+0000] {logging_mixin.py:190} INFO - [2024-09-20T22:07:00.617+0000] {dagbag.py:587} INFO - Filling up the DagBag from /opt/airflow/dags/create_dag_with_python_operator.py
[2024-09-20T22:07:00.768+0000] {logging_mixin.py:190} INFO - [2024-09-20T22:07:00.766+0000] {dagbag.py:386} ERROR - Failed to import: /opt/airflow/dags/create_dag_with_python_operator.py
Traceback (most recent call last):
  File "/home/airflow/.local/lib/python3.12/site-packages/airflow/models/dagbag.py", line 382, in parse
    loader.exec_module(new_module)
  File "<frozen importlib._bootstrap_external>", line 991, in exec_module
  File "<frozen importlib._bootstrap_external>", line 1129, in get_code
  File "<frozen importlib._bootstrap_external>", line 1059, in source_to_code
  File "<frozen importlib._bootstrap>", line 488, in _call_with_frames_removed
  File "/opt/airflow/dags/create_dag_with_python_operator.py", line 27
    def greet_xoms(age, tasi)
                             ^
SyntaxError: expected ':'
[2024-09-20T22:07:00.769+0000] {processor.py:927} WARNING - No viable dags retrieved from /opt/airflow/dags/create_dag_with_python_operator.py
[2024-09-20T22:07:00.801+0000] {processor.py:208} INFO - Processing /opt/airflow/dags/create_dag_with_python_operator.py took 0.196 seconds
[2024-09-20T22:07:01.783+0000] {processor.py:186} INFO - Started process (PID=2018) to work on /opt/airflow/dags/create_dag_with_python_operator.py
[2024-09-20T22:07:01.785+0000] {processor.py:914} INFO - Processing file /opt/airflow/dags/create_dag_with_python_operator.py for tasks to queue
[2024-09-20T22:07:01.787+0000] {logging_mixin.py:190} INFO - [2024-09-20T22:07:01.787+0000] {dagbag.py:587} INFO - Filling up the DagBag from /opt/airflow/dags/create_dag_with_python_operator.py
[2024-09-20T22:07:01.929+0000] {logging_mixin.py:190} INFO - [2024-09-20T22:07:01.927+0000] {dagbag.py:386} ERROR - Failed to import: /opt/airflow/dags/create_dag_with_python_operator.py
Traceback (most recent call last):
  File "/home/airflow/.local/lib/python3.12/site-packages/airflow/models/dagbag.py", line 382, in parse
    loader.exec_module(new_module)
  File "<frozen importlib._bootstrap_external>", line 991, in exec_module
  File "<frozen importlib._bootstrap_external>", line 1129, in get_code
  File "<frozen importlib._bootstrap_external>", line 1059, in source_to_code
  File "<frozen importlib._bootstrap>", line 488, in _call_with_frames_removed
  File "/opt/airflow/dags/create_dag_with_python_operator.py", line 27
    def greet_xoms(age, taski)
                              ^
SyntaxError: expected ':'
[2024-09-20T22:07:01.931+0000] {processor.py:927} WARNING - No viable dags retrieved from /opt/airflow/dags/create_dag_with_python_operator.py
[2024-09-20T22:07:01.965+0000] {processor.py:208} INFO - Processing /opt/airflow/dags/create_dag_with_python_operator.py took 0.188 seconds
[2024-09-20T22:07:05.196+0000] {processor.py:186} INFO - Started process (PID=2023) to work on /opt/airflow/dags/create_dag_with_python_operator.py
[2024-09-20T22:07:05.197+0000] {processor.py:914} INFO - Processing file /opt/airflow/dags/create_dag_with_python_operator.py for tasks to queue
[2024-09-20T22:07:05.199+0000] {logging_mixin.py:190} INFO - [2024-09-20T22:07:05.199+0000] {dagbag.py:587} INFO - Filling up the DagBag from /opt/airflow/dags/create_dag_with_python_operator.py
[2024-09-20T22:07:05.303+0000] {logging_mixin.py:190} INFO - [2024-09-20T22:07:05.302+0000] {dagbag.py:386} ERROR - Failed to import: /opt/airflow/dags/create_dag_with_python_operator.py
Traceback (most recent call last):
  File "/home/airflow/.local/lib/python3.12/site-packages/airflow/models/dagbag.py", line 382, in parse
    loader.exec_module(new_module)
  File "<frozen importlib._bootstrap_external>", line 991, in exec_module
  File "<frozen importlib._bootstrap_external>", line 1129, in get_code
  File "<frozen importlib._bootstrap_external>", line 1059, in source_to_code
  File "<frozen importlib._bootstrap>", line 488, in _call_with_frames_removed
  File "/opt/airflow/dags/create_dag_with_python_operator.py", line 28
    def greet_xoms(age, ti)
                           ^
SyntaxError: expected ':'
[2024-09-20T22:07:05.304+0000] {processor.py:927} WARNING - No viable dags retrieved from /opt/airflow/dags/create_dag_with_python_operator.py
[2024-09-20T22:07:05.331+0000] {processor.py:208} INFO - Processing /opt/airflow/dags/create_dag_with_python_operator.py took 0.141 seconds
[2024-09-20T22:07:09.320+0000] {processor.py:186} INFO - Started process (PID=2033) to work on /opt/airflow/dags/create_dag_with_python_operator.py
[2024-09-20T22:07:09.322+0000] {processor.py:914} INFO - Processing file /opt/airflow/dags/create_dag_with_python_operator.py for tasks to queue
[2024-09-20T22:07:09.325+0000] {logging_mixin.py:190} INFO - [2024-09-20T22:07:09.324+0000] {dagbag.py:587} INFO - Filling up the DagBag from /opt/airflow/dags/create_dag_with_python_operator.py
[2024-09-20T22:07:09.675+0000] {logging_mixin.py:190} INFO - [2024-09-20T22:07:09.673+0000] {dagbag.py:386} ERROR - Failed to import: /opt/airflow/dags/create_dag_with_python_operator.py
Traceback (most recent call last):
  File "/home/airflow/.local/lib/python3.12/site-packages/airflow/models/dagbag.py", line 382, in parse
    loader.exec_module(new_module)
  File "<frozen importlib._bootstrap_external>", line 991, in exec_module
  File "<frozen importlib._bootstrap_external>", line 1129, in get_code
  File "<frozen importlib._bootstrap_external>", line 1059, in source_to_code
  File "<frozen importlib._bootstrap>", line 488, in _call_with_frames_removed
  File "/opt/airflow/dags/create_dag_with_python_operator.py", line 28
    def greet_xoms(age, ti)
                           ^
SyntaxError: expected ':'
[2024-09-20T22:07:09.677+0000] {processor.py:927} WARNING - No viable dags retrieved from /opt/airflow/dags/create_dag_with_python_operator.py
[2024-09-20T22:07:09.711+0000] {processor.py:208} INFO - Processing /opt/airflow/dags/create_dag_with_python_operator.py took 0.400 seconds
[2024-09-20T22:07:12.321+0000] {processor.py:186} INFO - Started process (PID=2038) to work on /opt/airflow/dags/create_dag_with_python_operator.py
[2024-09-20T22:07:12.324+0000] {processor.py:914} INFO - Processing file /opt/airflow/dags/create_dag_with_python_operator.py for tasks to queue
[2024-09-20T22:07:12.330+0000] {logging_mixin.py:190} INFO - [2024-09-20T22:07:12.329+0000] {dagbag.py:587} INFO - Filling up the DagBag from /opt/airflow/dags/create_dag_with_python_operator.py
[2024-09-20T22:07:12.704+0000] {logging_mixin.py:190} INFO - [2024-09-20T22:07:12.702+0000] {dagbag.py:386} ERROR - Failed to import: /opt/airflow/dags/create_dag_with_python_operator.py
Traceback (most recent call last):
  File "/home/airflow/.local/lib/python3.12/site-packages/airflow/models/dagbag.py", line 382, in parse
    loader.exec_module(new_module)
  File "<frozen importlib._bootstrap_external>", line 991, in exec_module
  File "<frozen importlib._bootstrap_external>", line 1129, in get_code
  File "<frozen importlib._bootstrap_external>", line 1059, in source_to_code
  File "<frozen importlib._bootstrap>", line 488, in _call_with_frames_removed
  File "/opt/airflow/dags/create_dag_with_python_operator.py", line 31
    with DAG(
    ^^^^
IndentationError: expected an indented block after function definition on line 28
[2024-09-20T22:07:12.709+0000] {processor.py:927} WARNING - No viable dags retrieved from /opt/airflow/dags/create_dag_with_python_operator.py
[2024-09-20T22:07:12.743+0000] {processor.py:208} INFO - Processing /opt/airflow/dags/create_dag_with_python_operator.py took 0.444 seconds
[2024-09-20T22:07:25.837+0000] {processor.py:186} INFO - Started process (PID=2046) to work on /opt/airflow/dags/create_dag_with_python_operator.py
[2024-09-20T22:07:25.841+0000] {processor.py:914} INFO - Processing file /opt/airflow/dags/create_dag_with_python_operator.py for tasks to queue
[2024-09-20T22:07:25.846+0000] {logging_mixin.py:190} INFO - [2024-09-20T22:07:25.845+0000] {dagbag.py:587} INFO - Filling up the DagBag from /opt/airflow/dags/create_dag_with_python_operator.py
[2024-09-20T22:07:26.324+0000] {processor.py:925} INFO - DAG(s) 'python_operator_v3' retrieved from /opt/airflow/dags/create_dag_with_python_operator.py
[2024-09-20T22:07:26.377+0000] {logging_mixin.py:190} INFO - [2024-09-20T22:07:26.376+0000] {dag.py:3229} INFO - Sync 1 DAGs
[2024-09-20T22:07:26.442+0000] {logging_mixin.py:190} INFO - [2024-09-20T22:07:26.442+0000] {dag.py:4156} INFO - Setting next_dagrun for python_operator_v3 to 2024-09-21 00:00:00+00:00, run_after=2024-09-22 00:00:00+00:00
[2024-09-20T22:07:26.535+0000] {processor.py:208} INFO - Processing /opt/airflow/dags/create_dag_with_python_operator.py took 0.717 seconds
[2024-09-20T22:07:29.122+0000] {processor.py:186} INFO - Started process (PID=2051) to work on /opt/airflow/dags/create_dag_with_python_operator.py
[2024-09-20T22:07:29.123+0000] {processor.py:914} INFO - Processing file /opt/airflow/dags/create_dag_with_python_operator.py for tasks to queue
[2024-09-20T22:07:29.126+0000] {logging_mixin.py:190} INFO - [2024-09-20T22:07:29.126+0000] {dagbag.py:587} INFO - Filling up the DagBag from /opt/airflow/dags/create_dag_with_python_operator.py
[2024-09-20T22:07:29.274+0000] {processor.py:925} INFO - DAG(s) 'python_operator_v3' retrieved from /opt/airflow/dags/create_dag_with_python_operator.py
[2024-09-20T22:07:29.322+0000] {logging_mixin.py:190} INFO - [2024-09-20T22:07:29.321+0000] {dag.py:3229} INFO - Sync 1 DAGs
[2024-09-20T22:07:29.376+0000] {logging_mixin.py:190} INFO - [2024-09-20T22:07:29.376+0000] {dag.py:4156} INFO - Setting next_dagrun for python_operator_v3 to 2024-09-21 00:00:00+00:00, run_after=2024-09-22 00:00:00+00:00
[2024-09-20T22:07:29.474+0000] {processor.py:208} INFO - Processing /opt/airflow/dags/create_dag_with_python_operator.py took 0.358 seconds
[2024-09-20T22:07:30.423+0000] {processor.py:186} INFO - Started process (PID=2056) to work on /opt/airflow/dags/create_dag_with_python_operator.py
[2024-09-20T22:07:30.425+0000] {processor.py:914} INFO - Processing file /opt/airflow/dags/create_dag_with_python_operator.py for tasks to queue
[2024-09-20T22:07:30.428+0000] {logging_mixin.py:190} INFO - [2024-09-20T22:07:30.427+0000] {dagbag.py:587} INFO - Filling up the DagBag from /opt/airflow/dags/create_dag_with_python_operator.py
[2024-09-20T22:07:30.614+0000] {processor.py:925} INFO - DAG(s) 'python_operator_v3' retrieved from /opt/airflow/dags/create_dag_with_python_operator.py
[2024-09-20T22:07:30.647+0000] {logging_mixin.py:190} INFO - [2024-09-20T22:07:30.646+0000] {dag.py:3229} INFO - Sync 1 DAGs
[2024-09-20T22:07:30.699+0000] {logging_mixin.py:190} INFO - [2024-09-20T22:07:30.698+0000] {dag.py:4156} INFO - Setting next_dagrun for python_operator_v3 to 2024-09-21 00:00:00+00:00, run_after=2024-09-22 00:00:00+00:00
[2024-09-20T22:07:30.759+0000] {processor.py:208} INFO - Processing /opt/airflow/dags/create_dag_with_python_operator.py took 0.343 seconds
[2024-09-20T22:07:33.890+0000] {processor.py:186} INFO - Started process (PID=2061) to work on /opt/airflow/dags/create_dag_with_python_operator.py
[2024-09-20T22:07:33.892+0000] {processor.py:914} INFO - Processing file /opt/airflow/dags/create_dag_with_python_operator.py for tasks to queue
[2024-09-20T22:07:33.897+0000] {logging_mixin.py:190} INFO - [2024-09-20T22:07:33.896+0000] {dagbag.py:587} INFO - Filling up the DagBag from /opt/airflow/dags/create_dag_with_python_operator.py
[2024-09-20T22:07:34.219+0000] {processor.py:925} INFO - DAG(s) 'python_operator_v3' retrieved from /opt/airflow/dags/create_dag_with_python_operator.py
[2024-09-20T22:07:34.283+0000] {logging_mixin.py:190} INFO - [2024-09-20T22:07:34.282+0000] {dag.py:3229} INFO - Sync 1 DAGs
[2024-09-20T22:07:34.371+0000] {logging_mixin.py:190} INFO - [2024-09-20T22:07:34.371+0000] {dag.py:4156} INFO - Setting next_dagrun for python_operator_v3 to 2024-09-21 00:00:00+00:00, run_after=2024-09-22 00:00:00+00:00
[2024-09-20T22:07:34.464+0000] {processor.py:208} INFO - Processing /opt/airflow/dags/create_dag_with_python_operator.py took 0.586 seconds
[2024-09-20T22:07:35.934+0000] {processor.py:186} INFO - Started process (PID=2066) to work on /opt/airflow/dags/create_dag_with_python_operator.py
[2024-09-20T22:07:35.936+0000] {processor.py:914} INFO - Processing file /opt/airflow/dags/create_dag_with_python_operator.py for tasks to queue
[2024-09-20T22:07:35.940+0000] {logging_mixin.py:190} INFO - [2024-09-20T22:07:35.939+0000] {dagbag.py:587} INFO - Filling up the DagBag from /opt/airflow/dags/create_dag_with_python_operator.py
[2024-09-20T22:07:36.198+0000] {processor.py:925} INFO - DAG(s) 'python_operator_v3' retrieved from /opt/airflow/dags/create_dag_with_python_operator.py
[2024-09-20T22:07:36.285+0000] {logging_mixin.py:190} INFO - [2024-09-20T22:07:36.284+0000] {dag.py:3229} INFO - Sync 1 DAGs
[2024-09-20T22:07:36.387+0000] {logging_mixin.py:190} INFO - [2024-09-20T22:07:36.386+0000] {dag.py:4156} INFO - Setting next_dagrun for python_operator_v3 to 2024-09-21 00:00:00+00:00, run_after=2024-09-22 00:00:00+00:00
[2024-09-20T22:07:36.495+0000] {processor.py:208} INFO - Processing /opt/airflow/dags/create_dag_with_python_operator.py took 0.574 seconds
[2024-09-20T22:08:06.535+0000] {processor.py:186} INFO - Started process (PID=2079) to work on /opt/airflow/dags/create_dag_with_python_operator.py
[2024-09-20T22:08:06.541+0000] {processor.py:914} INFO - Processing file /opt/airflow/dags/create_dag_with_python_operator.py for tasks to queue
[2024-09-20T22:08:06.547+0000] {logging_mixin.py:190} INFO - [2024-09-20T22:08:06.547+0000] {dagbag.py:587} INFO - Filling up the DagBag from /opt/airflow/dags/create_dag_with_python_operator.py
[2024-09-20T22:08:07.592+0000] {processor.py:925} INFO - DAG(s) 'python_operator_v3' retrieved from /opt/airflow/dags/create_dag_with_python_operator.py
[2024-09-20T22:08:07.663+0000] {logging_mixin.py:190} INFO - [2024-09-20T22:08:07.663+0000] {dag.py:3229} INFO - Sync 1 DAGs
[2024-09-20T22:08:07.739+0000] {logging_mixin.py:190} INFO - [2024-09-20T22:08:07.738+0000] {dag.py:4156} INFO - Setting next_dagrun for python_operator_v3 to 2024-09-21 00:00:00+00:00, run_after=2024-09-22 00:00:00+00:00
[2024-09-20T22:08:07.852+0000] {processor.py:208} INFO - Processing /opt/airflow/dags/create_dag_with_python_operator.py took 1.326 seconds
[2024-09-20T22:08:19.773+0000] {processor.py:186} INFO - Started process (PID=2089) to work on /opt/airflow/dags/create_dag_with_python_operator.py
[2024-09-20T22:08:19.815+0000] {processor.py:914} INFO - Processing file /opt/airflow/dags/create_dag_with_python_operator.py for tasks to queue
[2024-09-20T22:08:19.847+0000] {logging_mixin.py:190} INFO - [2024-09-20T22:08:19.846+0000] {dagbag.py:587} INFO - Filling up the DagBag from /opt/airflow/dags/create_dag_with_python_operator.py
[2024-09-20T22:08:20.786+0000] {processor.py:925} INFO - DAG(s) 'python_operator_v3' retrieved from /opt/airflow/dags/create_dag_with_python_operator.py
[2024-09-20T22:08:20.848+0000] {logging_mixin.py:190} INFO - [2024-09-20T22:08:20.847+0000] {dag.py:3229} INFO - Sync 1 DAGs
[2024-09-20T22:08:20.904+0000] {logging_mixin.py:190} INFO - [2024-09-20T22:08:20.904+0000] {dag.py:4156} INFO - Setting next_dagrun for python_operator_v3 to 2024-09-21 00:00:00+00:00, run_after=2024-09-22 00:00:00+00:00
[2024-09-20T22:08:21.082+0000] {processor.py:208} INFO - Processing /opt/airflow/dags/create_dag_with_python_operator.py took 1.324 seconds
[2024-09-20T22:08:31.346+0000] {processor.py:186} INFO - Started process (PID=2097) to work on /opt/airflow/dags/create_dag_with_python_operator.py
[2024-09-20T22:08:31.348+0000] {processor.py:914} INFO - Processing file /opt/airflow/dags/create_dag_with_python_operator.py for tasks to queue
[2024-09-20T22:08:31.357+0000] {logging_mixin.py:190} INFO - [2024-09-20T22:08:31.357+0000] {dagbag.py:587} INFO - Filling up the DagBag from /opt/airflow/dags/create_dag_with_python_operator.py
[2024-09-20T22:08:31.566+0000] {processor.py:925} INFO - DAG(s) 'python_operator_v3' retrieved from /opt/airflow/dags/create_dag_with_python_operator.py
[2024-09-20T22:08:31.677+0000] {logging_mixin.py:190} INFO - [2024-09-20T22:08:31.676+0000] {dag.py:3229} INFO - Sync 1 DAGs
[2024-09-20T22:08:31.755+0000] {logging_mixin.py:190} INFO - [2024-09-20T22:08:31.754+0000] {dag.py:4156} INFO - Setting next_dagrun for python_operator_v3 to 2024-09-21 00:00:00+00:00, run_after=2024-09-22 00:00:00+00:00
[2024-09-20T22:08:31.918+0000] {processor.py:208} INFO - Processing /opt/airflow/dags/create_dag_with_python_operator.py took 0.585 seconds
[2024-09-20T22:08:41.672+0000] {processor.py:186} INFO - Started process (PID=2107) to work on /opt/airflow/dags/create_dag_with_python_operator.py
[2024-09-20T22:08:41.673+0000] {processor.py:914} INFO - Processing file /opt/airflow/dags/create_dag_with_python_operator.py for tasks to queue
[2024-09-20T22:08:41.676+0000] {logging_mixin.py:190} INFO - [2024-09-20T22:08:41.676+0000] {dagbag.py:587} INFO - Filling up the DagBag from /opt/airflow/dags/create_dag_with_python_operator.py
[2024-09-20T22:08:41.965+0000] {processor.py:925} INFO - DAG(s) 'python_operator_v3' retrieved from /opt/airflow/dags/create_dag_with_python_operator.py
[2024-09-20T22:08:42.024+0000] {logging_mixin.py:190} INFO - [2024-09-20T22:08:42.023+0000] {dag.py:3229} INFO - Sync 1 DAGs
[2024-09-20T22:08:42.079+0000] {logging_mixin.py:190} INFO - [2024-09-20T22:08:42.078+0000] {dag.py:4156} INFO - Setting next_dagrun for python_operator_v3 to 2024-09-21 00:00:00+00:00, run_after=2024-09-22 00:00:00+00:00
[2024-09-20T22:08:42.210+0000] {processor.py:208} INFO - Processing /opt/airflow/dags/create_dag_with_python_operator.py took 0.552 seconds
[2024-09-20T22:08:43.055+0000] {processor.py:186} INFO - Started process (PID=2112) to work on /opt/airflow/dags/create_dag_with_python_operator.py
[2024-09-20T22:08:43.057+0000] {processor.py:914} INFO - Processing file /opt/airflow/dags/create_dag_with_python_operator.py for tasks to queue
[2024-09-20T22:08:43.059+0000] {logging_mixin.py:190} INFO - [2024-09-20T22:08:43.058+0000] {dagbag.py:587} INFO - Filling up the DagBag from /opt/airflow/dags/create_dag_with_python_operator.py
[2024-09-20T22:08:43.249+0000] {processor.py:925} INFO - DAG(s) 'python_operator_v3' retrieved from /opt/airflow/dags/create_dag_with_python_operator.py
[2024-09-20T22:08:43.289+0000] {logging_mixin.py:190} INFO - [2024-09-20T22:08:43.289+0000] {dag.py:3229} INFO - Sync 1 DAGs
[2024-09-20T22:08:43.325+0000] {logging_mixin.py:190} INFO - [2024-09-20T22:08:43.325+0000] {dag.py:4156} INFO - Setting next_dagrun for python_operator_v3 to 2024-09-21 00:00:00+00:00, run_after=2024-09-22 00:00:00+00:00
[2024-09-20T22:08:43.407+0000] {processor.py:208} INFO - Processing /opt/airflow/dags/create_dag_with_python_operator.py took 0.362 seconds
[2024-09-20T22:08:59.082+0000] {processor.py:186} INFO - Started process (PID=2120) to work on /opt/airflow/dags/create_dag_with_python_operator.py
[2024-09-20T22:08:59.085+0000] {processor.py:914} INFO - Processing file /opt/airflow/dags/create_dag_with_python_operator.py for tasks to queue
[2024-09-20T22:08:59.088+0000] {logging_mixin.py:190} INFO - [2024-09-20T22:08:59.087+0000] {dagbag.py:587} INFO - Filling up the DagBag from /opt/airflow/dags/create_dag_with_python_operator.py
[2024-09-20T22:08:59.237+0000] {processor.py:925} INFO - DAG(s) 'python_operator_v4' retrieved from /opt/airflow/dags/create_dag_with_python_operator.py
[2024-09-20T22:08:59.562+0000] {logging_mixin.py:190} INFO - [2024-09-20T22:08:59.560+0000] {override.py:1900} INFO - Created Permission View: can delete on DAG:python_operator_v4
[2024-09-20T22:08:59.585+0000] {logging_mixin.py:190} INFO - [2024-09-20T22:08:59.584+0000] {override.py:1900} INFO - Created Permission View: can read on DAG:python_operator_v4
[2024-09-20T22:08:59.604+0000] {logging_mixin.py:190} INFO - [2024-09-20T22:08:59.603+0000] {override.py:1900} INFO - Created Permission View: can edit on DAG:python_operator_v4
[2024-09-20T22:08:59.628+0000] {logging_mixin.py:190} INFO - [2024-09-20T22:08:59.627+0000] {override.py:1900} INFO - Created Permission View: can create on DAG Run:python_operator_v4
[2024-09-20T22:08:59.644+0000] {logging_mixin.py:190} INFO - [2024-09-20T22:08:59.643+0000] {override.py:1900} INFO - Created Permission View: can delete on DAG Run:python_operator_v4
[2024-09-20T22:08:59.663+0000] {logging_mixin.py:190} INFO - [2024-09-20T22:08:59.663+0000] {override.py:1900} INFO - Created Permission View: can read on DAG Run:python_operator_v4
[2024-09-20T22:08:59.681+0000] {logging_mixin.py:190} INFO - [2024-09-20T22:08:59.681+0000] {override.py:1900} INFO - Created Permission View: menu access on DAG Run:python_operator_v4
[2024-09-20T22:08:59.683+0000] {logging_mixin.py:190} INFO - [2024-09-20T22:08:59.682+0000] {dag.py:3229} INFO - Sync 1 DAGs
[2024-09-20T22:08:59.701+0000] {logging_mixin.py:190} INFO - [2024-09-20T22:08:59.701+0000] {dag.py:3252} INFO - Creating ORM DAG for python_operator_v4
[2024-09-20T22:08:59.718+0000] {logging_mixin.py:190} INFO - [2024-09-20T22:08:59.718+0000] {dag.py:4156} INFO - Setting next_dagrun for python_operator_v4 to 2024-09-21 00:00:00+00:00, run_after=2024-09-22 00:00:00+00:00
[2024-09-20T22:08:59.775+0000] {processor.py:208} INFO - Processing /opt/airflow/dags/create_dag_with_python_operator.py took 0.700 seconds
[2024-09-20T22:09:03.698+0000] {processor.py:186} INFO - Started process (PID=2125) to work on /opt/airflow/dags/create_dag_with_python_operator.py
[2024-09-20T22:09:03.706+0000] {processor.py:914} INFO - Processing file /opt/airflow/dags/create_dag_with_python_operator.py for tasks to queue
[2024-09-20T22:09:03.709+0000] {logging_mixin.py:190} INFO - [2024-09-20T22:09:03.709+0000] {dagbag.py:587} INFO - Filling up the DagBag from /opt/airflow/dags/create_dag_with_python_operator.py
[2024-09-20T22:09:03.889+0000] {processor.py:925} INFO - DAG(s) 'python_operator_v4' retrieved from /opt/airflow/dags/create_dag_with_python_operator.py
[2024-09-20T22:09:03.911+0000] {logging_mixin.py:190} INFO - [2024-09-20T22:09:03.910+0000] {dag.py:3229} INFO - Sync 1 DAGs
[2024-09-20T22:09:03.958+0000] {logging_mixin.py:190} INFO - [2024-09-20T22:09:03.957+0000] {dag.py:4156} INFO - Setting next_dagrun for python_operator_v4 to 2024-09-21 00:00:00+00:00, run_after=2024-09-22 00:00:00+00:00
[2024-09-20T22:09:04.060+0000] {processor.py:208} INFO - Processing /opt/airflow/dags/create_dag_with_python_operator.py took 0.372 seconds
[2024-09-20T22:09:06.167+0000] {processor.py:186} INFO - Started process (PID=2130) to work on /opt/airflow/dags/create_dag_with_python_operator.py
[2024-09-20T22:09:06.169+0000] {processor.py:914} INFO - Processing file /opt/airflow/dags/create_dag_with_python_operator.py for tasks to queue
[2024-09-20T22:09:06.174+0000] {logging_mixin.py:190} INFO - [2024-09-20T22:09:06.173+0000] {dagbag.py:587} INFO - Filling up the DagBag from /opt/airflow/dags/create_dag_with_python_operator.py
[2024-09-20T22:09:06.321+0000] {processor.py:925} INFO - DAG(s) 'python_operator_v4' retrieved from /opt/airflow/dags/create_dag_with_python_operator.py
[2024-09-20T22:09:06.343+0000] {logging_mixin.py:190} INFO - [2024-09-20T22:09:06.343+0000] {dag.py:3229} INFO - Sync 1 DAGs
[2024-09-20T22:09:06.377+0000] {logging_mixin.py:190} INFO - [2024-09-20T22:09:06.376+0000] {dag.py:4156} INFO - Setting next_dagrun for python_operator_v4 to 2024-09-21 00:00:00+00:00, run_after=2024-09-22 00:00:00+00:00
[2024-09-20T22:09:06.441+0000] {processor.py:208} INFO - Processing /opt/airflow/dags/create_dag_with_python_operator.py took 0.281 seconds
[2024-09-20T22:09:11.978+0000] {processor.py:186} INFO - Started process (PID=2140) to work on /opt/airflow/dags/create_dag_with_python_operator.py
[2024-09-20T22:09:11.980+0000] {processor.py:914} INFO - Processing file /opt/airflow/dags/create_dag_with_python_operator.py for tasks to queue
[2024-09-20T22:09:11.982+0000] {logging_mixin.py:190} INFO - [2024-09-20T22:09:11.982+0000] {dagbag.py:587} INFO - Filling up the DagBag from /opt/airflow/dags/create_dag_with_python_operator.py
[2024-09-20T22:09:12.181+0000] {processor.py:925} INFO - DAG(s) 'python_operator_v4' retrieved from /opt/airflow/dags/create_dag_with_python_operator.py
[2024-09-20T22:09:12.204+0000] {logging_mixin.py:190} INFO - [2024-09-20T22:09:12.204+0000] {dag.py:3229} INFO - Sync 1 DAGs
[2024-09-20T22:09:12.242+0000] {logging_mixin.py:190} INFO - [2024-09-20T22:09:12.241+0000] {dag.py:4156} INFO - Setting next_dagrun for python_operator_v4 to 2024-09-21 00:00:00+00:00, run_after=2024-09-22 00:00:00+00:00
[2024-09-20T22:09:12.352+0000] {processor.py:208} INFO - Processing /opt/airflow/dags/create_dag_with_python_operator.py took 0.380 seconds
[2024-09-20T22:09:18.182+0000] {processor.py:186} INFO - Started process (PID=2145) to work on /opt/airflow/dags/create_dag_with_python_operator.py
[2024-09-20T22:09:18.184+0000] {processor.py:914} INFO - Processing file /opt/airflow/dags/create_dag_with_python_operator.py for tasks to queue
[2024-09-20T22:09:18.188+0000] {logging_mixin.py:190} INFO - [2024-09-20T22:09:18.187+0000] {dagbag.py:587} INFO - Filling up the DagBag from /opt/airflow/dags/create_dag_with_python_operator.py
[2024-09-20T22:09:18.354+0000] {processor.py:925} INFO - DAG(s) 'python_operator_v4' retrieved from /opt/airflow/dags/create_dag_with_python_operator.py
[2024-09-20T22:09:18.382+0000] {logging_mixin.py:190} INFO - [2024-09-20T22:09:18.381+0000] {dag.py:3229} INFO - Sync 1 DAGs
[2024-09-20T22:09:18.434+0000] {logging_mixin.py:190} INFO - [2024-09-20T22:09:18.433+0000] {dag.py:4156} INFO - Setting next_dagrun for python_operator_v4 to 2024-09-21 00:00:00+00:00, run_after=2024-09-22 00:00:00+00:00
[2024-09-20T22:09:18.525+0000] {processor.py:208} INFO - Processing /opt/airflow/dags/create_dag_with_python_operator.py took 0.354 seconds
[2024-09-20T22:09:32.040+0000] {processor.py:186} INFO - Started process (PID=2153) to work on /opt/airflow/dags/create_dag_with_python_operator.py
[2024-09-20T22:09:32.051+0000] {processor.py:914} INFO - Processing file /opt/airflow/dags/create_dag_with_python_operator.py for tasks to queue
[2024-09-20T22:09:32.073+0000] {logging_mixin.py:190} INFO - [2024-09-20T22:09:32.072+0000] {dagbag.py:587} INFO - Filling up the DagBag from /opt/airflow/dags/create_dag_with_python_operator.py
[2024-09-20T22:09:32.893+0000] {processor.py:925} INFO - DAG(s) 'python_operator_v4' retrieved from /opt/airflow/dags/create_dag_with_python_operator.py
[2024-09-20T22:09:33.142+0000] {logging_mixin.py:190} INFO - [2024-09-20T22:09:33.141+0000] {dag.py:3229} INFO - Sync 1 DAGs
[2024-09-20T22:09:33.207+0000] {logging_mixin.py:190} INFO - [2024-09-20T22:09:33.206+0000] {dag.py:4156} INFO - Setting next_dagrun for python_operator_v4 to 2024-09-21 00:00:00+00:00, run_after=2024-09-22 00:00:00+00:00
[2024-09-20T22:09:33.609+0000] {processor.py:208} INFO - Processing /opt/airflow/dags/create_dag_with_python_operator.py took 1.583 seconds
[2024-09-20T22:10:03.849+0000] {processor.py:186} INFO - Started process (PID=2172) to work on /opt/airflow/dags/create_dag_with_python_operator.py
[2024-09-20T22:10:03.851+0000] {processor.py:914} INFO - Processing file /opt/airflow/dags/create_dag_with_python_operator.py for tasks to queue
[2024-09-20T22:10:03.853+0000] {logging_mixin.py:190} INFO - [2024-09-20T22:10:03.852+0000] {dagbag.py:587} INFO - Filling up the DagBag from /opt/airflow/dags/create_dag_with_python_operator.py
[2024-09-20T22:10:03.931+0000] {processor.py:925} INFO - DAG(s) 'python_operator_v4' retrieved from /opt/airflow/dags/create_dag_with_python_operator.py
[2024-09-20T22:10:03.963+0000] {logging_mixin.py:190} INFO - [2024-09-20T22:10:03.963+0000] {dag.py:3229} INFO - Sync 1 DAGs
[2024-09-20T22:10:03.996+0000] {logging_mixin.py:190} INFO - [2024-09-20T22:10:03.995+0000] {dag.py:4156} INFO - Setting next_dagrun for python_operator_v4 to 2024-09-21 00:00:00+00:00, run_after=2024-09-22 00:00:00+00:00
[2024-09-20T22:10:04.029+0000] {processor.py:208} INFO - Processing /opt/airflow/dags/create_dag_with_python_operator.py took 0.188 seconds
[2024-09-20T22:10:24.534+0000] {processor.py:186} INFO - Started process (PID=2182) to work on /opt/airflow/dags/create_dag_with_python_operator.py
[2024-09-20T22:10:24.538+0000] {processor.py:914} INFO - Processing file /opt/airflow/dags/create_dag_with_python_operator.py for tasks to queue
[2024-09-20T22:10:24.542+0000] {logging_mixin.py:190} INFO - [2024-09-20T22:10:24.541+0000] {dagbag.py:587} INFO - Filling up the DagBag from /opt/airflow/dags/create_dag_with_python_operator.py
[2024-09-20T22:10:24.785+0000] {processor.py:925} INFO - DAG(s) 'python_operator_v4' retrieved from /opt/airflow/dags/create_dag_with_python_operator.py
[2024-09-20T22:10:24.821+0000] {logging_mixin.py:190} INFO - [2024-09-20T22:10:24.821+0000] {dag.py:3229} INFO - Sync 1 DAGs
[2024-09-20T22:10:24.860+0000] {logging_mixin.py:190} INFO - [2024-09-20T22:10:24.860+0000] {dag.py:4156} INFO - Setting next_dagrun for python_operator_v4 to 2024-09-21 00:00:00+00:00, run_after=2024-09-22 00:00:00+00:00
[2024-09-20T22:10:24.931+0000] {processor.py:208} INFO - Processing /opt/airflow/dags/create_dag_with_python_operator.py took 0.405 seconds
[2024-09-20T22:10:55.658+0000] {processor.py:186} INFO - Started process (PID=2201) to work on /opt/airflow/dags/create_dag_with_python_operator.py
[2024-09-20T22:10:55.660+0000] {processor.py:914} INFO - Processing file /opt/airflow/dags/create_dag_with_python_operator.py for tasks to queue
[2024-09-20T22:10:55.661+0000] {logging_mixin.py:190} INFO - [2024-09-20T22:10:55.661+0000] {dagbag.py:587} INFO - Filling up the DagBag from /opt/airflow/dags/create_dag_with_python_operator.py
[2024-09-20T22:10:55.739+0000] {processor.py:925} INFO - DAG(s) 'python_operator_v4' retrieved from /opt/airflow/dags/create_dag_with_python_operator.py
[2024-09-20T22:10:55.762+0000] {logging_mixin.py:190} INFO - [2024-09-20T22:10:55.762+0000] {dag.py:3229} INFO - Sync 1 DAGs
[2024-09-20T22:10:55.783+0000] {logging_mixin.py:190} INFO - [2024-09-20T22:10:55.783+0000] {dag.py:4156} INFO - Setting next_dagrun for python_operator_v4 to 2024-09-21 00:00:00+00:00, run_after=2024-09-22 00:00:00+00:00
[2024-09-20T22:10:55.810+0000] {processor.py:208} INFO - Processing /opt/airflow/dags/create_dag_with_python_operator.py took 0.159 seconds
[2024-09-20T22:11:26.467+0000] {processor.py:186} INFO - Started process (PID=2214) to work on /opt/airflow/dags/create_dag_with_python_operator.py
[2024-09-20T22:11:26.468+0000] {processor.py:914} INFO - Processing file /opt/airflow/dags/create_dag_with_python_operator.py for tasks to queue
[2024-09-20T22:11:26.471+0000] {logging_mixin.py:190} INFO - [2024-09-20T22:11:26.470+0000] {dagbag.py:587} INFO - Filling up the DagBag from /opt/airflow/dags/create_dag_with_python_operator.py
[2024-09-20T22:11:26.546+0000] {processor.py:925} INFO - DAG(s) 'python_operator_v4' retrieved from /opt/airflow/dags/create_dag_with_python_operator.py
[2024-09-20T22:11:26.579+0000] {logging_mixin.py:190} INFO - [2024-09-20T22:11:26.579+0000] {dag.py:3229} INFO - Sync 1 DAGs
[2024-09-20T22:11:26.609+0000] {logging_mixin.py:190} INFO - [2024-09-20T22:11:26.609+0000] {dag.py:4156} INFO - Setting next_dagrun for python_operator_v4 to 2024-09-21 00:00:00+00:00, run_after=2024-09-22 00:00:00+00:00
[2024-09-20T22:11:26.640+0000] {processor.py:208} INFO - Processing /opt/airflow/dags/create_dag_with_python_operator.py took 0.180 seconds
[2024-09-20T22:11:39.575+0000] {processor.py:186} INFO - Started process (PID=2222) to work on /opt/airflow/dags/create_dag_with_python_operator.py
[2024-09-20T22:11:39.605+0000] {processor.py:914} INFO - Processing file /opt/airflow/dags/create_dag_with_python_operator.py for tasks to queue
[2024-09-20T22:11:39.614+0000] {logging_mixin.py:190} INFO - [2024-09-20T22:11:39.614+0000] {dagbag.py:587} INFO - Filling up the DagBag from /opt/airflow/dags/create_dag_with_python_operator.py
[2024-09-20T22:11:40.086+0000] {processor.py:925} INFO - DAG(s) 'python_operator_v4' retrieved from /opt/airflow/dags/create_dag_with_python_operator.py
[2024-09-20T22:11:40.535+0000] {logging_mixin.py:190} INFO - [2024-09-20T22:11:40.535+0000] {dag.py:3229} INFO - Sync 1 DAGs
[2024-09-20T22:11:40.582+0000] {logging_mixin.py:190} INFO - [2024-09-20T22:11:40.582+0000] {dag.py:4156} INFO - Setting next_dagrun for python_operator_v4 to 2024-09-21 00:00:00+00:00, run_after=2024-09-22 00:00:00+00:00
[2024-09-20T22:11:40.720+0000] {processor.py:208} INFO - Processing /opt/airflow/dags/create_dag_with_python_operator.py took 1.154 seconds
[2024-09-20T22:12:11.157+0000] {processor.py:186} INFO - Started process (PID=2235) to work on /opt/airflow/dags/create_dag_with_python_operator.py
[2024-09-20T22:12:11.159+0000] {processor.py:914} INFO - Processing file /opt/airflow/dags/create_dag_with_python_operator.py for tasks to queue
[2024-09-20T22:12:11.162+0000] {logging_mixin.py:190} INFO - [2024-09-20T22:12:11.162+0000] {dagbag.py:587} INFO - Filling up the DagBag from /opt/airflow/dags/create_dag_with_python_operator.py
[2024-09-20T22:12:11.253+0000] {processor.py:925} INFO - DAG(s) 'python_operator_v4' retrieved from /opt/airflow/dags/create_dag_with_python_operator.py
[2024-09-20T22:12:11.300+0000] {logging_mixin.py:190} INFO - [2024-09-20T22:12:11.300+0000] {dag.py:3229} INFO - Sync 1 DAGs
[2024-09-20T22:12:11.332+0000] {logging_mixin.py:190} INFO - [2024-09-20T22:12:11.332+0000] {dag.py:4156} INFO - Setting next_dagrun for python_operator_v4 to 2024-09-21 00:00:00+00:00, run_after=2024-09-22 00:00:00+00:00
[2024-09-20T22:12:11.362+0000] {processor.py:208} INFO - Processing /opt/airflow/dags/create_dag_with_python_operator.py took 0.216 seconds
[2024-09-20T22:12:40.828+0000] {processor.py:186} INFO - Started process (PID=2248) to work on /opt/airflow/dags/create_dag_with_python_operator.py
[2024-09-20T22:12:40.851+0000] {processor.py:914} INFO - Processing file /opt/airflow/dags/create_dag_with_python_operator.py for tasks to queue
[2024-09-20T22:12:40.862+0000] {logging_mixin.py:190} INFO - [2024-09-20T22:12:40.861+0000] {dagbag.py:587} INFO - Filling up the DagBag from /opt/airflow/dags/create_dag_with_python_operator.py
[2024-09-20T22:12:41.214+0000] {processor.py:925} INFO - DAG(s) 'python_operator_v4' retrieved from /opt/airflow/dags/create_dag_with_python_operator.py
[2024-09-20T22:12:41.262+0000] {logging_mixin.py:190} INFO - [2024-09-20T22:12:41.262+0000] {dag.py:3229} INFO - Sync 1 DAGs
[2024-09-20T22:12:41.331+0000] {logging_mixin.py:190} INFO - [2024-09-20T22:12:41.331+0000] {dag.py:4156} INFO - Setting next_dagrun for python_operator_v4 to 2024-09-21 00:00:00+00:00, run_after=2024-09-22 00:00:00+00:00
[2024-09-20T22:12:41.629+0000] {processor.py:208} INFO - Processing /opt/airflow/dags/create_dag_with_python_operator.py took 0.810 seconds
[2024-09-20T22:12:44.786+0000] {processor.py:186} INFO - Started process (PID=2253) to work on /opt/airflow/dags/create_dag_with_python_operator.py
[2024-09-20T22:12:44.791+0000] {processor.py:914} INFO - Processing file /opt/airflow/dags/create_dag_with_python_operator.py for tasks to queue
[2024-09-20T22:12:44.794+0000] {logging_mixin.py:190} INFO - [2024-09-20T22:12:44.793+0000] {dagbag.py:587} INFO - Filling up the DagBag from /opt/airflow/dags/create_dag_with_python_operator.py
[2024-09-20T22:12:45.151+0000] {processor.py:925} INFO - DAG(s) 'python_operator_v4' retrieved from /opt/airflow/dags/create_dag_with_python_operator.py
[2024-09-20T22:12:45.183+0000] {logging_mixin.py:190} INFO - [2024-09-20T22:12:45.183+0000] {dag.py:3229} INFO - Sync 1 DAGs
[2024-09-20T22:12:45.217+0000] {logging_mixin.py:190} INFO - [2024-09-20T22:12:45.217+0000] {dag.py:4156} INFO - Setting next_dagrun for python_operator_v4 to 2024-09-21 00:00:00+00:00, run_after=2024-09-22 00:00:00+00:00
[2024-09-20T22:12:45.424+0000] {processor.py:208} INFO - Processing /opt/airflow/dags/create_dag_with_python_operator.py took 0.646 seconds
[2024-09-20T22:13:16.397+0000] {processor.py:186} INFO - Started process (PID=2266) to work on /opt/airflow/dags/create_dag_with_python_operator.py
[2024-09-20T22:13:16.400+0000] {processor.py:914} INFO - Processing file /opt/airflow/dags/create_dag_with_python_operator.py for tasks to queue
[2024-09-20T22:13:16.403+0000] {logging_mixin.py:190} INFO - [2024-09-20T22:13:16.403+0000] {dagbag.py:587} INFO - Filling up the DagBag from /opt/airflow/dags/create_dag_with_python_operator.py
[2024-09-20T22:13:16.519+0000] {processor.py:925} INFO - DAG(s) 'python_operator_v4' retrieved from /opt/airflow/dags/create_dag_with_python_operator.py
[2024-09-20T22:13:16.545+0000] {logging_mixin.py:190} INFO - [2024-09-20T22:13:16.544+0000] {dag.py:3229} INFO - Sync 1 DAGs
[2024-09-20T22:13:16.574+0000] {logging_mixin.py:190} INFO - [2024-09-20T22:13:16.574+0000] {dag.py:4156} INFO - Setting next_dagrun for python_operator_v4 to 2024-09-21 00:00:00+00:00, run_after=2024-09-22 00:00:00+00:00
[2024-09-20T22:13:16.600+0000] {processor.py:208} INFO - Processing /opt/airflow/dags/create_dag_with_python_operator.py took 0.214 seconds
[2024-09-20T22:13:47.187+0000] {processor.py:186} INFO - Started process (PID=2279) to work on /opt/airflow/dags/create_dag_with_python_operator.py
[2024-09-20T22:13:47.189+0000] {processor.py:914} INFO - Processing file /opt/airflow/dags/create_dag_with_python_operator.py for tasks to queue
[2024-09-20T22:13:47.192+0000] {logging_mixin.py:190} INFO - [2024-09-20T22:13:47.192+0000] {dagbag.py:587} INFO - Filling up the DagBag from /opt/airflow/dags/create_dag_with_python_operator.py
[2024-09-20T22:13:47.262+0000] {processor.py:925} INFO - DAG(s) 'python_operator_v4' retrieved from /opt/airflow/dags/create_dag_with_python_operator.py
[2024-09-20T22:13:47.293+0000] {logging_mixin.py:190} INFO - [2024-09-20T22:13:47.293+0000] {dag.py:3229} INFO - Sync 1 DAGs
[2024-09-20T22:13:47.315+0000] {logging_mixin.py:190} INFO - [2024-09-20T22:13:47.315+0000] {dag.py:4156} INFO - Setting next_dagrun for python_operator_v4 to 2024-09-21 00:00:00+00:00, run_after=2024-09-22 00:00:00+00:00
[2024-09-20T22:13:47.346+0000] {processor.py:208} INFO - Processing /opt/airflow/dags/create_dag_with_python_operator.py took 0.166 seconds
[2024-09-20T22:13:51.525+0000] {processor.py:186} INFO - Started process (PID=2289) to work on /opt/airflow/dags/create_dag_with_python_operator.py
[2024-09-20T22:13:51.527+0000] {processor.py:914} INFO - Processing file /opt/airflow/dags/create_dag_with_python_operator.py for tasks to queue
[2024-09-20T22:13:51.530+0000] {logging_mixin.py:190} INFO - [2024-09-20T22:13:51.528+0000] {dagbag.py:587} INFO - Filling up the DagBag from /opt/airflow/dags/create_dag_with_python_operator.py
[2024-09-20T22:13:51.593+0000] {processor.py:925} INFO - DAG(s) 'python_operator_v4' retrieved from /opt/airflow/dags/create_dag_with_python_operator.py
[2024-09-20T22:13:51.623+0000] {logging_mixin.py:190} INFO - [2024-09-20T22:13:51.623+0000] {dag.py:3229} INFO - Sync 1 DAGs
[2024-09-20T22:13:51.650+0000] {logging_mixin.py:190} INFO - [2024-09-20T22:13:51.649+0000] {dag.py:4156} INFO - Setting next_dagrun for python_operator_v4 to 2024-09-21 00:00:00+00:00, run_after=2024-09-22 00:00:00+00:00
[2024-09-20T22:13:51.676+0000] {processor.py:208} INFO - Processing /opt/airflow/dags/create_dag_with_python_operator.py took 0.161 seconds
[2024-09-20T22:14:22.142+0000] {processor.py:186} INFO - Started process (PID=2308) to work on /opt/airflow/dags/create_dag_with_python_operator.py
[2024-09-20T22:14:22.145+0000] {processor.py:914} INFO - Processing file /opt/airflow/dags/create_dag_with_python_operator.py for tasks to queue
[2024-09-20T22:14:22.151+0000] {logging_mixin.py:190} INFO - [2024-09-20T22:14:22.150+0000] {dagbag.py:587} INFO - Filling up the DagBag from /opt/airflow/dags/create_dag_with_python_operator.py
[2024-09-20T22:14:22.285+0000] {processor.py:925} INFO - DAG(s) 'python_operator_v4' retrieved from /opt/airflow/dags/create_dag_with_python_operator.py
[2024-09-20T22:14:22.338+0000] {logging_mixin.py:190} INFO - [2024-09-20T22:14:22.338+0000] {dag.py:3229} INFO - Sync 1 DAGs
[2024-09-20T22:14:22.378+0000] {logging_mixin.py:190} INFO - [2024-09-20T22:14:22.377+0000] {dag.py:4156} INFO - Setting next_dagrun for python_operator_v4 to 2024-09-21 00:00:00+00:00, run_after=2024-09-22 00:00:00+00:00
[2024-09-20T22:14:22.416+0000] {processor.py:208} INFO - Processing /opt/airflow/dags/create_dag_with_python_operator.py took 0.288 seconds
[2024-09-20T22:14:54.200+0000] {processor.py:186} INFO - Started process (PID=2321) to work on /opt/airflow/dags/create_dag_with_python_operator.py
[2024-09-20T22:14:54.227+0000] {processor.py:914} INFO - Processing file /opt/airflow/dags/create_dag_with_python_operator.py for tasks to queue
[2024-09-20T22:14:54.242+0000] {logging_mixin.py:190} INFO - [2024-09-20T22:14:54.242+0000] {dagbag.py:587} INFO - Filling up the DagBag from /opt/airflow/dags/create_dag_with_python_operator.py
[2024-09-20T22:14:55.063+0000] {processor.py:925} INFO - DAG(s) 'python_operator_v4' retrieved from /opt/airflow/dags/create_dag_with_python_operator.py
[2024-09-20T22:14:55.117+0000] {logging_mixin.py:190} INFO - [2024-09-20T22:14:55.117+0000] {dag.py:3229} INFO - Sync 1 DAGs
[2024-09-20T22:14:55.175+0000] {logging_mixin.py:190} INFO - [2024-09-20T22:14:55.175+0000] {dag.py:4156} INFO - Setting next_dagrun for python_operator_v4 to 2024-09-21 00:00:00+00:00, run_after=2024-09-22 00:00:00+00:00
[2024-09-20T22:14:55.286+0000] {processor.py:208} INFO - Processing /opt/airflow/dags/create_dag_with_python_operator.py took 1.093 seconds
[2024-09-20T22:15:07.789+0000] {processor.py:186} INFO - Started process (PID=2326) to work on /opt/airflow/dags/create_dag_with_python_operator.py
[2024-09-20T22:15:07.793+0000] {processor.py:914} INFO - Processing file /opt/airflow/dags/create_dag_with_python_operator.py for tasks to queue
[2024-09-20T22:15:07.795+0000] {logging_mixin.py:190} INFO - [2024-09-20T22:15:07.795+0000] {dagbag.py:587} INFO - Filling up the DagBag from /opt/airflow/dags/create_dag_with_python_operator.py
[2024-09-20T22:15:08.406+0000] {processor.py:925} INFO - DAG(s) 'python_operator_v4' retrieved from /opt/airflow/dags/create_dag_with_python_operator.py
[2024-09-20T22:15:08.451+0000] {logging_mixin.py:190} INFO - [2024-09-20T22:15:08.451+0000] {dag.py:3229} INFO - Sync 1 DAGs
[2024-09-20T22:15:08.481+0000] {logging_mixin.py:190} INFO - [2024-09-20T22:15:08.480+0000] {dag.py:4156} INFO - Setting next_dagrun for python_operator_v4 to 2024-09-21 00:00:00+00:00, run_after=2024-09-22 00:00:00+00:00
[2024-09-20T22:15:08.548+0000] {processor.py:208} INFO - Processing /opt/airflow/dags/create_dag_with_python_operator.py took 0.766 seconds
[2024-09-20T22:15:30.505+0000] {processor.py:186} INFO - Started process (PID=2339) to work on /opt/airflow/dags/create_dag_with_python_operator.py
[2024-09-20T22:15:30.514+0000] {processor.py:914} INFO - Processing file /opt/airflow/dags/create_dag_with_python_operator.py for tasks to queue
[2024-09-20T22:15:30.526+0000] {logging_mixin.py:190} INFO - [2024-09-20T22:15:30.525+0000] {dagbag.py:587} INFO - Filling up the DagBag from /opt/airflow/dags/create_dag_with_python_operator.py
[2024-09-20T22:15:30.822+0000] {processor.py:925} INFO - DAG(s) 'python_operator_v4' retrieved from /opt/airflow/dags/create_dag_with_python_operator.py
[2024-09-20T22:15:30.872+0000] {logging_mixin.py:190} INFO - [2024-09-20T22:15:30.872+0000] {dag.py:3229} INFO - Sync 1 DAGs
[2024-09-20T22:15:30.916+0000] {logging_mixin.py:190} INFO - [2024-09-20T22:15:30.916+0000] {dag.py:4156} INFO - Setting next_dagrun for python_operator_v4 to 2024-09-21 00:00:00+00:00, run_after=2024-09-22 00:00:00+00:00
[2024-09-20T22:15:30.992+0000] {processor.py:208} INFO - Processing /opt/airflow/dags/create_dag_with_python_operator.py took 0.502 seconds
[2024-09-20T22:15:40.964+0000] {processor.py:186} INFO - Started process (PID=2344) to work on /opt/airflow/dags/create_dag_with_python_operator.py
[2024-09-20T22:15:41.041+0000] {processor.py:914} INFO - Processing file /opt/airflow/dags/create_dag_with_python_operator.py for tasks to queue
[2024-09-20T22:15:41.150+0000] {logging_mixin.py:190} INFO - [2024-09-20T22:15:41.149+0000] {dagbag.py:587} INFO - Filling up the DagBag from /opt/airflow/dags/create_dag_with_python_operator.py
[2024-09-20T22:15:42.907+0000] {processor.py:925} INFO - DAG(s) 'python_operator_v4' retrieved from /opt/airflow/dags/create_dag_with_python_operator.py
[2024-09-20T22:15:42.989+0000] {logging_mixin.py:190} INFO - [2024-09-20T22:15:42.987+0000] {dag.py:3229} INFO - Sync 1 DAGs
[2024-09-20T22:15:43.087+0000] {logging_mixin.py:190} INFO - [2024-09-20T22:15:43.087+0000] {dag.py:4156} INFO - Setting next_dagrun for python_operator_v4 to 2024-09-21 00:00:00+00:00, run_after=2024-09-22 00:00:00+00:00
[2024-09-20T22:15:43.651+0000] {processor.py:208} INFO - Processing /opt/airflow/dags/create_dag_with_python_operator.py took 2.710 seconds
[2024-09-20T22:15:47.313+0000] {processor.py:186} INFO - Started process (PID=2352) to work on /opt/airflow/dags/create_dag_with_python_operator.py
[2024-09-20T22:15:47.316+0000] {processor.py:914} INFO - Processing file /opt/airflow/dags/create_dag_with_python_operator.py for tasks to queue
[2024-09-20T22:15:47.319+0000] {logging_mixin.py:190} INFO - [2024-09-20T22:15:47.318+0000] {dagbag.py:587} INFO - Filling up the DagBag from /opt/airflow/dags/create_dag_with_python_operator.py
[2024-09-20T22:15:47.495+0000] {processor.py:925} INFO - DAG(s) 'python_operator_v4' retrieved from /opt/airflow/dags/create_dag_with_python_operator.py
[2024-09-20T22:15:47.528+0000] {logging_mixin.py:190} INFO - [2024-09-20T22:15:47.528+0000] {dag.py:3229} INFO - Sync 1 DAGs
[2024-09-20T22:15:47.560+0000] {logging_mixin.py:190} INFO - [2024-09-20T22:15:47.560+0000] {dag.py:4156} INFO - Setting next_dagrun for python_operator_v4 to 2024-09-21 00:00:00+00:00, run_after=2024-09-22 00:00:00+00:00
[2024-09-20T22:15:47.789+0000] {processor.py:208} INFO - Processing /opt/airflow/dags/create_dag_with_python_operator.py took 0.486 seconds
[2024-09-20T22:15:48.545+0000] {processor.py:186} INFO - Started process (PID=2357) to work on /opt/airflow/dags/create_dag_with_python_operator.py
[2024-09-20T22:15:48.548+0000] {processor.py:914} INFO - Processing file /opt/airflow/dags/create_dag_with_python_operator.py for tasks to queue
[2024-09-20T22:15:48.550+0000] {logging_mixin.py:190} INFO - [2024-09-20T22:15:48.550+0000] {dagbag.py:587} INFO - Filling up the DagBag from /opt/airflow/dags/create_dag_with_python_operator.py
[2024-09-20T22:15:48.669+0000] {logging_mixin.py:190} INFO - [2024-09-20T22:15:48.666+0000] {dagbag.py:386} ERROR - Failed to import: /opt/airflow/dags/create_dag_with_python_operator.py
Traceback (most recent call last):
  File "/home/airflow/.local/lib/python3.12/site-packages/airflow/models/dagbag.py", line 382, in parse
    loader.exec_module(new_module)
  File "<frozen importlib._bootstrap_external>", line 991, in exec_module
  File "<frozen importlib._bootstrap_external>", line 1129, in get_code
  File "<frozen importlib._bootstrap_external>", line 1059, in source_to_code
  File "<frozen importlib._bootstrap>", line 488, in _call_with_frames_removed
  File "/opt/airflow/dags/create_dag_with_python_operator.py", line 26
    ti.xcom_push(key='last_name', value=Fridman')
                                               ^
SyntaxError: unterminated string literal (detected at line 26)
[2024-09-20T22:15:48.671+0000] {processor.py:927} WARNING - No viable dags retrieved from /opt/airflow/dags/create_dag_with_python_operator.py
[2024-09-20T22:15:48.710+0000] {processor.py:208} INFO - Processing /opt/airflow/dags/create_dag_with_python_operator.py took 0.172 seconds
[2024-09-20T22:15:50.791+0000] {processor.py:186} INFO - Started process (PID=2362) to work on /opt/airflow/dags/create_dag_with_python_operator.py
[2024-09-20T22:15:50.795+0000] {processor.py:914} INFO - Processing file /opt/airflow/dags/create_dag_with_python_operator.py for tasks to queue
[2024-09-20T22:15:50.801+0000] {logging_mixin.py:190} INFO - [2024-09-20T22:15:50.800+0000] {dagbag.py:587} INFO - Filling up the DagBag from /opt/airflow/dags/create_dag_with_python_operator.py
[2024-09-20T22:15:51.039+0000] {processor.py:925} INFO - DAG(s) 'python_operator_v4' retrieved from /opt/airflow/dags/create_dag_with_python_operator.py
[2024-09-20T22:15:51.100+0000] {logging_mixin.py:190} INFO - [2024-09-20T22:15:51.100+0000] {dag.py:3229} INFO - Sync 1 DAGs
[2024-09-20T22:15:51.171+0000] {logging_mixin.py:190} INFO - [2024-09-20T22:15:51.170+0000] {dag.py:4156} INFO - Setting next_dagrun for python_operator_v4 to 2024-09-21 00:00:00+00:00, run_after=2024-09-22 00:00:00+00:00
[2024-09-20T22:15:51.466+0000] {processor.py:208} INFO - Processing /opt/airflow/dags/create_dag_with_python_operator.py took 0.687 seconds
[2024-09-20T22:16:02.606+0000] {processor.py:186} INFO - Started process (PID=2372) to work on /opt/airflow/dags/create_dag_with_python_operator.py
[2024-09-20T22:16:02.609+0000] {processor.py:914} INFO - Processing file /opt/airflow/dags/create_dag_with_python_operator.py for tasks to queue
[2024-09-20T22:16:02.616+0000] {logging_mixin.py:190} INFO - [2024-09-20T22:16:02.615+0000] {dagbag.py:587} INFO - Filling up the DagBag from /opt/airflow/dags/create_dag_with_python_operator.py
[2024-09-20T22:16:02.856+0000] {processor.py:925} INFO - DAG(s) 'python_operator_v4' retrieved from /opt/airflow/dags/create_dag_with_python_operator.py
[2024-09-20T22:16:02.910+0000] {logging_mixin.py:190} INFO - [2024-09-20T22:16:02.909+0000] {dag.py:3229} INFO - Sync 1 DAGs
[2024-09-20T22:16:02.967+0000] {logging_mixin.py:190} INFO - [2024-09-20T22:16:02.966+0000] {dag.py:4156} INFO - Setting next_dagrun for python_operator_v4 to 2024-09-21 00:00:00+00:00, run_after=2024-09-22 00:00:00+00:00
[2024-09-20T22:16:03.052+0000] {processor.py:208} INFO - Processing /opt/airflow/dags/create_dag_with_python_operator.py took 0.469 seconds
[2024-09-20T22:16:09.303+0000] {processor.py:186} INFO - Started process (PID=2377) to work on /opt/airflow/dags/create_dag_with_python_operator.py
[2024-09-20T22:16:09.305+0000] {processor.py:914} INFO - Processing file /opt/airflow/dags/create_dag_with_python_operator.py for tasks to queue
[2024-09-20T22:16:09.307+0000] {logging_mixin.py:190} INFO - [2024-09-20T22:16:09.307+0000] {dagbag.py:587} INFO - Filling up the DagBag from /opt/airflow/dags/create_dag_with_python_operator.py
[2024-09-20T22:16:09.421+0000] {logging_mixin.py:190} INFO - [2024-09-20T22:16:09.419+0000] {dagbag.py:386} ERROR - Failed to import: /opt/airflow/dags/create_dag_with_python_operator.py
Traceback (most recent call last):
  File "/home/airflow/.local/lib/python3.12/site-packages/airflow/models/dagbag.py", line 382, in parse
    loader.exec_module(new_module)
  File "<frozen importlib._bootstrap_external>", line 991, in exec_module
  File "<frozen importlib._bootstrap_external>", line 1129, in get_code
  File "<frozen importlib._bootstrap_external>", line 1059, in source_to_code
  File "<frozen importlib._bootstrap>", line 488, in _call_with_frames_removed
  File "/opt/airflow/dags/create_dag_with_python_operator.py", line 32
    first_name = ti.xcom_pull(task_ids="get_name", key_)
                                                       ^
SyntaxError: positional argument follows keyword argument
[2024-09-20T22:16:09.423+0000] {processor.py:927} WARNING - No viable dags retrieved from /opt/airflow/dags/create_dag_with_python_operator.py
[2024-09-20T22:16:09.453+0000] {processor.py:208} INFO - Processing /opt/airflow/dags/create_dag_with_python_operator.py took 0.156 seconds
[2024-09-20T22:16:12.681+0000] {processor.py:186} INFO - Started process (PID=2385) to work on /opt/airflow/dags/create_dag_with_python_operator.py
[2024-09-20T22:16:12.683+0000] {processor.py:914} INFO - Processing file /opt/airflow/dags/create_dag_with_python_operator.py for tasks to queue
[2024-09-20T22:16:12.688+0000] {logging_mixin.py:190} INFO - [2024-09-20T22:16:12.686+0000] {dagbag.py:587} INFO - Filling up the DagBag from /opt/airflow/dags/create_dag_with_python_operator.py
[2024-09-20T22:16:12.836+0000] {processor.py:925} INFO - DAG(s) 'python_operator_v4' retrieved from /opt/airflow/dags/create_dag_with_python_operator.py
[2024-09-20T22:16:12.868+0000] {logging_mixin.py:190} INFO - [2024-09-20T22:16:12.868+0000] {dag.py:3229} INFO - Sync 1 DAGs
[2024-09-20T22:16:12.899+0000] {logging_mixin.py:190} INFO - [2024-09-20T22:16:12.899+0000] {dag.py:4156} INFO - Setting next_dagrun for python_operator_v4 to 2024-09-21 00:00:00+00:00, run_after=2024-09-22 00:00:00+00:00
[2024-09-20T22:16:12.954+0000] {processor.py:208} INFO - Processing /opt/airflow/dags/create_dag_with_python_operator.py took 0.281 seconds
[2024-09-20T22:16:15.382+0000] {processor.py:186} INFO - Started process (PID=2390) to work on /opt/airflow/dags/create_dag_with_python_operator.py
[2024-09-20T22:16:15.385+0000] {processor.py:914} INFO - Processing file /opt/airflow/dags/create_dag_with_python_operator.py for tasks to queue
[2024-09-20T22:16:15.389+0000] {logging_mixin.py:190} INFO - [2024-09-20T22:16:15.388+0000] {dagbag.py:587} INFO - Filling up the DagBag from /opt/airflow/dags/create_dag_with_python_operator.py
[2024-09-20T22:16:15.604+0000] {processor.py:925} INFO - DAG(s) 'python_operator_v4' retrieved from /opt/airflow/dags/create_dag_with_python_operator.py
[2024-09-20T22:16:15.655+0000] {logging_mixin.py:190} INFO - [2024-09-20T22:16:15.655+0000] {dag.py:3229} INFO - Sync 1 DAGs
[2024-09-20T22:16:15.701+0000] {logging_mixin.py:190} INFO - [2024-09-20T22:16:15.701+0000] {dag.py:4156} INFO - Setting next_dagrun for python_operator_v4 to 2024-09-21 00:00:00+00:00, run_after=2024-09-22 00:00:00+00:00
[2024-09-20T22:16:15.773+0000] {processor.py:208} INFO - Processing /opt/airflow/dags/create_dag_with_python_operator.py took 0.406 seconds
[2024-09-20T22:16:18.913+0000] {processor.py:186} INFO - Started process (PID=2395) to work on /opt/airflow/dags/create_dag_with_python_operator.py
[2024-09-20T22:16:18.915+0000] {processor.py:914} INFO - Processing file /opt/airflow/dags/create_dag_with_python_operator.py for tasks to queue
[2024-09-20T22:16:18.920+0000] {logging_mixin.py:190} INFO - [2024-09-20T22:16:18.919+0000] {dagbag.py:587} INFO - Filling up the DagBag from /opt/airflow/dags/create_dag_with_python_operator.py
[2024-09-20T22:16:19.082+0000] {processor.py:925} INFO - DAG(s) 'python_operator_v4' retrieved from /opt/airflow/dags/create_dag_with_python_operator.py
[2024-09-20T22:16:19.128+0000] {logging_mixin.py:190} INFO - [2024-09-20T22:16:19.128+0000] {dag.py:3229} INFO - Sync 1 DAGs
[2024-09-20T22:16:19.168+0000] {logging_mixin.py:190} INFO - [2024-09-20T22:16:19.168+0000] {dag.py:4156} INFO - Setting next_dagrun for python_operator_v4 to 2024-09-21 00:00:00+00:00, run_after=2024-09-22 00:00:00+00:00
[2024-09-20T22:16:19.239+0000] {processor.py:208} INFO - Processing /opt/airflow/dags/create_dag_with_python_operator.py took 0.336 seconds
[2024-09-20T22:16:21.561+0000] {processor.py:186} INFO - Started process (PID=2400) to work on /opt/airflow/dags/create_dag_with_python_operator.py
[2024-09-20T22:16:21.563+0000] {processor.py:914} INFO - Processing file /opt/airflow/dags/create_dag_with_python_operator.py for tasks to queue
[2024-09-20T22:16:21.567+0000] {logging_mixin.py:190} INFO - [2024-09-20T22:16:21.566+0000] {dagbag.py:587} INFO - Filling up the DagBag from /opt/airflow/dags/create_dag_with_python_operator.py
[2024-09-20T22:16:21.776+0000] {processor.py:925} INFO - DAG(s) 'python_operator_v4' retrieved from /opt/airflow/dags/create_dag_with_python_operator.py
[2024-09-20T22:16:21.815+0000] {logging_mixin.py:190} INFO - [2024-09-20T22:16:21.815+0000] {dag.py:3229} INFO - Sync 1 DAGs
[2024-09-20T22:16:21.855+0000] {logging_mixin.py:190} INFO - [2024-09-20T22:16:21.855+0000] {dag.py:4156} INFO - Setting next_dagrun for python_operator_v4 to 2024-09-21 00:00:00+00:00, run_after=2024-09-22 00:00:00+00:00
[2024-09-20T22:16:21.929+0000] {processor.py:208} INFO - Processing /opt/airflow/dags/create_dag_with_python_operator.py took 0.385 seconds
[2024-09-20T22:16:26.437+0000] {processor.py:186} INFO - Started process (PID=2410) to work on /opt/airflow/dags/create_dag_with_python_operator.py
[2024-09-20T22:16:26.439+0000] {processor.py:914} INFO - Processing file /opt/airflow/dags/create_dag_with_python_operator.py for tasks to queue
[2024-09-20T22:16:26.445+0000] {logging_mixin.py:190} INFO - [2024-09-20T22:16:26.444+0000] {dagbag.py:587} INFO - Filling up the DagBag from /opt/airflow/dags/create_dag_with_python_operator.py
[2024-09-20T22:16:26.763+0000] {processor.py:925} INFO - DAG(s) 'python_operator_v4' retrieved from /opt/airflow/dags/create_dag_with_python_operator.py
[2024-09-20T22:16:26.831+0000] {logging_mixin.py:190} INFO - [2024-09-20T22:16:26.830+0000] {dag.py:3229} INFO - Sync 1 DAGs
[2024-09-20T22:16:26.904+0000] {logging_mixin.py:190} INFO - [2024-09-20T22:16:26.903+0000] {dag.py:4156} INFO - Setting next_dagrun for python_operator_v4 to 2024-09-21 00:00:00+00:00, run_after=2024-09-22 00:00:00+00:00
[2024-09-20T22:16:27.001+0000] {processor.py:208} INFO - Processing /opt/airflow/dags/create_dag_with_python_operator.py took 0.586 seconds
[2024-09-20T22:16:32.023+0000] {processor.py:186} INFO - Started process (PID=2415) to work on /opt/airflow/dags/create_dag_with_python_operator.py
[2024-09-20T22:16:32.025+0000] {processor.py:914} INFO - Processing file /opt/airflow/dags/create_dag_with_python_operator.py for tasks to queue
[2024-09-20T22:16:32.028+0000] {logging_mixin.py:190} INFO - [2024-09-20T22:16:32.027+0000] {dagbag.py:587} INFO - Filling up the DagBag from /opt/airflow/dags/create_dag_with_python_operator.py
[2024-09-20T22:16:32.430+0000] {processor.py:925} INFO - DAG(s) 'python_operator_v4' retrieved from /opt/airflow/dags/create_dag_with_python_operator.py
[2024-09-20T22:16:32.525+0000] {logging_mixin.py:190} INFO - [2024-09-20T22:16:32.524+0000] {dag.py:3229} INFO - Sync 1 DAGs
[2024-09-20T22:16:32.650+0000] {logging_mixin.py:190} INFO - [2024-09-20T22:16:32.650+0000] {dag.py:4156} INFO - Setting next_dagrun for python_operator_v4 to 2024-09-21 00:00:00+00:00, run_after=2024-09-22 00:00:00+00:00
[2024-09-20T22:16:32.860+0000] {processor.py:208} INFO - Processing /opt/airflow/dags/create_dag_with_python_operator.py took 0.847 seconds
[2024-09-20T22:16:36.346+0000] {processor.py:186} INFO - Started process (PID=2420) to work on /opt/airflow/dags/create_dag_with_python_operator.py
[2024-09-20T22:16:36.349+0000] {processor.py:914} INFO - Processing file /opt/airflow/dags/create_dag_with_python_operator.py for tasks to queue
[2024-09-20T22:16:36.353+0000] {logging_mixin.py:190} INFO - [2024-09-20T22:16:36.353+0000] {dagbag.py:587} INFO - Filling up the DagBag from /opt/airflow/dags/create_dag_with_python_operator.py
[2024-09-20T22:16:36.776+0000] {processor.py:925} INFO - DAG(s) 'python_operator_v4' retrieved from /opt/airflow/dags/create_dag_with_python_operator.py
[2024-09-20T22:16:36.859+0000] {logging_mixin.py:190} INFO - [2024-09-20T22:16:36.858+0000] {dag.py:3229} INFO - Sync 1 DAGs
[2024-09-20T22:16:36.947+0000] {logging_mixin.py:190} INFO - [2024-09-20T22:16:36.947+0000] {dag.py:4156} INFO - Setting next_dagrun for python_operator_v4 to 2024-09-21 00:00:00+00:00, run_after=2024-09-22 00:00:00+00:00
[2024-09-20T22:16:37.058+0000] {processor.py:208} INFO - Processing /opt/airflow/dags/create_dag_with_python_operator.py took 0.735 seconds
[2024-09-20T22:17:07.948+0000] {processor.py:186} INFO - Started process (PID=2433) to work on /opt/airflow/dags/create_dag_with_python_operator.py
[2024-09-20T22:17:07.957+0000] {processor.py:914} INFO - Processing file /opt/airflow/dags/create_dag_with_python_operator.py for tasks to queue
[2024-09-20T22:17:07.960+0000] {logging_mixin.py:190} INFO - [2024-09-20T22:17:07.960+0000] {dagbag.py:587} INFO - Filling up the DagBag from /opt/airflow/dags/create_dag_with_python_operator.py
[2024-09-20T22:17:08.151+0000] {processor.py:925} INFO - DAG(s) 'python_operator_v4' retrieved from /opt/airflow/dags/create_dag_with_python_operator.py
[2024-09-20T22:17:08.237+0000] {logging_mixin.py:190} INFO - [2024-09-20T22:17:08.236+0000] {dag.py:3229} INFO - Sync 1 DAGs
[2024-09-20T22:17:08.366+0000] {logging_mixin.py:190} INFO - [2024-09-20T22:17:08.366+0000] {dag.py:4156} INFO - Setting next_dagrun for python_operator_v4 to 2024-09-21 00:00:00+00:00, run_after=2024-09-22 00:00:00+00:00
[2024-09-20T22:17:08.505+0000] {processor.py:208} INFO - Processing /opt/airflow/dags/create_dag_with_python_operator.py took 0.571 seconds
[2024-09-20T22:17:09.487+0000] {processor.py:186} INFO - Started process (PID=2438) to work on /opt/airflow/dags/create_dag_with_python_operator.py
[2024-09-20T22:17:09.489+0000] {processor.py:914} INFO - Processing file /opt/airflow/dags/create_dag_with_python_operator.py for tasks to queue
[2024-09-20T22:17:09.492+0000] {logging_mixin.py:190} INFO - [2024-09-20T22:17:09.491+0000] {dagbag.py:587} INFO - Filling up the DagBag from /opt/airflow/dags/create_dag_with_python_operator.py
[2024-09-20T22:17:09.706+0000] {processor.py:925} INFO - DAG(s) 'python_operator_v5' retrieved from /opt/airflow/dags/create_dag_with_python_operator.py
[2024-09-20T22:17:10.644+0000] {logging_mixin.py:190} INFO - [2024-09-20T22:17:10.643+0000] {override.py:1900} INFO - Created Permission View: can delete on DAG:python_operator_v5
[2024-09-20T22:17:10.678+0000] {logging_mixin.py:190} INFO - [2024-09-20T22:17:10.678+0000] {override.py:1900} INFO - Created Permission View: can read on DAG:python_operator_v5
[2024-09-20T22:17:10.709+0000] {logging_mixin.py:190} INFO - [2024-09-20T22:17:10.709+0000] {override.py:1900} INFO - Created Permission View: can edit on DAG:python_operator_v5
[2024-09-20T22:17:10.743+0000] {logging_mixin.py:190} INFO - [2024-09-20T22:17:10.743+0000] {override.py:1900} INFO - Created Permission View: can create on DAG Run:python_operator_v5
[2024-09-20T22:17:10.788+0000] {logging_mixin.py:190} INFO - [2024-09-20T22:17:10.788+0000] {override.py:1900} INFO - Created Permission View: can delete on DAG Run:python_operator_v5
[2024-09-20T22:17:10.811+0000] {logging_mixin.py:190} INFO - [2024-09-20T22:17:10.810+0000] {override.py:1900} INFO - Created Permission View: can read on DAG Run:python_operator_v5
[2024-09-20T22:17:10.835+0000] {logging_mixin.py:190} INFO - [2024-09-20T22:17:10.834+0000] {override.py:1900} INFO - Created Permission View: menu access on DAG Run:python_operator_v5
[2024-09-20T22:17:10.837+0000] {logging_mixin.py:190} INFO - [2024-09-20T22:17:10.836+0000] {dag.py:3229} INFO - Sync 1 DAGs
[2024-09-20T22:17:10.867+0000] {logging_mixin.py:190} INFO - [2024-09-20T22:17:10.866+0000] {dag.py:3252} INFO - Creating ORM DAG for python_operator_v5
[2024-09-20T22:17:10.903+0000] {logging_mixin.py:190} INFO - [2024-09-20T22:17:10.903+0000] {dag.py:4156} INFO - Setting next_dagrun for python_operator_v5 to 2024-09-21 00:00:00+00:00, run_after=2024-09-22 00:00:00+00:00
[2024-09-20T22:17:11.078+0000] {processor.py:208} INFO - Processing /opt/airflow/dags/create_dag_with_python_operator.py took 1.611 seconds
[2024-09-20T22:17:30.292+0000] {processor.py:186} INFO - Started process (PID=2451) to work on /opt/airflow/dags/create_dag_with_python_operator.py
[2024-09-20T22:17:30.299+0000] {processor.py:914} INFO - Processing file /opt/airflow/dags/create_dag_with_python_operator.py for tasks to queue
[2024-09-20T22:17:30.315+0000] {logging_mixin.py:190} INFO - [2024-09-20T22:17:30.314+0000] {dagbag.py:587} INFO - Filling up the DagBag from /opt/airflow/dags/create_dag_with_python_operator.py
[2024-09-20T22:17:30.534+0000] {processor.py:925} INFO - DAG(s) 'python_operator_v5' retrieved from /opt/airflow/dags/create_dag_with_python_operator.py
[2024-09-20T22:17:30.548+0000] {logging_mixin.py:190} INFO - [2024-09-20T22:17:30.548+0000] {dag.py:3229} INFO - Sync 1 DAGs
[2024-09-20T22:17:30.582+0000] {logging_mixin.py:190} INFO - [2024-09-20T22:17:30.582+0000] {dag.py:4156} INFO - Setting next_dagrun for python_operator_v5 to 2024-09-21 00:00:00+00:00, run_after=2024-09-22 00:00:00+00:00
[2024-09-20T22:17:30.665+0000] {processor.py:208} INFO - Processing /opt/airflow/dags/create_dag_with_python_operator.py took 0.383 seconds
[2024-09-20T22:18:01.284+0000] {processor.py:186} INFO - Started process (PID=2464) to work on /opt/airflow/dags/create_dag_with_python_operator.py
[2024-09-20T22:18:01.285+0000] {processor.py:914} INFO - Processing file /opt/airflow/dags/create_dag_with_python_operator.py for tasks to queue
[2024-09-20T22:18:01.287+0000] {logging_mixin.py:190} INFO - [2024-09-20T22:18:01.287+0000] {dagbag.py:587} INFO - Filling up the DagBag from /opt/airflow/dags/create_dag_with_python_operator.py
[2024-09-20T22:18:01.363+0000] {processor.py:925} INFO - DAG(s) 'python_operator_v5' retrieved from /opt/airflow/dags/create_dag_with_python_operator.py
[2024-09-20T22:18:01.403+0000] {logging_mixin.py:190} INFO - [2024-09-20T22:18:01.403+0000] {dag.py:3229} INFO - Sync 1 DAGs
[2024-09-20T22:18:01.445+0000] {logging_mixin.py:190} INFO - [2024-09-20T22:18:01.445+0000] {dag.py:4156} INFO - Setting next_dagrun for python_operator_v5 to 2024-09-21 00:00:00+00:00, run_after=2024-09-22 00:00:00+00:00
[2024-09-20T22:18:01.481+0000] {processor.py:208} INFO - Processing /opt/airflow/dags/create_dag_with_python_operator.py took 0.206 seconds
[2024-09-20T22:18:16.101+0000] {processor.py:186} INFO - Started process (PID=2472) to work on /opt/airflow/dags/create_dag_with_python_operator.py
[2024-09-20T22:18:16.103+0000] {processor.py:914} INFO - Processing file /opt/airflow/dags/create_dag_with_python_operator.py for tasks to queue
[2024-09-20T22:18:16.106+0000] {logging_mixin.py:190} INFO - [2024-09-20T22:18:16.105+0000] {dagbag.py:587} INFO - Filling up the DagBag from /opt/airflow/dags/create_dag_with_python_operator.py
[2024-09-20T22:18:16.376+0000] {processor.py:925} INFO - DAG(s) 'python_operator_v5' retrieved from /opt/airflow/dags/create_dag_with_python_operator.py
[2024-09-20T22:18:16.440+0000] {logging_mixin.py:190} INFO - [2024-09-20T22:18:16.439+0000] {dag.py:3229} INFO - Sync 1 DAGs
[2024-09-20T22:18:16.486+0000] {logging_mixin.py:190} INFO - [2024-09-20T22:18:16.484+0000] {dag.py:4156} INFO - Setting next_dagrun for python_operator_v5 to 2024-09-21 00:00:00+00:00, run_after=2024-09-22 00:00:00+00:00
[2024-09-20T22:18:16.564+0000] {processor.py:208} INFO - Processing /opt/airflow/dags/create_dag_with_python_operator.py took 0.482 seconds
[2024-09-20T22:18:47.032+0000] {processor.py:186} INFO - Started process (PID=2491) to work on /opt/airflow/dags/create_dag_with_python_operator.py
[2024-09-20T22:18:47.040+0000] {processor.py:914} INFO - Processing file /opt/airflow/dags/create_dag_with_python_operator.py for tasks to queue
[2024-09-20T22:18:47.045+0000] {logging_mixin.py:190} INFO - [2024-09-20T22:18:47.044+0000] {dagbag.py:587} INFO - Filling up the DagBag from /opt/airflow/dags/create_dag_with_python_operator.py
[2024-09-20T22:18:47.143+0000] {processor.py:925} INFO - DAG(s) 'python_operator_v5' retrieved from /opt/airflow/dags/create_dag_with_python_operator.py
[2024-09-20T22:18:47.176+0000] {logging_mixin.py:190} INFO - [2024-09-20T22:18:47.175+0000] {dag.py:3229} INFO - Sync 1 DAGs
[2024-09-20T22:18:47.200+0000] {logging_mixin.py:190} INFO - [2024-09-20T22:18:47.199+0000] {dag.py:4156} INFO - Setting next_dagrun for python_operator_v5 to 2024-09-21 00:00:00+00:00, run_after=2024-09-22 00:00:00+00:00
[2024-09-20T22:18:47.343+0000] {processor.py:208} INFO - Processing /opt/airflow/dags/create_dag_with_python_operator.py took 0.326 seconds
[2024-09-20T22:19:18.074+0000] {processor.py:186} INFO - Started process (PID=2504) to work on /opt/airflow/dags/create_dag_with_python_operator.py
[2024-09-20T22:19:18.075+0000] {processor.py:914} INFO - Processing file /opt/airflow/dags/create_dag_with_python_operator.py for tasks to queue
[2024-09-20T22:19:18.078+0000] {logging_mixin.py:190} INFO - [2024-09-20T22:19:18.078+0000] {dagbag.py:587} INFO - Filling up the DagBag from /opt/airflow/dags/create_dag_with_python_operator.py
[2024-09-20T22:19:18.180+0000] {processor.py:925} INFO - DAG(s) 'python_operator_v5' retrieved from /opt/airflow/dags/create_dag_with_python_operator.py
[2024-09-20T22:19:18.235+0000] {logging_mixin.py:190} INFO - [2024-09-20T22:19:18.234+0000] {dag.py:3229} INFO - Sync 1 DAGs
[2024-09-20T22:19:18.280+0000] {logging_mixin.py:190} INFO - [2024-09-20T22:19:18.279+0000] {dag.py:4156} INFO - Setting next_dagrun for python_operator_v5 to 2024-09-21 00:00:00+00:00, run_after=2024-09-22 00:00:00+00:00
[2024-09-20T22:19:18.322+0000] {processor.py:208} INFO - Processing /opt/airflow/dags/create_dag_with_python_operator.py took 0.258 seconds
[2024-09-20T22:19:48.932+0000] {processor.py:186} INFO - Started process (PID=2517) to work on /opt/airflow/dags/create_dag_with_python_operator.py
[2024-09-20T22:19:48.933+0000] {processor.py:914} INFO - Processing file /opt/airflow/dags/create_dag_with_python_operator.py for tasks to queue
[2024-09-20T22:19:48.936+0000] {logging_mixin.py:190} INFO - [2024-09-20T22:19:48.935+0000] {dagbag.py:587} INFO - Filling up the DagBag from /opt/airflow/dags/create_dag_with_python_operator.py
[2024-09-20T22:19:48.991+0000] {processor.py:925} INFO - DAG(s) 'python_operator_v5' retrieved from /opt/airflow/dags/create_dag_with_python_operator.py
[2024-09-20T22:19:49.035+0000] {logging_mixin.py:190} INFO - [2024-09-20T22:19:49.034+0000] {dag.py:3229} INFO - Sync 1 DAGs
[2024-09-20T22:19:49.080+0000] {logging_mixin.py:190} INFO - [2024-09-20T22:19:49.079+0000] {dag.py:4156} INFO - Setting next_dagrun for python_operator_v5 to 2024-09-21 00:00:00+00:00, run_after=2024-09-22 00:00:00+00:00
[2024-09-20T22:19:49.120+0000] {processor.py:208} INFO - Processing /opt/airflow/dags/create_dag_with_python_operator.py took 0.195 seconds
[2024-09-20T22:20:19.747+0000] {processor.py:186} INFO - Started process (PID=2530) to work on /opt/airflow/dags/create_dag_with_python_operator.py
[2024-09-20T22:20:19.748+0000] {processor.py:914} INFO - Processing file /opt/airflow/dags/create_dag_with_python_operator.py for tasks to queue
[2024-09-20T22:20:19.750+0000] {logging_mixin.py:190} INFO - [2024-09-20T22:20:19.749+0000] {dagbag.py:587} INFO - Filling up the DagBag from /opt/airflow/dags/create_dag_with_python_operator.py
[2024-09-20T22:20:19.846+0000] {processor.py:925} INFO - DAG(s) 'python_operator_v5' retrieved from /opt/airflow/dags/create_dag_with_python_operator.py
[2024-09-20T22:20:19.880+0000] {logging_mixin.py:190} INFO - [2024-09-20T22:20:19.879+0000] {dag.py:3229} INFO - Sync 1 DAGs
[2024-09-20T22:20:19.901+0000] {logging_mixin.py:190} INFO - [2024-09-20T22:20:19.901+0000] {dag.py:4156} INFO - Setting next_dagrun for python_operator_v5 to 2024-09-21 00:00:00+00:00, run_after=2024-09-22 00:00:00+00:00
[2024-09-20T22:20:19.925+0000] {processor.py:208} INFO - Processing /opt/airflow/dags/create_dag_with_python_operator.py took 0.183 seconds
[2024-09-20T22:20:50.621+0000] {processor.py:186} INFO - Started process (PID=2543) to work on /opt/airflow/dags/create_dag_with_python_operator.py
[2024-09-20T22:20:50.623+0000] {processor.py:914} INFO - Processing file /opt/airflow/dags/create_dag_with_python_operator.py for tasks to queue
[2024-09-20T22:20:50.625+0000] {logging_mixin.py:190} INFO - [2024-09-20T22:20:50.625+0000] {dagbag.py:587} INFO - Filling up the DagBag from /opt/airflow/dags/create_dag_with_python_operator.py
[2024-09-20T22:20:50.746+0000] {processor.py:925} INFO - DAG(s) 'python_operator_v5' retrieved from /opt/airflow/dags/create_dag_with_python_operator.py
[2024-09-20T22:20:50.791+0000] {logging_mixin.py:190} INFO - [2024-09-20T22:20:50.790+0000] {dag.py:3229} INFO - Sync 1 DAGs
[2024-09-20T22:20:50.821+0000] {logging_mixin.py:190} INFO - [2024-09-20T22:20:50.820+0000] {dag.py:4156} INFO - Setting next_dagrun for python_operator_v5 to 2024-09-21 00:00:00+00:00, run_after=2024-09-22 00:00:00+00:00
[2024-09-20T22:20:50.855+0000] {processor.py:208} INFO - Processing /opt/airflow/dags/create_dag_with_python_operator.py took 0.242 seconds
[2024-09-20T22:20:56.260+0000] {processor.py:186} INFO - Started process (PID=2548) to work on /opt/airflow/dags/create_dag_with_python_operator.py
[2024-09-20T22:20:56.264+0000] {processor.py:914} INFO - Processing file /opt/airflow/dags/create_dag_with_python_operator.py for tasks to queue
[2024-09-20T22:20:56.268+0000] {logging_mixin.py:190} INFO - [2024-09-20T22:20:56.267+0000] {dagbag.py:587} INFO - Filling up the DagBag from /opt/airflow/dags/create_dag_with_python_operator.py
[2024-09-20T22:20:56.703+0000] {processor.py:925} INFO - DAG(s) 'python_operator_v5' retrieved from /opt/airflow/dags/create_dag_with_python_operator.py
[2024-09-20T22:20:56.740+0000] {logging_mixin.py:190} INFO - [2024-09-20T22:20:56.740+0000] {dag.py:3229} INFO - Sync 1 DAGs
[2024-09-20T22:20:56.779+0000] {logging_mixin.py:190} INFO - [2024-09-20T22:20:56.779+0000] {dag.py:4156} INFO - Setting next_dagrun for python_operator_v5 to 2024-09-21 00:00:00+00:00, run_after=2024-09-22 00:00:00+00:00
[2024-09-20T22:20:56.845+0000] {processor.py:208} INFO - Processing /opt/airflow/dags/create_dag_with_python_operator.py took 0.595 seconds
[2024-09-20T22:20:58.310+0000] {processor.py:186} INFO - Started process (PID=2553) to work on /opt/airflow/dags/create_dag_with_python_operator.py
[2024-09-20T22:20:58.314+0000] {processor.py:914} INFO - Processing file /opt/airflow/dags/create_dag_with_python_operator.py for tasks to queue
[2024-09-20T22:20:58.318+0000] {logging_mixin.py:190} INFO - [2024-09-20T22:20:58.317+0000] {dagbag.py:587} INFO - Filling up the DagBag from /opt/airflow/dags/create_dag_with_python_operator.py
[2024-09-20T22:20:58.539+0000] {processor.py:925} INFO - DAG(s) 'python_operator_v5' retrieved from /opt/airflow/dags/create_dag_with_python_operator.py
[2024-09-20T22:20:58.605+0000] {logging_mixin.py:190} INFO - [2024-09-20T22:20:58.604+0000] {dag.py:3229} INFO - Sync 1 DAGs
[2024-09-20T22:20:58.690+0000] {logging_mixin.py:190} INFO - [2024-09-20T22:20:58.690+0000] {dag.py:4156} INFO - Setting next_dagrun for python_operator_v5 to 2024-09-21 00:00:00+00:00, run_after=2024-09-22 00:00:00+00:00
[2024-09-20T22:20:58.803+0000] {processor.py:208} INFO - Processing /opt/airflow/dags/create_dag_with_python_operator.py took 0.504 seconds
[2024-09-20T22:21:01.171+0000] {processor.py:186} INFO - Started process (PID=2558) to work on /opt/airflow/dags/create_dag_with_python_operator.py
[2024-09-20T22:21:01.173+0000] {processor.py:914} INFO - Processing file /opt/airflow/dags/create_dag_with_python_operator.py for tasks to queue
[2024-09-20T22:21:01.176+0000] {logging_mixin.py:190} INFO - [2024-09-20T22:21:01.176+0000] {dagbag.py:587} INFO - Filling up the DagBag from /opt/airflow/dags/create_dag_with_python_operator.py
[2024-09-20T22:21:01.363+0000] {processor.py:925} INFO - DAG(s) 'python_operator_v5' retrieved from /opt/airflow/dags/create_dag_with_python_operator.py
[2024-09-20T22:21:01.402+0000] {logging_mixin.py:190} INFO - [2024-09-20T22:21:01.402+0000] {dag.py:3229} INFO - Sync 1 DAGs
[2024-09-20T22:21:01.440+0000] {logging_mixin.py:190} INFO - [2024-09-20T22:21:01.439+0000] {dag.py:4156} INFO - Setting next_dagrun for python_operator_v5 to 2024-09-21 00:00:00+00:00, run_after=2024-09-22 00:00:00+00:00
[2024-09-20T22:21:01.511+0000] {processor.py:208} INFO - Processing /opt/airflow/dags/create_dag_with_python_operator.py took 0.352 seconds
[2024-09-20T22:21:04.100+0000] {processor.py:186} INFO - Started process (PID=2568) to work on /opt/airflow/dags/create_dag_with_python_operator.py
[2024-09-20T22:21:04.102+0000] {processor.py:914} INFO - Processing file /opt/airflow/dags/create_dag_with_python_operator.py for tasks to queue
[2024-09-20T22:21:04.105+0000] {logging_mixin.py:190} INFO - [2024-09-20T22:21:04.105+0000] {dagbag.py:587} INFO - Filling up the DagBag from /opt/airflow/dags/create_dag_with_python_operator.py
[2024-09-20T22:21:04.318+0000] {processor.py:925} INFO - DAG(s) 'python_operator_v5' retrieved from /opt/airflow/dags/create_dag_with_python_operator.py
[2024-09-20T22:21:04.385+0000] {logging_mixin.py:190} INFO - [2024-09-20T22:21:04.384+0000] {dag.py:3229} INFO - Sync 1 DAGs
[2024-09-20T22:21:04.476+0000] {logging_mixin.py:190} INFO - [2024-09-20T22:21:04.475+0000] {dag.py:4156} INFO - Setting next_dagrun for python_operator_v5 to 2024-09-21 00:00:00+00:00, run_after=2024-09-22 00:00:00+00:00
[2024-09-20T22:21:04.589+0000] {processor.py:208} INFO - Processing /opt/airflow/dags/create_dag_with_python_operator.py took 0.505 seconds
[2024-09-20T22:21:08.033+0000] {processor.py:186} INFO - Started process (PID=2573) to work on /opt/airflow/dags/create_dag_with_python_operator.py
[2024-09-20T22:21:08.035+0000] {processor.py:914} INFO - Processing file /opt/airflow/dags/create_dag_with_python_operator.py for tasks to queue
[2024-09-20T22:21:08.039+0000] {logging_mixin.py:190} INFO - [2024-09-20T22:21:08.038+0000] {dagbag.py:587} INFO - Filling up the DagBag from /opt/airflow/dags/create_dag_with_python_operator.py
[2024-09-20T22:21:08.299+0000] {processor.py:925} INFO - DAG(s) 'python_operator_v' retrieved from /opt/airflow/dags/create_dag_with_python_operator.py
[2024-09-20T22:21:08.647+0000] {logging_mixin.py:190} INFO - [2024-09-20T22:21:08.646+0000] {override.py:1900} INFO - Created Permission View: can delete on DAG:python_operator_v
[2024-09-20T22:21:08.666+0000] {logging_mixin.py:190} INFO - [2024-09-20T22:21:08.665+0000] {override.py:1900} INFO - Created Permission View: can read on DAG:python_operator_v
[2024-09-20T22:21:08.681+0000] {logging_mixin.py:190} INFO - [2024-09-20T22:21:08.681+0000] {override.py:1900} INFO - Created Permission View: can edit on DAG:python_operator_v
[2024-09-20T22:21:08.698+0000] {logging_mixin.py:190} INFO - [2024-09-20T22:21:08.698+0000] {override.py:1900} INFO - Created Permission View: can create on DAG Run:python_operator_v
[2024-09-20T22:21:08.711+0000] {logging_mixin.py:190} INFO - [2024-09-20T22:21:08.710+0000] {override.py:1900} INFO - Created Permission View: can delete on DAG Run:python_operator_v
[2024-09-20T22:21:08.723+0000] {logging_mixin.py:190} INFO - [2024-09-20T22:21:08.723+0000] {override.py:1900} INFO - Created Permission View: can read on DAG Run:python_operator_v
[2024-09-20T22:21:08.736+0000] {logging_mixin.py:190} INFO - [2024-09-20T22:21:08.735+0000] {override.py:1900} INFO - Created Permission View: menu access on DAG Run:python_operator_v
[2024-09-20T22:21:08.737+0000] {logging_mixin.py:190} INFO - [2024-09-20T22:21:08.737+0000] {dag.py:3229} INFO - Sync 1 DAGs
[2024-09-20T22:21:08.752+0000] {logging_mixin.py:190} INFO - [2024-09-20T22:21:08.752+0000] {dag.py:3252} INFO - Creating ORM DAG for python_operator_v
[2024-09-20T22:21:08.766+0000] {logging_mixin.py:190} INFO - [2024-09-20T22:21:08.765+0000] {dag.py:4156} INFO - Setting next_dagrun for python_operator_v to 2024-09-21 00:00:00+00:00, run_after=2024-09-22 00:00:00+00:00
[2024-09-20T22:21:08.838+0000] {processor.py:208} INFO - Processing /opt/airflow/dags/create_dag_with_python_operator.py took 0.811 seconds
[2024-09-20T22:21:11.155+0000] {processor.py:186} INFO - Started process (PID=2578) to work on /opt/airflow/dags/create_dag_with_python_operator.py
[2024-09-20T22:21:11.157+0000] {processor.py:914} INFO - Processing file /opt/airflow/dags/create_dag_with_python_operator.py for tasks to queue
[2024-09-20T22:21:11.161+0000] {logging_mixin.py:190} INFO - [2024-09-20T22:21:11.160+0000] {dagbag.py:587} INFO - Filling up the DagBag from /opt/airflow/dags/create_dag_with_python_operator.py
[2024-09-20T22:21:11.325+0000] {processor.py:925} INFO - DAG(s) 'python_operator_v6' retrieved from /opt/airflow/dags/create_dag_with_python_operator.py
[2024-09-20T22:21:11.648+0000] {logging_mixin.py:190} INFO - [2024-09-20T22:21:11.646+0000] {override.py:1900} INFO - Created Permission View: can delete on DAG:python_operator_v6
[2024-09-20T22:21:11.667+0000] {logging_mixin.py:190} INFO - [2024-09-20T22:21:11.666+0000] {override.py:1900} INFO - Created Permission View: can read on DAG:python_operator_v6
[2024-09-20T22:21:11.680+0000] {logging_mixin.py:190} INFO - [2024-09-20T22:21:11.679+0000] {override.py:1900} INFO - Created Permission View: can edit on DAG:python_operator_v6
[2024-09-20T22:21:11.698+0000] {logging_mixin.py:190} INFO - [2024-09-20T22:21:11.698+0000] {override.py:1900} INFO - Created Permission View: can create on DAG Run:python_operator_v6
[2024-09-20T22:21:11.713+0000] {logging_mixin.py:190} INFO - [2024-09-20T22:21:11.712+0000] {override.py:1900} INFO - Created Permission View: can delete on DAG Run:python_operator_v6
[2024-09-20T22:21:11.727+0000] {logging_mixin.py:190} INFO - [2024-09-20T22:21:11.726+0000] {override.py:1900} INFO - Created Permission View: can read on DAG Run:python_operator_v6
[2024-09-20T22:21:11.740+0000] {logging_mixin.py:190} INFO - [2024-09-20T22:21:11.739+0000] {override.py:1900} INFO - Created Permission View: menu access on DAG Run:python_operator_v6
[2024-09-20T22:21:11.741+0000] {logging_mixin.py:190} INFO - [2024-09-20T22:21:11.741+0000] {dag.py:3229} INFO - Sync 1 DAGs
[2024-09-20T22:21:11.758+0000] {logging_mixin.py:190} INFO - [2024-09-20T22:21:11.757+0000] {dag.py:3252} INFO - Creating ORM DAG for python_operator_v6
[2024-09-20T22:21:11.774+0000] {logging_mixin.py:190} INFO - [2024-09-20T22:21:11.774+0000] {dag.py:4156} INFO - Setting next_dagrun for python_operator_v6 to 2024-09-21 00:00:00+00:00, run_after=2024-09-22 00:00:00+00:00
[2024-09-20T22:21:11.842+0000] {processor.py:208} INFO - Processing /opt/airflow/dags/create_dag_with_python_operator.py took 0.694 seconds
[2024-09-20T22:21:12.348+0000] {processor.py:186} INFO - Started process (PID=2583) to work on /opt/airflow/dags/create_dag_with_python_operator.py
[2024-09-20T22:21:12.349+0000] {processor.py:914} INFO - Processing file /opt/airflow/dags/create_dag_with_python_operator.py for tasks to queue
[2024-09-20T22:21:12.353+0000] {logging_mixin.py:190} INFO - [2024-09-20T22:21:12.351+0000] {dagbag.py:587} INFO - Filling up the DagBag from /opt/airflow/dags/create_dag_with_python_operator.py
[2024-09-20T22:21:12.521+0000] {processor.py:925} INFO - DAG(s) 'python_operator_v6' retrieved from /opt/airflow/dags/create_dag_with_python_operator.py
[2024-09-20T22:21:12.537+0000] {logging_mixin.py:190} INFO - [2024-09-20T22:21:12.536+0000] {dag.py:3229} INFO - Sync 1 DAGs
[2024-09-20T22:21:12.573+0000] {logging_mixin.py:190} INFO - [2024-09-20T22:21:12.573+0000] {dag.py:4156} INFO - Setting next_dagrun for python_operator_v6 to 2024-09-21 00:00:00+00:00, run_after=2024-09-22 00:00:00+00:00
[2024-09-20T22:21:12.623+0000] {processor.py:208} INFO - Processing /opt/airflow/dags/create_dag_with_python_operator.py took 0.284 seconds
[2024-09-20T22:21:22.846+0000] {processor.py:186} INFO - Started process (PID=2591) to work on /opt/airflow/dags/create_dag_with_python_operator.py
[2024-09-20T22:21:22.848+0000] {processor.py:914} INFO - Processing file /opt/airflow/dags/create_dag_with_python_operator.py for tasks to queue
[2024-09-20T22:21:22.853+0000] {logging_mixin.py:190} INFO - [2024-09-20T22:21:22.851+0000] {dagbag.py:587} INFO - Filling up the DagBag from /opt/airflow/dags/create_dag_with_python_operator.py
[2024-09-20T22:21:23.075+0000] {logging_mixin.py:190} INFO - [2024-09-20T22:21:23.073+0000] {dagbag.py:386} ERROR - Failed to import: /opt/airflow/dags/create_dag_with_python_operator.py
Traceback (most recent call last):
  File "/home/airflow/.local/lib/python3.12/site-packages/airflow/models/dagbag.py", line 382, in parse
    loader.exec_module(new_module)
  File "<frozen importlib._bootstrap_external>", line 991, in exec_module
  File "<frozen importlib._bootstrap_external>", line 1129, in get_code
  File "<frozen importlib._bootstrap_external>", line 1059, in source_to_code
  File "<frozen importlib._bootstrap>", line 488, in _call_with_frames_removed
  File "/opt/airflow/dags/create_dag_with_python_operator.py", line 26
    taskInstance..xcom_push(key="last_name", value="Fridman")
                 ^
SyntaxError: invalid syntax
[2024-09-20T22:21:23.082+0000] {processor.py:927} WARNING - No viable dags retrieved from /opt/airflow/dags/create_dag_with_python_operator.py
[2024-09-20T22:21:23.120+0000] {processor.py:208} INFO - Processing /opt/airflow/dags/create_dag_with_python_operator.py took 0.288 seconds
[2024-09-20T22:21:26.059+0000] {processor.py:186} INFO - Started process (PID=2596) to work on /opt/airflow/dags/create_dag_with_python_operator.py
[2024-09-20T22:21:26.061+0000] {processor.py:914} INFO - Processing file /opt/airflow/dags/create_dag_with_python_operator.py for tasks to queue
[2024-09-20T22:21:26.063+0000] {logging_mixin.py:190} INFO - [2024-09-20T22:21:26.063+0000] {dagbag.py:587} INFO - Filling up the DagBag from /opt/airflow/dags/create_dag_with_python_operator.py
[2024-09-20T22:21:26.205+0000] {processor.py:925} INFO - DAG(s) 'python_operator_v6' retrieved from /opt/airflow/dags/create_dag_with_python_operator.py
[2024-09-20T22:21:26.220+0000] {logging_mixin.py:190} INFO - [2024-09-20T22:21:26.220+0000] {dag.py:3229} INFO - Sync 1 DAGs
[2024-09-20T22:21:26.264+0000] {logging_mixin.py:190} INFO - [2024-09-20T22:21:26.264+0000] {dag.py:4156} INFO - Setting next_dagrun for python_operator_v6 to 2024-09-21 00:00:00+00:00, run_after=2024-09-22 00:00:00+00:00
[2024-09-20T22:21:26.327+0000] {processor.py:208} INFO - Processing /opt/airflow/dags/create_dag_with_python_operator.py took 0.278 seconds
[2024-09-20T22:21:56.607+0000] {processor.py:186} INFO - Started process (PID=2612) to work on /opt/airflow/dags/create_dag_with_python_operator.py
[2024-09-20T22:21:56.609+0000] {processor.py:914} INFO - Processing file /opt/airflow/dags/create_dag_with_python_operator.py for tasks to queue
[2024-09-20T22:21:56.613+0000] {logging_mixin.py:190} INFO - [2024-09-20T22:21:56.612+0000] {dagbag.py:587} INFO - Filling up the DagBag from /opt/airflow/dags/create_dag_with_python_operator.py
[2024-09-20T22:21:56.695+0000] {processor.py:925} INFO - DAG(s) 'python_operator_v6' retrieved from /opt/airflow/dags/create_dag_with_python_operator.py
[2024-09-20T22:21:56.726+0000] {logging_mixin.py:190} INFO - [2024-09-20T22:21:56.726+0000] {dag.py:3229} INFO - Sync 1 DAGs
[2024-09-20T22:21:56.755+0000] {logging_mixin.py:190} INFO - [2024-09-20T22:21:56.755+0000] {dag.py:4156} INFO - Setting next_dagrun for python_operator_v6 to 2024-09-21 00:00:00+00:00, run_after=2024-09-22 00:00:00+00:00
[2024-09-20T22:21:56.795+0000] {processor.py:208} INFO - Processing /opt/airflow/dags/create_dag_with_python_operator.py took 0.197 seconds
[2024-09-20T22:22:27.626+0000] {processor.py:186} INFO - Started process (PID=2625) to work on /opt/airflow/dags/create_dag_with_python_operator.py
[2024-09-20T22:22:27.629+0000] {processor.py:914} INFO - Processing file /opt/airflow/dags/create_dag_with_python_operator.py for tasks to queue
[2024-09-20T22:22:27.634+0000] {logging_mixin.py:190} INFO - [2024-09-20T22:22:27.633+0000] {dagbag.py:587} INFO - Filling up the DagBag from /opt/airflow/dags/create_dag_with_python_operator.py
[2024-09-20T22:22:27.859+0000] {processor.py:925} INFO - DAG(s) 'python_operator_v' retrieved from /opt/airflow/dags/create_dag_with_python_operator.py
[2024-09-20T22:22:27.902+0000] {logging_mixin.py:190} INFO - [2024-09-20T22:22:27.901+0000] {dag.py:3229} INFO - Sync 1 DAGs
[2024-09-20T22:22:27.946+0000] {logging_mixin.py:190} INFO - [2024-09-20T22:22:27.946+0000] {dag.py:4156} INFO - Setting next_dagrun for python_operator_v to 2024-09-21 00:00:00+00:00, run_after=2024-09-22 00:00:00+00:00
[2024-09-20T22:22:28.044+0000] {processor.py:208} INFO - Processing /opt/airflow/dags/create_dag_with_python_operator.py took 0.427 seconds
[2024-09-20T22:22:31.929+0000] {processor.py:186} INFO - Started process (PID=2630) to work on /opt/airflow/dags/create_dag_with_python_operator.py
[2024-09-20T22:22:31.931+0000] {processor.py:914} INFO - Processing file /opt/airflow/dags/create_dag_with_python_operator.py for tasks to queue
[2024-09-20T22:22:31.933+0000] {logging_mixin.py:190} INFO - [2024-09-20T22:22:31.933+0000] {dagbag.py:587} INFO - Filling up the DagBag from /opt/airflow/dags/create_dag_with_python_operator.py
[2024-09-20T22:22:32.100+0000] {processor.py:925} INFO - DAG(s) 'python_operator_v5' retrieved from /opt/airflow/dags/create_dag_with_python_operator.py
[2024-09-20T22:22:32.345+0000] {logging_mixin.py:190} INFO - [2024-09-20T22:22:32.345+0000] {dag.py:3229} INFO - Sync 1 DAGs
[2024-09-20T22:22:32.557+0000] {logging_mixin.py:190} INFO - [2024-09-20T22:22:32.557+0000] {dag.py:4156} INFO - Setting next_dagrun for python_operator_v5 to 2024-09-21 00:00:00+00:00, run_after=2024-09-22 00:00:00+00:00
[2024-09-20T22:22:32.632+0000] {processor.py:208} INFO - Processing /opt/airflow/dags/create_dag_with_python_operator.py took 0.711 seconds
[2024-09-20T22:22:34.044+0000] {processor.py:186} INFO - Started process (PID=2635) to work on /opt/airflow/dags/create_dag_with_python_operator.py
[2024-09-20T22:22:34.046+0000] {processor.py:914} INFO - Processing file /opt/airflow/dags/create_dag_with_python_operator.py for tasks to queue
[2024-09-20T22:22:34.049+0000] {logging_mixin.py:190} INFO - [2024-09-20T22:22:34.048+0000] {dagbag.py:587} INFO - Filling up the DagBag from /opt/airflow/dags/create_dag_with_python_operator.py
[2024-09-20T22:22:34.203+0000] {processor.py:925} INFO - DAG(s) 'python_operator_v5' retrieved from /opt/airflow/dags/create_dag_with_python_operator.py
[2024-09-20T22:22:34.224+0000] {logging_mixin.py:190} INFO - [2024-09-20T22:22:34.223+0000] {dag.py:3229} INFO - Sync 1 DAGs
[2024-09-20T22:22:34.288+0000] {logging_mixin.py:190} INFO - [2024-09-20T22:22:34.287+0000] {dag.py:4156} INFO - Setting next_dagrun for python_operator_v5 to 2024-09-21 00:00:00+00:00, run_after=2024-09-22 00:00:00+00:00
[2024-09-20T22:22:34.369+0000] {processor.py:208} INFO - Processing /opt/airflow/dags/create_dag_with_python_operator.py took 0.332 seconds
[2024-09-20T22:22:36.688+0000] {processor.py:186} INFO - Started process (PID=2645) to work on /opt/airflow/dags/create_dag_with_python_operator.py
[2024-09-20T22:22:36.690+0000] {processor.py:914} INFO - Processing file /opt/airflow/dags/create_dag_with_python_operator.py for tasks to queue
[2024-09-20T22:22:36.692+0000] {logging_mixin.py:190} INFO - [2024-09-20T22:22:36.692+0000] {dagbag.py:587} INFO - Filling up the DagBag from /opt/airflow/dags/create_dag_with_python_operator.py
[2024-09-20T22:22:36.841+0000] {processor.py:925} INFO - DAG(s) 'python_operator_v6' retrieved from /opt/airflow/dags/create_dag_with_python_operator.py
[2024-09-20T22:22:36.875+0000] {logging_mixin.py:190} INFO - [2024-09-20T22:22:36.875+0000] {dag.py:3229} INFO - Sync 1 DAGs
[2024-09-20T22:22:36.911+0000] {logging_mixin.py:190} INFO - [2024-09-20T22:22:36.911+0000] {dag.py:4156} INFO - Setting next_dagrun for python_operator_v6 to 2024-09-21 00:00:00+00:00, run_after=2024-09-22 00:00:00+00:00
[2024-09-20T22:22:36.990+0000] {processor.py:208} INFO - Processing /opt/airflow/dags/create_dag_with_python_operator.py took 0.310 seconds
[2024-09-20T22:23:03.785+0000] {processor.py:186} INFO - Started process (PID=2659) to work on /opt/airflow/dags/create_dag_with_python_operator.py
[2024-09-20T22:23:03.787+0000] {processor.py:914} INFO - Processing file /opt/airflow/dags/create_dag_with_python_operator.py for tasks to queue
[2024-09-20T22:23:03.791+0000] {logging_mixin.py:190} INFO - [2024-09-20T22:23:03.790+0000] {dagbag.py:587} INFO - Filling up the DagBag from /opt/airflow/dags/create_dag_with_python_operator.py
[2024-09-20T22:23:04.061+0000] {processor.py:925} INFO - DAG(s) 'python_operator_v6' retrieved from /opt/airflow/dags/create_dag_with_python_operator.py
[2024-09-20T22:23:04.135+0000] {logging_mixin.py:190} INFO - [2024-09-20T22:23:04.134+0000] {dag.py:3229} INFO - Sync 1 DAGs
[2024-09-20T22:23:04.206+0000] {logging_mixin.py:190} INFO - [2024-09-20T22:23:04.206+0000] {dag.py:4156} INFO - Setting next_dagrun for python_operator_v6 to 2024-09-21 00:00:00+00:00, run_after=2024-09-22 00:00:00+00:00
[2024-09-20T22:23:04.282+0000] {processor.py:208} INFO - Processing /opt/airflow/dags/create_dag_with_python_operator.py took 0.511 seconds
[2024-09-20T22:23:13.144+0000] {processor.py:186} INFO - Started process (PID=2669) to work on /opt/airflow/dags/create_dag_with_python_operator.py
[2024-09-20T22:23:13.146+0000] {processor.py:914} INFO - Processing file /opt/airflow/dags/create_dag_with_python_operator.py for tasks to queue
[2024-09-20T22:23:13.150+0000] {logging_mixin.py:190} INFO - [2024-09-20T22:23:13.149+0000] {dagbag.py:587} INFO - Filling up the DagBag from /opt/airflow/dags/create_dag_with_python_operator.py
[2024-09-20T22:23:13.290+0000] {processor.py:925} INFO - DAG(s) 'python_operator_v6' retrieved from /opt/airflow/dags/create_dag_with_python_operator.py
[2024-09-20T22:23:13.333+0000] {logging_mixin.py:190} INFO - [2024-09-20T22:23:13.333+0000] {dag.py:3229} INFO - Sync 1 DAGs
[2024-09-20T22:23:13.369+0000] {logging_mixin.py:190} INFO - [2024-09-20T22:23:13.369+0000] {dag.py:4156} INFO - Setting next_dagrun for python_operator_v6 to 2024-09-21 00:00:00+00:00, run_after=2024-09-22 00:00:00+00:00
[2024-09-20T22:23:13.427+0000] {processor.py:208} INFO - Processing /opt/airflow/dags/create_dag_with_python_operator.py took 0.291 seconds
[2024-09-20T22:23:15.461+0000] {processor.py:186} INFO - Started process (PID=2674) to work on /opt/airflow/dags/create_dag_with_python_operator.py
[2024-09-20T22:23:15.463+0000] {processor.py:914} INFO - Processing file /opt/airflow/dags/create_dag_with_python_operator.py for tasks to queue
[2024-09-20T22:23:15.465+0000] {logging_mixin.py:190} INFO - [2024-09-20T22:23:15.465+0000] {dagbag.py:587} INFO - Filling up the DagBag from /opt/airflow/dags/create_dag_with_python_operator.py
[2024-09-20T22:23:15.655+0000] {processor.py:925} INFO - DAG(s) 'python_operator_v6' retrieved from /opt/airflow/dags/create_dag_with_python_operator.py
[2024-09-20T22:23:15.685+0000] {logging_mixin.py:190} INFO - [2024-09-20T22:23:15.684+0000] {dag.py:3229} INFO - Sync 1 DAGs
[2024-09-20T22:23:15.714+0000] {logging_mixin.py:190} INFO - [2024-09-20T22:23:15.714+0000] {dag.py:4156} INFO - Setting next_dagrun for python_operator_v6 to 2024-09-21 00:00:00+00:00, run_after=2024-09-22 00:00:00+00:00
[2024-09-20T22:23:15.814+0000] {processor.py:208} INFO - Processing /opt/airflow/dags/create_dag_with_python_operator.py took 0.362 seconds
[2024-09-20T22:23:18.615+0000] {processor.py:186} INFO - Started process (PID=2679) to work on /opt/airflow/dags/create_dag_with_python_operator.py
[2024-09-20T22:23:18.617+0000] {processor.py:914} INFO - Processing file /opt/airflow/dags/create_dag_with_python_operator.py for tasks to queue
[2024-09-20T22:23:18.624+0000] {logging_mixin.py:190} INFO - [2024-09-20T22:23:18.621+0000] {dagbag.py:587} INFO - Filling up the DagBag from /opt/airflow/dags/create_dag_with_python_operator.py
[2024-09-20T22:23:18.868+0000] {processor.py:925} INFO - DAG(s) 'python_operator_v6' retrieved from /opt/airflow/dags/create_dag_with_python_operator.py
[2024-09-20T22:23:18.947+0000] {logging_mixin.py:190} INFO - [2024-09-20T22:23:18.947+0000] {dag.py:3229} INFO - Sync 1 DAGs
[2024-09-20T22:23:19.004+0000] {logging_mixin.py:190} INFO - [2024-09-20T22:23:19.003+0000] {dag.py:4156} INFO - Setting next_dagrun for python_operator_v6 to 2024-09-21 00:00:00+00:00, run_after=2024-09-22 00:00:00+00:00
[2024-09-20T22:23:19.087+0000] {processor.py:208} INFO - Processing /opt/airflow/dags/create_dag_with_python_operator.py took 0.483 seconds
[2024-09-20T22:23:20.374+0000] {processor.py:186} INFO - Started process (PID=2684) to work on /opt/airflow/dags/create_dag_with_python_operator.py
[2024-09-20T22:23:20.382+0000] {processor.py:914} INFO - Processing file /opt/airflow/dags/create_dag_with_python_operator.py for tasks to queue
[2024-09-20T22:23:20.388+0000] {logging_mixin.py:190} INFO - [2024-09-20T22:23:20.387+0000] {dagbag.py:587} INFO - Filling up the DagBag from /opt/airflow/dags/create_dag_with_python_operator.py
[2024-09-20T22:23:20.632+0000] {processor.py:925} INFO - DAG(s) 'python_operator_v6' retrieved from /opt/airflow/dags/create_dag_with_python_operator.py
[2024-09-20T22:23:20.704+0000] {logging_mixin.py:190} INFO - [2024-09-20T22:23:20.703+0000] {dag.py:3229} INFO - Sync 1 DAGs
[2024-09-20T22:23:20.767+0000] {logging_mixin.py:190} INFO - [2024-09-20T22:23:20.766+0000] {dag.py:4156} INFO - Setting next_dagrun for python_operator_v6 to 2024-09-21 00:00:00+00:00, run_after=2024-09-22 00:00:00+00:00
[2024-09-20T22:23:20.896+0000] {processor.py:208} INFO - Processing /opt/airflow/dags/create_dag_with_python_operator.py took 0.534 seconds
[2024-09-20T22:23:38.537+0000] {processor.py:186} INFO - Started process (PID=2697) to work on /opt/airflow/dags/create_dag_with_python_operator.py
[2024-09-20T22:23:38.539+0000] {processor.py:914} INFO - Processing file /opt/airflow/dags/create_dag_with_python_operator.py for tasks to queue
[2024-09-20T22:23:38.542+0000] {logging_mixin.py:190} INFO - [2024-09-20T22:23:38.542+0000] {dagbag.py:587} INFO - Filling up the DagBag from /opt/airflow/dags/create_dag_with_python_operator.py
[2024-09-20T22:23:38.695+0000] {logging_mixin.py:190} INFO - [2024-09-20T22:23:38.692+0000] {dagbag.py:386} ERROR - Failed to import: /opt/airflow/dags/create_dag_with_python_operator.py
Traceback (most recent call last):
  File "/home/airflow/.local/lib/python3.12/site-packages/airflow/models/dagbag.py", line 382, in parse
    loader.exec_module(new_module)
  File "<frozen importlib._bootstrap_external>", line 991, in exec_module
  File "<frozen importlib._bootstrap_external>", line 1129, in get_code
  File "<frozen importlib._bootstrap_external>", line 1059, in source_to_code
  File "<frozen importlib._bootstrap>", line 488, in _call_with_frames_removed
  File "/opt/airflow/dags/create_dag_with_python_operator.py", line 28
    def get_age()
                 ^
SyntaxError: expected ':'
[2024-09-20T22:23:38.696+0000] {processor.py:927} WARNING - No viable dags retrieved from /opt/airflow/dags/create_dag_with_python_operator.py
[2024-09-20T22:23:38.738+0000] {processor.py:208} INFO - Processing /opt/airflow/dags/create_dag_with_python_operator.py took 0.209 seconds
[2024-09-20T22:23:40.971+0000] {processor.py:186} INFO - Started process (PID=2702) to work on /opt/airflow/dags/create_dag_with_python_operator.py
[2024-09-20T22:23:40.973+0000] {processor.py:914} INFO - Processing file /opt/airflow/dags/create_dag_with_python_operator.py for tasks to queue
[2024-09-20T22:23:40.976+0000] {logging_mixin.py:190} INFO - [2024-09-20T22:23:40.975+0000] {dagbag.py:587} INFO - Filling up the DagBag from /opt/airflow/dags/create_dag_with_python_operator.py
[2024-09-20T22:23:41.139+0000] {logging_mixin.py:190} INFO - [2024-09-20T22:23:41.137+0000] {dagbag.py:386} ERROR - Failed to import: /opt/airflow/dags/create_dag_with_python_operator.py
Traceback (most recent call last):
  File "/home/airflow/.local/lib/python3.12/site-packages/airflow/models/dagbag.py", line 382, in parse
    loader.exec_module(new_module)
  File "<frozen importlib._bootstrap_external>", line 991, in exec_module
  File "<frozen importlib._bootstrap_external>", line 1129, in get_code
  File "<frozen importlib._bootstrap_external>", line 1059, in source_to_code
  File "<frozen importlib._bootstrap>", line 488, in _call_with_frames_removed
  File "/opt/airflow/dags/create_dag_with_python_operator.py", line 28
    def get_age(ti)
                   ^
SyntaxError: expected ':'
[2024-09-20T22:23:41.141+0000] {processor.py:927} WARNING - No viable dags retrieved from /opt/airflow/dags/create_dag_with_python_operator.py
[2024-09-20T22:23:41.168+0000] {processor.py:208} INFO - Processing /opt/airflow/dags/create_dag_with_python_operator.py took 0.205 seconds
[2024-09-20T22:23:44.300+0000] {processor.py:186} INFO - Started process (PID=2707) to work on /opt/airflow/dags/create_dag_with_python_operator.py
[2024-09-20T22:23:44.307+0000] {processor.py:914} INFO - Processing file /opt/airflow/dags/create_dag_with_python_operator.py for tasks to queue
[2024-09-20T22:23:44.315+0000] {logging_mixin.py:190} INFO - [2024-09-20T22:23:44.314+0000] {dagbag.py:587} INFO - Filling up the DagBag from /opt/airflow/dags/create_dag_with_python_operator.py
[2024-09-20T22:23:44.543+0000] {logging_mixin.py:190} INFO - [2024-09-20T22:23:44.541+0000] {dagbag.py:386} ERROR - Failed to import: /opt/airflow/dags/create_dag_with_python_operator.py
Traceback (most recent call last):
  File "/home/airflow/.local/lib/python3.12/site-packages/airflow/models/dagbag.py", line 382, in parse
    loader.exec_module(new_module)
  File "<frozen importlib._bootstrap_external>", line 991, in exec_module
  File "<frozen importlib._bootstrap_external>", line 1129, in get_code
  File "<frozen importlib._bootstrap_external>", line 1059, in source_to_code
  File "<frozen importlib._bootstrap>", line 488, in _call_with_frames_removed
  File "/opt/airflow/dags/create_dag_with_python_operator.py", line 28
    def get_age(ti)
                   ^
SyntaxError: expected ':'
[2024-09-20T22:23:44.552+0000] {processor.py:927} WARNING - No viable dags retrieved from /opt/airflow/dags/create_dag_with_python_operator.py
[2024-09-20T22:23:44.582+0000] {processor.py:208} INFO - Processing /opt/airflow/dags/create_dag_with_python_operator.py took 0.295 seconds
[2024-09-20T22:23:45.898+0000] {processor.py:186} INFO - Started process (PID=2712) to work on /opt/airflow/dags/create_dag_with_python_operator.py
[2024-09-20T22:23:45.928+0000] {processor.py:914} INFO - Processing file /opt/airflow/dags/create_dag_with_python_operator.py for tasks to queue
[2024-09-20T22:23:45.941+0000] {logging_mixin.py:190} INFO - [2024-09-20T22:23:45.940+0000] {dagbag.py:587} INFO - Filling up the DagBag from /opt/airflow/dags/create_dag_with_python_operator.py
[2024-09-20T22:23:46.360+0000] {logging_mixin.py:190} INFO - [2024-09-20T22:23:46.357+0000] {dagbag.py:386} ERROR - Failed to import: /opt/airflow/dags/create_dag_with_python_operator.py
Traceback (most recent call last):
  File "/home/airflow/.local/lib/python3.12/site-packages/airflow/models/dagbag.py", line 382, in parse
    loader.exec_module(new_module)
  File "<frozen importlib._bootstrap_external>", line 991, in exec_module
  File "<frozen importlib._bootstrap_external>", line 1129, in get_code
  File "<frozen importlib._bootstrap_external>", line 1059, in source_to_code
  File "<frozen importlib._bootstrap>", line 488, in _call_with_frames_removed
  File "/opt/airflow/dags/create_dag_with_python_operator.py", line 28
    def get_age(ti)
                   ^
SyntaxError: expected ':'
[2024-09-20T22:23:46.366+0000] {processor.py:927} WARNING - No viable dags retrieved from /opt/airflow/dags/create_dag_with_python_operator.py
[2024-09-20T22:23:46.406+0000] {processor.py:208} INFO - Processing /opt/airflow/dags/create_dag_with_python_operator.py took 0.518 seconds
[2024-09-20T22:23:59.272+0000] {processor.py:186} INFO - Started process (PID=2720) to work on /opt/airflow/dags/create_dag_with_python_operator.py
[2024-09-20T22:23:59.274+0000] {processor.py:914} INFO - Processing file /opt/airflow/dags/create_dag_with_python_operator.py for tasks to queue
[2024-09-20T22:23:59.277+0000] {logging_mixin.py:190} INFO - [2024-09-20T22:23:59.276+0000] {dagbag.py:587} INFO - Filling up the DagBag from /opt/airflow/dags/create_dag_with_python_operator.py
[2024-09-20T22:23:59.424+0000] {logging_mixin.py:190} INFO - [2024-09-20T22:23:59.423+0000] {dagbag.py:386} ERROR - Failed to import: /opt/airflow/dags/create_dag_with_python_operator.py
Traceback (most recent call last):
  File "/home/airflow/.local/lib/python3.12/site-packages/airflow/models/dagbag.py", line 382, in parse
    loader.exec_module(new_module)
  File "<frozen importlib._bootstrap_external>", line 991, in exec_module
  File "<frozen importlib._bootstrap_external>", line 1129, in get_code
  File "<frozen importlib._bootstrap_external>", line 1059, in source_to_code
  File "<frozen importlib._bootstrap>", line 488, in _call_with_frames_removed
  File "/opt/airflow/dags/create_dag_with_python_operator.py", line 28
    def get_age(ti)
                   ^
SyntaxError: expected ':'
[2024-09-20T22:23:59.426+0000] {processor.py:927} WARNING - No viable dags retrieved from /opt/airflow/dags/create_dag_with_python_operator.py
[2024-09-20T22:23:59.458+0000] {processor.py:208} INFO - Processing /opt/airflow/dags/create_dag_with_python_operator.py took 0.199 seconds
[2024-09-20T22:24:05.784+0000] {processor.py:186} INFO - Started process (PID=2725) to work on /opt/airflow/dags/create_dag_with_python_operator.py
[2024-09-20T22:24:05.788+0000] {processor.py:914} INFO - Processing file /opt/airflow/dags/create_dag_with_python_operator.py for tasks to queue
[2024-09-20T22:24:05.791+0000] {logging_mixin.py:190} INFO - [2024-09-20T22:24:05.790+0000] {dagbag.py:587} INFO - Filling up the DagBag from /opt/airflow/dags/create_dag_with_python_operator.py
[2024-09-20T22:24:05.974+0000] {logging_mixin.py:190} INFO - [2024-09-20T22:24:05.973+0000] {dagbag.py:386} ERROR - Failed to import: /opt/airflow/dags/create_dag_with_python_operator.py
Traceback (most recent call last):
  File "/home/airflow/.local/lib/python3.12/site-packages/airflow/models/dagbag.py", line 382, in parse
    loader.exec_module(new_module)
  File "<frozen importlib._bootstrap_external>", line 991, in exec_module
  File "<frozen importlib._bootstrap_external>", line 1129, in get_code
  File "<frozen importlib._bootstrap_external>", line 1059, in source_to_code
  File "<frozen importlib._bootstrap>", line 488, in _call_with_frames_removed
  File "/opt/airflow/dags/create_dag_with_python_operator.py", line 28
    def get_age(ti)
                   ^
SyntaxError: expected ':'
[2024-09-20T22:24:05.976+0000] {processor.py:927} WARNING - No viable dags retrieved from /opt/airflow/dags/create_dag_with_python_operator.py
[2024-09-20T22:24:06.012+0000] {processor.py:208} INFO - Processing /opt/airflow/dags/create_dag_with_python_operator.py took 0.237 seconds
[2024-09-20T22:24:22.904+0000] {processor.py:186} INFO - Started process (PID=2735) to work on /opt/airflow/dags/create_dag_with_python_operator.py
[2024-09-20T22:24:22.907+0000] {processor.py:914} INFO - Processing file /opt/airflow/dags/create_dag_with_python_operator.py for tasks to queue
[2024-09-20T22:24:22.911+0000] {logging_mixin.py:190} INFO - [2024-09-20T22:24:22.910+0000] {dagbag.py:587} INFO - Filling up the DagBag from /opt/airflow/dags/create_dag_with_python_operator.py
[2024-09-20T22:24:23.093+0000] {logging_mixin.py:190} INFO - [2024-09-20T22:24:23.091+0000] {dagbag.py:386} ERROR - Failed to import: /opt/airflow/dags/create_dag_with_python_operator.py
Traceback (most recent call last):
  File "/home/airflow/.local/lib/python3.12/site-packages/airflow/models/dagbag.py", line 382, in parse
    loader.exec_module(new_module)
  File "<frozen importlib._bootstrap_external>", line 991, in exec_module
  File "<frozen importlib._bootstrap_external>", line 1129, in get_code
  File "<frozen importlib._bootstrap_external>", line 1059, in source_to_code
  File "<frozen importlib._bootstrap>", line 488, in _call_with_frames_removed
  File "/opt/airflow/dags/create_dag_with_python_operator.py", line 28
    def get_age(ti)
                   ^
SyntaxError: expected ':'
[2024-09-20T22:24:23.098+0000] {processor.py:927} WARNING - No viable dags retrieved from /opt/airflow/dags/create_dag_with_python_operator.py
[2024-09-20T22:24:23.153+0000] {processor.py:208} INFO - Processing /opt/airflow/dags/create_dag_with_python_operator.py took 0.268 seconds
[2024-09-20T22:24:39.309+0000] {processor.py:186} INFO - Started process (PID=2743) to work on /opt/airflow/dags/create_dag_with_python_operator.py
[2024-09-20T22:24:39.311+0000] {processor.py:914} INFO - Processing file /opt/airflow/dags/create_dag_with_python_operator.py for tasks to queue
[2024-09-20T22:24:39.314+0000] {logging_mixin.py:190} INFO - [2024-09-20T22:24:39.313+0000] {dagbag.py:587} INFO - Filling up the DagBag from /opt/airflow/dags/create_dag_with_python_operator.py
[2024-09-20T22:24:39.450+0000] {logging_mixin.py:190} INFO - [2024-09-20T22:24:39.448+0000] {dagbag.py:386} ERROR - Failed to import: /opt/airflow/dags/create_dag_with_python_operator.py
Traceback (most recent call last):
  File "/home/airflow/.local/lib/python3.12/site-packages/airflow/models/dagbag.py", line 382, in parse
    loader.exec_module(new_module)
  File "<frozen importlib._bootstrap_external>", line 991, in exec_module
  File "<frozen importlib._bootstrap_external>", line 1129, in get_code
  File "<frozen importlib._bootstrap_external>", line 1059, in source_to_code
  File "<frozen importlib._bootstrap>", line 488, in _call_with_frames_removed
  File "/opt/airflow/dags/create_dag_with_python_operator.py", line 28
    def get_age(ti)
                   ^
SyntaxError: expected ':'
[2024-09-20T22:24:39.452+0000] {processor.py:927} WARNING - No viable dags retrieved from /opt/airflow/dags/create_dag_with_python_operator.py
[2024-09-20T22:24:39.499+0000] {processor.py:208} INFO - Processing /opt/airflow/dags/create_dag_with_python_operator.py took 0.202 seconds
[2024-09-20T22:24:40.959+0000] {processor.py:186} INFO - Started process (PID=2753) to work on /opt/airflow/dags/create_dag_with_python_operator.py
[2024-09-20T22:24:40.962+0000] {processor.py:914} INFO - Processing file /opt/airflow/dags/create_dag_with_python_operator.py for tasks to queue
[2024-09-20T22:24:40.965+0000] {logging_mixin.py:190} INFO - [2024-09-20T22:24:40.964+0000] {dagbag.py:587} INFO - Filling up the DagBag from /opt/airflow/dags/create_dag_with_python_operator.py
[2024-09-20T22:24:41.220+0000] {logging_mixin.py:190} INFO - [2024-09-20T22:24:41.211+0000] {dagbag.py:386} ERROR - Failed to import: /opt/airflow/dags/create_dag_with_python_operator.py
Traceback (most recent call last):
  File "/home/airflow/.local/lib/python3.12/site-packages/airflow/models/dagbag.py", line 382, in parse
    loader.exec_module(new_module)
  File "<frozen importlib._bootstrap_external>", line 991, in exec_module
  File "<frozen importlib._bootstrap_external>", line 1129, in get_code
  File "<frozen importlib._bootstrap_external>", line 1059, in source_to_code
  File "<frozen importlib._bootstrap>", line 488, in _call_with_frames_removed
  File "/opt/airflow/dags/create_dag_with_python_operator.py", line 28
    def get_age(ti)
                   ^
SyntaxError: expected ':'
[2024-09-20T22:24:41.225+0000] {processor.py:927} WARNING - No viable dags retrieved from /opt/airflow/dags/create_dag_with_python_operator.py
[2024-09-20T22:24:41.272+0000] {processor.py:208} INFO - Processing /opt/airflow/dags/create_dag_with_python_operator.py took 0.336 seconds
[2024-09-20T22:25:05.386+0000] {processor.py:186} INFO - Started process (PID=2761) to work on /opt/airflow/dags/create_dag_with_python_operator.py
[2024-09-20T22:25:05.388+0000] {processor.py:914} INFO - Processing file /opt/airflow/dags/create_dag_with_python_operator.py for tasks to queue
[2024-09-20T22:25:05.390+0000] {logging_mixin.py:190} INFO - [2024-09-20T22:25:05.389+0000] {dagbag.py:587} INFO - Filling up the DagBag from /opt/airflow/dags/create_dag_with_python_operator.py
[2024-09-20T22:25:05.504+0000] {logging_mixin.py:190} INFO - [2024-09-20T22:25:05.503+0000] {dagbag.py:386} ERROR - Failed to import: /opt/airflow/dags/create_dag_with_python_operator.py
Traceback (most recent call last):
  File "/home/airflow/.local/lib/python3.12/site-packages/airflow/models/dagbag.py", line 382, in parse
    loader.exec_module(new_module)
  File "<frozen importlib._bootstrap_external>", line 991, in exec_module
  File "<frozen importlib._bootstrap_external>", line 1129, in get_code
  File "<frozen importlib._bootstrap_external>", line 1059, in source_to_code
  File "<frozen importlib._bootstrap>", line 488, in _call_with_frames_removed
  File "/opt/airflow/dags/create_dag_with_python_operator.py", line 28
    def get_age(ti)
                   ^
SyntaxError: expected ':'
[2024-09-20T22:25:05.506+0000] {processor.py:927} WARNING - No viable dags retrieved from /opt/airflow/dags/create_dag_with_python_operator.py
[2024-09-20T22:25:05.533+0000] {processor.py:208} INFO - Processing /opt/airflow/dags/create_dag_with_python_operator.py took 0.153 seconds
[2024-09-20T22:25:07.591+0000] {processor.py:186} INFO - Started process (PID=2766) to work on /opt/airflow/dags/create_dag_with_python_operator.py
[2024-09-20T22:25:07.595+0000] {processor.py:914} INFO - Processing file /opt/airflow/dags/create_dag_with_python_operator.py for tasks to queue
[2024-09-20T22:25:07.604+0000] {logging_mixin.py:190} INFO - [2024-09-20T22:25:07.603+0000] {dagbag.py:587} INFO - Filling up the DagBag from /opt/airflow/dags/create_dag_with_python_operator.py
[2024-09-20T22:25:07.759+0000] {logging_mixin.py:190} INFO - [2024-09-20T22:25:07.756+0000] {dagbag.py:386} ERROR - Failed to import: /opt/airflow/dags/create_dag_with_python_operator.py
Traceback (most recent call last):
  File "/home/airflow/.local/lib/python3.12/site-packages/airflow/models/dagbag.py", line 382, in parse
    loader.exec_module(new_module)
  File "<frozen importlib._bootstrap_external>", line 991, in exec_module
  File "<frozen importlib._bootstrap_external>", line 1129, in get_code
  File "<frozen importlib._bootstrap_external>", line 1059, in source_to_code
  File "<frozen importlib._bootstrap>", line 488, in _call_with_frames_removed
  File "/opt/airflow/dags/create_dag_with_python_operator.py", line 28
    def get_age(ti)
                   ^
SyntaxError: expected ':'
[2024-09-20T22:25:07.761+0000] {processor.py:927} WARNING - No viable dags retrieved from /opt/airflow/dags/create_dag_with_python_operator.py
[2024-09-20T22:25:07.792+0000] {processor.py:208} INFO - Processing /opt/airflow/dags/create_dag_with_python_operator.py took 0.208 seconds
[2024-09-20T22:25:11.190+0000] {processor.py:186} INFO - Started process (PID=2776) to work on /opt/airflow/dags/create_dag_with_python_operator.py
[2024-09-20T22:25:11.193+0000] {processor.py:914} INFO - Processing file /opt/airflow/dags/create_dag_with_python_operator.py for tasks to queue
[2024-09-20T22:25:11.197+0000] {logging_mixin.py:190} INFO - [2024-09-20T22:25:11.196+0000] {dagbag.py:587} INFO - Filling up the DagBag from /opt/airflow/dags/create_dag_with_python_operator.py
[2024-09-20T22:25:11.320+0000] {logging_mixin.py:190} INFO - [2024-09-20T22:25:11.319+0000] {dagbag.py:386} ERROR - Failed to import: /opt/airflow/dags/create_dag_with_python_operator.py
Traceback (most recent call last):
  File "/home/airflow/.local/lib/python3.12/site-packages/airflow/models/dagbag.py", line 382, in parse
    loader.exec_module(new_module)
  File "<frozen importlib._bootstrap_external>", line 991, in exec_module
  File "<frozen importlib._bootstrap_external>", line 1129, in get_code
  File "<frozen importlib._bootstrap_external>", line 1059, in source_to_code
  File "<frozen importlib._bootstrap>", line 488, in _call_with_frames_removed
  File "/opt/airflow/dags/create_dag_with_python_operator.py", line 28
    def get_age(ti)
                   ^
SyntaxError: expected ':'
[2024-09-20T22:25:11.322+0000] {processor.py:927} WARNING - No viable dags retrieved from /opt/airflow/dags/create_dag_with_python_operator.py
[2024-09-20T22:25:11.357+0000] {processor.py:208} INFO - Processing /opt/airflow/dags/create_dag_with_python_operator.py took 0.175 seconds
[2024-09-20T22:25:28.447+0000] {processor.py:186} INFO - Started process (PID=2784) to work on /opt/airflow/dags/create_dag_with_python_operator.py
[2024-09-20T22:25:28.452+0000] {processor.py:914} INFO - Processing file /opt/airflow/dags/create_dag_with_python_operator.py for tasks to queue
[2024-09-20T22:25:28.455+0000] {logging_mixin.py:190} INFO - [2024-09-20T22:25:28.454+0000] {dagbag.py:587} INFO - Filling up the DagBag from /opt/airflow/dags/create_dag_with_python_operator.py
[2024-09-20T22:25:28.626+0000] {logging_mixin.py:190} INFO - [2024-09-20T22:25:28.622+0000] {dagbag.py:386} ERROR - Failed to import: /opt/airflow/dags/create_dag_with_python_operator.py
Traceback (most recent call last):
  File "/home/airflow/.local/lib/python3.12/site-packages/airflow/models/dagbag.py", line 382, in parse
    loader.exec_module(new_module)
  File "<frozen importlib._bootstrap_external>", line 991, in exec_module
  File "<frozen importlib._bootstrap_external>", line 1129, in get_code
  File "<frozen importlib._bootstrap_external>", line 1059, in source_to_code
  File "<frozen importlib._bootstrap>", line 488, in _call_with_frames_removed
  File "/opt/airflow/dags/create_dag_with_python_operator.py", line 28
    def get_age(ti)
                   ^
SyntaxError: expected ':'
[2024-09-20T22:25:28.627+0000] {processor.py:927} WARNING - No viable dags retrieved from /opt/airflow/dags/create_dag_with_python_operator.py
[2024-09-20T22:25:28.680+0000] {processor.py:208} INFO - Processing /opt/airflow/dags/create_dag_with_python_operator.py took 0.246 seconds
[2024-09-20T22:25:29.571+0000] {processor.py:186} INFO - Started process (PID=2789) to work on /opt/airflow/dags/create_dag_with_python_operator.py
[2024-09-20T22:25:29.572+0000] {processor.py:914} INFO - Processing file /opt/airflow/dags/create_dag_with_python_operator.py for tasks to queue
[2024-09-20T22:25:29.575+0000] {logging_mixin.py:190} INFO - [2024-09-20T22:25:29.574+0000] {dagbag.py:587} INFO - Filling up the DagBag from /opt/airflow/dags/create_dag_with_python_operator.py
[2024-09-20T22:25:29.707+0000] {logging_mixin.py:190} INFO - [2024-09-20T22:25:29.704+0000] {dagbag.py:386} ERROR - Failed to import: /opt/airflow/dags/create_dag_with_python_operator.py
Traceback (most recent call last):
  File "/home/airflow/.local/lib/python3.12/site-packages/airflow/models/dagbag.py", line 382, in parse
    loader.exec_module(new_module)
  File "<frozen importlib._bootstrap_external>", line 991, in exec_module
  File "<frozen importlib._bootstrap_external>", line 1129, in get_code
  File "<frozen importlib._bootstrap_external>", line 1059, in source_to_code
  File "<frozen importlib._bootstrap>", line 488, in _call_with_frames_removed
  File "/opt/airflow/dags/create_dag_with_python_operator.py", line 64
    task2, task3] >> task1
                ^
SyntaxError: unmatched ']'
[2024-09-20T22:25:29.709+0000] {processor.py:927} WARNING - No viable dags retrieved from /opt/airflow/dags/create_dag_with_python_operator.py
[2024-09-20T22:25:29.746+0000] {processor.py:208} INFO - Processing /opt/airflow/dags/create_dag_with_python_operator.py took 0.184 seconds
[2024-09-20T22:25:31.324+0000] {processor.py:186} INFO - Started process (PID=2794) to work on /opt/airflow/dags/create_dag_with_python_operator.py
[2024-09-20T22:25:31.333+0000] {processor.py:914} INFO - Processing file /opt/airflow/dags/create_dag_with_python_operator.py for tasks to queue
[2024-09-20T22:25:31.338+0000] {logging_mixin.py:190} INFO - [2024-09-20T22:25:31.337+0000] {dagbag.py:587} INFO - Filling up the DagBag from /opt/airflow/dags/create_dag_with_python_operator.py
[2024-09-20T22:25:31.571+0000] {logging_mixin.py:190} INFO - [2024-09-20T22:25:31.568+0000] {dagbag.py:386} ERROR - Failed to import: /opt/airflow/dags/create_dag_with_python_operator.py
Traceback (most recent call last):
  File "/home/airflow/.local/lib/python3.12/site-packages/airflow/models/dagbag.py", line 382, in parse
    loader.exec_module(new_module)
  File "<frozen importlib._bootstrap_external>", line 991, in exec_module
  File "<frozen importlib._bootstrap_external>", line 1129, in get_code
  File "<frozen importlib._bootstrap_external>", line 1059, in source_to_code
  File "<frozen importlib._bootstrap>", line 488, in _call_with_frames_removed
  File "/opt/airflow/dags/create_dag_with_python_operator.py", line 28
    def get_age(ti)
                   ^
SyntaxError: expected ':'
[2024-09-20T22:25:31.573+0000] {processor.py:927} WARNING - No viable dags retrieved from /opt/airflow/dags/create_dag_with_python_operator.py
[2024-09-20T22:25:31.610+0000] {processor.py:208} INFO - Processing /opt/airflow/dags/create_dag_with_python_operator.py took 0.304 seconds
[2024-09-20T22:25:38.741+0000] {processor.py:186} INFO - Started process (PID=2799) to work on /opt/airflow/dags/create_dag_with_python_operator.py
[2024-09-20T22:25:38.744+0000] {processor.py:914} INFO - Processing file /opt/airflow/dags/create_dag_with_python_operator.py for tasks to queue
[2024-09-20T22:25:38.753+0000] {logging_mixin.py:190} INFO - [2024-09-20T22:25:38.752+0000] {dagbag.py:587} INFO - Filling up the DagBag from /opt/airflow/dags/create_dag_with_python_operator.py
[2024-09-20T22:25:38.911+0000] {logging_mixin.py:190} INFO - [2024-09-20T22:25:38.910+0000] {dagbag.py:386} ERROR - Failed to import: /opt/airflow/dags/create_dag_with_python_operator.py
Traceback (most recent call last):
  File "/home/airflow/.local/lib/python3.12/site-packages/airflow/models/dagbag.py", line 382, in parse
    loader.exec_module(new_module)
  File "<frozen importlib._bootstrap_external>", line 991, in exec_module
  File "<frozen importlib._bootstrap_external>", line 1129, in get_code
  File "<frozen importlib._bootstrap_external>", line 1059, in source_to_code
  File "<frozen importlib._bootstrap>", line 488, in _call_with_frames_removed
  File "/opt/airflow/dags/create_dag_with_python_operator.py", line 28
    def get_age(ti)
                   ^
SyntaxError: expected ':'
[2024-09-20T22:25:38.914+0000] {processor.py:927} WARNING - No viable dags retrieved from /opt/airflow/dags/create_dag_with_python_operator.py
[2024-09-20T22:25:38.944+0000] {processor.py:208} INFO - Processing /opt/airflow/dags/create_dag_with_python_operator.py took 0.210 seconds
[2024-09-20T22:25:57.704+0000] {processor.py:186} INFO - Started process (PID=2809) to work on /opt/airflow/dags/create_dag_with_python_operator.py
[2024-09-20T22:25:57.707+0000] {processor.py:914} INFO - Processing file /opt/airflow/dags/create_dag_with_python_operator.py for tasks to queue
[2024-09-20T22:25:57.710+0000] {logging_mixin.py:190} INFO - [2024-09-20T22:25:57.709+0000] {dagbag.py:587} INFO - Filling up the DagBag from /opt/airflow/dags/create_dag_with_python_operator.py
[2024-09-20T22:25:57.890+0000] {processor.py:925} INFO - DAG(s) 'python_operator_v7' retrieved from /opt/airflow/dags/create_dag_with_python_operator.py
[2024-09-20T22:25:58.480+0000] {logging_mixin.py:190} INFO - [2024-09-20T22:25:58.478+0000] {override.py:1900} INFO - Created Permission View: can delete on DAG:python_operator_v7
[2024-09-20T22:25:58.523+0000] {logging_mixin.py:190} INFO - [2024-09-20T22:25:58.522+0000] {override.py:1900} INFO - Created Permission View: can read on DAG:python_operator_v7
[2024-09-20T22:25:58.552+0000] {logging_mixin.py:190} INFO - [2024-09-20T22:25:58.551+0000] {override.py:1900} INFO - Created Permission View: can edit on DAG:python_operator_v7
[2024-09-20T22:25:58.588+0000] {logging_mixin.py:190} INFO - [2024-09-20T22:25:58.588+0000] {override.py:1900} INFO - Created Permission View: can create on DAG Run:python_operator_v7
[2024-09-20T22:25:58.611+0000] {logging_mixin.py:190} INFO - [2024-09-20T22:25:58.610+0000] {override.py:1900} INFO - Created Permission View: can delete on DAG Run:python_operator_v7
[2024-09-20T22:25:58.631+0000] {logging_mixin.py:190} INFO - [2024-09-20T22:25:58.630+0000] {override.py:1900} INFO - Created Permission View: can read on DAG Run:python_operator_v7
[2024-09-20T22:25:58.652+0000] {logging_mixin.py:190} INFO - [2024-09-20T22:25:58.652+0000] {override.py:1900} INFO - Created Permission View: menu access on DAG Run:python_operator_v7
[2024-09-20T22:25:58.654+0000] {logging_mixin.py:190} INFO - [2024-09-20T22:25:58.654+0000] {dag.py:3229} INFO - Sync 1 DAGs
[2024-09-20T22:25:58.686+0000] {logging_mixin.py:190} INFO - [2024-09-20T22:25:58.686+0000] {dag.py:3252} INFO - Creating ORM DAG for python_operator_v7
[2024-09-20T22:25:58.744+0000] {logging_mixin.py:190} INFO - [2024-09-20T22:25:58.743+0000] {dag.py:4156} INFO - Setting next_dagrun for python_operator_v7 to 2024-09-21 00:00:00+00:00, run_after=2024-09-22 00:00:00+00:00
[2024-09-20T22:25:58.835+0000] {processor.py:208} INFO - Processing /opt/airflow/dags/create_dag_with_python_operator.py took 1.139 seconds
[2024-09-20T22:26:29.585+0000] {processor.py:186} INFO - Started process (PID=2831) to work on /opt/airflow/dags/create_dag_with_python_operator.py
[2024-09-20T22:26:29.589+0000] {processor.py:914} INFO - Processing file /opt/airflow/dags/create_dag_with_python_operator.py for tasks to queue
[2024-09-20T22:26:29.592+0000] {logging_mixin.py:190} INFO - [2024-09-20T22:26:29.591+0000] {dagbag.py:587} INFO - Filling up the DagBag from /opt/airflow/dags/create_dag_with_python_operator.py
[2024-09-20T22:26:29.688+0000] {processor.py:925} INFO - DAG(s) 'python_operator_v7' retrieved from /opt/airflow/dags/create_dag_with_python_operator.py
[2024-09-20T22:26:29.746+0000] {logging_mixin.py:190} INFO - [2024-09-20T22:26:29.745+0000] {dag.py:3229} INFO - Sync 1 DAGs
[2024-09-20T22:26:29.792+0000] {logging_mixin.py:190} INFO - [2024-09-20T22:26:29.791+0000] {dag.py:4156} INFO - Setting next_dagrun for python_operator_v7 to 2024-09-21 00:00:00+00:00, run_after=2024-09-22 00:00:00+00:00
[2024-09-20T22:26:29.852+0000] {processor.py:208} INFO - Processing /opt/airflow/dags/create_dag_with_python_operator.py took 0.281 seconds
[2024-09-20T22:27:00.466+0000] {processor.py:186} INFO - Started process (PID=2847) to work on /opt/airflow/dags/create_dag_with_python_operator.py
[2024-09-20T22:27:00.468+0000] {processor.py:914} INFO - Processing file /opt/airflow/dags/create_dag_with_python_operator.py for tasks to queue
[2024-09-20T22:27:00.471+0000] {logging_mixin.py:190} INFO - [2024-09-20T22:27:00.470+0000] {dagbag.py:587} INFO - Filling up the DagBag from /opt/airflow/dags/create_dag_with_python_operator.py
[2024-09-20T22:27:00.541+0000] {processor.py:925} INFO - DAG(s) 'python_operator_v7' retrieved from /opt/airflow/dags/create_dag_with_python_operator.py
[2024-09-20T22:27:00.588+0000] {logging_mixin.py:190} INFO - [2024-09-20T22:27:00.587+0000] {dag.py:3229} INFO - Sync 1 DAGs
[2024-09-20T22:27:00.625+0000] {logging_mixin.py:190} INFO - [2024-09-20T22:27:00.624+0000] {dag.py:4156} INFO - Setting next_dagrun for python_operator_v7 to 2024-09-21 00:00:00+00:00, run_after=2024-09-22 00:00:00+00:00
[2024-09-20T22:27:00.806+0000] {processor.py:208} INFO - Processing /opt/airflow/dags/create_dag_with_python_operator.py took 0.350 seconds
[2024-09-20T22:27:02.043+0000] {processor.py:186} INFO - Started process (PID=2852) to work on /opt/airflow/dags/create_dag_with_python_operator.py
[2024-09-20T22:27:02.044+0000] {processor.py:914} INFO - Processing file /opt/airflow/dags/create_dag_with_python_operator.py for tasks to queue
[2024-09-20T22:27:02.046+0000] {logging_mixin.py:190} INFO - [2024-09-20T22:27:02.046+0000] {dagbag.py:587} INFO - Filling up the DagBag from /opt/airflow/dags/create_dag_with_python_operator.py
[2024-09-20T22:27:02.206+0000] {processor.py:925} INFO - DAG(s) 'python_operator_v7' retrieved from /opt/airflow/dags/create_dag_with_python_operator.py
[2024-09-20T22:27:02.236+0000] {logging_mixin.py:190} INFO - [2024-09-20T22:27:02.235+0000] {dag.py:3229} INFO - Sync 1 DAGs
[2024-09-20T22:27:02.269+0000] {logging_mixin.py:190} INFO - [2024-09-20T22:27:02.269+0000] {dag.py:4156} INFO - Setting next_dagrun for python_operator_v7 to 2024-09-21 00:00:00+00:00, run_after=2024-09-22 00:00:00+00:00
[2024-09-20T22:27:02.430+0000] {processor.py:208} INFO - Processing /opt/airflow/dags/create_dag_with_python_operator.py took 0.393 seconds
[2024-09-20T22:27:03.138+0000] {processor.py:186} INFO - Started process (PID=2857) to work on /opt/airflow/dags/create_dag_with_python_operator.py
[2024-09-20T22:27:03.140+0000] {processor.py:914} INFO - Processing file /opt/airflow/dags/create_dag_with_python_operator.py for tasks to queue
[2024-09-20T22:27:03.142+0000] {logging_mixin.py:190} INFO - [2024-09-20T22:27:03.142+0000] {dagbag.py:587} INFO - Filling up the DagBag from /opt/airflow/dags/create_dag_with_python_operator.py
[2024-09-20T22:27:03.318+0000] {processor.py:925} INFO - DAG(s) 'python_operator_v7' retrieved from /opt/airflow/dags/create_dag_with_python_operator.py
[2024-09-20T22:27:03.355+0000] {logging_mixin.py:190} INFO - [2024-09-20T22:27:03.353+0000] {dag.py:3229} INFO - Sync 1 DAGs
[2024-09-20T22:27:03.390+0000] {logging_mixin.py:190} INFO - [2024-09-20T22:27:03.390+0000] {dag.py:4156} INFO - Setting next_dagrun for python_operator_v7 to 2024-09-21 00:00:00+00:00, run_after=2024-09-22 00:00:00+00:00
[2024-09-20T22:27:03.674+0000] {processor.py:208} INFO - Processing /opt/airflow/dags/create_dag_with_python_operator.py took 0.544 seconds
[2024-09-20T22:27:34.308+0000] {processor.py:186} INFO - Started process (PID=2879) to work on /opt/airflow/dags/create_dag_with_python_operator.py
[2024-09-20T22:27:34.310+0000] {processor.py:914} INFO - Processing file /opt/airflow/dags/create_dag_with_python_operator.py for tasks to queue
[2024-09-20T22:27:34.311+0000] {logging_mixin.py:190} INFO - [2024-09-20T22:27:34.311+0000] {dagbag.py:587} INFO - Filling up the DagBag from /opt/airflow/dags/create_dag_with_python_operator.py
[2024-09-20T22:27:34.426+0000] {processor.py:925} INFO - DAG(s) 'python_operator_v7' retrieved from /opt/airflow/dags/create_dag_with_python_operator.py
[2024-09-20T22:27:34.460+0000] {logging_mixin.py:190} INFO - [2024-09-20T22:27:34.460+0000] {dag.py:3229} INFO - Sync 1 DAGs
[2024-09-20T22:27:34.492+0000] {logging_mixin.py:190} INFO - [2024-09-20T22:27:34.492+0000] {dag.py:4156} INFO - Setting next_dagrun for python_operator_v7 to 2024-09-21 00:00:00+00:00, run_after=2024-09-22 00:00:00+00:00
[2024-09-20T22:27:34.521+0000] {processor.py:208} INFO - Processing /opt/airflow/dags/create_dag_with_python_operator.py took 0.219 seconds
[2024-09-20T22:27:46.305+0000] {processor.py:186} INFO - Started process (PID=2889) to work on /opt/airflow/dags/create_dag_with_python_operator.py
[2024-09-20T22:27:46.307+0000] {processor.py:914} INFO - Processing file /opt/airflow/dags/create_dag_with_python_operator.py for tasks to queue
[2024-09-20T22:27:46.309+0000] {logging_mixin.py:190} INFO - [2024-09-20T22:27:46.308+0000] {dagbag.py:587} INFO - Filling up the DagBag from /opt/airflow/dags/create_dag_with_python_operator.py
[2024-09-20T22:27:46.478+0000] {processor.py:925} INFO - DAG(s) 'python_operator_v7' retrieved from /opt/airflow/dags/create_dag_with_python_operator.py
[2024-09-20T22:27:46.529+0000] {logging_mixin.py:190} INFO - [2024-09-20T22:27:46.528+0000] {dag.py:3229} INFO - Sync 1 DAGs
[2024-09-20T22:27:46.561+0000] {logging_mixin.py:190} INFO - [2024-09-20T22:27:46.561+0000] {dag.py:4156} INFO - Setting next_dagrun for python_operator_v7 to 2024-09-21 00:00:00+00:00, run_after=2024-09-22 00:00:00+00:00
[2024-09-20T22:27:46.623+0000] {processor.py:208} INFO - Processing /opt/airflow/dags/create_dag_with_python_operator.py took 0.324 seconds
[2024-09-20T22:27:53.264+0000] {processor.py:186} INFO - Started process (PID=2894) to work on /opt/airflow/dags/create_dag_with_python_operator.py
[2024-09-20T22:27:53.266+0000] {processor.py:914} INFO - Processing file /opt/airflow/dags/create_dag_with_python_operator.py for tasks to queue
[2024-09-20T22:27:53.271+0000] {logging_mixin.py:190} INFO - [2024-09-20T22:27:53.270+0000] {dagbag.py:587} INFO - Filling up the DagBag from /opt/airflow/dags/create_dag_with_python_operator.py
[2024-09-20T22:27:53.558+0000] {processor.py:925} INFO - DAG(s) 'python_operator_v7' retrieved from /opt/airflow/dags/create_dag_with_python_operator.py
[2024-09-20T22:27:53.637+0000] {logging_mixin.py:190} INFO - [2024-09-20T22:27:53.637+0000] {dag.py:3229} INFO - Sync 1 DAGs
[2024-09-20T22:27:53.702+0000] {logging_mixin.py:190} INFO - [2024-09-20T22:27:53.700+0000] {dag.py:4156} INFO - Setting next_dagrun for python_operator_v7 to 2024-09-21 00:00:00+00:00, run_after=2024-09-22 00:00:00+00:00
[2024-09-20T22:27:53.791+0000] {processor.py:208} INFO - Processing /opt/airflow/dags/create_dag_with_python_operator.py took 0.543 seconds
[2024-09-20T22:28:24.506+0000] {processor.py:186} INFO - Started process (PID=2907) to work on /opt/airflow/dags/create_dag_with_python_operator.py
[2024-09-20T22:28:24.509+0000] {processor.py:914} INFO - Processing file /opt/airflow/dags/create_dag_with_python_operator.py for tasks to queue
[2024-09-20T22:28:24.514+0000] {logging_mixin.py:190} INFO - [2024-09-20T22:28:24.513+0000] {dagbag.py:587} INFO - Filling up the DagBag from /opt/airflow/dags/create_dag_with_python_operator.py
[2024-09-20T22:28:24.629+0000] {processor.py:925} INFO - DAG(s) 'python_operator_v7' retrieved from /opt/airflow/dags/create_dag_with_python_operator.py
[2024-09-20T22:28:24.687+0000] {logging_mixin.py:190} INFO - [2024-09-20T22:28:24.687+0000] {dag.py:3229} INFO - Sync 1 DAGs
[2024-09-20T22:28:24.750+0000] {logging_mixin.py:190} INFO - [2024-09-20T22:28:24.749+0000] {dag.py:4156} INFO - Setting next_dagrun for python_operator_v7 to 2024-09-21 00:00:00+00:00, run_after=2024-09-22 00:00:00+00:00
[2024-09-20T22:28:24.803+0000] {processor.py:208} INFO - Processing /opt/airflow/dags/create_dag_with_python_operator.py took 0.309 seconds
[2024-09-20T22:28:31.182+0000] {processor.py:186} INFO - Started process (PID=2912) to work on /opt/airflow/dags/create_dag_with_python_operator.py
[2024-09-20T22:28:31.184+0000] {processor.py:914} INFO - Processing file /opt/airflow/dags/create_dag_with_python_operator.py for tasks to queue
[2024-09-20T22:28:31.189+0000] {logging_mixin.py:190} INFO - [2024-09-20T22:28:31.188+0000] {dagbag.py:587} INFO - Filling up the DagBag from /opt/airflow/dags/create_dag_with_python_operator.py
[2024-09-20T22:28:31.354+0000] {processor.py:925} INFO - DAG(s) 'python_operator_v7' retrieved from /opt/airflow/dags/create_dag_with_python_operator.py
[2024-09-20T22:28:31.411+0000] {logging_mixin.py:190} INFO - [2024-09-20T22:28:31.410+0000] {dag.py:3229} INFO - Sync 1 DAGs
[2024-09-20T22:28:31.460+0000] {logging_mixin.py:190} INFO - [2024-09-20T22:28:31.460+0000] {dag.py:4156} INFO - Setting next_dagrun for python_operator_v7 to 2024-09-21 00:00:00+00:00, run_after=2024-09-22 00:00:00+00:00
[2024-09-20T22:28:31.528+0000] {processor.py:208} INFO - Processing /opt/airflow/dags/create_dag_with_python_operator.py took 0.354 seconds
[2024-09-20T22:28:35.696+0000] {processor.py:186} INFO - Started process (PID=2920) to work on /opt/airflow/dags/create_dag_with_python_operator.py
[2024-09-20T22:28:35.700+0000] {processor.py:914} INFO - Processing file /opt/airflow/dags/create_dag_with_python_operator.py for tasks to queue
[2024-09-20T22:28:35.703+0000] {logging_mixin.py:190} INFO - [2024-09-20T22:28:35.702+0000] {dagbag.py:587} INFO - Filling up the DagBag from /opt/airflow/dags/create_dag_with_python_operator.py
[2024-09-20T22:28:36.046+0000] {processor.py:925} INFO - DAG(s) 'python_operator_v7' retrieved from /opt/airflow/dags/create_dag_with_python_operator.py
[2024-09-20T22:28:36.142+0000] {logging_mixin.py:190} INFO - [2024-09-20T22:28:36.142+0000] {dag.py:3229} INFO - Sync 1 DAGs
[2024-09-20T22:28:36.201+0000] {logging_mixin.py:190} INFO - [2024-09-20T22:28:36.201+0000] {dag.py:4156} INFO - Setting next_dagrun for python_operator_v7 to 2024-09-21 00:00:00+00:00, run_after=2024-09-22 00:00:00+00:00
[2024-09-20T22:28:36.298+0000] {processor.py:208} INFO - Processing /opt/airflow/dags/create_dag_with_python_operator.py took 0.620 seconds
[2024-09-20T22:28:38.157+0000] {processor.py:186} INFO - Started process (PID=2925) to work on /opt/airflow/dags/create_dag_with_python_operator.py
[2024-09-20T22:28:38.166+0000] {processor.py:914} INFO - Processing file /opt/airflow/dags/create_dag_with_python_operator.py for tasks to queue
[2024-09-20T22:28:38.173+0000] {logging_mixin.py:190} INFO - [2024-09-20T22:28:38.172+0000] {dagbag.py:587} INFO - Filling up the DagBag from /opt/airflow/dags/create_dag_with_python_operator.py
[2024-09-20T22:28:38.515+0000] {processor.py:925} INFO - DAG(s) 'python_operator_v7' retrieved from /opt/airflow/dags/create_dag_with_python_operator.py
[2024-09-20T22:28:38.606+0000] {logging_mixin.py:190} INFO - [2024-09-20T22:28:38.606+0000] {dag.py:3229} INFO - Sync 1 DAGs
[2024-09-20T22:28:38.711+0000] {logging_mixin.py:190} INFO - [2024-09-20T22:28:38.710+0000] {dag.py:4156} INFO - Setting next_dagrun for python_operator_v7 to 2024-09-21 00:00:00+00:00, run_after=2024-09-22 00:00:00+00:00
[2024-09-20T22:28:38.812+0000] {processor.py:208} INFO - Processing /opt/airflow/dags/create_dag_with_python_operator.py took 0.673 seconds
[2024-09-20T22:28:44.664+0000] {processor.py:186} INFO - Started process (PID=2930) to work on /opt/airflow/dags/create_dag_with_python_operator.py
[2024-09-20T22:28:44.667+0000] {processor.py:914} INFO - Processing file /opt/airflow/dags/create_dag_with_python_operator.py for tasks to queue
[2024-09-20T22:28:44.670+0000] {logging_mixin.py:190} INFO - [2024-09-20T22:28:44.669+0000] {dagbag.py:587} INFO - Filling up the DagBag from /opt/airflow/dags/create_dag_with_python_operator.py
[2024-09-20T22:28:44.894+0000] {processor.py:925} INFO - DAG(s) 'python_operator_v7' retrieved from /opt/airflow/dags/create_dag_with_python_operator.py
[2024-09-20T22:28:44.962+0000] {logging_mixin.py:190} INFO - [2024-09-20T22:28:44.961+0000] {dag.py:3229} INFO - Sync 1 DAGs
[2024-09-20T22:28:45.047+0000] {logging_mixin.py:190} INFO - [2024-09-20T22:28:45.046+0000] {dag.py:4156} INFO - Setting next_dagrun for python_operator_v7 to 2024-09-21 00:00:00+00:00, run_after=2024-09-22 00:00:00+00:00
[2024-09-20T22:28:45.153+0000] {processor.py:208} INFO - Processing /opt/airflow/dags/create_dag_with_python_operator.py took 0.498 seconds
[2024-09-20T22:28:46.932+0000] {processor.py:186} INFO - Started process (PID=2935) to work on /opt/airflow/dags/create_dag_with_python_operator.py
[2024-09-20T22:28:46.935+0000] {processor.py:914} INFO - Processing file /opt/airflow/dags/create_dag_with_python_operator.py for tasks to queue
[2024-09-20T22:28:46.937+0000] {logging_mixin.py:190} INFO - [2024-09-20T22:28:46.937+0000] {dagbag.py:587} INFO - Filling up the DagBag from /opt/airflow/dags/create_dag_with_python_operator.py
[2024-09-20T22:28:47.140+0000] {processor.py:925} INFO - DAG(s) 'python_operator_v7' retrieved from /opt/airflow/dags/create_dag_with_python_operator.py
[2024-09-20T22:28:47.198+0000] {logging_mixin.py:190} INFO - [2024-09-20T22:28:47.198+0000] {dag.py:3229} INFO - Sync 1 DAGs
[2024-09-20T22:28:47.270+0000] {logging_mixin.py:190} INFO - [2024-09-20T22:28:47.269+0000] {dag.py:4156} INFO - Setting next_dagrun for python_operator_v7 to 2024-09-21 00:00:00+00:00, run_after=2024-09-22 00:00:00+00:00
[2024-09-20T22:28:47.360+0000] {processor.py:208} INFO - Processing /opt/airflow/dags/create_dag_with_python_operator.py took 0.434 seconds
[2024-09-20T22:28:50.695+0000] {processor.py:186} INFO - Started process (PID=2945) to work on /opt/airflow/dags/create_dag_with_python_operator.py
[2024-09-20T22:28:50.701+0000] {processor.py:914} INFO - Processing file /opt/airflow/dags/create_dag_with_python_operator.py for tasks to queue
[2024-09-20T22:28:50.705+0000] {logging_mixin.py:190} INFO - [2024-09-20T22:28:50.704+0000] {dagbag.py:587} INFO - Filling up the DagBag from /opt/airflow/dags/create_dag_with_python_operator.py
[2024-09-20T22:28:51.033+0000] {processor.py:925} INFO - DAG(s) 'python_operator_v7' retrieved from /opt/airflow/dags/create_dag_with_python_operator.py
[2024-09-20T22:28:51.078+0000] {logging_mixin.py:190} INFO - [2024-09-20T22:28:51.077+0000] {dag.py:3229} INFO - Sync 1 DAGs
[2024-09-20T22:28:51.113+0000] {logging_mixin.py:190} INFO - [2024-09-20T22:28:51.112+0000] {dag.py:4156} INFO - Setting next_dagrun for python_operator_v7 to 2024-09-21 00:00:00+00:00, run_after=2024-09-22 00:00:00+00:00
[2024-09-20T22:28:51.208+0000] {processor.py:208} INFO - Processing /opt/airflow/dags/create_dag_with_python_operator.py took 0.522 seconds
[2024-09-20T22:28:52.645+0000] {processor.py:186} INFO - Started process (PID=2950) to work on /opt/airflow/dags/create_dag_with_python_operator.py
[2024-09-20T22:28:52.648+0000] {processor.py:914} INFO - Processing file /opt/airflow/dags/create_dag_with_python_operator.py for tasks to queue
[2024-09-20T22:28:52.652+0000] {logging_mixin.py:190} INFO - [2024-09-20T22:28:52.651+0000] {dagbag.py:587} INFO - Filling up the DagBag from /opt/airflow/dags/create_dag_with_python_operator.py
[2024-09-20T22:28:52.892+0000] {processor.py:925} INFO - DAG(s) 'python_operator_v7' retrieved from /opt/airflow/dags/create_dag_with_python_operator.py
[2024-09-20T22:28:52.936+0000] {logging_mixin.py:190} INFO - [2024-09-20T22:28:52.936+0000] {dag.py:3229} INFO - Sync 1 DAGs
[2024-09-20T22:28:52.982+0000] {logging_mixin.py:190} INFO - [2024-09-20T22:28:52.981+0000] {dag.py:4156} INFO - Setting next_dagrun for python_operator_v7 to 2024-09-21 00:00:00+00:00, run_after=2024-09-22 00:00:00+00:00
[2024-09-20T22:28:53.052+0000] {processor.py:208} INFO - Processing /opt/airflow/dags/create_dag_with_python_operator.py took 0.426 seconds
[2024-09-20T22:28:54.499+0000] {processor.py:186} INFO - Started process (PID=2955) to work on /opt/airflow/dags/create_dag_with_python_operator.py
[2024-09-20T22:28:54.504+0000] {processor.py:914} INFO - Processing file /opt/airflow/dags/create_dag_with_python_operator.py for tasks to queue
[2024-09-20T22:28:54.508+0000] {logging_mixin.py:190} INFO - [2024-09-20T22:28:54.507+0000] {dagbag.py:587} INFO - Filling up the DagBag from /opt/airflow/dags/create_dag_with_python_operator.py
[2024-09-20T22:28:54.855+0000] {processor.py:925} INFO - DAG(s) 'python_operator_v7' retrieved from /opt/airflow/dags/create_dag_with_python_operator.py
[2024-09-20T22:28:54.931+0000] {logging_mixin.py:190} INFO - [2024-09-20T22:28:54.930+0000] {dag.py:3229} INFO - Sync 1 DAGs
[2024-09-20T22:28:55.044+0000] {logging_mixin.py:190} INFO - [2024-09-20T22:28:55.043+0000] {dag.py:4156} INFO - Setting next_dagrun for python_operator_v7 to 2024-09-21 00:00:00+00:00, run_after=2024-09-22 00:00:00+00:00
[2024-09-20T22:28:55.236+0000] {processor.py:208} INFO - Processing /opt/airflow/dags/create_dag_with_python_operator.py took 0.747 seconds
[2024-09-20T22:29:26.238+0000] {processor.py:186} INFO - Started process (PID=2968) to work on /opt/airflow/dags/create_dag_with_python_operator.py
[2024-09-20T22:29:26.244+0000] {processor.py:914} INFO - Processing file /opt/airflow/dags/create_dag_with_python_operator.py for tasks to queue
[2024-09-20T22:29:26.252+0000] {logging_mixin.py:190} INFO - [2024-09-20T22:29:26.251+0000] {dagbag.py:587} INFO - Filling up the DagBag from /opt/airflow/dags/create_dag_with_python_operator.py
[2024-09-20T22:29:26.436+0000] {processor.py:925} INFO - DAG(s) 'python_operator_v7' retrieved from /opt/airflow/dags/create_dag_with_python_operator.py
[2024-09-20T22:29:26.493+0000] {logging_mixin.py:190} INFO - [2024-09-20T22:29:26.492+0000] {dag.py:3229} INFO - Sync 1 DAGs
[2024-09-20T22:29:26.548+0000] {logging_mixin.py:190} INFO - [2024-09-20T22:29:26.547+0000] {dag.py:4156} INFO - Setting next_dagrun for python_operator_v7 to 2024-09-21 00:00:00+00:00, run_after=2024-09-22 00:00:00+00:00
[2024-09-20T22:29:26.599+0000] {processor.py:208} INFO - Processing /opt/airflow/dags/create_dag_with_python_operator.py took 0.380 seconds
[2024-09-20T22:29:56.915+0000] {processor.py:186} INFO - Started process (PID=2981) to work on /opt/airflow/dags/create_dag_with_python_operator.py
[2024-09-20T22:29:56.917+0000] {processor.py:914} INFO - Processing file /opt/airflow/dags/create_dag_with_python_operator.py for tasks to queue
[2024-09-20T22:29:56.919+0000] {logging_mixin.py:190} INFO - [2024-09-20T22:29:56.918+0000] {dagbag.py:587} INFO - Filling up the DagBag from /opt/airflow/dags/create_dag_with_python_operator.py
[2024-09-20T22:29:57.021+0000] {processor.py:925} INFO - DAG(s) 'python_operator_v7' retrieved from /opt/airflow/dags/create_dag_with_python_operator.py
[2024-09-20T22:29:57.131+0000] {logging_mixin.py:190} INFO - [2024-09-20T22:29:57.131+0000] {dag.py:3229} INFO - Sync 1 DAGs
[2024-09-20T22:29:57.201+0000] {logging_mixin.py:190} INFO - [2024-09-20T22:29:57.200+0000] {dag.py:4156} INFO - Setting next_dagrun for python_operator_v7 to 2024-09-21 00:00:00+00:00, run_after=2024-09-22 00:00:00+00:00
[2024-09-20T22:29:57.551+0000] {processor.py:208} INFO - Processing /opt/airflow/dags/create_dag_with_python_operator.py took 0.642 seconds
[2024-09-20T22:30:27.821+0000] {processor.py:186} INFO - Started process (PID=2994) to work on /opt/airflow/dags/create_dag_with_python_operator.py
[2024-09-20T22:30:27.824+0000] {processor.py:914} INFO - Processing file /opt/airflow/dags/create_dag_with_python_operator.py for tasks to queue
[2024-09-20T22:30:27.829+0000] {logging_mixin.py:190} INFO - [2024-09-20T22:30:27.828+0000] {dagbag.py:587} INFO - Filling up the DagBag from /opt/airflow/dags/create_dag_with_python_operator.py
[2024-09-20T22:30:27.943+0000] {processor.py:925} INFO - DAG(s) 'python_operator_v7' retrieved from /opt/airflow/dags/create_dag_with_python_operator.py
[2024-09-20T22:30:27.978+0000] {logging_mixin.py:190} INFO - [2024-09-20T22:30:27.978+0000] {dag.py:3229} INFO - Sync 1 DAGs
[2024-09-20T22:30:28.014+0000] {logging_mixin.py:190} INFO - [2024-09-20T22:30:28.014+0000] {dag.py:4156} INFO - Setting next_dagrun for python_operator_v7 to 2024-09-21 00:00:00+00:00, run_after=2024-09-22 00:00:00+00:00
[2024-09-20T22:30:28.041+0000] {processor.py:208} INFO - Processing /opt/airflow/dags/create_dag_with_python_operator.py took 0.232 seconds
[2024-09-20T22:30:58.858+0000] {processor.py:186} INFO - Started process (PID=3007) to work on /opt/airflow/dags/create_dag_with_python_operator.py
[2024-09-20T22:30:58.861+0000] {processor.py:914} INFO - Processing file /opt/airflow/dags/create_dag_with_python_operator.py for tasks to queue
[2024-09-20T22:30:58.864+0000] {logging_mixin.py:190} INFO - [2024-09-20T22:30:58.863+0000] {dagbag.py:587} INFO - Filling up the DagBag from /opt/airflow/dags/create_dag_with_python_operator.py
[2024-09-20T22:30:58.987+0000] {processor.py:925} INFO - DAG(s) 'python_operator_v7' retrieved from /opt/airflow/dags/create_dag_with_python_operator.py
[2024-09-20T22:30:59.025+0000] {logging_mixin.py:190} INFO - [2024-09-20T22:30:59.024+0000] {dag.py:3229} INFO - Sync 1 DAGs
[2024-09-20T22:30:59.063+0000] {logging_mixin.py:190} INFO - [2024-09-20T22:30:59.063+0000] {dag.py:4156} INFO - Setting next_dagrun for python_operator_v7 to 2024-09-21 00:00:00+00:00, run_after=2024-09-22 00:00:00+00:00
[2024-09-20T22:30:59.098+0000] {processor.py:208} INFO - Processing /opt/airflow/dags/create_dag_with_python_operator.py took 0.254 seconds
[2024-09-20T22:31:29.749+0000] {processor.py:186} INFO - Started process (PID=3020) to work on /opt/airflow/dags/create_dag_with_python_operator.py
[2024-09-20T22:31:29.750+0000] {processor.py:914} INFO - Processing file /opt/airflow/dags/create_dag_with_python_operator.py for tasks to queue
[2024-09-20T22:31:29.752+0000] {logging_mixin.py:190} INFO - [2024-09-20T22:31:29.752+0000] {dagbag.py:587} INFO - Filling up the DagBag from /opt/airflow/dags/create_dag_with_python_operator.py
[2024-09-20T22:31:29.867+0000] {processor.py:925} INFO - DAG(s) 'python_operator_v7' retrieved from /opt/airflow/dags/create_dag_with_python_operator.py
[2024-09-20T22:31:29.891+0000] {logging_mixin.py:190} INFO - [2024-09-20T22:31:29.891+0000] {dag.py:3229} INFO - Sync 1 DAGs
[2024-09-20T22:31:29.911+0000] {logging_mixin.py:190} INFO - [2024-09-20T22:31:29.911+0000] {dag.py:4156} INFO - Setting next_dagrun for python_operator_v7 to 2024-09-21 00:00:00+00:00, run_after=2024-09-22 00:00:00+00:00
[2024-09-20T22:31:29.938+0000] {processor.py:208} INFO - Processing /opt/airflow/dags/create_dag_with_python_operator.py took 0.194 seconds
[2024-09-20T22:32:00.580+0000] {processor.py:186} INFO - Started process (PID=3033) to work on /opt/airflow/dags/create_dag_with_python_operator.py
[2024-09-20T22:32:00.582+0000] {processor.py:914} INFO - Processing file /opt/airflow/dags/create_dag_with_python_operator.py for tasks to queue
[2024-09-20T22:32:00.584+0000] {logging_mixin.py:190} INFO - [2024-09-20T22:32:00.584+0000] {dagbag.py:587} INFO - Filling up the DagBag from /opt/airflow/dags/create_dag_with_python_operator.py
[2024-09-20T22:32:00.701+0000] {processor.py:925} INFO - DAG(s) 'python_operator_v7' retrieved from /opt/airflow/dags/create_dag_with_python_operator.py
[2024-09-20T22:32:00.745+0000] {logging_mixin.py:190} INFO - [2024-09-20T22:32:00.745+0000] {dag.py:3229} INFO - Sync 1 DAGs
[2024-09-20T22:32:00.802+0000] {logging_mixin.py:190} INFO - [2024-09-20T22:32:00.802+0000] {dag.py:4156} INFO - Setting next_dagrun for python_operator_v7 to 2024-09-21 00:00:00+00:00, run_after=2024-09-22 00:00:00+00:00
[2024-09-20T22:32:00.854+0000] {processor.py:208} INFO - Processing /opt/airflow/dags/create_dag_with_python_operator.py took 0.284 seconds
[2024-09-20T22:32:31.517+0000] {processor.py:186} INFO - Started process (PID=3046) to work on /opt/airflow/dags/create_dag_with_python_operator.py
[2024-09-20T22:32:31.518+0000] {processor.py:914} INFO - Processing file /opt/airflow/dags/create_dag_with_python_operator.py for tasks to queue
[2024-09-20T22:32:31.520+0000] {logging_mixin.py:190} INFO - [2024-09-20T22:32:31.520+0000] {dagbag.py:587} INFO - Filling up the DagBag from /opt/airflow/dags/create_dag_with_python_operator.py
[2024-09-20T22:32:31.590+0000] {processor.py:925} INFO - DAG(s) 'python_operator_v7' retrieved from /opt/airflow/dags/create_dag_with_python_operator.py
[2024-09-20T22:32:31.611+0000] {logging_mixin.py:190} INFO - [2024-09-20T22:32:31.611+0000] {dag.py:3229} INFO - Sync 1 DAGs
[2024-09-20T22:32:31.630+0000] {logging_mixin.py:190} INFO - [2024-09-20T22:32:31.629+0000] {dag.py:4156} INFO - Setting next_dagrun for python_operator_v7 to 2024-09-21 00:00:00+00:00, run_after=2024-09-22 00:00:00+00:00
[2024-09-20T22:32:31.648+0000] {processor.py:208} INFO - Processing /opt/airflow/dags/create_dag_with_python_operator.py took 0.142 seconds
[2024-09-20T22:33:02.140+0000] {processor.py:186} INFO - Started process (PID=3059) to work on /opt/airflow/dags/create_dag_with_python_operator.py
[2024-09-20T22:33:02.141+0000] {processor.py:914} INFO - Processing file /opt/airflow/dags/create_dag_with_python_operator.py for tasks to queue
[2024-09-20T22:33:02.143+0000] {logging_mixin.py:190} INFO - [2024-09-20T22:33:02.143+0000] {dagbag.py:587} INFO - Filling up the DagBag from /opt/airflow/dags/create_dag_with_python_operator.py
[2024-09-20T22:33:02.202+0000] {processor.py:925} INFO - DAG(s) 'python_operator_v7' retrieved from /opt/airflow/dags/create_dag_with_python_operator.py
[2024-09-20T22:33:02.228+0000] {logging_mixin.py:190} INFO - [2024-09-20T22:33:02.228+0000] {dag.py:3229} INFO - Sync 1 DAGs
[2024-09-20T22:33:02.360+0000] {logging_mixin.py:190} INFO - [2024-09-20T22:33:02.359+0000] {dag.py:4156} INFO - Setting next_dagrun for python_operator_v7 to 2024-09-21 00:00:00+00:00, run_after=2024-09-22 00:00:00+00:00
[2024-09-20T22:33:02.380+0000] {processor.py:208} INFO - Processing /opt/airflow/dags/create_dag_with_python_operator.py took 0.246 seconds
[2024-09-20T22:33:33.021+0000] {processor.py:186} INFO - Started process (PID=3072) to work on /opt/airflow/dags/create_dag_with_python_operator.py
[2024-09-20T22:33:33.023+0000] {processor.py:914} INFO - Processing file /opt/airflow/dags/create_dag_with_python_operator.py for tasks to queue
[2024-09-20T22:33:33.027+0000] {logging_mixin.py:190} INFO - [2024-09-20T22:33:33.026+0000] {dagbag.py:587} INFO - Filling up the DagBag from /opt/airflow/dags/create_dag_with_python_operator.py
[2024-09-20T22:33:33.140+0000] {processor.py:925} INFO - DAG(s) 'python_operator_v7' retrieved from /opt/airflow/dags/create_dag_with_python_operator.py
[2024-09-20T22:33:33.164+0000] {logging_mixin.py:190} INFO - [2024-09-20T22:33:33.164+0000] {dag.py:3229} INFO - Sync 1 DAGs
[2024-09-20T22:33:33.184+0000] {logging_mixin.py:190} INFO - [2024-09-20T22:33:33.183+0000] {dag.py:4156} INFO - Setting next_dagrun for python_operator_v7 to 2024-09-21 00:00:00+00:00, run_after=2024-09-22 00:00:00+00:00
[2024-09-20T22:33:33.210+0000] {processor.py:208} INFO - Processing /opt/airflow/dags/create_dag_with_python_operator.py took 0.201 seconds
[2024-09-20T22:34:03.501+0000] {processor.py:186} INFO - Started process (PID=3085) to work on /opt/airflow/dags/create_dag_with_python_operator.py
[2024-09-20T22:34:03.503+0000] {processor.py:914} INFO - Processing file /opt/airflow/dags/create_dag_with_python_operator.py for tasks to queue
[2024-09-20T22:34:03.505+0000] {logging_mixin.py:190} INFO - [2024-09-20T22:34:03.505+0000] {dagbag.py:587} INFO - Filling up the DagBag from /opt/airflow/dags/create_dag_with_python_operator.py
[2024-09-20T22:34:03.584+0000] {processor.py:925} INFO - DAG(s) 'python_operator_v7' retrieved from /opt/airflow/dags/create_dag_with_python_operator.py
[2024-09-20T22:34:03.615+0000] {logging_mixin.py:190} INFO - [2024-09-20T22:34:03.615+0000] {dag.py:3229} INFO - Sync 1 DAGs
[2024-09-20T22:34:03.640+0000] {logging_mixin.py:190} INFO - [2024-09-20T22:34:03.639+0000] {dag.py:4156} INFO - Setting next_dagrun for python_operator_v7 to 2024-09-21 00:00:00+00:00, run_after=2024-09-22 00:00:00+00:00
[2024-09-20T22:34:03.666+0000] {processor.py:208} INFO - Processing /opt/airflow/dags/create_dag_with_python_operator.py took 0.171 seconds
[2024-09-20T22:34:34.367+0000] {processor.py:186} INFO - Started process (PID=3098) to work on /opt/airflow/dags/create_dag_with_python_operator.py
[2024-09-20T22:34:34.368+0000] {processor.py:914} INFO - Processing file /opt/airflow/dags/create_dag_with_python_operator.py for tasks to queue
[2024-09-20T22:34:34.370+0000] {logging_mixin.py:190} INFO - [2024-09-20T22:34:34.369+0000] {dagbag.py:587} INFO - Filling up the DagBag from /opt/airflow/dags/create_dag_with_python_operator.py
[2024-09-20T22:34:34.475+0000] {processor.py:925} INFO - DAG(s) 'python_operator_v7' retrieved from /opt/airflow/dags/create_dag_with_python_operator.py
[2024-09-20T22:34:34.500+0000] {logging_mixin.py:190} INFO - [2024-09-20T22:34:34.500+0000] {dag.py:3229} INFO - Sync 1 DAGs
[2024-09-20T22:34:34.520+0000] {logging_mixin.py:190} INFO - [2024-09-20T22:34:34.519+0000] {dag.py:4156} INFO - Setting next_dagrun for python_operator_v7 to 2024-09-21 00:00:00+00:00, run_after=2024-09-22 00:00:00+00:00
[2024-09-20T22:34:34.550+0000] {processor.py:208} INFO - Processing /opt/airflow/dags/create_dag_with_python_operator.py took 0.188 seconds
[2024-09-20T22:35:05.212+0000] {processor.py:186} INFO - Started process (PID=3111) to work on /opt/airflow/dags/create_dag_with_python_operator.py
[2024-09-20T22:35:05.213+0000] {processor.py:914} INFO - Processing file /opt/airflow/dags/create_dag_with_python_operator.py for tasks to queue
[2024-09-20T22:35:05.215+0000] {logging_mixin.py:190} INFO - [2024-09-20T22:35:05.215+0000] {dagbag.py:587} INFO - Filling up the DagBag from /opt/airflow/dags/create_dag_with_python_operator.py
[2024-09-20T22:35:05.288+0000] {processor.py:925} INFO - DAG(s) 'python_operator_v7' retrieved from /opt/airflow/dags/create_dag_with_python_operator.py
[2024-09-20T22:35:05.313+0000] {logging_mixin.py:190} INFO - [2024-09-20T22:35:05.313+0000] {dag.py:3229} INFO - Sync 1 DAGs
[2024-09-20T22:35:05.337+0000] {logging_mixin.py:190} INFO - [2024-09-20T22:35:05.336+0000] {dag.py:4156} INFO - Setting next_dagrun for python_operator_v7 to 2024-09-21 00:00:00+00:00, run_after=2024-09-22 00:00:00+00:00
[2024-09-20T22:35:05.362+0000] {processor.py:208} INFO - Processing /opt/airflow/dags/create_dag_with_python_operator.py took 0.156 seconds
[2024-09-20T22:35:35.945+0000] {processor.py:186} INFO - Started process (PID=3124) to work on /opt/airflow/dags/create_dag_with_python_operator.py
[2024-09-20T22:35:35.947+0000] {processor.py:914} INFO - Processing file /opt/airflow/dags/create_dag_with_python_operator.py for tasks to queue
[2024-09-20T22:35:35.949+0000] {logging_mixin.py:190} INFO - [2024-09-20T22:35:35.948+0000] {dagbag.py:587} INFO - Filling up the DagBag from /opt/airflow/dags/create_dag_with_python_operator.py
[2024-09-20T22:35:36.030+0000] {processor.py:925} INFO - DAG(s) 'python_operator_v7' retrieved from /opt/airflow/dags/create_dag_with_python_operator.py
[2024-09-20T22:35:36.055+0000] {logging_mixin.py:190} INFO - [2024-09-20T22:35:36.055+0000] {dag.py:3229} INFO - Sync 1 DAGs
[2024-09-20T22:35:36.077+0000] {logging_mixin.py:190} INFO - [2024-09-20T22:35:36.077+0000] {dag.py:4156} INFO - Setting next_dagrun for python_operator_v7 to 2024-09-21 00:00:00+00:00, run_after=2024-09-22 00:00:00+00:00
[2024-09-20T22:35:36.226+0000] {processor.py:208} INFO - Processing /opt/airflow/dags/create_dag_with_python_operator.py took 0.287 seconds
[2024-09-20T22:36:06.929+0000] {processor.py:186} INFO - Started process (PID=3137) to work on /opt/airflow/dags/create_dag_with_python_operator.py
[2024-09-20T22:36:06.932+0000] {processor.py:914} INFO - Processing file /opt/airflow/dags/create_dag_with_python_operator.py for tasks to queue
[2024-09-20T22:36:06.935+0000] {logging_mixin.py:190} INFO - [2024-09-20T22:36:06.934+0000] {dagbag.py:587} INFO - Filling up the DagBag from /opt/airflow/dags/create_dag_with_python_operator.py
[2024-09-20T22:36:07.038+0000] {processor.py:925} INFO - DAG(s) 'python_operator_v7' retrieved from /opt/airflow/dags/create_dag_with_python_operator.py
[2024-09-20T22:36:07.080+0000] {logging_mixin.py:190} INFO - [2024-09-20T22:36:07.079+0000] {dag.py:3229} INFO - Sync 1 DAGs
[2024-09-20T22:36:07.101+0000] {logging_mixin.py:190} INFO - [2024-09-20T22:36:07.101+0000] {dag.py:4156} INFO - Setting next_dagrun for python_operator_v7 to 2024-09-21 00:00:00+00:00, run_after=2024-09-22 00:00:00+00:00
[2024-09-20T22:36:07.122+0000] {processor.py:208} INFO - Processing /opt/airflow/dags/create_dag_with_python_operator.py took 0.203 seconds
[2024-09-20T22:36:37.723+0000] {processor.py:186} INFO - Started process (PID=3150) to work on /opt/airflow/dags/create_dag_with_python_operator.py
[2024-09-20T22:36:37.725+0000] {processor.py:914} INFO - Processing file /opt/airflow/dags/create_dag_with_python_operator.py for tasks to queue
[2024-09-20T22:36:37.727+0000] {logging_mixin.py:190} INFO - [2024-09-20T22:36:37.727+0000] {dagbag.py:587} INFO - Filling up the DagBag from /opt/airflow/dags/create_dag_with_python_operator.py
[2024-09-20T22:36:37.825+0000] {processor.py:925} INFO - DAG(s) 'python_operator_v7' retrieved from /opt/airflow/dags/create_dag_with_python_operator.py
[2024-09-20T22:36:37.854+0000] {logging_mixin.py:190} INFO - [2024-09-20T22:36:37.854+0000] {dag.py:3229} INFO - Sync 1 DAGs
[2024-09-20T22:36:37.873+0000] {logging_mixin.py:190} INFO - [2024-09-20T22:36:37.873+0000] {dag.py:4156} INFO - Setting next_dagrun for python_operator_v7 to 2024-09-21 00:00:00+00:00, run_after=2024-09-22 00:00:00+00:00
[2024-09-20T22:36:37.898+0000] {processor.py:208} INFO - Processing /opt/airflow/dags/create_dag_with_python_operator.py took 0.185 seconds
[2024-09-20T22:37:08.505+0000] {processor.py:186} INFO - Started process (PID=3163) to work on /opt/airflow/dags/create_dag_with_python_operator.py
[2024-09-20T22:37:08.507+0000] {processor.py:914} INFO - Processing file /opt/airflow/dags/create_dag_with_python_operator.py for tasks to queue
[2024-09-20T22:37:08.510+0000] {logging_mixin.py:190} INFO - [2024-09-20T22:37:08.509+0000] {dagbag.py:587} INFO - Filling up the DagBag from /opt/airflow/dags/create_dag_with_python_operator.py
[2024-09-20T22:37:08.612+0000] {processor.py:925} INFO - DAG(s) 'python_operator_v7' retrieved from /opt/airflow/dags/create_dag_with_python_operator.py
[2024-09-20T22:37:08.638+0000] {logging_mixin.py:190} INFO - [2024-09-20T22:37:08.638+0000] {dag.py:3229} INFO - Sync 1 DAGs
[2024-09-20T22:37:08.660+0000] {logging_mixin.py:190} INFO - [2024-09-20T22:37:08.660+0000] {dag.py:4156} INFO - Setting next_dagrun for python_operator_v7 to 2024-09-21 00:00:00+00:00, run_after=2024-09-22 00:00:00+00:00
[2024-09-20T22:37:08.689+0000] {processor.py:208} INFO - Processing /opt/airflow/dags/create_dag_with_python_operator.py took 0.189 seconds
[2024-09-20T22:37:39.361+0000] {processor.py:186} INFO - Started process (PID=3176) to work on /opt/airflow/dags/create_dag_with_python_operator.py
[2024-09-20T22:37:39.364+0000] {processor.py:914} INFO - Processing file /opt/airflow/dags/create_dag_with_python_operator.py for tasks to queue
[2024-09-20T22:37:39.367+0000] {logging_mixin.py:190} INFO - [2024-09-20T22:37:39.366+0000] {dagbag.py:587} INFO - Filling up the DagBag from /opt/airflow/dags/create_dag_with_python_operator.py
[2024-09-20T22:37:39.455+0000] {processor.py:925} INFO - DAG(s) 'python_operator_v7' retrieved from /opt/airflow/dags/create_dag_with_python_operator.py
[2024-09-20T22:37:39.480+0000] {logging_mixin.py:190} INFO - [2024-09-20T22:37:39.480+0000] {dag.py:3229} INFO - Sync 1 DAGs
[2024-09-20T22:37:39.501+0000] {logging_mixin.py:190} INFO - [2024-09-20T22:37:39.500+0000] {dag.py:4156} INFO - Setting next_dagrun for python_operator_v7 to 2024-09-21 00:00:00+00:00, run_after=2024-09-22 00:00:00+00:00
[2024-09-20T22:37:39.524+0000] {processor.py:208} INFO - Processing /opt/airflow/dags/create_dag_with_python_operator.py took 0.175 seconds
[2024-09-20T22:38:10.143+0000] {processor.py:186} INFO - Started process (PID=3189) to work on /opt/airflow/dags/create_dag_with_python_operator.py
[2024-09-20T22:38:10.145+0000] {processor.py:914} INFO - Processing file /opt/airflow/dags/create_dag_with_python_operator.py for tasks to queue
[2024-09-20T22:38:10.147+0000] {logging_mixin.py:190} INFO - [2024-09-20T22:38:10.147+0000] {dagbag.py:587} INFO - Filling up the DagBag from /opt/airflow/dags/create_dag_with_python_operator.py
[2024-09-20T22:38:10.233+0000] {processor.py:925} INFO - DAG(s) 'python_operator_v7' retrieved from /opt/airflow/dags/create_dag_with_python_operator.py
[2024-09-20T22:38:10.261+0000] {logging_mixin.py:190} INFO - [2024-09-20T22:38:10.260+0000] {dag.py:3229} INFO - Sync 1 DAGs
[2024-09-20T22:38:10.288+0000] {logging_mixin.py:190} INFO - [2024-09-20T22:38:10.287+0000] {dag.py:4156} INFO - Setting next_dagrun for python_operator_v7 to 2024-09-21 00:00:00+00:00, run_after=2024-09-22 00:00:00+00:00
[2024-09-20T22:38:10.315+0000] {processor.py:208} INFO - Processing /opt/airflow/dags/create_dag_with_python_operator.py took 0.177 seconds
[2024-09-20T22:38:41.016+0000] {processor.py:186} INFO - Started process (PID=3202) to work on /opt/airflow/dags/create_dag_with_python_operator.py
[2024-09-20T22:38:41.018+0000] {processor.py:914} INFO - Processing file /opt/airflow/dags/create_dag_with_python_operator.py for tasks to queue
[2024-09-20T22:38:41.019+0000] {logging_mixin.py:190} INFO - [2024-09-20T22:38:41.019+0000] {dagbag.py:587} INFO - Filling up the DagBag from /opt/airflow/dags/create_dag_with_python_operator.py
[2024-09-20T22:38:41.097+0000] {processor.py:925} INFO - DAG(s) 'python_operator_v7' retrieved from /opt/airflow/dags/create_dag_with_python_operator.py
[2024-09-20T22:38:41.133+0000] {logging_mixin.py:190} INFO - [2024-09-20T22:38:41.133+0000] {dag.py:3229} INFO - Sync 1 DAGs
[2024-09-20T22:38:41.315+0000] {logging_mixin.py:190} INFO - [2024-09-20T22:38:41.315+0000] {dag.py:4156} INFO - Setting next_dagrun for python_operator_v7 to 2024-09-21 00:00:00+00:00, run_after=2024-09-22 00:00:00+00:00
[2024-09-20T22:38:41.349+0000] {processor.py:208} INFO - Processing /opt/airflow/dags/create_dag_with_python_operator.py took 0.339 seconds
[2024-09-20T22:39:11.611+0000] {processor.py:186} INFO - Started process (PID=3215) to work on /opt/airflow/dags/create_dag_with_python_operator.py
[2024-09-20T22:39:11.613+0000] {processor.py:914} INFO - Processing file /opt/airflow/dags/create_dag_with_python_operator.py for tasks to queue
[2024-09-20T22:39:11.617+0000] {logging_mixin.py:190} INFO - [2024-09-20T22:39:11.616+0000] {dagbag.py:587} INFO - Filling up the DagBag from /opt/airflow/dags/create_dag_with_python_operator.py
[2024-09-20T22:39:11.709+0000] {processor.py:925} INFO - DAG(s) 'python_operator_v7' retrieved from /opt/airflow/dags/create_dag_with_python_operator.py
[2024-09-20T22:39:11.741+0000] {logging_mixin.py:190} INFO - [2024-09-20T22:39:11.740+0000] {dag.py:3229} INFO - Sync 1 DAGs
[2024-09-20T22:39:11.767+0000] {logging_mixin.py:190} INFO - [2024-09-20T22:39:11.766+0000] {dag.py:4156} INFO - Setting next_dagrun for python_operator_v7 to 2024-09-21 00:00:00+00:00, run_after=2024-09-22 00:00:00+00:00
[2024-09-20T22:39:11.798+0000] {processor.py:208} INFO - Processing /opt/airflow/dags/create_dag_with_python_operator.py took 0.195 seconds
[2024-09-20T22:39:42.522+0000] {processor.py:186} INFO - Started process (PID=3228) to work on /opt/airflow/dags/create_dag_with_python_operator.py
[2024-09-20T22:39:42.524+0000] {processor.py:914} INFO - Processing file /opt/airflow/dags/create_dag_with_python_operator.py for tasks to queue
[2024-09-20T22:39:42.526+0000] {logging_mixin.py:190} INFO - [2024-09-20T22:39:42.526+0000] {dagbag.py:587} INFO - Filling up the DagBag from /opt/airflow/dags/create_dag_with_python_operator.py
[2024-09-20T22:39:42.648+0000] {processor.py:925} INFO - DAG(s) 'python_operator_v7' retrieved from /opt/airflow/dags/create_dag_with_python_operator.py
[2024-09-20T22:39:42.673+0000] {logging_mixin.py:190} INFO - [2024-09-20T22:39:42.673+0000] {dag.py:3229} INFO - Sync 1 DAGs
[2024-09-20T22:39:42.693+0000] {logging_mixin.py:190} INFO - [2024-09-20T22:39:42.693+0000] {dag.py:4156} INFO - Setting next_dagrun for python_operator_v7 to 2024-09-21 00:00:00+00:00, run_after=2024-09-22 00:00:00+00:00
[2024-09-20T22:39:42.717+0000] {processor.py:208} INFO - Processing /opt/airflow/dags/create_dag_with_python_operator.py took 0.204 seconds
[2024-09-20T22:40:13.334+0000] {processor.py:186} INFO - Started process (PID=3241) to work on /opt/airflow/dags/create_dag_with_python_operator.py
[2024-09-20T22:40:13.335+0000] {processor.py:914} INFO - Processing file /opt/airflow/dags/create_dag_with_python_operator.py for tasks to queue
[2024-09-20T22:40:13.338+0000] {logging_mixin.py:190} INFO - [2024-09-20T22:40:13.337+0000] {dagbag.py:587} INFO - Filling up the DagBag from /opt/airflow/dags/create_dag_with_python_operator.py
[2024-09-20T22:40:13.433+0000] {processor.py:925} INFO - DAG(s) 'python_operator_v7' retrieved from /opt/airflow/dags/create_dag_with_python_operator.py
[2024-09-20T22:40:13.456+0000] {logging_mixin.py:190} INFO - [2024-09-20T22:40:13.456+0000] {dag.py:3229} INFO - Sync 1 DAGs
[2024-09-20T22:40:13.475+0000] {logging_mixin.py:190} INFO - [2024-09-20T22:40:13.475+0000] {dag.py:4156} INFO - Setting next_dagrun for python_operator_v7 to 2024-09-21 00:00:00+00:00, run_after=2024-09-22 00:00:00+00:00
[2024-09-20T22:40:13.494+0000] {processor.py:208} INFO - Processing /opt/airflow/dags/create_dag_with_python_operator.py took 0.167 seconds
[2024-09-20T22:40:44.142+0000] {processor.py:186} INFO - Started process (PID=3254) to work on /opt/airflow/dags/create_dag_with_python_operator.py
[2024-09-20T22:40:44.144+0000] {processor.py:914} INFO - Processing file /opt/airflow/dags/create_dag_with_python_operator.py for tasks to queue
[2024-09-20T22:40:44.145+0000] {logging_mixin.py:190} INFO - [2024-09-20T22:40:44.145+0000] {dagbag.py:587} INFO - Filling up the DagBag from /opt/airflow/dags/create_dag_with_python_operator.py
[2024-09-20T22:40:44.261+0000] {processor.py:925} INFO - DAG(s) 'python_operator_v7' retrieved from /opt/airflow/dags/create_dag_with_python_operator.py
[2024-09-20T22:40:44.294+0000] {logging_mixin.py:190} INFO - [2024-09-20T22:40:44.294+0000] {dag.py:3229} INFO - Sync 1 DAGs
[2024-09-20T22:40:44.313+0000] {logging_mixin.py:190} INFO - [2024-09-20T22:40:44.313+0000] {dag.py:4156} INFO - Setting next_dagrun for python_operator_v7 to 2024-09-21 00:00:00+00:00, run_after=2024-09-22 00:00:00+00:00
[2024-09-20T22:40:44.333+0000] {processor.py:208} INFO - Processing /opt/airflow/dags/create_dag_with_python_operator.py took 0.197 seconds
[2024-09-20T22:41:14.981+0000] {processor.py:186} INFO - Started process (PID=3267) to work on /opt/airflow/dags/create_dag_with_python_operator.py
[2024-09-20T22:41:14.983+0000] {processor.py:914} INFO - Processing file /opt/airflow/dags/create_dag_with_python_operator.py for tasks to queue
[2024-09-20T22:41:14.986+0000] {logging_mixin.py:190} INFO - [2024-09-20T22:41:14.985+0000] {dagbag.py:587} INFO - Filling up the DagBag from /opt/airflow/dags/create_dag_with_python_operator.py
[2024-09-20T22:41:15.112+0000] {processor.py:925} INFO - DAG(s) 'python_operator_v7' retrieved from /opt/airflow/dags/create_dag_with_python_operator.py
[2024-09-20T22:41:15.140+0000] {logging_mixin.py:190} INFO - [2024-09-20T22:41:15.140+0000] {dag.py:3229} INFO - Sync 1 DAGs
[2024-09-20T22:41:15.161+0000] {logging_mixin.py:190} INFO - [2024-09-20T22:41:15.160+0000] {dag.py:4156} INFO - Setting next_dagrun for python_operator_v7 to 2024-09-21 00:00:00+00:00, run_after=2024-09-22 00:00:00+00:00
[2024-09-20T22:41:15.296+0000] {processor.py:208} INFO - Processing /opt/airflow/dags/create_dag_with_python_operator.py took 0.326 seconds
[2024-09-20T22:41:45.945+0000] {processor.py:186} INFO - Started process (PID=3280) to work on /opt/airflow/dags/create_dag_with_python_operator.py
[2024-09-20T22:41:45.947+0000] {processor.py:914} INFO - Processing file /opt/airflow/dags/create_dag_with_python_operator.py for tasks to queue
[2024-09-20T22:41:45.950+0000] {logging_mixin.py:190} INFO - [2024-09-20T22:41:45.949+0000] {dagbag.py:587} INFO - Filling up the DagBag from /opt/airflow/dags/create_dag_with_python_operator.py
[2024-09-20T22:41:46.027+0000] {processor.py:925} INFO - DAG(s) 'python_operator_v7' retrieved from /opt/airflow/dags/create_dag_with_python_operator.py
[2024-09-20T22:41:46.060+0000] {logging_mixin.py:190} INFO - [2024-09-20T22:41:46.060+0000] {dag.py:3229} INFO - Sync 1 DAGs
[2024-09-20T22:41:46.213+0000] {logging_mixin.py:190} INFO - [2024-09-20T22:41:46.212+0000] {dag.py:4156} INFO - Setting next_dagrun for python_operator_v7 to 2024-09-21 00:00:00+00:00, run_after=2024-09-22 00:00:00+00:00
[2024-09-20T22:41:46.235+0000] {processor.py:208} INFO - Processing /opt/airflow/dags/create_dag_with_python_operator.py took 0.295 seconds
[2024-09-20T22:42:16.551+0000] {processor.py:186} INFO - Started process (PID=3293) to work on /opt/airflow/dags/create_dag_with_python_operator.py
[2024-09-20T22:42:16.553+0000] {processor.py:914} INFO - Processing file /opt/airflow/dags/create_dag_with_python_operator.py for tasks to queue
[2024-09-20T22:42:16.555+0000] {logging_mixin.py:190} INFO - [2024-09-20T22:42:16.555+0000] {dagbag.py:587} INFO - Filling up the DagBag from /opt/airflow/dags/create_dag_with_python_operator.py
[2024-09-20T22:42:16.638+0000] {processor.py:925} INFO - DAG(s) 'python_operator_v7' retrieved from /opt/airflow/dags/create_dag_with_python_operator.py
[2024-09-20T22:42:16.666+0000] {logging_mixin.py:190} INFO - [2024-09-20T22:42:16.665+0000] {dag.py:3229} INFO - Sync 1 DAGs
[2024-09-20T22:42:16.687+0000] {logging_mixin.py:190} INFO - [2024-09-20T22:42:16.687+0000] {dag.py:4156} INFO - Setting next_dagrun for python_operator_v7 to 2024-09-21 00:00:00+00:00, run_after=2024-09-22 00:00:00+00:00
[2024-09-20T22:42:16.711+0000] {processor.py:208} INFO - Processing /opt/airflow/dags/create_dag_with_python_operator.py took 0.168 seconds
[2024-09-20T22:42:47.364+0000] {processor.py:186} INFO - Started process (PID=3306) to work on /opt/airflow/dags/create_dag_with_python_operator.py
[2024-09-20T22:42:47.366+0000] {processor.py:914} INFO - Processing file /opt/airflow/dags/create_dag_with_python_operator.py for tasks to queue
[2024-09-20T22:42:47.369+0000] {logging_mixin.py:190} INFO - [2024-09-20T22:42:47.369+0000] {dagbag.py:587} INFO - Filling up the DagBag from /opt/airflow/dags/create_dag_with_python_operator.py
[2024-09-20T22:42:47.492+0000] {processor.py:925} INFO - DAG(s) 'python_operator_v7' retrieved from /opt/airflow/dags/create_dag_with_python_operator.py
[2024-09-20T22:42:47.522+0000] {logging_mixin.py:190} INFO - [2024-09-20T22:42:47.522+0000] {dag.py:3229} INFO - Sync 1 DAGs
[2024-09-20T22:42:47.547+0000] {logging_mixin.py:190} INFO - [2024-09-20T22:42:47.547+0000] {dag.py:4156} INFO - Setting next_dagrun for python_operator_v7 to 2024-09-21 00:00:00+00:00, run_after=2024-09-22 00:00:00+00:00
[2024-09-20T22:42:47.576+0000] {processor.py:208} INFO - Processing /opt/airflow/dags/create_dag_with_python_operator.py took 0.222 seconds
[2024-09-20T22:43:18.252+0000] {processor.py:186} INFO - Started process (PID=3319) to work on /opt/airflow/dags/create_dag_with_python_operator.py
[2024-09-20T22:43:18.254+0000] {processor.py:914} INFO - Processing file /opt/airflow/dags/create_dag_with_python_operator.py for tasks to queue
[2024-09-20T22:43:18.257+0000] {logging_mixin.py:190} INFO - [2024-09-20T22:43:18.256+0000] {dagbag.py:587} INFO - Filling up the DagBag from /opt/airflow/dags/create_dag_with_python_operator.py
[2024-09-20T22:43:18.374+0000] {processor.py:925} INFO - DAG(s) 'python_operator_v7' retrieved from /opt/airflow/dags/create_dag_with_python_operator.py
[2024-09-20T22:43:18.401+0000] {logging_mixin.py:190} INFO - [2024-09-20T22:43:18.401+0000] {dag.py:3229} INFO - Sync 1 DAGs
[2024-09-20T22:43:18.422+0000] {logging_mixin.py:190} INFO - [2024-09-20T22:43:18.421+0000] {dag.py:4156} INFO - Setting next_dagrun for python_operator_v7 to 2024-09-21 00:00:00+00:00, run_after=2024-09-22 00:00:00+00:00
[2024-09-20T22:43:18.456+0000] {processor.py:208} INFO - Processing /opt/airflow/dags/create_dag_with_python_operator.py took 0.212 seconds
[2024-09-20T22:43:49.117+0000] {processor.py:186} INFO - Started process (PID=3332) to work on /opt/airflow/dags/create_dag_with_python_operator.py
[2024-09-20T22:43:49.118+0000] {processor.py:914} INFO - Processing file /opt/airflow/dags/create_dag_with_python_operator.py for tasks to queue
[2024-09-20T22:43:49.120+0000] {logging_mixin.py:190} INFO - [2024-09-20T22:43:49.120+0000] {dagbag.py:587} INFO - Filling up the DagBag from /opt/airflow/dags/create_dag_with_python_operator.py
[2024-09-20T22:43:49.191+0000] {processor.py:925} INFO - DAG(s) 'python_operator_v7' retrieved from /opt/airflow/dags/create_dag_with_python_operator.py
[2024-09-20T22:43:49.215+0000] {logging_mixin.py:190} INFO - [2024-09-20T22:43:49.215+0000] {dag.py:3229} INFO - Sync 1 DAGs
[2024-09-20T22:43:49.238+0000] {logging_mixin.py:190} INFO - [2024-09-20T22:43:49.238+0000] {dag.py:4156} INFO - Setting next_dagrun for python_operator_v7 to 2024-09-21 00:00:00+00:00, run_after=2024-09-22 00:00:00+00:00
[2024-09-20T22:43:49.266+0000] {processor.py:208} INFO - Processing /opt/airflow/dags/create_dag_with_python_operator.py took 0.157 seconds
[2024-09-20T22:44:20.017+0000] {processor.py:186} INFO - Started process (PID=3345) to work on /opt/airflow/dags/create_dag_with_python_operator.py
[2024-09-20T22:44:20.021+0000] {processor.py:914} INFO - Processing file /opt/airflow/dags/create_dag_with_python_operator.py for tasks to queue
[2024-09-20T22:44:20.024+0000] {logging_mixin.py:190} INFO - [2024-09-20T22:44:20.023+0000] {dagbag.py:587} INFO - Filling up the DagBag from /opt/airflow/dags/create_dag_with_python_operator.py
[2024-09-20T22:44:20.107+0000] {processor.py:925} INFO - DAG(s) 'python_operator_v7' retrieved from /opt/airflow/dags/create_dag_with_python_operator.py
[2024-09-20T22:44:20.138+0000] {logging_mixin.py:190} INFO - [2024-09-20T22:44:20.137+0000] {dag.py:3229} INFO - Sync 1 DAGs
[2024-09-20T22:44:20.160+0000] {logging_mixin.py:190} INFO - [2024-09-20T22:44:20.160+0000] {dag.py:4156} INFO - Setting next_dagrun for python_operator_v7 to 2024-09-21 00:00:00+00:00, run_after=2024-09-22 00:00:00+00:00
[2024-09-20T22:44:20.298+0000] {processor.py:208} INFO - Processing /opt/airflow/dags/create_dag_with_python_operator.py took 0.286 seconds
[2024-09-20T22:44:50.995+0000] {processor.py:186} INFO - Started process (PID=3358) to work on /opt/airflow/dags/create_dag_with_python_operator.py
[2024-09-20T22:44:50.997+0000] {processor.py:914} INFO - Processing file /opt/airflow/dags/create_dag_with_python_operator.py for tasks to queue
[2024-09-20T22:44:51.000+0000] {logging_mixin.py:190} INFO - [2024-09-20T22:44:51.000+0000] {dagbag.py:587} INFO - Filling up the DagBag from /opt/airflow/dags/create_dag_with_python_operator.py
[2024-09-20T22:44:51.119+0000] {processor.py:925} INFO - DAG(s) 'python_operator_v7' retrieved from /opt/airflow/dags/create_dag_with_python_operator.py
[2024-09-20T22:44:51.144+0000] {logging_mixin.py:190} INFO - [2024-09-20T22:44:51.144+0000] {dag.py:3229} INFO - Sync 1 DAGs
[2024-09-20T22:44:51.166+0000] {logging_mixin.py:190} INFO - [2024-09-20T22:44:51.166+0000] {dag.py:4156} INFO - Setting next_dagrun for python_operator_v7 to 2024-09-21 00:00:00+00:00, run_after=2024-09-22 00:00:00+00:00
[2024-09-20T22:44:51.208+0000] {processor.py:208} INFO - Processing /opt/airflow/dags/create_dag_with_python_operator.py took 0.223 seconds
[2024-09-20T22:45:21.921+0000] {processor.py:186} INFO - Started process (PID=3371) to work on /opt/airflow/dags/create_dag_with_python_operator.py
[2024-09-20T22:45:21.923+0000] {processor.py:914} INFO - Processing file /opt/airflow/dags/create_dag_with_python_operator.py for tasks to queue
[2024-09-20T22:45:21.926+0000] {logging_mixin.py:190} INFO - [2024-09-20T22:45:21.925+0000] {dagbag.py:587} INFO - Filling up the DagBag from /opt/airflow/dags/create_dag_with_python_operator.py
[2024-09-20T22:45:22.038+0000] {processor.py:925} INFO - DAG(s) 'python_operator_v7' retrieved from /opt/airflow/dags/create_dag_with_python_operator.py
[2024-09-20T22:45:22.061+0000] {logging_mixin.py:190} INFO - [2024-09-20T22:45:22.061+0000] {dag.py:3229} INFO - Sync 1 DAGs
[2024-09-20T22:45:22.082+0000] {logging_mixin.py:190} INFO - [2024-09-20T22:45:22.081+0000] {dag.py:4156} INFO - Setting next_dagrun for python_operator_v7 to 2024-09-21 00:00:00+00:00, run_after=2024-09-22 00:00:00+00:00
[2024-09-20T22:45:22.108+0000] {processor.py:208} INFO - Processing /opt/airflow/dags/create_dag_with_python_operator.py took 0.199 seconds
[2024-09-20T22:45:52.790+0000] {processor.py:186} INFO - Started process (PID=3384) to work on /opt/airflow/dags/create_dag_with_python_operator.py
[2024-09-20T22:45:52.792+0000] {processor.py:914} INFO - Processing file /opt/airflow/dags/create_dag_with_python_operator.py for tasks to queue
[2024-09-20T22:45:52.794+0000] {logging_mixin.py:190} INFO - [2024-09-20T22:45:52.793+0000] {dagbag.py:587} INFO - Filling up the DagBag from /opt/airflow/dags/create_dag_with_python_operator.py
[2024-09-20T22:45:52.874+0000] {processor.py:925} INFO - DAG(s) 'python_operator_v7' retrieved from /opt/airflow/dags/create_dag_with_python_operator.py
[2024-09-20T22:45:52.901+0000] {logging_mixin.py:190} INFO - [2024-09-20T22:45:52.901+0000] {dag.py:3229} INFO - Sync 1 DAGs
[2024-09-20T22:45:52.927+0000] {logging_mixin.py:190} INFO - [2024-09-20T22:45:52.926+0000] {dag.py:4156} INFO - Setting next_dagrun for python_operator_v7 to 2024-09-21 00:00:00+00:00, run_after=2024-09-22 00:00:00+00:00
[2024-09-20T22:45:52.951+0000] {processor.py:208} INFO - Processing /opt/airflow/dags/create_dag_with_python_operator.py took 0.166 seconds
[2024-09-20T22:46:23.698+0000] {processor.py:186} INFO - Started process (PID=3397) to work on /opt/airflow/dags/create_dag_with_python_operator.py
[2024-09-20T22:46:23.701+0000] {processor.py:914} INFO - Processing file /opt/airflow/dags/create_dag_with_python_operator.py for tasks to queue
[2024-09-20T22:46:23.704+0000] {logging_mixin.py:190} INFO - [2024-09-20T22:46:23.704+0000] {dagbag.py:587} INFO - Filling up the DagBag from /opt/airflow/dags/create_dag_with_python_operator.py
[2024-09-20T22:46:23.818+0000] {processor.py:925} INFO - DAG(s) 'python_operator_v7' retrieved from /opt/airflow/dags/create_dag_with_python_operator.py
[2024-09-20T22:46:23.838+0000] {logging_mixin.py:190} INFO - [2024-09-20T22:46:23.838+0000] {dag.py:3229} INFO - Sync 1 DAGs
[2024-09-20T22:46:23.859+0000] {logging_mixin.py:190} INFO - [2024-09-20T22:46:23.858+0000] {dag.py:4156} INFO - Setting next_dagrun for python_operator_v7 to 2024-09-21 00:00:00+00:00, run_after=2024-09-22 00:00:00+00:00
[2024-09-20T22:46:23.886+0000] {processor.py:208} INFO - Processing /opt/airflow/dags/create_dag_with_python_operator.py took 0.199 seconds
[2024-09-20T22:46:54.524+0000] {processor.py:186} INFO - Started process (PID=3410) to work on /opt/airflow/dags/create_dag_with_python_operator.py
[2024-09-20T22:46:54.526+0000] {processor.py:914} INFO - Processing file /opt/airflow/dags/create_dag_with_python_operator.py for tasks to queue
[2024-09-20T22:46:54.528+0000] {logging_mixin.py:190} INFO - [2024-09-20T22:46:54.527+0000] {dagbag.py:587} INFO - Filling up the DagBag from /opt/airflow/dags/create_dag_with_python_operator.py
[2024-09-20T22:46:54.607+0000] {processor.py:925} INFO - DAG(s) 'python_operator_v7' retrieved from /opt/airflow/dags/create_dag_with_python_operator.py
[2024-09-20T22:46:54.638+0000] {logging_mixin.py:190} INFO - [2024-09-20T22:46:54.638+0000] {dag.py:3229} INFO - Sync 1 DAGs
[2024-09-20T22:46:54.660+0000] {logging_mixin.py:190} INFO - [2024-09-20T22:46:54.660+0000] {dag.py:4156} INFO - Setting next_dagrun for python_operator_v7 to 2024-09-21 00:00:00+00:00, run_after=2024-09-22 00:00:00+00:00
[2024-09-20T22:46:54.806+0000] {processor.py:208} INFO - Processing /opt/airflow/dags/create_dag_with_python_operator.py took 0.287 seconds
[2024-09-20T22:47:25.577+0000] {processor.py:186} INFO - Started process (PID=3423) to work on /opt/airflow/dags/create_dag_with_python_operator.py
[2024-09-20T22:47:25.579+0000] {processor.py:914} INFO - Processing file /opt/airflow/dags/create_dag_with_python_operator.py for tasks to queue
[2024-09-20T22:47:25.581+0000] {logging_mixin.py:190} INFO - [2024-09-20T22:47:25.581+0000] {dagbag.py:587} INFO - Filling up the DagBag from /opt/airflow/dags/create_dag_with_python_operator.py
[2024-09-20T22:47:25.702+0000] {processor.py:925} INFO - DAG(s) 'python_operator_v7' retrieved from /opt/airflow/dags/create_dag_with_python_operator.py
[2024-09-20T22:47:25.739+0000] {logging_mixin.py:190} INFO - [2024-09-20T22:47:25.739+0000] {dag.py:3229} INFO - Sync 1 DAGs
[2024-09-20T22:47:25.873+0000] {logging_mixin.py:190} INFO - [2024-09-20T22:47:25.873+0000] {dag.py:4156} INFO - Setting next_dagrun for python_operator_v7 to 2024-09-21 00:00:00+00:00, run_after=2024-09-22 00:00:00+00:00
[2024-09-20T22:47:25.905+0000] {processor.py:208} INFO - Processing /opt/airflow/dags/create_dag_with_python_operator.py took 0.338 seconds
[2024-09-20T22:47:56.618+0000] {processor.py:186} INFO - Started process (PID=3436) to work on /opt/airflow/dags/create_dag_with_python_operator.py
[2024-09-20T22:47:56.620+0000] {processor.py:914} INFO - Processing file /opt/airflow/dags/create_dag_with_python_operator.py for tasks to queue
[2024-09-20T22:47:56.623+0000] {logging_mixin.py:190} INFO - [2024-09-20T22:47:56.623+0000] {dagbag.py:587} INFO - Filling up the DagBag from /opt/airflow/dags/create_dag_with_python_operator.py
[2024-09-20T22:47:56.728+0000] {processor.py:925} INFO - DAG(s) 'python_operator_v7' retrieved from /opt/airflow/dags/create_dag_with_python_operator.py
[2024-09-20T22:47:56.754+0000] {logging_mixin.py:190} INFO - [2024-09-20T22:47:56.753+0000] {dag.py:3229} INFO - Sync 1 DAGs
[2024-09-20T22:47:56.774+0000] {logging_mixin.py:190} INFO - [2024-09-20T22:47:56.774+0000] {dag.py:4156} INFO - Setting next_dagrun for python_operator_v7 to 2024-09-21 00:00:00+00:00, run_after=2024-09-22 00:00:00+00:00
[2024-09-20T22:47:56.803+0000] {processor.py:208} INFO - Processing /opt/airflow/dags/create_dag_with_python_operator.py took 0.196 seconds
[2024-09-20T22:48:27.518+0000] {processor.py:186} INFO - Started process (PID=3449) to work on /opt/airflow/dags/create_dag_with_python_operator.py
[2024-09-20T22:48:27.520+0000] {processor.py:914} INFO - Processing file /opt/airflow/dags/create_dag_with_python_operator.py for tasks to queue
[2024-09-20T22:48:27.522+0000] {logging_mixin.py:190} INFO - [2024-09-20T22:48:27.521+0000] {dagbag.py:587} INFO - Filling up the DagBag from /opt/airflow/dags/create_dag_with_python_operator.py
[2024-09-20T22:48:27.592+0000] {processor.py:925} INFO - DAG(s) 'python_operator_v7' retrieved from /opt/airflow/dags/create_dag_with_python_operator.py
[2024-09-20T22:48:27.618+0000] {logging_mixin.py:190} INFO - [2024-09-20T22:48:27.618+0000] {dag.py:3229} INFO - Sync 1 DAGs
[2024-09-20T22:48:27.647+0000] {logging_mixin.py:190} INFO - [2024-09-20T22:48:27.647+0000] {dag.py:4156} INFO - Setting next_dagrun for python_operator_v7 to 2024-09-21 00:00:00+00:00, run_after=2024-09-22 00:00:00+00:00
[2024-09-20T22:48:27.672+0000] {processor.py:208} INFO - Processing /opt/airflow/dags/create_dag_with_python_operator.py took 0.160 seconds
[2024-09-20T22:48:57.973+0000] {processor.py:186} INFO - Started process (PID=3462) to work on /opt/airflow/dags/create_dag_with_python_operator.py
[2024-09-20T22:48:57.976+0000] {processor.py:914} INFO - Processing file /opt/airflow/dags/create_dag_with_python_operator.py for tasks to queue
[2024-09-20T22:48:57.980+0000] {logging_mixin.py:190} INFO - [2024-09-20T22:48:57.979+0000] {dagbag.py:587} INFO - Filling up the DagBag from /opt/airflow/dags/create_dag_with_python_operator.py
[2024-09-20T22:48:58.105+0000] {processor.py:925} INFO - DAG(s) 'python_operator_v7' retrieved from /opt/airflow/dags/create_dag_with_python_operator.py
[2024-09-20T22:48:58.131+0000] {logging_mixin.py:190} INFO - [2024-09-20T22:48:58.130+0000] {dag.py:3229} INFO - Sync 1 DAGs
[2024-09-20T22:48:58.150+0000] {logging_mixin.py:190} INFO - [2024-09-20T22:48:58.149+0000] {dag.py:4156} INFO - Setting next_dagrun for python_operator_v7 to 2024-09-21 00:00:00+00:00, run_after=2024-09-22 00:00:00+00:00
[2024-09-20T22:48:58.181+0000] {processor.py:208} INFO - Processing /opt/airflow/dags/create_dag_with_python_operator.py took 0.219 seconds
[2024-09-20T22:49:28.878+0000] {processor.py:186} INFO - Started process (PID=3475) to work on /opt/airflow/dags/create_dag_with_python_operator.py
[2024-09-20T22:49:28.880+0000] {processor.py:914} INFO - Processing file /opt/airflow/dags/create_dag_with_python_operator.py for tasks to queue
[2024-09-20T22:49:28.884+0000] {logging_mixin.py:190} INFO - [2024-09-20T22:49:28.883+0000] {dagbag.py:587} INFO - Filling up the DagBag from /opt/airflow/dags/create_dag_with_python_operator.py
[2024-09-20T22:49:28.990+0000] {processor.py:925} INFO - DAG(s) 'python_operator_v7' retrieved from /opt/airflow/dags/create_dag_with_python_operator.py
[2024-09-20T22:49:29.029+0000] {logging_mixin.py:190} INFO - [2024-09-20T22:49:29.029+0000] {dag.py:3229} INFO - Sync 1 DAGs
[2024-09-20T22:49:29.049+0000] {logging_mixin.py:190} INFO - [2024-09-20T22:49:29.049+0000] {dag.py:4156} INFO - Setting next_dagrun for python_operator_v7 to 2024-09-21 00:00:00+00:00, run_after=2024-09-22 00:00:00+00:00
[2024-09-20T22:49:29.076+0000] {processor.py:208} INFO - Processing /opt/airflow/dags/create_dag_with_python_operator.py took 0.209 seconds
[2024-09-20T22:49:59.794+0000] {processor.py:186} INFO - Started process (PID=3488) to work on /opt/airflow/dags/create_dag_with_python_operator.py
[2024-09-20T22:49:59.796+0000] {processor.py:914} INFO - Processing file /opt/airflow/dags/create_dag_with_python_operator.py for tasks to queue
[2024-09-20T22:49:59.800+0000] {logging_mixin.py:190} INFO - [2024-09-20T22:49:59.798+0000] {dagbag.py:587} INFO - Filling up the DagBag from /opt/airflow/dags/create_dag_with_python_operator.py
[2024-09-20T22:49:59.889+0000] {processor.py:925} INFO - DAG(s) 'python_operator_v7' retrieved from /opt/airflow/dags/create_dag_with_python_operator.py
[2024-09-20T22:49:59.916+0000] {logging_mixin.py:190} INFO - [2024-09-20T22:49:59.916+0000] {dag.py:3229} INFO - Sync 1 DAGs
[2024-09-20T22:50:00.053+0000] {logging_mixin.py:190} INFO - [2024-09-20T22:50:00.053+0000] {dag.py:4156} INFO - Setting next_dagrun for python_operator_v7 to 2024-09-21 00:00:00+00:00, run_after=2024-09-22 00:00:00+00:00
[2024-09-20T22:50:00.079+0000] {processor.py:208} INFO - Processing /opt/airflow/dags/create_dag_with_python_operator.py took 0.296 seconds
[2024-09-20T22:50:30.724+0000] {processor.py:186} INFO - Started process (PID=3501) to work on /opt/airflow/dags/create_dag_with_python_operator.py
[2024-09-20T22:50:30.727+0000] {processor.py:914} INFO - Processing file /opt/airflow/dags/create_dag_with_python_operator.py for tasks to queue
[2024-09-20T22:50:30.730+0000] {logging_mixin.py:190} INFO - [2024-09-20T22:50:30.730+0000] {dagbag.py:587} INFO - Filling up the DagBag from /opt/airflow/dags/create_dag_with_python_operator.py
[2024-09-20T22:50:30.838+0000] {processor.py:925} INFO - DAG(s) 'python_operator_v7' retrieved from /opt/airflow/dags/create_dag_with_python_operator.py
[2024-09-20T22:50:30.871+0000] {logging_mixin.py:190} INFO - [2024-09-20T22:50:30.870+0000] {dag.py:3229} INFO - Sync 1 DAGs
[2024-09-20T22:50:30.892+0000] {logging_mixin.py:190} INFO - [2024-09-20T22:50:30.891+0000] {dag.py:4156} INFO - Setting next_dagrun for python_operator_v7 to 2024-09-21 00:00:00+00:00, run_after=2024-09-22 00:00:00+00:00
[2024-09-20T22:50:30.917+0000] {processor.py:208} INFO - Processing /opt/airflow/dags/create_dag_with_python_operator.py took 0.205 seconds
[2024-09-20T22:51:01.620+0000] {processor.py:186} INFO - Started process (PID=3514) to work on /opt/airflow/dags/create_dag_with_python_operator.py
[2024-09-20T22:51:01.624+0000] {processor.py:914} INFO - Processing file /opt/airflow/dags/create_dag_with_python_operator.py for tasks to queue
[2024-09-20T22:51:01.628+0000] {logging_mixin.py:190} INFO - [2024-09-20T22:51:01.627+0000] {dagbag.py:587} INFO - Filling up the DagBag from /opt/airflow/dags/create_dag_with_python_operator.py
[2024-09-20T22:51:01.745+0000] {processor.py:925} INFO - DAG(s) 'python_operator_v7' retrieved from /opt/airflow/dags/create_dag_with_python_operator.py
[2024-09-20T22:51:01.784+0000] {logging_mixin.py:190} INFO - [2024-09-20T22:51:01.783+0000] {dag.py:3229} INFO - Sync 1 DAGs
[2024-09-20T22:51:01.806+0000] {logging_mixin.py:190} INFO - [2024-09-20T22:51:01.806+0000] {dag.py:4156} INFO - Setting next_dagrun for python_operator_v7 to 2024-09-21 00:00:00+00:00, run_after=2024-09-22 00:00:00+00:00
[2024-09-20T22:51:01.834+0000] {processor.py:208} INFO - Processing /opt/airflow/dags/create_dag_with_python_operator.py took 0.228 seconds
[2024-09-20T22:51:32.504+0000] {processor.py:186} INFO - Started process (PID=3527) to work on /opt/airflow/dags/create_dag_with_python_operator.py
[2024-09-20T22:51:32.505+0000] {processor.py:914} INFO - Processing file /opt/airflow/dags/create_dag_with_python_operator.py for tasks to queue
[2024-09-20T22:51:32.507+0000] {logging_mixin.py:190} INFO - [2024-09-20T22:51:32.507+0000] {dagbag.py:587} INFO - Filling up the DagBag from /opt/airflow/dags/create_dag_with_python_operator.py
[2024-09-20T22:51:32.582+0000] {processor.py:925} INFO - DAG(s) 'python_operator_v7' retrieved from /opt/airflow/dags/create_dag_with_python_operator.py
[2024-09-20T22:51:32.604+0000] {logging_mixin.py:190} INFO - [2024-09-20T22:51:32.604+0000] {dag.py:3229} INFO - Sync 1 DAGs
[2024-09-20T22:51:32.624+0000] {logging_mixin.py:190} INFO - [2024-09-20T22:51:32.624+0000] {dag.py:4156} INFO - Setting next_dagrun for python_operator_v7 to 2024-09-21 00:00:00+00:00, run_after=2024-09-22 00:00:00+00:00
[2024-09-20T22:51:32.648+0000] {processor.py:208} INFO - Processing /opt/airflow/dags/create_dag_with_python_operator.py took 0.149 seconds
[2024-09-20T22:52:03.266+0000] {processor.py:186} INFO - Started process (PID=3540) to work on /opt/airflow/dags/create_dag_with_python_operator.py
[2024-09-20T22:52:03.267+0000] {processor.py:914} INFO - Processing file /opt/airflow/dags/create_dag_with_python_operator.py for tasks to queue
[2024-09-20T22:52:03.269+0000] {logging_mixin.py:190} INFO - [2024-09-20T22:52:03.269+0000] {dagbag.py:587} INFO - Filling up the DagBag from /opt/airflow/dags/create_dag_with_python_operator.py
[2024-09-20T22:52:03.372+0000] {processor.py:925} INFO - DAG(s) 'python_operator_v7' retrieved from /opt/airflow/dags/create_dag_with_python_operator.py
[2024-09-20T22:52:03.396+0000] {logging_mixin.py:190} INFO - [2024-09-20T22:52:03.396+0000] {dag.py:3229} INFO - Sync 1 DAGs
[2024-09-20T22:52:03.420+0000] {logging_mixin.py:190} INFO - [2024-09-20T22:52:03.420+0000] {dag.py:4156} INFO - Setting next_dagrun for python_operator_v7 to 2024-09-21 00:00:00+00:00, run_after=2024-09-22 00:00:00+00:00
[2024-09-20T22:52:03.451+0000] {processor.py:208} INFO - Processing /opt/airflow/dags/create_dag_with_python_operator.py took 0.191 seconds
[2024-09-20T22:52:34.095+0000] {processor.py:186} INFO - Started process (PID=3553) to work on /opt/airflow/dags/create_dag_with_python_operator.py
[2024-09-20T22:52:34.097+0000] {processor.py:914} INFO - Processing file /opt/airflow/dags/create_dag_with_python_operator.py for tasks to queue
[2024-09-20T22:52:34.100+0000] {logging_mixin.py:190} INFO - [2024-09-20T22:52:34.099+0000] {dagbag.py:587} INFO - Filling up the DagBag from /opt/airflow/dags/create_dag_with_python_operator.py
[2024-09-20T22:52:34.198+0000] {processor.py:925} INFO - DAG(s) 'python_operator_v7' retrieved from /opt/airflow/dags/create_dag_with_python_operator.py
[2024-09-20T22:52:34.229+0000] {logging_mixin.py:190} INFO - [2024-09-20T22:52:34.228+0000] {dag.py:3229} INFO - Sync 1 DAGs
[2024-09-20T22:52:34.255+0000] {logging_mixin.py:190} INFO - [2024-09-20T22:52:34.254+0000] {dag.py:4156} INFO - Setting next_dagrun for python_operator_v7 to 2024-09-21 00:00:00+00:00, run_after=2024-09-22 00:00:00+00:00
[2024-09-20T22:52:34.390+0000] {processor.py:208} INFO - Processing /opt/airflow/dags/create_dag_with_python_operator.py took 0.301 seconds
[2024-09-20T22:53:05.128+0000] {processor.py:186} INFO - Started process (PID=3566) to work on /opt/airflow/dags/create_dag_with_python_operator.py
[2024-09-20T22:53:05.130+0000] {processor.py:914} INFO - Processing file /opt/airflow/dags/create_dag_with_python_operator.py for tasks to queue
[2024-09-20T22:53:05.133+0000] {logging_mixin.py:190} INFO - [2024-09-20T22:53:05.132+0000] {dagbag.py:587} INFO - Filling up the DagBag from /opt/airflow/dags/create_dag_with_python_operator.py
[2024-09-20T22:53:05.247+0000] {processor.py:925} INFO - DAG(s) 'python_operator_v7' retrieved from /opt/airflow/dags/create_dag_with_python_operator.py
[2024-09-20T22:53:05.276+0000] {logging_mixin.py:190} INFO - [2024-09-20T22:53:05.276+0000] {dag.py:3229} INFO - Sync 1 DAGs
[2024-09-20T22:53:05.408+0000] {logging_mixin.py:190} INFO - [2024-09-20T22:53:05.407+0000] {dag.py:4156} INFO - Setting next_dagrun for python_operator_v7 to 2024-09-21 00:00:00+00:00, run_after=2024-09-22 00:00:00+00:00
[2024-09-20T22:53:05.431+0000] {processor.py:208} INFO - Processing /opt/airflow/dags/create_dag_with_python_operator.py took 0.312 seconds
[2024-09-20T22:53:36.156+0000] {processor.py:186} INFO - Started process (PID=3579) to work on /opt/airflow/dags/create_dag_with_python_operator.py
[2024-09-20T22:53:36.158+0000] {processor.py:914} INFO - Processing file /opt/airflow/dags/create_dag_with_python_operator.py for tasks to queue
[2024-09-20T22:53:36.161+0000] {logging_mixin.py:190} INFO - [2024-09-20T22:53:36.161+0000] {dagbag.py:587} INFO - Filling up the DagBag from /opt/airflow/dags/create_dag_with_python_operator.py
[2024-09-20T22:53:36.278+0000] {processor.py:925} INFO - DAG(s) 'python_operator_v7' retrieved from /opt/airflow/dags/create_dag_with_python_operator.py
[2024-09-20T22:53:36.304+0000] {logging_mixin.py:190} INFO - [2024-09-20T22:53:36.304+0000] {dag.py:3229} INFO - Sync 1 DAGs
[2024-09-20T22:53:36.323+0000] {logging_mixin.py:190} INFO - [2024-09-20T22:53:36.323+0000] {dag.py:4156} INFO - Setting next_dagrun for python_operator_v7 to 2024-09-21 00:00:00+00:00, run_after=2024-09-22 00:00:00+00:00
[2024-09-20T22:53:36.358+0000] {processor.py:208} INFO - Processing /opt/airflow/dags/create_dag_with_python_operator.py took 0.215 seconds
[2024-09-20T22:54:06.562+0000] {processor.py:186} INFO - Started process (PID=3592) to work on /opt/airflow/dags/create_dag_with_python_operator.py
[2024-09-20T22:54:06.564+0000] {processor.py:914} INFO - Processing file /opt/airflow/dags/create_dag_with_python_operator.py for tasks to queue
[2024-09-20T22:54:06.566+0000] {logging_mixin.py:190} INFO - [2024-09-20T22:54:06.566+0000] {dagbag.py:587} INFO - Filling up the DagBag from /opt/airflow/dags/create_dag_with_python_operator.py
[2024-09-20T22:54:06.651+0000] {processor.py:925} INFO - DAG(s) 'python_operator_v7' retrieved from /opt/airflow/dags/create_dag_with_python_operator.py
[2024-09-20T22:54:06.677+0000] {logging_mixin.py:190} INFO - [2024-09-20T22:54:06.676+0000] {dag.py:3229} INFO - Sync 1 DAGs
[2024-09-20T22:54:06.697+0000] {logging_mixin.py:190} INFO - [2024-09-20T22:54:06.697+0000] {dag.py:4156} INFO - Setting next_dagrun for python_operator_v7 to 2024-09-21 00:00:00+00:00, run_after=2024-09-22 00:00:00+00:00
[2024-09-20T22:54:06.728+0000] {processor.py:208} INFO - Processing /opt/airflow/dags/create_dag_with_python_operator.py took 0.170 seconds
[2024-09-20T22:54:37.393+0000] {processor.py:186} INFO - Started process (PID=3605) to work on /opt/airflow/dags/create_dag_with_python_operator.py
[2024-09-20T22:54:37.395+0000] {processor.py:914} INFO - Processing file /opt/airflow/dags/create_dag_with_python_operator.py for tasks to queue
[2024-09-20T22:54:37.397+0000] {logging_mixin.py:190} INFO - [2024-09-20T22:54:37.396+0000] {dagbag.py:587} INFO - Filling up the DagBag from /opt/airflow/dags/create_dag_with_python_operator.py
[2024-09-20T22:54:37.509+0000] {processor.py:925} INFO - DAG(s) 'python_operator_v7' retrieved from /opt/airflow/dags/create_dag_with_python_operator.py
[2024-09-20T22:54:37.532+0000] {logging_mixin.py:190} INFO - [2024-09-20T22:54:37.532+0000] {dag.py:3229} INFO - Sync 1 DAGs
[2024-09-20T22:54:37.551+0000] {logging_mixin.py:190} INFO - [2024-09-20T22:54:37.551+0000] {dag.py:4156} INFO - Setting next_dagrun for python_operator_v7 to 2024-09-21 00:00:00+00:00, run_after=2024-09-22 00:00:00+00:00
[2024-09-20T22:54:37.575+0000] {processor.py:208} INFO - Processing /opt/airflow/dags/create_dag_with_python_operator.py took 0.191 seconds
[2024-09-20T22:55:08.225+0000] {processor.py:186} INFO - Started process (PID=3618) to work on /opt/airflow/dags/create_dag_with_python_operator.py
[2024-09-20T22:55:08.227+0000] {processor.py:914} INFO - Processing file /opt/airflow/dags/create_dag_with_python_operator.py for tasks to queue
[2024-09-20T22:55:08.228+0000] {logging_mixin.py:190} INFO - [2024-09-20T22:55:08.228+0000] {dagbag.py:587} INFO - Filling up the DagBag from /opt/airflow/dags/create_dag_with_python_operator.py
[2024-09-20T22:55:08.308+0000] {processor.py:925} INFO - DAG(s) 'python_operator_v7' retrieved from /opt/airflow/dags/create_dag_with_python_operator.py
[2024-09-20T22:55:08.331+0000] {logging_mixin.py:190} INFO - [2024-09-20T22:55:08.331+0000] {dag.py:3229} INFO - Sync 1 DAGs
[2024-09-20T22:55:08.354+0000] {logging_mixin.py:190} INFO - [2024-09-20T22:55:08.353+0000] {dag.py:4156} INFO - Setting next_dagrun for python_operator_v7 to 2024-09-21 00:00:00+00:00, run_after=2024-09-22 00:00:00+00:00
[2024-09-20T22:55:08.382+0000] {processor.py:208} INFO - Processing /opt/airflow/dags/create_dag_with_python_operator.py took 0.165 seconds
[2024-09-20T22:55:39.061+0000] {processor.py:186} INFO - Started process (PID=3631) to work on /opt/airflow/dags/create_dag_with_python_operator.py
[2024-09-20T22:55:39.063+0000] {processor.py:914} INFO - Processing file /opt/airflow/dags/create_dag_with_python_operator.py for tasks to queue
[2024-09-20T22:55:39.067+0000] {logging_mixin.py:190} INFO - [2024-09-20T22:55:39.066+0000] {dagbag.py:587} INFO - Filling up the DagBag from /opt/airflow/dags/create_dag_with_python_operator.py
[2024-09-20T22:55:39.181+0000] {processor.py:925} INFO - DAG(s) 'python_operator_v7' retrieved from /opt/airflow/dags/create_dag_with_python_operator.py
[2024-09-20T22:55:39.206+0000] {logging_mixin.py:190} INFO - [2024-09-20T22:55:39.205+0000] {dag.py:3229} INFO - Sync 1 DAGs
[2024-09-20T22:55:39.331+0000] {logging_mixin.py:190} INFO - [2024-09-20T22:55:39.331+0000] {dag.py:4156} INFO - Setting next_dagrun for python_operator_v7 to 2024-09-21 00:00:00+00:00, run_after=2024-09-22 00:00:00+00:00
[2024-09-20T22:55:39.366+0000] {processor.py:208} INFO - Processing /opt/airflow/dags/create_dag_with_python_operator.py took 0.315 seconds
[2024-09-20T22:56:09.993+0000] {processor.py:186} INFO - Started process (PID=3644) to work on /opt/airflow/dags/create_dag_with_python_operator.py
[2024-09-20T22:56:09.995+0000] {processor.py:914} INFO - Processing file /opt/airflow/dags/create_dag_with_python_operator.py for tasks to queue
[2024-09-20T22:56:09.998+0000] {logging_mixin.py:190} INFO - [2024-09-20T22:56:09.998+0000] {dagbag.py:587} INFO - Filling up the DagBag from /opt/airflow/dags/create_dag_with_python_operator.py
[2024-09-20T22:56:10.091+0000] {processor.py:925} INFO - DAG(s) 'python_operator_v7' retrieved from /opt/airflow/dags/create_dag_with_python_operator.py
[2024-09-20T22:56:10.117+0000] {logging_mixin.py:190} INFO - [2024-09-20T22:56:10.117+0000] {dag.py:3229} INFO - Sync 1 DAGs
[2024-09-20T22:56:10.253+0000] {logging_mixin.py:190} INFO - [2024-09-20T22:56:10.253+0000] {dag.py:4156} INFO - Setting next_dagrun for python_operator_v7 to 2024-09-21 00:00:00+00:00, run_after=2024-09-22 00:00:00+00:00
[2024-09-20T22:56:10.278+0000] {processor.py:208} INFO - Processing /opt/airflow/dags/create_dag_with_python_operator.py took 0.295 seconds
[2024-09-20T22:56:41.038+0000] {processor.py:186} INFO - Started process (PID=3657) to work on /opt/airflow/dags/create_dag_with_python_operator.py
[2024-09-20T22:56:41.051+0000] {processor.py:914} INFO - Processing file /opt/airflow/dags/create_dag_with_python_operator.py for tasks to queue
[2024-09-20T22:56:41.055+0000] {logging_mixin.py:190} INFO - [2024-09-20T22:56:41.054+0000] {dagbag.py:587} INFO - Filling up the DagBag from /opt/airflow/dags/create_dag_with_python_operator.py
[2024-09-20T22:56:41.158+0000] {processor.py:925} INFO - DAG(s) 'python_operator_v7' retrieved from /opt/airflow/dags/create_dag_with_python_operator.py
[2024-09-20T22:56:41.187+0000] {logging_mixin.py:190} INFO - [2024-09-20T22:56:41.187+0000] {dag.py:3229} INFO - Sync 1 DAGs
[2024-09-20T22:56:41.213+0000] {logging_mixin.py:190} INFO - [2024-09-20T22:56:41.212+0000] {dag.py:4156} INFO - Setting next_dagrun for python_operator_v7 to 2024-09-21 00:00:00+00:00, run_after=2024-09-22 00:00:00+00:00
[2024-09-20T22:56:41.239+0000] {processor.py:208} INFO - Processing /opt/airflow/dags/create_dag_with_python_operator.py took 0.212 seconds
[2024-09-20T22:57:11.936+0000] {processor.py:186} INFO - Started process (PID=3670) to work on /opt/airflow/dags/create_dag_with_python_operator.py
[2024-09-20T22:57:11.938+0000] {processor.py:914} INFO - Processing file /opt/airflow/dags/create_dag_with_python_operator.py for tasks to queue
[2024-09-20T22:57:11.940+0000] {logging_mixin.py:190} INFO - [2024-09-20T22:57:11.940+0000] {dagbag.py:587} INFO - Filling up the DagBag from /opt/airflow/dags/create_dag_with_python_operator.py
[2024-09-20T22:57:12.048+0000] {processor.py:925} INFO - DAG(s) 'python_operator_v7' retrieved from /opt/airflow/dags/create_dag_with_python_operator.py
[2024-09-20T22:57:12.069+0000] {logging_mixin.py:190} INFO - [2024-09-20T22:57:12.069+0000] {dag.py:3229} INFO - Sync 1 DAGs
[2024-09-20T22:57:12.089+0000] {logging_mixin.py:190} INFO - [2024-09-20T22:57:12.088+0000] {dag.py:4156} INFO - Setting next_dagrun for python_operator_v7 to 2024-09-21 00:00:00+00:00, run_after=2024-09-22 00:00:00+00:00
[2024-09-20T22:57:12.108+0000] {processor.py:208} INFO - Processing /opt/airflow/dags/create_dag_with_python_operator.py took 0.180 seconds
[2024-09-20T22:57:42.917+0000] {processor.py:186} INFO - Started process (PID=3683) to work on /opt/airflow/dags/create_dag_with_python_operator.py
[2024-09-20T22:57:42.919+0000] {processor.py:914} INFO - Processing file /opt/airflow/dags/create_dag_with_python_operator.py for tasks to queue
[2024-09-20T22:57:42.921+0000] {logging_mixin.py:190} INFO - [2024-09-20T22:57:42.920+0000] {dagbag.py:587} INFO - Filling up the DagBag from /opt/airflow/dags/create_dag_with_python_operator.py
[2024-09-20T22:57:43.005+0000] {processor.py:925} INFO - DAG(s) 'python_operator_v7' retrieved from /opt/airflow/dags/create_dag_with_python_operator.py
[2024-09-20T22:57:43.038+0000] {logging_mixin.py:190} INFO - [2024-09-20T22:57:43.038+0000] {dag.py:3229} INFO - Sync 1 DAGs
[2024-09-20T22:57:43.064+0000] {logging_mixin.py:190} INFO - [2024-09-20T22:57:43.064+0000] {dag.py:4156} INFO - Setting next_dagrun for python_operator_v7 to 2024-09-21 00:00:00+00:00, run_after=2024-09-22 00:00:00+00:00
[2024-09-20T22:57:43.098+0000] {processor.py:208} INFO - Processing /opt/airflow/dags/create_dag_with_python_operator.py took 0.186 seconds
[2024-09-20T22:58:13.772+0000] {processor.py:186} INFO - Started process (PID=3696) to work on /opt/airflow/dags/create_dag_with_python_operator.py
[2024-09-20T22:58:13.774+0000] {processor.py:914} INFO - Processing file /opt/airflow/dags/create_dag_with_python_operator.py for tasks to queue
[2024-09-20T22:58:13.775+0000] {logging_mixin.py:190} INFO - [2024-09-20T22:58:13.775+0000] {dagbag.py:587} INFO - Filling up the DagBag from /opt/airflow/dags/create_dag_with_python_operator.py
[2024-09-20T22:58:13.849+0000] {processor.py:925} INFO - DAG(s) 'python_operator_v7' retrieved from /opt/airflow/dags/create_dag_with_python_operator.py
[2024-09-20T22:58:13.872+0000] {logging_mixin.py:190} INFO - [2024-09-20T22:58:13.872+0000] {dag.py:3229} INFO - Sync 1 DAGs
[2024-09-20T22:58:13.895+0000] {logging_mixin.py:190} INFO - [2024-09-20T22:58:13.895+0000] {dag.py:4156} INFO - Setting next_dagrun for python_operator_v7 to 2024-09-21 00:00:00+00:00, run_after=2024-09-22 00:00:00+00:00
[2024-09-20T22:58:14.023+0000] {processor.py:208} INFO - Processing /opt/airflow/dags/create_dag_with_python_operator.py took 0.256 seconds
[2024-09-20T22:58:44.756+0000] {processor.py:186} INFO - Started process (PID=3709) to work on /opt/airflow/dags/create_dag_with_python_operator.py
[2024-09-20T22:58:44.759+0000] {processor.py:914} INFO - Processing file /opt/airflow/dags/create_dag_with_python_operator.py for tasks to queue
[2024-09-20T22:58:44.762+0000] {logging_mixin.py:190} INFO - [2024-09-20T22:58:44.761+0000] {dagbag.py:587} INFO - Filling up the DagBag from /opt/airflow/dags/create_dag_with_python_operator.py
[2024-09-20T22:58:44.860+0000] {processor.py:925} INFO - DAG(s) 'python_operator_v7' retrieved from /opt/airflow/dags/create_dag_with_python_operator.py
[2024-09-20T22:58:44.893+0000] {logging_mixin.py:190} INFO - [2024-09-20T22:58:44.893+0000] {dag.py:3229} INFO - Sync 1 DAGs
[2024-09-20T22:58:45.043+0000] {logging_mixin.py:190} INFO - [2024-09-20T22:58:45.042+0000] {dag.py:4156} INFO - Setting next_dagrun for python_operator_v7 to 2024-09-21 00:00:00+00:00, run_after=2024-09-22 00:00:00+00:00
[2024-09-20T22:58:45.073+0000] {processor.py:208} INFO - Processing /opt/airflow/dags/create_dag_with_python_operator.py took 0.330 seconds
[2024-09-20T22:59:15.477+0000] {processor.py:186} INFO - Started process (PID=3722) to work on /opt/airflow/dags/create_dag_with_python_operator.py
[2024-09-20T22:59:15.479+0000] {processor.py:914} INFO - Processing file /opt/airflow/dags/create_dag_with_python_operator.py for tasks to queue
[2024-09-20T22:59:15.481+0000] {logging_mixin.py:190} INFO - [2024-09-20T22:59:15.480+0000] {dagbag.py:587} INFO - Filling up the DagBag from /opt/airflow/dags/create_dag_with_python_operator.py
[2024-09-20T22:59:15.586+0000] {processor.py:925} INFO - DAG(s) 'python_operator_v7' retrieved from /opt/airflow/dags/create_dag_with_python_operator.py
[2024-09-20T22:59:15.610+0000] {logging_mixin.py:190} INFO - [2024-09-20T22:59:15.610+0000] {dag.py:3229} INFO - Sync 1 DAGs
[2024-09-20T22:59:15.629+0000] {logging_mixin.py:190} INFO - [2024-09-20T22:59:15.629+0000] {dag.py:4156} INFO - Setting next_dagrun for python_operator_v7 to 2024-09-21 00:00:00+00:00, run_after=2024-09-22 00:00:00+00:00
[2024-09-20T22:59:15.663+0000] {processor.py:208} INFO - Processing /opt/airflow/dags/create_dag_with_python_operator.py took 0.196 seconds
[2024-09-20T22:59:46.329+0000] {processor.py:186} INFO - Started process (PID=3735) to work on /opt/airflow/dags/create_dag_with_python_operator.py
[2024-09-20T22:59:46.331+0000] {processor.py:914} INFO - Processing file /opt/airflow/dags/create_dag_with_python_operator.py for tasks to queue
[2024-09-20T22:59:46.333+0000] {logging_mixin.py:190} INFO - [2024-09-20T22:59:46.333+0000] {dagbag.py:587} INFO - Filling up the DagBag from /opt/airflow/dags/create_dag_with_python_operator.py
[2024-09-20T22:59:46.456+0000] {processor.py:925} INFO - DAG(s) 'python_operator_v7' retrieved from /opt/airflow/dags/create_dag_with_python_operator.py
[2024-09-20T22:59:46.480+0000] {logging_mixin.py:190} INFO - [2024-09-20T22:59:46.480+0000] {dag.py:3229} INFO - Sync 1 DAGs
[2024-09-20T22:59:46.499+0000] {logging_mixin.py:190} INFO - [2024-09-20T22:59:46.499+0000] {dag.py:4156} INFO - Setting next_dagrun for python_operator_v7 to 2024-09-21 00:00:00+00:00, run_after=2024-09-22 00:00:00+00:00
[2024-09-20T22:59:46.520+0000] {processor.py:208} INFO - Processing /opt/airflow/dags/create_dag_with_python_operator.py took 0.201 seconds
[2024-09-20T23:00:17.212+0000] {processor.py:186} INFO - Started process (PID=3748) to work on /opt/airflow/dags/create_dag_with_python_operator.py
[2024-09-20T23:00:17.214+0000] {processor.py:914} INFO - Processing file /opt/airflow/dags/create_dag_with_python_operator.py for tasks to queue
[2024-09-20T23:00:17.219+0000] {logging_mixin.py:190} INFO - [2024-09-20T23:00:17.218+0000] {dagbag.py:587} INFO - Filling up the DagBag from /opt/airflow/dags/create_dag_with_python_operator.py
[2024-09-20T23:00:17.300+0000] {processor.py:925} INFO - DAG(s) 'python_operator_v7' retrieved from /opt/airflow/dags/create_dag_with_python_operator.py
[2024-09-20T23:00:17.325+0000] {logging_mixin.py:190} INFO - [2024-09-20T23:00:17.324+0000] {dag.py:3229} INFO - Sync 1 DAGs
[2024-09-20T23:00:17.345+0000] {logging_mixin.py:190} INFO - [2024-09-20T23:00:17.344+0000] {dag.py:4156} INFO - Setting next_dagrun for python_operator_v7 to 2024-09-21 00:00:00+00:00, run_after=2024-09-22 00:00:00+00:00
[2024-09-20T23:00:17.367+0000] {processor.py:208} INFO - Processing /opt/airflow/dags/create_dag_with_python_operator.py took 0.167 seconds
[2024-09-20T23:00:48.095+0000] {processor.py:186} INFO - Started process (PID=3761) to work on /opt/airflow/dags/create_dag_with_python_operator.py
[2024-09-20T23:00:48.097+0000] {processor.py:914} INFO - Processing file /opt/airflow/dags/create_dag_with_python_operator.py for tasks to queue
[2024-09-20T23:00:48.098+0000] {logging_mixin.py:190} INFO - [2024-09-20T23:00:48.098+0000] {dagbag.py:587} INFO - Filling up the DagBag from /opt/airflow/dags/create_dag_with_python_operator.py
[2024-09-20T23:00:48.223+0000] {processor.py:925} INFO - DAG(s) 'python_operator_v7' retrieved from /opt/airflow/dags/create_dag_with_python_operator.py
[2024-09-20T23:00:48.252+0000] {logging_mixin.py:190} INFO - [2024-09-20T23:00:48.251+0000] {dag.py:3229} INFO - Sync 1 DAGs
[2024-09-20T23:00:48.272+0000] {logging_mixin.py:190} INFO - [2024-09-20T23:00:48.272+0000] {dag.py:4156} INFO - Setting next_dagrun for python_operator_v7 to 2024-09-21 00:00:00+00:00, run_after=2024-09-22 00:00:00+00:00
[2024-09-20T23:00:48.302+0000] {processor.py:208} INFO - Processing /opt/airflow/dags/create_dag_with_python_operator.py took 0.213 seconds
[2024-09-20T23:01:18.957+0000] {processor.py:186} INFO - Started process (PID=3774) to work on /opt/airflow/dags/create_dag_with_python_operator.py
[2024-09-20T23:01:18.960+0000] {processor.py:914} INFO - Processing file /opt/airflow/dags/create_dag_with_python_operator.py for tasks to queue
[2024-09-20T23:01:18.963+0000] {logging_mixin.py:190} INFO - [2024-09-20T23:01:18.962+0000] {dagbag.py:587} INFO - Filling up the DagBag from /opt/airflow/dags/create_dag_with_python_operator.py
[2024-09-20T23:01:19.083+0000] {processor.py:925} INFO - DAG(s) 'python_operator_v7' retrieved from /opt/airflow/dags/create_dag_with_python_operator.py
[2024-09-20T23:01:19.108+0000] {logging_mixin.py:190} INFO - [2024-09-20T23:01:19.108+0000] {dag.py:3229} INFO - Sync 1 DAGs
[2024-09-20T23:01:19.131+0000] {logging_mixin.py:190} INFO - [2024-09-20T23:01:19.130+0000] {dag.py:4156} INFO - Setting next_dagrun for python_operator_v7 to 2024-09-21 00:00:00+00:00, run_after=2024-09-22 00:00:00+00:00
[2024-09-20T23:01:19.277+0000] {processor.py:208} INFO - Processing /opt/airflow/dags/create_dag_with_python_operator.py took 0.329 seconds
[2024-09-20T23:01:49.938+0000] {processor.py:186} INFO - Started process (PID=3787) to work on /opt/airflow/dags/create_dag_with_python_operator.py
[2024-09-20T23:01:49.939+0000] {processor.py:914} INFO - Processing file /opt/airflow/dags/create_dag_with_python_operator.py for tasks to queue
[2024-09-20T23:01:49.941+0000] {logging_mixin.py:190} INFO - [2024-09-20T23:01:49.941+0000] {dagbag.py:587} INFO - Filling up the DagBag from /opt/airflow/dags/create_dag_with_python_operator.py
[2024-09-20T23:01:50.024+0000] {processor.py:925} INFO - DAG(s) 'python_operator_v7' retrieved from /opt/airflow/dags/create_dag_with_python_operator.py
[2024-09-20T23:01:50.051+0000] {logging_mixin.py:190} INFO - [2024-09-20T23:01:50.050+0000] {dag.py:3229} INFO - Sync 1 DAGs
[2024-09-20T23:01:50.185+0000] {logging_mixin.py:190} INFO - [2024-09-20T23:01:50.185+0000] {dag.py:4156} INFO - Setting next_dagrun for python_operator_v7 to 2024-09-21 00:00:00+00:00, run_after=2024-09-22 00:00:00+00:00
[2024-09-20T23:01:50.209+0000] {processor.py:208} INFO - Processing /opt/airflow/dags/create_dag_with_python_operator.py took 0.275 seconds
[2024-09-20T23:02:20.928+0000] {processor.py:186} INFO - Started process (PID=3800) to work on /opt/airflow/dags/create_dag_with_python_operator.py
[2024-09-20T23:02:20.930+0000] {processor.py:914} INFO - Processing file /opt/airflow/dags/create_dag_with_python_operator.py for tasks to queue
[2024-09-20T23:02:20.933+0000] {logging_mixin.py:190} INFO - [2024-09-20T23:02:20.933+0000] {dagbag.py:587} INFO - Filling up the DagBag from /opt/airflow/dags/create_dag_with_python_operator.py
[2024-09-20T23:02:21.054+0000] {processor.py:925} INFO - DAG(s) 'python_operator_v7' retrieved from /opt/airflow/dags/create_dag_with_python_operator.py
[2024-09-20T23:02:21.081+0000] {logging_mixin.py:190} INFO - [2024-09-20T23:02:21.080+0000] {dag.py:3229} INFO - Sync 1 DAGs
[2024-09-20T23:02:21.104+0000] {logging_mixin.py:190} INFO - [2024-09-20T23:02:21.103+0000] {dag.py:4156} INFO - Setting next_dagrun for python_operator_v7 to 2024-09-21 00:00:00+00:00, run_after=2024-09-22 00:00:00+00:00
[2024-09-20T23:02:21.128+0000] {processor.py:208} INFO - Processing /opt/airflow/dags/create_dag_with_python_operator.py took 0.210 seconds
[2024-09-20T23:02:52.384+0000] {processor.py:186} INFO - Started process (PID=3813) to work on /opt/airflow/dags/create_dag_with_python_operator.py
[2024-09-20T23:02:52.386+0000] {processor.py:914} INFO - Processing file /opt/airflow/dags/create_dag_with_python_operator.py for tasks to queue
[2024-09-20T23:02:52.388+0000] {logging_mixin.py:190} INFO - [2024-09-20T23:02:52.388+0000] {dagbag.py:587} INFO - Filling up the DagBag from /opt/airflow/dags/create_dag_with_python_operator.py
[2024-09-20T23:02:52.489+0000] {processor.py:925} INFO - DAG(s) 'python_operator_v7' retrieved from /opt/airflow/dags/create_dag_with_python_operator.py
[2024-09-20T23:02:52.516+0000] {logging_mixin.py:190} INFO - [2024-09-20T23:02:52.516+0000] {dag.py:3229} INFO - Sync 1 DAGs
[2024-09-20T23:02:52.540+0000] {logging_mixin.py:190} INFO - [2024-09-20T23:02:52.540+0000] {dag.py:4156} INFO - Setting next_dagrun for python_operator_v7 to 2024-09-21 00:00:00+00:00, run_after=2024-09-22 00:00:00+00:00
[2024-09-20T23:02:52.567+0000] {processor.py:208} INFO - Processing /opt/airflow/dags/create_dag_with_python_operator.py took 0.189 seconds
[2024-09-20T23:03:23.290+0000] {processor.py:186} INFO - Started process (PID=3826) to work on /opt/airflow/dags/create_dag_with_python_operator.py
[2024-09-20T23:03:23.292+0000] {processor.py:914} INFO - Processing file /opt/airflow/dags/create_dag_with_python_operator.py for tasks to queue
[2024-09-20T23:03:23.294+0000] {logging_mixin.py:190} INFO - [2024-09-20T23:03:23.293+0000] {dagbag.py:587} INFO - Filling up the DagBag from /opt/airflow/dags/create_dag_with_python_operator.py
[2024-09-20T23:03:23.372+0000] {processor.py:925} INFO - DAG(s) 'python_operator_v7' retrieved from /opt/airflow/dags/create_dag_with_python_operator.py
[2024-09-20T23:03:23.395+0000] {logging_mixin.py:190} INFO - [2024-09-20T23:03:23.395+0000] {dag.py:3229} INFO - Sync 1 DAGs
[2024-09-20T23:03:23.414+0000] {logging_mixin.py:190} INFO - [2024-09-20T23:03:23.413+0000] {dag.py:4156} INFO - Setting next_dagrun for python_operator_v7 to 2024-09-21 00:00:00+00:00, run_after=2024-09-22 00:00:00+00:00
[2024-09-20T23:03:23.436+0000] {processor.py:208} INFO - Processing /opt/airflow/dags/create_dag_with_python_operator.py took 0.150 seconds
[2024-09-20T23:03:54.056+0000] {processor.py:186} INFO - Started process (PID=3839) to work on /opt/airflow/dags/create_dag_with_python_operator.py
[2024-09-20T23:03:54.058+0000] {processor.py:914} INFO - Processing file /opt/airflow/dags/create_dag_with_python_operator.py for tasks to queue
[2024-09-20T23:03:54.061+0000] {logging_mixin.py:190} INFO - [2024-09-20T23:03:54.059+0000] {dagbag.py:587} INFO - Filling up the DagBag from /opt/airflow/dags/create_dag_with_python_operator.py
[2024-09-20T23:03:54.147+0000] {processor.py:925} INFO - DAG(s) 'python_operator_v7' retrieved from /opt/airflow/dags/create_dag_with_python_operator.py
[2024-09-20T23:03:54.187+0000] {logging_mixin.py:190} INFO - [2024-09-20T23:03:54.187+0000] {dag.py:3229} INFO - Sync 1 DAGs
[2024-09-20T23:03:54.211+0000] {logging_mixin.py:190} INFO - [2024-09-20T23:03:54.211+0000] {dag.py:4156} INFO - Setting next_dagrun for python_operator_v7 to 2024-09-21 00:00:00+00:00, run_after=2024-09-22 00:00:00+00:00
[2024-09-20T23:03:54.361+0000] {processor.py:208} INFO - Processing /opt/airflow/dags/create_dag_with_python_operator.py took 0.314 seconds
[2024-09-20T23:04:24.719+0000] {processor.py:186} INFO - Started process (PID=3852) to work on /opt/airflow/dags/create_dag_with_python_operator.py
[2024-09-20T23:04:24.720+0000] {processor.py:914} INFO - Processing file /opt/airflow/dags/create_dag_with_python_operator.py for tasks to queue
[2024-09-20T23:04:24.723+0000] {logging_mixin.py:190} INFO - [2024-09-20T23:04:24.722+0000] {dagbag.py:587} INFO - Filling up the DagBag from /opt/airflow/dags/create_dag_with_python_operator.py
[2024-09-20T23:04:24.813+0000] {processor.py:925} INFO - DAG(s) 'python_operator_v7' retrieved from /opt/airflow/dags/create_dag_with_python_operator.py
[2024-09-20T23:04:24.837+0000] {logging_mixin.py:190} INFO - [2024-09-20T23:04:24.837+0000] {dag.py:3229} INFO - Sync 1 DAGs
[2024-09-20T23:04:24.963+0000] {logging_mixin.py:190} INFO - [2024-09-20T23:04:24.963+0000] {dag.py:4156} INFO - Setting next_dagrun for python_operator_v7 to 2024-09-21 00:00:00+00:00, run_after=2024-09-22 00:00:00+00:00
[2024-09-20T23:04:24.985+0000] {processor.py:208} INFO - Processing /opt/airflow/dags/create_dag_with_python_operator.py took 0.271 seconds
[2024-09-20T23:04:55.645+0000] {processor.py:186} INFO - Started process (PID=3865) to work on /opt/airflow/dags/create_dag_with_python_operator.py
[2024-09-20T23:04:55.647+0000] {processor.py:914} INFO - Processing file /opt/airflow/dags/create_dag_with_python_operator.py for tasks to queue
[2024-09-20T23:04:55.650+0000] {logging_mixin.py:190} INFO - [2024-09-20T23:04:55.650+0000] {dagbag.py:587} INFO - Filling up the DagBag from /opt/airflow/dags/create_dag_with_python_operator.py
[2024-09-20T23:04:55.764+0000] {processor.py:925} INFO - DAG(s) 'python_operator_v7' retrieved from /opt/airflow/dags/create_dag_with_python_operator.py
[2024-09-20T23:04:55.790+0000] {logging_mixin.py:190} INFO - [2024-09-20T23:04:55.790+0000] {dag.py:3229} INFO - Sync 1 DAGs
[2024-09-20T23:04:55.811+0000] {logging_mixin.py:190} INFO - [2024-09-20T23:04:55.811+0000] {dag.py:4156} INFO - Setting next_dagrun for python_operator_v7 to 2024-09-21 00:00:00+00:00, run_after=2024-09-22 00:00:00+00:00
[2024-09-20T23:04:55.845+0000] {processor.py:208} INFO - Processing /opt/airflow/dags/create_dag_with_python_operator.py took 0.210 seconds
[2024-09-20T23:05:26.565+0000] {processor.py:186} INFO - Started process (PID=3878) to work on /opt/airflow/dags/create_dag_with_python_operator.py
[2024-09-20T23:05:26.567+0000] {processor.py:914} INFO - Processing file /opt/airflow/dags/create_dag_with_python_operator.py for tasks to queue
[2024-09-20T23:05:26.570+0000] {logging_mixin.py:190} INFO - [2024-09-20T23:05:26.570+0000] {dagbag.py:587} INFO - Filling up the DagBag from /opt/airflow/dags/create_dag_with_python_operator.py
[2024-09-20T23:05:26.692+0000] {processor.py:925} INFO - DAG(s) 'python_operator_v7' retrieved from /opt/airflow/dags/create_dag_with_python_operator.py
[2024-09-20T23:05:26.723+0000] {logging_mixin.py:190} INFO - [2024-09-20T23:05:26.722+0000] {dag.py:3229} INFO - Sync 1 DAGs
[2024-09-20T23:05:26.742+0000] {logging_mixin.py:190} INFO - [2024-09-20T23:05:26.741+0000] {dag.py:4156} INFO - Setting next_dagrun for python_operator_v7 to 2024-09-21 00:00:00+00:00, run_after=2024-09-22 00:00:00+00:00
[2024-09-20T23:05:26.767+0000] {processor.py:208} INFO - Processing /opt/airflow/dags/create_dag_with_python_operator.py took 0.213 seconds
[2024-09-20T23:05:57.443+0000] {processor.py:186} INFO - Started process (PID=3891) to work on /opt/airflow/dags/create_dag_with_python_operator.py
[2024-09-20T23:05:57.444+0000] {processor.py:914} INFO - Processing file /opt/airflow/dags/create_dag_with_python_operator.py for tasks to queue
[2024-09-20T23:05:57.446+0000] {logging_mixin.py:190} INFO - [2024-09-20T23:05:57.445+0000] {dagbag.py:587} INFO - Filling up the DagBag from /opt/airflow/dags/create_dag_with_python_operator.py
[2024-09-20T23:05:57.526+0000] {processor.py:925} INFO - DAG(s) 'python_operator_v7' retrieved from /opt/airflow/dags/create_dag_with_python_operator.py
[2024-09-20T23:05:57.549+0000] {logging_mixin.py:190} INFO - [2024-09-20T23:05:57.549+0000] {dag.py:3229} INFO - Sync 1 DAGs
[2024-09-20T23:05:57.568+0000] {logging_mixin.py:190} INFO - [2024-09-20T23:05:57.568+0000] {dag.py:4156} INFO - Setting next_dagrun for python_operator_v7 to 2024-09-21 00:00:00+00:00, run_after=2024-09-22 00:00:00+00:00
[2024-09-20T23:05:57.587+0000] {processor.py:208} INFO - Processing /opt/airflow/dags/create_dag_with_python_operator.py took 0.150 seconds
[2024-09-20T23:06:28.264+0000] {processor.py:186} INFO - Started process (PID=3904) to work on /opt/airflow/dags/create_dag_with_python_operator.py
[2024-09-20T23:06:28.266+0000] {processor.py:914} INFO - Processing file /opt/airflow/dags/create_dag_with_python_operator.py for tasks to queue
[2024-09-20T23:06:28.268+0000] {logging_mixin.py:190} INFO - [2024-09-20T23:06:28.268+0000] {dagbag.py:587} INFO - Filling up the DagBag from /opt/airflow/dags/create_dag_with_python_operator.py
[2024-09-20T23:06:28.400+0000] {processor.py:925} INFO - DAG(s) 'python_operator_v7' retrieved from /opt/airflow/dags/create_dag_with_python_operator.py
[2024-09-20T23:06:28.424+0000] {logging_mixin.py:190} INFO - [2024-09-20T23:06:28.423+0000] {dag.py:3229} INFO - Sync 1 DAGs
[2024-09-20T23:06:28.443+0000] {logging_mixin.py:190} INFO - [2024-09-20T23:06:28.443+0000] {dag.py:4156} INFO - Setting next_dagrun for python_operator_v7 to 2024-09-21 00:00:00+00:00, run_after=2024-09-22 00:00:00+00:00
[2024-09-20T23:06:28.463+0000] {processor.py:208} INFO - Processing /opt/airflow/dags/create_dag_with_python_operator.py took 0.204 seconds
[2024-09-20T23:06:59.135+0000] {processor.py:186} INFO - Started process (PID=3917) to work on /opt/airflow/dags/create_dag_with_python_operator.py
[2024-09-20T23:06:59.136+0000] {processor.py:914} INFO - Processing file /opt/airflow/dags/create_dag_with_python_operator.py for tasks to queue
[2024-09-20T23:06:59.139+0000] {logging_mixin.py:190} INFO - [2024-09-20T23:06:59.138+0000] {dagbag.py:587} INFO - Filling up the DagBag from /opt/airflow/dags/create_dag_with_python_operator.py
[2024-09-20T23:06:59.209+0000] {processor.py:925} INFO - DAG(s) 'python_operator_v7' retrieved from /opt/airflow/dags/create_dag_with_python_operator.py
[2024-09-20T23:06:59.236+0000] {logging_mixin.py:190} INFO - [2024-09-20T23:06:59.236+0000] {dag.py:3229} INFO - Sync 1 DAGs
[2024-09-20T23:06:59.374+0000] {logging_mixin.py:190} INFO - [2024-09-20T23:06:59.374+0000] {dag.py:4156} INFO - Setting next_dagrun for python_operator_v7 to 2024-09-21 00:00:00+00:00, run_after=2024-09-22 00:00:00+00:00
[2024-09-20T23:06:59.409+0000] {processor.py:208} INFO - Processing /opt/airflow/dags/create_dag_with_python_operator.py took 0.283 seconds
[2024-09-20T23:07:30.165+0000] {processor.py:186} INFO - Started process (PID=3930) to work on /opt/airflow/dags/create_dag_with_python_operator.py
[2024-09-20T23:07:30.167+0000] {processor.py:914} INFO - Processing file /opt/airflow/dags/create_dag_with_python_operator.py for tasks to queue
[2024-09-20T23:07:30.170+0000] {logging_mixin.py:190} INFO - [2024-09-20T23:07:30.170+0000] {dagbag.py:587} INFO - Filling up the DagBag from /opt/airflow/dags/create_dag_with_python_operator.py
[2024-09-20T23:07:30.279+0000] {processor.py:925} INFO - DAG(s) 'python_operator_v7' retrieved from /opt/airflow/dags/create_dag_with_python_operator.py
[2024-09-20T23:07:30.304+0000] {logging_mixin.py:190} INFO - [2024-09-20T23:07:30.304+0000] {dag.py:3229} INFO - Sync 1 DAGs
[2024-09-20T23:07:30.428+0000] {logging_mixin.py:190} INFO - [2024-09-20T23:07:30.428+0000] {dag.py:4156} INFO - Setting next_dagrun for python_operator_v7 to 2024-09-21 00:00:00+00:00, run_after=2024-09-22 00:00:00+00:00
[2024-09-20T23:07:30.461+0000] {processor.py:208} INFO - Processing /opt/airflow/dags/create_dag_with_python_operator.py took 0.304 seconds
[2024-09-20T23:08:01.137+0000] {processor.py:186} INFO - Started process (PID=3943) to work on /opt/airflow/dags/create_dag_with_python_operator.py
[2024-09-20T23:08:01.140+0000] {processor.py:914} INFO - Processing file /opt/airflow/dags/create_dag_with_python_operator.py for tasks to queue
[2024-09-20T23:08:01.143+0000] {logging_mixin.py:190} INFO - [2024-09-20T23:08:01.142+0000] {dagbag.py:587} INFO - Filling up the DagBag from /opt/airflow/dags/create_dag_with_python_operator.py
[2024-09-20T23:08:01.266+0000] {processor.py:925} INFO - DAG(s) 'python_operator_v7' retrieved from /opt/airflow/dags/create_dag_with_python_operator.py
[2024-09-20T23:08:01.293+0000] {logging_mixin.py:190} INFO - [2024-09-20T23:08:01.292+0000] {dag.py:3229} INFO - Sync 1 DAGs
[2024-09-20T23:08:01.314+0000] {logging_mixin.py:190} INFO - [2024-09-20T23:08:01.313+0000] {dag.py:4156} INFO - Setting next_dagrun for python_operator_v7 to 2024-09-21 00:00:00+00:00, run_after=2024-09-22 00:00:00+00:00
[2024-09-20T23:08:01.341+0000] {processor.py:208} INFO - Processing /opt/airflow/dags/create_dag_with_python_operator.py took 0.216 seconds
[2024-09-20T23:08:32.022+0000] {processor.py:186} INFO - Started process (PID=3956) to work on /opt/airflow/dags/create_dag_with_python_operator.py
[2024-09-20T23:08:32.024+0000] {processor.py:914} INFO - Processing file /opt/airflow/dags/create_dag_with_python_operator.py for tasks to queue
[2024-09-20T23:08:32.026+0000] {logging_mixin.py:190} INFO - [2024-09-20T23:08:32.026+0000] {dagbag.py:587} INFO - Filling up the DagBag from /opt/airflow/dags/create_dag_with_python_operator.py
[2024-09-20T23:08:32.108+0000] {processor.py:925} INFO - DAG(s) 'python_operator_v7' retrieved from /opt/airflow/dags/create_dag_with_python_operator.py
[2024-09-20T23:08:32.134+0000] {logging_mixin.py:190} INFO - [2024-09-20T23:08:32.134+0000] {dag.py:3229} INFO - Sync 1 DAGs
[2024-09-20T23:08:32.158+0000] {logging_mixin.py:190} INFO - [2024-09-20T23:08:32.157+0000] {dag.py:4156} INFO - Setting next_dagrun for python_operator_v7 to 2024-09-21 00:00:00+00:00, run_after=2024-09-22 00:00:00+00:00
[2024-09-20T23:08:32.183+0000] {processor.py:208} INFO - Processing /opt/airflow/dags/create_dag_with_python_operator.py took 0.166 seconds
[2024-09-20T23:09:03.131+0000] {processor.py:186} INFO - Started process (PID=3969) to work on /opt/airflow/dags/create_dag_with_python_operator.py
[2024-09-20T23:09:03.134+0000] {processor.py:914} INFO - Processing file /opt/airflow/dags/create_dag_with_python_operator.py for tasks to queue
[2024-09-20T23:09:03.136+0000] {logging_mixin.py:190} INFO - [2024-09-20T23:09:03.136+0000] {dagbag.py:587} INFO - Filling up the DagBag from /opt/airflow/dags/create_dag_with_python_operator.py
[2024-09-20T23:09:03.244+0000] {processor.py:925} INFO - DAG(s) 'python_operator_v7' retrieved from /opt/airflow/dags/create_dag_with_python_operator.py
[2024-09-20T23:09:03.270+0000] {logging_mixin.py:190} INFO - [2024-09-20T23:09:03.270+0000] {dag.py:3229} INFO - Sync 1 DAGs
[2024-09-20T23:09:03.291+0000] {logging_mixin.py:190} INFO - [2024-09-20T23:09:03.291+0000] {dag.py:4156} INFO - Setting next_dagrun for python_operator_v7 to 2024-09-21 00:00:00+00:00, run_after=2024-09-22 00:00:00+00:00
[2024-09-20T23:09:03.324+0000] {processor.py:208} INFO - Processing /opt/airflow/dags/create_dag_with_python_operator.py took 0.203 seconds
[2024-09-20T23:09:34.040+0000] {processor.py:186} INFO - Started process (PID=3982) to work on /opt/airflow/dags/create_dag_with_python_operator.py
[2024-09-20T23:09:34.042+0000] {processor.py:914} INFO - Processing file /opt/airflow/dags/create_dag_with_python_operator.py for tasks to queue
[2024-09-20T23:09:34.045+0000] {logging_mixin.py:190} INFO - [2024-09-20T23:09:34.044+0000] {dagbag.py:587} INFO - Filling up the DagBag from /opt/airflow/dags/create_dag_with_python_operator.py
[2024-09-20T23:09:34.163+0000] {processor.py:925} INFO - DAG(s) 'python_operator_v7' retrieved from /opt/airflow/dags/create_dag_with_python_operator.py
[2024-09-20T23:09:34.193+0000] {logging_mixin.py:190} INFO - [2024-09-20T23:09:34.193+0000] {dag.py:3229} INFO - Sync 1 DAGs
[2024-09-20T23:09:34.216+0000] {logging_mixin.py:190} INFO - [2024-09-20T23:09:34.216+0000] {dag.py:4156} INFO - Setting next_dagrun for python_operator_v7 to 2024-09-21 00:00:00+00:00, run_after=2024-09-22 00:00:00+00:00
[2024-09-20T23:09:34.352+0000] {processor.py:208} INFO - Processing /opt/airflow/dags/create_dag_with_python_operator.py took 0.327 seconds
[2024-09-20T23:10:05.079+0000] {processor.py:186} INFO - Started process (PID=3995) to work on /opt/airflow/dags/create_dag_with_python_operator.py
[2024-09-20T23:10:05.080+0000] {processor.py:914} INFO - Processing file /opt/airflow/dags/create_dag_with_python_operator.py for tasks to queue
[2024-09-20T23:10:05.083+0000] {logging_mixin.py:190} INFO - [2024-09-20T23:10:05.082+0000] {dagbag.py:587} INFO - Filling up the DagBag from /opt/airflow/dags/create_dag_with_python_operator.py
[2024-09-20T23:10:05.169+0000] {processor.py:925} INFO - DAG(s) 'python_operator_v7' retrieved from /opt/airflow/dags/create_dag_with_python_operator.py
[2024-09-20T23:10:05.199+0000] {logging_mixin.py:190} INFO - [2024-09-20T23:10:05.199+0000] {dag.py:3229} INFO - Sync 1 DAGs
[2024-09-20T23:10:05.348+0000] {logging_mixin.py:190} INFO - [2024-09-20T23:10:05.348+0000] {dag.py:4156} INFO - Setting next_dagrun for python_operator_v7 to 2024-09-21 00:00:00+00:00, run_after=2024-09-22 00:00:00+00:00
[2024-09-20T23:10:05.369+0000] {processor.py:208} INFO - Processing /opt/airflow/dags/create_dag_with_python_operator.py took 0.295 seconds
[2024-09-20T23:10:36.068+0000] {processor.py:186} INFO - Started process (PID=4008) to work on /opt/airflow/dags/create_dag_with_python_operator.py
[2024-09-20T23:10:36.070+0000] {processor.py:914} INFO - Processing file /opt/airflow/dags/create_dag_with_python_operator.py for tasks to queue
[2024-09-20T23:10:36.072+0000] {logging_mixin.py:190} INFO - [2024-09-20T23:10:36.072+0000] {dagbag.py:587} INFO - Filling up the DagBag from /opt/airflow/dags/create_dag_with_python_operator.py
[2024-09-20T23:10:36.138+0000] {processor.py:925} INFO - DAG(s) 'python_operator_v7' retrieved from /opt/airflow/dags/create_dag_with_python_operator.py
[2024-09-20T23:10:36.279+0000] {logging_mixin.py:190} INFO - [2024-09-20T23:10:36.279+0000] {dag.py:3229} INFO - Sync 1 DAGs
[2024-09-20T23:10:36.302+0000] {logging_mixin.py:190} INFO - [2024-09-20T23:10:36.302+0000] {dag.py:4156} INFO - Setting next_dagrun for python_operator_v7 to 2024-09-21 00:00:00+00:00, run_after=2024-09-22 00:00:00+00:00
[2024-09-20T23:10:36.327+0000] {processor.py:208} INFO - Processing /opt/airflow/dags/create_dag_with_python_operator.py took 0.264 seconds
[2024-09-20T23:11:06.946+0000] {processor.py:186} INFO - Started process (PID=4021) to work on /opt/airflow/dags/create_dag_with_python_operator.py
[2024-09-20T23:11:06.948+0000] {processor.py:914} INFO - Processing file /opt/airflow/dags/create_dag_with_python_operator.py for tasks to queue
[2024-09-20T23:11:06.949+0000] {logging_mixin.py:190} INFO - [2024-09-20T23:11:06.949+0000] {dagbag.py:587} INFO - Filling up the DagBag from /opt/airflow/dags/create_dag_with_python_operator.py
[2024-09-20T23:11:07.021+0000] {processor.py:925} INFO - DAG(s) 'python_operator_v7' retrieved from /opt/airflow/dags/create_dag_with_python_operator.py
[2024-09-20T23:11:07.044+0000] {logging_mixin.py:190} INFO - [2024-09-20T23:11:07.044+0000] {dag.py:3229} INFO - Sync 1 DAGs
[2024-09-20T23:11:07.069+0000] {logging_mixin.py:190} INFO - [2024-09-20T23:11:07.069+0000] {dag.py:4156} INFO - Setting next_dagrun for python_operator_v7 to 2024-09-21 00:00:00+00:00, run_after=2024-09-22 00:00:00+00:00
[2024-09-20T23:11:07.090+0000] {processor.py:208} INFO - Processing /opt/airflow/dags/create_dag_with_python_operator.py took 0.151 seconds
[2024-09-20T23:11:37.773+0000] {processor.py:186} INFO - Started process (PID=4034) to work on /opt/airflow/dags/create_dag_with_python_operator.py
[2024-09-20T23:11:37.776+0000] {processor.py:914} INFO - Processing file /opt/airflow/dags/create_dag_with_python_operator.py for tasks to queue
[2024-09-20T23:11:37.779+0000] {logging_mixin.py:190} INFO - [2024-09-20T23:11:37.778+0000] {dagbag.py:587} INFO - Filling up the DagBag from /opt/airflow/dags/create_dag_with_python_operator.py
[2024-09-20T23:11:37.887+0000] {processor.py:925} INFO - DAG(s) 'python_operator_v7' retrieved from /opt/airflow/dags/create_dag_with_python_operator.py
[2024-09-20T23:11:37.921+0000] {logging_mixin.py:190} INFO - [2024-09-20T23:11:37.920+0000] {dag.py:3229} INFO - Sync 1 DAGs
[2024-09-20T23:11:37.943+0000] {logging_mixin.py:190} INFO - [2024-09-20T23:11:37.943+0000] {dag.py:4156} INFO - Setting next_dagrun for python_operator_v7 to 2024-09-21 00:00:00+00:00, run_after=2024-09-22 00:00:00+00:00
[2024-09-20T23:11:37.978+0000] {processor.py:208} INFO - Processing /opt/airflow/dags/create_dag_with_python_operator.py took 0.215 seconds
[2024-09-20T23:12:08.584+0000] {processor.py:186} INFO - Started process (PID=4047) to work on /opt/airflow/dags/create_dag_with_python_operator.py
[2024-09-20T23:12:08.586+0000] {processor.py:914} INFO - Processing file /opt/airflow/dags/create_dag_with_python_operator.py for tasks to queue
[2024-09-20T23:12:08.588+0000] {logging_mixin.py:190} INFO - [2024-09-20T23:12:08.587+0000] {dagbag.py:587} INFO - Filling up the DagBag from /opt/airflow/dags/create_dag_with_python_operator.py
[2024-09-20T23:12:08.667+0000] {processor.py:925} INFO - DAG(s) 'python_operator_v7' retrieved from /opt/airflow/dags/create_dag_with_python_operator.py
[2024-09-20T23:12:08.698+0000] {logging_mixin.py:190} INFO - [2024-09-20T23:12:08.698+0000] {dag.py:3229} INFO - Sync 1 DAGs
[2024-09-20T23:12:08.719+0000] {logging_mixin.py:190} INFO - [2024-09-20T23:12:08.719+0000] {dag.py:4156} INFO - Setting next_dagrun for python_operator_v7 to 2024-09-21 00:00:00+00:00, run_after=2024-09-22 00:00:00+00:00
[2024-09-20T23:12:08.745+0000] {processor.py:208} INFO - Processing /opt/airflow/dags/create_dag_with_python_operator.py took 0.165 seconds
[2024-09-20T23:12:39.426+0000] {processor.py:186} INFO - Started process (PID=4060) to work on /opt/airflow/dags/create_dag_with_python_operator.py
[2024-09-20T23:12:39.429+0000] {processor.py:914} INFO - Processing file /opt/airflow/dags/create_dag_with_python_operator.py for tasks to queue
[2024-09-20T23:12:39.432+0000] {logging_mixin.py:190} INFO - [2024-09-20T23:12:39.431+0000] {dagbag.py:587} INFO - Filling up the DagBag from /opt/airflow/dags/create_dag_with_python_operator.py
[2024-09-20T23:12:39.540+0000] {processor.py:925} INFO - DAG(s) 'python_operator_v7' retrieved from /opt/airflow/dags/create_dag_with_python_operator.py
[2024-09-20T23:12:39.567+0000] {logging_mixin.py:190} INFO - [2024-09-20T23:12:39.567+0000] {dag.py:3229} INFO - Sync 1 DAGs
[2024-09-20T23:12:39.702+0000] {logging_mixin.py:190} INFO - [2024-09-20T23:12:39.701+0000] {dag.py:4156} INFO - Setting next_dagrun for python_operator_v7 to 2024-09-21 00:00:00+00:00, run_after=2024-09-22 00:00:00+00:00
[2024-09-20T23:12:39.753+0000] {processor.py:208} INFO - Processing /opt/airflow/dags/create_dag_with_python_operator.py took 0.334 seconds
[2024-09-20T23:13:10.447+0000] {processor.py:186} INFO - Started process (PID=4073) to work on /opt/airflow/dags/create_dag_with_python_operator.py
[2024-09-20T23:13:10.449+0000] {processor.py:914} INFO - Processing file /opt/airflow/dags/create_dag_with_python_operator.py for tasks to queue
[2024-09-20T23:13:10.451+0000] {logging_mixin.py:190} INFO - [2024-09-20T23:13:10.450+0000] {dagbag.py:587} INFO - Filling up the DagBag from /opt/airflow/dags/create_dag_with_python_operator.py
[2024-09-20T23:13:10.552+0000] {processor.py:925} INFO - DAG(s) 'python_operator_v7' retrieved from /opt/airflow/dags/create_dag_with_python_operator.py
[2024-09-20T23:13:10.581+0000] {logging_mixin.py:190} INFO - [2024-09-20T23:13:10.581+0000] {dag.py:3229} INFO - Sync 1 DAGs
[2024-09-20T23:13:10.711+0000] {logging_mixin.py:190} INFO - [2024-09-20T23:13:10.711+0000] {dag.py:4156} INFO - Setting next_dagrun for python_operator_v7 to 2024-09-21 00:00:00+00:00, run_after=2024-09-22 00:00:00+00:00
[2024-09-20T23:13:10.735+0000] {processor.py:208} INFO - Processing /opt/airflow/dags/create_dag_with_python_operator.py took 0.294 seconds
[2024-09-20T23:13:41.412+0000] {processor.py:186} INFO - Started process (PID=4086) to work on /opt/airflow/dags/create_dag_with_python_operator.py
[2024-09-20T23:13:41.415+0000] {processor.py:914} INFO - Processing file /opt/airflow/dags/create_dag_with_python_operator.py for tasks to queue
[2024-09-20T23:13:41.418+0000] {logging_mixin.py:190} INFO - [2024-09-20T23:13:41.417+0000] {dagbag.py:587} INFO - Filling up the DagBag from /opt/airflow/dags/create_dag_with_python_operator.py
[2024-09-20T23:13:41.505+0000] {processor.py:925} INFO - DAG(s) 'python_operator_v7' retrieved from /opt/airflow/dags/create_dag_with_python_operator.py
[2024-09-20T23:13:41.530+0000] {logging_mixin.py:190} INFO - [2024-09-20T23:13:41.530+0000] {dag.py:3229} INFO - Sync 1 DAGs
[2024-09-20T23:13:41.554+0000] {logging_mixin.py:190} INFO - [2024-09-20T23:13:41.554+0000] {dag.py:4156} INFO - Setting next_dagrun for python_operator_v7 to 2024-09-21 00:00:00+00:00, run_after=2024-09-22 00:00:00+00:00
[2024-09-20T23:13:41.584+0000] {processor.py:208} INFO - Processing /opt/airflow/dags/create_dag_with_python_operator.py took 0.183 seconds
[2024-09-20T23:14:12.450+0000] {processor.py:186} INFO - Started process (PID=4099) to work on /opt/airflow/dags/create_dag_with_python_operator.py
[2024-09-20T23:14:12.451+0000] {processor.py:914} INFO - Processing file /opt/airflow/dags/create_dag_with_python_operator.py for tasks to queue
[2024-09-20T23:14:12.453+0000] {logging_mixin.py:190} INFO - [2024-09-20T23:14:12.453+0000] {dagbag.py:587} INFO - Filling up the DagBag from /opt/airflow/dags/create_dag_with_python_operator.py
[2024-09-20T23:14:12.541+0000] {processor.py:925} INFO - DAG(s) 'python_operator_v7' retrieved from /opt/airflow/dags/create_dag_with_python_operator.py
[2024-09-20T23:14:12.566+0000] {logging_mixin.py:190} INFO - [2024-09-20T23:14:12.566+0000] {dag.py:3229} INFO - Sync 1 DAGs
[2024-09-20T23:14:12.586+0000] {logging_mixin.py:190} INFO - [2024-09-20T23:14:12.586+0000] {dag.py:4156} INFO - Setting next_dagrun for python_operator_v7 to 2024-09-21 00:00:00+00:00, run_after=2024-09-22 00:00:00+00:00
[2024-09-20T23:14:12.612+0000] {processor.py:208} INFO - Processing /opt/airflow/dags/create_dag_with_python_operator.py took 0.167 seconds
[2024-09-20T23:14:43.325+0000] {processor.py:186} INFO - Started process (PID=4112) to work on /opt/airflow/dags/create_dag_with_python_operator.py
[2024-09-20T23:14:43.327+0000] {processor.py:914} INFO - Processing file /opt/airflow/dags/create_dag_with_python_operator.py for tasks to queue
[2024-09-20T23:14:43.330+0000] {logging_mixin.py:190} INFO - [2024-09-20T23:14:43.329+0000] {dagbag.py:587} INFO - Filling up the DagBag from /opt/airflow/dags/create_dag_with_python_operator.py
[2024-09-20T23:14:43.450+0000] {processor.py:925} INFO - DAG(s) 'python_operator_v7' retrieved from /opt/airflow/dags/create_dag_with_python_operator.py
[2024-09-20T23:14:43.479+0000] {logging_mixin.py:190} INFO - [2024-09-20T23:14:43.479+0000] {dag.py:3229} INFO - Sync 1 DAGs
[2024-09-20T23:14:43.499+0000] {logging_mixin.py:190} INFO - [2024-09-20T23:14:43.498+0000] {dag.py:4156} INFO - Setting next_dagrun for python_operator_v7 to 2024-09-21 00:00:00+00:00, run_after=2024-09-22 00:00:00+00:00
[2024-09-20T23:14:43.524+0000] {processor.py:208} INFO - Processing /opt/airflow/dags/create_dag_with_python_operator.py took 0.209 seconds
[2024-09-20T23:15:14.328+0000] {processor.py:186} INFO - Started process (PID=4125) to work on /opt/airflow/dags/create_dag_with_python_operator.py
[2024-09-20T23:15:14.330+0000] {processor.py:914} INFO - Processing file /opt/airflow/dags/create_dag_with_python_operator.py for tasks to queue
[2024-09-20T23:15:14.331+0000] {logging_mixin.py:190} INFO - [2024-09-20T23:15:14.331+0000] {dagbag.py:587} INFO - Filling up the DagBag from /opt/airflow/dags/create_dag_with_python_operator.py
[2024-09-20T23:15:14.417+0000] {processor.py:925} INFO - DAG(s) 'python_operator_v7' retrieved from /opt/airflow/dags/create_dag_with_python_operator.py
[2024-09-20T23:15:14.442+0000] {logging_mixin.py:190} INFO - [2024-09-20T23:15:14.442+0000] {dag.py:3229} INFO - Sync 1 DAGs
[2024-09-20T23:15:14.469+0000] {logging_mixin.py:190} INFO - [2024-09-20T23:15:14.469+0000] {dag.py:4156} INFO - Setting next_dagrun for python_operator_v7 to 2024-09-21 00:00:00+00:00, run_after=2024-09-22 00:00:00+00:00
[2024-09-20T23:15:14.591+0000] {processor.py:208} INFO - Processing /opt/airflow/dags/create_dag_with_python_operator.py took 0.269 seconds
[2024-09-20T23:15:45.268+0000] {processor.py:186} INFO - Started process (PID=4138) to work on /opt/airflow/dags/create_dag_with_python_operator.py
[2024-09-20T23:15:45.269+0000] {processor.py:914} INFO - Processing file /opt/airflow/dags/create_dag_with_python_operator.py for tasks to queue
[2024-09-20T23:15:45.271+0000] {logging_mixin.py:190} INFO - [2024-09-20T23:15:45.271+0000] {dagbag.py:587} INFO - Filling up the DagBag from /opt/airflow/dags/create_dag_with_python_operator.py
[2024-09-20T23:15:45.381+0000] {processor.py:925} INFO - DAG(s) 'python_operator_v7' retrieved from /opt/airflow/dags/create_dag_with_python_operator.py
[2024-09-20T23:15:45.407+0000] {logging_mixin.py:190} INFO - [2024-09-20T23:15:45.407+0000] {dag.py:3229} INFO - Sync 1 DAGs
[2024-09-20T23:15:45.536+0000] {logging_mixin.py:190} INFO - [2024-09-20T23:15:45.536+0000] {dag.py:4156} INFO - Setting next_dagrun for python_operator_v7 to 2024-09-21 00:00:00+00:00, run_after=2024-09-22 00:00:00+00:00
[2024-09-20T23:15:45.560+0000] {processor.py:208} INFO - Processing /opt/airflow/dags/create_dag_with_python_operator.py took 0.297 seconds
[2024-09-20T23:16:16.224+0000] {processor.py:186} INFO - Started process (PID=4151) to work on /opt/airflow/dags/create_dag_with_python_operator.py
[2024-09-20T23:16:16.225+0000] {processor.py:914} INFO - Processing file /opt/airflow/dags/create_dag_with_python_operator.py for tasks to queue
[2024-09-20T23:16:16.228+0000] {logging_mixin.py:190} INFO - [2024-09-20T23:16:16.228+0000] {dagbag.py:587} INFO - Filling up the DagBag from /opt/airflow/dags/create_dag_with_python_operator.py
[2024-09-20T23:16:16.342+0000] {processor.py:925} INFO - DAG(s) 'python_operator_v7' retrieved from /opt/airflow/dags/create_dag_with_python_operator.py
[2024-09-20T23:16:16.476+0000] {logging_mixin.py:190} INFO - [2024-09-20T23:16:16.476+0000] {dag.py:3229} INFO - Sync 1 DAGs
[2024-09-20T23:16:16.492+0000] {logging_mixin.py:190} INFO - [2024-09-20T23:16:16.492+0000] {dag.py:4156} INFO - Setting next_dagrun for python_operator_v7 to 2024-09-21 00:00:00+00:00, run_after=2024-09-22 00:00:00+00:00
[2024-09-20T23:16:16.515+0000] {processor.py:208} INFO - Processing /opt/airflow/dags/create_dag_with_python_operator.py took 0.302 seconds
[2024-09-20T23:16:47.243+0000] {processor.py:186} INFO - Started process (PID=4164) to work on /opt/airflow/dags/create_dag_with_python_operator.py
[2024-09-20T23:16:47.247+0000] {processor.py:914} INFO - Processing file /opt/airflow/dags/create_dag_with_python_operator.py for tasks to queue
[2024-09-20T23:16:47.252+0000] {logging_mixin.py:190} INFO - [2024-09-20T23:16:47.251+0000] {dagbag.py:587} INFO - Filling up the DagBag from /opt/airflow/dags/create_dag_with_python_operator.py
[2024-09-20T23:16:47.355+0000] {processor.py:925} INFO - DAG(s) 'python_operator_v7' retrieved from /opt/airflow/dags/create_dag_with_python_operator.py
[2024-09-20T23:16:47.380+0000] {logging_mixin.py:190} INFO - [2024-09-20T23:16:47.380+0000] {dag.py:3229} INFO - Sync 1 DAGs
[2024-09-20T23:16:47.401+0000] {logging_mixin.py:190} INFO - [2024-09-20T23:16:47.401+0000] {dag.py:4156} INFO - Setting next_dagrun for python_operator_v7 to 2024-09-21 00:00:00+00:00, run_after=2024-09-22 00:00:00+00:00
[2024-09-20T23:16:47.436+0000] {processor.py:208} INFO - Processing /opt/airflow/dags/create_dag_with_python_operator.py took 0.208 seconds
[2024-09-20T23:17:18.162+0000] {processor.py:186} INFO - Started process (PID=4177) to work on /opt/airflow/dags/create_dag_with_python_operator.py
[2024-09-20T23:17:18.164+0000] {processor.py:914} INFO - Processing file /opt/airflow/dags/create_dag_with_python_operator.py for tasks to queue
[2024-09-20T23:17:18.168+0000] {logging_mixin.py:190} INFO - [2024-09-20T23:17:18.167+0000] {dagbag.py:587} INFO - Filling up the DagBag from /opt/airflow/dags/create_dag_with_python_operator.py
[2024-09-20T23:17:18.259+0000] {processor.py:925} INFO - DAG(s) 'python_operator_v7' retrieved from /opt/airflow/dags/create_dag_with_python_operator.py
[2024-09-20T23:17:18.288+0000] {logging_mixin.py:190} INFO - [2024-09-20T23:17:18.287+0000] {dag.py:3229} INFO - Sync 1 DAGs
[2024-09-20T23:17:18.310+0000] {logging_mixin.py:190} INFO - [2024-09-20T23:17:18.309+0000] {dag.py:4156} INFO - Setting next_dagrun for python_operator_v7 to 2024-09-21 00:00:00+00:00, run_after=2024-09-22 00:00:00+00:00
[2024-09-20T23:17:18.343+0000] {processor.py:208} INFO - Processing /opt/airflow/dags/create_dag_with_python_operator.py took 0.191 seconds
[2024-09-20T23:17:48.993+0000] {processor.py:186} INFO - Started process (PID=4190) to work on /opt/airflow/dags/create_dag_with_python_operator.py
[2024-09-20T23:17:48.996+0000] {processor.py:914} INFO - Processing file /opt/airflow/dags/create_dag_with_python_operator.py for tasks to queue
[2024-09-20T23:17:49.000+0000] {logging_mixin.py:190} INFO - [2024-09-20T23:17:48.999+0000] {dagbag.py:587} INFO - Filling up the DagBag from /opt/airflow/dags/create_dag_with_python_operator.py
[2024-09-20T23:17:49.092+0000] {processor.py:925} INFO - DAG(s) 'python_operator_v7' retrieved from /opt/airflow/dags/create_dag_with_python_operator.py
[2024-09-20T23:17:49.124+0000] {logging_mixin.py:190} INFO - [2024-09-20T23:17:49.124+0000] {dag.py:3229} INFO - Sync 1 DAGs
[2024-09-20T23:17:49.163+0000] {logging_mixin.py:190} INFO - [2024-09-20T23:17:49.163+0000] {dag.py:4156} INFO - Setting next_dagrun for python_operator_v7 to 2024-09-21 00:00:00+00:00, run_after=2024-09-22 00:00:00+00:00
[2024-09-20T23:17:49.207+0000] {processor.py:208} INFO - Processing /opt/airflow/dags/create_dag_with_python_operator.py took 0.226 seconds
[2024-09-20T23:18:19.853+0000] {processor.py:186} INFO - Started process (PID=4203) to work on /opt/airflow/dags/create_dag_with_python_operator.py
[2024-09-20T23:18:19.855+0000] {processor.py:914} INFO - Processing file /opt/airflow/dags/create_dag_with_python_operator.py for tasks to queue
[2024-09-20T23:18:19.858+0000] {logging_mixin.py:190} INFO - [2024-09-20T23:18:19.857+0000] {dagbag.py:587} INFO - Filling up the DagBag from /opt/airflow/dags/create_dag_with_python_operator.py
[2024-09-20T23:18:19.943+0000] {processor.py:925} INFO - DAG(s) 'python_operator_v7' retrieved from /opt/airflow/dags/create_dag_with_python_operator.py
[2024-09-20T23:18:19.970+0000] {logging_mixin.py:190} INFO - [2024-09-20T23:18:19.970+0000] {dag.py:3229} INFO - Sync 1 DAGs
[2024-09-20T23:18:20.110+0000] {logging_mixin.py:190} INFO - [2024-09-20T23:18:20.109+0000] {dag.py:4156} INFO - Setting next_dagrun for python_operator_v7 to 2024-09-21 00:00:00+00:00, run_after=2024-09-22 00:00:00+00:00
[2024-09-20T23:18:20.136+0000] {processor.py:208} INFO - Processing /opt/airflow/dags/create_dag_with_python_operator.py took 0.288 seconds
[2024-09-20T23:18:50.719+0000] {processor.py:186} INFO - Started process (PID=4216) to work on /opt/airflow/dags/create_dag_with_python_operator.py
[2024-09-20T23:18:50.721+0000] {processor.py:914} INFO - Processing file /opt/airflow/dags/create_dag_with_python_operator.py for tasks to queue
[2024-09-20T23:18:50.723+0000] {logging_mixin.py:190} INFO - [2024-09-20T23:18:50.722+0000] {dagbag.py:587} INFO - Filling up the DagBag from /opt/airflow/dags/create_dag_with_python_operator.py
[2024-09-20T23:18:50.805+0000] {processor.py:925} INFO - DAG(s) 'python_operator_v7' retrieved from /opt/airflow/dags/create_dag_with_python_operator.py
[2024-09-20T23:18:50.833+0000] {logging_mixin.py:190} INFO - [2024-09-20T23:18:50.832+0000] {dag.py:3229} INFO - Sync 1 DAGs
[2024-09-20T23:18:50.982+0000] {logging_mixin.py:190} INFO - [2024-09-20T23:18:50.981+0000] {dag.py:4156} INFO - Setting next_dagrun for python_operator_v7 to 2024-09-21 00:00:00+00:00, run_after=2024-09-22 00:00:00+00:00
[2024-09-20T23:18:51.004+0000] {processor.py:208} INFO - Processing /opt/airflow/dags/create_dag_with_python_operator.py took 0.290 seconds
[2024-09-20T23:19:21.162+0000] {processor.py:186} INFO - Started process (PID=4229) to work on /opt/airflow/dags/create_dag_with_python_operator.py
[2024-09-20T23:19:21.163+0000] {processor.py:914} INFO - Processing file /opt/airflow/dags/create_dag_with_python_operator.py for tasks to queue
[2024-09-20T23:19:21.165+0000] {logging_mixin.py:190} INFO - [2024-09-20T23:19:21.165+0000] {dagbag.py:587} INFO - Filling up the DagBag from /opt/airflow/dags/create_dag_with_python_operator.py
[2024-09-20T23:19:21.249+0000] {processor.py:925} INFO - DAG(s) 'python_operator_v7' retrieved from /opt/airflow/dags/create_dag_with_python_operator.py
[2024-09-20T23:19:21.272+0000] {logging_mixin.py:190} INFO - [2024-09-20T23:19:21.271+0000] {dag.py:3229} INFO - Sync 1 DAGs
[2024-09-20T23:19:21.290+0000] {logging_mixin.py:190} INFO - [2024-09-20T23:19:21.290+0000] {dag.py:4156} INFO - Setting next_dagrun for python_operator_v7 to 2024-09-21 00:00:00+00:00, run_after=2024-09-22 00:00:00+00:00
[2024-09-20T23:19:21.311+0000] {processor.py:208} INFO - Processing /opt/airflow/dags/create_dag_with_python_operator.py took 0.155 seconds
[2024-09-20T23:19:52.006+0000] {processor.py:186} INFO - Started process (PID=4242) to work on /opt/airflow/dags/create_dag_with_python_operator.py
[2024-09-20T23:19:52.011+0000] {processor.py:914} INFO - Processing file /opt/airflow/dags/create_dag_with_python_operator.py for tasks to queue
[2024-09-20T23:19:52.017+0000] {logging_mixin.py:190} INFO - [2024-09-20T23:19:52.015+0000] {dagbag.py:587} INFO - Filling up the DagBag from /opt/airflow/dags/create_dag_with_python_operator.py
[2024-09-20T23:19:52.139+0000] {processor.py:925} INFO - DAG(s) 'python_operator_v7' retrieved from /opt/airflow/dags/create_dag_with_python_operator.py
[2024-09-20T23:19:52.173+0000] {logging_mixin.py:190} INFO - [2024-09-20T23:19:52.173+0000] {dag.py:3229} INFO - Sync 1 DAGs
[2024-09-20T23:19:52.193+0000] {logging_mixin.py:190} INFO - [2024-09-20T23:19:52.192+0000] {dag.py:4156} INFO - Setting next_dagrun for python_operator_v7 to 2024-09-21 00:00:00+00:00, run_after=2024-09-22 00:00:00+00:00
[2024-09-20T23:19:52.215+0000] {processor.py:208} INFO - Processing /opt/airflow/dags/create_dag_with_python_operator.py took 0.230 seconds
[2024-09-20T23:20:22.911+0000] {processor.py:186} INFO - Started process (PID=4255) to work on /opt/airflow/dags/create_dag_with_python_operator.py
[2024-09-20T23:20:22.913+0000] {processor.py:914} INFO - Processing file /opt/airflow/dags/create_dag_with_python_operator.py for tasks to queue
[2024-09-20T23:20:22.915+0000] {logging_mixin.py:190} INFO - [2024-09-20T23:20:22.915+0000] {dagbag.py:587} INFO - Filling up the DagBag from /opt/airflow/dags/create_dag_with_python_operator.py
[2024-09-20T23:20:23.006+0000] {processor.py:925} INFO - DAG(s) 'python_operator_v7' retrieved from /opt/airflow/dags/create_dag_with_python_operator.py
[2024-09-20T23:20:23.034+0000] {logging_mixin.py:190} INFO - [2024-09-20T23:20:23.034+0000] {dag.py:3229} INFO - Sync 1 DAGs
[2024-09-20T23:20:23.054+0000] {logging_mixin.py:190} INFO - [2024-09-20T23:20:23.054+0000] {dag.py:4156} INFO - Setting next_dagrun for python_operator_v7 to 2024-09-21 00:00:00+00:00, run_after=2024-09-22 00:00:00+00:00
[2024-09-20T23:20:23.082+0000] {processor.py:208} INFO - Processing /opt/airflow/dags/create_dag_with_python_operator.py took 0.183 seconds
[2024-09-20T23:20:53.820+0000] {processor.py:186} INFO - Started process (PID=4268) to work on /opt/airflow/dags/create_dag_with_python_operator.py
[2024-09-20T23:20:53.822+0000] {processor.py:914} INFO - Processing file /opt/airflow/dags/create_dag_with_python_operator.py for tasks to queue
[2024-09-20T23:20:53.824+0000] {logging_mixin.py:190} INFO - [2024-09-20T23:20:53.824+0000] {dagbag.py:587} INFO - Filling up the DagBag from /opt/airflow/dags/create_dag_with_python_operator.py
[2024-09-20T23:20:53.926+0000] {processor.py:925} INFO - DAG(s) 'python_operator_v7' retrieved from /opt/airflow/dags/create_dag_with_python_operator.py
[2024-09-20T23:20:53.948+0000] {logging_mixin.py:190} INFO - [2024-09-20T23:20:53.948+0000] {dag.py:3229} INFO - Sync 1 DAGs
[2024-09-20T23:20:53.968+0000] {logging_mixin.py:190} INFO - [2024-09-20T23:20:53.968+0000] {dag.py:4156} INFO - Setting next_dagrun for python_operator_v7 to 2024-09-21 00:00:00+00:00, run_after=2024-09-22 00:00:00+00:00
[2024-09-20T23:20:54.104+0000] {processor.py:208} INFO - Processing /opt/airflow/dags/create_dag_with_python_operator.py took 0.295 seconds
[2024-09-20T23:21:24.323+0000] {processor.py:186} INFO - Started process (PID=4281) to work on /opt/airflow/dags/create_dag_with_python_operator.py
[2024-09-20T23:21:24.325+0000] {processor.py:914} INFO - Processing file /opt/airflow/dags/create_dag_with_python_operator.py for tasks to queue
[2024-09-20T23:21:24.327+0000] {logging_mixin.py:190} INFO - [2024-09-20T23:21:24.326+0000] {dagbag.py:587} INFO - Filling up the DagBag from /opt/airflow/dags/create_dag_with_python_operator.py
[2024-09-20T23:21:24.445+0000] {processor.py:925} INFO - DAG(s) 'python_operator_v7' retrieved from /opt/airflow/dags/create_dag_with_python_operator.py
[2024-09-20T23:21:24.470+0000] {logging_mixin.py:190} INFO - [2024-09-20T23:21:24.470+0000] {dag.py:3229} INFO - Sync 1 DAGs
[2024-09-20T23:21:24.595+0000] {logging_mixin.py:190} INFO - [2024-09-20T23:21:24.595+0000] {dag.py:4156} INFO - Setting next_dagrun for python_operator_v7 to 2024-09-21 00:00:00+00:00, run_after=2024-09-22 00:00:00+00:00
[2024-09-20T23:21:24.623+0000] {processor.py:208} INFO - Processing /opt/airflow/dags/create_dag_with_python_operator.py took 0.305 seconds
[2024-09-20T23:21:55.335+0000] {processor.py:186} INFO - Started process (PID=4294) to work on /opt/airflow/dags/create_dag_with_python_operator.py
[2024-09-20T23:21:55.337+0000] {processor.py:914} INFO - Processing file /opt/airflow/dags/create_dag_with_python_operator.py for tasks to queue
[2024-09-20T23:21:55.340+0000] {logging_mixin.py:190} INFO - [2024-09-20T23:21:55.340+0000] {dagbag.py:587} INFO - Filling up the DagBag from /opt/airflow/dags/create_dag_with_python_operator.py
[2024-09-20T23:21:55.462+0000] {processor.py:925} INFO - DAG(s) 'python_operator_v7' retrieved from /opt/airflow/dags/create_dag_with_python_operator.py
[2024-09-20T23:21:55.600+0000] {logging_mixin.py:190} INFO - [2024-09-20T23:21:55.600+0000] {dag.py:3229} INFO - Sync 1 DAGs
[2024-09-20T23:21:55.619+0000] {logging_mixin.py:190} INFO - [2024-09-20T23:21:55.619+0000] {dag.py:4156} INFO - Setting next_dagrun for python_operator_v7 to 2024-09-21 00:00:00+00:00, run_after=2024-09-22 00:00:00+00:00
[2024-09-20T23:21:55.647+0000] {processor.py:208} INFO - Processing /opt/airflow/dags/create_dag_with_python_operator.py took 0.321 seconds
[2024-09-20T23:22:26.314+0000] {processor.py:186} INFO - Started process (PID=4307) to work on /opt/airflow/dags/create_dag_with_python_operator.py
[2024-09-20T23:22:26.317+0000] {processor.py:914} INFO - Processing file /opt/airflow/dags/create_dag_with_python_operator.py for tasks to queue
[2024-09-20T23:22:26.319+0000] {logging_mixin.py:190} INFO - [2024-09-20T23:22:26.319+0000] {dagbag.py:587} INFO - Filling up the DagBag from /opt/airflow/dags/create_dag_with_python_operator.py
[2024-09-20T23:22:26.441+0000] {processor.py:925} INFO - DAG(s) 'python_operator_v7' retrieved from /opt/airflow/dags/create_dag_with_python_operator.py
[2024-09-20T23:22:26.465+0000] {logging_mixin.py:190} INFO - [2024-09-20T23:22:26.465+0000] {dag.py:3229} INFO - Sync 1 DAGs
[2024-09-20T23:22:26.484+0000] {logging_mixin.py:190} INFO - [2024-09-20T23:22:26.484+0000] {dag.py:4156} INFO - Setting next_dagrun for python_operator_v7 to 2024-09-21 00:00:00+00:00, run_after=2024-09-22 00:00:00+00:00
[2024-09-20T23:22:26.524+0000] {processor.py:208} INFO - Processing /opt/airflow/dags/create_dag_with_python_operator.py took 0.219 seconds
[2024-09-20T23:22:57.209+0000] {processor.py:186} INFO - Started process (PID=4320) to work on /opt/airflow/dags/create_dag_with_python_operator.py
[2024-09-20T23:22:57.211+0000] {processor.py:914} INFO - Processing file /opt/airflow/dags/create_dag_with_python_operator.py for tasks to queue
[2024-09-20T23:22:57.212+0000] {logging_mixin.py:190} INFO - [2024-09-20T23:22:57.212+0000] {dagbag.py:587} INFO - Filling up the DagBag from /opt/airflow/dags/create_dag_with_python_operator.py
[2024-09-20T23:22:57.299+0000] {processor.py:925} INFO - DAG(s) 'python_operator_v7' retrieved from /opt/airflow/dags/create_dag_with_python_operator.py
[2024-09-20T23:22:57.330+0000] {logging_mixin.py:190} INFO - [2024-09-20T23:22:57.329+0000] {dag.py:3229} INFO - Sync 1 DAGs
[2024-09-20T23:22:57.352+0000] {logging_mixin.py:190} INFO - [2024-09-20T23:22:57.352+0000] {dag.py:4156} INFO - Setting next_dagrun for python_operator_v7 to 2024-09-21 00:00:00+00:00, run_after=2024-09-22 00:00:00+00:00
[2024-09-20T23:22:57.378+0000] {processor.py:208} INFO - Processing /opt/airflow/dags/create_dag_with_python_operator.py took 0.174 seconds
[2024-09-20T23:23:28.016+0000] {processor.py:186} INFO - Started process (PID=4333) to work on /opt/airflow/dags/create_dag_with_python_operator.py
[2024-09-20T23:23:28.018+0000] {processor.py:914} INFO - Processing file /opt/airflow/dags/create_dag_with_python_operator.py for tasks to queue
[2024-09-20T23:23:28.021+0000] {logging_mixin.py:190} INFO - [2024-09-20T23:23:28.020+0000] {dagbag.py:587} INFO - Filling up the DagBag from /opt/airflow/dags/create_dag_with_python_operator.py
[2024-09-20T23:23:28.130+0000] {processor.py:925} INFO - DAG(s) 'python_operator_v7' retrieved from /opt/airflow/dags/create_dag_with_python_operator.py
[2024-09-20T23:23:28.160+0000] {logging_mixin.py:190} INFO - [2024-09-20T23:23:28.160+0000] {dag.py:3229} INFO - Sync 1 DAGs
[2024-09-20T23:23:28.179+0000] {logging_mixin.py:190} INFO - [2024-09-20T23:23:28.179+0000] {dag.py:4156} INFO - Setting next_dagrun for python_operator_v7 to 2024-09-21 00:00:00+00:00, run_after=2024-09-22 00:00:00+00:00
[2024-09-20T23:23:28.203+0000] {processor.py:208} INFO - Processing /opt/airflow/dags/create_dag_with_python_operator.py took 0.192 seconds
[2024-09-20T23:23:58.835+0000] {processor.py:186} INFO - Started process (PID=4346) to work on /opt/airflow/dags/create_dag_with_python_operator.py
[2024-09-20T23:23:58.837+0000] {processor.py:914} INFO - Processing file /opt/airflow/dags/create_dag_with_python_operator.py for tasks to queue
[2024-09-20T23:23:58.841+0000] {logging_mixin.py:190} INFO - [2024-09-20T23:23:58.840+0000] {dagbag.py:587} INFO - Filling up the DagBag from /opt/airflow/dags/create_dag_with_python_operator.py
[2024-09-20T23:23:58.950+0000] {processor.py:925} INFO - DAG(s) 'python_operator_v7' retrieved from /opt/airflow/dags/create_dag_with_python_operator.py
[2024-09-20T23:23:58.976+0000] {logging_mixin.py:190} INFO - [2024-09-20T23:23:58.976+0000] {dag.py:3229} INFO - Sync 1 DAGs
[2024-09-20T23:23:59.105+0000] {logging_mixin.py:190} INFO - [2024-09-20T23:23:59.105+0000] {dag.py:4156} INFO - Setting next_dagrun for python_operator_v7 to 2024-09-21 00:00:00+00:00, run_after=2024-09-22 00:00:00+00:00
[2024-09-20T23:23:59.129+0000] {processor.py:208} INFO - Processing /opt/airflow/dags/create_dag_with_python_operator.py took 0.304 seconds
[2024-09-20T23:24:29.551+0000] {processor.py:186} INFO - Started process (PID=4359) to work on /opt/airflow/dags/create_dag_with_python_operator.py
[2024-09-20T23:24:29.554+0000] {processor.py:914} INFO - Processing file /opt/airflow/dags/create_dag_with_python_operator.py for tasks to queue
[2024-09-20T23:24:29.557+0000] {logging_mixin.py:190} INFO - [2024-09-20T23:24:29.557+0000] {dagbag.py:587} INFO - Filling up the DagBag from /opt/airflow/dags/create_dag_with_python_operator.py
[2024-09-20T23:24:29.688+0000] {processor.py:925} INFO - DAG(s) 'python_operator_v7' retrieved from /opt/airflow/dags/create_dag_with_python_operator.py
[2024-09-20T23:24:29.727+0000] {logging_mixin.py:190} INFO - [2024-09-20T23:24:29.726+0000] {dag.py:3229} INFO - Sync 1 DAGs
[2024-09-20T23:24:29.861+0000] {logging_mixin.py:190} INFO - [2024-09-20T23:24:29.860+0000] {dag.py:4156} INFO - Setting next_dagrun for python_operator_v7 to 2024-09-21 00:00:00+00:00, run_after=2024-09-22 00:00:00+00:00
[2024-09-20T23:24:29.885+0000] {processor.py:208} INFO - Processing /opt/airflow/dags/create_dag_with_python_operator.py took 0.342 seconds
[2024-09-20T23:25:00.581+0000] {processor.py:186} INFO - Started process (PID=4372) to work on /opt/airflow/dags/create_dag_with_python_operator.py
[2024-09-20T23:25:00.583+0000] {processor.py:914} INFO - Processing file /opt/airflow/dags/create_dag_with_python_operator.py for tasks to queue
[2024-09-20T23:25:00.585+0000] {logging_mixin.py:190} INFO - [2024-09-20T23:25:00.585+0000] {dagbag.py:587} INFO - Filling up the DagBag from /opt/airflow/dags/create_dag_with_python_operator.py
[2024-09-20T23:25:00.697+0000] {processor.py:925} INFO - DAG(s) 'python_operator_v7' retrieved from /opt/airflow/dags/create_dag_with_python_operator.py
[2024-09-20T23:25:00.828+0000] {logging_mixin.py:190} INFO - [2024-09-20T23:25:00.828+0000] {dag.py:3229} INFO - Sync 1 DAGs
[2024-09-20T23:25:00.846+0000] {logging_mixin.py:190} INFO - [2024-09-20T23:25:00.846+0000] {dag.py:4156} INFO - Setting next_dagrun for python_operator_v7 to 2024-09-21 00:00:00+00:00, run_after=2024-09-22 00:00:00+00:00
[2024-09-20T23:25:00.869+0000] {processor.py:208} INFO - Processing /opt/airflow/dags/create_dag_with_python_operator.py took 0.297 seconds
[2024-09-20T23:25:31.219+0000] {processor.py:186} INFO - Started process (PID=4385) to work on /opt/airflow/dags/create_dag_with_python_operator.py
[2024-09-20T23:25:31.221+0000] {processor.py:914} INFO - Processing file /opt/airflow/dags/create_dag_with_python_operator.py for tasks to queue
[2024-09-20T23:25:31.224+0000] {logging_mixin.py:190} INFO - [2024-09-20T23:25:31.223+0000] {dagbag.py:587} INFO - Filling up the DagBag from /opt/airflow/dags/create_dag_with_python_operator.py
[2024-09-20T23:25:31.319+0000] {processor.py:925} INFO - DAG(s) 'python_operator_v7' retrieved from /opt/airflow/dags/create_dag_with_python_operator.py
[2024-09-20T23:25:31.356+0000] {logging_mixin.py:190} INFO - [2024-09-20T23:25:31.356+0000] {dag.py:3229} INFO - Sync 1 DAGs
[2024-09-20T23:25:31.376+0000] {logging_mixin.py:190} INFO - [2024-09-20T23:25:31.376+0000] {dag.py:4156} INFO - Setting next_dagrun for python_operator_v7 to 2024-09-21 00:00:00+00:00, run_after=2024-09-22 00:00:00+00:00
[2024-09-20T23:25:31.400+0000] {processor.py:208} INFO - Processing /opt/airflow/dags/create_dag_with_python_operator.py took 0.188 seconds
[2024-09-20T23:26:02.096+0000] {processor.py:186} INFO - Started process (PID=4398) to work on /opt/airflow/dags/create_dag_with_python_operator.py
[2024-09-20T23:26:02.098+0000] {processor.py:914} INFO - Processing file /opt/airflow/dags/create_dag_with_python_operator.py for tasks to queue
[2024-09-20T23:26:02.099+0000] {logging_mixin.py:190} INFO - [2024-09-20T23:26:02.099+0000] {dagbag.py:587} INFO - Filling up the DagBag from /opt/airflow/dags/create_dag_with_python_operator.py
[2024-09-20T23:26:02.185+0000] {processor.py:925} INFO - DAG(s) 'python_operator_v7' retrieved from /opt/airflow/dags/create_dag_with_python_operator.py
[2024-09-20T23:26:02.210+0000] {logging_mixin.py:190} INFO - [2024-09-20T23:26:02.210+0000] {dag.py:3229} INFO - Sync 1 DAGs
[2024-09-20T23:26:02.233+0000] {logging_mixin.py:190} INFO - [2024-09-20T23:26:02.232+0000] {dag.py:4156} INFO - Setting next_dagrun for python_operator_v7 to 2024-09-21 00:00:00+00:00, run_after=2024-09-22 00:00:00+00:00
[2024-09-20T23:26:02.257+0000] {processor.py:208} INFO - Processing /opt/airflow/dags/create_dag_with_python_operator.py took 0.166 seconds
[2024-09-20T23:26:32.971+0000] {processor.py:186} INFO - Started process (PID=4411) to work on /opt/airflow/dags/create_dag_with_python_operator.py
[2024-09-20T23:26:32.973+0000] {processor.py:914} INFO - Processing file /opt/airflow/dags/create_dag_with_python_operator.py for tasks to queue
[2024-09-20T23:26:32.976+0000] {logging_mixin.py:190} INFO - [2024-09-20T23:26:32.976+0000] {dagbag.py:587} INFO - Filling up the DagBag from /opt/airflow/dags/create_dag_with_python_operator.py
[2024-09-20T23:26:33.096+0000] {processor.py:925} INFO - DAG(s) 'python_operator_v7' retrieved from /opt/airflow/dags/create_dag_with_python_operator.py
[2024-09-20T23:26:33.122+0000] {logging_mixin.py:190} INFO - [2024-09-20T23:26:33.122+0000] {dag.py:3229} INFO - Sync 1 DAGs
[2024-09-20T23:26:33.144+0000] {logging_mixin.py:190} INFO - [2024-09-20T23:26:33.144+0000] {dag.py:4156} INFO - Setting next_dagrun for python_operator_v7 to 2024-09-21 00:00:00+00:00, run_after=2024-09-22 00:00:00+00:00
[2024-09-20T23:26:33.276+0000] {processor.py:208} INFO - Processing /opt/airflow/dags/create_dag_with_python_operator.py took 0.317 seconds
[2024-09-20T23:27:04.086+0000] {processor.py:186} INFO - Started process (PID=4424) to work on /opt/airflow/dags/create_dag_with_python_operator.py
[2024-09-20T23:27:04.088+0000] {processor.py:914} INFO - Processing file /opt/airflow/dags/create_dag_with_python_operator.py for tasks to queue
[2024-09-20T23:27:04.090+0000] {logging_mixin.py:190} INFO - [2024-09-20T23:27:04.090+0000] {dagbag.py:587} INFO - Filling up the DagBag from /opt/airflow/dags/create_dag_with_python_operator.py
[2024-09-20T23:27:04.186+0000] {processor.py:925} INFO - DAG(s) 'python_operator_v7' retrieved from /opt/airflow/dags/create_dag_with_python_operator.py
[2024-09-20T23:27:04.211+0000] {logging_mixin.py:190} INFO - [2024-09-20T23:27:04.210+0000] {dag.py:3229} INFO - Sync 1 DAGs
[2024-09-20T23:27:04.342+0000] {logging_mixin.py:190} INFO - [2024-09-20T23:27:04.341+0000] {dag.py:4156} INFO - Setting next_dagrun for python_operator_v7 to 2024-09-21 00:00:00+00:00, run_after=2024-09-22 00:00:00+00:00
[2024-09-20T23:27:04.365+0000] {processor.py:208} INFO - Processing /opt/airflow/dags/create_dag_with_python_operator.py took 0.289 seconds
[2024-09-20T23:27:34.997+0000] {processor.py:186} INFO - Started process (PID=4437) to work on /opt/airflow/dags/create_dag_with_python_operator.py
[2024-09-20T23:27:34.999+0000] {processor.py:914} INFO - Processing file /opt/airflow/dags/create_dag_with_python_operator.py for tasks to queue
[2024-09-20T23:27:35.000+0000] {logging_mixin.py:190} INFO - [2024-09-20T23:27:35.000+0000] {dagbag.py:587} INFO - Filling up the DagBag from /opt/airflow/dags/create_dag_with_python_operator.py
[2024-09-20T23:27:35.060+0000] {processor.py:925} INFO - DAG(s) 'python_operator_v7' retrieved from /opt/airflow/dags/create_dag_with_python_operator.py
[2024-09-20T23:27:35.217+0000] {logging_mixin.py:190} INFO - [2024-09-20T23:27:35.217+0000] {dag.py:3229} INFO - Sync 1 DAGs
[2024-09-20T23:27:35.235+0000] {logging_mixin.py:190} INFO - [2024-09-20T23:27:35.234+0000] {dag.py:4156} INFO - Setting next_dagrun for python_operator_v7 to 2024-09-21 00:00:00+00:00, run_after=2024-09-22 00:00:00+00:00
[2024-09-20T23:27:35.261+0000] {processor.py:208} INFO - Processing /opt/airflow/dags/create_dag_with_python_operator.py took 0.270 seconds
[2024-09-20T23:28:05.995+0000] {processor.py:186} INFO - Started process (PID=4450) to work on /opt/airflow/dags/create_dag_with_python_operator.py
[2024-09-20T23:28:05.998+0000] {processor.py:914} INFO - Processing file /opt/airflow/dags/create_dag_with_python_operator.py for tasks to queue
[2024-09-20T23:28:05.999+0000] {logging_mixin.py:190} INFO - [2024-09-20T23:28:05.999+0000] {dagbag.py:587} INFO - Filling up the DagBag from /opt/airflow/dags/create_dag_with_python_operator.py
[2024-09-20T23:28:06.085+0000] {processor.py:925} INFO - DAG(s) 'python_operator_v7' retrieved from /opt/airflow/dags/create_dag_with_python_operator.py
[2024-09-20T23:28:06.110+0000] {logging_mixin.py:190} INFO - [2024-09-20T23:28:06.110+0000] {dag.py:3229} INFO - Sync 1 DAGs
[2024-09-20T23:28:06.132+0000] {logging_mixin.py:190} INFO - [2024-09-20T23:28:06.132+0000] {dag.py:4156} INFO - Setting next_dagrun for python_operator_v7 to 2024-09-21 00:00:00+00:00, run_after=2024-09-22 00:00:00+00:00
[2024-09-20T23:28:06.160+0000] {processor.py:208} INFO - Processing /opt/airflow/dags/create_dag_with_python_operator.py took 0.173 seconds
[2024-09-20T23:28:36.837+0000] {processor.py:186} INFO - Started process (PID=4463) to work on /opt/airflow/dags/create_dag_with_python_operator.py
[2024-09-20T23:28:36.838+0000] {processor.py:914} INFO - Processing file /opt/airflow/dags/create_dag_with_python_operator.py for tasks to queue
[2024-09-20T23:28:36.840+0000] {logging_mixin.py:190} INFO - [2024-09-20T23:28:36.840+0000] {dagbag.py:587} INFO - Filling up the DagBag from /opt/airflow/dags/create_dag_with_python_operator.py
[2024-09-20T23:28:36.906+0000] {processor.py:925} INFO - DAG(s) 'python_operator_v7' retrieved from /opt/airflow/dags/create_dag_with_python_operator.py
[2024-09-20T23:28:36.932+0000] {logging_mixin.py:190} INFO - [2024-09-20T23:28:36.932+0000] {dag.py:3229} INFO - Sync 1 DAGs
[2024-09-20T23:28:36.954+0000] {logging_mixin.py:190} INFO - [2024-09-20T23:28:36.954+0000] {dag.py:4156} INFO - Setting next_dagrun for python_operator_v7 to 2024-09-21 00:00:00+00:00, run_after=2024-09-22 00:00:00+00:00
[2024-09-20T23:28:36.976+0000] {processor.py:208} INFO - Processing /opt/airflow/dags/create_dag_with_python_operator.py took 0.146 seconds
[2024-09-20T23:29:07.871+0000] {processor.py:186} INFO - Started process (PID=4476) to work on /opt/airflow/dags/create_dag_with_python_operator.py
[2024-09-20T23:29:07.874+0000] {processor.py:914} INFO - Processing file /opt/airflow/dags/create_dag_with_python_operator.py for tasks to queue
[2024-09-20T23:29:07.877+0000] {logging_mixin.py:190} INFO - [2024-09-20T23:29:07.876+0000] {dagbag.py:587} INFO - Filling up the DagBag from /opt/airflow/dags/create_dag_with_python_operator.py
[2024-09-20T23:29:07.972+0000] {processor.py:925} INFO - DAG(s) 'python_operator_v7' retrieved from /opt/airflow/dags/create_dag_with_python_operator.py
[2024-09-20T23:29:08.000+0000] {logging_mixin.py:190} INFO - [2024-09-20T23:29:08.000+0000] {dag.py:3229} INFO - Sync 1 DAGs
[2024-09-20T23:29:08.023+0000] {logging_mixin.py:190} INFO - [2024-09-20T23:29:08.023+0000] {dag.py:4156} INFO - Setting next_dagrun for python_operator_v7 to 2024-09-21 00:00:00+00:00, run_after=2024-09-22 00:00:00+00:00
[2024-09-20T23:29:08.050+0000] {processor.py:208} INFO - Processing /opt/airflow/dags/create_dag_with_python_operator.py took 0.186 seconds
[2024-09-20T23:29:38.735+0000] {processor.py:186} INFO - Started process (PID=4489) to work on /opt/airflow/dags/create_dag_with_python_operator.py
[2024-09-20T23:29:38.736+0000] {processor.py:914} INFO - Processing file /opt/airflow/dags/create_dag_with_python_operator.py for tasks to queue
[2024-09-20T23:29:38.738+0000] {logging_mixin.py:190} INFO - [2024-09-20T23:29:38.737+0000] {dagbag.py:587} INFO - Filling up the DagBag from /opt/airflow/dags/create_dag_with_python_operator.py
[2024-09-20T23:29:38.839+0000] {processor.py:925} INFO - DAG(s) 'python_operator_v7' retrieved from /opt/airflow/dags/create_dag_with_python_operator.py
[2024-09-20T23:29:38.864+0000] {logging_mixin.py:190} INFO - [2024-09-20T23:29:38.864+0000] {dag.py:3229} INFO - Sync 1 DAGs
[2024-09-20T23:29:38.993+0000] {logging_mixin.py:190} INFO - [2024-09-20T23:29:38.993+0000] {dag.py:4156} INFO - Setting next_dagrun for python_operator_v7 to 2024-09-21 00:00:00+00:00, run_after=2024-09-22 00:00:00+00:00
[2024-09-20T23:29:39.014+0000] {processor.py:208} INFO - Processing /opt/airflow/dags/create_dag_with_python_operator.py took 0.285 seconds
[2024-09-20T23:30:09.706+0000] {processor.py:186} INFO - Started process (PID=4502) to work on /opt/airflow/dags/create_dag_with_python_operator.py
[2024-09-20T23:30:09.707+0000] {processor.py:914} INFO - Processing file /opt/airflow/dags/create_dag_with_python_operator.py for tasks to queue
[2024-09-20T23:30:09.709+0000] {logging_mixin.py:190} INFO - [2024-09-20T23:30:09.709+0000] {dagbag.py:587} INFO - Filling up the DagBag from /opt/airflow/dags/create_dag_with_python_operator.py
[2024-09-20T23:30:09.784+0000] {processor.py:925} INFO - DAG(s) 'python_operator_v7' retrieved from /opt/airflow/dags/create_dag_with_python_operator.py
[2024-09-20T23:30:09.808+0000] {logging_mixin.py:190} INFO - [2024-09-20T23:30:09.808+0000] {dag.py:3229} INFO - Sync 1 DAGs
[2024-09-20T23:30:09.960+0000] {logging_mixin.py:190} INFO - [2024-09-20T23:30:09.959+0000] {dag.py:4156} INFO - Setting next_dagrun for python_operator_v7 to 2024-09-21 00:00:00+00:00, run_after=2024-09-22 00:00:00+00:00
[2024-09-20T23:30:09.990+0000] {processor.py:208} INFO - Processing /opt/airflow/dags/create_dag_with_python_operator.py took 0.291 seconds
[2024-09-20T23:30:40.669+0000] {processor.py:186} INFO - Started process (PID=4518) to work on /opt/airflow/dags/create_dag_with_python_operator.py
[2024-09-20T23:30:40.671+0000] {processor.py:914} INFO - Processing file /opt/airflow/dags/create_dag_with_python_operator.py for tasks to queue
[2024-09-20T23:30:40.674+0000] {logging_mixin.py:190} INFO - [2024-09-20T23:30:40.673+0000] {dagbag.py:587} INFO - Filling up the DagBag from /opt/airflow/dags/create_dag_with_python_operator.py
[2024-09-20T23:30:40.747+0000] {processor.py:925} INFO - DAG(s) 'python_operator_v7' retrieved from /opt/airflow/dags/create_dag_with_python_operator.py
[2024-09-20T23:30:40.931+0000] {logging_mixin.py:190} INFO - [2024-09-20T23:30:40.930+0000] {dag.py:3229} INFO - Sync 1 DAGs
[2024-09-20T23:30:40.949+0000] {logging_mixin.py:190} INFO - [2024-09-20T23:30:40.949+0000] {dag.py:4156} INFO - Setting next_dagrun for python_operator_v7 to 2024-09-21 00:00:00+00:00, run_after=2024-09-22 00:00:00+00:00
[2024-09-20T23:30:40.972+0000] {processor.py:208} INFO - Processing /opt/airflow/dags/create_dag_with_python_operator.py took 0.312 seconds
[2024-09-20T23:31:11.672+0000] {processor.py:186} INFO - Started process (PID=4531) to work on /opt/airflow/dags/create_dag_with_python_operator.py
[2024-09-20T23:31:11.674+0000] {processor.py:914} INFO - Processing file /opt/airflow/dags/create_dag_with_python_operator.py for tasks to queue
[2024-09-20T23:31:11.677+0000] {logging_mixin.py:190} INFO - [2024-09-20T23:31:11.676+0000] {dagbag.py:587} INFO - Filling up the DagBag from /opt/airflow/dags/create_dag_with_python_operator.py
[2024-09-20T23:31:11.751+0000] {processor.py:925} INFO - DAG(s) 'python_operator_v7' retrieved from /opt/airflow/dags/create_dag_with_python_operator.py
[2024-09-20T23:31:11.775+0000] {logging_mixin.py:190} INFO - [2024-09-20T23:31:11.775+0000] {dag.py:3229} INFO - Sync 1 DAGs
[2024-09-20T23:31:11.795+0000] {logging_mixin.py:190} INFO - [2024-09-20T23:31:11.795+0000] {dag.py:4156} INFO - Setting next_dagrun for python_operator_v7 to 2024-09-21 00:00:00+00:00, run_after=2024-09-22 00:00:00+00:00
[2024-09-20T23:31:11.818+0000] {processor.py:208} INFO - Processing /opt/airflow/dags/create_dag_with_python_operator.py took 0.153 seconds
[2024-09-20T23:31:42.458+0000] {processor.py:186} INFO - Started process (PID=4541) to work on /opt/airflow/dags/create_dag_with_python_operator.py
[2024-09-20T23:31:42.460+0000] {processor.py:914} INFO - Processing file /opt/airflow/dags/create_dag_with_python_operator.py for tasks to queue
[2024-09-20T23:31:42.462+0000] {logging_mixin.py:190} INFO - [2024-09-20T23:31:42.462+0000] {dagbag.py:587} INFO - Filling up the DagBag from /opt/airflow/dags/create_dag_with_python_operator.py
[2024-09-20T23:31:42.536+0000] {processor.py:925} INFO - DAG(s) 'python_operator_v7' retrieved from /opt/airflow/dags/create_dag_with_python_operator.py
[2024-09-20T23:31:42.563+0000] {logging_mixin.py:190} INFO - [2024-09-20T23:31:42.563+0000] {dag.py:3229} INFO - Sync 1 DAGs
[2024-09-20T23:31:42.590+0000] {logging_mixin.py:190} INFO - [2024-09-20T23:31:42.590+0000] {dag.py:4156} INFO - Setting next_dagrun for python_operator_v7 to 2024-09-21 00:00:00+00:00, run_after=2024-09-22 00:00:00+00:00
[2024-09-20T23:31:42.617+0000] {processor.py:208} INFO - Processing /opt/airflow/dags/create_dag_with_python_operator.py took 0.164 seconds
[2024-09-20T23:32:13.298+0000] {processor.py:186} INFO - Started process (PID=4554) to work on /opt/airflow/dags/create_dag_with_python_operator.py
[2024-09-20T23:32:13.300+0000] {processor.py:914} INFO - Processing file /opt/airflow/dags/create_dag_with_python_operator.py for tasks to queue
[2024-09-20T23:32:13.302+0000] {logging_mixin.py:190} INFO - [2024-09-20T23:32:13.301+0000] {dagbag.py:587} INFO - Filling up the DagBag from /opt/airflow/dags/create_dag_with_python_operator.py
[2024-09-20T23:32:13.373+0000] {processor.py:925} INFO - DAG(s) 'python_operator_v7' retrieved from /opt/airflow/dags/create_dag_with_python_operator.py
[2024-09-20T23:32:13.409+0000] {logging_mixin.py:190} INFO - [2024-09-20T23:32:13.409+0000] {dag.py:3229} INFO - Sync 1 DAGs
[2024-09-20T23:32:13.445+0000] {logging_mixin.py:190} INFO - [2024-09-20T23:32:13.445+0000] {dag.py:4156} INFO - Setting next_dagrun for python_operator_v7 to 2024-09-21 00:00:00+00:00, run_after=2024-09-22 00:00:00+00:00
[2024-09-20T23:32:13.582+0000] {processor.py:208} INFO - Processing /opt/airflow/dags/create_dag_with_python_operator.py took 0.289 seconds
[2024-09-20T23:32:44.278+0000] {processor.py:186} INFO - Started process (PID=4570) to work on /opt/airflow/dags/create_dag_with_python_operator.py
[2024-09-20T23:32:44.279+0000] {processor.py:914} INFO - Processing file /opt/airflow/dags/create_dag_with_python_operator.py for tasks to queue
[2024-09-20T23:32:44.281+0000] {logging_mixin.py:190} INFO - [2024-09-20T23:32:44.281+0000] {dagbag.py:587} INFO - Filling up the DagBag from /opt/airflow/dags/create_dag_with_python_operator.py
[2024-09-20T23:32:44.356+0000] {processor.py:925} INFO - DAG(s) 'python_operator_v7' retrieved from /opt/airflow/dags/create_dag_with_python_operator.py
[2024-09-20T23:32:44.389+0000] {logging_mixin.py:190} INFO - [2024-09-20T23:32:44.389+0000] {dag.py:3229} INFO - Sync 1 DAGs
[2024-09-20T23:32:44.542+0000] {logging_mixin.py:190} INFO - [2024-09-20T23:32:44.542+0000] {dag.py:4156} INFO - Setting next_dagrun for python_operator_v7 to 2024-09-21 00:00:00+00:00, run_after=2024-09-22 00:00:00+00:00
[2024-09-20T23:32:44.565+0000] {processor.py:208} INFO - Processing /opt/airflow/dags/create_dag_with_python_operator.py took 0.292 seconds
[2024-09-20T23:33:15.164+0000] {processor.py:186} INFO - Started process (PID=4583) to work on /opt/airflow/dags/create_dag_with_python_operator.py
[2024-09-20T23:33:15.165+0000] {processor.py:914} INFO - Processing file /opt/airflow/dags/create_dag_with_python_operator.py for tasks to queue
[2024-09-20T23:33:15.167+0000] {logging_mixin.py:190} INFO - [2024-09-20T23:33:15.167+0000] {dagbag.py:587} INFO - Filling up the DagBag from /opt/airflow/dags/create_dag_with_python_operator.py
[2024-09-20T23:33:15.247+0000] {processor.py:925} INFO - DAG(s) 'python_operator_v7' retrieved from /opt/airflow/dags/create_dag_with_python_operator.py
[2024-09-20T23:33:15.382+0000] {logging_mixin.py:190} INFO - [2024-09-20T23:33:15.382+0000] {dag.py:3229} INFO - Sync 1 DAGs
[2024-09-20T23:33:15.400+0000] {logging_mixin.py:190} INFO - [2024-09-20T23:33:15.400+0000] {dag.py:4156} INFO - Setting next_dagrun for python_operator_v7 to 2024-09-21 00:00:00+00:00, run_after=2024-09-22 00:00:00+00:00
[2024-09-20T23:33:15.419+0000] {processor.py:208} INFO - Processing /opt/airflow/dags/create_dag_with_python_operator.py took 0.260 seconds
[2024-09-20T23:33:46.045+0000] {processor.py:186} INFO - Started process (PID=4596) to work on /opt/airflow/dags/create_dag_with_python_operator.py
[2024-09-20T23:33:46.046+0000] {processor.py:914} INFO - Processing file /opt/airflow/dags/create_dag_with_python_operator.py for tasks to queue
[2024-09-20T23:33:46.049+0000] {logging_mixin.py:190} INFO - [2024-09-20T23:33:46.048+0000] {dagbag.py:587} INFO - Filling up the DagBag from /opt/airflow/dags/create_dag_with_python_operator.py
[2024-09-20T23:33:46.244+0000] {processor.py:925} INFO - DAG(s) 'python_operator_v7' retrieved from /opt/airflow/dags/create_dag_with_python_operator.py
[2024-09-20T23:33:46.273+0000] {logging_mixin.py:190} INFO - [2024-09-20T23:33:46.273+0000] {dag.py:3229} INFO - Sync 1 DAGs
[2024-09-20T23:33:46.293+0000] {logging_mixin.py:190} INFO - [2024-09-20T23:33:46.293+0000] {dag.py:4156} INFO - Setting next_dagrun for python_operator_v7 to 2024-09-21 00:00:00+00:00, run_after=2024-09-22 00:00:00+00:00
[2024-09-20T23:33:46.315+0000] {processor.py:208} INFO - Processing /opt/airflow/dags/create_dag_with_python_operator.py took 0.276 seconds
[2024-09-20T23:34:16.526+0000] {processor.py:186} INFO - Started process (PID=4606) to work on /opt/airflow/dags/create_dag_with_python_operator.py
[2024-09-20T23:34:16.528+0000] {processor.py:914} INFO - Processing file /opt/airflow/dags/create_dag_with_python_operator.py for tasks to queue
[2024-09-20T23:34:16.530+0000] {logging_mixin.py:190} INFO - [2024-09-20T23:34:16.530+0000] {dagbag.py:587} INFO - Filling up the DagBag from /opt/airflow/dags/create_dag_with_python_operator.py
[2024-09-20T23:34:16.599+0000] {processor.py:925} INFO - DAG(s) 'python_operator_v7' retrieved from /opt/airflow/dags/create_dag_with_python_operator.py
[2024-09-20T23:34:16.626+0000] {logging_mixin.py:190} INFO - [2024-09-20T23:34:16.626+0000] {dag.py:3229} INFO - Sync 1 DAGs
[2024-09-20T23:34:16.648+0000] {logging_mixin.py:190} INFO - [2024-09-20T23:34:16.647+0000] {dag.py:4156} INFO - Setting next_dagrun for python_operator_v7 to 2024-09-21 00:00:00+00:00, run_after=2024-09-22 00:00:00+00:00
[2024-09-20T23:34:16.672+0000] {processor.py:208} INFO - Processing /opt/airflow/dags/create_dag_with_python_operator.py took 0.151 seconds
[2024-09-20T23:34:47.361+0000] {processor.py:186} INFO - Started process (PID=4619) to work on /opt/airflow/dags/create_dag_with_python_operator.py
[2024-09-20T23:34:47.362+0000] {processor.py:914} INFO - Processing file /opt/airflow/dags/create_dag_with_python_operator.py for tasks to queue
[2024-09-20T23:34:47.364+0000] {logging_mixin.py:190} INFO - [2024-09-20T23:34:47.364+0000] {dagbag.py:587} INFO - Filling up the DagBag from /opt/airflow/dags/create_dag_with_python_operator.py
[2024-09-20T23:34:47.442+0000] {processor.py:925} INFO - DAG(s) 'python_operator_v7' retrieved from /opt/airflow/dags/create_dag_with_python_operator.py
[2024-09-20T23:34:47.465+0000] {logging_mixin.py:190} INFO - [2024-09-20T23:34:47.464+0000] {dag.py:3229} INFO - Sync 1 DAGs
[2024-09-20T23:34:47.484+0000] {logging_mixin.py:190} INFO - [2024-09-20T23:34:47.484+0000] {dag.py:4156} INFO - Setting next_dagrun for python_operator_v7 to 2024-09-21 00:00:00+00:00, run_after=2024-09-22 00:00:00+00:00
[2024-09-20T23:34:47.502+0000] {processor.py:208} INFO - Processing /opt/airflow/dags/create_dag_with_python_operator.py took 0.148 seconds
[2024-09-20T23:35:18.098+0000] {processor.py:186} INFO - Started process (PID=4635) to work on /opt/airflow/dags/create_dag_with_python_operator.py
[2024-09-20T23:35:18.099+0000] {processor.py:914} INFO - Processing file /opt/airflow/dags/create_dag_with_python_operator.py for tasks to queue
[2024-09-20T23:35:18.101+0000] {logging_mixin.py:190} INFO - [2024-09-20T23:35:18.101+0000] {dagbag.py:587} INFO - Filling up the DagBag from /opt/airflow/dags/create_dag_with_python_operator.py
[2024-09-20T23:35:18.193+0000] {processor.py:925} INFO - DAG(s) 'python_operator_v7' retrieved from /opt/airflow/dags/create_dag_with_python_operator.py
[2024-09-20T23:35:18.217+0000] {logging_mixin.py:190} INFO - [2024-09-20T23:35:18.217+0000] {dag.py:3229} INFO - Sync 1 DAGs
[2024-09-20T23:35:18.238+0000] {logging_mixin.py:190} INFO - [2024-09-20T23:35:18.238+0000] {dag.py:4156} INFO - Setting next_dagrun for python_operator_v7 to 2024-09-21 00:00:00+00:00, run_after=2024-09-22 00:00:00+00:00
[2024-09-20T23:35:18.262+0000] {processor.py:208} INFO - Processing /opt/airflow/dags/create_dag_with_python_operator.py took 0.170 seconds
[2024-09-20T23:35:48.932+0000] {processor.py:186} INFO - Started process (PID=4648) to work on /opt/airflow/dags/create_dag_with_python_operator.py
[2024-09-20T23:35:48.934+0000] {processor.py:914} INFO - Processing file /opt/airflow/dags/create_dag_with_python_operator.py for tasks to queue
[2024-09-20T23:35:48.937+0000] {logging_mixin.py:190} INFO - [2024-09-20T23:35:48.936+0000] {dagbag.py:587} INFO - Filling up the DagBag from /opt/airflow/dags/create_dag_with_python_operator.py
[2024-09-20T23:35:49.036+0000] {processor.py:925} INFO - DAG(s) 'python_operator_v7' retrieved from /opt/airflow/dags/create_dag_with_python_operator.py
[2024-09-20T23:35:49.067+0000] {logging_mixin.py:190} INFO - [2024-09-20T23:35:49.067+0000] {dag.py:3229} INFO - Sync 1 DAGs
[2024-09-20T23:35:49.089+0000] {logging_mixin.py:190} INFO - [2024-09-20T23:35:49.088+0000] {dag.py:4156} INFO - Setting next_dagrun for python_operator_v7 to 2024-09-21 00:00:00+00:00, run_after=2024-09-22 00:00:00+00:00
[2024-09-20T23:35:49.110+0000] {processor.py:208} INFO - Processing /opt/airflow/dags/create_dag_with_python_operator.py took 0.184 seconds
[2024-09-20T23:36:19.812+0000] {processor.py:186} INFO - Started process (PID=4661) to work on /opt/airflow/dags/create_dag_with_python_operator.py
[2024-09-20T23:36:19.814+0000] {processor.py:914} INFO - Processing file /opt/airflow/dags/create_dag_with_python_operator.py for tasks to queue
[2024-09-20T23:36:19.817+0000] {logging_mixin.py:190} INFO - [2024-09-20T23:36:19.817+0000] {dagbag.py:587} INFO - Filling up the DagBag from /opt/airflow/dags/create_dag_with_python_operator.py
[2024-09-20T23:36:19.900+0000] {processor.py:925} INFO - DAG(s) 'python_operator_v7' retrieved from /opt/airflow/dags/create_dag_with_python_operator.py
[2024-09-20T23:36:19.926+0000] {logging_mixin.py:190} INFO - [2024-09-20T23:36:19.926+0000] {dag.py:3229} INFO - Sync 1 DAGs
[2024-09-20T23:36:19.945+0000] {logging_mixin.py:190} INFO - [2024-09-20T23:36:19.945+0000] {dag.py:4156} INFO - Setting next_dagrun for python_operator_v7 to 2024-09-21 00:00:00+00:00, run_after=2024-09-22 00:00:00+00:00
[2024-09-20T23:36:19.975+0000] {processor.py:208} INFO - Processing /opt/airflow/dags/create_dag_with_python_operator.py took 0.174 seconds
[2024-09-20T23:36:50.741+0000] {processor.py:186} INFO - Started process (PID=4674) to work on /opt/airflow/dags/create_dag_with_python_operator.py
[2024-09-20T23:36:50.743+0000] {processor.py:914} INFO - Processing file /opt/airflow/dags/create_dag_with_python_operator.py for tasks to queue
[2024-09-20T23:36:50.746+0000] {logging_mixin.py:190} INFO - [2024-09-20T23:36:50.746+0000] {dagbag.py:587} INFO - Filling up the DagBag from /opt/airflow/dags/create_dag_with_python_operator.py
[2024-09-20T23:36:50.858+0000] {processor.py:925} INFO - DAG(s) 'python_operator_v7' retrieved from /opt/airflow/dags/create_dag_with_python_operator.py
[2024-09-20T23:36:50.887+0000] {logging_mixin.py:190} INFO - [2024-09-20T23:36:50.887+0000] {dag.py:3229} INFO - Sync 1 DAGs
[2024-09-20T23:36:50.910+0000] {logging_mixin.py:190} INFO - [2024-09-20T23:36:50.910+0000] {dag.py:4156} INFO - Setting next_dagrun for python_operator_v7 to 2024-09-21 00:00:00+00:00, run_after=2024-09-22 00:00:00+00:00
[2024-09-20T23:36:50.938+0000] {processor.py:208} INFO - Processing /opt/airflow/dags/create_dag_with_python_operator.py took 0.205 seconds
[2024-09-20T23:37:21.607+0000] {processor.py:186} INFO - Started process (PID=4687) to work on /opt/airflow/dags/create_dag_with_python_operator.py
[2024-09-20T23:37:21.609+0000] {processor.py:914} INFO - Processing file /opt/airflow/dags/create_dag_with_python_operator.py for tasks to queue
[2024-09-20T23:37:21.615+0000] {logging_mixin.py:190} INFO - [2024-09-20T23:37:21.612+0000] {dagbag.py:587} INFO - Filling up the DagBag from /opt/airflow/dags/create_dag_with_python_operator.py
[2024-09-20T23:37:21.736+0000] {processor.py:925} INFO - DAG(s) 'python_operator_v7' retrieved from /opt/airflow/dags/create_dag_with_python_operator.py
[2024-09-20T23:37:21.761+0000] {logging_mixin.py:190} INFO - [2024-09-20T23:37:21.760+0000] {dag.py:3229} INFO - Sync 1 DAGs
[2024-09-20T23:37:21.781+0000] {logging_mixin.py:190} INFO - [2024-09-20T23:37:21.781+0000] {dag.py:4156} INFO - Setting next_dagrun for python_operator_v7 to 2024-09-21 00:00:00+00:00, run_after=2024-09-22 00:00:00+00:00
[2024-09-20T23:37:21.810+0000] {processor.py:208} INFO - Processing /opt/airflow/dags/create_dag_with_python_operator.py took 0.210 seconds
[2024-09-20T23:37:52.506+0000] {processor.py:186} INFO - Started process (PID=4700) to work on /opt/airflow/dags/create_dag_with_python_operator.py
[2024-09-20T23:37:52.509+0000] {processor.py:914} INFO - Processing file /opt/airflow/dags/create_dag_with_python_operator.py for tasks to queue
[2024-09-20T23:37:52.513+0000] {logging_mixin.py:190} INFO - [2024-09-20T23:37:52.513+0000] {dagbag.py:587} INFO - Filling up the DagBag from /opt/airflow/dags/create_dag_with_python_operator.py
[2024-09-20T23:37:52.621+0000] {processor.py:925} INFO - DAG(s) 'python_operator_v7' retrieved from /opt/airflow/dags/create_dag_with_python_operator.py
[2024-09-20T23:37:52.646+0000] {logging_mixin.py:190} INFO - [2024-09-20T23:37:52.646+0000] {dag.py:3229} INFO - Sync 1 DAGs
[2024-09-20T23:37:52.667+0000] {logging_mixin.py:190} INFO - [2024-09-20T23:37:52.666+0000] {dag.py:4156} INFO - Setting next_dagrun for python_operator_v7 to 2024-09-21 00:00:00+00:00, run_after=2024-09-22 00:00:00+00:00
[2024-09-20T23:37:52.702+0000] {processor.py:208} INFO - Processing /opt/airflow/dags/create_dag_with_python_operator.py took 0.202 seconds
[2024-09-20T23:38:23.545+0000] {processor.py:186} INFO - Started process (PID=4713) to work on /opt/airflow/dags/create_dag_with_python_operator.py
[2024-09-20T23:38:23.546+0000] {processor.py:914} INFO - Processing file /opt/airflow/dags/create_dag_with_python_operator.py for tasks to queue
[2024-09-20T23:38:23.549+0000] {logging_mixin.py:190} INFO - [2024-09-20T23:38:23.548+0000] {dagbag.py:587} INFO - Filling up the DagBag from /opt/airflow/dags/create_dag_with_python_operator.py
[2024-09-20T23:38:23.634+0000] {processor.py:925} INFO - DAG(s) 'python_operator_v7' retrieved from /opt/airflow/dags/create_dag_with_python_operator.py
[2024-09-20T23:38:23.672+0000] {logging_mixin.py:190} INFO - [2024-09-20T23:38:23.672+0000] {dag.py:3229} INFO - Sync 1 DAGs
[2024-09-20T23:38:23.704+0000] {logging_mixin.py:190} INFO - [2024-09-20T23:38:23.703+0000] {dag.py:4156} INFO - Setting next_dagrun for python_operator_v7 to 2024-09-21 00:00:00+00:00, run_after=2024-09-22 00:00:00+00:00
[2024-09-20T23:38:23.734+0000] {processor.py:208} INFO - Processing /opt/airflow/dags/create_dag_with_python_operator.py took 0.196 seconds
[2024-09-20T23:38:54.439+0000] {processor.py:186} INFO - Started process (PID=4726) to work on /opt/airflow/dags/create_dag_with_python_operator.py
[2024-09-20T23:38:54.442+0000] {processor.py:914} INFO - Processing file /opt/airflow/dags/create_dag_with_python_operator.py for tasks to queue
[2024-09-20T23:38:54.445+0000] {logging_mixin.py:190} INFO - [2024-09-20T23:38:54.444+0000] {dagbag.py:587} INFO - Filling up the DagBag from /opt/airflow/dags/create_dag_with_python_operator.py
[2024-09-20T23:38:54.565+0000] {processor.py:925} INFO - DAG(s) 'python_operator_v7' retrieved from /opt/airflow/dags/create_dag_with_python_operator.py
[2024-09-20T23:38:54.591+0000] {logging_mixin.py:190} INFO - [2024-09-20T23:38:54.591+0000] {dag.py:3229} INFO - Sync 1 DAGs
[2024-09-20T23:38:54.610+0000] {logging_mixin.py:190} INFO - [2024-09-20T23:38:54.610+0000] {dag.py:4156} INFO - Setting next_dagrun for python_operator_v7 to 2024-09-21 00:00:00+00:00, run_after=2024-09-22 00:00:00+00:00
[2024-09-20T23:38:54.647+0000] {processor.py:208} INFO - Processing /opt/airflow/dags/create_dag_with_python_operator.py took 0.217 seconds
[2024-09-20T23:39:25.551+0000] {processor.py:186} INFO - Started process (PID=4739) to work on /opt/airflow/dags/create_dag_with_python_operator.py
[2024-09-20T23:39:25.553+0000] {processor.py:914} INFO - Processing file /opt/airflow/dags/create_dag_with_python_operator.py for tasks to queue
[2024-09-20T23:39:25.556+0000] {logging_mixin.py:190} INFO - [2024-09-20T23:39:25.556+0000] {dagbag.py:587} INFO - Filling up the DagBag from /opt/airflow/dags/create_dag_with_python_operator.py
[2024-09-20T23:39:25.667+0000] {processor.py:925} INFO - DAG(s) 'python_operator_v7' retrieved from /opt/airflow/dags/create_dag_with_python_operator.py
[2024-09-20T23:39:25.709+0000] {logging_mixin.py:190} INFO - [2024-09-20T23:39:25.709+0000] {dag.py:3229} INFO - Sync 1 DAGs
[2024-09-20T23:39:25.730+0000] {logging_mixin.py:190} INFO - [2024-09-20T23:39:25.730+0000] {dag.py:4156} INFO - Setting next_dagrun for python_operator_v7 to 2024-09-21 00:00:00+00:00, run_after=2024-09-22 00:00:00+00:00
[2024-09-20T23:39:25.758+0000] {processor.py:208} INFO - Processing /opt/airflow/dags/create_dag_with_python_operator.py took 0.221 seconds
[2024-09-20T23:39:56.517+0000] {processor.py:186} INFO - Started process (PID=4752) to work on /opt/airflow/dags/create_dag_with_python_operator.py
[2024-09-20T23:39:56.520+0000] {processor.py:914} INFO - Processing file /opt/airflow/dags/create_dag_with_python_operator.py for tasks to queue
[2024-09-20T23:39:56.523+0000] {logging_mixin.py:190} INFO - [2024-09-20T23:39:56.523+0000] {dagbag.py:587} INFO - Filling up the DagBag from /opt/airflow/dags/create_dag_with_python_operator.py
[2024-09-20T23:39:56.660+0000] {processor.py:925} INFO - DAG(s) 'python_operator_v7' retrieved from /opt/airflow/dags/create_dag_with_python_operator.py
[2024-09-20T23:39:56.696+0000] {logging_mixin.py:190} INFO - [2024-09-20T23:39:56.696+0000] {dag.py:3229} INFO - Sync 1 DAGs
[2024-09-20T23:39:56.722+0000] {logging_mixin.py:190} INFO - [2024-09-20T23:39:56.722+0000] {dag.py:4156} INFO - Setting next_dagrun for python_operator_v7 to 2024-09-21 00:00:00+00:00, run_after=2024-09-22 00:00:00+00:00
[2024-09-20T23:39:56.751+0000] {processor.py:208} INFO - Processing /opt/airflow/dags/create_dag_with_python_operator.py took 0.246 seconds
[2024-09-20T23:40:27.456+0000] {processor.py:186} INFO - Started process (PID=4765) to work on /opt/airflow/dags/create_dag_with_python_operator.py
[2024-09-20T23:40:27.457+0000] {processor.py:914} INFO - Processing file /opt/airflow/dags/create_dag_with_python_operator.py for tasks to queue
[2024-09-20T23:40:27.459+0000] {logging_mixin.py:190} INFO - [2024-09-20T23:40:27.458+0000] {dagbag.py:587} INFO - Filling up the DagBag from /opt/airflow/dags/create_dag_with_python_operator.py
[2024-09-20T23:40:27.561+0000] {processor.py:925} INFO - DAG(s) 'python_operator_v7' retrieved from /opt/airflow/dags/create_dag_with_python_operator.py
[2024-09-20T23:40:27.594+0000] {logging_mixin.py:190} INFO - [2024-09-20T23:40:27.594+0000] {dag.py:3229} INFO - Sync 1 DAGs
[2024-09-20T23:40:27.615+0000] {logging_mixin.py:190} INFO - [2024-09-20T23:40:27.615+0000] {dag.py:4156} INFO - Setting next_dagrun for python_operator_v7 to 2024-09-21 00:00:00+00:00, run_after=2024-09-22 00:00:00+00:00
[2024-09-20T23:40:27.644+0000] {processor.py:208} INFO - Processing /opt/airflow/dags/create_dag_with_python_operator.py took 0.193 seconds
[2024-09-20T23:40:58.336+0000] {processor.py:186} INFO - Started process (PID=4778) to work on /opt/airflow/dags/create_dag_with_python_operator.py
[2024-09-20T23:40:58.338+0000] {processor.py:914} INFO - Processing file /opt/airflow/dags/create_dag_with_python_operator.py for tasks to queue
[2024-09-20T23:40:58.340+0000] {logging_mixin.py:190} INFO - [2024-09-20T23:40:58.339+0000] {dagbag.py:587} INFO - Filling up the DagBag from /opt/airflow/dags/create_dag_with_python_operator.py
[2024-09-20T23:40:58.423+0000] {processor.py:925} INFO - DAG(s) 'python_operator_v7' retrieved from /opt/airflow/dags/create_dag_with_python_operator.py
[2024-09-20T23:40:58.452+0000] {logging_mixin.py:190} INFO - [2024-09-20T23:40:58.452+0000] {dag.py:3229} INFO - Sync 1 DAGs
[2024-09-20T23:40:58.474+0000] {logging_mixin.py:190} INFO - [2024-09-20T23:40:58.474+0000] {dag.py:4156} INFO - Setting next_dagrun for python_operator_v7 to 2024-09-21 00:00:00+00:00, run_after=2024-09-22 00:00:00+00:00
[2024-09-20T23:40:58.498+0000] {processor.py:208} INFO - Processing /opt/airflow/dags/create_dag_with_python_operator.py took 0.170 seconds
[2024-09-20T23:41:29.170+0000] {processor.py:186} INFO - Started process (PID=4791) to work on /opt/airflow/dags/create_dag_with_python_operator.py
[2024-09-20T23:41:29.173+0000] {processor.py:914} INFO - Processing file /opt/airflow/dags/create_dag_with_python_operator.py for tasks to queue
[2024-09-20T23:41:29.177+0000] {logging_mixin.py:190} INFO - [2024-09-20T23:41:29.176+0000] {dagbag.py:587} INFO - Filling up the DagBag from /opt/airflow/dags/create_dag_with_python_operator.py
[2024-09-20T23:41:29.306+0000] {processor.py:925} INFO - DAG(s) 'python_operator_v7' retrieved from /opt/airflow/dags/create_dag_with_python_operator.py
[2024-09-20T23:41:29.340+0000] {logging_mixin.py:190} INFO - [2024-09-20T23:41:29.340+0000] {dag.py:3229} INFO - Sync 1 DAGs
[2024-09-20T23:41:29.359+0000] {logging_mixin.py:190} INFO - [2024-09-20T23:41:29.358+0000] {dag.py:4156} INFO - Setting next_dagrun for python_operator_v7 to 2024-09-21 00:00:00+00:00, run_after=2024-09-22 00:00:00+00:00
[2024-09-20T23:41:29.386+0000] {processor.py:208} INFO - Processing /opt/airflow/dags/create_dag_with_python_operator.py took 0.226 seconds
[2024-09-20T23:41:59.899+0000] {processor.py:186} INFO - Started process (PID=4804) to work on /opt/airflow/dags/create_dag_with_python_operator.py
[2024-09-20T23:41:59.900+0000] {processor.py:914} INFO - Processing file /opt/airflow/dags/create_dag_with_python_operator.py for tasks to queue
[2024-09-20T23:41:59.902+0000] {logging_mixin.py:190} INFO - [2024-09-20T23:41:59.902+0000] {dagbag.py:587} INFO - Filling up the DagBag from /opt/airflow/dags/create_dag_with_python_operator.py
[2024-09-20T23:41:59.987+0000] {processor.py:925} INFO - DAG(s) 'python_operator_v7' retrieved from /opt/airflow/dags/create_dag_with_python_operator.py
[2024-09-20T23:42:00.014+0000] {logging_mixin.py:190} INFO - [2024-09-20T23:42:00.014+0000] {dag.py:3229} INFO - Sync 1 DAGs
[2024-09-20T23:42:00.038+0000] {logging_mixin.py:190} INFO - [2024-09-20T23:42:00.037+0000] {dag.py:4156} INFO - Setting next_dagrun for python_operator_v7 to 2024-09-21 00:00:00+00:00, run_after=2024-09-22 00:00:00+00:00
[2024-09-20T23:42:00.059+0000] {processor.py:208} INFO - Processing /opt/airflow/dags/create_dag_with_python_operator.py took 0.165 seconds
[2024-09-20T23:42:30.747+0000] {processor.py:186} INFO - Started process (PID=4817) to work on /opt/airflow/dags/create_dag_with_python_operator.py
[2024-09-20T23:42:30.750+0000] {processor.py:914} INFO - Processing file /opt/airflow/dags/create_dag_with_python_operator.py for tasks to queue
[2024-09-20T23:42:30.753+0000] {logging_mixin.py:190} INFO - [2024-09-20T23:42:30.752+0000] {dagbag.py:587} INFO - Filling up the DagBag from /opt/airflow/dags/create_dag_with_python_operator.py
[2024-09-20T23:42:30.867+0000] {processor.py:925} INFO - DAG(s) 'python_operator_v7' retrieved from /opt/airflow/dags/create_dag_with_python_operator.py
[2024-09-20T23:42:30.895+0000] {logging_mixin.py:190} INFO - [2024-09-20T23:42:30.895+0000] {dag.py:3229} INFO - Sync 1 DAGs
[2024-09-20T23:42:30.917+0000] {logging_mixin.py:190} INFO - [2024-09-20T23:42:30.917+0000] {dag.py:4156} INFO - Setting next_dagrun for python_operator_v7 to 2024-09-21 00:00:00+00:00, run_after=2024-09-22 00:00:00+00:00
[2024-09-20T23:42:30.942+0000] {processor.py:208} INFO - Processing /opt/airflow/dags/create_dag_with_python_operator.py took 0.205 seconds
[2024-09-20T23:43:01.717+0000] {processor.py:186} INFO - Started process (PID=4830) to work on /opt/airflow/dags/create_dag_with_python_operator.py
[2024-09-20T23:43:01.720+0000] {processor.py:914} INFO - Processing file /opt/airflow/dags/create_dag_with_python_operator.py for tasks to queue
[2024-09-20T23:43:01.725+0000] {logging_mixin.py:190} INFO - [2024-09-20T23:43:01.724+0000] {dagbag.py:587} INFO - Filling up the DagBag from /opt/airflow/dags/create_dag_with_python_operator.py
[2024-09-20T23:43:01.842+0000] {processor.py:925} INFO - DAG(s) 'python_operator_v7' retrieved from /opt/airflow/dags/create_dag_with_python_operator.py
[2024-09-20T23:43:01.868+0000] {logging_mixin.py:190} INFO - [2024-09-20T23:43:01.868+0000] {dag.py:3229} INFO - Sync 1 DAGs
[2024-09-20T23:43:01.889+0000] {logging_mixin.py:190} INFO - [2024-09-20T23:43:01.889+0000] {dag.py:4156} INFO - Setting next_dagrun for python_operator_v7 to 2024-09-21 00:00:00+00:00, run_after=2024-09-22 00:00:00+00:00
[2024-09-20T23:43:01.914+0000] {processor.py:208} INFO - Processing /opt/airflow/dags/create_dag_with_python_operator.py took 0.211 seconds
[2024-09-20T23:43:32.615+0000] {processor.py:186} INFO - Started process (PID=4843) to work on /opt/airflow/dags/create_dag_with_python_operator.py
[2024-09-20T23:43:32.617+0000] {processor.py:914} INFO - Processing file /opt/airflow/dags/create_dag_with_python_operator.py for tasks to queue
[2024-09-20T23:43:32.621+0000] {logging_mixin.py:190} INFO - [2024-09-20T23:43:32.621+0000] {dagbag.py:587} INFO - Filling up the DagBag from /opt/airflow/dags/create_dag_with_python_operator.py
[2024-09-20T23:43:32.737+0000] {processor.py:925} INFO - DAG(s) 'python_operator_v7' retrieved from /opt/airflow/dags/create_dag_with_python_operator.py
[2024-09-20T23:43:32.763+0000] {logging_mixin.py:190} INFO - [2024-09-20T23:43:32.762+0000] {dag.py:3229} INFO - Sync 1 DAGs
[2024-09-20T23:43:32.783+0000] {logging_mixin.py:190} INFO - [2024-09-20T23:43:32.783+0000] {dag.py:4156} INFO - Setting next_dagrun for python_operator_v7 to 2024-09-21 00:00:00+00:00, run_after=2024-09-22 00:00:00+00:00
[2024-09-20T23:43:32.806+0000] {processor.py:208} INFO - Processing /opt/airflow/dags/create_dag_with_python_operator.py took 0.202 seconds
[2024-09-20T23:44:03.097+0000] {processor.py:186} INFO - Started process (PID=4856) to work on /opt/airflow/dags/create_dag_with_python_operator.py
[2024-09-20T23:44:03.099+0000] {processor.py:914} INFO - Processing file /opt/airflow/dags/create_dag_with_python_operator.py for tasks to queue
[2024-09-20T23:44:03.103+0000] {logging_mixin.py:190} INFO - [2024-09-20T23:44:03.102+0000] {dagbag.py:587} INFO - Filling up the DagBag from /opt/airflow/dags/create_dag_with_python_operator.py
[2024-09-20T23:44:03.220+0000] {processor.py:925} INFO - DAG(s) 'python_operator_v7' retrieved from /opt/airflow/dags/create_dag_with_python_operator.py
[2024-09-20T23:44:03.254+0000] {logging_mixin.py:190} INFO - [2024-09-20T23:44:03.253+0000] {dag.py:3229} INFO - Sync 1 DAGs
[2024-09-20T23:44:03.282+0000] {logging_mixin.py:190} INFO - [2024-09-20T23:44:03.281+0000] {dag.py:4156} INFO - Setting next_dagrun for python_operator_v7 to 2024-09-21 00:00:00+00:00, run_after=2024-09-22 00:00:00+00:00
[2024-09-20T23:44:03.309+0000] {processor.py:208} INFO - Processing /opt/airflow/dags/create_dag_with_python_operator.py took 0.225 seconds
[2024-09-20T23:44:33.736+0000] {processor.py:186} INFO - Started process (PID=4864) to work on /opt/airflow/dags/create_dag_with_python_operator.py
[2024-09-20T23:44:33.738+0000] {processor.py:914} INFO - Processing file /opt/airflow/dags/create_dag_with_python_operator.py for tasks to queue
[2024-09-20T23:44:33.741+0000] {logging_mixin.py:190} INFO - [2024-09-20T23:44:33.740+0000] {dagbag.py:587} INFO - Filling up the DagBag from /opt/airflow/dags/create_dag_with_python_operator.py
[2024-09-20T23:44:33.852+0000] {processor.py:925} INFO - DAG(s) 'python_operator_v7' retrieved from /opt/airflow/dags/create_dag_with_python_operator.py
[2024-09-20T23:44:33.878+0000] {logging_mixin.py:190} INFO - [2024-09-20T23:44:33.877+0000] {dag.py:3229} INFO - Sync 1 DAGs
[2024-09-20T23:44:33.902+0000] {logging_mixin.py:190} INFO - [2024-09-20T23:44:33.902+0000] {dag.py:4156} INFO - Setting next_dagrun for python_operator_v7 to 2024-09-21 00:00:00+00:00, run_after=2024-09-22 00:00:00+00:00
[2024-09-20T23:44:33.928+0000] {processor.py:208} INFO - Processing /opt/airflow/dags/create_dag_with_python_operator.py took 0.200 seconds
[2024-09-20T23:45:04.618+0000] {processor.py:186} INFO - Started process (PID=4877) to work on /opt/airflow/dags/create_dag_with_python_operator.py
[2024-09-20T23:45:04.619+0000] {processor.py:914} INFO - Processing file /opt/airflow/dags/create_dag_with_python_operator.py for tasks to queue
[2024-09-20T23:45:04.622+0000] {logging_mixin.py:190} INFO - [2024-09-20T23:45:04.621+0000] {dagbag.py:587} INFO - Filling up the DagBag from /opt/airflow/dags/create_dag_with_python_operator.py
[2024-09-20T23:45:04.737+0000] {processor.py:925} INFO - DAG(s) 'python_operator_v7' retrieved from /opt/airflow/dags/create_dag_with_python_operator.py
[2024-09-20T23:45:04.769+0000] {logging_mixin.py:190} INFO - [2024-09-20T23:45:04.768+0000] {dag.py:3229} INFO - Sync 1 DAGs
[2024-09-20T23:45:04.803+0000] {logging_mixin.py:190} INFO - [2024-09-20T23:45:04.803+0000] {dag.py:4156} INFO - Setting next_dagrun for python_operator_v7 to 2024-09-21 00:00:00+00:00, run_after=2024-09-22 00:00:00+00:00
[2024-09-20T23:45:04.835+0000] {processor.py:208} INFO - Processing /opt/airflow/dags/create_dag_with_python_operator.py took 0.224 seconds
[2024-09-20T23:45:35.741+0000] {processor.py:186} INFO - Started process (PID=4890) to work on /opt/airflow/dags/create_dag_with_python_operator.py
[2024-09-20T23:45:35.743+0000] {processor.py:914} INFO - Processing file /opt/airflow/dags/create_dag_with_python_operator.py for tasks to queue
[2024-09-20T23:45:35.746+0000] {logging_mixin.py:190} INFO - [2024-09-20T23:45:35.745+0000] {dagbag.py:587} INFO - Filling up the DagBag from /opt/airflow/dags/create_dag_with_python_operator.py
[2024-09-20T23:45:35.850+0000] {processor.py:925} INFO - DAG(s) 'python_operator_v7' retrieved from /opt/airflow/dags/create_dag_with_python_operator.py
[2024-09-20T23:45:35.872+0000] {logging_mixin.py:190} INFO - [2024-09-20T23:45:35.872+0000] {dag.py:3229} INFO - Sync 1 DAGs
[2024-09-20T23:45:35.892+0000] {logging_mixin.py:190} INFO - [2024-09-20T23:45:35.892+0000] {dag.py:4156} INFO - Setting next_dagrun for python_operator_v7 to 2024-09-21 00:00:00+00:00, run_after=2024-09-22 00:00:00+00:00
[2024-09-20T23:45:35.918+0000] {processor.py:208} INFO - Processing /opt/airflow/dags/create_dag_with_python_operator.py took 0.187 seconds
[2024-09-20T23:46:06.619+0000] {processor.py:186} INFO - Started process (PID=4903) to work on /opt/airflow/dags/create_dag_with_python_operator.py
[2024-09-20T23:46:06.621+0000] {processor.py:914} INFO - Processing file /opt/airflow/dags/create_dag_with_python_operator.py for tasks to queue
[2024-09-20T23:46:06.624+0000] {logging_mixin.py:190} INFO - [2024-09-20T23:46:06.624+0000] {dagbag.py:587} INFO - Filling up the DagBag from /opt/airflow/dags/create_dag_with_python_operator.py
[2024-09-20T23:46:06.735+0000] {processor.py:925} INFO - DAG(s) 'python_operator_v7' retrieved from /opt/airflow/dags/create_dag_with_python_operator.py
[2024-09-20T23:46:06.771+0000] {logging_mixin.py:190} INFO - [2024-09-20T23:46:06.771+0000] {dag.py:3229} INFO - Sync 1 DAGs
[2024-09-20T23:46:06.796+0000] {logging_mixin.py:190} INFO - [2024-09-20T23:46:06.795+0000] {dag.py:4156} INFO - Setting next_dagrun for python_operator_v7 to 2024-09-21 00:00:00+00:00, run_after=2024-09-22 00:00:00+00:00
[2024-09-20T23:46:06.822+0000] {processor.py:208} INFO - Processing /opt/airflow/dags/create_dag_with_python_operator.py took 0.209 seconds
[2024-09-20T23:46:37.571+0000] {processor.py:186} INFO - Started process (PID=4916) to work on /opt/airflow/dags/create_dag_with_python_operator.py
[2024-09-20T23:46:37.574+0000] {processor.py:914} INFO - Processing file /opt/airflow/dags/create_dag_with_python_operator.py for tasks to queue
[2024-09-20T23:46:37.577+0000] {logging_mixin.py:190} INFO - [2024-09-20T23:46:37.577+0000] {dagbag.py:587} INFO - Filling up the DagBag from /opt/airflow/dags/create_dag_with_python_operator.py
[2024-09-20T23:46:37.702+0000] {processor.py:925} INFO - DAG(s) 'python_operator_v7' retrieved from /opt/airflow/dags/create_dag_with_python_operator.py
[2024-09-20T23:46:37.734+0000] {logging_mixin.py:190} INFO - [2024-09-20T23:46:37.733+0000] {dag.py:3229} INFO - Sync 1 DAGs
[2024-09-20T23:46:37.762+0000] {logging_mixin.py:190} INFO - [2024-09-20T23:46:37.762+0000] {dag.py:4156} INFO - Setting next_dagrun for python_operator_v7 to 2024-09-21 00:00:00+00:00, run_after=2024-09-22 00:00:00+00:00
[2024-09-20T23:46:37.795+0000] {processor.py:208} INFO - Processing /opt/airflow/dags/create_dag_with_python_operator.py took 0.236 seconds
[2024-09-20T23:47:08.230+0000] {processor.py:186} INFO - Started process (PID=4929) to work on /opt/airflow/dags/create_dag_with_python_operator.py
[2024-09-20T23:47:08.232+0000] {processor.py:914} INFO - Processing file /opt/airflow/dags/create_dag_with_python_operator.py for tasks to queue
[2024-09-20T23:47:08.234+0000] {logging_mixin.py:190} INFO - [2024-09-20T23:47:08.234+0000] {dagbag.py:587} INFO - Filling up the DagBag from /opt/airflow/dags/create_dag_with_python_operator.py
[2024-09-20T23:47:08.338+0000] {processor.py:925} INFO - DAG(s) 'python_operator_v7' retrieved from /opt/airflow/dags/create_dag_with_python_operator.py
[2024-09-20T23:47:08.361+0000] {logging_mixin.py:190} INFO - [2024-09-20T23:47:08.361+0000] {dag.py:3229} INFO - Sync 1 DAGs
[2024-09-20T23:47:08.382+0000] {logging_mixin.py:190} INFO - [2024-09-20T23:47:08.381+0000] {dag.py:4156} INFO - Setting next_dagrun for python_operator_v7 to 2024-09-21 00:00:00+00:00, run_after=2024-09-22 00:00:00+00:00
[2024-09-20T23:47:08.406+0000] {processor.py:208} INFO - Processing /opt/airflow/dags/create_dag_with_python_operator.py took 0.181 seconds
[2024-09-20T23:47:39.157+0000] {processor.py:186} INFO - Started process (PID=4942) to work on /opt/airflow/dags/create_dag_with_python_operator.py
[2024-09-20T23:47:39.159+0000] {processor.py:914} INFO - Processing file /opt/airflow/dags/create_dag_with_python_operator.py for tasks to queue
[2024-09-20T23:47:39.161+0000] {logging_mixin.py:190} INFO - [2024-09-20T23:47:39.161+0000] {dagbag.py:587} INFO - Filling up the DagBag from /opt/airflow/dags/create_dag_with_python_operator.py
[2024-09-20T23:47:39.256+0000] {processor.py:925} INFO - DAG(s) 'python_operator_v7' retrieved from /opt/airflow/dags/create_dag_with_python_operator.py
[2024-09-20T23:47:39.279+0000] {logging_mixin.py:190} INFO - [2024-09-20T23:47:39.279+0000] {dag.py:3229} INFO - Sync 1 DAGs
[2024-09-20T23:47:39.298+0000] {logging_mixin.py:190} INFO - [2024-09-20T23:47:39.298+0000] {dag.py:4156} INFO - Setting next_dagrun for python_operator_v7 to 2024-09-21 00:00:00+00:00, run_after=2024-09-22 00:00:00+00:00
[2024-09-20T23:47:39.324+0000] {processor.py:208} INFO - Processing /opt/airflow/dags/create_dag_with_python_operator.py took 0.176 seconds
[2024-09-20T23:48:10.017+0000] {processor.py:186} INFO - Started process (PID=4955) to work on /opt/airflow/dags/create_dag_with_python_operator.py
[2024-09-20T23:48:10.018+0000] {processor.py:914} INFO - Processing file /opt/airflow/dags/create_dag_with_python_operator.py for tasks to queue
[2024-09-20T23:48:10.020+0000] {logging_mixin.py:190} INFO - [2024-09-20T23:48:10.020+0000] {dagbag.py:587} INFO - Filling up the DagBag from /opt/airflow/dags/create_dag_with_python_operator.py
[2024-09-20T23:48:10.100+0000] {processor.py:925} INFO - DAG(s) 'python_operator_v7' retrieved from /opt/airflow/dags/create_dag_with_python_operator.py
[2024-09-20T23:48:10.124+0000] {logging_mixin.py:190} INFO - [2024-09-20T23:48:10.124+0000] {dag.py:3229} INFO - Sync 1 DAGs
[2024-09-20T23:48:10.157+0000] {logging_mixin.py:190} INFO - [2024-09-20T23:48:10.156+0000] {dag.py:4156} INFO - Setting next_dagrun for python_operator_v7 to 2024-09-21 00:00:00+00:00, run_after=2024-09-22 00:00:00+00:00
[2024-09-20T23:48:10.181+0000] {processor.py:208} INFO - Processing /opt/airflow/dags/create_dag_with_python_operator.py took 0.169 seconds
[2024-09-20T23:48:40.862+0000] {processor.py:186} INFO - Started process (PID=4968) to work on /opt/airflow/dags/create_dag_with_python_operator.py
[2024-09-20T23:48:40.863+0000] {processor.py:914} INFO - Processing file /opt/airflow/dags/create_dag_with_python_operator.py for tasks to queue
[2024-09-20T23:48:40.866+0000] {logging_mixin.py:190} INFO - [2024-09-20T23:48:40.865+0000] {dagbag.py:587} INFO - Filling up the DagBag from /opt/airflow/dags/create_dag_with_python_operator.py
[2024-09-20T23:48:40.933+0000] {processor.py:925} INFO - DAG(s) 'python_operator_v7' retrieved from /opt/airflow/dags/create_dag_with_python_operator.py
[2024-09-20T23:48:40.973+0000] {logging_mixin.py:190} INFO - [2024-09-20T23:48:40.972+0000] {dag.py:3229} INFO - Sync 1 DAGs
[2024-09-20T23:48:41.007+0000] {logging_mixin.py:190} INFO - [2024-09-20T23:48:41.006+0000] {dag.py:4156} INFO - Setting next_dagrun for python_operator_v7 to 2024-09-21 00:00:00+00:00, run_after=2024-09-22 00:00:00+00:00
[2024-09-20T23:48:41.036+0000] {processor.py:208} INFO - Processing /opt/airflow/dags/create_dag_with_python_operator.py took 0.181 seconds
[2024-09-20T23:49:12.062+0000] {processor.py:186} INFO - Started process (PID=4981) to work on /opt/airflow/dags/create_dag_with_python_operator.py
[2024-09-20T23:49:12.064+0000] {processor.py:914} INFO - Processing file /opt/airflow/dags/create_dag_with_python_operator.py for tasks to queue
[2024-09-20T23:49:12.065+0000] {logging_mixin.py:190} INFO - [2024-09-20T23:49:12.065+0000] {dagbag.py:587} INFO - Filling up the DagBag from /opt/airflow/dags/create_dag_with_python_operator.py
[2024-09-20T23:49:12.171+0000] {processor.py:925} INFO - DAG(s) 'python_operator_v7' retrieved from /opt/airflow/dags/create_dag_with_python_operator.py
[2024-09-20T23:49:12.218+0000] {logging_mixin.py:190} INFO - [2024-09-20T23:49:12.218+0000] {dag.py:3229} INFO - Sync 1 DAGs
[2024-09-20T23:49:12.241+0000] {logging_mixin.py:190} INFO - [2024-09-20T23:49:12.241+0000] {dag.py:4156} INFO - Setting next_dagrun for python_operator_v7 to 2024-09-21 00:00:00+00:00, run_after=2024-09-22 00:00:00+00:00
[2024-09-20T23:49:12.266+0000] {processor.py:208} INFO - Processing /opt/airflow/dags/create_dag_with_python_operator.py took 0.211 seconds
[2024-09-20T23:49:43.009+0000] {processor.py:186} INFO - Started process (PID=4994) to work on /opt/airflow/dags/create_dag_with_python_operator.py
[2024-09-20T23:49:43.011+0000] {processor.py:914} INFO - Processing file /opt/airflow/dags/create_dag_with_python_operator.py for tasks to queue
[2024-09-20T23:49:43.013+0000] {logging_mixin.py:190} INFO - [2024-09-20T23:49:43.013+0000] {dagbag.py:587} INFO - Filling up the DagBag from /opt/airflow/dags/create_dag_with_python_operator.py
[2024-09-20T23:49:43.106+0000] {processor.py:925} INFO - DAG(s) 'python_operator_v7' retrieved from /opt/airflow/dags/create_dag_with_python_operator.py
[2024-09-20T23:49:43.130+0000] {logging_mixin.py:190} INFO - [2024-09-20T23:49:43.130+0000] {dag.py:3229} INFO - Sync 1 DAGs
[2024-09-20T23:49:43.150+0000] {logging_mixin.py:190} INFO - [2024-09-20T23:49:43.150+0000] {dag.py:4156} INFO - Setting next_dagrun for python_operator_v7 to 2024-09-21 00:00:00+00:00, run_after=2024-09-22 00:00:00+00:00
[2024-09-20T23:49:43.173+0000] {processor.py:208} INFO - Processing /opt/airflow/dags/create_dag_with_python_operator.py took 0.169 seconds
[2024-09-20T23:50:13.807+0000] {processor.py:186} INFO - Started process (PID=5007) to work on /opt/airflow/dags/create_dag_with_python_operator.py
[2024-09-20T23:50:13.808+0000] {processor.py:914} INFO - Processing file /opt/airflow/dags/create_dag_with_python_operator.py for tasks to queue
[2024-09-20T23:50:13.810+0000] {logging_mixin.py:190} INFO - [2024-09-20T23:50:13.810+0000] {dagbag.py:587} INFO - Filling up the DagBag from /opt/airflow/dags/create_dag_with_python_operator.py
[2024-09-20T23:50:13.889+0000] {processor.py:925} INFO - DAG(s) 'python_operator_v7' retrieved from /opt/airflow/dags/create_dag_with_python_operator.py
[2024-09-20T23:50:13.915+0000] {logging_mixin.py:190} INFO - [2024-09-20T23:50:13.915+0000] {dag.py:3229} INFO - Sync 1 DAGs
[2024-09-20T23:50:13.941+0000] {logging_mixin.py:190} INFO - [2024-09-20T23:50:13.941+0000] {dag.py:4156} INFO - Setting next_dagrun for python_operator_v7 to 2024-09-21 00:00:00+00:00, run_after=2024-09-22 00:00:00+00:00
[2024-09-20T23:50:13.967+0000] {processor.py:208} INFO - Processing /opt/airflow/dags/create_dag_with_python_operator.py took 0.166 seconds
[2024-09-20T23:50:44.583+0000] {processor.py:186} INFO - Started process (PID=5020) to work on /opt/airflow/dags/create_dag_with_python_operator.py
[2024-09-20T23:50:44.586+0000] {processor.py:914} INFO - Processing file /opt/airflow/dags/create_dag_with_python_operator.py for tasks to queue
[2024-09-20T23:50:44.589+0000] {logging_mixin.py:190} INFO - [2024-09-20T23:50:44.588+0000] {dagbag.py:587} INFO - Filling up the DagBag from /opt/airflow/dags/create_dag_with_python_operator.py
[2024-09-20T23:50:44.696+0000] {processor.py:925} INFO - DAG(s) 'python_operator_v7' retrieved from /opt/airflow/dags/create_dag_with_python_operator.py
[2024-09-20T23:50:44.722+0000] {logging_mixin.py:190} INFO - [2024-09-20T23:50:44.722+0000] {dag.py:3229} INFO - Sync 1 DAGs
[2024-09-20T23:50:44.746+0000] {logging_mixin.py:190} INFO - [2024-09-20T23:50:44.746+0000] {dag.py:4156} INFO - Setting next_dagrun for python_operator_v7 to 2024-09-21 00:00:00+00:00, run_after=2024-09-22 00:00:00+00:00
[2024-09-20T23:50:44.771+0000] {processor.py:208} INFO - Processing /opt/airflow/dags/create_dag_with_python_operator.py took 0.194 seconds
[2024-09-20T23:51:15.490+0000] {processor.py:186} INFO - Started process (PID=5033) to work on /opt/airflow/dags/create_dag_with_python_operator.py
[2024-09-20T23:51:15.493+0000] {processor.py:914} INFO - Processing file /opt/airflow/dags/create_dag_with_python_operator.py for tasks to queue
[2024-09-20T23:51:15.496+0000] {logging_mixin.py:190} INFO - [2024-09-20T23:51:15.496+0000] {dagbag.py:587} INFO - Filling up the DagBag from /opt/airflow/dags/create_dag_with_python_operator.py
[2024-09-20T23:51:15.610+0000] {processor.py:925} INFO - DAG(s) 'python_operator_v7' retrieved from /opt/airflow/dags/create_dag_with_python_operator.py
[2024-09-20T23:51:15.651+0000] {logging_mixin.py:190} INFO - [2024-09-20T23:51:15.651+0000] {dag.py:3229} INFO - Sync 1 DAGs
[2024-09-20T23:51:15.677+0000] {logging_mixin.py:190} INFO - [2024-09-20T23:51:15.677+0000] {dag.py:4156} INFO - Setting next_dagrun for python_operator_v7 to 2024-09-21 00:00:00+00:00, run_after=2024-09-22 00:00:00+00:00
[2024-09-20T23:51:15.705+0000] {processor.py:208} INFO - Processing /opt/airflow/dags/create_dag_with_python_operator.py took 0.226 seconds
[2024-09-20T23:51:46.361+0000] {processor.py:186} INFO - Started process (PID=5046) to work on /opt/airflow/dags/create_dag_with_python_operator.py
[2024-09-20T23:51:46.362+0000] {processor.py:914} INFO - Processing file /opt/airflow/dags/create_dag_with_python_operator.py for tasks to queue
[2024-09-20T23:51:46.365+0000] {logging_mixin.py:190} INFO - [2024-09-20T23:51:46.365+0000] {dagbag.py:587} INFO - Filling up the DagBag from /opt/airflow/dags/create_dag_with_python_operator.py
[2024-09-20T23:51:46.472+0000] {processor.py:925} INFO - DAG(s) 'python_operator_v7' retrieved from /opt/airflow/dags/create_dag_with_python_operator.py
[2024-09-20T23:51:46.496+0000] {logging_mixin.py:190} INFO - [2024-09-20T23:51:46.496+0000] {dag.py:3229} INFO - Sync 1 DAGs
[2024-09-20T23:51:46.518+0000] {logging_mixin.py:190} INFO - [2024-09-20T23:51:46.518+0000] {dag.py:4156} INFO - Setting next_dagrun for python_operator_v7 to 2024-09-21 00:00:00+00:00, run_after=2024-09-22 00:00:00+00:00
[2024-09-20T23:51:46.546+0000] {processor.py:208} INFO - Processing /opt/airflow/dags/create_dag_with_python_operator.py took 0.191 seconds
[2024-09-20T23:52:17.183+0000] {processor.py:186} INFO - Started process (PID=5059) to work on /opt/airflow/dags/create_dag_with_python_operator.py
[2024-09-20T23:52:17.185+0000] {processor.py:914} INFO - Processing file /opt/airflow/dags/create_dag_with_python_operator.py for tasks to queue
[2024-09-20T23:52:17.187+0000] {logging_mixin.py:190} INFO - [2024-09-20T23:52:17.186+0000] {dagbag.py:587} INFO - Filling up the DagBag from /opt/airflow/dags/create_dag_with_python_operator.py
[2024-09-20T23:52:17.264+0000] {processor.py:925} INFO - DAG(s) 'python_operator_v7' retrieved from /opt/airflow/dags/create_dag_with_python_operator.py
[2024-09-20T23:52:17.289+0000] {logging_mixin.py:190} INFO - [2024-09-20T23:52:17.289+0000] {dag.py:3229} INFO - Sync 1 DAGs
[2024-09-20T23:52:17.311+0000] {logging_mixin.py:190} INFO - [2024-09-20T23:52:17.311+0000] {dag.py:4156} INFO - Setting next_dagrun for python_operator_v7 to 2024-09-21 00:00:00+00:00, run_after=2024-09-22 00:00:00+00:00
[2024-09-20T23:52:17.346+0000] {processor.py:208} INFO - Processing /opt/airflow/dags/create_dag_with_python_operator.py took 0.168 seconds
[2024-09-20T23:52:47.952+0000] {processor.py:186} INFO - Started process (PID=5072) to work on /opt/airflow/dags/create_dag_with_python_operator.py
[2024-09-20T23:52:47.954+0000] {processor.py:914} INFO - Processing file /opt/airflow/dags/create_dag_with_python_operator.py for tasks to queue
[2024-09-20T23:52:47.955+0000] {logging_mixin.py:190} INFO - [2024-09-20T23:52:47.955+0000] {dagbag.py:587} INFO - Filling up the DagBag from /opt/airflow/dags/create_dag_with_python_operator.py
[2024-09-20T23:52:48.038+0000] {processor.py:925} INFO - DAG(s) 'python_operator_v7' retrieved from /opt/airflow/dags/create_dag_with_python_operator.py
[2024-09-20T23:52:48.066+0000] {logging_mixin.py:190} INFO - [2024-09-20T23:52:48.066+0000] {dag.py:3229} INFO - Sync 1 DAGs
[2024-09-20T23:52:48.097+0000] {logging_mixin.py:190} INFO - [2024-09-20T23:52:48.097+0000] {dag.py:4156} INFO - Setting next_dagrun for python_operator_v7 to 2024-09-21 00:00:00+00:00, run_after=2024-09-22 00:00:00+00:00
[2024-09-20T23:52:48.127+0000] {processor.py:208} INFO - Processing /opt/airflow/dags/create_dag_with_python_operator.py took 0.181 seconds
[2024-09-20T23:53:18.785+0000] {processor.py:186} INFO - Started process (PID=5085) to work on /opt/airflow/dags/create_dag_with_python_operator.py
[2024-09-20T23:53:18.787+0000] {processor.py:914} INFO - Processing file /opt/airflow/dags/create_dag_with_python_operator.py for tasks to queue
[2024-09-20T23:53:18.789+0000] {logging_mixin.py:190} INFO - [2024-09-20T23:53:18.788+0000] {dagbag.py:587} INFO - Filling up the DagBag from /opt/airflow/dags/create_dag_with_python_operator.py
[2024-09-20T23:53:18.867+0000] {processor.py:925} INFO - DAG(s) 'python_operator_v7' retrieved from /opt/airflow/dags/create_dag_with_python_operator.py
[2024-09-20T23:53:18.894+0000] {logging_mixin.py:190} INFO - [2024-09-20T23:53:18.894+0000] {dag.py:3229} INFO - Sync 1 DAGs
[2024-09-20T23:53:18.925+0000] {logging_mixin.py:190} INFO - [2024-09-20T23:53:18.924+0000] {dag.py:4156} INFO - Setting next_dagrun for python_operator_v7 to 2024-09-21 00:00:00+00:00, run_after=2024-09-22 00:00:00+00:00
[2024-09-20T23:53:18.954+0000] {processor.py:208} INFO - Processing /opt/airflow/dags/create_dag_with_python_operator.py took 0.174 seconds
[2024-09-20T23:53:49.660+0000] {processor.py:186} INFO - Started process (PID=5098) to work on /opt/airflow/dags/create_dag_with_python_operator.py
[2024-09-20T23:53:49.662+0000] {processor.py:914} INFO - Processing file /opt/airflow/dags/create_dag_with_python_operator.py for tasks to queue
[2024-09-20T23:53:49.664+0000] {logging_mixin.py:190} INFO - [2024-09-20T23:53:49.663+0000] {dagbag.py:587} INFO - Filling up the DagBag from /opt/airflow/dags/create_dag_with_python_operator.py
[2024-09-20T23:53:49.745+0000] {processor.py:925} INFO - DAG(s) 'python_operator_v7' retrieved from /opt/airflow/dags/create_dag_with_python_operator.py
[2024-09-20T23:53:49.771+0000] {logging_mixin.py:190} INFO - [2024-09-20T23:53:49.771+0000] {dag.py:3229} INFO - Sync 1 DAGs
[2024-09-20T23:53:49.800+0000] {logging_mixin.py:190} INFO - [2024-09-20T23:53:49.800+0000] {dag.py:4156} INFO - Setting next_dagrun for python_operator_v7 to 2024-09-21 00:00:00+00:00, run_after=2024-09-22 00:00:00+00:00
[2024-09-20T23:53:49.833+0000] {processor.py:208} INFO - Processing /opt/airflow/dags/create_dag_with_python_operator.py took 0.180 seconds
[2024-09-20T23:54:20.747+0000] {processor.py:186} INFO - Started process (PID=5111) to work on /opt/airflow/dags/create_dag_with_python_operator.py
[2024-09-20T23:54:20.749+0000] {processor.py:914} INFO - Processing file /opt/airflow/dags/create_dag_with_python_operator.py for tasks to queue
[2024-09-20T23:54:20.754+0000] {logging_mixin.py:190} INFO - [2024-09-20T23:54:20.753+0000] {dagbag.py:587} INFO - Filling up the DagBag from /opt/airflow/dags/create_dag_with_python_operator.py
[2024-09-20T23:54:20.827+0000] {processor.py:925} INFO - DAG(s) 'python_operator_v7' retrieved from /opt/airflow/dags/create_dag_with_python_operator.py
[2024-09-20T23:54:20.858+0000] {logging_mixin.py:190} INFO - [2024-09-20T23:54:20.857+0000] {dag.py:3229} INFO - Sync 1 DAGs
[2024-09-20T23:54:20.880+0000] {logging_mixin.py:190} INFO - [2024-09-20T23:54:20.880+0000] {dag.py:4156} INFO - Setting next_dagrun for python_operator_v7 to 2024-09-21 00:00:00+00:00, run_after=2024-09-22 00:00:00+00:00
[2024-09-20T23:54:20.908+0000] {processor.py:208} INFO - Processing /opt/airflow/dags/create_dag_with_python_operator.py took 0.168 seconds
[2024-09-20T23:54:51.677+0000] {processor.py:186} INFO - Started process (PID=5124) to work on /opt/airflow/dags/create_dag_with_python_operator.py
[2024-09-20T23:54:51.678+0000] {processor.py:914} INFO - Processing file /opt/airflow/dags/create_dag_with_python_operator.py for tasks to queue
[2024-09-20T23:54:51.681+0000] {logging_mixin.py:190} INFO - [2024-09-20T23:54:51.680+0000] {dagbag.py:587} INFO - Filling up the DagBag from /opt/airflow/dags/create_dag_with_python_operator.py
[2024-09-20T23:54:51.818+0000] {processor.py:925} INFO - DAG(s) 'python_operator_v7' retrieved from /opt/airflow/dags/create_dag_with_python_operator.py
[2024-09-20T23:54:51.845+0000] {logging_mixin.py:190} INFO - [2024-09-20T23:54:51.844+0000] {dag.py:3229} INFO - Sync 1 DAGs
[2024-09-20T23:54:51.865+0000] {logging_mixin.py:190} INFO - [2024-09-20T23:54:51.865+0000] {dag.py:4156} INFO - Setting next_dagrun for python_operator_v7 to 2024-09-21 00:00:00+00:00, run_after=2024-09-22 00:00:00+00:00
[2024-09-20T23:54:51.891+0000] {processor.py:208} INFO - Processing /opt/airflow/dags/create_dag_with_python_operator.py took 0.219 seconds
[2024-09-20T23:55:22.540+0000] {processor.py:186} INFO - Started process (PID=5137) to work on /opt/airflow/dags/create_dag_with_python_operator.py
[2024-09-20T23:55:22.542+0000] {processor.py:914} INFO - Processing file /opt/airflow/dags/create_dag_with_python_operator.py for tasks to queue
[2024-09-20T23:55:22.545+0000] {logging_mixin.py:190} INFO - [2024-09-20T23:55:22.544+0000] {dagbag.py:587} INFO - Filling up the DagBag from /opt/airflow/dags/create_dag_with_python_operator.py
[2024-09-20T23:55:22.654+0000] {processor.py:925} INFO - DAG(s) 'python_operator_v7' retrieved from /opt/airflow/dags/create_dag_with_python_operator.py
[2024-09-20T23:55:22.682+0000] {logging_mixin.py:190} INFO - [2024-09-20T23:55:22.682+0000] {dag.py:3229} INFO - Sync 1 DAGs
[2024-09-20T23:55:22.708+0000] {logging_mixin.py:190} INFO - [2024-09-20T23:55:22.708+0000] {dag.py:4156} INFO - Setting next_dagrun for python_operator_v7 to 2024-09-21 00:00:00+00:00, run_after=2024-09-22 00:00:00+00:00
[2024-09-20T23:55:22.733+0000] {processor.py:208} INFO - Processing /opt/airflow/dags/create_dag_with_python_operator.py took 0.199 seconds
[2024-09-20T23:55:53.479+0000] {processor.py:186} INFO - Started process (PID=5150) to work on /opt/airflow/dags/create_dag_with_python_operator.py
[2024-09-20T23:55:53.482+0000] {processor.py:914} INFO - Processing file /opt/airflow/dags/create_dag_with_python_operator.py for tasks to queue
[2024-09-20T23:55:53.487+0000] {logging_mixin.py:190} INFO - [2024-09-20T23:55:53.486+0000] {dagbag.py:587} INFO - Filling up the DagBag from /opt/airflow/dags/create_dag_with_python_operator.py
[2024-09-20T23:55:53.600+0000] {processor.py:925} INFO - DAG(s) 'python_operator_v7' retrieved from /opt/airflow/dags/create_dag_with_python_operator.py
[2024-09-20T23:55:53.631+0000] {logging_mixin.py:190} INFO - [2024-09-20T23:55:53.631+0000] {dag.py:3229} INFO - Sync 1 DAGs
[2024-09-20T23:55:53.656+0000] {logging_mixin.py:190} INFO - [2024-09-20T23:55:53.656+0000] {dag.py:4156} INFO - Setting next_dagrun for python_operator_v7 to 2024-09-21 00:00:00+00:00, run_after=2024-09-22 00:00:00+00:00
[2024-09-20T23:55:53.682+0000] {processor.py:208} INFO - Processing /opt/airflow/dags/create_dag_with_python_operator.py took 0.215 seconds
[2024-09-20T23:56:24.135+0000] {processor.py:186} INFO - Started process (PID=5163) to work on /opt/airflow/dags/create_dag_with_python_operator.py
[2024-09-20T23:56:24.136+0000] {processor.py:914} INFO - Processing file /opt/airflow/dags/create_dag_with_python_operator.py for tasks to queue
[2024-09-20T23:56:24.138+0000] {logging_mixin.py:190} INFO - [2024-09-20T23:56:24.138+0000] {dagbag.py:587} INFO - Filling up the DagBag from /opt/airflow/dags/create_dag_with_python_operator.py
[2024-09-20T23:56:24.226+0000] {processor.py:925} INFO - DAG(s) 'python_operator_v7' retrieved from /opt/airflow/dags/create_dag_with_python_operator.py
[2024-09-20T23:56:24.254+0000] {logging_mixin.py:190} INFO - [2024-09-20T23:56:24.254+0000] {dag.py:3229} INFO - Sync 1 DAGs
[2024-09-20T23:56:24.276+0000] {logging_mixin.py:190} INFO - [2024-09-20T23:56:24.276+0000] {dag.py:4156} INFO - Setting next_dagrun for python_operator_v7 to 2024-09-21 00:00:00+00:00, run_after=2024-09-22 00:00:00+00:00
[2024-09-20T23:56:24.301+0000] {processor.py:208} INFO - Processing /opt/airflow/dags/create_dag_with_python_operator.py took 0.171 seconds
[2024-09-20T23:56:55.003+0000] {processor.py:186} INFO - Started process (PID=5176) to work on /opt/airflow/dags/create_dag_with_python_operator.py
[2024-09-20T23:56:55.006+0000] {processor.py:914} INFO - Processing file /opt/airflow/dags/create_dag_with_python_operator.py for tasks to queue
[2024-09-20T23:56:55.009+0000] {logging_mixin.py:190} INFO - [2024-09-20T23:56:55.008+0000] {dagbag.py:587} INFO - Filling up the DagBag from /opt/airflow/dags/create_dag_with_python_operator.py
[2024-09-20T23:56:55.099+0000] {processor.py:925} INFO - DAG(s) 'python_operator_v7' retrieved from /opt/airflow/dags/create_dag_with_python_operator.py
[2024-09-20T23:56:55.128+0000] {logging_mixin.py:190} INFO - [2024-09-20T23:56:55.128+0000] {dag.py:3229} INFO - Sync 1 DAGs
[2024-09-20T23:56:55.154+0000] {logging_mixin.py:190} INFO - [2024-09-20T23:56:55.154+0000] {dag.py:4156} INFO - Setting next_dagrun for python_operator_v7 to 2024-09-21 00:00:00+00:00, run_after=2024-09-22 00:00:00+00:00
[2024-09-20T23:56:55.181+0000] {processor.py:208} INFO - Processing /opt/airflow/dags/create_dag_with_python_operator.py took 0.192 seconds
[2024-09-20T23:57:25.893+0000] {processor.py:186} INFO - Started process (PID=5189) to work on /opt/airflow/dags/create_dag_with_python_operator.py
[2024-09-20T23:57:25.895+0000] {processor.py:914} INFO - Processing file /opt/airflow/dags/create_dag_with_python_operator.py for tasks to queue
[2024-09-20T23:57:25.899+0000] {logging_mixin.py:190} INFO - [2024-09-20T23:57:25.898+0000] {dagbag.py:587} INFO - Filling up the DagBag from /opt/airflow/dags/create_dag_with_python_operator.py
[2024-09-20T23:57:25.991+0000] {processor.py:925} INFO - DAG(s) 'python_operator_v7' retrieved from /opt/airflow/dags/create_dag_with_python_operator.py
[2024-09-20T23:57:26.024+0000] {logging_mixin.py:190} INFO - [2024-09-20T23:57:26.024+0000] {dag.py:3229} INFO - Sync 1 DAGs
[2024-09-20T23:57:26.048+0000] {logging_mixin.py:190} INFO - [2024-09-20T23:57:26.048+0000] {dag.py:4156} INFO - Setting next_dagrun for python_operator_v7 to 2024-09-21 00:00:00+00:00, run_after=2024-09-22 00:00:00+00:00
[2024-09-20T23:57:26.076+0000] {processor.py:208} INFO - Processing /opt/airflow/dags/create_dag_with_python_operator.py took 0.189 seconds
[2024-09-20T23:57:56.732+0000] {processor.py:186} INFO - Started process (PID=5202) to work on /opt/airflow/dags/create_dag_with_python_operator.py
[2024-09-20T23:57:56.734+0000] {processor.py:914} INFO - Processing file /opt/airflow/dags/create_dag_with_python_operator.py for tasks to queue
[2024-09-20T23:57:56.735+0000] {logging_mixin.py:190} INFO - [2024-09-20T23:57:56.735+0000] {dagbag.py:587} INFO - Filling up the DagBag from /opt/airflow/dags/create_dag_with_python_operator.py
[2024-09-20T23:57:56.824+0000] {processor.py:925} INFO - DAG(s) 'python_operator_v7' retrieved from /opt/airflow/dags/create_dag_with_python_operator.py
[2024-09-20T23:57:56.852+0000] {logging_mixin.py:190} INFO - [2024-09-20T23:57:56.851+0000] {dag.py:3229} INFO - Sync 1 DAGs
[2024-09-20T23:57:56.880+0000] {logging_mixin.py:190} INFO - [2024-09-20T23:57:56.879+0000] {dag.py:4156} INFO - Setting next_dagrun for python_operator_v7 to 2024-09-21 00:00:00+00:00, run_after=2024-09-22 00:00:00+00:00
[2024-09-20T23:57:56.909+0000] {processor.py:208} INFO - Processing /opt/airflow/dags/create_dag_with_python_operator.py took 0.182 seconds
[2024-09-20T23:58:27.687+0000] {processor.py:186} INFO - Started process (PID=5215) to work on /opt/airflow/dags/create_dag_with_python_operator.py
[2024-09-20T23:58:27.689+0000] {processor.py:914} INFO - Processing file /opt/airflow/dags/create_dag_with_python_operator.py for tasks to queue
[2024-09-20T23:58:27.692+0000] {logging_mixin.py:190} INFO - [2024-09-20T23:58:27.691+0000] {dagbag.py:587} INFO - Filling up the DagBag from /opt/airflow/dags/create_dag_with_python_operator.py
[2024-09-20T23:58:27.790+0000] {processor.py:925} INFO - DAG(s) 'python_operator_v7' retrieved from /opt/airflow/dags/create_dag_with_python_operator.py
[2024-09-20T23:58:27.832+0000] {logging_mixin.py:190} INFO - [2024-09-20T23:58:27.832+0000] {dag.py:3229} INFO - Sync 1 DAGs
[2024-09-20T23:58:27.857+0000] {logging_mixin.py:190} INFO - [2024-09-20T23:58:27.857+0000] {dag.py:4156} INFO - Setting next_dagrun for python_operator_v7 to 2024-09-21 00:00:00+00:00, run_after=2024-09-22 00:00:00+00:00
[2024-09-20T23:58:27.883+0000] {processor.py:208} INFO - Processing /opt/airflow/dags/create_dag_with_python_operator.py took 0.211 seconds
[2024-09-20T23:58:58.551+0000] {processor.py:186} INFO - Started process (PID=5228) to work on /opt/airflow/dags/create_dag_with_python_operator.py
[2024-09-20T23:58:58.552+0000] {processor.py:914} INFO - Processing file /opt/airflow/dags/create_dag_with_python_operator.py for tasks to queue
[2024-09-20T23:58:58.554+0000] {logging_mixin.py:190} INFO - [2024-09-20T23:58:58.553+0000] {dagbag.py:587} INFO - Filling up the DagBag from /opt/airflow/dags/create_dag_with_python_operator.py
[2024-09-20T23:58:58.626+0000] {processor.py:925} INFO - DAG(s) 'python_operator_v7' retrieved from /opt/airflow/dags/create_dag_with_python_operator.py
[2024-09-20T23:58:58.651+0000] {logging_mixin.py:190} INFO - [2024-09-20T23:58:58.651+0000] {dag.py:3229} INFO - Sync 1 DAGs
[2024-09-20T23:58:58.672+0000] {logging_mixin.py:190} INFO - [2024-09-20T23:58:58.672+0000] {dag.py:4156} INFO - Setting next_dagrun for python_operator_v7 to 2024-09-21 00:00:00+00:00, run_after=2024-09-22 00:00:00+00:00
[2024-09-20T23:58:58.697+0000] {processor.py:208} INFO - Processing /opt/airflow/dags/create_dag_with_python_operator.py took 0.152 seconds
[2024-09-20T23:59:29.393+0000] {processor.py:186} INFO - Started process (PID=5241) to work on /opt/airflow/dags/create_dag_with_python_operator.py
[2024-09-20T23:59:29.395+0000] {processor.py:914} INFO - Processing file /opt/airflow/dags/create_dag_with_python_operator.py for tasks to queue
[2024-09-20T23:59:29.397+0000] {logging_mixin.py:190} INFO - [2024-09-20T23:59:29.396+0000] {dagbag.py:587} INFO - Filling up the DagBag from /opt/airflow/dags/create_dag_with_python_operator.py
[2024-09-20T23:59:29.497+0000] {processor.py:925} INFO - DAG(s) 'python_operator_v7' retrieved from /opt/airflow/dags/create_dag_with_python_operator.py
[2024-09-20T23:59:29.524+0000] {logging_mixin.py:190} INFO - [2024-09-20T23:59:29.524+0000] {dag.py:3229} INFO - Sync 1 DAGs
[2024-09-20T23:59:29.547+0000] {logging_mixin.py:190} INFO - [2024-09-20T23:59:29.547+0000] {dag.py:4156} INFO - Setting next_dagrun for python_operator_v7 to 2024-09-21 00:00:00+00:00, run_after=2024-09-22 00:00:00+00:00
[2024-09-20T23:59:29.575+0000] {processor.py:208} INFO - Processing /opt/airflow/dags/create_dag_with_python_operator.py took 0.187 seconds
